"design_id","scenario_id_module","innovation_module","module","panel","series","phi_module","N_module","M_module","Q_module","x_order","alpha_nominal","C_nominal","note","innovation_label_module","dist_code","skewness","excess_kurtosis","assumption_status_module","severity_group","phi_label_module","alpha_effective","L_module","seed","scenario_id_result","innovation_result","innovation_label_result","assumption_status_result","phi_result","phi_label_result","N_result","M_result","Q_result","L_result","B_point","burn_in","b_true","mean_b_hat","bias_b_hat","rmse_b_hat","nu_true","mean_nu_hat","bias_nu_hat","rmse_nu_hat","sigma_nonpositive_rate","truncation_rate","convex_failure_rate"
"gaussian_phi050_N64_M4_Q16","gaussian_phi050_N64","gaussian","block_power","alpha_1_3","alpha = 1/3",0.5,64,4,16,64,0.333333333333333,NA,"M = N^(1/3)","Gaussian",1,0,0,"inside formal moment assumptions","regular","phi = 0.5",0.333333333333333,2,2140086795,"gaussian_phi050_N64","gaussian","Gaussian","inside formal moment assumptions",0.5,"phi = 0.5",64,4,16,2,100000,0,1.33333333333333,0.740849780435216,-0.592483552898117,0.622308233195423,0.702127659574468,0.824193189222823,0.122065529648355,0.130237574169876,0,3e-05,9e-05
"gaussian_phi050_N64_M4_Q16","gaussian_phi050_N64","gaussian","constant_sensitivity","N_64","N = 64",0.5,64,4,16,0.5,0.5,0.5,"M = C sqrt(N)","Gaussian",1,0,0,"inside formal moment assumptions","regular","phi = 0.5",0.333333333333333,2,2140086795,"gaussian_phi050_N64","gaussian","Gaussian","inside formal moment assumptions",0.5,"phi = 0.5",64,4,16,2,100000,0,1.33333333333333,0.740849780435216,-0.592483552898117,0.622308233195423,0.702127659574468,0.824193189222823,0.122065529648355,0.130237574169876,0,3e-05,9e-05
"gaussian_phi050_N64_M8_Q8","gaussian_phi050_N64","gaussian","regular_distribution_dependence","gaussian_phi_0.5","gaussian, phi = 0.5",0.5,64,8,8,64,0.5,NA,"Balanced distribution/dependence design","Gaussian",1,0,0,"inside formal moment assumptions","regular","phi = 0.5",0.5,4,2140086795,"gaussian_phi050_N64","gaussian","Gaussian","inside formal moment assumptions",0.5,"phi = 0.5",64,8,8,4,100000,0,1.33333333333333,0.845608031166685,-0.487725302166648,0.980020560515571,0.851728723404255,0.90502762166816,0.0532988982639048,0.106827184303889,0.00012,0.00536,0.01142
"gaussian_phi050_N64_M8_Q8","gaussian_phi050_N64","gaussian","constant_sensitivity","N_64","N = 64",0.5,64,8,8,1,0.5,1,"M = C sqrt(N)","Gaussian",1,0,0,"inside formal moment assumptions","regular","phi = 0.5",0.5,4,2140086795,"gaussian_phi050_N64","gaussian","Gaussian","inside formal moment assumptions",0.5,"phi = 0.5",64,8,8,4,100000,0,1.33333333333333,0.845608031166685,-0.487725302166648,0.980020560515571,0.851728723404255,0.90502762166816,0.0532988982639048,0.106827184303889,0.00012,0.00536,0.01142
"gaussian_phi050_N64_M8_Q8","gaussian_phi050_N64","gaussian","block_power","alpha_1_2","alpha = 1/2",0.5,64,8,8,64,0.5,NA,"M = Q = sqrt(N)","Gaussian",1,0,0,"inside formal moment assumptions","regular","phi = 0.5",0.5,4,2140086795,"gaussian_phi050_N64","gaussian","Gaussian","inside formal moment assumptions",0.5,"phi = 0.5",64,8,8,4,100000,0,1.33333333333333,0.845608031166685,-0.487725302166648,0.980020560515571,0.851728723404255,0.90502762166816,0.0532988982639048,0.106827184303889,0.00012,0.00536,0.01142
"gaussian_phi050_N64_M16_Q4","gaussian_phi050_N64","gaussian","constant_sensitivity","N_64","N = 64",0.5,64,16,4,2,0.5,2,"M = C sqrt(N)","Gaussian",1,0,0,"inside formal moment assumptions","regular","phi = 0.5",0.666666666666667,5,2140086795,"gaussian_phi050_N64","gaussian","Gaussian","inside formal moment assumptions",0.5,"phi = 0.5",64,16,4,5,100000,0,1.33333333333333,0.729489313105678,-0.603844020227656,1.48792196656951,0.936171511386303,0.964067828936342,0.0278963175500384,0.0684685011130697,0.00096,0.01597,0.13618
"gaussian_phi050_N64_M16_Q4","gaussian_phi050_N64","gaussian","block_power","alpha_2_3","alpha = 2/3",0.5,64,16,4,64,0.666666666666667,NA,"M = N^(2/3); smallest Q values are boundary designs","Gaussian",1,0,0,"inside formal moment assumptions","regular","phi = 0.5",0.666666666666667,5,2140086795,"gaussian_phi050_N64","gaussian","Gaussian","inside formal moment assumptions",0.5,"phi = 0.5",64,16,4,5,100000,0,1.33333333333333,0.729489313105678,-0.603844020227656,1.48792196656951,0.936171511386303,0.964067828936342,0.0278963175500384,0.0684685011130697,0.00096,0.01597,0.13618
"gaussian_phi050_N125_M25_Q5","gaussian_phi050_N125","gaussian","block_power","alpha_2_3","alpha = 2/3",0.5,125,25,5,125,0.666666666666667,NA,"M = N^(2/3); smallest Q values are boundary designs","Gaussian",1,0,0,"inside formal moment assumptions","regular","phi = 0.5",0.666666666666667,7,53603332,"gaussian_phi050_N125","gaussian","Gaussian","inside formal moment assumptions",0.5,"phi = 0.5",125,25,5,7,100000,0,1.33333333333333,0.735440250796699,-0.597893082536635,1.85698084234658,0.956873316970476,0.97554281156845,0.018669494597975,0.0584776943851268,0.00024,0.01172,0.06654
"gaussian_phi050_N125_M5_Q25","gaussian_phi050_N125","gaussian","block_power","alpha_1_3","alpha = 1/3",0.5,125,5,25,125,0.333333333333333,NA,"M = N^(1/3)","Gaussian",1,0,0,"inside formal moment assumptions","regular","phi = 0.5",0.333333333333333,2,53603332,"gaussian_phi050_N125","gaussian","Gaussian","inside formal moment assumptions",0.5,"phi = 0.5",125,5,25,2,100000,0,1.33333333333333,0.770683645786047,-0.562649687547287,0.575475572814174,0.74966307277628,0.851087949755544,0.101424876979264,0.104103224107544,0,0,0
"gaussian_phi050_N216_M36_Q6","gaussian_phi050_N216","gaussian","block_power","alpha_2_3","alpha = 2/3",0.5,216,36,6,216,0.666666666666667,NA,"M = N^(2/3); smallest Q values are boundary designs","Gaussian",1,0,0,"inside formal moment assumptions","regular","phi = 0.5",0.666666666666667,9,144603605,"gaussian_phi050_N216","gaussian","Gaussian","inside formal moment assumptions",0.5,"phi = 0.5",216,36,6,9,100000,0,1.33333333333333,0.744011543044238,-0.589321790289096,2.12516263038585,0.968944099379424,0.98227456089561,0.0133304615161859,0.0486173981718984,5e-05,0.00735,0.03397
"gaussian_phi050_N216_M6_Q36","gaussian_phi050_N216","gaussian","block_power","alpha_1_3","alpha = 1/3",0.5,216,6,36,216,0.333333333333333,NA,"M = N^(1/3)","Gaussian",1,0,0,"inside formal moment assumptions","regular","phi = 0.5",0.333333333333333,3,144603605,"gaussian_phi050_N216","gaussian","Gaussian","inside formal moment assumptions",0.5,"phi = 0.5",216,6,36,3,100000,0,1.33333333333333,0.962546285123913,-0.37078704820942,0.415404872971596,0.78610248447205,0.843307063139219,0.0572045786671693,0.0648723095376845,0,0,0
"gaussian_phi050_N512_M8_Q64","gaussian_phi050_N512","gaussian","block_power","alpha_1_3","alpha = 1/3",0.5,512,8,64,512,0.333333333333333,NA,"M = N^(1/3)","Gaussian",1,0,0,"inside formal moment assumptions","regular","phi = 0.5",0.333333333333333,4,440604493,"gaussian_phi050_N512","gaussian","Gaussian","inside formal moment assumptions",0.5,"phi = 0.5",512,8,64,4,100000,0,1.33333333333333,1.10046235932177,-0.232870974011564,0.310305354944007,0.836161879895561,0.864289709056487,0.0281278291609257,0.0378567489681177,0,0,0
"gaussian_phi050_N512_M64_Q8","gaussian_phi050_N512","gaussian","block_power","alpha_2_3","alpha = 2/3",0.5,512,64,8,512,0.666666666666667,NA,"M = N^(2/3); smallest Q values are boundary designs","Gaussian",1,0,0,"inside formal moment assumptions","regular","phi = 0.5",0.666666666666667,11,440604493,"gaussian_phi050_N512","gaussian","Gaussian","inside formal moment assumptions",0.5,"phi = 0.5",512,64,8,11,100000,0,1.33333333333333,0.954442493415895,-0.378890839917438,1.73623423788323,0.981723237597911,0.986849934246218,0.00512669664830689,0.023688455544264,0,0.00066,0.00848
"gaussian_phi050_N1000_M10_Q100","gaussian_phi050_N1000","gaussian","block_power","alpha_1_3","alpha = 1/3",0.5,1000,10,100,1000,0.333333333333333,NA,"M = N^(1/3)","Gaussian",1,0,0,"inside formal moment assumptions","regular","phi = 0.5",0.333333333333333,5,928605957,"gaussian_phi050_N1000","gaussian","Gaussian","inside formal moment assumptions",0.5,"phi = 0.5",1000,10,100,5,100000,0,1.33333333333333,1.18687460259469,-0.146458730738643,0.268367425065175,0.867954147196262,0.882354766403694,0.0144006192074326,0.0265567163262357,0,0,0
"gaussian_phi050_N1000_M100_Q10","gaussian_phi050_N1000","gaussian","block_power","alpha_2_3","alpha = 2/3",0.5,1000,100,10,1000,0.666666666666667,NA,"M = N^(2/3); smallest Q values are boundary designs","Gaussian",1,0,0,"inside formal moment assumptions","regular","phi = 0.5",0.666666666666667,13,928605957,"gaussian_phi050_N1000","gaussian","Gaussian","inside formal moment assumptions",0.5,"phi = 0.5",1000,100,10,13,100000,0,1.33333333333333,1.06582437221162,-0.267508961121713,1.52866564505635,0.987983978638184,0.990376930103864,0.00239295146567964,0.0137598944500078,0,5e-05,0.00216
"gaussian_phi050_N4096_M64_Q64","gaussian_phi050_N4096","gaussian","block_power","alpha_1_2","alpha = 1/2",0.5,4096,64,64,4096,0.5,NA,"M = Q = sqrt(N)","Gaussian",1,0,0,"inside formal moment assumptions","regular","phi = 0.5",0.5,17,1877131599,"gaussian_phi050_N4096","gaussian","Gaussian","inside formal moment assumptions",0.5,"phi = 0.5",4096,64,64,17,100000,0,1.33333333333333,1.2163191287466,-0.117014204586738,1.0985478495171,0.979485509605992,0.981281925933559,0.00179641632756755,0.0169035166916982,0,0,0
"gaussian_phi050_N4096_M64_Q64","gaussian_phi050_N4096","gaussian","regular_distribution_dependence","gaussian_phi_0.5","gaussian, phi = 0.5",0.5,4096,64,64,4096,0.5,NA,"Balanced distribution/dependence design","Gaussian",1,0,0,"inside formal moment assumptions","regular","phi = 0.5",0.5,17,1877131599,"gaussian_phi050_N4096","gaussian","Gaussian","inside formal moment assumptions",0.5,"phi = 0.5",4096,64,64,17,100000,0,1.33333333333333,1.2163191287466,-0.117014204586738,1.0985478495171,0.979485509605992,0.981281925933559,0.00179641632756755,0.0169035166916982,0,0,0
"gaussian_phi050_N4096_M64_Q64","gaussian_phi050_N4096","gaussian","fixed_N_sweep","N_4096","N = 4096",0.5,4096,64,64,64,NA,NA,"Direct fixed-N block-length comparison","Gaussian",1,0,0,"inside formal moment assumptions","regular","phi = 0.5",0.5,17,1877131599,"gaussian_phi050_N4096","gaussian","Gaussian","inside formal moment assumptions",0.5,"phi = 0.5",4096,64,64,17,100000,0,1.33333333333333,1.2163191287466,-0.117014204586738,1.0985478495171,0.979485509605992,0.981281925933559,0.00179641632756755,0.0169035166916982,0,0,0
"gaussian_phi050_N4096_M64_Q64","gaussian_phi050_N4096","gaussian","fixed_N_distribution_dependence","gaussian_phi_0.5","gaussian, phi = 0.5",0.5,4096,64,64,64,NA,NA,"Fixed N=4096 distribution/dependence block comparison","Gaussian",1,0,0,"inside formal moment assumptions","regular","phi = 0.5",0.5,17,1877131599,"gaussian_phi050_N4096","gaussian","Gaussian","inside formal moment assumptions",0.5,"phi = 0.5",4096,64,64,17,100000,0,1.33333333333333,1.2163191287466,-0.117014204586738,1.0985478495171,0.979485509605992,0.981281925933559,0.00179641632756755,0.0169035166916982,0,0,0
"gaussian_phi050_N4096_M64_Q64","gaussian_phi050_N4096","gaussian","constant_sensitivity","N_4096","N = 4096",0.5,4096,64,64,1,0.5,1,"M = C sqrt(N)","Gaussian",1,0,0,"inside formal moment assumptions","regular","phi = 0.5",0.5,17,1877131599,"gaussian_phi050_N4096","gaussian","Gaussian","inside formal moment assumptions",0.5,"phi = 0.5",4096,64,64,17,100000,0,1.33333333333333,1.2163191287466,-0.117014204586738,1.0985478495171,0.979485509605992,0.981281925933559,0.00179641632756755,0.0169035166916982,0,0,0
"gaussian_phi050_N4096_M16_Q256","gaussian_phi050_N4096","gaussian","fixed_N_sweep","N_4096","N = 4096",0.5,4096,16,256,16,NA,NA,"Direct fixed-N block-length comparison","Gaussian",1,0,0,"inside formal moment assumptions","regular","phi = 0.5",0.333333333333333,8,1877131599,"gaussian_phi050_N4096","gaussian","Gaussian","inside formal moment assumptions",0.5,"phi = 0.5",4096,16,256,8,100000,0,1.33333333333333,1.29059280537853,-0.0427405279548003,0.278561749247117,0.916966429908824,0.919626558903308,0.00266012899448353,0.0173522427226455,0,0,0
"gaussian_phi050_N4096_M16_Q256","gaussian_phi050_N4096","gaussian","fixed_N_distribution_dependence","gaussian_phi_0.5","gaussian, phi = 0.5",0.5,4096,16,256,16,NA,NA,"Fixed N=4096 distribution/dependence block comparison","Gaussian",1,0,0,"inside formal moment assumptions","regular","phi = 0.5",0.333333333333333,8,1877131599,"gaussian_phi050_N4096","gaussian","Gaussian","inside formal moment assumptions",0.5,"phi = 0.5",4096,16,256,8,100000,0,1.33333333333333,1.29059280537853,-0.0427405279548003,0.278561749247117,0.916966429908824,0.919626558903308,0.00266012899448353,0.0173522427226455,0,0,0
"gaussian_phi050_N4096_M16_Q256","gaussian_phi050_N4096","gaussian","block_power","alpha_1_3","alpha = 1/3",0.5,4096,16,256,4096,0.333333333333333,NA,"M = N^(1/3)","Gaussian",1,0,0,"inside formal moment assumptions","regular","phi = 0.5",0.333333333333333,8,1877131599,"gaussian_phi050_N4096","gaussian","Gaussian","inside formal moment assumptions",0.5,"phi = 0.5",4096,16,256,8,100000,0,1.33333333333333,1.29059280537853,-0.0427405279548003,0.278561749247117,0.916966429908824,0.919626558903308,0.00266012899448353,0.0173522427226455,0,0,0
"gaussian_phi050_N4096_M256_Q16","gaussian_phi050_N4096","gaussian","fixed_N_sweep","N_4096","N = 4096",0.5,4096,256,16,256,NA,NA,"Direct fixed-N block-length comparison","Gaussian",1,0,0,"inside formal moment assumptions","regular","phi = 0.5",0.666666666666667,17,1877131599,"gaussian_phi050_N4096","gaussian","Gaussian","inside formal moment assumptions",0.5,"phi = 0.5",4096,256,16,17,100000,0,1.33333333333333,1.2163191287466,-0.117014204586738,1.0985478495171,0.995115597525236,0.995543315698466,0.000427718173230174,0.00402464683135673,0,0,9e-05
"gaussian_phi050_N4096_M256_Q16","gaussian_phi050_N4096","gaussian","fixed_N_distribution_dependence","gaussian_phi_0.5","gaussian, phi = 0.5",0.5,4096,256,16,256,NA,NA,"Fixed N=4096 distribution/dependence block comparison","Gaussian",1,0,0,"inside formal moment assumptions","regular","phi = 0.5",0.666666666666667,17,1877131599,"gaussian_phi050_N4096","gaussian","Gaussian","inside formal moment assumptions",0.5,"phi = 0.5",4096,256,16,17,100000,0,1.33333333333333,1.2163191287466,-0.117014204586738,1.0985478495171,0.995115597525236,0.995543315698466,0.000427718173230174,0.00402464683135673,0,0,9e-05
"gaussian_phi050_N4096_M256_Q16","gaussian_phi050_N4096","gaussian","block_power","alpha_2_3","alpha = 2/3",0.5,4096,256,16,4096,0.666666666666667,NA,"M = N^(2/3); smallest Q values are boundary designs","Gaussian",1,0,0,"inside formal moment assumptions","regular","phi = 0.5",0.666666666666667,17,1877131599,"gaussian_phi050_N4096","gaussian","Gaussian","inside formal moment assumptions",0.5,"phi = 0.5",4096,256,16,17,100000,0,1.33333333333333,1.2163191287466,-0.117014204586738,1.0985478495171,0.995115597525236,0.995543315698466,0.000427718173230174,0.00402464683135673,0,0,9e-05
"gaussian_phi050_N4096_M32_Q128","gaussian_phi050_N4096","gaussian","constant_sensitivity","N_4096","N = 4096",0.5,4096,32,128,0.5,0.5,0.5,"M = C sqrt(N)","Gaussian",1,0,0,"inside formal moment assumptions","regular","phi = 0.5",0.416666666666667,16,1877131599,"gaussian_phi050_N4096","gaussian","Gaussian","inside formal moment assumptions",0.5,"phi = 0.5",4096,32,128,16,100000,0,1.33333333333333,1.23057374204725,-0.102759591286086,0.989673323459081,0.958645392390037,0.961826197220202,0.00318080483016558,0.0306991478974221,0,0,0
"gaussian_phi050_N4096_M32_Q128","gaussian_phi050_N4096","gaussian","fixed_N_sweep","N_4096","N = 4096",0.5,4096,32,128,32,NA,NA,"Direct fixed-N block-length comparison","Gaussian",1,0,0,"inside formal moment assumptions","regular","phi = 0.5",0.416666666666667,16,1877131599,"gaussian_phi050_N4096","gaussian","Gaussian","inside formal moment assumptions",0.5,"phi = 0.5",4096,32,128,16,100000,0,1.33333333333333,1.23057374204725,-0.102759591286086,0.989673323459081,0.958645392390037,0.961826197220202,0.00318080483016558,0.0306991478974221,0,0,0
"gaussian_phi050_N4096_M8_Q512","gaussian_phi050_N4096","gaussian","fixed_N_sweep","N_4096","N = 4096",0.5,4096,8,512,8,NA,NA,"Direct fixed-N block-length comparison","Gaussian",1,0,0,"inside formal moment assumptions","regular","phi = 0.5",0.25,4,1877131599,"gaussian_phi050_N4096","gaussian","Gaussian","inside formal moment assumptions",0.5,"phi = 0.5",4096,8,512,4,100000,0,1.33333333333333,1.12647515567367,-0.206858177659659,0.218225781836242,0.834255942689678,0.859426816425543,0.0251708737358654,0.0266244876866827,0,0,0
"gaussian_phi050_N4096_M128_Q32","gaussian_phi050_N4096","gaussian","constant_sensitivity","N_4096","N = 4096",0.5,4096,128,32,2,0.5,2,"M = C sqrt(N)","Gaussian",1,0,0,"inside formal moment assumptions","regular","phi = 0.5",0.583333333333333,17,1877131599,"gaussian_phi050_N4096","gaussian","Gaussian","inside formal moment assumptions",0.5,"phi = 0.5",4096,128,32,17,100000,0,1.33333333333333,1.2163191287466,-0.117014204586738,1.0985478495171,0.989905568218821,0.990789519110164,0.000883950891342522,0.00831760345147056,0,0,0
"gaussian_phi050_N4096_M128_Q32","gaussian_phi050_N4096","gaussian","fixed_N_sweep","N_4096","N = 4096",0.5,4096,128,32,128,NA,NA,"Direct fixed-N block-length comparison","Gaussian",1,0,0,"inside formal moment assumptions","regular","phi = 0.5",0.583333333333333,17,1877131599,"gaussian_phi050_N4096","gaussian","Gaussian","inside formal moment assumptions",0.5,"phi = 0.5",4096,128,32,17,100000,0,1.33333333333333,1.2163191287466,-0.117014204586738,1.0985478495171,0.989905568218821,0.990789519110164,0.000883950891342522,0.00831760345147056,0,0,0
"gaussian_phi050_N8000_M400_Q20","gaussian_phi050_N8000","gaussian","block_power","alpha_2_3","alpha = 2/3",0.5,8000,400,20,8000,0.666666666666667,NA,"M = N^(2/3); smallest Q values are boundary designs","Gaussian",1,0,0,"inside formal moment assumptions","regular","phi = 0.5",0.666666666666667,19,1486176019,"gaussian_phi050_N8000","gaussian","Gaussian","inside formal moment assumptions",0.5,"phi = 0.5",8000,400,20,19,100000,0,1.33333333333333,1.26230856672404,-0.0710247666092929,0.935880810237782,0.996832805467578,0.997001285396068,0.000168479928490339,0.00222328188878284,0,0,1e-05
"gaussian_phi050_N8000_M20_Q400","gaussian_phi050_N8000","gaussian","block_power","alpha_1_3","alpha = 1/3",0.5,8000,20,400,8000,0.333333333333333,NA,"M = N^(1/3)","Gaussian",1,0,0,"inside formal moment assumptions","regular","phi = 0.5",0.333333333333333,10,1486176019,"gaussian_phi050_N8000","gaussian","Gaussian","inside formal moment assumptions",0.5,"phi = 0.5",8000,20,400,10,100000,0,1.33333333333333,1.31022425362282,-0.0231090797105158,0.300113182732122,0.933488978408022,0.934641302667122,0.00115232425909984,0.0149728386242783,0,0,0
"gaussian_phi050_N243_M27_Q9","gaussian_phi050_N243","gaussian","block_power","alpha_3_5","alpha = 3/5",0.5,243,27,9,243,0.6,NA,"M = N^(3/5)","Gaussian",1,0,0,"inside formal moment assumptions","regular","phi = 0.5",0.6,9,171603686,"gaussian_phi050_N243","gaussian","Gaussian","inside formal moment assumptions",0.5,"phi = 0.5",243,27,9,9,100000,0,1.33333333333333,0.806377431690304,-0.526955901643029,1.96813052123206,0.955862069335477,0.972879434874636,0.0170173655391584,0.0642181471673206,1e-05,0.00508,0.00429
"gaussian_phi050_N243_M9_Q27","gaussian_phi050_N243","gaussian","block_power","alpha_2_5","alpha = 2/5",0.5,243,9,27,243,0.4,NA,"M = N^(2/5)","Gaussian",1,0,0,"inside formal moment assumptions","regular","phi = 0.5",0.4,4,171603686,"gaussian_phi050_N243","gaussian","Gaussian","inside formal moment assumptions",0.5,"phi = 0.5",243,9,27,4,100000,0,1.33333333333333,1.06527496817419,-0.268058365159141,0.415026073023726,0.856842672413793,0.885473367636925,0.0286306952231314,0.044563593480064,0,0,0
"gaussian_phi050_N1024_M16_Q64","gaussian_phi050_N1024","gaussian","block_power","alpha_2_5","alpha = 2/5",0.5,1024,16,64,1024,0.4,NA,"M = N^(2/5)","Gaussian",1,0,0,"inside formal moment assumptions","regular","phi = 0.5",0.4,8,952606029,"gaussian_phi050_N1024","gaussian","Gaussian","inside formal moment assumptions",0.5,"phi = 0.5",1024,16,64,8,100000,0,1.33333333333333,1.23093823432607,-0.102395099007261,0.586465797733113,0.91786307244133,0.924157204745026,0.00629413230369658,0.0361492206798385,0,0,0
"gaussian_phi050_N1024_M16_Q64","gaussian_phi050_N1024","gaussian","constant_sensitivity","N_1024","N = 1024",0.5,1024,16,64,0.5,0.5,0.5,"M = C sqrt(N)","Gaussian",1,0,0,"inside formal moment assumptions","regular","phi = 0.5",0.4,8,952606029,"gaussian_phi050_N1024","gaussian","Gaussian","inside formal moment assumptions",0.5,"phi = 0.5",1024,16,64,8,100000,0,1.33333333333333,1.23093823432607,-0.102395099007261,0.586465797733113,0.91786307244133,0.924157204745026,0.00629413230369658,0.0361492206798385,0,0,0
"gaussian_phi050_N1024_M64_Q16","gaussian_phi050_N1024","gaussian","block_power","alpha_3_5","alpha = 3/5",0.5,1024,64,16,1024,0.6,NA,"M = N^(3/5)","Gaussian",1,0,0,"inside formal moment assumptions","regular","phi = 0.5",0.6,13,952606029,"gaussian_phi050_N1024","gaussian","Gaussian","inside formal moment assumptions",0.5,"phi = 0.5",1024,64,16,13,100000,0,1.33333333333333,1.07017888756337,-0.263154445769964,1.51610830640416,0.980443285528031,0.984275217167021,0.00383193163898943,0.0222111582304347,0,6e-05,3e-05
"gaussian_phi050_N1024_M64_Q16","gaussian_phi050_N1024","gaussian","constant_sensitivity","N_1024","N = 1024",0.5,1024,64,16,2,0.5,2,"M = C sqrt(N)","Gaussian",1,0,0,"inside formal moment assumptions","regular","phi = 0.5",0.6,13,952606029,"gaussian_phi050_N1024","gaussian","Gaussian","inside formal moment assumptions",0.5,"phi = 0.5",1024,64,16,13,100000,0,1.33333333333333,1.07017888756337,-0.263154445769964,1.51610830640416,0.980443285528031,0.984275217167021,0.00383193163898943,0.0222111582304347,0,6e-05,3e-05
"gaussian_phi050_N1024_M32_Q32","gaussian_phi050_N1024","gaussian","constant_sensitivity","N_1024","N = 1024",0.5,1024,32,32,1,0.5,1,"M = C sqrt(N)","Gaussian",1,0,0,"inside formal moment assumptions","regular","phi = 0.5",0.5,13,952606029,"gaussian_phi050_N1024","gaussian","Gaussian","inside formal moment assumptions",0.5,"phi = 0.5",1024,32,32,13,100000,0,1.33333333333333,1.07017888756337,-0.263154445769964,1.51610830640416,0.959582790100979,0.96750211547851,0.00791932537753182,0.0459030603412225,0,6e-05,0
"gaussian_phi050_N1024_M32_Q32","gaussian_phi050_N1024","gaussian","block_power","alpha_1_2","alpha = 1/2",0.5,1024,32,32,1024,0.5,NA,"M = Q = sqrt(N)","Gaussian",1,0,0,"inside formal moment assumptions","regular","phi = 0.5",0.5,13,952606029,"gaussian_phi050_N1024","gaussian","Gaussian","inside formal moment assumptions",0.5,"phi = 0.5",1024,32,32,13,100000,0,1.33333333333333,1.07017888756337,-0.263154445769964,1.51610830640416,0.959582790100979,0.96750211547851,0.00791932537753182,0.0459030603412225,0,6e-05,0
"gaussian_phi050_N1024_M32_Q32","gaussian_phi050_N1024","gaussian","regular_distribution_dependence","gaussian_phi_0.5","gaussian, phi = 0.5",0.5,1024,32,32,1024,0.5,NA,"Balanced distribution/dependence design","Gaussian",1,0,0,"inside formal moment assumptions","regular","phi = 0.5",0.5,13,952606029,"gaussian_phi050_N1024","gaussian","Gaussian","inside formal moment assumptions",0.5,"phi = 0.5",1024,32,32,13,100000,0,1.33333333333333,1.07017888756337,-0.263154445769964,1.51610830640416,0.959582790100979,0.96750211547851,0.00791932537753182,0.0459030603412225,0,6e-05,0
"gaussian_phi050_N3125_M25_Q125","gaussian_phi050_N3125","gaussian","block_power","alpha_2_5","alpha = 2/5",0.5,3125,25,125,3125,0.4,NA,"M = N^(2/5)","Gaussian",1,0,0,"inside formal moment assumptions","regular","phi = 0.5",0.4,12,906128686,"gaussian_phi050_N3125","gaussian","Gaussian","inside formal moment assumptions",0.5,"phi = 0.5",3125,25,125,12,100000,0,1.33333333333333,1.26138640553577,-0.0719469277975651,0.687155342672117,0.947070751776882,0.949922039854475,0.00285128807759338,0.0272844462500853,0,0,0
"gaussian_phi050_N3125_M125_Q25","gaussian_phi050_N3125","gaussian","block_power","alpha_3_5","alpha = 3/5",0.5,3125,125,25,3125,0.6,NA,"M = N^(3/5)","Gaussian",1,0,0,"inside formal moment assumptions","regular","phi = 0.5",0.6,16,906128686,"gaussian_phi050_N3125","gaussian","Gaussian","inside formal moment assumptions",0.5,"phi = 0.5",3125,125,25,16,100000,0,1.33333333333333,1.19757546660139,-0.135757866731948,1.14942232801682,0.989755629068403,0.99079588989935,0.00104026083094744,0.00883180640673359,0,0,0
"gaussian_phi050_N7776_M216_Q36","gaussian_phi050_N7776","gaussian","block_power","alpha_3_5","alpha = 3/5",0.5,7776,216,36,7776,0.6,NA,"M = N^(3/5)","Gaussian",1,0,0,"inside formal moment assumptions","regular","phi = 0.5",0.6,19,1262175347,"gaussian_phi050_N7776","gaussian","Gaussian","inside formal moment assumptions",0.5,"phi = 0.5",7776,216,36,19,100000,0,1.33333333333333,1.25408068435494,-0.079252648978396,0.943939313490741,0.993997599039616,0.994353923881911,0.000356324842295419,0.00424979292558097,0,0,0
"gaussian_phi050_N7776_M36_Q216","gaussian_phi050_N7776","gaussian","block_power","alpha_2_5","alpha = 2/5",0.5,7776,36,216,7776,0.4,NA,"M = N^(2/5)","Gaussian",1,0,0,"inside formal moment assumptions","regular","phi = 0.5",0.4,18,1262175347,"gaussian_phi050_N7776","gaussian","Gaussian","inside formal moment assumptions",0.5,"phi = 0.5",7776,36,216,18,100000,0,1.33333333333333,1.26264190343006,-0.070691429903275,0.861637326286101,0.963128108386751,0.965080697719689,0.00195258933293818,0.0238299236086749,0,0,0
"gaussian_phi050_N100_M5_Q20","gaussian_phi050_N100","gaussian","constant_sensitivity","N_100","N = 100",0.5,100,5,20,0.5,0.5,0.5,"M = C sqrt(N)","Gaussian",1,0,0,"inside formal moment assumptions","regular","phi = 0.5",0.349485002168009,2,28603257,"gaussian_phi050_N100","gaussian","Gaussian","inside formal moment assumptions",0.5,"phi = 0.5",100,5,20,2,100000,0,1.33333333333333,0.763881739178609,-0.569451594154725,0.586223526144358,0.751689189189189,0.853707641080239,0.10201845189105,0.105482869157411,0,0,2e-05
"gaussian_phi050_N100_M10_Q10","gaussian_phi050_N100","gaussian","block_power","alpha_1_2","alpha = 1/2",0.5,100,10,10,100,0.5,NA,"M = Q = sqrt(N)","Gaussian",1,0,0,"inside formal moment assumptions","regular","phi = 0.5",0.5,5,28603257,"gaussian_phi050_N100","gaussian","Gaussian","inside formal moment assumptions",0.5,"phi = 0.5",100,10,10,5,100000,0,1.33333333333333,0.911503116717316,-0.421830216616017,1.08133250309358,0.878510346283784,0.916313126159414,0.03780277987563,0.0969592037533909,6e-05,0.00365,0.00272
"gaussian_phi050_N100_M10_Q10","gaussian_phi050_N100","gaussian","constant_sensitivity","N_100","N = 100",0.5,100,10,10,1,0.5,1,"M = C sqrt(N)","Gaussian",1,0,0,"inside formal moment assumptions","regular","phi = 0.5",0.5,5,28603257,"gaussian_phi050_N100","gaussian","Gaussian","inside formal moment assumptions",0.5,"phi = 0.5",100,10,10,5,100000,0,1.33333333333333,0.911503116717316,-0.421830216616017,1.08133250309358,0.878510346283784,0.916313126159414,0.03780277987563,0.0969592037533909,6e-05,0.00365,0.00272
"gaussian_phi050_N100_M10_Q10","gaussian_phi050_N100","gaussian","regular_distribution_dependence","gaussian_phi_0.5","gaussian, phi = 0.5",0.5,100,10,10,100,0.5,NA,"Balanced distribution/dependence design","Gaussian",1,0,0,"inside formal moment assumptions","regular","phi = 0.5",0.5,5,28603257,"gaussian_phi050_N100","gaussian","Gaussian","inside formal moment assumptions",0.5,"phi = 0.5",100,10,10,5,100000,0,1.33333333333333,0.911503116717316,-0.421830216616017,1.08133250309358,0.878510346283784,0.916313126159414,0.03780277987563,0.0969592037533909,6e-05,0.00365,0.00272
"gaussian_phi050_N100_M20_Q5","gaussian_phi050_N100","gaussian","constant_sensitivity","N_100","N = 100",0.5,100,20,5,2,0.5,2,"M = C sqrt(N)","Gaussian",1,0,0,"inside formal moment assumptions","regular","phi = 0.5",0.650514997831991,7,28603257,"gaussian_phi050_N100","gaussian","Gaussian","inside formal moment assumptions",0.5,"phi = 0.5",100,20,5,7,100000,0,1.33333333333333,0.607158668638726,-0.726174664694607,2.14963918209227,0.9459460103834,0.973957563188376,0.0280115528049759,0.0838339412618688,0.00088,0.02148,0.06733
"gaussian_phi050_N225_M15_Q15","gaussian_phi050_N225","gaussian","regular_distribution_dependence","gaussian_phi_0.5","gaussian, phi = 0.5",0.5,225,15,15,225,0.5,NA,"Balanced distribution/dependence design","Gaussian",1,0,0,"inside formal moment assumptions","regular","phi = 0.5",0.5,7,153603632,"gaussian_phi050_N225","gaussian","Gaussian","inside formal moment assumptions",0.5,"phi = 0.5",225,15,15,7,100000,0,1.33333333333333,0.99796179991826,-0.335371533415074,1.20569053974903,0.916545202764065,0.937255768742681,0.0207105659786159,0.0749129788222464,0,0.00134,8e-05
"gaussian_phi050_N225_M15_Q15","gaussian_phi050_N225","gaussian","block_power","alpha_1_2","alpha = 1/2",0.5,225,15,15,225,0.5,NA,"M = Q = sqrt(N)","Gaussian",1,0,0,"inside formal moment assumptions","regular","phi = 0.5",0.5,7,153603632,"gaussian_phi050_N225","gaussian","Gaussian","inside formal moment assumptions",0.5,"phi = 0.5",225,15,15,7,100000,0,1.33333333333333,0.99796179991826,-0.335371533415074,1.20569053974903,0.916545202764065,0.937255768742681,0.0207105659786159,0.0749129788222464,0,0.00134,8e-05
"gaussian_phi050_N400_M20_Q20","gaussian_phi050_N400","gaussian","constant_sensitivity","N_400","N = 400",0.5,400,20,20,1,0.5,1,"M = C sqrt(N)","Gaussian",1,0,0,"inside formal moment assumptions","regular","phi = 0.5",0.5,10,328604157,"gaussian_phi050_N400","gaussian","Gaussian","inside formal moment assumptions",0.5,"phi = 0.5",400,20,20,10,100000,0,1.33333333333333,0.944213778785221,-0.389119554548112,1.69117170676286,0.936454913289252,0.954722067017497,0.0182671537282452,0.0801057140605334,1e-05,0.00102,0
"gaussian_phi050_N400_M20_Q20","gaussian_phi050_N400","gaussian","regular_distribution_dependence","gaussian_phi_0.5","gaussian, phi = 0.5",0.5,400,20,20,400,0.5,NA,"Balanced distribution/dependence design","Gaussian",1,0,0,"inside formal moment assumptions","regular","phi = 0.5",0.5,10,328604157,"gaussian_phi050_N400","gaussian","Gaussian","inside formal moment assumptions",0.5,"phi = 0.5",400,20,20,10,100000,0,1.33333333333333,0.944213778785221,-0.389119554548112,1.69117170676286,0.936454913289252,0.954722067017497,0.0182671537282452,0.0801057140605334,1e-05,0.00102,0
"gaussian_phi050_N400_M20_Q20","gaussian_phi050_N400","gaussian","fixed_N_sweep","N_400","N = 400",0.5,400,20,20,20,NA,NA,"Direct fixed-N block-length comparison","Gaussian",1,0,0,"inside formal moment assumptions","regular","phi = 0.5",0.5,10,328604157,"gaussian_phi050_N400","gaussian","Gaussian","inside formal moment assumptions",0.5,"phi = 0.5",400,20,20,10,100000,0,1.33333333333333,0.944213778785221,-0.389119554548112,1.69117170676286,0.936454913289252,0.954722067017497,0.0182671537282452,0.0801057140605334,1e-05,0.00102,0
"gaussian_phi050_N400_M20_Q20","gaussian_phi050_N400","gaussian","block_power","alpha_1_2","alpha = 1/2",0.5,400,20,20,400,0.5,NA,"M = Q = sqrt(N)","Gaussian",1,0,0,"inside formal moment assumptions","regular","phi = 0.5",0.5,10,328604157,"gaussian_phi050_N400","gaussian","Gaussian","inside formal moment assumptions",0.5,"phi = 0.5",400,20,20,10,100000,0,1.33333333333333,0.944213778785221,-0.389119554548112,1.69117170676286,0.936454913289252,0.954722067017497,0.0182671537282452,0.0801057140605334,1e-05,0.00102,0
"gaussian_phi050_N400_M10_Q40","gaussian_phi050_N400","gaussian","constant_sensitivity","N_400","N = 400",0.5,400,10,40,0.5,0.5,0.5,"M = C sqrt(N)","Gaussian",1,0,0,"inside formal moment assumptions","regular","phi = 0.5",0.38431089342012,5,328604157,"gaussian_phi050_N400","gaussian","Gaussian","inside formal moment assumptions",0.5,"phi = 0.5",400,10,40,5,100000,0,1.33333333333333,1.1468611917358,-0.186472141597535,0.417908027913674,0.869695861204013,0.887825151251807,0.0181292900477938,0.0408815945129628,0,0,0
"gaussian_phi050_N400_M10_Q40","gaussian_phi050_N400","gaussian","fixed_N_sweep","N_400","N = 400",0.5,400,10,40,10,NA,NA,"Direct fixed-N block-length comparison","Gaussian",1,0,0,"inside formal moment assumptions","regular","phi = 0.5",0.38431089342012,5,328604157,"gaussian_phi050_N400","gaussian","Gaussian","inside formal moment assumptions",0.5,"phi = 0.5",400,10,40,5,100000,0,1.33333333333333,1.1468611917358,-0.186472141597535,0.417908027913674,0.869695861204013,0.887825151251807,0.0181292900477938,0.0408815945129628,0,0,0
"gaussian_phi050_N400_M40_Q10","gaussian_phi050_N400","gaussian","constant_sensitivity","N_400","N = 400",0.5,400,40,10,2,0.5,2,"M = C sqrt(N)","Gaussian",1,0,0,"inside formal moment assumptions","regular","phi = 0.5",0.61568910657988,10,328604157,"gaussian_phi050_N400","gaussian","Gaussian","inside formal moment assumptions",0.5,"phi = 0.5",400,40,10,10,100000,0,1.33333333333333,0.944213778785221,-0.389119554548112,1.69117170676286,0.96989966555187,0.97855255806092,0.00865289250905021,0.0379448188139857,1e-05,0.00102,0.00187
"gaussian_phi050_N400_M40_Q10","gaussian_phi050_N400","gaussian","fixed_N_sweep","N_400","N = 400",0.5,400,40,10,40,NA,NA,"Direct fixed-N block-length comparison","Gaussian",1,0,0,"inside formal moment assumptions","regular","phi = 0.5",0.61568910657988,10,328604157,"gaussian_phi050_N400","gaussian","Gaussian","inside formal moment assumptions",0.5,"phi = 0.5",400,40,10,10,100000,0,1.33333333333333,0.944213778785221,-0.389119554548112,1.69117170676286,0.96989966555187,0.97855255806092,0.00865289250905021,0.0379448188139857,1e-05,0.00102,0.00187
"gaussian_phi050_N400_M5_Q80","gaussian_phi050_N400","gaussian","fixed_N_sweep","N_400","N = 400",0.5,400,5,80,5,NA,NA,"Direct fixed-N block-length comparison","Gaussian",1,0,0,"inside formal moment assumptions","regular","phi = 0.5",0.268621786840241,2,328604157,"gaussian_phi050_N400","gaussian","Gaussian","inside formal moment assumptions",0.5,"phi = 0.5",400,5,80,2,100000,0,1.33333333333333,0.791371711924009,-0.541961621409325,0.545533490414574,0.744147157190635,0.843392324312827,0.0992451671221912,0.100011492571263,0,0,0
"gaussian_phi050_N400_M80_Q5","gaussian_phi050_N400","gaussian","fixed_N_sweep","N_400","N = 400",0.5,400,80,5,80,NA,NA,"Direct fixed-N block-length comparison","Gaussian",1,0,0,"inside formal moment assumptions","regular","phi = 0.5",0.731378213159759,10,328604157,"gaussian_phi050_N400","gaussian","Gaussian","inside formal moment assumptions",0.5,"phi = 0.5",400,80,5,10,100000,0,1.33333333333333,0.944213778785221,-0.389119554548112,1.69117170676286,0.986622073578595,0.990467803582631,0.00384573000403587,0.0168643639173301,1e-05,0.00102,0.06567
"gaussian_phi050_N8100_M90_Q90","gaussian_phi050_N8100","gaussian","constant_sensitivity","N_8100","N = 8100",0.5,8100,90,90,1,0.5,1,"M = C sqrt(N)","Gaussian",1,0,0,"inside formal moment assumptions","regular","phi = 0.5",0.5,19,1586176319,"gaussian_phi050_N8100","gaussian","Gaussian","inside formal moment assumptions",0.5,"phi = 0.5",8100,90,90,19,100000,0,1.33333333333333,1.25701150472722,-0.076321828606116,0.923730390247112,0.98534738228515,0.986185098352153,0.000837716067003114,0.0101521751768525,0,0,0
"gaussian_phi050_N8100_M90_Q90","gaussian_phi050_N8100","gaussian","block_power","alpha_1_2","alpha = 1/2",0.5,8100,90,90,8100,0.5,NA,"M = Q = sqrt(N)","Gaussian",1,0,0,"inside formal moment assumptions","regular","phi = 0.5",0.5,19,1586176319,"gaussian_phi050_N8100","gaussian","Gaussian","inside formal moment assumptions",0.5,"phi = 0.5",8100,90,90,19,100000,0,1.33333333333333,1.25701150472722,-0.076321828606116,0.923730390247112,0.98534738228515,0.986185098352153,0.000837716067003114,0.0101521751768525,0,0,0
"gaussian_phi050_N8100_M90_Q90","gaussian_phi050_N8100","gaussian","regular_distribution_dependence","gaussian_phi_0.5","gaussian, phi = 0.5",0.5,8100,90,90,8100,0.5,NA,"Balanced distribution/dependence design","Gaussian",1,0,0,"inside formal moment assumptions","regular","phi = 0.5",0.5,19,1586176319,"gaussian_phi050_N8100","gaussian","Gaussian","inside formal moment assumptions",0.5,"phi = 0.5",8100,90,90,19,100000,0,1.33333333333333,1.25701150472722,-0.076321828606116,0.923730390247112,0.98534738228515,0.986185098352153,0.000837716067003114,0.0101521751768525,0,0,0
"gaussian_phi050_N8100_M180_Q45","gaussian_phi050_N8100","gaussian","constant_sensitivity","N_8100","N = 8100",0.5,8100,180,45,2,0.5,2,"M = C sqrt(N)","Gaussian",1,0,0,"inside formal moment assumptions","regular","phi = 0.5",0.577019610977132,19,1586176319,"gaussian_phi050_N8100","gaussian","Gaussian","inside formal moment assumptions",0.5,"phi = 0.5",8100,180,45,19,100000,0,1.33333333333333,1.25701150472722,-0.076321828606116,0.923730390247112,0.992756009219625,0.993170160983087,0.000414151763462489,0.00501905289642145,0,0,0
"gaussian_phi050_N8100_M45_Q180","gaussian_phi050_N8100","gaussian","constant_sensitivity","N_8100","N = 8100",0.5,8100,45,180,0.5,0.5,0.5,"M = C sqrt(N)","Gaussian",1,0,0,"inside formal moment assumptions","regular","phi = 0.5",0.422980389022868,19,1586176319,"gaussian_phi050_N8100","gaussian","Gaussian","inside formal moment assumptions",0.5,"phi = 0.5",8100,45,180,19,100000,0,1.33333333333333,1.25701150472722,-0.076321828606116,0.923730390247112,0.970530128416201,0.972214973090285,0.00168484467408414,0.0204184197377145,0,0,0
"gaussian_phi050_N343_M49_Q7","gaussian_phi050_N343","gaussian","block_power","alpha_2_3","alpha = 2/3",0.5,343,49,7,343,0.666666666666667,NA,"M = N^(2/3); smallest Q values are boundary designs","Gaussian",1,0,0,"inside formal moment assumptions","regular","phi = 0.5",0.666666666666667,10,271603986,"gaussian_phi050_N343","gaussian","Gaussian","inside formal moment assumptions",0.5,"phi = 0.5",343,49,7,10,100000,0,1.33333333333333,0.868912643911703,-0.46442068942163,1.90447155417995,0.976585365853659,0.984588180136374,0.00800281428271543,0.0331364000359004,0,0.00238,0.0165
"gaussian_phi050_N19683_M729_Q27","gaussian_phi050_N19683","gaussian","block_power","alpha_2_3","alpha = 2/3",0.5,19683,729,27,19683,0.666666666666667,NA,"M = N^(2/3); smallest Q values are boundary designs","Gaussian",1,0,0,"inside formal moment assumptions","regular","phi = 0.5",0.666666666666667,22,284309192,"gaussian_phi050_N19683","gaussian","Gaussian","inside formal moment assumptions",0.5,"phi = 0.5",19683,729,27,22,100000,0,1.33333333333333,1.29298855341437,-0.0403447799189678,0.749648723247119,0.998238631552206,0.998291893958225,5.32624060194387e-05,0.00099035555235425,0,0,0
"gaussian_phi020_N64_M8_Q8","gaussian_phi020_N64","gaussian","regular_distribution_dependence","gaussian_phi_0.2","gaussian, phi = 0.2",0.2,64,8,8,64,0.5,NA,"Balanced distribution/dependence design","Gaussian",1,0,0,"inside formal moment assumptions","regular","phi = 0.2",0.5,4,2110065795,"gaussian_phi020_N64","gaussian","Gaussian","inside formal moment assumptions",0.2,"phi = 0.2",64,8,8,4,100000,0,0.416666666666667,-0.0557683337098189,-0.472435000376486,1.46409960329522,0.95412857457405,1.00291338623612,0.0487848116620658,0.154963485667541,0.00196,0.04449,0.00862
"gaussian_phi020_N100_M10_Q10","gaussian_phi020_N100","gaussian","regular_distribution_dependence","gaussian_phi_0.2","gaussian, phi = 0.2",0.2,100,10,10,100,0.5,NA,"Balanced distribution/dependence design","Gaussian",1,0,0,"inside formal moment assumptions","regular","phi = 0.2",0.5,5,2146065903,"gaussian_phi020_N100","gaussian","Gaussian","inside formal moment assumptions",0.2,"phi = 0.2",100,10,10,5,100000,0,0.416666666666667,-0.0851022011886137,-0.50176886785528,1.6547588691466,0.962343100518829,1.00546971238047,0.0431266118616398,0.145141007714405,0.00094,0.03187,0.00219
"gaussian_phi020_N225_M15_Q15","gaussian_phi020_N225","gaussian","regular_distribution_dependence","gaussian_phi_0.2","gaussian, phi = 0.2",0.2,225,15,15,225,0.5,NA,"Balanced distribution/dependence design","Gaussian",1,0,0,"inside formal moment assumptions","regular","phi = 0.2",0.5,7,123582632,"gaussian_phi020_N225","gaussian","Gaussian","inside formal moment assumptions",0.2,"phi = 0.2",225,15,15,7,100000,0,0.416666666666667,-0.0472766011258768,-0.463943267792543,1.79754327885595,0.974025974026886,1.00211764833986,0.0280916743129705,0.110345055827886,6e-05,0.01143,8e-05
"gaussian_phi020_N400_M20_Q20","gaussian_phi020_N400","gaussian","regular_distribution_dependence","gaussian_phi_0.2","gaussian, phi = 0.2",0.2,400,20,20,400,0.5,NA,"Balanced distribution/dependence design","Gaussian",1,0,0,"inside formal moment assumptions","regular","phi = 0.2",0.5,10,298583157,"gaussian_phi020_N400","gaussian","Gaussian","inside formal moment assumptions",0.2,"phi = 0.2",400,20,20,10,100000,0,0.416666666666667,-0.109436772267243,-0.526103438933909,2.25803739950599,0.980187695516163,1.00462961775403,0.0244419222378657,0.106205176001931,2e-05,0.0064,0
"gaussian_phi020_N1024_M32_Q32","gaussian_phi020_N1024","gaussian","regular_distribution_dependence","gaussian_phi_0.2","gaussian, phi = 0.2",0.2,1024,32,32,1024,0.5,NA,"Balanced distribution/dependence design","Gaussian",1,0,0,"inside formal moment assumptions","regular","phi = 0.2",0.5,13,922585029,"gaussian_phi020_N1024","gaussian","Gaussian","inside formal moment assumptions",0.2,"phi = 0.2",1024,32,32,13,100000,0,0.416666666666667,0.0704074144883809,-0.346259252178286,1.89993070761101,0.987380932996825,0.997765428181445,0.0103844951846206,0.0573762114150253,0,0.00026,0
"gaussian_phi020_N4096_M64_Q64","gaussian_phi020_N4096","gaussian","regular_distribution_dependence","gaussian_phi_0.2","gaussian, phi = 0.2",0.2,4096,64,64,4096,0.5,NA,"Balanced distribution/dependence design","Gaussian",1,0,0,"inside formal moment assumptions","regular","phi = 0.2",0.5,17,1847110599,"gaussian_phi020_N4096","gaussian","Gaussian","inside formal moment assumptions",0.2,"phi = 0.2",4096,64,64,17,100000,0,0.416666666666667,0.2811157707595,-0.135550895907167,1.28784678668531,0.993590656601624,0.995669742019456,0.00207908541783242,0.0198064341207718,0,0,0
"gaussian_phi020_N4096_M64_Q64","gaussian_phi020_N4096","gaussian","fixed_N_distribution_dependence","gaussian_phi_0.2","gaussian, phi = 0.2",0.2,4096,64,64,64,NA,NA,"Fixed N=4096 distribution/dependence block comparison","Gaussian",1,0,0,"inside formal moment assumptions","regular","phi = 0.2",0.5,17,1847110599,"gaussian_phi020_N4096","gaussian","Gaussian","inside formal moment assumptions",0.2,"phi = 0.2",4096,64,64,17,100000,0,0.416666666666667,0.2811157707595,-0.135550895907167,1.28784678668531,0.993590656601624,0.995669742019456,0.00207908541783242,0.0198064341207718,0,0,0
"gaussian_phi020_N4096_M256_Q16","gaussian_phi020_N4096","gaussian","fixed_N_distribution_dependence","gaussian_phi_0.2","gaussian, phi = 0.2",0.2,4096,256,16,256,NA,NA,"Fixed N=4096 distribution/dependence block comparison","Gaussian",1,0,0,"inside formal moment assumptions","regular","phi = 0.2",0.666666666666667,17,1847110599,"gaussian_phi020_N4096","gaussian","Gaussian","inside formal moment assumptions",0.2,"phi = 0.2",4096,256,16,17,100000,0,0.416666666666667,0.2811157707595,-0.135550895907167,1.28784678668531,0.998473965857529,0.998968986195109,0.000495020337579422,0.00471581764780281,0,0,1e-05
"gaussian_phi020_N4096_M16_Q256","gaussian_phi020_N4096","gaussian","fixed_N_distribution_dependence","gaussian_phi_0.2","gaussian, phi = 0.2",0.2,4096,16,256,16,NA,NA,"Fixed N=4096 distribution/dependence block comparison","Gaussian",1,0,0,"inside formal moment assumptions","regular","phi = 0.2",0.333333333333333,8,1847110599,"gaussian_phi020_N4096","gaussian","Gaussian","inside formal moment assumptions",0.2,"phi = 0.2",4096,16,256,8,100000,0,0.416666666666667,0.388261694302155,-0.0284049723645117,0.39390880688918,0.974057419578171,0.975823796426381,0.00176637684820946,0.0245266685760869,0,0,0
"gaussian_phi020_N8100_M90_Q90","gaussian_phi020_N8100","gaussian","regular_distribution_dependence","gaussian_phi_0.2","gaussian, phi = 0.2",0.2,8100,90,90,8100,0.5,NA,"Balanced distribution/dependence design","Gaussian",1,0,0,"inside formal moment assumptions","regular","phi = 0.2",0.5,19,1556155319,"gaussian_phi020_N8100","gaussian","Gaussian","inside formal moment assumptions",0.2,"phi = 0.2",8100,90,90,19,100000,0,0.416666666666667,0.326639651161516,-0.0900270155051508,1.06748654076308,0.995421575183909,0.996409316820564,0.000987741636655715,0.0117292947844607,0,0,0
"gaussian_phi080_N64_M8_Q8","gaussian_phi080_N64","gaussian","regular_distribution_dependence","gaussian_phi_0.8","gaussian, phi = 0.8",0.8,64,8,8,64,0.5,NA,"Balanced distribution/dependence design","Gaussian",1,0,0,"inside formal moment assumptions","regular","phi = 0.8",0.5,4,22624149,"gaussian_phi080_N64","gaussian","Gaussian","inside formal moment assumptions",0.8,"phi = 0.8",64,8,8,4,100000,0,4.44444444444445,1.70253500823839,-2.74190943620606,2.75823576958423,0.577774396815308,0.808531717995097,0.230757321179788,0.233276083186481,0,1e-05,0.03152
"gaussian_phi080_N100_M10_Q10","gaussian_phi080_N100","gaussian","regular_distribution_dependence","gaussian_phi_0.8","gaussian, phi = 0.8",0.8,100,10,10,100,0.5,NA,"Balanced distribution/dependence design","Gaussian",1,0,0,"inside formal moment assumptions","regular","phi = 0.8",0.5,5,58624257,"gaussian_phi080_N100","gaussian","Gaussian","inside formal moment assumptions",0.8,"phi = 0.8",100,10,10,5,100000,0,4.44444444444445,2.02942452459624,-2.4150199198482,2.43850207190528,0.631336829017274,0.813459989837662,0.182123160820387,0.184815958023422,0,2e-05,0.00874
"gaussian_phi080_N225_M15_Q15","gaussian_phi080_N225","gaussian","regular_distribution_dependence","gaussian_phi_0.8","gaussian, phi = 0.8",0.8,225,15,15,225,0.5,NA,"Balanced distribution/dependence design","Gaussian",1,0,0,"inside formal moment assumptions","regular","phi = 0.8",0.5,7,183624632,"gaussian_phi080_N225","gaussian","Gaussian","inside formal moment assumptions",0.8,"phi = 0.8",225,15,15,7,100000,0,4.44444444444445,2.59033058235794,-1.8541138620865,1.89884114511063,0.728519205669168,0.836898769506784,0.108379563837615,0.111460479634232,0,0,0.00029
"gaussian_phi080_N400_M20_Q20","gaussian_phi080_N400","gaussian","regular_distribution_dependence","gaussian_phi_0.8","gaussian, phi = 0.8",0.8,400,20,20,400,0.5,NA,"Balanced distribution/dependence design","Gaussian",1,0,0,"inside formal moment assumptions","regular","phi = 0.8",0.5,10,358625157,"gaussian_phi080_N400","gaussian","Gaussian","inside formal moment assumptions",0.8,"phi = 0.8",400,20,20,10,100000,0,4.44444444444445,3.16953837234421,-1.27490607210024,1.43318510297422,0.789107688774397,0.848192414446756,0.0590847256723589,0.0669730574204723,0,0,1e-05
"gaussian_phi080_N1024_M32_Q32","gaussian_phi080_N1024","gaussian","regular_distribution_dependence","gaussian_phi_0.8","gaussian, phi = 0.8",0.8,1024,32,32,1024,0.5,NA,"Balanced distribution/dependence design","Gaussian",1,0,0,"inside formal moment assumptions","regular","phi = 0.8",0.5,13,982627029,"gaussian_phi080_N1024","gaussian","Gaussian","inside formal moment assumptions",0.8,"phi = 0.8",1024,32,32,13,100000,0,4.44444444444445,3.62900214272863,-0.815442301715816,1.0697753449211,0.864975383661746,0.88973258085484,0.0247571971930938,0.032528522688636,0,0,0
"gaussian_phi080_N4096_M64_Q64","gaussian_phi080_N4096","gaussian","regular_distribution_dependence","gaussian_phi_0.8","gaussian, phi = 0.8",0.8,4096,64,64,4096,0.5,NA,"Balanced distribution/dependence design","Gaussian",1,0,0,"inside formal moment assumptions","regular","phi = 0.8",0.5,17,1907152599,"gaussian_phi080_N4096","gaussian","Gaussian","inside formal moment assumptions",0.8,"phi = 0.8",4096,64,64,17,100000,0,4.44444444444445,4.02814159342307,-0.416302851021375,0.730854702877728,0.931566413397188,0.937981371875877,0.00641495847868911,0.0112623765657769,0,0,0
"gaussian_phi080_N4096_M64_Q64","gaussian_phi080_N4096","gaussian","fixed_N_distribution_dependence","gaussian_phi_0.8","gaussian, phi = 0.8",0.8,4096,64,64,64,NA,NA,"Fixed N=4096 distribution/dependence block comparison","Gaussian",1,0,0,"inside formal moment assumptions","regular","phi = 0.8",0.5,17,1907152599,"gaussian_phi080_N4096","gaussian","Gaussian","inside formal moment assumptions",0.8,"phi = 0.8",4096,64,64,17,100000,0,4.44444444444445,4.02814159342307,-0.416302851021375,0.730854702877728,0.931566413397188,0.937981371875877,0.00641495847868911,0.0112623765657769,0,0,0
"gaussian_phi080_N4096_M256_Q16","gaussian_phi080_N4096","gaussian","fixed_N_distribution_dependence","gaussian_phi_0.8","gaussian, phi = 0.8",0.8,4096,256,16,256,NA,NA,"Fixed N=4096 distribution/dependence block comparison","Gaussian",1,0,0,"inside formal moment assumptions","regular","phi = 0.8",0.666666666666667,17,1907152599,"gaussian_phi080_N4096","gaussian","Gaussian","inside formal moment assumptions",0.8,"phi = 0.8",4096,256,16,17,100000,0,4.44444444444445,4.02814159342307,-0.416302851021375,0.730854702877728,0.983706278514013,0.985233659970447,0.0015273814564345,0.00268152414806574,0,0,2e-05
"gaussian_phi080_N4096_M16_Q256","gaussian_phi080_N4096","gaussian","fixed_N_distribution_dependence","gaussian_phi_0.8","gaussian, phi = 0.8",0.8,4096,16,256,16,NA,NA,"Fixed N=4096 distribution/dependence block comparison","Gaussian",1,0,0,"inside formal moment assumptions","regular","phi = 0.8",0.333333333333333,8,1907152599,"gaussian_phi080_N4096","gaussian","Gaussian","inside formal moment assumptions",0.8,"phi = 0.8",4096,16,256,8,100000,0,4.44444444444445,2.93651916978012,-1.50792527466433,1.51190585414204,0.73083397719291,0.817053133618098,0.0862191564251882,0.086489685637131,0,0,0
"gaussian_phi080_N8100_M90_Q90","gaussian_phi080_N8100","gaussian","regular_distribution_dependence","gaussian_phi_0.8","gaussian, phi = 0.8",0.8,8100,90,90,8100,0.5,NA,"Balanced distribution/dependence design","Gaussian",1,0,0,"inside formal moment assumptions","regular","phi = 0.8",0.5,19,1616197319,"gaussian_phi080_N8100","gaussian","Gaussian","inside formal moment assumptions",0.8,"phi = 0.8",8100,90,90,19,100000,0,4.44444444444445,4.15059577747006,-0.29384866697439,0.616358374496461,0.951139171106639,0.954370908546863,0.00323173744022465,0.00677901556944247,0,0,0
"laplace_phi050_N64_M8_Q8","laplace_phi050_N64","laplace","regular_distribution_dependence","laplace_phi_0.5","laplace, phi = 0.5",0.5,64,8,8,64,0.5,NA,"Balanced distribution/dependence design","Standardized Laplace",2,0,3,"inside formal moment assumptions","regular","phi = 0.5",0.5,4,2140086896,"laplace_phi050_N64","laplace","Standardized Laplace","inside formal moment assumptions",0.5,"phi = 0.5",64,8,8,4,100000,24,1.33333333333333,0.855998439111155,-0.477334894222178,0.957144397421245,0.851728723404255,0.903918149612335,0.0521894262080793,0.104419190439836,0.00011,0.0048,0.01213
"laplace_phi050_N400_M20_Q20","laplace_phi050_N400","laplace","regular_distribution_dependence","laplace_phi_0.5","laplace, phi = 0.5",0.5,400,20,20,400,0.5,NA,"Balanced distribution/dependence design","Standardized Laplace",2,0,3,"inside formal moment assumptions","regular","phi = 0.5",0.5,10,328604258,"laplace_phi050_N400","laplace","Standardized Laplace","inside formal moment assumptions",0.5,"phi = 0.5",400,20,20,10,100000,24,1.33333333333333,0.941123337848278,-0.392209995485056,1.70084434001873,0.936454913289252,0.954866061588462,0.0184111482992105,0.0805375058940816,0,0.00113,0
"laplace_phi050_N1024_M32_Q32","laplace_phi050_N1024","laplace","regular_distribution_dependence","laplace_phi_0.5","laplace, phi = 0.5",0.5,1024,32,32,1024,0.5,NA,"Balanced distribution/dependence design","Standardized Laplace",2,0,3,"inside formal moment assumptions","regular","phi = 0.5",0.5,13,952606130,"laplace_phi050_N1024","laplace","Standardized Laplace","inside formal moment assumptions",0.5,"phi = 0.5",1024,32,32,13,100000,24,1.33333333333333,1.06937977309169,-0.263953560241639,1.50699743446237,0.959582790100979,0.967527183065805,0.0079443929648263,0.0456291775272259,0,3e-05,0
"laplace_phi050_N100_M10_Q10","laplace_phi050_N100","laplace","regular_distribution_dependence","laplace_phi_0.5","laplace, phi = 0.5",0.5,100,10,10,100,0.5,NA,"Balanced distribution/dependence design","Standardized Laplace",2,0,3,"inside formal moment assumptions","regular","phi = 0.5",0.5,5,28603358,"laplace_phi050_N100","laplace","Standardized Laplace","inside formal moment assumptions",0.5,"phi = 0.5",100,10,10,5,100000,24,1.33333333333333,0.919390726135853,-0.41394260719748,1.05623218690579,0.878510346283784,0.91563177853825,0.0371214322544657,0.0947930508325666,3e-05,0.00338,0.00295
"laplace_phi050_N225_M15_Q15","laplace_phi050_N225","laplace","regular_distribution_dependence","laplace_phi_0.5","laplace, phi = 0.5",0.5,225,15,15,225,0.5,NA,"Balanced distribution/dependence design","Standardized Laplace",2,0,3,"inside formal moment assumptions","regular","phi = 0.5",0.5,7,153603733,"laplace_phi050_N225","laplace","Standardized Laplace","inside formal moment assumptions",0.5,"phi = 0.5",225,15,15,7,100000,24,1.33333333333333,1.00619959867911,-0.327133734654223,1.19498830872653,0.916545202764065,0.936744195463554,0.0201989926994897,0.0742493431347789,0,0.00144,5e-05
"laplace_phi080_N64_M8_Q8","laplace_phi080_N64","laplace","regular_distribution_dependence","laplace_phi_0.8","laplace, phi = 0.8",0.8,64,8,8,64,0.5,NA,"Balanced distribution/dependence design","Standardized Laplace",2,0,3,"inside formal moment assumptions","regular","phi = 0.8",0.5,4,22624250,"laplace_phi080_N64","laplace","Standardized Laplace","inside formal moment assumptions",0.8,"phi = 0.8",64,8,8,4,100000,73,4.44444444444445,1.70685812839557,-2.73758631604888,2.75350213923383,0.577774396815308,0.80803714070669,0.230262743891382,0.232716501312705,0,3e-05,0.03317
"laplace_phi080_N100_M10_Q10","laplace_phi080_N100","laplace","regular_distribution_dependence","laplace_phi_0.8","laplace, phi = 0.8",0.8,100,10,10,100,0.5,NA,"Balanced distribution/dependence design","Standardized Laplace",2,0,3,"inside formal moment assumptions","regular","phi = 0.8",0.5,5,58624358,"laplace_phi080_N100","laplace","Standardized Laplace","inside formal moment assumptions",0.8,"phi = 0.8",100,10,10,5,100000,73,4.44444444444445,2.03171223993164,-2.4127322045128,2.43586725399517,0.631336829017274,0.813247164671767,0.181910335654493,0.184564691641397,0,1e-05,0.00859
"laplace_phi080_N225_M15_Q15","laplace_phi080_N225","laplace","regular_distribution_dependence","laplace_phi_0.8","laplace, phi = 0.8",0.8,225,15,15,225,0.5,NA,"Balanced distribution/dependence design","Standardized Laplace",2,0,3,"inside formal moment assumptions","regular","phi = 0.8",0.5,7,183624733,"laplace_phi080_N225","laplace","Standardized Laplace","inside formal moment assumptions",0.8,"phi = 0.8",225,15,15,7,100000,73,4.44444444444445,2.59425610125509,-1.85018834318935,1.89388640486861,0.728519205669168,0.83664999951688,0.108130793847712,0.111141674257413,0,0,0.00043
"laplace_phi080_N400_M20_Q20","laplace_phi080_N400","laplace","regular_distribution_dependence","laplace_phi_0.8","laplace, phi = 0.8",0.8,400,20,20,400,0.5,NA,"Balanced distribution/dependence design","Standardized Laplace",2,0,3,"inside formal moment assumptions","regular","phi = 0.8",0.5,10,358625258,"laplace_phi080_N400","laplace","Standardized Laplace","inside formal moment assumptions",0.8,"phi = 0.8",400,20,20,10,100000,73,4.44444444444445,3.171846216419,-1.27259822802545,1.42938079965392,0.789107688774397,0.848081638079812,0.0589739493054146,0.0667892012556429,0,0,2e-05
"laplace_phi080_N1024_M32_Q32","laplace_phi080_N1024","laplace","regular_distribution_dependence","laplace_phi_0.8","laplace, phi = 0.8",0.8,1024,32,32,1024,0.5,NA,"Balanced distribution/dependence design","Standardized Laplace",2,0,3,"inside formal moment assumptions","regular","phi = 0.8",0.5,13,982627130,"laplace_phi080_N1024","laplace","Standardized Laplace","inside formal moment assumptions",0.8,"phi = 0.8",1024,32,32,13,100000,73,4.44444444444445,3.62340281984323,-0.821041624601216,1.07426004380052,0.864975383661746,0.889903284768066,0.0249279011063199,0.0326654088636449,0,0,0
"laplace_phi080_N4096_M64_Q64","laplace_phi080_N4096","laplace","regular_distribution_dependence","laplace_phi_0.8","laplace, phi = 0.8",0.8,4096,64,64,4096,0.5,NA,"Balanced distribution/dependence design","Standardized Laplace",2,0,3,"inside formal moment assumptions","regular","phi = 0.8",0.5,17,1907152700,"laplace_phi080_N4096","laplace","Standardized Laplace","inside formal moment assumptions",0.8,"phi = 0.8",4096,64,64,17,100000,73,4.44444444444445,4.0252741449837,-0.419170299460743,0.735897554863922,0.931566413397188,0.93802554371329,0.00645913031610168,0.011340050695653,0,0,0
"laplace_phi080_N4096_M64_Q64","laplace_phi080_N4096","laplace","fixed_N_distribution_dependence","laplace_phi_0.8","laplace, phi = 0.8",0.8,4096,64,64,64,NA,NA,"Fixed N=4096 distribution/dependence block comparison","Standardized Laplace",2,0,3,"inside formal moment assumptions","regular","phi = 0.8",0.5,17,1907152700,"laplace_phi080_N4096","laplace","Standardized Laplace","inside formal moment assumptions",0.8,"phi = 0.8",4096,64,64,17,100000,73,4.44444444444445,4.0252741449837,-0.419170299460743,0.735897554863922,0.931566413397188,0.93802554371329,0.00645913031610168,0.011340050695653,0,0,0
"laplace_phi080_N4096_M256_Q16","laplace_phi080_N4096","laplace","fixed_N_distribution_dependence","laplace_phi_0.8","laplace, phi = 0.8",0.8,4096,256,16,256,NA,NA,"Fixed N=4096 distribution/dependence block comparison","Standardized Laplace",2,0,3,"inside formal moment assumptions","regular","phi = 0.8",0.666666666666667,17,1907152700,"laplace_phi080_N4096","laplace","Standardized Laplace","inside formal moment assumptions",0.8,"phi = 0.8",4096,256,16,17,100000,73,4.44444444444445,4.0252741449837,-0.419170299460743,0.735897554863922,0.983706278514013,0.985244177074593,0.0015378985605804,0.00270001798844755,0,0,3e-05
"laplace_phi080_N4096_M16_Q256","laplace_phi080_N4096","laplace","fixed_N_distribution_dependence","laplace_phi_0.8","laplace, phi = 0.8",0.8,4096,16,256,16,NA,NA,"Fixed N=4096 distribution/dependence block comparison","Standardized Laplace",2,0,3,"inside formal moment assumptions","regular","phi = 0.8",0.333333333333333,8,1907152700,"laplace_phi080_N4096","laplace","Standardized Laplace","inside formal moment assumptions",0.8,"phi = 0.8",4096,16,256,8,100000,73,4.44444444444445,2.93633246508713,-1.50811197935731,1.51212416905686,0.73083397719291,0.817064772284176,0.086230795091266,0.0865034689699708,0,0,0
"laplace_phi080_N8100_M90_Q90","laplace_phi080_N8100","laplace","regular_distribution_dependence","laplace_phi_0.8","laplace, phi = 0.8",0.8,8100,90,90,8100,0.5,NA,"Balanced distribution/dependence design","Standardized Laplace",2,0,3,"inside formal moment assumptions","regular","phi = 0.8",0.5,19,1616197420,"laplace_phi080_N8100","laplace","Standardized Laplace","inside formal moment assumptions",0.8,"phi = 0.8",8100,90,90,19,100000,73,4.44444444444445,4.15134799073364,-0.293096453710809,0.615940945992673,0.951139171106639,0.954362635108598,0.00322346400195905,0.00677442851202058,0,0,0
"laplace_phi020_N4096_M64_Q64","laplace_phi020_N4096","laplace","fixed_N_distribution_dependence","laplace_phi_0.2","laplace, phi = 0.2",0.2,4096,64,64,64,NA,NA,"Fixed N=4096 distribution/dependence block comparison","Standardized Laplace",2,0,3,"inside formal moment assumptions","regular","phi = 0.2",0.5,17,1847110700,"laplace_phi020_N4096","laplace","Standardized Laplace","inside formal moment assumptions",0.2,"phi = 0.2",4096,64,64,17,100000,11,0.416666666666667,0.280640512177513,-0.136026154489153,1.29308526948586,0.993590656601624,0.995677002672648,0.00208634607102454,0.0198868394655863,0,0,0
"laplace_phi020_N4096_M64_Q64","laplace_phi020_N4096","laplace","regular_distribution_dependence","laplace_phi_0.2","laplace, phi = 0.2",0.2,4096,64,64,4096,0.5,NA,"Balanced distribution/dependence design","Standardized Laplace",2,0,3,"inside formal moment assumptions","regular","phi = 0.2",0.5,17,1847110700,"laplace_phi020_N4096","laplace","Standardized Laplace","inside formal moment assumptions",0.2,"phi = 0.2",4096,64,64,17,100000,11,0.416666666666667,0.280640512177513,-0.136026154489153,1.29308526948586,0.993590656601624,0.995677002672648,0.00208634607102454,0.0198868394655863,0,0,0
"laplace_phi020_N4096_M16_Q256","laplace_phi020_N4096","laplace","fixed_N_distribution_dependence","laplace_phi_0.2","laplace, phi = 0.2",0.2,4096,16,256,16,NA,NA,"Fixed N=4096 distribution/dependence block comparison","Standardized Laplace",2,0,3,"inside formal moment assumptions","regular","phi = 0.2",0.333333333333333,8,1847110700,"laplace_phi020_N4096","laplace","Standardized Laplace","inside formal moment assumptions",0.2,"phi = 0.2",4096,16,256,8,100000,11,0.416666666666667,0.388071309725689,-0.0285953569409779,0.395228377211542,0.974057419578171,0.975835635567419,0.00177821598924732,0.0246087798052189,0,0,0
"laplace_phi020_N4096_M256_Q16","laplace_phi020_N4096","laplace","fixed_N_distribution_dependence","laplace_phi_0.2","laplace, phi = 0.2",0.2,4096,256,16,256,NA,NA,"Fixed N=4096 distribution/dependence block comparison","Standardized Laplace",2,0,3,"inside formal moment assumptions","regular","phi = 0.2",0.666666666666667,17,1847110700,"laplace_phi020_N4096","laplace","Standardized Laplace","inside formal moment assumptions",0.2,"phi = 0.2",4096,256,16,17,100000,11,0.416666666666667,0.280640512177513,-0.136026154489153,1.29308526948586,0.998473965857529,0.998970714922059,0.000496749064529567,0.00473496177752055,0,0,2e-05
"laplace_phi050_N4096_M64_Q64","laplace_phi050_N4096","laplace","fixed_N_distribution_dependence","laplace_phi_0.5","laplace, phi = 0.5",0.5,4096,64,64,64,NA,NA,"Fixed N=4096 distribution/dependence block comparison","Standardized Laplace",2,0,3,"inside formal moment assumptions","regular","phi = 0.5",0.5,17,1877131700,"laplace_phi050_N4096","laplace","Standardized Laplace","inside formal moment assumptions",0.5,"phi = 0.5",4096,64,64,17,100000,24,1.33333333333333,1.21703820926605,-0.116295124067282,1.10086832729474,0.979485509605992,0.9812708394754,0.00178532986940827,0.0169392177388497,0,0,0
"laplace_phi050_N4096_M64_Q64","laplace_phi050_N4096","laplace","regular_distribution_dependence","laplace_phi_0.5","laplace, phi = 0.5",0.5,4096,64,64,4096,0.5,NA,"Balanced distribution/dependence design","Standardized Laplace",2,0,3,"inside formal moment assumptions","regular","phi = 0.5",0.5,17,1877131700,"laplace_phi050_N4096","laplace","Standardized Laplace","inside formal moment assumptions",0.5,"phi = 0.5",4096,64,64,17,100000,24,1.33333333333333,1.21703820926605,-0.116295124067282,1.10086832729474,0.979485509605992,0.9812708394754,0.00178532986940827,0.0169392177388497,0,0,0
"laplace_phi050_N4096_M256_Q16","laplace_phi050_N4096","laplace","fixed_N_distribution_dependence","laplace_phi_0.5","laplace, phi = 0.5",0.5,4096,256,16,256,NA,NA,"Fixed N=4096 distribution/dependence block comparison","Standardized Laplace",2,0,3,"inside formal moment assumptions","regular","phi = 0.5",0.666666666666667,17,1877131700,"laplace_phi050_N4096","laplace","Standardized Laplace","inside formal moment assumptions",0.5,"phi = 0.5",4096,256,16,17,100000,24,1.33333333333333,1.21703820926605,-0.116295124067282,1.10086832729474,0.995115597525236,0.995540676065572,0.000425078540335577,0.00403314708067852,0,0,3e-05
"laplace_phi050_N4096_M16_Q256","laplace_phi050_N4096","laplace","fixed_N_distribution_dependence","laplace_phi_0.5","laplace, phi = 0.5",0.5,4096,16,256,16,NA,NA,"Fixed N=4096 distribution/dependence block comparison","Standardized Laplace",2,0,3,"inside formal moment assumptions","regular","phi = 0.5",0.333333333333333,8,1877131700,"laplace_phi050_N4096","laplace","Standardized Laplace","inside formal moment assumptions",0.5,"phi = 0.5",4096,16,256,8,100000,24,1.33333333333333,1.29093754921994,-0.0423957841133982,0.280173575700982,0.916966429908824,0.919605068898729,0.00263863898990402,0.0174526509935777,0,0,0
"laplace_phi050_N8100_M90_Q90","laplace_phi050_N8100","laplace","regular_distribution_dependence","laplace_phi_0.5","laplace, phi = 0.5",0.5,8100,90,90,8100,0.5,NA,"Balanced distribution/dependence design","Standardized Laplace",2,0,3,"inside formal moment assumptions","regular","phi = 0.5",0.5,19,1586176420,"laplace_phi050_N8100","laplace","Standardized Laplace","inside formal moment assumptions",0.5,"phi = 0.5",8100,90,90,19,100000,24,1.33333333333333,1.25698515837648,-0.0763481749568522,0.927354695718552,0.98534738228515,0.986185378827218,0.00083799654206862,0.0101920117296651,0,0,0
"laplace_phi020_N64_M8_Q8","laplace_phi020_N64","laplace","regular_distribution_dependence","laplace_phi_0.2","laplace, phi = 0.2",0.2,64,8,8,64,0.5,NA,"Balanced distribution/dependence design","Standardized Laplace",2,0,3,"inside formal moment assumptions","regular","phi = 0.2",0.5,4,2110065896,"laplace_phi020_N64","laplace","Standardized Laplace","inside formal moment assumptions",0.2,"phi = 0.2",64,8,8,4,100000,11,0.416666666666667,-0.0400305069526007,-0.456697173619267,1.43248230617927,0.95412857457405,1.00132022446911,0.0471916498950574,0.151688603331837,0.00169,0.04149,0.00887
"laplace_phi020_N100_M10_Q10","laplace_phi020_N100","laplace","regular_distribution_dependence","laplace_phi_0.2","laplace, phi = 0.2",0.2,100,10,10,100,0.5,NA,"Balanced distribution/dependence design","Standardized Laplace",2,0,3,"inside formal moment assumptions","regular","phi = 0.2",0.5,5,2146066004,"laplace_phi020_N100","laplace","Standardized Laplace","inside formal moment assumptions",0.2,"phi = 0.2",100,10,10,5,100000,11,0.416666666666667,-0.0699081260056654,-0.486574792672332,1.63730447285342,0.962343100518829,1.0041411519929,0.0417980514740763,0.143624299482724,0.00071,0.03144,0.00227
"laplace_phi020_N225_M15_Q15","laplace_phi020_N225","laplace","regular_distribution_dependence","laplace_phi_0.2","laplace, phi = 0.2",0.2,225,15,15,225,0.5,NA,"Balanced distribution/dependence design","Standardized Laplace",2,0,3,"inside formal moment assumptions","regular","phi = 0.2",0.5,7,123582733,"laplace_phi020_N225","laplace","Standardized Laplace","inside formal moment assumptions",0.2,"phi = 0.2",225,15,15,7,100000,11,0.416666666666667,-0.0321357235610241,-0.448802390227691,1.7796405484107,0.974025974026886,1.00118936272855,0.027163388701665,0.109270162629976,5e-05,0.01079,5e-05
"laplace_phi020_N400_M20_Q20","laplace_phi020_N400","laplace","regular_distribution_dependence","laplace_phi_0.2","laplace, phi = 0.2",0.2,400,20,20,400,0.5,NA,"Balanced distribution/dependence design","Standardized Laplace",2,0,3,"inside formal moment assumptions","regular","phi = 0.2",0.5,10,298583258,"laplace_phi020_N400","laplace","Standardized Laplace","inside formal moment assumptions",0.2,"phi = 0.2",400,20,20,10,100000,11,0.416666666666667,-0.122017109109567,-0.538683775776233,2.27250793491102,0.980187695516163,1.00522085228498,0.0250331567688135,0.106861497064033,0,0.00689,0
"laplace_phi020_N1024_M32_Q32","laplace_phi020_N1024","laplace","regular_distribution_dependence","laplace_phi_0.2","laplace, phi = 0.2",0.2,1024,32,32,1024,0.5,NA,"Balanced distribution/dependence design","Standardized Laplace",2,0,3,"inside formal moment assumptions","regular","phi = 0.2",0.5,13,922585130,"laplace_phi020_N1024","laplace","Standardized Laplace","inside formal moment assumptions",0.2,"phi = 0.2",1024,32,32,13,100000,11,0.416666666666667,0.0782205659922169,-0.33844610067445,1.88567974734111,0.987380932996825,0.997530282586122,0.010149349589297,0.0569532502435222,0,0.00021,0
"laplace_phi020_N8100_M90_Q90","laplace_phi020_N8100","laplace","regular_distribution_dependence","laplace_phi_0.2","laplace, phi = 0.2",0.2,8100,90,90,8100,0.5,NA,"Balanced distribution/dependence design","Standardized Laplace",2,0,3,"inside formal moment assumptions","regular","phi = 0.2",0.5,19,1556155420,"laplace_phi020_N8100","laplace","Standardized Laplace","inside formal moment assumptions",0.2,"phi = 0.2",8100,90,90,19,100000,11,0.416666666666667,0.327187199025052,-0.0894794676416151,1.06577713290371,0.995421575183909,0.996403304882865,0.00098172969895638,0.011710504533819,0,0,0
"centered_gamma4_phi020_N100_M10_Q10","centered_gamma4_phi020_N100","centered_gamma4","regular_distribution_dependence","centered_gamma4_phi_0.2","centered_gamma4, phi = 0.2",0.2,100,10,10,100,0.5,NA,"Balanced distribution/dependence design","Centered Gamma(4)",3,1,1.5,"inside formal moment assumptions","regular","phi = 0.2",0.5,5,2146066105,"centered_gamma4_phi020_N100","centered_gamma4","Centered Gamma(4)","inside formal moment assumptions",0.2,"phi = 0.2",100,10,10,5,100000,11,0.416666666666667,-0.0746189752232229,-0.49128564188989,1.63941309075064,0.962343100518829,1.00456213175642,0.0422190312375865,0.143837674073366,0.00056,0.03088,0.0025
"centered_gamma4_phi020_N225_M15_Q15","centered_gamma4_phi020_N225","centered_gamma4","regular_distribution_dependence","centered_gamma4_phi_0.2","centered_gamma4, phi = 0.2",0.2,225,15,15,225,0.5,NA,"Balanced distribution/dependence design","Centered Gamma(4)",3,1,1.5,"inside formal moment assumptions","regular","phi = 0.2",0.5,7,123582834,"centered_gamma4_phi020_N225","centered_gamma4","Centered Gamma(4)","inside formal moment assumptions",0.2,"phi = 0.2",225,15,15,7,100000,11,0.416666666666667,-0.0408190388122263,-0.457485705478893,1.78343277816732,0.974025974026886,1.00172793670849,0.0277019626816065,0.109507321163343,2e-05,0.01115,1e-04
"centered_gamma4_phi020_N400_M20_Q20","centered_gamma4_phi020_N400","centered_gamma4","regular_distribution_dependence","centered_gamma4_phi_0.2","centered_gamma4, phi = 0.2",0.2,400,20,20,400,0.5,NA,"Balanced distribution/dependence design","Centered Gamma(4)",3,1,1.5,"inside formal moment assumptions","regular","phi = 0.2",0.5,10,298583359,"centered_gamma4_phi020_N400","centered_gamma4","Centered Gamma(4)","inside formal moment assumptions",0.2,"phi = 0.2",400,20,20,10,100000,11,0.416666666666667,-0.108574373389648,-0.525241040056315,2.25119330392912,0.980187695516163,1.00459219024687,0.0244044947307035,0.105885176445812,1e-05,0.00658,0
"centered_gamma4_phi020_N64_M8_Q8","centered_gamma4_phi020_N64","centered_gamma4","regular_distribution_dependence","centered_gamma4_phi_0.2","centered_gamma4, phi = 0.2",0.2,64,8,8,64,0.5,NA,"Balanced distribution/dependence design","Centered Gamma(4)",3,1,1.5,"inside formal moment assumptions","regular","phi = 0.2",0.5,4,2110065997,"centered_gamma4_phi020_N64","centered_gamma4","Centered Gamma(4)","inside formal moment assumptions",0.2,"phi = 0.2",64,8,8,4,100000,11,0.416666666666667,-0.0440105647845104,-0.460677231451177,1.43881862806214,0.95412857457405,1.00172979340643,0.0476012188323774,0.152412328755584,0.00141,0.04077,0.00835
"centered_gamma4_phi050_N225_M15_Q15","centered_gamma4_phi050_N225","centered_gamma4","regular_distribution_dependence","centered_gamma4_phi_0.5","centered_gamma4, phi = 0.5",0.5,225,15,15,225,0.5,NA,"Balanced distribution/dependence design","Centered Gamma(4)",3,1,1.5,"inside formal moment assumptions","regular","phi = 0.5",0.5,7,153603834,"centered_gamma4_phi050_N225","centered_gamma4","Centered Gamma(4)","inside formal moment assumptions",0.5,"phi = 0.5",225,15,15,7,100000,24,1.33333333333333,1.00412657504164,-0.329206758291696,1.1883784547608,0.916545202764065,0.936878874494557,0.0203336717304918,0.0738811396512024,0,0.00097,3e-05
"centered_gamma4_phi050_N400_M20_Q20","centered_gamma4_phi050_N400","centered_gamma4","regular_distribution_dependence","centered_gamma4_phi_0.5","centered_gamma4, phi = 0.5",0.5,400,20,20,400,0.5,NA,"Balanced distribution/dependence design","Centered Gamma(4)",3,1,1.5,"inside formal moment assumptions","regular","phi = 0.5",0.5,10,328604359,"centered_gamma4_phi050_N400","centered_gamma4","Centered Gamma(4)","inside formal moment assumptions",0.5,"phi = 0.5",400,20,20,10,100000,24,1.33333333333333,0.944437852601419,-0.388895480731915,1.68764750265684,0.936454913289252,0.954712758740429,0.0182578454511774,0.0799407444624824,0,0.00112,0
"centered_gamma4_phi050_N1024_M32_Q32","centered_gamma4_phi050_N1024","centered_gamma4","regular_distribution_dependence","centered_gamma4_phi_0.5","centered_gamma4, phi = 0.5",0.5,1024,32,32,1024,0.5,NA,"Balanced distribution/dependence design","Centered Gamma(4)",3,1,1.5,"inside formal moment assumptions","regular","phi = 0.5",0.5,13,952606231,"centered_gamma4_phi050_N1024","centered_gamma4","Centered Gamma(4)","inside formal moment assumptions",0.5,"phi = 0.5",1024,32,32,13,100000,24,1.33333333333333,1.07574364498536,-0.257589688347969,1.49850708293588,0.959582790100979,0.96733477377682,0.00775198367584173,0.0453760750129731,0,3e-05,0
"centered_gamma4_phi050_N4096_M64_Q64","centered_gamma4_phi050_N4096","centered_gamma4","regular_distribution_dependence","centered_gamma4_phi_0.5","centered_gamma4, phi = 0.5",0.5,4096,64,64,4096,0.5,NA,"Balanced distribution/dependence design","Centered Gamma(4)",3,1,1.5,"inside formal moment assumptions","regular","phi = 0.5",0.5,17,1877131801,"centered_gamma4_phi050_N4096","centered_gamma4","Centered Gamma(4)","inside formal moment assumptions",0.5,"phi = 0.5",4096,64,64,17,100000,24,1.33333333333333,1.22038485007271,-0.112948483260619,1.09729513676094,0.979485509605992,0.981219361234804,0.00173385162881257,0.0168842985086598,0,0,0
"centered_gamma4_phi050_N4096_M64_Q64","centered_gamma4_phi050_N4096","centered_gamma4","fixed_N_distribution_dependence","centered_gamma4_phi_0.5","centered_gamma4, phi = 0.5",0.5,4096,64,64,64,NA,NA,"Fixed N=4096 distribution/dependence block comparison","Centered Gamma(4)",3,1,1.5,"inside formal moment assumptions","regular","phi = 0.5",0.5,17,1877131801,"centered_gamma4_phi050_N4096","centered_gamma4","Centered Gamma(4)","inside formal moment assumptions",0.5,"phi = 0.5",4096,64,64,17,100000,24,1.33333333333333,1.22038485007271,-0.112948483260619,1.09729513676094,0.979485509605992,0.981219361234804,0.00173385162881257,0.0168842985086598,0,0,0
"centered_gamma4_phi050_N4096_M256_Q16","centered_gamma4_phi050_N4096","centered_gamma4","fixed_N_distribution_dependence","centered_gamma4_phi_0.5","centered_gamma4, phi = 0.5",0.5,4096,256,16,256,NA,NA,"Fixed N=4096 distribution/dependence block comparison","Centered Gamma(4)",3,1,1.5,"inside formal moment assumptions","regular","phi = 0.5",0.666666666666667,17,1877131801,"centered_gamma4_phi050_N4096","centered_gamma4","Centered Gamma(4)","inside formal moment assumptions",0.5,"phi = 0.5",4096,256,16,17,100000,24,1.33333333333333,1.22038485007271,-0.112948483260619,1.09729513676094,0.995115597525236,0.99552841934162,0.000412821816384024,0.00402007107349044,0,0,3e-05
"centered_gamma4_phi050_N4096_M16_Q256","centered_gamma4_phi050_N4096","centered_gamma4","fixed_N_distribution_dependence","centered_gamma4_phi_0.5","centered_gamma4, phi = 0.5",0.5,4096,16,256,16,NA,NA,"Fixed N=4096 distribution/dependence block comparison","Centered Gamma(4)",3,1,1.5,"inside formal moment assumptions","regular","phi = 0.5",0.333333333333333,8,1877131801,"centered_gamma4_phi050_N4096","centered_gamma4","Centered Gamma(4)","inside formal moment assumptions",0.5,"phi = 0.5",4096,16,256,8,100000,24,1.33333333333333,1.29078879841115,-0.04254453492218,0.279240053910807,0.916966429908824,0.919614343484413,0.0026479135755888,0.017394504355061,0,0,0
"centered_gamma4_phi050_N8100_M90_Q90","centered_gamma4_phi050_N8100","centered_gamma4","regular_distribution_dependence","centered_gamma4_phi_0.5","centered_gamma4, phi = 0.5",0.5,8100,90,90,8100,0.5,NA,"Balanced distribution/dependence design","Centered Gamma(4)",3,1,1.5,"inside formal moment assumptions","regular","phi = 0.5",0.5,19,1586176521,"centered_gamma4_phi050_N8100","centered_gamma4","Centered Gamma(4)","inside formal moment assumptions",0.5,"phi = 0.5",8100,90,90,19,100000,24,1.33333333333333,1.25831709013349,-0.075016243199846,0.926983476439208,0.98534738228515,0.986170740134707,0.00082335784955756,0.0101879468163356,0,0,0
"centered_gamma4_phi080_N64_M8_Q8","centered_gamma4_phi080_N64","centered_gamma4","regular_distribution_dependence","centered_gamma4_phi_0.8","centered_gamma4, phi = 0.8",0.8,64,8,8,64,0.5,NA,"Balanced distribution/dependence design","Centered Gamma(4)",3,1,1.5,"inside formal moment assumptions","regular","phi = 0.8",0.5,4,22624351,"centered_gamma4_phi080_N64","centered_gamma4","Centered Gamma(4)","inside formal moment assumptions",0.8,"phi = 0.8",64,8,8,4,100000,73,4.44444444444445,1.70699655006897,-2.73744789437548,2.75344617238595,0.577774396815308,0.808020281969775,0.230245885154467,0.232713998710032,0,3e-05,0.03205
"centered_gamma4_phi080_N100_M10_Q10","centered_gamma4_phi080_N100","centered_gamma4","regular_distribution_dependence","centered_gamma4_phi_0.8","centered_gamma4, phi = 0.8",0.8,100,10,10,100,0.5,NA,"Balanced distribution/dependence design","Centered Gamma(4)",3,1,1.5,"inside formal moment assumptions","regular","phi = 0.8",0.5,5,58624459,"centered_gamma4_phi080_N100","centered_gamma4","Centered Gamma(4)","inside formal moment assumptions",0.8,"phi = 0.8",100,10,10,5,100000,73,4.44444444444445,2.03158193149637,-2.41286251294808,2.43588970291853,0.631336829017274,0.81325983925609,0.181923010238816,0.184566844134933,0,1e-05,0.00884
"centered_gamma4_phi080_N225_M15_Q15","centered_gamma4_phi080_N225","centered_gamma4","regular_distribution_dependence","centered_gamma4_phi_0.8","centered_gamma4, phi = 0.8",0.8,225,15,15,225,0.5,NA,"Balanced distribution/dependence design","Centered Gamma(4)",3,1,1.5,"inside formal moment assumptions","regular","phi = 0.8",0.5,7,183624834,"centered_gamma4_phi080_N225","centered_gamma4","Centered Gamma(4)","inside formal moment assumptions",0.8,"phi = 0.8",225,15,15,7,100000,73,4.44444444444445,2.5936273778635,-1.85081706658095,1.89421266841442,0.728519205669168,0.836690343850598,0.108171138181429,0.111161861958261,0,0,0.00031
"centered_gamma4_phi020_N1024_M32_Q32","centered_gamma4_phi020_N1024","centered_gamma4","regular_distribution_dependence","centered_gamma4_phi_0.2","centered_gamma4, phi = 0.2",0.2,1024,32,32,1024,0.5,NA,"Balanced distribution/dependence design","Centered Gamma(4)",3,1,1.5,"inside formal moment assumptions","regular","phi = 0.2",0.5,13,922585231,"centered_gamma4_phi020_N1024","centered_gamma4","Centered Gamma(4)","inside formal moment assumptions",0.2,"phi = 0.2",1024,32,32,13,100000,11,0.416666666666667,0.0775152168742016,-0.339151449792465,1.88487498516151,0.987380932996825,0.99755174333635,0.0101708103395248,0.0569286909045536,0,0.00024,0
"centered_gamma4_phi020_N4096_M256_Q16","centered_gamma4_phi020_N4096","centered_gamma4","fixed_N_distribution_dependence","centered_gamma4_phi_0.2","centered_gamma4, phi = 0.2",0.2,4096,256,16,256,NA,NA,"Fixed N=4096 distribution/dependence block comparison","Centered Gamma(4)",3,1,1.5,"inside formal moment assumptions","regular","phi = 0.2",0.666666666666667,17,1847110801,"centered_gamma4_phi020_N4096","centered_gamma4","Centered Gamma(4)","inside formal moment assumptions",0.2,"phi = 0.2",4096,256,16,17,100000,11,0.416666666666667,0.274126279181631,-0.142540387485035,1.2942963082589,0.998473965857529,0.998994572813325,0.000520606955795366,0.00473938103715831,0,0,0
"centered_gamma4_phi020_N4096_M64_Q64","centered_gamma4_phi020_N4096","centered_gamma4","regular_distribution_dependence","centered_gamma4_phi_0.2","centered_gamma4, phi = 0.2",0.2,4096,64,64,4096,0.5,NA,"Balanced distribution/dependence design","Centered Gamma(4)",3,1,1.5,"inside formal moment assumptions","regular","phi = 0.2",0.5,17,1847110801,"centered_gamma4_phi020_N4096","centered_gamma4","Centered Gamma(4)","inside formal moment assumptions",0.2,"phi = 0.2",4096,64,64,17,100000,11,0.416666666666667,0.274126279181631,-0.142540387485035,1.2942963082589,0.993590656601624,0.995777205815962,0.00218654921433825,0.0199054003560649,0,0,0
"centered_gamma4_phi020_N4096_M64_Q64","centered_gamma4_phi020_N4096","centered_gamma4","fixed_N_distribution_dependence","centered_gamma4_phi_0.2","centered_gamma4, phi = 0.2",0.2,4096,64,64,64,NA,NA,"Fixed N=4096 distribution/dependence block comparison","Centered Gamma(4)",3,1,1.5,"inside formal moment assumptions","regular","phi = 0.2",0.5,17,1847110801,"centered_gamma4_phi020_N4096","centered_gamma4","Centered Gamma(4)","inside formal moment assumptions",0.2,"phi = 0.2",4096,64,64,17,100000,11,0.416666666666667,0.274126279181631,-0.142540387485035,1.2942963082589,0.993590656601624,0.995777205815962,0.00218654921433825,0.0199054003560649,0,0,0
"centered_gamma4_phi020_N4096_M16_Q256","centered_gamma4_phi020_N4096","centered_gamma4","fixed_N_distribution_dependence","centered_gamma4_phi_0.2","centered_gamma4, phi = 0.2",0.2,4096,16,256,16,NA,NA,"Fixed N=4096 distribution/dependence block comparison","Centered Gamma(4)",3,1,1.5,"inside formal moment assumptions","regular","phi = 0.2",0.333333333333333,8,1847110801,"centered_gamma4_phi020_N4096","centered_gamma4","Centered Gamma(4)","inside formal moment assumptions",0.2,"phi = 0.2",4096,16,256,8,100000,11,0.416666666666667,0.385276798520371,-0.0313898681462959,0.394054275121516,0.974057419578171,0.976009659751379,0.00195224017320716,0.0245356933808193,0,0,0
"centered_gamma4_phi020_N8100_M90_Q90","centered_gamma4_phi020_N8100","centered_gamma4","regular_distribution_dependence","centered_gamma4_phi_0.2","centered_gamma4, phi = 0.2",0.2,8100,90,90,8100,0.5,NA,"Balanced distribution/dependence design","Centered Gamma(4)",3,1,1.5,"inside formal moment assumptions","regular","phi = 0.2",0.5,19,1556155521,"centered_gamma4_phi020_N8100","centered_gamma4","Centered Gamma(4)","inside formal moment assumptions",0.2,"phi = 0.2",8100,90,90,19,100000,11,0.416666666666667,0.334008894414305,-0.082657772252362,1.06528594899735,0.995421575183909,0.996328344157546,0.000906768973637062,0.0117051268257734,0,0,0
"centered_gamma4_phi050_N64_M8_Q8","centered_gamma4_phi050_N64","centered_gamma4","regular_distribution_dependence","centered_gamma4_phi_0.5","centered_gamma4, phi = 0.5",0.5,64,8,8,64,0.5,NA,"Balanced distribution/dependence design","Centered Gamma(4)",3,1,1.5,"inside formal moment assumptions","regular","phi = 0.5",0.5,4,2140086997,"centered_gamma4_phi050_N64","centered_gamma4","Centered Gamma(4)","inside formal moment assumptions",0.5,"phi = 0.5",64,8,8,4,100000,24,1.33333333333333,0.852825708051368,-0.480507625281965,0.962244645623635,0.851728723404255,0.904262473211992,0.0525337498077372,0.105011093560841,0.00011,0.00454,0.01263
"centered_gamma4_phi050_N100_M10_Q10","centered_gamma4_phi050_N100","centered_gamma4","regular_distribution_dependence","centered_gamma4_phi_0.5","centered_gamma4, phi = 0.5",0.5,100,10,10,100,0.5,NA,"Balanced distribution/dependence design","Centered Gamma(4)",3,1,1.5,"inside formal moment assumptions","regular","phi = 0.5",0.5,5,28603459,"centered_gamma4_phi050_N100","centered_gamma4","Centered Gamma(4)","inside formal moment assumptions",0.5,"phi = 0.5",100,10,10,5,100000,24,1.33333333333333,0.919220379436051,-0.414112953897282,1.05622242369959,0.878510346283784,0.915647171951063,0.0371368256672796,0.0948267730219301,4e-05,0.00325,0.00315
"centered_gamma4_phi080_N4096_M16_Q256","centered_gamma4_phi080_N4096","centered_gamma4","fixed_N_distribution_dependence","centered_gamma4_phi_0.8","centered_gamma4, phi = 0.8",0.8,4096,16,256,16,NA,NA,"Fixed N=4096 distribution/dependence block comparison","Centered Gamma(4)",3,1,1.5,"inside formal moment assumptions","regular","phi = 0.8",0.333333333333333,8,1907152801,"centered_gamma4_phi080_N4096","centered_gamma4","Centered Gamma(4)","inside formal moment assumptions",0.8,"phi = 0.8",4096,16,256,8,100000,73,4.44444444444445,2.93687814393971,-1.50756630050474,1.51155159756922,0.73083397719291,0.81703075311911,0.0861967759262003,0.0864676316085414,0,0,0
"centered_gamma4_phi080_N4096_M64_Q64","centered_gamma4_phi080_N4096","centered_gamma4","fixed_N_distribution_dependence","centered_gamma4_phi_0.8","centered_gamma4, phi = 0.8",0.8,4096,64,64,64,NA,NA,"Fixed N=4096 distribution/dependence block comparison","Centered Gamma(4)",3,1,1.5,"inside formal moment assumptions","regular","phi = 0.8",0.5,17,1907152801,"centered_gamma4_phi080_N4096","centered_gamma4","Centered Gamma(4)","inside formal moment assumptions",0.8,"phi = 0.8",4096,64,64,17,100000,73,4.44444444444445,4.0296906100123,-0.414753834432145,0.73021727892615,0.931566413397188,0.93795749838914,0.00639108499195173,0.0112525525288762,0,0,0
"centered_gamma4_phi080_N4096_M64_Q64","centered_gamma4_phi080_N4096","centered_gamma4","regular_distribution_dependence","centered_gamma4_phi_0.8","centered_gamma4, phi = 0.8",0.8,4096,64,64,4096,0.5,NA,"Balanced distribution/dependence design","Centered Gamma(4)",3,1,1.5,"inside formal moment assumptions","regular","phi = 0.8",0.5,17,1907152801,"centered_gamma4_phi080_N4096","centered_gamma4","Centered Gamma(4)","inside formal moment assumptions",0.8,"phi = 0.8",4096,64,64,17,100000,73,4.44444444444445,4.0296906100123,-0.414753834432145,0.73021727892615,0.931566413397188,0.93795749838914,0.00639108499195173,0.0112525525288762,0,0,0
"centered_gamma4_phi080_N4096_M256_Q16","centered_gamma4_phi080_N4096","centered_gamma4","fixed_N_distribution_dependence","centered_gamma4_phi_0.8","centered_gamma4, phi = 0.8",0.8,4096,256,16,256,NA,NA,"Fixed N=4096 distribution/dependence block comparison","Centered Gamma(4)",3,1,1.5,"inside formal moment assumptions","regular","phi = 0.8",0.666666666666667,17,1907152801,"centered_gamma4_phi080_N4096","centered_gamma4","Centered Gamma(4)","inside formal moment assumptions",0.8,"phi = 0.8",4096,256,16,17,100000,73,4.44444444444445,4.0296906100123,-0.414753834432145,0.73021727892615,0.983706278514013,0.985227975806938,0.00152169729292539,0.00267918507478402,0,0,3e-05
"centered_gamma4_phi080_N400_M20_Q20","centered_gamma4_phi080_N400","centered_gamma4","regular_distribution_dependence","centered_gamma4_phi_0.8","centered_gamma4, phi = 0.8",0.8,400,20,20,400,0.5,NA,"Balanced distribution/dependence design","Centered Gamma(4)",3,1,1.5,"inside formal moment assumptions","regular","phi = 0.8",0.5,10,358625359,"centered_gamma4_phi080_N400","centered_gamma4","Centered Gamma(4)","inside formal moment assumptions",0.8,"phi = 0.8",400,20,20,10,100000,73,4.44444444444445,3.17275275035371,-1.27169169409074,1.42860572598281,0.789107688774397,0.848037877312697,0.0589301885382992,0.0667515811903649,0,0,1e-05
"centered_gamma4_phi080_N1024_M32_Q32","centered_gamma4_phi080_N1024","centered_gamma4","regular_distribution_dependence","centered_gamma4_phi_0.8","centered_gamma4, phi = 0.8",0.8,1024,32,32,1024,0.5,NA,"Balanced distribution/dependence design","Centered Gamma(4)",3,1,1.5,"inside formal moment assumptions","regular","phi = 0.8",0.5,13,982627231,"centered_gamma4_phi080_N1024","centered_gamma4","Centered Gamma(4)","inside formal moment assumptions",0.8,"phi = 0.8",1024,32,32,13,100000,73,4.44444444444445,3.62856912542101,-0.815875319023439,1.06614168583135,0.864975383661746,0.88974603543465,0.0247706517729036,0.0324183213802291,0,0,0
"centered_gamma4_phi080_N8100_M90_Q90","centered_gamma4_phi080_N8100","centered_gamma4","regular_distribution_dependence","centered_gamma4_phi_0.8","centered_gamma4, phi = 0.8",0.8,8100,90,90,8100,0.5,NA,"Balanced distribution/dependence design","Centered Gamma(4)",3,1,1.5,"inside formal moment assumptions","regular","phi = 0.8",0.5,19,1616197521,"centered_gamma4_phi080_N8100","centered_gamma4","Centered Gamma(4)","inside formal moment assumptions",0.8,"phi = 0.8",8100,90,90,19,100000,73,4.44444444444445,4.14925005599719,-0.295194388447254,0.615787568985768,0.951139171106639,0.954385712064421,0.00324654095778254,0.00677273879689088,0,0,0
"contaminated_normal_phi080_N4096_M64_Q64","contaminated_normal_phi080_N4096","contaminated_normal","fixed_N_distribution_dependence","contaminated_normal_phi_0.8","contaminated_normal, phi = 0.8",0.8,4096,64,64,64,NA,NA,"Fixed N=4096 distribution/dependence block comparison","Contaminated normal",4,0,16.9586776859504,"inside formal moment assumptions","extreme","phi = 0.8",0.5,17,1907152902,"contaminated_normal_phi080_N4096","contaminated_normal","Contaminated normal","inside formal moment assumptions",0.8,"phi = 0.8",4096,64,64,17,100000,73,4.44444444444445,4.02966624975408,-0.414778194690367,0.729381370612706,0.931566413397188,0.93795787847907,0.00639146508188249,0.0112396790930908,0,0,0
"contaminated_normal_phi080_N4096_M64_Q64","contaminated_normal_phi080_N4096","contaminated_normal","extreme_distribution_dependence","contaminated_normal_phi_0.8","contaminated_normal, phi = 0.8",0.8,4096,64,64,4096,0.5,NA,"Balanced extreme-distribution design","Contaminated normal",4,0,16.9586776859504,"inside formal moment assumptions","extreme","phi = 0.8",0.5,17,1907152902,"contaminated_normal_phi080_N4096","contaminated_normal","Contaminated normal","inside formal moment assumptions",0.8,"phi = 0.8",4096,64,64,17,100000,73,4.44444444444445,4.02966624975408,-0.414778194690367,0.729381370612706,0.931566413397188,0.93795787847907,0.00639146508188249,0.0112396790930908,0,0,0
"contaminated_normal_phi080_N4096_M256_Q16","contaminated_normal_phi080_N4096","contaminated_normal","fixed_N_distribution_dependence","contaminated_normal_phi_0.8","contaminated_normal, phi = 0.8",0.8,4096,256,16,256,NA,NA,"Fixed N=4096 distribution/dependence block comparison","Contaminated normal",4,0,16.9586776859504,"inside formal moment assumptions","extreme","phi = 0.8",0.666666666666667,17,1907152902,"contaminated_normal_phi080_N4096","contaminated_normal","Contaminated normal","inside formal moment assumptions",0.8,"phi = 0.8",4096,256,16,17,100000,73,4.44444444444445,4.02966624975408,-0.414778194690367,0.729381370612706,0.983706278514013,0.985228066304541,0.00152178779052825,0.00267611997813594,0,0,3e-05
"contaminated_normal_phi080_N4096_M16_Q256","contaminated_normal_phi080_N4096","contaminated_normal","fixed_N_distribution_dependence","contaminated_normal_phi_0.8","contaminated_normal, phi = 0.8",0.8,4096,16,256,16,NA,NA,"Fixed N=4096 distribution/dependence block comparison","Contaminated normal",4,0,16.9586776859504,"inside formal moment assumptions","extreme","phi = 0.8",0.333333333333333,8,1907152902,"contaminated_normal_phi080_N4096","contaminated_normal","Contaminated normal","inside formal moment assumptions",0.8,"phi = 0.8",4096,16,256,8,100000,73,4.44444444444445,2.93711465027815,-1.5073297941663,1.51129066620933,0.73083397719291,0.817016009228943,0.0861820320360334,0.0864512320541096,0,0,0
"contaminated_normal_phi050_N225_M15_Q15","contaminated_normal_phi050_N225","contaminated_normal","extreme_distribution_dependence","contaminated_normal_phi_0.5","contaminated_normal, phi = 0.5",0.5,225,15,15,225,0.5,NA,"Balanced extreme-distribution design","Contaminated normal",4,0,16.9586776859504,"inside formal moment assumptions","extreme","phi = 0.5",0.5,7,153603935,"contaminated_normal_phi050_N225","contaminated_normal","Contaminated normal","inside formal moment assumptions",0.5,"phi = 0.5",225,15,15,7,100000,24,1.33333333333333,1.01897433564932,-0.314358997684015,1.15846091224261,0.916545202764065,0.935963538506999,0.0194183357429344,0.0720102464783799,0,0.00122,0.00011
"contaminated_normal_phi050_N400_M20_Q20","contaminated_normal_phi050_N400","contaminated_normal","extreme_distribution_dependence","contaminated_normal_phi_0.5","contaminated_normal, phi = 0.5",0.5,400,20,20,400,0.5,NA,"Balanced extreme-distribution design","Contaminated normal",4,0,16.9586776859504,"inside formal moment assumptions","extreme","phi = 0.5",0.5,10,328604460,"contaminated_normal_phi050_N400","contaminated_normal","Contaminated normal","inside formal moment assumptions",0.5,"phi = 0.5",400,20,20,10,100000,24,1.33333333333333,0.957606300135642,-0.375727033197691,1.66581044982984,0.936454913289252,0.954091796208694,0.0176368829194424,0.078899463623987,0,0.00104,0
"contaminated_normal_phi050_N1024_M32_Q32","contaminated_normal_phi050_N1024","contaminated_normal","extreme_distribution_dependence","contaminated_normal_phi_0.5","contaminated_normal, phi = 0.5",0.5,1024,32,32,1024,0.5,NA,"Balanced extreme-distribution design","Contaminated normal",4,0,16.9586776859504,"inside formal moment assumptions","extreme","phi = 0.5",0.5,13,952606332,"contaminated_normal_phi050_N1024","contaminated_normal","Contaminated normal","inside formal moment assumptions",0.5,"phi = 0.5",1024,32,32,13,100000,24,1.33333333333333,1.07089756203148,-0.262435771301851,1.51018655062369,0.959582790100979,0.967480830007229,0.00789803990624993,0.0457254655307646,0,5e-05,0
"contaminated_normal_phi050_N4096_M64_Q64","contaminated_normal_phi050_N4096","contaminated_normal","extreme_distribution_dependence","contaminated_normal_phi_0.5","contaminated_normal, phi = 0.5",0.5,4096,64,64,4096,0.5,NA,"Balanced extreme-distribution design","Contaminated normal",4,0,16.9586776859504,"inside formal moment assumptions","extreme","phi = 0.5",0.5,17,1877131902,"contaminated_normal_phi050_N4096","contaminated_normal","Contaminated normal","inside formal moment assumptions",0.5,"phi = 0.5",4096,64,64,17,100000,24,1.33333333333333,1.22380166388569,-0.109531669447643,1.09475488641844,0.979485509605992,0.981166794361615,0.00168128475562346,0.0168453393962206,0,0,0
"contaminated_normal_phi050_N4096_M64_Q64","contaminated_normal_phi050_N4096","contaminated_normal","fixed_N_distribution_dependence","contaminated_normal_phi_0.5","contaminated_normal, phi = 0.5",0.5,4096,64,64,64,NA,NA,"Fixed N=4096 distribution/dependence block comparison","Contaminated normal",4,0,16.9586776859504,"inside formal moment assumptions","extreme","phi = 0.5",0.5,17,1877131902,"contaminated_normal_phi050_N4096","contaminated_normal","Contaminated normal","inside formal moment assumptions",0.5,"phi = 0.5",4096,64,64,17,100000,24,1.33333333333333,1.22380166388569,-0.109531669447643,1.09475488641844,0.979485509605992,0.981166794361615,0.00168128475562346,0.0168453393962206,0,0,0
"contaminated_normal_phi050_N4096_M256_Q16","contaminated_normal_phi050_N4096","contaminated_normal","fixed_N_distribution_dependence","contaminated_normal_phi_0.5","contaminated_normal, phi = 0.5",0.5,4096,256,16,256,NA,NA,"Fixed N=4096 distribution/dependence block comparison","Contaminated normal",4,0,16.9586776859504,"inside formal moment assumptions","extreme","phi = 0.5",0.666666666666667,17,1877131902,"contaminated_normal_phi050_N4096","contaminated_normal","Contaminated normal","inside formal moment assumptions",0.5,"phi = 0.5",4096,256,16,17,100000,24,1.33333333333333,1.22380166388569,-0.109531669447643,1.09475488641844,0.995115597525236,0.995515903419432,0.000400305894195929,0.00401079509433825,0,0,6e-05
"contaminated_normal_phi050_N4096_M16_Q256","contaminated_normal_phi050_N4096","contaminated_normal","fixed_N_distribution_dependence","contaminated_normal_phi_0.5","contaminated_normal, phi = 0.5",0.5,4096,16,256,16,NA,NA,"Fixed N=4096 distribution/dependence block comparison","Contaminated normal",4,0,16.9586776859504,"inside formal moment assumptions","extreme","phi = 0.5",0.333333333333333,8,1877131902,"contaminated_normal_phi050_N4096","contaminated_normal","Contaminated normal","inside formal moment assumptions",0.5,"phi = 0.5",4096,16,256,8,100000,24,1.33333333333333,1.29223700198893,-0.0410963313444073,0.278056894696051,0.916966429908824,0.919524135630007,0.00255770572118286,0.0173208256536716,0,0,0
"contaminated_normal_phi080_N64_M8_Q8","contaminated_normal_phi080_N64","contaminated_normal","extreme_distribution_dependence","contaminated_normal_phi_0.8","contaminated_normal, phi = 0.8",0.8,64,8,8,64,0.5,NA,"Balanced extreme-distribution design","Contaminated normal",4,0,16.9586776859504,"inside formal moment assumptions","extreme","phi = 0.8",0.5,4,22624452,"contaminated_normal_phi080_N64","contaminated_normal","Contaminated normal","inside formal moment assumptions",0.8,"phi = 0.8",64,8,8,4,100000,73,4.44444444444445,1.71506261668705,-2.7293818277574,2.74414989031772,0.577774396815308,0.807101821218008,0.229327424402699,0.231606125736314,0,5e-05,0.03537
"contaminated_normal_phi080_N100_M10_Q10","contaminated_normal_phi080_N100","contaminated_normal","extreme_distribution_dependence","contaminated_normal_phi_0.8","contaminated_normal, phi = 0.8",0.8,100,10,10,100,0.5,NA,"Balanced extreme-distribution design","Contaminated normal",4,0,16.9586776859504,"inside formal moment assumptions","extreme","phi = 0.8",0.5,5,58624560,"contaminated_normal_phi080_N100","contaminated_normal","Contaminated normal","inside formal moment assumptions",0.8,"phi = 0.8",100,10,10,5,100000,73,4.44444444444445,2.03736406621061,-2.40708037823384,2.42928707751864,0.631336829017274,0.812721726477166,0.181384897459892,0.183932269914736,0,0,0.00969
"contaminated_normal_phi080_N225_M15_Q15","contaminated_normal_phi080_N225","contaminated_normal","extreme_distribution_dependence","contaminated_normal_phi_0.8","contaminated_normal, phi = 0.8",0.8,225,15,15,225,0.5,NA,"Balanced extreme-distribution design","Contaminated normal",4,0,16.9586776859504,"inside formal moment assumptions","extreme","phi = 0.8",0.5,7,183624935,"contaminated_normal_phi080_N225","contaminated_normal","Contaminated normal","inside formal moment assumptions",0.8,"phi = 0.8",225,15,15,7,100000,73,4.44444444444445,2.59661796309518,-1.84782648134926,1.89049035834654,0.728519205669168,0.836500765292894,0.107981559623726,0.110921550615735,0,0,0.00037
"contaminated_normal_phi050_N64_M8_Q8","contaminated_normal_phi050_N64","contaminated_normal","extreme_distribution_dependence","contaminated_normal_phi_0.5","contaminated_normal, phi = 0.5",0.5,64,8,8,64,0.5,NA,"Balanced extreme-distribution design","Contaminated normal",4,0,16.9586776859504,"inside formal moment assumptions","extreme","phi = 0.5",0.5,4,2140087098,"contaminated_normal_phi050_N64","contaminated_normal","Contaminated normal","inside formal moment assumptions",0.5,"phi = 0.5",64,8,8,4,100000,24,1.33333333333333,0.874401507155395,-0.458931826177938,0.918329515985714,0.851728723404255,0.901945251095784,0.0502165276915292,0.100212014979349,5e-05,0.00471,0.01228
"contaminated_normal_phi050_N100_M10_Q10","contaminated_normal_phi050_N100","contaminated_normal","extreme_distribution_dependence","contaminated_normal_phi_0.5","contaminated_normal, phi = 0.5",0.5,100,10,10,100,0.5,NA,"Balanced extreme-distribution design","Contaminated normal",4,0,16.9586776859504,"inside formal moment assumptions","extreme","phi = 0.5",0.5,5,28603560,"contaminated_normal_phi050_N100","contaminated_normal","Contaminated normal","inside formal moment assumptions",0.5,"phi = 0.5",100,10,10,5,100000,24,1.33333333333333,0.937068475201196,-0.396264858132137,1.01521277878393,0.878510346283784,0.914074449391879,0.0355641031080947,0.0911447499442427,3e-05,0.00319,0.00327
"contaminated_normal_phi080_N1024_M32_Q32","contaminated_normal_phi080_N1024","contaminated_normal","extreme_distribution_dependence","contaminated_normal_phi_0.8","contaminated_normal, phi = 0.8",0.8,1024,32,32,1024,0.5,NA,"Balanced extreme-distribution design","Contaminated normal",4,0,16.9586776859504,"inside formal moment assumptions","extreme","phi = 0.8",0.5,13,982627332,"contaminated_normal_phi080_N1024","contaminated_normal","Contaminated normal","inside formal moment assumptions",0.8,"phi = 0.8",1024,32,32,13,100000,73,4.44444444444445,3.62861907512765,-0.815825369316796,1.06715389694948,0.864975383661746,0.889744445924271,0.0247690622625248,0.0324488644007199,0,0,0
"contaminated_normal_phi080_N400_M20_Q20","contaminated_normal_phi080_N400","contaminated_normal","extreme_distribution_dependence","contaminated_normal_phi_0.8","contaminated_normal, phi = 0.8",0.8,400,20,20,400,0.5,NA,"Balanced extreme-distribution design","Contaminated normal",4,0,16.9586776859504,"inside formal moment assumptions","extreme","phi = 0.8",0.5,10,358625460,"contaminated_normal_phi080_N400","contaminated_normal","Contaminated normal","inside formal moment assumptions",0.8,"phi = 0.8",400,20,20,10,100000,73,4.44444444444445,3.17780879801278,-1.26663564643167,1.41999260793869,0.789107688774397,0.84779527403132,0.0586875852569222,0.0663337242675239,0,0,0
"centered_gamma05_phi050_N4096_M256_Q16","centered_gamma05_phi050_N4096","centered_gamma05","fixed_N_distribution_dependence","centered_gamma05_phi_0.5","centered_gamma05, phi = 0.5",0.5,4096,256,16,256,NA,NA,"Fixed N=4096 distribution/dependence block comparison","Centered Gamma(1/2)",5,2.82842712474619,12,"inside formal moment assumptions","extreme","phi = 0.5",0.666666666666667,17,1877132003,"centered_gamma05_phi050_N4096","centered_gamma05","Centered Gamma(1/2)","inside formal moment assumptions",0.5,"phi = 0.5",4096,256,16,17,100000,24,1.33333333333333,1.22578498943132,-0.107548343902018,1.0947691309175,0.995115597525236,0.995508635503001,0.000393037977765354,0.00401085672580766,0,0,2e-05
"centered_gamma05_phi050_N4096_M16_Q256","centered_gamma05_phi050_N4096","centered_gamma05","fixed_N_distribution_dependence","centered_gamma05_phi_0.5","centered_gamma05, phi = 0.5",0.5,4096,16,256,16,NA,NA,"Fixed N=4096 distribution/dependence block comparison","Centered Gamma(1/2)",5,2.82842712474619,12,"inside formal moment assumptions","extreme","phi = 0.5",0.333333333333333,8,1877132003,"centered_gamma05_phi050_N4096","centered_gamma05","Centered Gamma(1/2)","inside formal moment assumptions",0.5,"phi = 0.5",4096,16,256,8,100000,24,1.33333333333333,1.29310447034163,-0.0402288629917023,0.277717111971881,0.916966429908824,0.919470098333468,0.00250366842464389,0.0172997368480216,0,0,0
"centered_gamma05_phi050_N4096_M64_Q64","centered_gamma05_phi050_N4096","centered_gamma05","fixed_N_distribution_dependence","centered_gamma05_phi_0.5","centered_gamma05, phi = 0.5",0.5,4096,64,64,64,NA,NA,"Fixed N=4096 distribution/dependence block comparison","Centered Gamma(1/2)",5,2.82842712474619,12,"inside formal moment assumptions","extreme","phi = 0.5",0.5,17,1877132003,"centered_gamma05_phi050_N4096","centered_gamma05","Centered Gamma(1/2)","inside formal moment assumptions",0.5,"phi = 0.5",4096,64,64,17,100000,24,1.33333333333333,1.22578498943132,-0.107548343902018,1.0947691309175,0.979485509605992,0.981136269112607,0.00165075950661542,0.0168455982483922,0,0,0
"centered_gamma05_phi050_N4096_M64_Q64","centered_gamma05_phi050_N4096","centered_gamma05","extreme_distribution_dependence","centered_gamma05_phi_0.5","centered_gamma05, phi = 0.5",0.5,4096,64,64,4096,0.5,NA,"Balanced extreme-distribution design","Centered Gamma(1/2)",5,2.82842712474619,12,"inside formal moment assumptions","extreme","phi = 0.5",0.5,17,1877132003,"centered_gamma05_phi050_N4096","centered_gamma05","Centered Gamma(1/2)","inside formal moment assumptions",0.5,"phi = 0.5",4096,64,64,17,100000,24,1.33333333333333,1.22578498943132,-0.107548343902018,1.0947691309175,0.979485509605992,0.981136269112607,0.00165075950661542,0.0168455982483922,0,0,0
"centered_gamma05_phi080_N400_M20_Q20","centered_gamma05_phi080_N400","centered_gamma05","extreme_distribution_dependence","centered_gamma05_phi_0.8","centered_gamma05, phi = 0.8",0.8,400,20,20,400,0.5,NA,"Balanced extreme-distribution design","Centered Gamma(1/2)",5,2.82842712474619,12,"inside formal moment assumptions","extreme","phi = 0.8",0.5,10,358625561,"centered_gamma05_phi080_N400","centered_gamma05","Centered Gamma(1/2)","inside formal moment assumptions",0.8,"phi = 0.8",400,20,20,10,100000,73,4.44444444444445,3.17719007744911,-1.26725436699534,1.4161640400492,0.789107688774397,0.847826630812294,0.0587189420378971,0.0661477510455825,0,0,2e-05
"centered_gamma05_phi080_N4096_M64_Q64","centered_gamma05_phi080_N4096","centered_gamma05","fixed_N_distribution_dependence","centered_gamma05_phi_0.8","centered_gamma05, phi = 0.8",0.8,4096,64,64,64,NA,NA,"Fixed N=4096 distribution/dependence block comparison","Centered Gamma(1/2)",5,2.82842712474619,12,"inside formal moment assumptions","extreme","phi = 0.8",0.5,17,1907153003,"centered_gamma05_phi080_N4096","centered_gamma05","Centered Gamma(1/2)","inside formal moment assumptions",0.8,"phi = 0.8",4096,64,64,17,100000,73,4.44444444444445,4.0242011907061,-0.420243253738345,0.731938145918405,0.931566413397188,0.938042104424308,0.00647569102712042,0.0112790842312455,0,0,0
"centered_gamma05_phi080_N4096_M64_Q64","centered_gamma05_phi080_N4096","centered_gamma05","extreme_distribution_dependence","centered_gamma05_phi_0.8","centered_gamma05, phi = 0.8",0.8,4096,64,64,4096,0.5,NA,"Balanced extreme-distribution design","Centered Gamma(1/2)",5,2.82842712474619,12,"inside formal moment assumptions","extreme","phi = 0.8",0.5,17,1907153003,"centered_gamma05_phi080_N4096","centered_gamma05","Centered Gamma(1/2)","inside formal moment assumptions",0.8,"phi = 0.8",4096,64,64,17,100000,73,4.44444444444445,4.0242011907061,-0.420243253738345,0.731938145918405,0.931566413397188,0.938042104424308,0.00647569102712042,0.0112790842312455,0,0,0
"centered_gamma05_phi080_N4096_M256_Q16","centered_gamma05_phi080_N4096","centered_gamma05","fixed_N_distribution_dependence","centered_gamma05_phi_0.8","centered_gamma05, phi = 0.8",0.8,4096,256,16,256,NA,NA,"Fixed N=4096 distribution/dependence block comparison","Centered Gamma(1/2)",5,2.82842712474619,12,"inside formal moment assumptions","extreme","phi = 0.8",0.666666666666667,17,1907153003,"centered_gamma05_phi080_N4096","centered_gamma05","Centered Gamma(1/2)","inside formal moment assumptions",0.8,"phi = 0.8",4096,256,16,17,100000,73,4.44444444444445,4.0242011907061,-0.420243253738345,0.731938145918405,0.983706278514013,0.985248120101026,0.00154184158701309,0.00268550221083261,0,0,5e-05
"centered_gamma05_phi080_N4096_M16_Q256","centered_gamma05_phi080_N4096","centered_gamma05","fixed_N_distribution_dependence","centered_gamma05_phi_0.8","centered_gamma05, phi = 0.8",0.8,4096,16,256,16,NA,NA,"Fixed N=4096 distribution/dependence block comparison","Centered Gamma(1/2)",5,2.82842712474619,12,"inside formal moment assumptions","extreme","phi = 0.8",0.333333333333333,8,1907153003,"centered_gamma05_phi080_N4096","centered_gamma05","Centered Gamma(1/2)","inside formal moment assumptions",0.8,"phi = 0.8",4096,16,256,8,100000,73,4.44444444444445,2.9359160687853,-1.50852837565914,1.51252054728555,0.73083397719291,0.817090733469948,0.0862567562770385,0.0865280636571943,0,0,0
"centered_gamma05_phi050_N64_M8_Q8","centered_gamma05_phi050_N64","centered_gamma05","extreme_distribution_dependence","centered_gamma05_phi_0.5","centered_gamma05, phi = 0.5",0.5,64,8,8,64,0.5,NA,"Balanced extreme-distribution design","Centered Gamma(1/2)",5,2.82842712474619,12,"inside formal moment assumptions","extreme","phi = 0.5",0.5,4,2140087199,"centered_gamma05_phi050_N64","centered_gamma05","Centered Gamma(1/2)","inside formal moment assumptions",0.5,"phi = 0.5",64,8,8,4,100000,24,1.33333333333333,0.900419917414375,-0.432913415918958,0.86005961005157,0.851728723404255,0.899150166102642,0.0474214426983863,0.0944042089016771,2e-05,0.00237,0.0168
"centered_gamma05_phi050_N100_M10_Q10","centered_gamma05_phi050_N100","centered_gamma05","extreme_distribution_dependence","centered_gamma05_phi_0.5","centered_gamma05, phi = 0.5",0.5,100,10,10,100,0.5,NA,"Balanced extreme-distribution design","Centered Gamma(1/2)",5,2.82842712474619,12,"inside formal moment assumptions","extreme","phi = 0.5",0.5,5,28603661,"centered_gamma05_phi050_N100","centered_gamma05","Centered Gamma(1/2)","inside formal moment assumptions",0.5,"phi = 0.5",100,10,10,5,100000,24,1.33333333333333,0.95710292345528,-0.376230409878053,0.969465320082056,0.878510346283784,0.912301711001311,0.0337913647175266,0.0873613714916218,5e-05,0.00156,0.00459
"centered_gamma05_phi050_N225_M15_Q15","centered_gamma05_phi050_N225","centered_gamma05","extreme_distribution_dependence","centered_gamma05_phi_0.5","centered_gamma05, phi = 0.5",0.5,225,15,15,225,0.5,NA,"Balanced extreme-distribution design","Centered Gamma(1/2)",5,2.82842712474619,12,"inside formal moment assumptions","extreme","phi = 0.5",0.5,7,153604036,"centered_gamma05_phi050_N225","centered_gamma05","Centered Gamma(1/2)","inside formal moment assumptions",0.5,"phi = 0.5",225,15,15,7,100000,24,1.33333333333333,1.03095127571272,-0.302382057620616,1.11906311289357,0.916545202764065,0.935233745163537,0.0186885423994723,0.0696777455098118,0,0.00057,0.00023
"centered_gamma05_phi050_N400_M20_Q20","centered_gamma05_phi050_N400","centered_gamma05","extreme_distribution_dependence","centered_gamma05_phi_0.5","centered_gamma05, phi = 0.5",0.5,400,20,20,400,0.5,NA,"Balanced extreme-distribution design","Centered Gamma(1/2)",5,2.82842712474619,12,"inside formal moment assumptions","extreme","phi = 0.5",0.5,10,328604561,"centered_gamma05_phi050_N400","centered_gamma05","Centered Gamma(1/2)","inside formal moment assumptions",0.5,"phi = 0.5",400,20,20,10,100000,24,1.33333333333333,0.965681360072098,-0.367651973261235,1.62119475710862,0.936454913289252,0.953722752485894,0.0172678391966417,0.0768672853898972,0,0.00063,0
"centered_gamma05_phi050_N1024_M32_Q32","centered_gamma05_phi050_N1024","centered_gamma05","extreme_distribution_dependence","centered_gamma05_phi_0.5","centered_gamma05, phi = 0.5",0.5,1024,32,32,1024,0.5,NA,"Balanced extreme-distribution design","Centered Gamma(1/2)",5,2.82842712474619,12,"inside formal moment assumptions","extreme","phi = 0.5",0.5,13,952606433,"centered_gamma05_phi050_N1024","centered_gamma05","Centered Gamma(1/2)","inside formal moment assumptions",0.5,"phi = 0.5",1024,32,32,13,100000,24,1.33333333333333,1.07346924462551,-0.259864088707828,1.4844683303941,0.959582790100979,0.967405038356336,0.00782224825535727,0.044957124797853,0,2e-05,0
"centered_gamma05_phi080_N64_M8_Q8","centered_gamma05_phi080_N64","centered_gamma05","extreme_distribution_dependence","centered_gamma05_phi_0.8","centered_gamma05, phi = 0.8",0.8,64,8,8,64,0.5,NA,"Balanced extreme-distribution design","Centered Gamma(1/2)",5,2.82842712474619,12,"inside formal moment assumptions","extreme","phi = 0.8",0.5,4,22624553,"centered_gamma05_phi080_N64","centered_gamma05","Centered Gamma(1/2)","inside formal moment assumptions",0.8,"phi = 0.8",64,8,8,4,100000,73,4.44444444444445,1.72159121807379,-2.72285322637066,2.73644355894256,0.577774396815308,0.806359307667901,0.228584910852593,0.230703274829426,0,0,0.03862
"centered_gamma05_phi080_N100_M10_Q10","centered_gamma05_phi080_N100","centered_gamma05","extreme_distribution_dependence","centered_gamma05_phi_0.8","centered_gamma05, phi = 0.8",0.8,100,10,10,100,0.5,NA,"Balanced extreme-distribution design","Centered Gamma(1/2)",5,2.82842712474619,12,"inside formal moment assumptions","extreme","phi = 0.8",0.5,5,58624661,"centered_gamma05_phi080_N100","centered_gamma05","Centered Gamma(1/2)","inside formal moment assumptions",0.8,"phi = 0.8",100,10,10,5,100000,73,4.44444444444445,2.04528763447165,-2.39915680997279,2.41959662667051,0.631336829017274,0.81198679424867,0.180649965231396,0.183008390992459,0,0,0.01153
"centered_gamma05_phi080_N225_M15_Q15","centered_gamma05_phi080_N225","centered_gamma05","extreme_distribution_dependence","centered_gamma05_phi_0.8","centered_gamma05, phi = 0.8",0.8,225,15,15,225,0.5,NA,"Balanced extreme-distribution design","Centered Gamma(1/2)",5,2.82842712474619,12,"inside formal moment assumptions","extreme","phi = 0.8",0.5,7,183625036,"centered_gamma05_phi080_N225","centered_gamma05","Centered Gamma(1/2)","inside formal moment assumptions",0.8,"phi = 0.8",225,15,15,7,100000,73,4.44444444444445,2.60056675697123,-1.84387768747322,1.88478901233803,0.728519205669168,0.836251246349833,0.107732040680665,0.110555045142873,0,0,0.00043
"centered_gamma05_phi080_N1024_M32_Q32","centered_gamma05_phi080_N1024","centered_gamma05","extreme_distribution_dependence","centered_gamma05_phi_0.8","centered_gamma05, phi = 0.8",0.8,1024,32,32,1024,0.5,NA,"Balanced extreme-distribution design","Centered Gamma(1/2)",5,2.82842712474619,12,"inside formal moment assumptions","extreme","phi = 0.8",0.5,13,982627433,"centered_gamma05_phi080_N1024","centered_gamma05","Centered Gamma(1/2)","inside formal moment assumptions",0.8,"phi = 0.8",1024,32,32,13,100000,73,4.44444444444445,3.6294517261014,-0.814992718343047,1.06203489957854,0.864975383661746,0.889719343146404,0.0247439594846576,0.0322936663048471,0,0,0
"student_t5_phi080_N4096_M64_Q64","student_t5_phi080_N4096","student_t5","extreme_distribution_dependence","student_t5_phi_0.8","student_t5, phi = 0.8",0.8,4096,64,64,4096,0.5,NA,"Balanced extreme-distribution design","Standardized t(5)",6,0,6,"outside formal 8+delta moment assumption","extreme","phi = 0.8",0.5,17,1907153104,"student_t5_phi080_N4096","student_t5","Standardized t(5)","outside formal 8+delta moment assumption",0.8,"phi = 0.8",4096,64,64,17,100000,73,4.44444444444445,4.02468688714462,-0.419757557299829,0.732126713340023,0.931566413397188,0.938034616723274,0.00646820332608578,0.0112819584941708,0,0,0
"student_t5_phi080_N4096_M64_Q64","student_t5_phi080_N4096","student_t5","fixed_N_distribution_dependence","student_t5_phi_0.8","student_t5, phi = 0.8",0.8,4096,64,64,64,NA,NA,"Fixed N=4096 distribution/dependence block comparison","Standardized t(5)",6,0,6,"outside formal 8+delta moment assumption","extreme","phi = 0.8",0.5,17,1907153104,"student_t5_phi080_N4096","student_t5","Standardized t(5)","outside formal 8+delta moment assumption",0.8,"phi = 0.8",4096,64,64,17,100000,73,4.44444444444445,4.02468688714462,-0.419757557299829,0.732126713340023,0.931566413397188,0.938034616723274,0.00646820332608578,0.0112819584941708,0,0,0
"student_t5_phi080_N4096_M16_Q256","student_t5_phi080_N4096","student_t5","fixed_N_distribution_dependence","student_t5_phi_0.8","student_t5, phi = 0.8",0.8,4096,16,256,16,NA,NA,"Fixed N=4096 distribution/dependence block comparison","Standardized t(5)",6,0,6,"outside formal 8+delta moment assumption","extreme","phi = 0.8",0.333333333333333,8,1907153104,"student_t5_phi080_N4096","student_t5","Standardized t(5)","outside formal 8+delta moment assumption",0.8,"phi = 0.8",4096,16,256,8,100000,73,4.44444444444445,2.93620678231883,-1.50823766212561,1.51219552519459,0.73083397719291,0.817072610490548,0.086238633297638,0.086507613862905,0,0,0
"student_t5_phi080_N4096_M256_Q16","student_t5_phi080_N4096","student_t5","fixed_N_distribution_dependence","student_t5_phi_0.8","student_t5, phi = 0.8",0.8,4096,256,16,256,NA,NA,"Fixed N=4096 distribution/dependence block comparison","Standardized t(5)",6,0,6,"outside formal 8+delta moment assumption","extreme","phi = 0.8",0.666666666666667,17,1907153104,"student_t5_phi080_N4096","student_t5","Standardized t(5)","outside formal 8+delta moment assumption",0.8,"phi = 0.8",4096,256,16,17,100000,73,4.44444444444445,4.02468688714462,-0.419757557299829,0.732126713340023,0.983706278514013,0.985246337315065,0.00154005880105224,0.00268618655073263,0,0,2e-05
"student_t5_phi050_N64_M8_Q8","student_t5_phi050_N64","student_t5","extreme_distribution_dependence","student_t5_phi_0.5","student_t5, phi = 0.5",0.5,64,8,8,64,0.5,NA,"Balanced extreme-distribution design","Standardized t(5)",6,0,6,"outside formal 8+delta moment assumption","extreme","phi = 0.5",0.5,4,2140087300,"student_t5_phi050_N64","student_t5","Standardized t(5)","outside formal 8+delta moment assumption",0.5,"phi = 0.5",64,8,8,4,100000,24,1.33333333333333,0.856619874853168,-0.476713458480165,0.948678745953237,0.851728723404255,0.903874401956241,0.0521456785519862,0.103558002724317,7e-05,0.00461,0.01179
"student_t5_phi050_N100_M10_Q10","student_t5_phi050_N100","student_t5","extreme_distribution_dependence","student_t5_phi_0.5","student_t5, phi = 0.5",0.5,100,10,10,100,0.5,NA,"Balanced extreme-distribution design","Standardized t(5)",6,0,6,"outside formal 8+delta moment assumption","extreme","phi = 0.5",0.5,5,28603762,"student_t5_phi050_N100","student_t5","Standardized t(5)","outside formal 8+delta moment assumption",0.5,"phi = 0.5",100,10,10,5,100000,24,1.33333333333333,0.918907851723108,-0.414425481610225,1.05874075047241,0.878510346283784,0.915671807891812,0.0371614616080277,0.0949983312016847,0,0.00343,0.00305
"student_t5_phi050_N225_M15_Q15","student_t5_phi050_N225","student_t5","extreme_distribution_dependence","student_t5_phi_0.5","student_t5, phi = 0.5",0.5,225,15,15,225,0.5,NA,"Balanced extreme-distribution design","Standardized t(5)",6,0,6,"outside formal 8+delta moment assumption","extreme","phi = 0.5",0.5,7,153604137,"student_t5_phi050_N225","student_t5","Standardized t(5)","outside formal 8+delta moment assumption",0.5,"phi = 0.5",225,15,15,7,100000,24,1.33333333333333,1.00503052224386,-0.328302811089472,1.18965888391872,0.916545202764065,0.936821263062973,0.0202760602989079,0.0739322012961521,0,0.00118,9e-05
"student_t5_phi050_N400_M20_Q20","student_t5_phi050_N400","student_t5","extreme_distribution_dependence","student_t5_phi_0.5","student_t5, phi = 0.5",0.5,400,20,20,400,0.5,NA,"Balanced extreme-distribution design","Standardized t(5)",6,0,6,"outside formal 8+delta moment assumption","extreme","phi = 0.5",0.5,10,328604662,"student_t5_phi050_N400","student_t5","Standardized t(5)","outside formal 8+delta moment assumption",0.5,"phi = 0.5",400,20,20,10,100000,24,1.33333333333333,0.947644007835617,-0.385689325497717,1.68032977205261,0.936454913289252,0.954562385424911,0.0181074721356591,0.0795915166851768,0,0.00114,0
"student_t5_phi050_N1024_M32_Q32","student_t5_phi050_N1024","student_t5","extreme_distribution_dependence","student_t5_phi_0.5","student_t5, phi = 0.5",0.5,1024,32,32,1024,0.5,NA,"Balanced extreme-distribution design","Standardized t(5)",6,0,6,"outside formal 8+delta moment assumption","extreme","phi = 0.5",0.5,13,952606534,"student_t5_phi050_N1024","student_t5","Standardized t(5)","outside formal 8+delta moment assumption",0.5,"phi = 0.5",1024,32,32,13,100000,24,1.33333333333333,1.07362661661463,-0.259706716718704,1.51574554512146,0.959582790100979,0.967397497506242,0.00781470740526324,0.0458944853049427,0,4e-05,0
"student_t5_phi050_N4096_M64_Q64","student_t5_phi050_N4096","student_t5","extreme_distribution_dependence","student_t5_phi_0.5","student_t5, phi = 0.5",0.5,4096,64,64,4096,0.5,NA,"Balanced extreme-distribution design","Standardized t(5)",6,0,6,"outside formal 8+delta moment assumption","extreme","phi = 0.5",0.5,17,1877132104,"student_t5_phi050_N4096","student_t5","Standardized t(5)","outside formal 8+delta moment assumption",0.5,"phi = 0.5",4096,64,64,17,100000,24,1.33333333333333,1.21900616539213,-0.114327167941199,1.10319626376324,0.979485509605992,0.981240531630109,0.00175502202411759,0.0169750073054715,0,0,0
"student_t5_phi050_N4096_M64_Q64","student_t5_phi050_N4096","student_t5","fixed_N_distribution_dependence","student_t5_phi_0.5","student_t5, phi = 0.5",0.5,4096,64,64,64,NA,NA,"Fixed N=4096 distribution/dependence block comparison","Standardized t(5)",6,0,6,"outside formal 8+delta moment assumption","extreme","phi = 0.5",0.5,17,1877132104,"student_t5_phi050_N4096","student_t5","Standardized t(5)","outside formal 8+delta moment assumption",0.5,"phi = 0.5",4096,64,64,17,100000,24,1.33333333333333,1.21900616539213,-0.114327167941199,1.10319626376324,0.979485509605992,0.981240531630109,0.00175502202411759,0.0169750073054715,0,0,0
"student_t5_phi050_N4096_M256_Q16","student_t5_phi050_N4096","student_t5","fixed_N_distribution_dependence","student_t5_phi_0.5","student_t5, phi = 0.5",0.5,4096,256,16,256,NA,NA,"Fixed N=4096 distribution/dependence block comparison","Standardized t(5)",6,0,6,"outside formal 8+delta moment assumption","extreme","phi = 0.5",0.666666666666667,17,1877132104,"student_t5_phi050_N4096","student_t5","Standardized t(5)","outside formal 8+delta moment assumption",0.5,"phi = 0.5",4096,256,16,17,100000,24,1.33333333333333,1.21900616539213,-0.114327167941199,1.10319626376324,0.995115597525236,0.995533459911931,0.000417862386694501,0.00404166840606465,0,0,3e-05
"student_t5_phi050_N4096_M16_Q256","student_t5_phi050_N4096","student_t5","fixed_N_distribution_dependence","student_t5_phi_0.5","student_t5, phi = 0.5",0.5,4096,16,256,16,NA,NA,"Fixed N=4096 distribution/dependence block comparison","Standardized t(5)",6,0,6,"outside formal 8+delta moment assumption","extreme","phi = 0.5",0.333333333333333,8,1877132104,"student_t5_phi050_N4096","student_t5","Standardized t(5)","outside formal 8+delta moment assumption",0.5,"phi = 0.5",4096,16,256,8,100000,24,1.33333333333333,1.29098820802443,-0.0423451253089069,0.279627400648754,0.916966429908824,0.9196019176878,0.00263548777897527,0.0174186379666639,0,0,0
"student_t5_phi080_N64_M8_Q8","student_t5_phi080_N64","student_t5","extreme_distribution_dependence","student_t5_phi_0.8","student_t5, phi = 0.8",0.8,64,8,8,64,0.5,NA,"Balanced extreme-distribution design","Standardized t(5)",6,0,6,"outside formal 8+delta moment assumption","extreme","phi = 0.8",0.5,4,22624654,"student_t5_phi080_N64","student_t5","Standardized t(5)","outside formal 8+delta moment assumption",0.8,"phi = 0.8",64,8,8,4,100000,73,4.44444444444445,1.70732094873812,-2.73712349570633,2.75270299027947,0.577774396815308,0.807986993535336,0.230212596720027,0.232618542474855,0,2e-05,0.03247
"student_t5_phi080_N100_M10_Q10","student_t5_phi080_N100","student_t5","extreme_distribution_dependence","student_t5_phi_0.8","student_t5, phi = 0.8",0.8,100,10,10,100,0.5,NA,"Balanced extreme-distribution design","Standardized t(5)",6,0,6,"outside formal 8+delta moment assumption","extreme","phi = 0.8",0.5,5,58624762,"student_t5_phi080_N100","student_t5","Standardized t(5)","outside formal 8+delta moment assumption",0.8,"phi = 0.8",100,10,10,5,100000,73,4.44444444444445,2.03159972596184,-2.4128447184826,2.43573221194797,0.631336829017274,0.8132588419277,0.181922012910426,0.184548677291945,0,0,0.00879
"student_t5_phi080_N225_M15_Q15","student_t5_phi080_N225","student_t5","extreme_distribution_dependence","student_t5_phi_0.8","student_t5, phi = 0.8",0.8,225,15,15,225,0.5,NA,"Balanced extreme-distribution design","Standardized t(5)",6,0,6,"outside formal 8+delta moment assumption","extreme","phi = 0.8",0.5,7,183625137,"student_t5_phi080_N225","student_t5","Standardized t(5)","outside formal 8+delta moment assumption",0.8,"phi = 0.8",225,15,15,7,100000,73,4.44444444444445,2.59457966884762,-1.84986477559683,1.8935797203418,0.728519205669168,0.83662938089786,0.108110175228692,0.111122615415388,0,0,0.00025
"student_t5_phi080_N400_M20_Q20","student_t5_phi080_N400","student_t5","extreme_distribution_dependence","student_t5_phi_0.8","student_t5, phi = 0.8",0.8,400,20,20,400,0.5,NA,"Balanced extreme-distribution design","Standardized t(5)",6,0,6,"outside formal 8+delta moment assumption","extreme","phi = 0.8",0.5,10,358625662,"student_t5_phi080_N400","student_t5","Standardized t(5)","outside formal 8+delta moment assumption",0.8,"phi = 0.8",400,20,20,10,100000,73,4.44444444444445,3.17038513103621,-1.27405931340824,1.43159352514578,0.789107688774397,0.848151840593379,0.0590441518189816,0.0668953550613928,0,0,1e-05
"student_t5_phi080_N1024_M32_Q32","student_t5_phi080_N1024","student_t5","extreme_distribution_dependence","student_t5_phi_0.8","student_t5, phi = 0.8",0.8,1024,32,32,1024,0.5,NA,"Balanced extreme-distribution design","Standardized t(5)",6,0,6,"outside formal 8+delta moment assumption","extreme","phi = 0.8",0.5,13,982627534,"student_t5_phi080_N1024","student_t5","Standardized t(5)","outside formal 8+delta moment assumption",0.8,"phi = 0.8",1024,32,32,13,100000,73,4.44444444444445,3.62530834087784,-0.81913610356661,1.07280903080132,0.864975383661746,0.889845187412606,0.02486980375086,0.0326210725645028,0,0,0
