"design_id","scenario_id","innovation","innovation_label","phi","N","M","Q","comparison","paired_coverage_difference","paired_coverage_difference_mcse","paired_mean_length_difference","paired_mean_length_difference_mcse"
"gaussian_phi050_N64_M4_Q16","gaussian_phi050_N64","gaussian","Gaussian",0.5,64,4,16,"K_asym_full_minus_K_leading",-0.01935,0.00043561183704845,-0.0384049247699646,5.43620085247487e-05
"gaussian_phi050_N64_M4_Q16","gaussian_phi050_N64","gaussian","Gaussian",0.5,64,4,16,"V_oracle_minus_V_feasible",0.02106,0.000454055971955283,0.0522072963084067,7.80556420953383e-05
"gaussian_phi050_N64_M4_Q16","gaussian_phi050_N64","gaussian","Gaussian",0.5,64,4,16,"VK_asym_full_oracle_minus_VK_leading_oracle",-0.01367,0.000367195668992151,-0.0460312020411959,6.71384983904896e-05
"gaussian_phi050_N64_M4_Q16","gaussian_phi050_N64","gaussian","Gaussian",0.5,64,4,16,"VK_asym_full_oracle_minus_VK_asym_full_feasible",0.02085,0.00045183494392108,0.0520429503225485,7.7798487566537e-05
"gaussian_phi050_N64_M4_Q16","gaussian_phi050_N64","gaussian","Gaussian",0.5,64,4,16,"VK_leading_oracle_minus_F_feasible_leading",0.01911,0.000432954909314509,0.0537290521902857,8.04247508488595e-05
"gaussian_phi050_N64_M8_Q8","gaussian_phi050_N64","gaussian","Gaussian",0.5,64,8,8,"K_asym_full_minus_K_leading",-0.01698,0.000408556563017475,-0.0414624713063416,8.40393178106598e-05
"gaussian_phi050_N64_M8_Q8","gaussian_phi050_N64","gaussian","Gaussian",0.5,64,8,8,"V_oracle_minus_V_feasible",0.0067,0.000308467261667288,0.00127919042823267,0.00015843293497428
"gaussian_phi050_N64_M8_Q8","gaussian_phi050_N64","gaussian","Gaussian",0.5,64,8,8,"VK_asym_full_oracle_minus_VK_leading_oracle",-0.01446,0.000377505641156647,-0.0438583743521511,8.97539551759175e-05
"gaussian_phi050_N64_M8_Q8","gaussian_phi050_N64","gaussian","Gaussian",0.5,64,8,8,"VK_asym_full_oracle_minus_VK_asym_full_feasible",0.00589,0.000293519915064388,4.50329004246256e-05,0.000161745748446686
"gaussian_phi050_N64_M8_Q8","gaussian_phi050_N64","gaussian","Gaussian",0.5,64,8,8,"VK_leading_oracle_minus_F_feasible_leading",0.005,0.000270463919048946,-0.0018282098590555,0.000165825652866554
"gaussian_phi050_N64_M16_Q4","gaussian_phi050_N64","gaussian","Gaussian",0.5,64,16,4,"K_asym_full_minus_K_leading",-0.01552,0.000390887226611768,-0.0316879431240245,9.76773074725089e-05
"gaussian_phi050_N64_M16_Q4","gaussian_phi050_N64","gaussian","Gaussian",0.5,64,16,4,"V_oracle_minus_V_feasible",0.00315,0.000232381830213014,-4.03901613657228e-05,7.01119223580844e-05
"gaussian_phi050_N64_M16_Q4","gaussian_phi050_N64","gaussian","Gaussian",0.5,64,16,4,"VK_asym_full_oracle_minus_VK_leading_oracle",-0.01467,0.000380196470911508,-0.0312117872315427,9.64150015314549e-05
"gaussian_phi050_N64_M16_Q4","gaussian_phi050_N64","gaussian","Gaussian",0.5,64,16,4,"VK_asym_full_oracle_minus_VK_asym_full_feasible",0.00264,0.000209118964485321,-0.00105302405577119,6.71626305177509e-05
"gaussian_phi050_N64_M16_Q4","gaussian_phi050_N64","gaussian","Gaussian",0.5,64,16,4,"VK_leading_oracle_minus_F_feasible_leading",0.00235,0.000201109869105906,-0.00144992323513732,6.40526092312282e-05
"gaussian_phi050_N125_M5_Q25","gaussian_phi050_N125","gaussian","Gaussian",0.5,125,5,25,"K_asym_full_minus_K_leading",-0.00927,0.000303053773142481,-0.0149800944748237,1.65254191443215e-05
"gaussian_phi050_N125_M5_Q25","gaussian_phi050_N125","gaussian","Gaussian",0.5,125,5,25,"V_oracle_minus_V_feasible",0.01617,0.000398856994258617,0.0343402075394994,3.32063680182591e-05
"gaussian_phi050_N125_M5_Q25","gaussian_phi050_N125","gaussian","Gaussian",0.5,125,5,25,"VK_asym_full_oracle_minus_VK_leading_oracle",-0.00661,0.000256249362218438,-0.0175456347969309,1.98968918522409e-05
"gaussian_phi050_N125_M5_Q25","gaussian_phi050_N125","gaussian","Gaussian",0.5,125,5,25,"VK_asym_full_oracle_minus_VK_asym_full_feasible",0.01602,0.000397032961291281,0.034440504584478,3.33177054023376e-05
"gaussian_phi050_N125_M5_Q25","gaussian_phi050_N125","gaussian","Gaussian",0.5,125,5,25,"VK_leading_oracle_minus_F_feasible_leading",0.01528,0.00038790040044734,0.035273541449439,3.42463381623934e-05
"gaussian_phi050_N125_M25_Q5","gaussian_phi050_N125","gaussian","Gaussian",0.5,125,25,5,"K_asym_full_minus_K_leading",-0.00764,0.000275348982512414,-0.0145579987630422,3.92864944029119e-05
"gaussian_phi050_N125_M25_Q5","gaussian_phi050_N125","gaussian","Gaussian",0.5,125,25,5,"V_oracle_minus_V_feasible",0.00239,0.000229876939761417,-0.00136534408607567,6.12157024663726e-05
"gaussian_phi050_N125_M25_Q5","gaussian_phi050_N125","gaussian","Gaussian",0.5,125,25,5,"VK_asym_full_oracle_minus_VK_leading_oracle",-0.00749,0.000272653154020679,-0.0145874333218114,3.94337319320213e-05
"gaussian_phi050_N125_M25_Q5","gaussian_phi050_N125","gaussian","Gaussian",0.5,125,25,5,"VK_asym_full_oracle_minus_VK_asym_full_feasible",0.00178,0.000201416786011536,-0.00236613190338078,6.24945559363359e-05
"gaussian_phi050_N125_M25_Q5","gaussian_phi050_N125","gaussian","Gaussian",0.5,125,25,5,"VK_leading_oracle_minus_F_feasible_leading",0.00147,0.000193077092860955,-0.0026187360038229,6.2424243004609e-05
"gaussian_phi050_N216_M6_Q36","gaussian_phi050_N216","gaussian","Gaussian",0.5,216,6,36,"K_asym_full_minus_K_leading",-0.00515,0.000226352131319485,-0.0067545346649211,6.17048860464818e-06
"gaussian_phi050_N216_M6_Q36","gaussian_phi050_N216","gaussian","Gaussian",0.5,216,6,36,"V_oracle_minus_V_feasible",0.00804,0.000282762061712379,0.0127391355269863,4.55390692948021e-05
"gaussian_phi050_N216_M6_Q36","gaussian_phi050_N216","gaussian","Gaussian",0.5,216,6,36,"VK_asym_full_oracle_minus_VK_leading_oracle",-0.00409,0.000201824493883332,-0.00771888531566154,7.21783610241647e-06
"gaussian_phi050_N216_M6_Q36","gaussian_phi050_N216","gaussian","Gaussian",0.5,216,6,36,"VK_asym_full_oracle_minus_VK_asym_full_feasible",0.00773,0.0002780346094148,0.0127741762563838,4.57854120356127e-05
"gaussian_phi050_N216_M6_Q36","gaussian_phi050_N216","gaussian","Gaussian",0.5,216,6,36,"VK_leading_oracle_minus_F_feasible_leading",0.00811,0.000283624899172894,0.0128740980685651,4.65112101026925e-05
"gaussian_phi050_N216_M36_Q6","gaussian_phi050_N216","gaussian","Gaussian",0.5,216,36,6,"K_asym_full_minus_K_leading",-0.00485,0.000219693553962278,-0.00720171012902696,1.74493050907502e-05
"gaussian_phi050_N216_M36_Q6","gaussian_phi050_N216","gaussian","Gaussian",0.5,216,36,6,"V_oracle_minus_V_feasible",0.00212,0.000217613256846396,-0.00140575981347475,4.65304858775481e-05
"gaussian_phi050_N216_M36_Q6","gaussian_phi050_N216","gaussian","Gaussian",0.5,216,36,6,"VK_asym_full_oracle_minus_VK_leading_oracle",-0.00473,0.000216971753386052,-0.00724682855110815,1.75857663339351e-05
"gaussian_phi050_N216_M36_Q6","gaussian_phi050_N216","gaussian","Gaussian",0.5,216,36,6,"VK_asym_full_oracle_minus_VK_asym_full_feasible",0.0012,0.000193871028933563,-0.00220563359343773,4.89123282028691e-05
"gaussian_phi050_N216_M36_Q6","gaussian_phi050_N216","gaussian","Gaussian",0.5,216,36,6,"VK_leading_oracle_minus_F_feasible_leading",0.00119,0.000200714328991277,-0.00234320778924588,4.92140962251375e-05
"gaussian_phi050_N512_M8_Q64","gaussian_phi050_N512","gaussian","Gaussian",0.5,512,8,64,"K_asym_full_minus_K_leading",-0.00204,0.000142683522475007,-0.00187820313033872,1.22805024403631e-06
"gaussian_phi050_N512_M8_Q64","gaussian_phi050_N512","gaussian","Gaussian",0.5,512,8,64,"V_oracle_minus_V_feasible",0.00396,0.000212234856789229,0.00353402908625926,2.8018649349881e-05
"gaussian_phi050_N512_M8_Q64","gaussian_phi050_N512","gaussian","Gaussian",0.5,512,8,64,"VK_asym_full_oracle_minus_VK_leading_oracle",-0.00142,0.000119079711957067,-0.002069773558837,1.36994452727074e-06
"gaussian_phi050_N512_M8_Q64","gaussian_phi050_N512","gaussian","Gaussian",0.5,512,8,64,"VK_asym_full_oracle_minus_VK_asym_full_feasible",0.00396,0.000207469550624048,0.00353731926967597,2.81717296773368e-05
"gaussian_phi050_N512_M8_Q64","gaussian_phi050_N512","gaussian","Gaussian",0.5,512,8,64,"VK_leading_oracle_minus_F_feasible_leading",0.0038,0.000201136780724077,0.00354114419178439,2.83666502872786e-05
"gaussian_phi050_N512_M64_Q8","gaussian_phi050_N512","gaussian","Gaussian",0.5,512,64,8,"K_asym_full_minus_K_leading",-0.00201,0.000141632621941402,-0.00215680352124631,4.39907431850608e-06
"gaussian_phi050_N512_M64_Q8","gaussian_phi050_N512","gaussian","Gaussian",0.5,512,64,8,"V_oracle_minus_V_feasible",0.00086,0.000158091283531191,-0.000577101569735748,1.88660343308517e-05
"gaussian_phi050_N512_M64_Q8","gaussian_phi050_N512","gaussian","Gaussian",0.5,512,64,8,"VK_asym_full_oracle_minus_VK_leading_oracle",-0.00188,0.000136984829993823,-0.00217098434481222,4.43284676687582e-06
"gaussian_phi050_N512_M64_Q8","gaussian_phi050_N512","gaussian","Gaussian",0.5,512,64,8,"VK_asym_full_oracle_minus_VK_asym_full_feasible",0.00053,0.000143169116690576,-0.000844513631468056,2.0199303632159e-05
"gaussian_phi050_N512_M64_Q8","gaussian_phi050_N512","gaussian","Gaussian",0.5,512,64,8,"VK_leading_oracle_minus_F_feasible_leading",0.00054,0.000145592911822519,-0.000869061343831433,2.03082995762901e-05
"gaussian_phi050_N1000_M10_Q100","gaussian_phi050_N1000","gaussian","Gaussian",0.5,1000,10,100,"K_asym_full_minus_K_leading",-0.00094,9.69085027878314e-05,-0.000690833894219693,3.58261496633255e-07
"gaussian_phi050_N1000_M10_Q100","gaussian_phi050_N1000","gaussian","Gaussian",0.5,1000,10,100,"V_oracle_minus_V_feasible",0.00151,0.000157725862731759,0.00103640160563714,1.84068841837234e-05
"gaussian_phi050_N1000_M10_Q100","gaussian_phi050_N1000","gaussian","Gaussian",0.5,1000,10,100,"VK_asym_full_oracle_minus_VK_leading_oracle",-0.00105,0.000102416209121403,-0.000744697037271839,3.88450316442876e-07
"gaussian_phi050_N1000_M10_Q100","gaussian_phi050_N1000","gaussian","Gaussian",0.5,1000,10,100,"VK_asym_full_oracle_minus_VK_asym_full_feasible",0.00143,0.0001627261988684,0.00103440133649713,1.8486862884093e-05
"gaussian_phi050_N1000_M10_Q100","gaussian_phi050_N1000","gaussian","Gaussian",0.5,1000,10,100,"VK_leading_oracle_minus_F_feasible_leading",0.00188,0.00016237277988997,0.00103272275965308,1.85516039134e-05
"gaussian_phi050_N1000_M100_Q10","gaussian_phi050_N1000","gaussian","Gaussian",0.5,1000,100,10,"K_asym_full_minus_K_leading",-0.00097,9.8441291676202e-05,-0.000817011281212788,1.47298203287057e-06
"gaussian_phi050_N1000_M100_Q10","gaussian_phi050_N1000","gaussian","Gaussian",0.5,1000,100,10,"V_oracle_minus_V_feasible",0.00026,0.000117471111319422,-0.000256710476379073,8.94335969791838e-06
"gaussian_phi050_N1000_M100_Q10","gaussian_phi050_N1000","gaussian","Gaussian",0.5,1000,100,10,"VK_asym_full_oracle_minus_VK_leading_oracle",-0.0011,0.000104823708578254,-0.000821285016423867,1.48192291538745e-06
"gaussian_phi050_N1000_M100_Q10","gaussian_phi050_N1000","gaussian","Gaussian",0.5,1000,100,10,"VK_asym_full_oracle_minus_VK_asym_full_feasible",6e-05,0.000104881237601108,-0.000353848946778067,9.56115655412749e-06
"gaussian_phi050_N1000_M100_Q10","gaussian_phi050_N1000","gaussian","Gaussian",0.5,1000,100,10,"VK_leading_oracle_minus_F_feasible_leading",6e-05,0.000118322035145783,-0.000359292657352207,9.592914516956e-06
"gaussian_phi050_N4096_M8_Q512","gaussian_phi050_N4096","gaussian","Gaussian",0.5,4096,8,512,"K_asym_full_minus_K_leading",-0.00022,4.68992323538451e-05,-7.93909572245021e-05,1.77897379292898e-08
"gaussian_phi050_N4096_M8_Q512","gaussian_phi050_N4096","gaussian","Gaussian",0.5,4096,8,512,"V_oracle_minus_V_feasible",0.0033,0.000181359942970572,0.00149911116862429,3.47954398899357e-06
"gaussian_phi050_N4096_M8_Q512","gaussian_phi050_N4096","gaussian","Gaussian",0.5,4096,8,512,"VK_asym_full_oracle_minus_VK_leading_oracle",-0.00021,4.58211740988809e-05,-8.7018697534762e-05,1.9503957168494e-08
"gaussian_phi050_N4096_M8_Q512","gaussian_phi050_N4096","gaussian","Gaussian",0.5,4096,8,512,"VK_asym_full_oracle_minus_VK_asym_full_feasible",0.00328,0.000180811346235321,0.00150000858328408,3.48182732117247e-06
"gaussian_phi050_N4096_M8_Q512","gaussian_phi050_N4096","gaussian","Gaussian",0.5,4096,8,512,"VK_leading_oracle_minus_F_feasible_leading",0.00328,0.000180811346235321,0.00150113257601912,3.48468820745482e-06
"gaussian_phi050_N4096_M16_Q256","gaussian_phi050_N4096","gaussian","Gaussian",0.5,4096,16,256,"K_asym_full_minus_K_leading",-0.00019,4.35850662105722e-05,-8.39540105590618e-05,2.64867540110487e-08
"gaussian_phi050_N4096_M16_Q256","gaussian_phi050_N4096","gaussian","Gaussian",0.5,4096,16,256,"V_oracle_minus_V_feasible",0.00033,0.00013076345816328,-2.23780468814242e-05,6.96953680395615e-06
"gaussian_phi050_N4096_M16_Q256","gaussian_phi050_N4096","gaussian","Gaussian",0.5,4096,16,256,"VK_asym_full_oracle_minus_VK_leading_oracle",-0.00011,3.31645895331148e-05,-8.77635979497464e-05,2.77037486070966e-08
"gaussian_phi050_N4096_M16_Q256","gaussian_phi050_N4096","gaussian","Gaussian",0.5,4096,16,256,"VK_asym_full_oracle_minus_VK_asym_full_feasible",0.00032,0.00013341347005284,-2.31456518929784e-05,6.98455781918919e-06
"gaussian_phi050_N4096_M16_Q256","gaussian_phi050_N4096","gaussian","Gaussian",0.5,4096,16,256,"VK_leading_oracle_minus_F_feasible_leading",3e-04,0.000132662262881197,-2.34434522789313e-05,6.99036083391713e-06
"gaussian_phi050_N4096_M32_Q128","gaussian_phi050_N4096","gaussian","Gaussian",0.5,4096,32,128,"K_asym_full_minus_K_leading",-0.00015,3.8727122251724e-05,-8.72599115940066e-05,3.96675540888996e-08
"gaussian_phi050_N4096_M32_Q128","gaussian_phi050_N4096","gaussian","Gaussian",0.5,4096,32,128,"V_oracle_minus_V_feasible",-9e-05,0.000159687739046365,-0.000207540419341043,1.18088121018374e-05
"gaussian_phi050_N4096_M32_Q128","gaussian_phi050_N4096","gaussian","Gaussian",0.5,4096,32,128,"VK_asym_full_oracle_minus_VK_leading_oracle",-0.00022,4.68992323538451e-05,-8.92083590064753e-05,4.05983332008313e-08
"gaussian_phi050_N4096_M32_Q128","gaussian_phi050_N4096","gaussian","Gaussian",0.5,4096,32,128,"VK_asym_full_oracle_minus_VK_asym_full_feasible",0.00011,0.000164621231928023,-0.000212464887824491,1.18704498937441e-05
"gaussian_phi050_N4096_M32_Q128","gaussian_phi050_N4096","gaussian","Gaussian",0.5,4096,32,128,"VK_leading_oracle_minus_F_feasible_leading",0.00016,0.000161245167369568,-0.000213271932863512,1.18804825081111e-05
"gaussian_phi050_N4096_M64_Q64","gaussian_phi050_N4096","gaussian","Gaussian",0.5,4096,64,64,"K_asym_full_minus_K_leading",-0.00016,3.9996999857489e-05,-9.07537067183177e-05,5.92320415635189e-08
"gaussian_phi050_N4096_M64_Q64","gaussian_phi050_N4096","gaussian","Gaussian",0.5,4096,64,64,"V_oracle_minus_V_feasible",0.00031,0.000126092021920421,-0.000114188372555305,6.43531415064224e-06
"gaussian_phi050_N4096_M64_Q64","gaussian_phi050_N4096","gaussian","Gaussian",0.5,4096,64,64,"VK_asym_full_oracle_minus_VK_leading_oracle",-0.00014,3.74141416870678e-05,-9.17747173324494e-05,5.99767787001415e-08
"gaussian_phi050_N4096_M64_Q64","gaussian_phi050_N4096","gaussian","Gaussian",0.5,4096,64,64,"VK_asym_full_oracle_minus_VK_asym_full_feasible",-3e-05,0.000126095796922419,-0.00012031025764828,6.51053890934104e-06
"gaussian_phi050_N4096_M64_Q64","gaussian_phi050_N4096","gaussian","Gaussian",0.5,4096,64,64,"VK_leading_oracle_minus_F_feasible_leading",-5e-05,0.000127671993802008,-0.000120782240353184,6.51625921953885e-06
"gaussian_phi050_N4096_M128_Q32","gaussian_phi050_N4096","gaussian","Gaussian",0.5,4096,128,32,"K_asym_full_minus_K_leading",-2e-04,4.47171107765245e-05,-9.53046449533242e-05,9.12993667874013e-08
"gaussian_phi050_N4096_M128_Q32","gaussian_phi050_N4096","gaussian","Gaussian",0.5,4096,128,32,"V_oracle_minus_V_feasible",-5e-05,9.94991155776774e-05,-5.72387219054982e-05,3.16697532405856e-06
"gaussian_phi050_N4096_M128_Q32","gaussian_phi050_N4096","gaussian","Gaussian",0.5,4096,128,32,"VK_asym_full_oracle_minus_VK_leading_oracle",-0.00022,4.68992323538451e-05,-9.58386629759975e-05,9.18946614628869e-08
"gaussian_phi050_N4096_M128_Q32","gaussian_phi050_N4096","gaussian","Gaussian",0.5,4096,128,32,"VK_asym_full_oracle_minus_VK_asym_full_feasible",6e-05,7.34848147591052e-05,-6.38905874503101e-05,3.24707536630737e-06
"gaussian_phi050_N4096_M128_Q32","gaussian_phi050_N4096","gaussian","Gaussian",0.5,4096,128,32,"VK_leading_oracle_minus_F_feasible_leading",0.00016,7.0709221449115e-05,-6.41462891143236e-05,3.25006950392317e-06
"gaussian_phi050_N4096_M256_Q16","gaussian_phi050_N4096","gaussian","Gaussian",0.5,4096,256,16,"K_asym_full_minus_K_leading",-0.00021,4.58211740988809e-05,-9.95350847747297e-05,1.39446134915088e-07
"gaussian_phi050_N4096_M256_Q16","gaussian_phi050_N4096","gaussian","Gaussian",0.5,4096,256,16,"V_oracle_minus_V_feasible",5e-05,7.00001714300758e-05,-2.74155349332813e-05,1.4934529069894e-06
"gaussian_phi050_N4096_M256_Q16","gaussian_phi050_N4096","gaussian","Gaussian",0.5,4096,256,16,"VK_asym_full_oracle_minus_VK_leading_oracle",-0.00018,4.24228004372645e-05,-9.97882772881011e-05,1.39859235964149e-07
"gaussian_phi050_N4096_M256_Q16","gaussian_phi050_N4096","gaussian","Gaussian",0.5,4096,256,16,"VK_asym_full_oracle_minus_VK_asym_full_feasible",7e-05,5.91606795080989e-05,-3.41572789186346e-05,1.57025560873777e-06
"gaussian_phi050_N4096_M256_Q16","gaussian_phi050_N4096","gaussian","Gaussian",0.5,4096,256,16,"VK_leading_oracle_minus_F_feasible_leading",3e-05,5.56778411957576e-05,-3.42930477515194e-05,1.57171699115287e-06
"gaussian_phi050_N8000_M20_Q400","gaussian_phi050_N8000","gaussian","Gaussian",0.5,8000,20,400,"K_asym_full_minus_K_leading",-0.00013,3.6053349337336e-05,-3.08817857826075e-05,7.6857925659908e-09
"gaussian_phi050_N8000_M20_Q400","gaussian_phi050_N8000","gaussian","Gaussian",0.5,8000,20,400,"V_oracle_minus_V_feasible",0.00016,0.000128840637995549,-3.57155000972694e-05,4.25042682037883e-06
"gaussian_phi050_N8000_M20_Q400","gaussian_phi050_N8000","gaussian","Gaussian",0.5,8000,20,400,"VK_asym_full_oracle_minus_VK_leading_oracle",-5e-05,2.23602325524579e-05,-3.19796458546285e-05,7.96057435648544e-09
"gaussian_phi050_N8000_M20_Q400","gaussian_phi050_N8000","gaussian","Gaussian",0.5,8000,20,400,"VK_asym_full_oracle_minus_VK_asym_full_feasible",0.00022,0.000123286933600767,-3.60040630518899e-05,4.25669605222744e-06
"gaussian_phi050_N8000_M20_Q400","gaussian_phi050_N8000","gaussian","Gaussian",0.5,8000,20,400,"VK_leading_oracle_minus_F_feasible_leading",0.00016,0.00012165480672345,-3.60869288952076e-05,4.25849218322385e-06
"gaussian_phi050_N8000_M400_Q20","gaussian_phi050_N8000","gaussian","Gaussian",0.5,8000,400,20,"K_asym_full_minus_K_leading",-0.00016,3.9996999857489e-05,-3.62210906953181e-05,4.48133088090387e-08
"gaussian_phi050_N8000_M400_Q20","gaussian_phi050_N8000","gaussian","Gaussian",0.5,8000,400,20,"V_oracle_minus_V_feasible",2e-05,5.47724930988174e-05,-9.07024644992171e-06,6.02201899235665e-07
"gaussian_phi050_N8000_M400_Q20","gaussian_phi050_N8000","gaussian","Gaussian",0.5,8000,400,20,"VK_asym_full_oracle_minus_VK_leading_oracle",-0.00013,3.6053349337336e-05,-3.6282899733228e-05,4.49027632036491e-08
"gaussian_phi050_N8000_M400_Q20","gaussian_phi050_N8000","gaussian","Gaussian",0.5,8000,400,20,"VK_asym_full_oracle_minus_VK_asym_full_feasible",5e-05,4.79582943814727e-05,-1.07760356263642e-05,6.27626426994116e-07
"gaussian_phi050_N8000_M400_Q20","gaussian_phi050_N8000","gaussian","Gaussian",0.5,8000,400,20,"VK_leading_oracle_minus_F_feasible_leading",7e-05,4.35886453070062e-05,-1.07973544807689e-05,6.27929986882711e-07
"gaussian_phi050_N243_M9_Q27","gaussian_phi050_N243","gaussian","Gaussian",0.5,243,9,27,"K_asym_full_minus_K_leading",-0.00406,0.00020108597254827,-0.00604333976453788,6.42221534105696e-06
"gaussian_phi050_N243_M9_Q27","gaussian_phi050_N243","gaussian","Gaussian",0.5,243,9,27,"V_oracle_minus_V_feasible",0.00345,0.000205381101404117,0.00329217950279318,5.06610347371492e-05
"gaussian_phi050_N243_M9_Q27","gaussian_phi050_N243","gaussian","Gaussian",0.5,243,9,27,"VK_asym_full_oracle_minus_VK_leading_oracle",-0.00337,0.000183266927915728,-0.00657987936423392,7.09481860857121e-06
"gaussian_phi050_N243_M9_Q27","gaussian_phi050_N243","gaussian","Gaussian",0.5,243,9,27,"VK_asym_full_oracle_minus_VK_asym_full_feasible",0.00347,0.000206349259267311,0.00322872865122572,5.13953254164682e-05
"gaussian_phi050_N243_M9_Q27","gaussian_phi050_N243","gaussian","Gaussian",0.5,243,9,27,"VK_leading_oracle_minus_F_feasible_leading",0.00355,0.000209223356115247,0.00315928321425133,5.2142577040933e-05
"gaussian_phi050_N243_M27_Q9","gaussian_phi050_N243","gaussian","Gaussian",0.5,243,27,9,"K_asym_full_minus_K_leading",-0.00399,0.000199351941078998,-0.00652597581189109,1.25027937472082e-05
"gaussian_phi050_N243_M27_Q9","gaussian_phi050_N243","gaussian","Gaussian",0.5,243,27,9,"V_oracle_minus_V_feasible",0.00172,0.00024570514791147,-0.00271443874315633,6.90496089457527e-05
"gaussian_phi050_N243_M27_Q9","gaussian_phi050_N243","gaussian","Gaussian",0.5,243,27,9,"VK_asym_full_oracle_minus_VK_leading_oracle",-0.00371,0.000192256933886105,-0.00664441112753846,1.27662836998243e-05
"gaussian_phi050_N243_M27_Q9","gaussian_phi050_N243","gaussian","Gaussian",0.5,243,27,9,"VK_asym_full_oracle_minus_VK_asym_full_feasible",0.00183,0.000220605978318759,-0.00366680170236716,7.27553187410374e-05
"gaussian_phi050_N243_M27_Q9","gaussian_phi050_N243","gaussian","Gaussian",0.5,243,27,9,"VK_leading_oracle_minus_F_feasible_leading",0.00154,0.000227105261427378,-0.00389173668072894,7.35419972445904e-05
"gaussian_phi050_N1024_M16_Q64","gaussian_phi050_N1024","gaussian","Gaussian",0.5,1024,16,64,"K_asym_full_minus_K_leading",-0.00078,8.8283599495826e-05,-0.000700119750264853,4.53639136415271e-07
"gaussian_phi050_N1024_M16_Q64","gaussian_phi050_N1024","gaussian","Gaussian",0.5,1024,16,64,"V_oracle_minus_V_feasible",0.00019,0.000180277463926138,-0.000618454701446968,2.79575759676288e-05
"gaussian_phi050_N1024_M16_Q64","gaussian_phi050_N1024","gaussian","Gaussian",0.5,1024,16,64,"VK_asym_full_oracle_minus_VK_leading_oracle",-0.00071,8.42320007497121e-05,-0.000733359430166965,4.77815297821948e-07
"gaussian_phi050_N1024_M16_Q64","gaussian_phi050_N1024","gaussian","Gaussian",0.5,1024,16,64,"VK_asym_full_oracle_minus_VK_asym_full_feasible",0.00022,0.00017776341580404,-0.000647650830143696,2.8208768656442e-05
"gaussian_phi050_N1024_M16_Q64","gaussian_phi050_N1024","gaussian","Gaussian",0.5,1024,16,64,"VK_leading_oracle_minus_F_feasible_leading",0.00023,0.000180276997972453,-0.000659255313331824,2.83072013813589e-05
"gaussian_phi050_N1024_M32_Q32","gaussian_phi050_N1024","gaussian","Gaussian",0.5,1024,32,32,"K_asym_full_minus_K_leading",-0.00089,9.42982922521888e-05,-0.000748378598737639,7.1616688242573e-07
"gaussian_phi050_N1024_M32_Q32","gaussian_phi050_N1024","gaussian","Gaussian",0.5,1024,32,32,"V_oracle_minus_V_feasible",0.00061,0.000206631812572652,-0.00104538793700975,3.28840860166471e-05
"gaussian_phi050_N1024_M32_Q32","gaussian_phi050_N1024","gaussian","Gaussian",0.5,1024,32,32,"VK_asym_full_oracle_minus_VK_leading_oracle",-0.00074,8.59918481367825e-05,-0.000765609152142592,7.3553392216005e-07
"gaussian_phi050_N1024_M32_Q32","gaussian_phi050_N1024","gaussian","Gaussian",0.5,1024,32,32,"VK_asym_full_oracle_minus_VK_asym_full_feasible",0.00073,0.000204682900973431,-0.00114922366609125,3.35965644865507e-05
"gaussian_phi050_N1024_M32_Q32","gaussian_phi050_N1024","gaussian","Gaussian",0.5,1024,32,32,"VK_leading_oracle_minus_F_feasible_leading",0.00055,0.000202724902204588,-0.00116708979634794,3.37158377667179e-05
"gaussian_phi050_N1024_M64_Q16","gaussian_phi050_N1024","gaussian","Gaussian",0.5,1024,64,16,"K_asym_full_minus_K_leading",-0.00086,9.26967633032528e-05,-0.000787659891895804,1.09866052001265e-06
"gaussian_phi050_N1024_M64_Q16","gaussian_phi050_N1024","gaussian","Gaussian",0.5,1024,64,16,"V_oracle_minus_V_feasible",0.00062,0.00014831175261509,-0.000464834761805034,1.53144234776935e-05
"gaussian_phi050_N1024_M64_Q16","gaussian_phi050_N1024","gaussian","Gaussian",0.5,1024,64,16,"VK_asym_full_oracle_minus_VK_leading_oracle",-0.00087,9.32336737728341e-05,-0.000795763350507956,1.11184778548038e-06
"gaussian_phi050_N1024_M64_Q16","gaussian_phi050_N1024","gaussian","Gaussian",0.5,1024,64,16,"VK_asym_full_oracle_minus_VK_asym_full_feasible",0.00026,0.000139282152464628,-0.000570196927333828,1.60246081874449e-05
"gaussian_phi050_N1024_M64_Q16","gaussian_phi050_N1024","gaussian","Gaussian",0.5,1024,64,16,"VK_leading_oracle_minus_F_feasible_leading",0.00032,0.000142825697939131,-0.000579113558822117,1.60815614929151e-05
"gaussian_phi050_N3125_M25_Q125","gaussian_phi050_N3125","gaussian","Gaussian",0.5,3125,25,125,"K_asym_full_minus_K_leading",-0.00026,5.09838208993788e-05,-0.000130215040992294,5.91757898772803e-08
"gaussian_phi050_N3125_M25_Q125","gaussian_phi050_N3125","gaussian","Gaussian",0.5,3125,25,125,"V_oracle_minus_V_feasible",0.00031,0.000165829171116363,-0.000206791869249318,1.22158588857826e-05
"gaussian_phi050_N3125_M25_Q125","gaussian_phi050_N3125","gaussian","Gaussian",0.5,3125,25,125,"VK_asym_full_oracle_minus_VK_leading_oracle",-0.00034,5.82998969877296e-05,-0.000133975897143792,6.0965030030617e-08
"gaussian_phi050_N3125_M25_Q125","gaussian_phi050_N3125","gaussian","Gaussian",0.5,3125,25,125,"VK_asym_full_oracle_minus_VK_asym_full_feasible",8e-05,0.000160624387942616,-0.000211776684559887,1.22782946053011e-05
"gaussian_phi050_N3125_M25_Q125","gaussian_phi050_N3125","gaussian","Gaussian",0.5,3125,25,125,"VK_leading_oracle_minus_F_feasible_leading",0.00022,0.000158744347923572,-0.000212872318510164,1.22919207902113e-05
"gaussian_phi050_N3125_M125_Q25","gaussian_phi050_N3125","gaussian","Gaussian",0.5,3125,125,25,"K_asym_full_minus_K_leading",-0.00034,5.82998969877296e-05,-0.000145430126987005,1.59237309060856e-07
"gaussian_phi050_N3125_M125_Q25","gaussian_phi050_N3125","gaussian","Gaussian",0.5,3125,125,25,"V_oracle_minus_V_feasible",5e-05,9.11046541104241e-05,-7.3797931442001e-05,3.81722101132143e-06
"gaussian_phi050_N3125_M125_Q25","gaussian_phi050_N3125","gaussian","Gaussian",0.5,3125,125,25,"VK_asym_full_oracle_minus_VK_leading_oracle",-0.00031,5.56692912717587e-05,-0.000146252059017575,1.60295323967335e-07
"gaussian_phi050_N3125_M125_Q25","gaussian_phi050_N3125","gaussian","Gaussian",0.5,3125,125,25,"VK_asym_full_oracle_minus_VK_asym_full_feasible",0.00011,9.43396417190568e-05,-8.52615175272559e-05,3.94091183566206e-06
"gaussian_phi050_N3125_M125_Q25","gaussian_phi050_N3125","gaussian","Gaussian",0.5,3125,125,25,"VK_leading_oracle_minus_F_feasible_leading",9e-05,9.32738226945803e-05,-8.57216381193265e-05,3.94569994449776e-06
"gaussian_phi050_N7776_M36_Q216","gaussian_phi050_N7776","gaussian","Gaussian",0.5,7776,36,216,"K_asym_full_minus_K_leading",-0.00014,3.74141416870678e-05,-3.30131922334198e-05,1.11774824666027e-08
"gaussian_phi050_N7776_M36_Q216","gaussian_phi050_N7776","gaussian","Gaussian",0.5,7776,36,216,"V_oracle_minus_V_feasible",1e-04,0.000148324374265324,-8.86084704355382e-05,6.57824143942039e-06
"gaussian_phi050_N7776_M36_Q216","gaussian_phi050_N7776","gaussian","Gaussian",0.5,7776,36,216,"VK_asym_full_oracle_minus_VK_leading_oracle",-4e-05,1.99996999947499e-05,-3.36566128063186e-05,1.13996595875665e-08
"gaussian_phi050_N7776_M36_Q216","gaussian_phi050_N7776","gaussian","Gaussian",0.5,7776,36,216,"VK_asym_full_oracle_minus_VK_asym_full_feasible",8e-05,0.000142127189521851,-8.98782475010043e-05,6.59866565009822e-06
"gaussian_phi050_N7776_M36_Q216","gaussian_phi050_N7776","gaussian","Gaussian",0.5,7776,36,216,"VK_leading_oracle_minus_F_feasible_leading",0,0.000144222772134223,-9.00587787127868e-05,6.60155777063367e-06
"gaussian_phi050_N7776_M216_Q36","gaussian_phi050_N7776","gaussian","Gaussian",0.5,7776,216,36,"K_asym_full_minus_K_leading",-0.00013,3.6053349337336e-05,-3.62138900681049e-05,3.23586443843055e-08
"gaussian_phi050_N7776_M216_Q36","gaussian_phi050_N7776","gaussian","Gaussian",0.5,7776,216,36,"V_oracle_minus_V_feasible",-2e-05,5.47724930988174e-05,-1.65386989181573e-05,1.16809536776671e-06
"gaussian_phi050_N7776_M216_Q36","gaussian_phi050_N7776","gaussian","Gaussian",0.5,7776,216,36,"VK_asym_full_oracle_minus_VK_leading_oracle",-0.00014,3.74141416870678e-05,-3.63341339176193e-05,3.24831019003379e-08
"gaussian_phi050_N7776_M216_Q36","gaussian_phi050_N7776","gaussian","Gaussian",0.5,7776,216,36,"VK_asym_full_oracle_minus_VK_asym_full_feasible",4e-05,6.00001666681019e-05,-1.82658723944349e-05,1.19484928474539e-06
"gaussian_phi050_N7776_M216_Q36","gaussian_phi050_N7776","gaussian","Gaussian",0.5,7776,216,36,"VK_leading_oracle_minus_F_feasible_leading",7e-05,5.91606795080989e-05,-1.83043777090654e-05,1.19543095539363e-06
"gaussian_phi050_N100_M5_Q20","gaussian_phi050_N100","gaussian","Gaussian",0.5,100,5,20,"K_asym_full_minus_K_leading",-0.01178,0.000341194197100129,-0.0209561205498845,2.61509126945429e-05
"gaussian_phi050_N100_M5_Q20","gaussian_phi050_N100","gaussian","Gaussian",0.5,100,5,20,"V_oracle_minus_V_feasible",0.01691,0.000407728072889045,0.0370568395320672,4.07131165722983e-05
"gaussian_phi050_N100_M5_Q20","gaussian_phi050_N100","gaussian","Gaussian",0.5,100,5,20,"VK_asym_full_oracle_minus_VK_leading_oracle",-0.00807,0.000282930294411035,-0.0244207925275436,3.1290913623558e-05
"gaussian_phi050_N100_M5_Q20","gaussian_phi050_N100","gaussian","Gaussian",0.5,100,5,20,"VK_asym_full_oracle_minus_VK_asym_full_feasible",0.01662,0.000404276378723645,0.0371808306192962,4.0864922043814e-05
"gaussian_phi050_N100_M5_Q20","gaussian_phi050_N100","gaussian","Gaussian",0.5,100,5,20,"VK_leading_oracle_minus_F_feasible_leading",0.01475,0.000381216248680828,0.0382140224273497,4.21326982836056e-05
"gaussian_phi050_N100_M10_Q10","gaussian_phi050_N100","gaussian","Gaussian",0.5,100,10,10,"K_asym_full_minus_K_leading",-0.01026,0.000318666501978785,-0.0229205274570345,4.10086549969443e-05
"gaussian_phi050_N100_M10_Q10","gaussian_phi050_N100","gaussian","Gaussian",0.5,100,10,10,"V_oracle_minus_V_feasible",0.0041,0.000291260619252729,-0.00396356788726737,0.000147774164539905
"gaussian_phi050_N100_M10_Q10","gaussian_phi050_N100","gaussian","Gaussian",0.5,100,10,10,"VK_asym_full_oracle_minus_VK_leading_oracle",-0.00886,0.000296337446433659,-0.0242268405327301,4.37418151482122e-05
"gaussian_phi050_N100_M10_Q10","gaussian_phi050_N100","gaussian","Gaussian",0.5,100,10,10,"VK_asym_full_oracle_minus_VK_asym_full_feasible",0.00338,0.000282995683475152,-0.00529107567604088,0.000152096359612953
"gaussian_phi050_N100_M10_Q10","gaussian_phi050_N100","gaussian","Gaussian",0.5,100,10,10,"VK_leading_oracle_minus_F_feasible_leading",0.00326,0.000270729490348889,-0.00654606714548452,0.000155751415949318
"gaussian_phi050_N100_M20_Q5","gaussian_phi050_N100","gaussian","Gaussian",0.5,100,20,5,"K_asym_full_minus_K_leading",-0.01062,0.00032414997567803,-0.0201158277479369,5.39858953462253e-05
"gaussian_phi050_N100_M20_Q5","gaussian_phi050_N100","gaussian","Gaussian",0.5,100,20,5,"V_oracle_minus_V_feasible",0.00335,0.000271272023778916,-0.00240742280830955,9.36526105951882e-05
"gaussian_phi050_N100_M20_Q5","gaussian_phi050_N100","gaussian","Gaussian",0.5,100,20,5,"VK_asym_full_oracle_minus_VK_leading_oracle",-0.01043,0.000321268086077393,-0.0201697556542105,5.4253115841909e-05
"gaussian_phi050_N100_M20_Q5","gaussian_phi050_N100","gaussian","Gaussian",0.5,100,20,5,"VK_asym_full_oracle_minus_VK_asym_full_feasible",0.00213,0.000243834422410486,-0.00391466760115715,9.50240375535206e-05
"gaussian_phi050_N100_M20_Q5","gaussian_phi050_N100","gaussian","Gaussian",0.5,100,20,5,"VK_leading_oracle_minus_F_feasible_leading",0.0025,0.000237356405813354,-0.00440825076047598,9.47119417543449e-05
"gaussian_phi050_N225_M15_Q15","gaussian_phi050_N225","gaussian","Gaussian",0.5,225,15,15,"K_asym_full_minus_K_leading",-0.00432,0.000207397700416522,-0.00723165138028397,1.05802990520246e-05
"gaussian_phi050_N225_M15_Q15","gaussian_phi050_N225","gaussian","Gaussian",0.5,225,15,15,"V_oracle_minus_V_feasible",0.00179,0.000257038167761515,-0.00399469285721925,9.76809404787913e-05
"gaussian_phi050_N225_M15_Q15","gaussian_phi050_N225","gaussian","Gaussian",0.5,225,15,15,"VK_asym_full_oracle_minus_VK_leading_oracle",-0.0041,0.000202070057957836,-0.00756052559916188,1.11441956236525e-05
"gaussian_phi050_N225_M15_Q15","gaussian_phi050_N225","gaussian","Gaussian",0.5,225,15,15,"VK_asym_full_oracle_minus_VK_asym_full_feasible",0.00157,0.000251944410058762,-0.00474615212402346,0.000100953894435947
"gaussian_phi050_N225_M15_Q15","gaussian_phi050_N225","gaussian","Gaussian",0.5,225,15,15,"VK_leading_oracle_minus_F_feasible_leading",0.00164,0.000249346597605136,-0.00510520484952966,0.000102428093660586
"gaussian_phi050_N400_M5_Q80","gaussian_phi050_N400","gaussian","Gaussian",0.5,400,5,80,"K_asym_full_minus_K_leading",-0.00263,0.000161960159640984,-0.0025239034330567,1.48553706470407e-06
"gaussian_phi050_N400_M5_Q80","gaussian_phi050_N400","gaussian","Gaussian",0.5,400,5,80,"V_oracle_minus_V_feasible",0.0163,0.00040043064748722,0.0204372411350972,1.07406110202983e-05
"gaussian_phi050_N400_M5_Q80","gaussian_phi050_N400","gaussian","Gaussian",0.5,400,5,80,"VK_asym_full_oracle_minus_VK_leading_oracle",-0.00191,0.000138071393261227,-0.00295924458293881,1.77198151030156e-06
"gaussian_phi050_N400_M5_Q80","gaussian_phi050_N400","gaussian","Gaussian",0.5,400,5,80,"VK_asym_full_oracle_minus_VK_asym_full_feasible",0.01622,0.000399463029211862,0.0204587309823544,1.07534445489147e-05
"gaussian_phi050_N400_M5_Q80","gaussian_phi050_N400","gaussian","Gaussian",0.5,400,5,80,"VK_leading_oracle_minus_F_feasible_leading",0.01611,0.000398128451712058,0.0206331270948371,1.08578809925021e-05
"gaussian_phi050_N400_M10_Q40","gaussian_phi050_N400","gaussian","Gaussian",0.5,400,10,40,"K_asym_full_minus_K_leading",-0.0025,0.000157916906560044,-0.00283835719392377,2.40900742377351e-06
"gaussian_phi050_N400_M10_Q40","gaussian_phi050_N400","gaussian","Gaussian",0.5,400,10,40,"V_oracle_minus_V_feasible",0.00185,0.000194592275441593,0.000655101382004733,4.56555222301442e-05
"gaussian_phi050_N400_M10_Q40","gaussian_phi050_N400","gaussian","Gaussian",0.5,400,10,40,"VK_asym_full_oracle_minus_VK_leading_oracle",-0.00203,0.00014233409145365,-0.00306563087861032,2.63441286495808e-06
"gaussian_phi050_N400_M10_Q40","gaussian_phi050_N400","gaussian","Gaussian",0.5,400,10,40,"VK_asym_full_oracle_minus_VK_asym_full_feasible",0.0017,0.000190713040232274,0.000598232723574869,4.61599596424534e-05
"gaussian_phi050_N400_M10_Q40","gaussian_phi050_N400","gaussian","Gaussian",0.5,400,10,40,"VK_leading_oracle_minus_F_feasible_leading",0.00169,0.000195120013628016,0.000549858758278336,4.65756684018976e-05
"gaussian_phi050_N400_M20_Q20","gaussian_phi050_N400","gaussian","Gaussian",0.5,400,20,20,"K_asym_full_minus_K_leading",-0.00227,0.000150494842061032,-0.00308374263607539,3.83515139083895e-06
"gaussian_phi050_N400_M20_Q20","gaussian_phi050_N400","gaussian","Gaussian",0.5,400,20,20,"V_oracle_minus_V_feasible",0.00155,0.000287535739983776,-0.00343565167014135,8.31328475978474e-05
"gaussian_phi050_N400_M20_Q20","gaussian_phi050_N400","gaussian","Gaussian",0.5,400,20,20,"VK_asym_full_oracle_minus_VK_leading_oracle",-0.00192,0.000138431671351885,-0.0031946309841348,3.99712498024607e-06
"gaussian_phi050_N400_M20_Q20","gaussian_phi050_N400","gaussian","Gaussian",0.5,400,20,20,"VK_asym_full_oracle_minus_VK_asym_full_feasible",0.00095,0.000268498968186023,-0.00394204397994543,8.5596162191931e-05
"gaussian_phi050_N400_M20_Q20","gaussian_phi050_N400","gaussian","Gaussian",0.5,400,20,20,"VK_leading_oracle_minus_F_feasible_leading",0.00039,0.000265516824310325,-0.00410184398716166,8.63397019734816e-05
"gaussian_phi050_N400_M40_Q10","gaussian_phi050_N400","gaussian","Gaussian",0.5,400,40,10,"K_asym_full_minus_K_leading",-0.00238,0.000154089563033758,-0.00316337726766346,5.67165544823825e-06
"gaussian_phi050_N400_M40_Q10","gaussian_phi050_N400","gaussian","Gaussian",0.5,400,40,10,"V_oracle_minus_V_feasible",0.00099,0.000198218545817285,-0.00124258245120638,3.53425535096566e-05
"gaussian_phi050_N400_M40_Q10","gaussian_phi050_N400","gaussian","Gaussian",0.5,400,40,10,"VK_asym_full_oracle_minus_VK_leading_oracle",-0.00246,0.000156651617921086,-0.00320539893486202,5.75889638005109e-06
"gaussian_phi050_N400_M40_Q10","gaussian_phi050_N400","gaussian","Gaussian",0.5,400,40,10,"VK_asym_full_oracle_minus_VK_asym_full_feasible",0.00079,0.000178028300954538,-0.00167976066014263,3.74574580607256e-05
"gaussian_phi050_N400_M40_Q10","gaussian_phi050_N400","gaussian","Gaussian",0.5,400,40,10,"VK_leading_oracle_minus_F_feasible_leading",0.00096,0.000174330398699937,-0.00174500370863761,3.77470285363469e-05
"gaussian_phi050_N400_M80_Q5","gaussian_phi050_N400","gaussian","Gaussian",0.5,400,80,5,"K_asym_full_minus_K_leading",-0.00239,0.000154412167367647,-0.00268369810279585,7.2107261570928e-06
"gaussian_phi050_N400_M80_Q5","gaussian_phi050_N400","gaussian","Gaussian",0.5,400,80,5,"V_oracle_minus_V_feasible",0.00042,0.000127272927144699,-0.000271436057102036,1.16500990485448e-05
"gaussian_phi050_N400_M80_Q5","gaussian_phi050_N400","gaussian","Gaussian",0.5,400,80,5,"VK_asym_full_oracle_minus_VK_leading_oracle",-0.00231,0.000151811954301019,-0.00268519991234133,7.21874506850677e-06
"gaussian_phi050_N400_M80_Q5","gaussian_phi050_N400","gaussian","Gaussian",0.5,400,80,5,"VK_asym_full_oracle_minus_VK_asym_full_feasible",0.00042,0.000117466480256028,-0.000469047279703741,1.21638527318683e-05
"gaussian_phi050_N400_M80_Q5","gaussian_phi050_N400","gaussian","Gaussian",0.5,400,80,5,"VK_leading_oracle_minus_F_feasible_leading",0.00027,0.000106298560638609,-0.000483091027612553,1.21783751054333e-05
"gaussian_phi050_N8100_M45_Q180","gaussian_phi050_N8100","gaussian","Gaussian",0.5,8100,45,180,"K_asym_full_minus_K_leading",-6e-05,2.44942850416173e-05,-3.13193541939825e-05,1.1713278184706e-08
"gaussian_phi050_N8100_M45_Q180","gaussian_phi050_N8100","gaussian","Gaussian",0.5,8100,45,180,"V_oracle_minus_V_feasible",-1e-04,0.000137840813988093,-7.37807585725431e-05,5.57433251148524e-06
"gaussian_phi050_N8100_M45_Q180","gaussian_phi050_N8100","gaussian","Gaussian",0.5,8100,45,180,"VK_asym_full_oracle_minus_VK_leading_oracle",-0.00011,3.31645895331148e-05,-3.18069277667218e-05,1.19003576067409e-08
"gaussian_phi050_N8100_M45_Q180","gaussian_phi050_N8100","gaussian","Gaussian",0.5,8100,45,180,"VK_asym_full_oracle_minus_VK_asym_full_feasible",-1e-04,0.000138564396584837,-7.50984635998558e-05,5.59580077966876e-06
"gaussian_phi050_N8100_M45_Q180","gaussian_phi050_N8100","gaussian","Gaussian",0.5,8100,45,180,"VK_leading_oracle_minus_F_feasible_leading",-0.00013,0.000136748009126934,-7.52444864184742e-05,5.59816848253859e-06
"gaussian_phi050_N8100_M90_Q90","gaussian_phi050_N8100","gaussian","Gaussian",0.5,8100,90,90,"K_asym_full_minus_K_leading",-9e-05,2.99987999639984e-05,-3.22625829797282e-05,1.73214061279386e-08
"gaussian_phi050_N8100_M90_Q90","gaussian_phi050_N8100","gaussian","Gaussian",0.5,8100,90,90,"V_oracle_minus_V_feasible",5e-05,9.00003111136845e-05,-3.64350538041852e-05,2.76282574310857e-06
"gaussian_phi050_N8100_M90_Q90","gaussian_phi050_N8100","gaussian","Gaussian",0.5,8100,90,90,"VK_asym_full_oracle_minus_VK_leading_oracle",-5e-05,2.23602325524579e-05,-3.25163550925293e-05,1.74687064720288e-08
"gaussian_phi050_N8100_M90_Q90","gaussian_phi050_N8100","gaussian","Gaussian",0.5,8100,90,90,"VK_asym_full_oracle_minus_VK_asym_full_feasible",-1e-05,0.000106301984934996,-3.78484739914635e-05,2.78602955507061e-06
"gaussian_phi050_N8100_M90_Q90","gaussian_phi050_N8100","gaussian","Gaussian",0.5,8100,90,90,"VK_leading_oracle_minus_F_feasible_leading",-5e-05,0.000104403467379393,-3.79236055964373e-05,2.78725100763809e-06
"gaussian_phi050_N8100_M180_Q45","gaussian_phi050_N8100","gaussian","Gaussian",0.5,8100,180,45,"K_asym_full_minus_K_leading",-4e-05,1.99996999947499e-05,-3.36080435172345e-05,2.65886452376781e-08
"gaussian_phi050_N8100_M180_Q45","gaussian_phi050_N8100","gaussian","Gaussian",0.5,8100,180,45,"V_oracle_minus_V_feasible",5e-05,6.70821883975173e-05,-1.83691639754686e-05,1.37617679497811e-06
"gaussian_phi050_N8100_M180_Q45","gaussian_phi050_N8100","gaussian","Gaussian",0.5,8100,180,45,"VK_asym_full_oracle_minus_VK_leading_oracle",-7e-05,2.64567193654088e-05,-3.37421144403123e-05,2.67101217017535e-08
"gaussian_phi050_N8100_M180_Q45","gaussian_phi050_N8100","gaussian","Gaussian",0.5,8100,180,45,"VK_asym_full_oracle_minus_VK_asym_full_feasible",8e-05,6.78231671320353e-05,-1.98914447380679e-05,1.400981396878e-06
"gaussian_phi050_N8100_M180_Q45","gaussian_phi050_N8100","gaussian","Gaussian",0.5,8100,180,45,"VK_leading_oracle_minus_F_feasible_leading",1e-05,6.40315547242139e-05,-1.99318473795858e-05,1.4016266908024e-06
"gaussian_phi050_N343_M49_Q7","gaussian_phi050_N343","gaussian","Gaussian",0.5,343,49,7,"K_asym_full_minus_K_leading",-0.00299,0.00017265832476012,-0.0037990905357686,8.47163490663845e-06
"gaussian_phi050_N343_M49_Q7","gaussian_phi050_N343","gaussian","Gaussian",0.5,343,49,7,"V_oracle_minus_V_feasible",0.00095,0.000174617524644003,-0.000882693577263691,2.90084479844331e-05
"gaussian_phi050_N343_M49_Q7","gaussian_phi050_N343","gaussian","Gaussian",0.5,343,49,7,"VK_asym_full_oracle_minus_VK_leading_oracle",-0.00277,0.00016620333099993,-0.00382547382905581,8.54126216185622e-06
"gaussian_phi050_N343_M49_Q7","gaussian_phi050_N343","gaussian","Gaussian",0.5,343,49,7,"VK_asym_full_oracle_minus_VK_asym_full_feasible",0.00077,0.000167016017026809,-0.00134132038067227,3.09220495283712e-05
"gaussian_phi050_N343_M49_Q7","gaussian_phi050_N343","gaussian","Gaussian",0.5,343,49,7,"VK_leading_oracle_minus_F_feasible_leading",0.00072,0.000167317351015845,-0.0013978600584091,3.11233244136961e-05
"gaussian_phi050_N19683_M729_Q27","gaussian_phi050_N19683","gaussian","Gaussian",0.5,19683,729,27,"K_asym_full_minus_K_leading",-3e-05,1.73203348680099e-05,-9.21661975173101e-06,9.72972478565434e-09
"gaussian_phi050_N19683_M729_Q27","gaussian_phi050_N19683","gaussian","Gaussian",0.5,19683,729,27,"V_oracle_minus_V_feasible",3e-05,3.31662780549763e-05,-1.59960656455906e-06,1.7393081171349e-07
"gaussian_phi050_N19683_M729_Q27","gaussian_phi050_N19683","gaussian","Gaussian",0.5,19683,729,27,"VK_asym_full_oracle_minus_VK_leading_oracle",-8e-05,2.82832812707436e-05,-9.22554902795899e-06,9.74081320929493e-09
"gaussian_phi050_N19683_M729_Q27","gaussian_phi050_N19683","gaussian","Gaussian",0.5,19683,729,27,"VK_asym_full_oracle_minus_VK_asym_full_feasible",-3e-05,3.60555682251716e-05,-1.84047145103652e-06,1.79428228705689e-07
"gaussian_phi050_N19683_M729_Q27","gaussian_phi050_N19683","gaussian","Gaussian",0.5,19683,729,27,"VK_leading_oracle_minus_F_feasible_leading",2e-05,3.162287147082e-05,-1.84207398267055e-06,1.79463526407222e-07
"gaussian_phi020_N64_M8_Q8","gaussian_phi020_N64","gaussian","Gaussian",0.2,64,8,8,"K_asym_full_minus_K_leading",-0.00508,0.000224816461640188,-0.0104001234467433,2.12747288899813e-05
"gaussian_phi020_N64_M8_Q8","gaussian_phi020_N64","gaussian","Gaussian",0.2,64,8,8,"V_oracle_minus_V_feasible",0.00449,0.000376961297745803,-0.00949337570091417,0.000207974752636257
"gaussian_phi020_N64_M8_Q8","gaussian_phi020_N64","gaussian","Gaussian",0.2,64,8,8,"VK_asym_full_oracle_minus_VK_leading_oracle",-0.00456,0.000213055199244654,-0.0105742662947713,2.1690860459287e-05
"gaussian_phi020_N64_M8_Q8","gaussian_phi020_N64","gaussian","Gaussian",0.2,64,8,8,"VK_asym_full_oracle_minus_VK_asym_full_feasible",0.00394,0.000363106158665513,-0.0129656636903963,0.000218444323223079
"gaussian_phi020_N64_M8_Q8","gaussian_phi020_N64","gaussian","Gaussian",0.2,64,8,8,"VK_leading_oracle_minus_F_feasible_leading",0.00312,0.000358474463580616,-0.0138368988642607,0.000220689729803031
"gaussian_phi020_N100_M10_Q10","gaussian_phi020_N100","gaussian","Gaussian",0.2,100,10,10,"K_asym_full_minus_K_leading",-0.00317,0.000177763401740263,-0.00554723608280961,1.00330497463005e-05
"gaussian_phi020_N100_M10_Q10","gaussian_phi020_N100","gaussian","Gaussian",0.2,100,10,10,"V_oracle_minus_V_feasible",0.00355,0.00036328404142344,-0.00808937090718821,0.000169647981291224
"gaussian_phi020_N100_M10_Q10","gaussian_phi020_N100","gaussian","Gaussian",0.2,100,10,10,"VK_asym_full_oracle_minus_VK_leading_oracle",-0.00279,0.000166800591199109,-0.00563973127754906,1.02273796458526e-05
"gaussian_phi020_N100_M10_Q10","gaussian_phi020_N100","gaussian","Gaussian",0.2,100,10,10,"VK_asym_full_oracle_minus_VK_asym_full_feasible",0.0031,0.000343955059638364,-0.0106011963032829,0.000178373374683994
"gaussian_phi020_N100_M10_Q10","gaussian_phi020_N100","gaussian","Gaussian",0.2,100,10,10,"VK_leading_oracle_minus_F_feasible_leading",0.00289,0.000334092195622633,-0.0110785659793439,0.000179871346227386
"gaussian_phi020_N225_M15_Q15","gaussian_phi020_N225","gaussian","Gaussian",0.2,225,15,15,"K_asym_full_minus_K_leading",-0.00128,0.000113065219397648,-0.00167863612013048,2.4260150574346e-06
"gaussian_phi020_N225_M15_Q15","gaussian_phi020_N225","gaussian","Gaussian",0.2,225,15,15,"V_oracle_minus_V_feasible",0.00282,0.00031035695451269,-0.00397529478237504,9.72534326215022e-05
"gaussian_phi020_N225_M15_Q15","gaussian_phi020_N225","gaussian","Gaussian",0.2,225,15,15,"VK_asym_full_oracle_minus_VK_leading_oracle",-0.00118,0.000108564238411821,-0.00170134566700109,2.46438390410474e-06
"gaussian_phi020_N225_M15_Q15","gaussian_phi020_N225","gaussian","Gaussian",0.2,225,15,15,"VK_asym_full_oracle_minus_VK_asym_full_feasible",0.00263,0.000300385973902466,-0.00491530792727118,0.000101490978753092
"gaussian_phi020_N225_M15_Q15","gaussian_phi020_N225","gaussian","Gaussian",0.2,225,15,15,"VK_leading_oracle_minus_F_feasible_leading",0.00255,0.000298053457216375,-0.00502422911315039,0.000101952977482654
"gaussian_phi020_N400_M20_Q20","gaussian_phi020_N400","gaussian","Gaussian",0.2,400,20,20,"K_asym_full_minus_K_leading",-0.00077,8.77162923377374e-05,-0.000706543475766064,8.80306495846554e-07
"gaussian_phi020_N400_M20_Q20","gaussian_phi020_N400","gaussian","Gaussian",0.2,400,20,20,"V_oracle_minus_V_feasible",0.00204,0.000306853915720911,-0.00287378415075015,7.46052376242086e-05
"gaussian_phi020_N400_M20_Q20","gaussian_phi020_N400","gaussian","Gaussian",0.2,400,20,20,"VK_asym_full_oracle_minus_VK_leading_oracle",-0.00042,6.47941199707182e-05,-0.000714184777664004,8.914367773326e-07
"gaussian_phi020_N400_M20_Q20","gaussian_phi020_N400","gaussian","Gaussian",0.2,400,20,20,"VK_asym_full_oracle_minus_VK_asym_full_feasible",0.00171,0.000288914509355167,-0.00339268792631204,7.72613040844646e-05
"gaussian_phi020_N400_M20_Q20","gaussian_phi020_N400","gaussian","Gaussian",0.2,400,20,20,"VK_leading_oracle_minus_F_feasible_leading",0.00148,0.000288060628669136,-0.00343548833048886,7.74704953818666e-05
"gaussian_phi020_N1024_M32_Q32","gaussian_phi020_N1024","gaussian","Gaussian",0.2,1024,32,32,"K_asym_full_minus_K_leading",-0.00033,5.74364343377955e-05,-0.000168059516810822,1.61031736487877e-07
"gaussian_phi020_N1024_M32_Q32","gaussian_phi020_N1024","gaussian","Gaussian",0.2,1024,32,32,"V_oracle_minus_V_feasible",0.00085,0.000218845273955229,-0.000750608592336554,2.78174851262812e-05
"gaussian_phi020_N1024_M32_Q32","gaussian_phi020_N1024","gaussian","Gaussian",0.2,1024,32,32,"VK_asym_full_oracle_minus_VK_leading_oracle",-3e-04,5.47643131181239e-05,-0.000169239336929231,1.62359060190063e-07
"gaussian_phi020_N1024_M32_Q32","gaussian_phi020_N1024","gaussian","Gaussian",0.2,1024,32,32,"VK_asym_full_oracle_minus_VK_asym_full_feasible",0.00069,0.000216091892390852,-0.000841754370376313,2.84826418314881e-05
"gaussian_phi020_N1024_M32_Q32","gaussian_phi020_N1024","gaussian","Gaussian",0.2,1024,32,32,"VK_leading_oracle_minus_F_feasible_leading",0.00078,0.000215393546662381,-0.000846168930250671,2.8513956188937e-05
"gaussian_phi020_N4096_M16_Q256","gaussian_phi020_N4096","gaussian","Gaussian",0.2,4096,16,256,"K_asym_full_minus_K_leading",-5e-05,2.23602325524579e-05,-1.91442834203282e-05,6.015386877016e-09
"gaussian_phi020_N4096_M16_Q256","gaussian_phi020_N4096","gaussian","Gaussian",0.2,4096,16,256,"V_oracle_minus_V_feasible",-8e-05,0.000153623474774268,-8.25434442774433e-05,6.59125165247146e-06
"gaussian_phi020_N4096_M16_Q256","gaussian_phi020_N4096","gaussian","Gaussian",0.2,4096,16,256,"VK_asym_full_oracle_minus_VK_leading_oracle",-7e-05,2.64567193654088e-05,-1.94034475529651e-05,6.09782036584055e-09
"gaussian_phi020_N4096_M16_Q256","gaussian_phi020_N4096","gaussian","Gaussian",0.2,4096,16,256,"VK_asym_full_oracle_minus_VK_asym_full_feasible",0.00023,0.000152642405631725,-8.35646380740564e-05,6.60918400140203e-06
"gaussian_phi020_N4096_M16_Q256","gaussian_phi020_N4096","gaussian","Gaussian",0.2,4096,16,256,"VK_leading_oracle_minus_F_feasible_leading",0.00023,0.000155240819365011,-8.36624805190071e-05,6.61089624702987e-06
"gaussian_phi020_N4096_M64_Q64","gaussian_phi020_N4096","gaussian","Gaussian",0.2,4096,64,64,"K_asym_full_minus_K_leading",-7e-05,2.64567193654088e-05,-2.02523352170077e-05,1.31929172894913e-08
"gaussian_phi020_N4096_M64_Q64","gaussian_phi020_N4096","gaussian","Gaussian",0.2,4096,64,64,"V_oracle_minus_V_feasible",8e-05,0.000131909476540164,-8.99438150501827e-05,5.24377799867091e-06
"gaussian_phi020_N4096_M64_Q64","gaussian_phi020_N4096","gaussian","Gaussian",0.2,4096,64,64,"VK_asym_full_oracle_minus_VK_leading_oracle",-8e-05,2.82832812707436e-05,-2.03227439718842e-05,1.32437470719035e-08
"gaussian_phi020_N4096_M64_Q64","gaussian_phi020_N4096","gaussian","Gaussian",0.2,4096,64,64,"VK_asym_full_oracle_minus_VK_asym_full_feasible",0.00025,0.000131527746105071,-9.50111054345302e-05,5.30804499270288e-06
"gaussian_phi020_N4096_M64_Q64","gaussian_phi020_N4096","gaussian","Gaussian",0.2,4096,64,64,"VK_leading_oracle_minus_F_feasible_leading",0.00025,0.000131527746105071,-9.51272371876879e-05,5.30949756684248e-06
"gaussian_phi020_N4096_M256_Q16","gaussian_phi020_N4096","gaussian","Gaussian",0.2,4096,256,16,"K_asym_full_minus_K_leading",-6e-05,2.44942850416173e-05,-2.20471294979959e-05,3.0943099720494e-08
"gaussian_phi020_N4096_M256_Q16","gaussian_phi020_N4096","gaussian","Gaussian",0.2,4096,256,16,"V_oracle_minus_V_feasible",9e-05,6.99997714259125e-05,-2.11967510904829e-05,1.22602693556327e-06
"gaussian_phi020_N4096_M256_Q16","gaussian_phi020_N4096","gaussian","Gaussian",0.2,4096,256,16,"VK_asym_full_oracle_minus_VK_leading_oracle",-6e-05,2.44942850416173e-05,-2.20645857690823e-05,3.09716299428652e-08
"gaussian_phi020_N4096_M256_Q16","gaussian_phi020_N4096","gaussian","Gaussian",0.2,4096,256,16,"VK_asym_full_oracle_minus_VK_asym_full_feasible",0.00014,6.92809641858425e-05,-2.66076520538933e-05,1.28928654949513e-06
"gaussian_phi020_N4096_M256_Q16","gaussian_phi020_N4096","gaussian","Gaussian",0.2,4096,256,16,"VK_leading_oracle_minus_F_feasible_leading",0.00013,6.85556562128902e-05,-2.66413059337849e-05,1.2896578682615e-06
"gaussian_phi020_N8100_M90_Q90","gaussian_phi020_N8100","gaussian","Gaussian",0.2,8100,90,90,"K_asym_full_minus_K_leading",-3e-05,1.73203348680099e-05,-7.16063760087273e-06,3.84865942576396e-09
"gaussian_phi020_N8100_M90_Q90","gaussian_phi020_N8100","gaussian","Gaussian",0.2,8100,90,90,"V_oracle_minus_V_feasible",1e-04,9.59165887629455e-05,-2.63960700920055e-05,2.21135564359383e-06
"gaussian_phi020_N8100_M90_Q90","gaussian_phi020_N8100","gaussian","Gaussian",0.2,8100,90,90,"VK_asym_full_oracle_minus_VK_leading_oracle",-2e-05,1.41420649121689e-05,-7.17809255328669e-06,3.85876091171778e-09
"gaussian_phi020_N8100_M90_Q90","gaussian_phi020_N8100","gaussian","Gaussian",0.2,8100,90,90,"VK_asym_full_oracle_minus_VK_asym_full_feasible",3e-05,0.000107238547178988,-2.75161064726023e-05,2.23052680804919e-06
"gaussian_phi020_N8100_M90_Q90","gaussian_phi020_N8100","gaussian","Gaussian",0.2,8100,90,90,"VK_leading_oracle_minus_F_feasible_leading",0,0.000104881409225372,-2.75340606803339e-05,2.23083125791049e-06
"gaussian_phi080_N64_M8_Q8","gaussian_phi080_N64","gaussian","Gaussian",0.8,64,8,8,"K_asym_full_minus_K_leading",-0.06777,0.000794845009285388,-0.154113942931948,0.000329122063315691
"gaussian_phi080_N64_M8_Q8","gaussian_phi080_N64","gaussian","Gaussian",0.8,64,8,8,"V_oracle_minus_V_feasible",0.05355,0.000711919267396545,0.155185045324235,0.000272430583523324
"gaussian_phi080_N64_M8_Q8","gaussian_phi080_N64","gaussian","Gaussian",0.8,64,8,8,"VK_asym_full_oracle_minus_VK_leading_oracle",-0.05081,0.0006944697703159,-0.183877890454624,0.000403035733289746
"gaussian_phi080_N64_M8_Q8","gaussian_phi080_N64","gaussian","Gaussian",0.8,64,8,8,"VK_asym_full_oracle_minus_VK_asym_full_feasible",0.05782,0.000738088018964701,0.149056340818555,0.000257754675743702
"gaussian_phi080_N64_M8_Q8","gaussian_phi080_N64","gaussian","Gaussian",0.8,64,8,8,"VK_leading_oracle_minus_F_feasible_leading",0.04583,0.000661286990651442,0.162307200336301,0.000291276630723832
"gaussian_phi080_N100_M10_Q10","gaussian_phi080_N100","gaussian","Gaussian",0.8,100,10,10,"K_asym_full_minus_K_leading",-0.04185,0.000633237542236599,-0.0952893541847868,0.00017771749888624
"gaussian_phi080_N100_M10_Q10","gaussian_phi080_N100","gaussian","Gaussian",0.8,100,10,10,"V_oracle_minus_V_feasible",0.03859,0.000609107403598324,0.108168304481115,0.000149619283369509
"gaussian_phi080_N100_M10_Q10","gaussian_phi080_N100","gaussian","Gaussian",0.8,100,10,10,"VK_asym_full_oracle_minus_VK_leading_oracle",-0.03153,0.000552595371511965,-0.115020862099231,0.000220317112684116
"gaussian_phi080_N100_M10_Q10","gaussian_phi080_N100","gaussian","Gaussian",0.8,100,10,10,"VK_asym_full_oracle_minus_VK_asym_full_feasible",0.0402,0.000621162988622619,0.105686801924216,0.000144891171924577
"gaussian_phi080_N100_M10_Q10","gaussian_phi080_N100","gaussian","Gaussian",0.8,100,10,10,"VK_leading_oracle_minus_F_feasible_leading",0.03356,0.000569509005552216,0.113691186078313,0.000160678951517103
"gaussian_phi080_N225_M15_Q15","gaussian_phi080_N225","gaussian","Gaussian",0.8,225,15,15,"K_asym_full_minus_K_leading",-0.01699,0.000408674771854945,-0.034527204537017,5.10051366116273e-05
"gaussian_phi080_N225_M15_Q15","gaussian_phi080_N225","gaussian","Gaussian",0.8,225,15,15,"V_oracle_minus_V_feasible",0.01879,0.000429384679177107,0.0446106602733446,4.52702881063025e-05
"gaussian_phi080_N225_M15_Q15","gaussian_phi080_N225","gaussian","Gaussian",0.8,225,15,15,"VK_asym_full_oracle_minus_VK_leading_oracle",-0.01331,0.000362394470566982,-0.0405113459565687,6.14059814805917e-05
"gaussian_phi080_N225_M15_Q15","gaussian_phi080_N225","gaussian","Gaussian",0.8,225,15,15,"VK_asym_full_oracle_minus_VK_asym_full_feasible",0.01874,0.000428823929952176,0.0446312152802476,4.52949832889836e-05
"gaussian_phi080_N225_M15_Q15","gaussian_phi080_N225","gaussian","Gaussian",0.8,225,15,15,"VK_leading_oracle_minus_F_feasible_leading",0.01718,0.000410913816391765,0.0463563477094283,4.73800243263064e-05
"gaussian_phi080_N400_M20_Q20","gaussian_phi080_N400","gaussian","Gaussian",0.8,400,20,20,"K_asym_full_minus_K_leading",-0.00883,0.00029583979822171,-0.0156769146654565,1.96955151546492e-05
"gaussian_phi080_N400_M20_Q20","gaussian_phi080_N400","gaussian","Gaussian",0.8,400,20,20,"V_oracle_minus_V_feasible",0.00917,0.000301429958033696,0.0153887945995634,5.11246721453968e-05
"gaussian_phi080_N400_M20_Q20","gaussian_phi080_N400","gaussian","Gaussian",0.8,400,20,20,"VK_asym_full_oracle_minus_VK_leading_oracle",-0.00688,0.000261394987085431,-0.0178044980163021,2.2858418324268e-05
"gaussian_phi080_N400_M20_Q20","gaussian_phi080_N400","gaussian","Gaussian",0.8,400,20,20,"VK_asym_full_oracle_minus_VK_asym_full_feasible",0.00876,0.0002946752319672,0.015441318770596,5.15634627516824e-05
"gaussian_phi080_N400_M20_Q20","gaussian_phi080_N400","gaussian","Gaussian",0.8,400,20,20,"VK_leading_oracle_minus_F_feasible_leading",0.0079,0.000280315332735935,0.0155832145283925,5.2875392981473e-05
"gaussian_phi080_N1024_M32_Q32","gaussian_phi080_N1024","gaussian","Gaussian",0.8,1024,32,32,"K_asym_full_minus_K_leading",-0.00318,0.000178042671828778,-0.00403134957965419,3.87836088069623e-06
"gaussian_phi080_N1024_M32_Q32","gaussian_phi080_N1024","gaussian","Gaussian",0.8,1024,32,32,"V_oracle_minus_V_feasible",0.00325,0.000185458132599219,0.00344620671430583,2.66674886859307e-05
"gaussian_phi080_N1024_M32_Q32","gaussian_phi080_N1024","gaussian","Gaussian",0.8,1024,32,32,"VK_asym_full_oracle_minus_VK_leading_oracle",-0.00248,0.000157285547293557,-0.00436782385973934,4.25972487301901e-06
"gaussian_phi080_N1024_M32_Q32","gaussian_phi080_N1024","gaussian","Gaussian",0.8,1024,32,32,"VK_asym_full_oracle_minus_VK_asym_full_feasible",0.00307,0.000178342560990613,0.00344545539911127,2.70244842389564e-05
"gaussian_phi080_N1024_M32_Q32","gaussian_phi080_N1024","gaussian","Gaussian",0.8,1024,32,32,"VK_leading_oracle_minus_F_feasible_leading",0.00292,0.000178647852353594,0.00344326788627207,2.73437708668163e-05
"gaussian_phi080_N4096_M16_Q256","gaussian_phi080_N4096","gaussian","Gaussian",0.8,4096,16,256,"K_asym_full_minus_K_leading",-7e-04,8.36371326128504e-05,-0.00043113453321983,1.39594251494888e-07
"gaussian_phi080_N4096_M16_Q256","gaussian_phi080_N4096","gaussian","Gaussian",0.8,4096,16,256,"V_oracle_minus_V_feasible",0.014,0.000371539204410254,0.00993883062486304,3.34650202163052e-06
"gaussian_phi080_N4096_M16_Q256","gaussian_phi080_N4096","gaussian","Gaussian",0.8,4096,16,256,"VK_asym_full_oracle_minus_VK_leading_oracle",-0.00071,8.42320007497121e-05,-0.000506458698329111,1.64431328518273e-07
"gaussian_phi080_N4096_M16_Q256","gaussian_phi080_N4096","gaussian","Gaussian",0.8,4096,16,256,"VK_asym_full_oracle_minus_VK_asym_full_feasible",0.01402,0.000371800723987708,0.0099409901781597,3.34724208518911e-06
"gaussian_phi080_N4096_M16_Q256","gaussian_phi080_N4096","gaussian","Gaussian",0.8,4096,16,256,"VK_leading_oracle_minus_F_feasible_leading",0.01416,0.000373625935881598,0.00996810446069185,3.35653197707114e-06
"gaussian_phi080_N4096_M64_Q64","gaussian_phi080_N4096","gaussian","Gaussian",0.8,4096,64,64,"K_asym_full_minus_K_leading",-0.00087,9.32336737728341e-05,-0.000509441862379553,3.35411660136983e-07
"gaussian_phi080_N4096_M64_Q64","gaussian_phi080_N4096","gaussian","Gaussian",0.8,4096,64,64,"V_oracle_minus_V_feasible",0.00079,0.000109059057114847,0.000419152051425908,6.25282095720617e-06
"gaussian_phi080_N4096_M64_Q64","gaussian_phi080_N4096","gaussian","Gaussian",0.8,4096,64,64,"VK_asym_full_oracle_minus_VK_leading_oracle",-0.00049,6.9983197815474e-05,-0.000529348754711686,3.50106977051008e-07
"gaussian_phi080_N4096_M64_Q64","gaussian_phi080_N4096","gaussian","Gaussian",0.8,4096,64,64,"VK_asym_full_oracle_minus_VK_asym_full_feasible",0.00065,9.94780074123903e-05,0.000418817293347372,6.31385018948634e-06
"gaussian_phi080_N4096_M64_Q64","gaussian_phi080_N4096","gaussian","Gaussian",0.8,4096,64,64,"VK_leading_oracle_minus_F_feasible_leading",0.00051,9.53807631281054e-05,0.000418690557869539,6.33258531415326e-06
"gaussian_phi080_N4096_M256_Q16","gaussian_phi080_N4096","gaussian","Gaussian",0.8,4096,256,16,"K_asym_full_minus_K_leading",-0.00066,8.1213976365522e-05,-0.000570094466843628,7.98016601919796e-07
"gaussian_phi080_N4096_M256_Q16","gaussian_phi080_N4096","gaussian","Gaussian",0.8,4096,256,16,"V_oracle_minus_V_feasible",0.00021,4.58211740988809e-05,8.93505186912119e-05,1.39741473696796e-06
"gaussian_phi080_N4096_M256_Q16","gaussian_phi080_N4096","gaussian","Gaussian",0.8,4096,256,16,"VK_asym_full_oracle_minus_VK_leading_oracle",-0.00059,7.67891787023384e-05,-0.000574972706464325,8.05980214410184e-07
"gaussian_phi080_N4096_M256_Q16","gaussian_phi080_N4096","gaussian","Gaussian",0.8,4096,256,16,"VK_asym_full_oracle_minus_VK_asym_full_feasible",0.00014,4.2424309048233e-05,8.80592705793369e-05,1.46613427945347e-06
"gaussian_phi080_N4096_M256_Q16","gaussian_phi080_N4096","gaussian","Gaussian",0.8,4096,256,16,"VK_leading_oracle_minus_F_feasible_leading",0.00012,3.99983999519979e-05,8.7945401245663e-05,1.47068083873426e-06
"gaussian_phi080_N8100_M90_Q90","gaussian_phi080_N8100","gaussian","Gaussian",0.8,8100,90,90,"K_asym_full_minus_K_leading",-0.00046,6.78080377189887e-05,-0.000182612177487655,9.82696313294889e-08
"gaussian_phi080_N8100_M90_Q90","gaussian_phi080_N8100","gaussian","Gaussian",0.8,8100,90,90,"V_oracle_minus_V_feasible",0.00031,8.18480665077674e-05,0.000147037745225514,2.83860698295988e-06
"gaussian_phi080_N8100_M90_Q90","gaussian_phi080_N8100","gaussian","Gaussian",0.8,8100,90,90,"VK_asym_full_oracle_minus_VK_leading_oracle",-0.00032,5.65597736035064e-05,-0.000187537746893114,1.01121260376249e-07
"gaussian_phi080_N8100_M90_Q90","gaussian_phi080_N8100","gaussian","Gaussian",0.8,8100,90,90,"VK_asym_full_oracle_minus_VK_asym_full_feasible",0.00035,7.93652190092101e-05,0.000146990477184231,2.85968532944684e-06
"gaussian_phi080_N8100_M90_Q90","gaussian_phi080_N8100","gaussian","Gaussian",0.8,8100,90,90,"VK_leading_oracle_minus_F_feasible_leading",0.00042,7.99893741880747e-05,0.000146978181794631,2.86389453161519e-06
"laplace_phi050_N64_M8_Q8","laplace_phi050_N64","laplace","Standardized Laplace",0.5,64,8,8,"K_asym_full_minus_K_leading",-0.01396,0.000371015579896054,-0.032835128403202,7.19418069233171e-05
"laplace_phi050_N64_M8_Q8","laplace_phi050_N64","laplace","Standardized Laplace",0.5,64,8,8,"V_oracle_minus_V_feasible",0.00645,0.00030705849255342,0.000797389625963377,0.000156636302083814
"laplace_phi050_N64_M8_Q8","laplace_phi050_N64","laplace","Standardized Laplace",0.5,64,8,8,"VK_asym_full_oracle_minus_VK_leading_oracle",-0.01161,0.000338752456127281,-0.0347343343742303,7.68125227269859e-05
"laplace_phi050_N64_M8_Q8","laplace_phi050_N64","laplace","Standardized Laplace",0.5,64,8,8,"VK_asym_full_oracle_minus_VK_asym_full_feasible",0.00557,0.000290156152624633,-0.000854173087062799,0.000160980598652405
"laplace_phi050_N64_M8_Q8","laplace_phi050_N64","laplace","Standardized Laplace",0.5,64,8,8,"VK_leading_oracle_minus_F_feasible_leading",0.00479,0.00027761723598022,-0.00236535775474171,0.000164257159208698
"laplace_phi050_N400_M20_Q20","laplace_phi050_N400","laplace","Standardized Laplace",0.5,400,20,20,"K_asym_full_minus_K_leading",-0.00205,0.000143032092838621,-0.00240804036731305,3.14485799732207e-06
"laplace_phi050_N400_M20_Q20","laplace_phi050_N400","laplace","Standardized Laplace",0.5,400,20,20,"V_oracle_minus_V_feasible",0.0016,0.000271247370035836,-0.00353544388209528,8.45593555900827e-05
"laplace_phi050_N400_M20_Q20","laplace_phi050_N400","laplace","Standardized Laplace",0.5,400,20,20,"VK_asym_full_oracle_minus_VK_leading_oracle",-0.00172,0.000131036589187437,-0.0024951804859929,3.2792859810945e-06
"laplace_phi050_N400_M20_Q20","laplace_phi050_N400","laplace","Standardized Laplace",0.5,400,20,20,"VK_asym_full_oracle_minus_VK_asym_full_feasible",0.00167,0.000263576944606423,-0.00408637163726741,8.72854643415453e-05
"laplace_phi050_N400_M20_Q20","laplace_phi050_N400","laplace","Standardized Laplace",0.5,400,20,20,"VK_leading_oracle_minus_F_feasible_leading",0.00183,0.000263566321202191,-0.0042129713768266,8.78853811145949e-05
"laplace_phi050_N1024_M32_Q32","laplace_phi050_N1024","laplace","Standardized Laplace",0.5,1024,32,32,"K_asym_full_minus_K_leading",-0.00059,7.67891787023384e-05,-0.000581171071013047,5.7644156298427e-07
"laplace_phi050_N1024_M32_Q32","laplace_phi050_N1024","laplace","Standardized Laplace",0.5,1024,32,32,"V_oracle_minus_V_feasible",0.00059,0.000207115783969932,-0.000992713464636588,3.29960064046996e-05
"laplace_phi050_N1024_M32_Q32","laplace_phi050_N1024","laplace","Standardized Laplace",0.5,1024,32,32,"VK_asym_full_oracle_minus_VK_leading_oracle",-7e-04,8.36371326128504e-05,-0.000594606174347205,5.92171531807238e-07
"laplace_phi050_N1024_M32_Q32","laplace_phi050_N1024","laplace","Standardized Laplace",0.5,1024,32,32,"VK_asym_full_oracle_minus_VK_asym_full_feasible",5e-04,0.00019999474987859,-0.00110006044069583,3.3744001839155e-05
"laplace_phi050_N1024_M32_Q32","laplace_phi050_N1024","laplace","Standardized Laplace",0.5,1024,32,32,"VK_leading_oracle_minus_F_feasible_leading",0.00062,0.00020735618140258,-0.00111387995155542,3.38376786393088e-05
"laplace_phi050_N100_M10_Q10","laplace_phi050_N100","laplace","Standardized Laplace",0.5,100,10,10,"K_asym_full_minus_K_leading",-0.00813,0.00028397154328977,-0.0180358198405843,3.50940385823981e-05
"laplace_phi050_N100_M10_Q10","laplace_phi050_N100","laplace","Standardized Laplace",0.5,100,10,10,"V_oracle_minus_V_feasible",0.00347,0.000293224232976246,-0.00391667513722324,0.000149284452432402
"laplace_phi050_N100_M10_Q10","laplace_phi050_N100","laplace","Standardized Laplace",0.5,100,10,10,"VK_asym_full_oracle_minus_VK_leading_oracle",-0.00736,0.000270294348054757,-0.0190721653328359,3.74475097695693e-05
"laplace_phi050_N100_M10_Q10","laplace_phi050_N100","laplace","Standardized Laplace",0.5,100,10,10,"VK_asym_full_oracle_minus_VK_asym_full_feasible",0.00342,0.000284752255194701,-0.00553600161166758,0.000154689268862091
"laplace_phi050_N100_M10_Q10","laplace_phi050_N100","laplace","Standardized Laplace",0.5,100,10,10,"VK_leading_oracle_minus_F_feasible_leading",0.00362,0.000273988515629884,-0.00654131030896609,0.000157711934686771
"laplace_phi050_N225_M15_Q15","laplace_phi050_N225","laplace","Standardized Laplace",0.5,225,15,15,"K_asym_full_minus_K_leading",-0.00352,0.000187287070467952,-0.00565280246002397,8.70204795352291e-06
"laplace_phi050_N225_M15_Q15","laplace_phi050_N225","laplace","Standardized Laplace",0.5,225,15,15,"V_oracle_minus_V_feasible",0.00171,0.000268833557642674,-0.00398784467093077,9.83446244046578e-05
"laplace_phi050_N225_M15_Q15","laplace_phi050_N225","laplace","Standardized Laplace",0.5,225,15,15,"VK_asym_full_oracle_minus_VK_leading_oracle",-0.00327,0.000180536414426479,-0.00591163538451577,9.1729601533218e-06
"laplace_phi050_N225_M15_Q15","laplace_phi050_N225","laplace","Standardized Laplace",0.5,225,15,15,"VK_asym_full_oracle_minus_VK_asym_full_feasible",0.00161,0.0002566607444612,-0.00482982372735508,0.000102045916175255
"laplace_phi050_N225_M15_Q15","laplace_phi050_N225","laplace","Standardized Laplace",0.5,225,15,15,"VK_leading_oracle_minus_F_feasible_leading",0.00193,0.000254289987286122,-0.00511470367367294,0.000103228380487415
"laplace_phi080_N64_M8_Q8","laplace_phi080_N64","laplace","Standardized Laplace",0.8,64,8,8,"K_asym_full_minus_K_leading",-0.0638,0.00077285287928281,-0.145444608866962,0.000330178809050713
"laplace_phi080_N64_M8_Q8","laplace_phi080_N64","laplace","Standardized Laplace",0.8,64,8,8,"V_oracle_minus_V_feasible",0.05462,0.00071859009158017,0.154609078845877,0.000297450140446481
"laplace_phi080_N64_M8_Q8","laplace_phi080_N64","laplace","Standardized Laplace",0.8,64,8,8,"VK_asym_full_oracle_minus_VK_leading_oracle",-0.04833,0.000678193711609821,-0.173571313724235,0.000404875039127754
"laplace_phi080_N64_M8_Q8","laplace_phi080_N64","laplace","Standardized Laplace",0.8,64,8,8,"VK_asym_full_oracle_minus_VK_asym_full_feasible",0.05813,0.000739942231626944,0.149331630893085,0.000283901544488575
"laplace_phi080_N64_M8_Q8","laplace_phi080_N64","laplace","Standardized Laplace",0.8,64,8,8,"VK_leading_oracle_minus_F_feasible_leading",0.04696,0.000668993317993981,0.161795509707784,0.000317559325447217
"laplace_phi080_N100_M10_Q10","laplace_phi080_N100","laplace","Standardized Laplace",0.8,100,10,10,"K_asym_full_minus_K_leading",-0.04038,0.000622493719634431,-0.0899029751094459,0.000180800800387485
"laplace_phi080_N100_M10_Q10","laplace_phi080_N100","laplace","Standardized Laplace",0.8,100,10,10,"V_oracle_minus_V_feasible",0.03843,0.000607893943340829,0.108416738120442,0.000168974392384425
"laplace_phi080_N100_M10_Q10","laplace_phi080_N100","laplace","Standardized Laplace",0.8,100,10,10,"VK_asym_full_oracle_minus_VK_leading_oracle",-0.03023,0.000541446583370905,-0.108636313335856,0.000224824960014169
"laplace_phi080_N100_M10_Q10","laplace_phi080_N100","laplace","Standardized Laplace",0.8,100,10,10,"VK_asym_full_oracle_minus_VK_asym_full_feasible",0.03988,0.000618788885644248,0.106420936332346,0.000164795663862296
"laplace_phi080_N100_M10_Q10","laplace_phi080_N100","laplace","Standardized Laplace",0.8,100,10,10,"VK_leading_oracle_minus_F_feasible_leading",0.03422,0.000574885398085748,0.113998825704486,0.000181154698079505
"laplace_phi080_N225_M15_Q15","laplace_phi080_N225","laplace","Standardized Laplace",0.8,225,15,15,"K_asym_full_minus_K_leading",-0.0162,0.000399220733143881,-0.0325625149520445,5.06287181542684e-05
"laplace_phi080_N225_M15_Q15","laplace_phi080_N225","laplace","Standardized Laplace",0.8,225,15,15,"V_oracle_minus_V_feasible",0.01894,0.000431062202177622,0.0447287097913435,4.97278699552433e-05
"laplace_phi080_N225_M15_Q15","laplace_phi080_N225","laplace","Standardized Laplace",0.8,225,15,15,"VK_asym_full_oracle_minus_VK_leading_oracle",-0.01255,0.000352031552935447,-0.0382516157692985,6.10937574391017e-05
"laplace_phi080_N225_M15_Q15","laplace_phi080_N225","laplace","Standardized Laplace",0.8,225,15,15,"VK_asym_full_oracle_minus_VK_asym_full_feasible",0.01906,0.000432399160140647,0.0448619698557691,4.99002139110496e-05
"laplace_phi080_N225_M15_Q15","laplace_phi080_N225","laplace","Standardized Laplace",0.8,225,15,15,"VK_leading_oracle_minus_F_feasible_leading",0.01765,0.000416397056744027,0.0464917759003664,5.20181760384201e-05
"laplace_phi080_N400_M20_Q20","laplace_phi080_N400","laplace","Standardized Laplace",0.8,400,20,20,"K_asym_full_minus_K_leading",-0.00797,0.0002811860267791,-0.0147298610152841,1.93583935298923e-05
"laplace_phi080_N400_M20_Q20","laplace_phi080_N400","laplace","Standardized Laplace",0.8,400,20,20,"V_oracle_minus_V_feasible",0.00829,0.000286729107583816,0.0153431009636597,5.09531700136379e-05
"laplace_phi080_N400_M20_Q20","laplace_phi080_N400","laplace","Standardized Laplace",0.8,400,20,20,"VK_asym_full_oracle_minus_VK_leading_oracle",-0.00689,0.000261583568405266,-0.0167395228179804,2.25171176522908e-05
"laplace_phi080_N400_M20_Q20","laplace_phi080_N400","laplace","Standardized Laplace",0.8,400,20,20,"VK_asym_full_oracle_minus_VK_asym_full_feasible",0.00802,0.000282059553243488,0.0154040580370337,5.14712034240468e-05
"laplace_phi080_N400_M20_Q20","laplace_phi080_N400","laplace","Standardized Laplace",0.8,400,20,20,"VK_leading_oracle_minus_F_feasible_leading",0.00809,0.000283277816751003,0.0155320826649828,5.26817578989711e-05
"laplace_phi080_N1024_M32_Q32","laplace_phi080_N1024","laplace","Standardized Laplace",0.8,1024,32,32,"K_asym_full_minus_K_leading",-0.00289,0.000169755021038176,-0.00377327386357774,3.78993853961112e-06
"laplace_phi080_N1024_M32_Q32","laplace_phi080_N1024","laplace","Standardized Laplace",0.8,1024,32,32,"V_oracle_minus_V_feasible",0.00316,0.000183576907602264,0.00346909548564232,2.66640970613952e-05
"laplace_phi080_N1024_M32_Q32","laplace_phi080_N1024","laplace","Standardized Laplace",0.8,1024,32,32,"VK_asym_full_oracle_minus_VK_leading_oracle",-0.00242,0.000155375922899187,-0.00409036293023247,4.169422217501e-06
"laplace_phi080_N1024_M32_Q32","laplace_phi080_N1024","laplace","Standardized Laplace",0.8,1024,32,32,"VK_asym_full_oracle_minus_VK_asym_full_feasible",0.00299,0.000178915955434922,0.00346835501175296,2.70459981631682e-05
"laplace_phi080_N1024_M32_Q32","laplace_phi080_N1024","laplace","Standardized Laplace",0.8,1024,32,32,"VK_leading_oracle_minus_F_feasible_leading",0.00271,0.00017154256984356,0.00346633477514482,2.73471131515234e-05
"laplace_phi080_N4096_M16_Q256","laplace_phi080_N4096","laplace","Standardized Laplace",0.8,4096,16,256,"K_asym_full_minus_K_leading",-0.00062,7.87160591123541e-05,-0.000402666149864808,1.38478429078323e-07
"laplace_phi080_N4096_M16_Q256","laplace_phi080_N4096","laplace","Standardized Laplace",0.8,4096,16,256,"V_oracle_minus_V_feasible",0.013,0.000358205643608293,0.00996108045845407,3.52383949239363e-06
"laplace_phi080_N4096_M16_Q256","laplace_phi080_N4096","laplace","Standardized Laplace",0.8,4096,16,256,"VK_asym_full_oracle_minus_VK_leading_oracle",-0.00066,8.1213976365522e-05,-0.000473385558542334,1.63941754108634e-07
"laplace_phi080_N4096_M16_Q256","laplace_phi080_N4096","laplace","Standardized Laplace",0.8,4096,16,256,"VK_asym_full_oracle_minus_VK_asym_full_feasible",0.0129,0.000356843345701911,0.00996509372519332,3.52530068358668e-06
"laplace_phi080_N4096_M16_Q256","laplace_phi080_N4096","laplace","Standardized Laplace",0.8,4096,16,256,"VK_leading_oracle_minus_F_feasible_leading",0.01297,0.000357797528206543,0.00999057876393768,3.53458130853046e-06
"laplace_phi080_N4096_M64_Q64","laplace_phi080_N4096","laplace","Standardized Laplace",0.8,4096,64,64,"K_asym_full_minus_K_leading",-6e-04,7.74368127223716e-05,-0.000476113783490134,3.16902672050439e-07
"laplace_phi080_N4096_M64_Q64","laplace_phi080_N4096","laplace","Standardized Laplace",0.8,4096,64,64,"V_oracle_minus_V_feasible",0.00095,0.000113538997313871,0.000416564851031189,6.31931099488526e-06
"laplace_phi080_N4096_M64_Q64","laplace_phi080_N4096","laplace","Standardized Laplace",0.8,4096,64,64,"VK_asym_full_oracle_minus_VK_leading_oracle",-0.00056,7.48125655835949e-05,-0.000494780883158458,3.31016604571246e-07
"laplace_phi080_N4096_M64_Q64","laplace_phi080_N4096","laplace","Standardized Laplace",0.8,4096,64,64,"VK_asym_full_oracle_minus_VK_asym_full_feasible",0.00066,9.48458431210328e-05,0.000416179560211299,6.38248444745363e-06
"laplace_phi080_N4096_M64_Q64","laplace_phi080_N4096","laplace","Standardized Laplace",0.8,4096,64,64,"VK_leading_oracle_minus_F_feasible_leading",0.00067,0.000101467304862894,0.000416048894168424,6.40020948272903e-06
"laplace_phi080_N4096_M256_Q16","laplace_phi080_N4096","laplace","Standardized Laplace",0.8,4096,256,16,"K_asym_full_minus_K_leading",-0.00069,8.3037991022661e-05,-0.000531290219668632,7.40606383736521e-07
"laplace_phi080_N4096_M256_Q16","laplace_phi080_N4096","laplace","Standardized Laplace",0.8,4096,256,16,"V_oracle_minus_V_feasible",0.00019,5.19583101790269e-05,8.89232395067836e-05,1.40588266865728e-06
"laplace_phi080_N4096_M256_Q16","laplace_phi080_N4096","laplace","Standardized Laplace",0.8,4096,256,16,"VK_asym_full_oracle_minus_VK_leading_oracle",-0.00068,8.24344827996121e-05,-0.000535832636172551,7.47992850247795e-07
"laplace_phi080_N4096_M256_Q16","laplace_phi080_N4096","laplace","Standardized Laplace",0.8,4096,256,16,"VK_asym_full_oracle_minus_VK_asym_full_feasible",0.00014,4.89880393390058e-05,8.76273359975182e-05,1.47519800060095e-06
"laplace_phi080_N4096_M256_Q16","laplace_phi080_N4096","laplace","Standardized Laplace",0.8,4096,256,16,"VK_leading_oracle_minus_F_feasible_leading",0.00022,4.89850997283863e-05,8.75213213096467e-05,1.47945577581403e-06
"laplace_phi080_N8100_M90_Q90","laplace_phi080_N8100","laplace","Standardized Laplace",0.8,8100,90,90,"K_asym_full_minus_K_leading",-0.00034,5.82998969877296e-05,-0.000170250015025682,9.35076078732877e-08
"laplace_phi080_N8100_M90_Q90","laplace_phi080_N8100","laplace","Standardized Laplace",0.8,8100,90,90,"V_oracle_minus_V_feasible",0.00061,8.99797753031182e-05,0.000152909828116261,2.86652232067309e-06
"laplace_phi080_N8100_M90_Q90","laplace_phi080_N8100","laplace","Standardized Laplace",0.8,8100,90,90,"VK_asym_full_oracle_minus_VK_leading_oracle",-0.00024,4.89841606489276e-05,-0.000174850287321055,9.62618271942071e-08
"laplace_phi080_N8100_M90_Q90","laplace_phi080_N8100","laplace","Standardized Laplace",0.8,8100,90,90,"VK_asym_full_oracle_minus_VK_asym_full_feasible",0.00047,8.42488099537304e-05,0.0001529055323174,2.88811794060603e-06
"laplace_phi080_N8100_M90_Q90","laplace_phi080_N8100","laplace","Standardized Laplace",0.8,8100,90,90,"VK_leading_oracle_minus_F_feasible_leading",0.00041,7.80921249794103e-05,0.000152902084464367,2.89208670574828e-06
"laplace_phi020_N4096_M16_Q256","laplace_phi020_N4096","laplace","Standardized Laplace",0.2,4096,16,256,"K_asym_full_minus_K_leading",0,0,-5.37083611023647e-06,1.78002620975211e-09
"laplace_phi020_N4096_M16_Q256","laplace_phi020_N4096","laplace","Standardized Laplace",0.2,4096,16,256,"V_oracle_minus_V_feasible",1e-05,0.000151328212843078,-7.75045918906024e-05,6.56512630359786e-06
"laplace_phi020_N4096_M16_Q256","laplace_phi020_N4096","laplace","Standardized Laplace",0.2,4096,16,256,"VK_asym_full_oracle_minus_VK_leading_oracle",-2e-05,1.41420649121689e-05,-5.44388521149796e-06,1.80506065563654e-09
"laplace_phi020_N4096_M16_Q256","laplace_phi020_N4096","laplace","Standardized Laplace",0.2,4096,16,256,"VK_asym_full_oracle_minus_VK_asym_full_feasible",-0.00018,0.000156843622755979,-7.8587746725833e-05,6.58430503672392e-06
"laplace_phi020_N4096_M16_Q256","laplace_phi020_N4096","laplace","Standardized Laplace",0.2,4096,16,256,"VK_leading_oracle_minus_F_feasible_leading",-0.00017,0.000155884425134585,-7.8614941933468e-05,6.58478490550709e-06
"laplace_phi020_N4096_M64_Q64","laplace_phi020_N4096","laplace","Standardized Laplace",0.2,4096,64,64,"K_asym_full_minus_K_leading",0,0,-5.68036481362829e-06,3.77578497996625e-09
"laplace_phi020_N4096_M64_Q64","laplace_phi020_N4096","laplace","Standardized Laplace",0.2,4096,64,64,"V_oracle_minus_V_feasible",-9e-05,0.000141067778040132,-9.69031323535231e-05,5.25645204246536e-06
"laplace_phi020_N4096_M64_Q64","laplace_phi020_N4096","laplace","Standardized Laplace",0.2,4096,64,64,"VK_asym_full_oracle_minus_VK_leading_oracle",-2e-05,1.41420649121689e-05,-5.7001548404965e-06,3.79055262848128e-09
"laplace_phi020_N4096_M64_Q64","laplace_phi020_N4096","laplace","Standardized Laplace",0.2,4096,64,64,"VK_asym_full_oracle_minus_VK_asym_full_feasible",1e-04,0.000131149044985924,-0.000102166294140059,5.32218370855103e-06
"laplace_phi020_N4096_M64_Q64","laplace_phi020_N4096","laplace","Standardized Laplace",0.2,4096,64,64,"VK_leading_oracle_minus_F_feasible_leading",1e-04,0.000131909340081512,-0.000102199523113618,5.32259315895511e-06
"laplace_phi020_N4096_M256_Q16","laplace_phi020_N4096","laplace","Standardized Laplace",0.2,4096,256,16,"K_asym_full_minus_K_leading",-2e-05,1.41420649121689e-05,-6.19298575281963e-06,8.67898060247654e-09
"laplace_phi020_N4096_M256_Q16","laplace_phi020_N4096","laplace","Standardized Laplace",0.2,4096,256,16,"V_oracle_minus_V_feasible",8e-05,6.3245363464526e-05,-2.29355020159492e-05,1.23000332773723e-06
"laplace_phi020_N4096_M256_Q16","laplace_phi020_N4096","laplace","Standardized Laplace",0.2,4096,256,16,"VK_asym_full_oracle_minus_VK_leading_oracle",-1e-05,1e-05,-6.1978923424134e-06,8.68696233713324e-09
"laplace_phi020_N4096_M256_Q16","laplace_phi020_N4096","laplace","Standardized Laplace",0.2,4096,256,16,"VK_asym_full_oracle_minus_VK_asym_full_feasible",1e-05,6.08279212233987e-05,-2.84784644963222e-05,1.29381918459173e-06
"laplace_phi020_N4096_M256_Q16","laplace_phi020_N4096","laplace","Standardized Laplace",0.2,4096,256,16,"VK_leading_oracle_minus_F_feasible_leading",-1e-05,6.08279212233987e-05,-2.84880725114019e-05,1.2939236490504e-06
"laplace_phi050_N4096_M16_Q256","laplace_phi050_N4096","laplace","Standardized Laplace",0.5,4096,16,256,"K_asym_full_minus_K_leading",-0.00014,3.74141416870678e-05,-6.52171131751161e-05,2.15791095084137e-08
"laplace_phi050_N4096_M16_Q256","laplace_phi050_N4096","laplace","Standardized Laplace",0.5,4096,16,256,"V_oracle_minus_V_feasible",2e-04,0.000126490157710393,-8.09117130100898e-06,6.96331540410003e-06
"laplace_phi050_N4096_M16_Q256","laplace_phi050_N4096","laplace","Standardized Laplace",0.5,4096,16,256,"VK_asym_full_oracle_minus_VK_leading_oracle",-7e-05,2.64567193654088e-05,-6.81905535413235e-05,2.26023177187008e-08
"laplace_phi050_N4096_M16_Q256","laplace_phi050_N4096","laplace","Standardized Laplace",0.5,4096,16,256,"VK_asym_full_oracle_minus_VK_asym_full_feasible",2e-04,0.000130383166082512,-8.89885424685991e-06,6.97970248459584e-06
"laplace_phi050_N4096_M16_Q256","laplace_phi050_N4096","laplace","Standardized Laplace",0.5,4096,16,256,"VK_leading_oracle_minus_F_feasible_leading",0.00017,0.000128451843111572,-9.12236299464018e-06,6.98421851439384e-06
"laplace_phi050_N4096_M64_Q64","laplace_phi050_N4096","laplace","Standardized Laplace",0.5,4096,64,64,"K_asym_full_minus_K_leading",-0.00013,3.6053349337336e-05,-7.053402123488e-05,4.66013946548722e-08
"laplace_phi050_N4096_M64_Q64","laplace_phi050_N4096","laplace","Standardized Laplace",0.5,4096,64,64,"V_oracle_minus_V_feasible",1e-04,0.000131149044985924,-9.95401550484192e-05,6.46544647389341e-06
"laplace_phi050_N4096_M64_Q64","laplace_phi050_N4096","laplace","Standardized Laplace",0.5,4096,64,64,"VK_asym_full_oracle_minus_VK_leading_oracle",-0.00013,3.6053349337336e-05,-7.13304334800825e-05,4.71995718481937e-08
"laplace_phi050_N4096_M64_Q64","laplace_phi050_N4096","laplace","Standardized Laplace",0.5,4096,64,64,"VK_asym_full_oracle_minus_VK_asym_full_feasible",3e-04,0.000121652159834834,-0.000105653854347613,6.54256527834162e-06
"laplace_phi050_N4096_M64_Q64","laplace_phi050_N4096","laplace","Standardized Laplace",0.5,4096,64,64,"VK_leading_oracle_minus_F_feasible_leading",3e-04,0.000119160572306531,-0.000106013297291204,6.5470352149809e-06
"laplace_phi050_N4096_M256_Q16","laplace_phi050_N4096","laplace","Standardized Laplace",0.5,4096,256,16,"K_asym_full_minus_K_leading",-0.00017,4.12277576067384e-05,-7.7137857072665e-05,1.09132695242713e-07
"laplace_phi050_N4096_M256_Q16","laplace_phi050_N4096","laplace","Standardized Laplace",0.5,4096,256,16,"V_oracle_minus_V_feasible",8e-05,6.78231671320353e-05,-2.39136364898421e-05,1.49436272066261e-06
"laplace_phi050_N4096_M256_Q16","laplace_phi050_N4096","laplace","Standardized Laplace",0.5,4096,256,16,"VK_asym_full_oracle_minus_VK_leading_oracle",-0.00012,3.4639110824038e-05,-7.73340166477634e-05,1.09456499754693e-07
"laplace_phi050_N4096_M256_Q16","laplace_phi050_N4096","laplace","Standardized Laplace",0.5,4096,256,16,"VK_asym_full_oracle_minus_VK_asym_full_feasible",5e-05,5.56776975104036e-05,-3.05591636144729e-05,1.57138948007699e-06
"laplace_phi050_N4096_M256_Q16","laplace_phi050_N4096","laplace","Standardized Laplace",0.5,4096,256,16,"VK_leading_oracle_minus_F_feasible_leading",-3e-05,5.74458353602766e-05,-3.06626422597632e-05,1.57252078458234e-06
"laplace_phi050_N8100_M90_Q90","laplace_phi050_N8100","laplace","Standardized Laplace",0.5,8100,90,90,"K_asym_full_minus_K_leading",-8e-05,2.82832812707436e-05,-2.50350769274972e-05,1.37173145396815e-08
"laplace_phi050_N8100_M90_Q90","laplace_phi050_N8100","laplace","Standardized Laplace",0.5,8100,90,90,"V_oracle_minus_V_feasible",1e-04,9.38082512355923e-05,-3.68100027854218e-05,2.74640672597011e-06
"laplace_phi050_N8100_M90_Q90","laplace_phi050_N8100","laplace","Standardized Laplace",0.5,8100,90,90,"VK_asym_full_oracle_minus_VK_leading_oracle",-0.00012,3.4639110824038e-05,-2.52323958301539e-05,1.38351830810972e-08
"laplace_phi050_N8100_M90_Q90","laplace_phi050_N8100","laplace","Standardized Laplace",0.5,8100,90,90,"VK_asym_full_oracle_minus_VK_asym_full_feasible",-0.00015,9.11035564540704e-05,-3.82493327307445e-05,2.76976832590328e-06
"laplace_phi050_N8100_M90_Q90","laplace_phi050_N8100","laplace","Standardized Laplace",0.5,8100,90,90,"VK_leading_oracle_minus_F_feasible_leading",-9e-05,9.43398537208957e-05,-3.83079537069652e-05,2.7707104233974e-06
"laplace_phi020_N64_M8_Q8","laplace_phi020_N64","laplace","Standardized Laplace",0.2,64,8,8,"K_asym_full_minus_K_leading",-0.00145,0.000120329214205021,-0.00298800435211528,6.57403541365649e-06
"laplace_phi020_N64_M8_Q8","laplace_phi020_N64","laplace","Standardized Laplace",0.2,64,8,8,"V_oracle_minus_V_feasible",0.00384,0.000383997419965532,-0.0099295013885766,0.000209846886764544
"laplace_phi020_N64_M8_Q8","laplace_phi020_N64","laplace","Standardized Laplace",0.2,64,8,8,"VK_asym_full_oracle_minus_VK_leading_oracle",-0.00123,0.000110837691467923,-0.00303832791213777,6.7038051696753e-06
"laplace_phi020_N64_M8_Q8","laplace_phi020_N64","laplace","Standardized Laplace",0.2,64,8,8,"VK_asym_full_oracle_minus_VK_asym_full_feasible",0.00356,0.000355913656306284,-0.0141322236394781,0.000222362931265739
"laplace_phi020_N64_M8_Q8","laplace_phi020_N64","laplace","Standardized Laplace",0.2,64,8,8,"VK_leading_oracle_minus_F_feasible_leading",0.00331,0.00035212452189075,-0.0143882774938215,0.000223020976444502
"laplace_phi020_N100_M10_Q10","laplace_phi020_N100","laplace","Standardized Laplace",0.2,100,10,10,"K_asym_full_minus_K_leading",-8e-04,8.94073818920975e-05,-0.00158364001917883,3.05884998633521e-06
"laplace_phi020_N100_M10_Q10","laplace_phi020_N100","laplace","Standardized Laplace",0.2,100,10,10,"V_oracle_minus_V_feasible",0.0036,0.000364241302871142,-0.00850163652910693,0.000170678511441906
"laplace_phi020_N100_M10_Q10","laplace_phi020_N100","laplace","Standardized Laplace",0.2,100,10,10,"VK_asym_full_oracle_minus_VK_leading_oracle",-0.00082,9.05171692751123e-05,-0.00161021484159539,3.11849023944474e-06
"laplace_phi020_N100_M10_Q10","laplace_phi020_N100","laplace","Standardized Laplace",0.2,100,10,10,"VK_asym_full_oracle_minus_VK_asym_full_feasible",0.003,0.000336022512804263,-0.0114258229937643,0.000180860771793838
"laplace_phi020_N100_M10_Q10","laplace_phi020_N100","laplace","Standardized Laplace",0.2,100,10,10,"VK_leading_oracle_minus_F_feasible_leading",0.00283,0.000333198171078732,-0.0115651343981293,0.000181300536258348
"laplace_phi020_N225_M15_Q15","laplace_phi020_N225","laplace","Standardized Laplace",0.2,225,15,15,"K_asym_full_minus_K_leading",-0.00029,5.38441082373914e-05,-0.000476019032250565,7.32564628612057e-07
"laplace_phi020_N225_M15_Q15","laplace_phi020_N225","laplace","Standardized Laplace",0.2,225,15,15,"V_oracle_minus_V_feasible",0.00231,0.000305364653284749,-0.00409469840925905,9.72603692873211e-05
"laplace_phi020_N225_M15_Q15","laplace_phi020_N225","laplace","Standardized Laplace",0.2,225,15,15,"VK_asym_full_oracle_minus_VK_leading_oracle",-0.00029,5.38441082373914e-05,-0.000482508396234579,7.44230697571919e-07
"laplace_phi020_N225_M15_Q15","laplace_phi020_N225","laplace","Standardized Laplace",0.2,225,15,15,"VK_asym_full_oracle_minus_VK_asym_full_feasible",0.00213,0.000289232549265596,-0.00513900672572525,0.000101942741542593
"laplace_phi020_N225_M15_Q15","laplace_phi020_N225","laplace","Standardized Laplace",0.2,225,15,15,"VK_leading_oracle_minus_F_feasible_leading",0.0021,0.00028906181962922,-0.00517057104352822,0.000102076177854487
"laplace_phi020_N400_M20_Q20","laplace_phi020_N400","laplace","Standardized Laplace",0.2,400,20,20,"K_asym_full_minus_K_leading",-0.00015,3.8727122251724e-05,-0.000199574632615877,2.59570188396614e-07
"laplace_phi020_N400_M20_Q20","laplace_phi020_N400","laplace","Standardized Laplace",0.2,400,20,20,"V_oracle_minus_V_feasible",0.00154,0.000296946402186754,-0.00301650939961892,7.45850574918196e-05
"laplace_phi020_N400_M20_Q20","laplace_phi020_N400","laplace","Standardized Laplace",0.2,400,20,20,"VK_asym_full_oracle_minus_VK_leading_oracle",-0.00018,4.24228004372645e-05,-0.00020174899578783,2.62916868403987e-07
"laplace_phi020_N400_M20_Q20","laplace_phi020_N400","laplace","Standardized Laplace",0.2,400,20,20,"VK_asym_full_oracle_minus_VK_asym_full_feasible",0.0018,0.00028942777628344,-0.00358069429089226,7.74417210760371e-05
"laplace_phi020_N400_M20_Q20","laplace_phi020_N400","laplace","Standardized Laplace",0.2,400,20,20,"VK_leading_oracle_minus_F_feasible_leading",0.00185,0.000291661834435458,-0.00359305720122358,7.75016115353491e-05
"laplace_phi020_N1024_M32_Q32","laplace_phi020_N1024","laplace","Standardized Laplace",0.2,1024,32,32,"K_asym_full_minus_K_leading",-6e-05,2.44942850416173e-05,-4.72986384565509e-05,4.68303159838047e-08
"laplace_phi020_N1024_M32_Q32","laplace_phi020_N1024","laplace","Standardized Laplace",0.2,1024,32,32,"V_oracle_minus_V_feasible",0.00055,0.000223377424944285,-0.000799693791028815,2.80591216969647e-05
"laplace_phi020_N1024_M32_Q32","laplace_phi020_N1024","laplace","Standardized Laplace",0.2,1024,32,32,"VK_asym_full_oracle_minus_VK_leading_oracle",-6e-05,2.44942850416173e-05,-4.76327829273658e-05,4.72205505446882e-08
"laplace_phi020_N1024_M32_Q32","laplace_phi020_N1024","laplace","Standardized Laplace",0.2,1024,32,32,"VK_asym_full_oracle_minus_VK_asym_full_feasible",0.00081,0.000217471634792033,-0.000896233092337964,2.87586904395521e-05
"laplace_phi020_N1024_M32_Q32","laplace_phi020_N1024","laplace","Standardized Laplace",0.2,1024,32,32,"VK_leading_oracle_minus_F_feasible_leading",8e-04,0.000217701800499535,-0.000897500755581765,2.8767622958594e-05
"laplace_phi020_N8100_M90_Q90","laplace_phi020_N8100","laplace","Standardized Laplace",0.2,8100,90,90,"K_asym_full_minus_K_leading",-1e-05,1e-05,-2.00807837893006e-06,1.10994548550627e-09
"laplace_phi020_N8100_M90_Q90","laplace_phi020_N8100","laplace","Standardized Laplace",0.2,8100,90,90,"V_oracle_minus_V_feasible",0.00012,0.000103922875247175,-2.32891917177151e-05,2.22637931562652e-06
"laplace_phi020_N8100_M90_Q90","laplace_phi020_N8100","laplace","Standardized Laplace",0.2,8100,90,90,"VK_asym_full_oracle_minus_VK_leading_oracle",0,0,-2.01298924643189e-06,1.11295269380515e-09
"laplace_phi020_N8100_M90_Q90","laplace_phi020_N8100","laplace","Standardized Laplace",0.2,8100,90,90,"VK_asym_full_oracle_minus_VK_asym_full_feasible",-1e-05,9.94992361828974e-05,-2.43996265349861e-05,2.24595004229058e-06
"laplace_phi020_N8100_M90_Q90","laplace_phi020_N8100","laplace","Standardized Laplace",0.2,8100,90,90,"VK_leading_oracle_minus_F_feasible_leading",-5e-05,0.000101489299932456,-2.44045502749144e-05,2.24603602220258e-06
"centered_gamma4_phi020_N100_M10_Q10","centered_gamma4_phi020_N100","centered_gamma4","Centered Gamma(4)",0.2,100,10,10,"K_asym_full_minus_K_leading",-0.00251,0.000158231632022468,-0.00443786696756682,8.22788752697989e-06
"centered_gamma4_phi020_N100_M10_Q10","centered_gamma4_phi020_N100","centered_gamma4","Centered Gamma(4)",0.2,100,10,10,"V_oracle_minus_V_feasible",0.00359,0.000361901131145355,-0.00795320778756036,0.000169620993178788
"centered_gamma4_phi020_N100_M10_Q10","centered_gamma4_phi020_N100","centered_gamma4","Centered Gamma(4)",0.2,100,10,10,"VK_asym_full_oracle_minus_VK_leading_oracle",-0.00219,0.000147825090977734,-0.00451173245486393,8.38591363025396e-06
"centered_gamma4_phi020_N100_M10_Q10","centered_gamma4_phi020_N100","centered_gamma4","Centered Gamma(4)",0.2,100,10,10,"VK_asym_full_oracle_minus_VK_asym_full_feasible",0.00295,0.000340020780455124,-0.0105590097765368,0.000178564735598705
"centered_gamma4_phi020_N100_M10_Q10","centered_gamma4_phi020_N100","centered_gamma4","Centered Gamma(4)",0.2,100,10,10,"VK_leading_oracle_minus_F_feasible_leading",0.00276,0.000336934651304363,-0.0109424444908594,0.00017975901094656
"centered_gamma4_phi020_N225_M15_Q15","centered_gamma4_phi020_N225","centered_gamma4","Centered Gamma(4)",0.2,225,15,15,"K_asym_full_minus_K_leading",-0.00105,0.000102416209121403,-0.00134698499004907,1.98267491032655e-06
"centered_gamma4_phi020_N225_M15_Q15","centered_gamma4_phi020_N225","centered_gamma4","Centered Gamma(4)",0.2,225,15,15,"V_oracle_minus_V_feasible",0.00211,0.000300759677423413,-0.00402128176559606,9.72566290994014e-05
"centered_gamma4_phi020_N225_M15_Q15","centered_gamma4_phi020_N225","centered_gamma4","Centered Gamma(4)",0.2,225,15,15,"VK_asym_full_oracle_minus_VK_leading_oracle",-0.00092,9.58729780296782e-05,-0.00136520605471888,2.01392095140078e-06
"centered_gamma4_phi020_N225_M15_Q15","centered_gamma4_phi020_N225","centered_gamma4","Centered Gamma(4)",0.2,225,15,15,"VK_asym_full_oracle_minus_VK_asym_full_feasible",0.00191,0.000296081738112901,-0.00499383530376038,0.000101571674331857
"centered_gamma4_phi020_N225_M15_Q15","centered_gamma4_phi020_N225","centered_gamma4","Centered Gamma(4)",0.2,225,15,15,"VK_leading_oracle_minus_F_feasible_leading",0.00175,0.000295076677666089,-0.00508217582705734,0.000101940395632695
"centered_gamma4_phi020_N400_M20_Q20","centered_gamma4_phi020_N400","centered_gamma4","Centered Gamma(4)",0.2,400,20,20,"K_asym_full_minus_K_leading",-0.00058,7.61360227943361e-05,-0.000565293630578991,7.09379572869104e-07
"centered_gamma4_phi020_N400_M20_Q20","centered_gamma4_phi020_N400","centered_gamma4","Centered Gamma(4)",0.2,400,20,20,"V_oracle_minus_V_feasible",0.00194,0.000298602169504102,-0.0029506039042735,7.438899785855e-05
"centered_gamma4_phi020_N400_M20_Q20","centered_gamma4_phi020_N400","centered_gamma4","Centered Gamma(4)",0.2,400,20,20,"VK_asym_full_oracle_minus_VK_leading_oracle",-0.00043,6.55606130381635e-05,-0.00057140541233732,7.18361248510688e-07
"centered_gamma4_phi020_N400_M20_Q20","centered_gamma4_phi020_N400","centered_gamma4","Centered Gamma(4)",0.2,400,20,20,"VK_asym_full_oracle_minus_VK_asym_full_feasible",0.00136,0.000288760000386789,-0.00348248356652282,7.70760288270025e-05
"centered_gamma4_phi020_N400_M20_Q20","centered_gamma4_phi020_N400","centered_gamma4","Centered Gamma(4)",0.2,400,20,20,"VK_leading_oracle_minus_F_feasible_leading",0.00121,0.000287204080510425,-0.00351704878714265,7.72430159731327e-05
"centered_gamma4_phi020_N64_M8_Q8","centered_gamma4_phi020_N64","centered_gamma4","Centered Gamma(4)",0.2,64,8,8,"K_asym_full_minus_K_leading",-0.00434,0.000207875145509898,-0.0083455472770456,1.74266729296908e-05
"centered_gamma4_phi020_N64_M8_Q8","centered_gamma4_phi020_N64","centered_gamma4","Centered Gamma(4)",0.2,64,8,8,"V_oracle_minus_V_feasible",0.00393,0.000382291789697509,-0.00972842060351748,0.000202849600358793
"centered_gamma4_phi020_N64_M8_Q8","centered_gamma4_phi020_N64","centered_gamma4","Centered Gamma(4)",0.2,64,8,8,"VK_asym_full_oracle_minus_VK_leading_oracle",-0.00365,0.000190701700756408,-0.00848497953525343,1.77671196081803e-05
"centered_gamma4_phi020_N64_M8_Q8","centered_gamma4_phi020_N64","centered_gamma4","Centered Gamma(4)",0.2,64,8,8,"VK_asym_full_oracle_minus_VK_asym_full_feasible",0.00282,0.000347737954812028,-0.0134153680382693,0.000213065055631614
"centered_gamma4_phi020_N64_M8_Q8","centered_gamma4_phi020_N64","centered_gamma4","Centered Gamma(4)",0.2,64,8,8,"VK_leading_oracle_minus_F_feasible_leading",0.00241,0.000337702619816007,-0.0141239089436072,0.000214755579258747
"centered_gamma4_phi050_N225_M15_Q15","centered_gamma4_phi050_N225","centered_gamma4","Centered Gamma(4)",0.5,225,15,15,"K_asym_full_minus_K_leading",-0.0037,0.000191998616231176,-0.006777713873501,9.97064890470867e-06
"centered_gamma4_phi050_N225_M15_Q15","centered_gamma4_phi050_N225","centered_gamma4","Centered Gamma(4)",0.5,225,15,15,"V_oracle_minus_V_feasible",0.00177,0.000255869743606502,-0.00402705314141153,9.68925452693652e-05
"centered_gamma4_phi050_N225_M15_Q15","centered_gamma4_phi050_N225","centered_gamma4","Centered Gamma(4)",0.5,225,15,15,"VK_asym_full_oracle_minus_VK_leading_oracle",-0.00343,0.000184885620930694,-0.00708518053666558,1.04992311821799e-05
"centered_gamma4_phi050_N225_M15_Q15","centered_gamma4_phi050_N225","centered_gamma4","Centered Gamma(4)",0.5,225,15,15,"VK_asym_full_oracle_minus_VK_asym_full_feasible",0.00136,0.000248560097001144,-0.00480049375531462,0.000100197473516359
"centered_gamma4_phi050_N225_M15_Q15","centered_gamma4_phi050_N225","centered_gamma4","Centered Gamma(4)",0.5,225,15,15,"VK_leading_oracle_minus_F_feasible_leading",0.00117,0.000236826670518163,-0.00513795309582507,0.000101556935557784
"centered_gamma4_phi050_N400_M20_Q20","centered_gamma4_phi050_N400","centered_gamma4","Centered Gamma(4)",0.5,400,20,20,"K_asym_full_minus_K_leading",-0.00221,0.000148497069041093,-0.00289562962918738,3.63941342440987e-06
"centered_gamma4_phi050_N400_M20_Q20","centered_gamma4_phi050_N400","centered_gamma4","Centered Gamma(4)",0.5,400,20,20,"V_oracle_minus_V_feasible",0.0013,0.000267551519969815,-0.00351080767839687,8.33159982038933e-05
"centered_gamma4_phi050_N400_M20_Q20","centered_gamma4_phi050_N400","centered_gamma4","Centered Gamma(4)",0.5,400,20,20,"VK_asym_full_oracle_minus_VK_leading_oracle",-0.00191,0.000138071393261227,-0.00299957501642094,3.79278805234736e-06
"centered_gamma4_phi050_N400_M20_Q20","centered_gamma4_phi050_N400","centered_gamma4","Centered Gamma(4)",0.5,400,20,20,"VK_asym_full_oracle_minus_VK_asym_full_feasible",0.00142,0.000261113993889983,-0.00403077178176135,8.58279792766644e-05
"centered_gamma4_phi050_N400_M20_Q20","centered_gamma4_phi050_N400","centered_gamma4","Centered Gamma(4)",0.5,400,20,20,"VK_leading_oracle_minus_F_feasible_leading",0.00127,0.000255116682804591,-0.00418185077782211,8.65265722958594e-05
"centered_gamma4_phi050_N1024_M32_Q32","centered_gamma4_phi050_N1024","centered_gamma4","Centered Gamma(4)",0.5,1024,32,32,"K_asym_full_minus_K_leading",-0.00087,9.32336737728341e-05,-0.000701567985623957,6.72610698277815e-07
"centered_gamma4_phi050_N1024_M32_Q32","centered_gamma4_phi050_N1024","centered_gamma4","Centered Gamma(4)",0.5,1024,32,32,"V_oracle_minus_V_feasible",0.00055,0.000200243291956959,-0.00104865522074098,3.28047645938611e-05
"centered_gamma4_phi050_N1024_M32_Q32","centered_gamma4_phi050_N1024","centered_gamma4","Centered Gamma(4)",0.5,1024,32,32,"VK_asym_full_oracle_minus_VK_leading_oracle",-0.00064,7.99747957776673e-05,-0.000717710851987074,6.90570733450029e-07
"centered_gamma4_phi050_N1024_M32_Q32","centered_gamma4_phi050_N1024","centered_gamma4","Centered Gamma(4)",0.5,1024,32,32,"VK_asym_full_oracle_minus_VK_asym_full_feasible",0.00077,0.000201728723648318,-0.00115361000771492,3.35224430200637e-05
"centered_gamma4_phi050_N1024_M32_Q32","centered_gamma4_phi050_N1024","centered_gamma4","Centered Gamma(4)",0.5,1024,32,32,"VK_leading_oracle_minus_F_feasible_leading",0.00066,0.000198484351928256,-0.00117037063040825,3.36339510999594e-05
"centered_gamma4_phi050_N4096_M16_Q256","centered_gamma4_phi050_N4096","centered_gamma4","Centered Gamma(4)",0.5,4096,16,256,"K_asym_full_minus_K_leading",-0.00019,4.35850662105722e-05,-7.87491840032075e-05,2.5491301517387e-08
"centered_gamma4_phi050_N4096_M16_Q256","centered_gamma4_phi050_N4096","centered_gamma4","Centered Gamma(4)",0.5,4096,16,256,"V_oracle_minus_V_feasible",5e-05,0.000126886311323799,-7.06573886230101e-06,6.97588256264701e-06
"centered_gamma4_phi050_N4096_M16_Q256","centered_gamma4_phi050_N4096","centered_gamma4","Centered Gamma(4)",0.5,4096,16,256,"VK_asym_full_oracle_minus_VK_leading_oracle",-0.00022,4.68992323538451e-05,-8.23262097541396e-05,2.66841674038955e-08
"centered_gamma4_phi050_N4096_M16_Q256","centered_gamma4_phi050_N4096","centered_gamma4","Centered Gamma(4)",0.5,4096,16,256,"VK_asym_full_oracle_minus_VK_asym_full_feasible",2e-05,0.000124900568459555,-7.82153568211132e-06,6.99129679959684e-06
"centered_gamma4_phi050_N4096_M16_Q256","centered_gamma4_phi050_N4096","centered_gamma4","Centered Gamma(4)",0.5,4096,16,256,"VK_leading_oracle_minus_F_feasible_leading",0.00012,0.000124096776751453,-8.09003330814533e-06,6.99674867191487e-06
"centered_gamma4_phi050_N4096_M64_Q64","centered_gamma4_phi050_N4096","centered_gamma4","Centered Gamma(4)",0.5,4096,64,64,"K_asym_full_minus_K_leading",-0.00016,3.9996999857489e-05,-8.52098817874971e-05,5.58635683735087e-08
"centered_gamma4_phi050_N4096_M64_Q64","centered_gamma4_phi050_N4096","centered_gamma4","Centered Gamma(4)",0.5,4096,64,64,"V_oracle_minus_V_feasible",0.00017,0.000125299114117698,-0.000121445080335277,6.4501879949482e-06
"centered_gamma4_phi050_N4096_M64_Q64","centered_gamma4_phi050_N4096","centered_gamma4","Centered Gamma(4)",0.5,4096,64,64,"VK_asym_full_oracle_minus_VK_leading_oracle",-0.00018,4.24228004372645e-05,-8.61692121053401e-05,5.65688785786336e-08
"centered_gamma4_phi050_N4096_M64_Q64","centered_gamma4_phi050_N4096","centered_gamma4","Centered Gamma(4)",0.5,4096,64,64,"VK_asym_full_oracle_minus_VK_asym_full_feasible",-8e-05,0.000120830799057277,-0.000127700853299358,6.52607074089893e-06
"centered_gamma4_phi050_N4096_M64_Q64","centered_gamma4_phi050_N4096","centered_gamma4","Centered Gamma(4)",0.5,4096,64,64,"VK_leading_oracle_minus_F_feasible_leading",-8e-05,0.000120830799057277,-0.000128150832127494,6.53145545362243e-06
"centered_gamma4_phi050_N4096_M256_Q16","centered_gamma4_phi050_N4096","centered_gamma4","Centered Gamma(4)",0.5,4096,256,16,"K_asym_full_minus_K_leading",-0.00024,4.89841606489276e-05,-9.32019203314677e-05,1.30370231616681e-07
"centered_gamma4_phi050_N4096_M256_Q16","centered_gamma4_phi050_N4096","centered_gamma4","Centered Gamma(4)",0.5,4096,256,16,"V_oracle_minus_V_feasible",3e-05,6.55746444926696e-05,-2.84114315540414e-05,1.49353344215048e-06
"centered_gamma4_phi050_N4096_M256_Q16","centered_gamma4_phi050_N4096","centered_gamma4","Centered Gamma(4)",0.5,4096,256,16,"VK_asym_full_oracle_minus_VK_leading_oracle",-2e-04,4.47171107765245e-05,-9.343882756021e-05,1.30756916200214e-07
"centered_gamma4_phi050_N4096_M256_Q16","centered_gamma4_phi050_N4096","centered_gamma4","Centered Gamma(4)",0.5,4096,256,16,"VK_asym_full_oracle_minus_VK_asym_full_feasible",2e-05,6.32458378105627e-05,-3.52074794638159e-05,1.57024648896771e-06
"centered_gamma4_phi050_N4096_M256_Q16","centered_gamma4_phi050_N4096","centered_gamma4","Centered Gamma(4)",0.5,4096,256,16,"VK_leading_oracle_minus_F_feasible_leading",3e-05,6.24502201781547e-05,-3.53355799407463e-05,1.57161337130098e-06
"centered_gamma4_phi050_N8100_M90_Q90","centered_gamma4_phi050_N8100","centered_gamma4","Centered Gamma(4)",0.5,8100,90,90,"K_asym_full_minus_K_leading",-0.00015,3.8727122251724e-05,-3.02386016357978e-05,1.64918686960186e-08
"centered_gamma4_phi050_N8100_M90_Q90","centered_gamma4_phi050_N8100","centered_gamma4","Centered Gamma(4)",0.5,8100,90,90,"V_oracle_minus_V_feasible",-1e-05,9.94992361828974e-05,-3.6445256051896e-05,2.77054928031267e-06
"centered_gamma4_phi050_N8100_M90_Q90","centered_gamma4_phi050_N8100","centered_gamma4","Centered Gamma(4)",0.5,8100,90,90,"VK_asym_full_oracle_minus_VK_leading_oracle",-0.00014,3.74141416870678e-05,-3.04764988935216e-05,1.66320576947145e-08
"centered_gamma4_phi050_N8100_M90_Q90","centered_gamma4_phi050_N8100","centered_gamma4","Centered Gamma(4)",0.5,8100,90,90,"VK_asym_full_oracle_minus_VK_asym_full_feasible",-1e-05,9.21959001303204e-05,-3.78645216005274e-05,2.79388287676097e-06
"centered_gamma4_phi050_N8100_M90_Q90","centered_gamma4_phi050_N8100","centered_gamma4","Centered Gamma(4)",0.5,8100,90,90,"VK_leading_oracle_minus_F_feasible_leading",4e-05,9.38086989608107e-05,-3.79350225964887e-05,2.7950306026819e-06
"centered_gamma4_phi080_N64_M8_Q8","centered_gamma4_phi080_N64","centered_gamma4","Centered Gamma(4)",0.8,64,8,8,"K_asym_full_minus_K_leading",-0.06722,0.000791846567341087,-0.151473612200968,0.000331542825241131
"centered_gamma4_phi080_N64_M8_Q8","centered_gamma4_phi080_N64","centered_gamma4","Centered Gamma(4)",0.8,64,8,8,"V_oracle_minus_V_feasible",0.05257,0.000705739988727659,0.154421729552934,0.000282257741727039
"centered_gamma4_phi080_N64_M8_Q8","centered_gamma4_phi080_N64","centered_gamma4","Centered Gamma(4)",0.8,64,8,8,"VK_asym_full_oracle_minus_VK_leading_oracle",-0.04788,0.000675188577210951,-0.180583756262602,0.000405402545590767
"centered_gamma4_phi080_N64_M8_Q8","centered_gamma4_phi080_N64","centered_gamma4","Centered Gamma(4)",0.8,64,8,8,"VK_asym_full_oracle_minus_VK_asym_full_feasible",0.05777,0.000737788393997319,0.148573117761941,0.000267915489286467
"centered_gamma4_phi080_N64_M8_Q8","centered_gamma4_phi080_N64","centered_gamma4","Centered Gamma(4)",0.8,64,8,8,"VK_leading_oracle_minus_F_feasible_leading",0.04464,0.000653052041394625,0.161501460106902,0.000301337639118787
"centered_gamma4_phi080_N100_M10_Q10","centered_gamma4_phi080_N100","centered_gamma4","Centered Gamma(4)",0.8,100,10,10,"K_asym_full_minus_K_leading",-0.04364,0.000646033805304936,-0.0933568040581857,0.000177040434115685
"centered_gamma4_phi080_N100_M10_Q10","centered_gamma4_phi080_N100","centered_gamma4","Centered Gamma(4)",0.8,100,10,10,"V_oracle_minus_V_feasible",0.03922,0.000613858032623865,0.107829618919516,0.000154485486654443
"centered_gamma4_phi080_N100_M10_Q10","centered_gamma4_phi080_N100","centered_gamma4","Centered Gamma(4)",0.8,100,10,10,"VK_asym_full_oracle_minus_VK_leading_oracle",-0.03129,0.00055055643681997,-0.112701261368147,0.000219505435922002
"centered_gamma4_phi080_N100_M10_Q10","centered_gamma4_phi080_N100","centered_gamma4","Centered Gamma(4)",0.8,100,10,10,"VK_asym_full_oracle_minus_VK_asym_full_feasible",0.04151,0.000630771890410295,0.105494443010883,0.000149965258865917
"centered_gamma4_phi080_N100_M10_Q10","centered_gamma4_phi080_N100","centered_gamma4","Centered Gamma(4)",0.8,100,10,10,"VK_leading_oracle_minus_F_feasible_leading",0.03376,0.000571144365339325,0.113338176391736,0.000165658276979047
"centered_gamma4_phi080_N225_M15_Q15","centered_gamma4_phi080_N225","centered_gamma4","Centered Gamma(4)",0.8,225,15,15,"K_asym_full_minus_K_leading",-0.01805,0.00042100326297723,-0.0339156304622434,5.06445853737444e-05
"centered_gamma4_phi080_N225_M15_Q15","centered_gamma4_phi080_N225","centered_gamma4","Centered Gamma(4)",0.8,225,15,15,"V_oracle_minus_V_feasible",0.01958,0.000438141707306617,0.0444895877889746,4.66416141218672e-05
"centered_gamma4_phi080_N225_M15_Q15","centered_gamma4_phi080_N225","centered_gamma4","Centered Gamma(4)",0.8,225,15,15,"VK_asym_full_oracle_minus_VK_leading_oracle",-0.01269,0.000353964534817994,-0.0397873483648239,6.10058219667389e-05
"centered_gamma4_phi080_N225_M15_Q15","centered_gamma4_phi080_N225","centered_gamma4","Centered Gamma(4)",0.8,225,15,15,"VK_asym_full_oracle_minus_VK_asym_full_feasible",0.01944,0.00043660367637905,0.0445407714306785,4.67043397179669e-05
"centered_gamma4_phi080_N225_M15_Q15","centered_gamma4_phi080_N225","centered_gamma4","Centered Gamma(4)",0.8,225,15,15,"VK_leading_oracle_minus_F_feasible_leading",0.01703,0.000409147241240425,0.046226710591125,4.87829948832581e-05
"centered_gamma4_phi020_N1024_M32_Q32","centered_gamma4_phi020_N1024","centered_gamma4","Centered Gamma(4)",0.2,1024,32,32,"K_asym_full_minus_K_leading",-0.00018,4.24228004372645e-05,-0.000134864445414175,1.32139731036486e-07
"centered_gamma4_phi020_N1024_M32_Q32","centered_gamma4_phi020_N1024","centered_gamma4","Centered Gamma(4)",0.2,1024,32,32,"V_oracle_minus_V_feasible",0.00049,0.000215169844496435,-0.000857597105458979,2.80038249791585e-05
"centered_gamma4_phi020_N1024_M32_Q32","centered_gamma4_phi020_N1024","centered_gamma4","Centered Gamma(4)",0.2,1024,32,32,"VK_asym_full_oracle_minus_VK_leading_oracle",-0.00019,4.35850662105722e-05,-0.000135811576536953,1.33225867084954e-07
"centered_gamma4_phi020_N1024_M32_Q32","centered_gamma4_phi020_N1024","centered_gamma4","Centered Gamma(4)",0.2,1024,32,32,"VK_asym_full_oracle_minus_VK_asym_full_feasible",0.00083,0.000219758034974695,-0.000952620874353966,2.86838543637073e-05
"centered_gamma4_phi020_N1024_M32_Q32","centered_gamma4_phi020_N1024","centered_gamma4","Centered Gamma(4)",0.2,1024,32,32,"VK_leading_oracle_minus_F_feasible_leading",0.00078,0.000219987272231826,-0.000956267027291866,2.87092422858376e-05
"centered_gamma4_phi020_N4096_M16_Q256","centered_gamma4_phi020_N4096","centered_gamma4","Centered Gamma(4)",0.2,4096,16,256,"K_asym_full_minus_K_leading",-6e-05,2.44942850416173e-05,-1.53235423869672e-05,4.90847972648819e-09
"centered_gamma4_phi020_N4096_M16_Q256","centered_gamma4_phi020_N4096","centered_gamma4","Centered Gamma(4)",0.2,4096,16,256,"V_oracle_minus_V_feasible",2e-05,0.000151658253986587,-8.39991697566571e-05,6.59544041380188e-06
"centered_gamma4_phi020_N4096_M16_Q256","centered_gamma4_phi020_N4096","centered_gamma4","Centered Gamma(4)",0.2,4096,16,256,"VK_asym_full_oracle_minus_VK_leading_oracle",-6e-05,2.44942850416173e-05,-1.55311925268181e-05,4.97685873360159e-09
"centered_gamma4_phi020_N4096_M16_Q256","centered_gamma4_phi020_N4096","centered_gamma4","Centered Gamma(4)",0.2,4096,16,256,"VK_asym_full_oracle_minus_VK_asym_full_feasible",2e-05,0.000156844642887221,-8.50467694011554e-05,6.61374328509256e-06
"centered_gamma4_phi020_N4096_M16_Q256","centered_gamma4_phi020_N4096","centered_gamma4","Centered Gamma(4)",0.2,4096,16,256,"VK_leading_oracle_minus_F_feasible_leading",1e-05,0.000157163119091153,-8.51255587478614e-05,6.61511500791477e-06
"centered_gamma4_phi020_N4096_M64_Q64","centered_gamma4_phi020_N4096","centered_gamma4","Centered Gamma(4)",0.2,4096,64,64,"K_asym_full_minus_K_leading",-4e-05,1.99996999947499e-05,-1.62030725438197e-05,1.0518591675038e-08
"centered_gamma4_phi020_N4096_M64_Q64","centered_gamma4_phi020_N4096","centered_gamma4","Centered Gamma(4)",0.2,4096,64,64,"V_oracle_minus_V_feasible",2e-04,0.000142126007465277,-9.07492505480715e-05,5.21459227454409e-06
"centered_gamma4_phi020_N4096_M64_Q64","centered_gamma4_phi020_N4096","centered_gamma4","Centered Gamma(4)",0.2,4096,64,64,"VK_asym_full_oracle_minus_VK_leading_oracle",-6e-05,2.44942850416173e-05,-1.62593907884264e-05,1.0559766109695e-08
"centered_gamma4_phi020_N4096_M64_Q64","centered_gamma4_phi020_N4096","centered_gamma4","Centered Gamma(4)",0.2,4096,64,64,"VK_asym_full_oracle_minus_VK_asym_full_feasible",0.00016,0.000127278851342476,-9.58603842546864e-05,5.27882590779298e-06
"centered_gamma4_phi020_N4096_M64_Q64","centered_gamma4_phi020_N4096","centered_gamma4","Centered Gamma(4)",0.2,4096,64,64,"VK_leading_oracle_minus_F_feasible_leading",0.00016,0.000127278851342476,-9.59536684784672e-05,5.27998218866322e-06
"centered_gamma4_phi020_N4096_M256_Q16","centered_gamma4_phi020_N4096","centered_gamma4","Centered Gamma(4)",0.2,4096,256,16,"K_asym_full_minus_K_leading",-5e-05,2.23602325524579e-05,-1.76742383627091e-05,2.46679400311403e-08
"centered_gamma4_phi020_N4096_M256_Q16","centered_gamma4_phi020_N4096","centered_gamma4","Centered Gamma(4)",0.2,4096,256,16,"V_oracle_minus_V_feasible",9e-05,6.24496437105929e-05,-2.13802458515741e-05,1.22425743761576e-06
"centered_gamma4_phi020_N4096_M256_Q16","centered_gamma4_phi020_N4096","centered_gamma4","Centered Gamma(4)",0.2,4096,256,16,"VK_asym_full_oracle_minus_VK_leading_oracle",-4e-05,1.99996999947499e-05,-1.76882562398826e-05,2.46907966235724e-08
"centered_gamma4_phi020_N4096_M256_Q16","centered_gamma4_phi020_N4096","centered_gamma4","Centered Gamma(4)",0.2,4096,256,16,"VK_asym_full_oracle_minus_VK_asym_full_feasible",0.00016,6.1642371773156e-05,-2.68312505759978e-05,1.28775930985472e-06
"centered_gamma4_phi020_N4096_M256_Q16","centered_gamma4_phi020_N4096","centered_gamma4","Centered Gamma(4)",0.2,4096,256,16,"VK_leading_oracle_minus_F_feasible_leading",0.00017,6.55725094650188e-05,-2.68583465626235e-05,1.28805729723342e-06
"centered_gamma4_phi020_N8100_M90_Q90","centered_gamma4_phi020_N8100","centered_gamma4","Centered Gamma(4)",0.2,8100,90,90,"K_asym_full_minus_K_leading",-7e-05,2.64567193654088e-05,-5.73472918880165e-06,3.14702883518069e-09
"centered_gamma4_phi020_N8100_M90_Q90","centered_gamma4_phi020_N8100","centered_gamma4","Centered Gamma(4)",0.2,8100,90,90,"V_oracle_minus_V_feasible",-0.00016,0.000111354694551599,-2.60163593975203e-05,2.22683851219587e-06
"centered_gamma4_phi020_N8100_M90_Q90","centered_gamma4_phi020_N8100","centered_gamma4","Centered Gamma(4)",0.2,8100,90,90,"VK_asym_full_oracle_minus_VK_leading_oracle",-2e-05,1.41420649121689e-05,-5.74871093876274e-06,3.15525282684229e-09
"centered_gamma4_phi020_N8100_M90_Q90","centered_gamma4_phi020_N8100","centered_gamma4","Centered Gamma(4)",0.2,8100,90,90,"VK_asym_full_oracle_minus_VK_asym_full_feasible",8e-05,9.69537518629372e-05,-2.71397373410097e-05,2.24623828340097e-06
"centered_gamma4_phi020_N8100_M90_Q90","centered_gamma4_phi020_N8100","centered_gamma4","Centered Gamma(4)",0.2,8100,90,90,"VK_leading_oracle_minus_F_feasible_leading",8e-05,9.69537518629372e-05,-2.71541159775988e-05,2.24648402417938e-06
"centered_gamma4_phi050_N64_M8_Q8","centered_gamma4_phi050_N64","centered_gamma4","Centered Gamma(4)",0.5,64,8,8,"K_asym_full_minus_K_leading",-0.01599,0.000396667080115964,-0.0389109692899116,8.22275416245134e-05
"centered_gamma4_phi050_N64_M8_Q8","centered_gamma4_phi050_N64","centered_gamma4","Centered Gamma(4)",0.5,64,8,8,"V_oracle_minus_V_feasible",0.00637,0.000309346388296162,0.00111143240371485,0.000158241204907697
"centered_gamma4_phi050_N64_M8_Q8","centered_gamma4_phi050_N64","centered_gamma4","Centered Gamma(4)",0.5,64,8,8,"VK_asym_full_oracle_minus_VK_leading_oracle",-0.01413,0.000373235614656802,-0.0411526744643034,8.77786257989422e-05
"centered_gamma4_phi050_N64_M8_Q8","centered_gamma4_phi050_N64","centered_gamma4","Centered Gamma(4)",0.5,64,8,8,"VK_asym_full_oracle_minus_VK_asym_full_feasible",0.00593,0.000296899364250456,-0.000232690482106157,0.000161757470402828
"centered_gamma4_phi050_N64_M8_Q8","centered_gamma4_phi050_N64","centered_gamma4","Centered Gamma(4)",0.5,64,8,8,"VK_leading_oracle_minus_F_feasible_leading",0.00476,0.000275634148359447,-0.00200317726772919,0.000165534936402299
"centered_gamma4_phi050_N100_M10_Q10","centered_gamma4_phi050_N100","centered_gamma4","Centered Gamma(4)",0.5,100,10,10,"K_asym_full_minus_K_leading",-0.00959,0.000308190312652244,-0.021494293042835,3.95408593104979e-05
"centered_gamma4_phi050_N100_M10_Q10","centered_gamma4_phi050_N100","centered_gamma4","Centered Gamma(4)",0.5,100,10,10,"V_oracle_minus_V_feasible",0.00364,0.000287521009116389,-0.00383342680414066,0.000146000950525887
"centered_gamma4_phi050_N100_M10_Q10","centered_gamma4_phi050_N100","centered_gamma4","Centered Gamma(4)",0.5,100,10,10,"VK_asym_full_oracle_minus_VK_leading_oracle",-0.00929,0.000303377453642807,-0.022715693475614,4.21558654061227e-05
"centered_gamma4_phi050_N100_M10_Q10","centered_gamma4_phi050_N100","centered_gamma4","Centered Gamma(4)",0.5,100,10,10,"VK_asym_full_oracle_minus_VK_asym_full_feasible",0.00333,0.000282116832002398,-0.00522952534810547,0.000150539676828746
"centered_gamma4_phi050_N100_M10_Q10","centered_gamma4_phi050_N100","centered_gamma4","Centered Gamma(4)",0.5,100,10,10,"VK_leading_oracle_minus_F_feasible_leading",0.00315,0.000275320782025858,-0.00640781198762777,0.000153971205708353
"centered_gamma4_phi080_N4096_M16_Q256","centered_gamma4_phi080_N4096","centered_gamma4","Centered Gamma(4)",0.8,4096,16,256,"K_asym_full_minus_K_leading",-8e-04,8.94073818920975e-05,-0.000423055135750965,1.41435094335627e-07
"centered_gamma4_phi080_N4096_M16_Q256","centered_gamma4_phi080_N4096","centered_gamma4","Centered Gamma(4)",0.8,4096,16,256,"V_oracle_minus_V_feasible",0.0131,0.00035956250201033,0.00994316499157219,3.43823616502882e-06
"centered_gamma4_phi080_N4096_M16_Q256","centered_gamma4_phi080_N4096","centered_gamma4","Centered Gamma(4)",0.8,4096,16,256,"VK_asym_full_oracle_minus_VK_leading_oracle",-0.00063,7.93479297835779e-05,-0.000497055373685232,1.67000357453218e-07
"centered_gamma4_phi080_N4096_M16_Q256","centered_gamma4_phi080_N4096","centered_gamma4","Centered Gamma(4)",0.8,4096,16,256,"VK_asym_full_oracle_minus_VK_asym_full_feasible",0.01307,0.00035915601196473,0.00994583521810335,3.43918501235088e-06
"centered_gamma4_phi080_N4096_M16_Q256","centered_gamma4_phi080_N4096","centered_gamma4","Centered Gamma(4)",0.8,4096,16,256,"VK_leading_oracle_minus_F_feasible_leading",0.01285,0.000356160137438814,0.00997248667313645,3.44865847102701e-06
"centered_gamma4_phi080_N4096_M64_Q64","centered_gamma4_phi080_N4096","centered_gamma4","Centered Gamma(4)",0.8,4096,64,64,"K_asym_full_minus_K_leading",-0.00053,7.27821679564419e-05,-0.000499924359631102,3.31060986125469e-07
"centered_gamma4_phi080_N4096_M64_Q64","centered_gamma4_phi080_N4096","centered_gamma4","Centered Gamma(4)",0.8,4096,64,64,"V_oracle_minus_V_feasible",0.00082,0.0001019479275601,0.000416600803544168,6.27825511221585e-06
"centered_gamma4_phi080_N4096_M64_Q64","centered_gamma4_phi080_N4096","centered_gamma4","Centered Gamma(4)",0.8,4096,64,64,"VK_asym_full_oracle_minus_VK_leading_oracle",-0.00058,7.61360227943361e-05,-0.00051946231018994,3.45656797241556e-07
"centered_gamma4_phi080_N4096_M64_Q64","centered_gamma4_phi080_N4096","centered_gamma4","Centered Gamma(4)",0.8,4096,64,64,"VK_asym_full_oracle_minus_VK_asym_full_feasible",0.00084,0.000107671072858959,0.000416236312363882,6.33991754363688e-06
"centered_gamma4_phi080_N4096_M64_Q64","centered_gamma4_phi080_N4096","centered_gamma4","Centered Gamma(4)",0.8,4096,64,64,"VK_leading_oracle_minus_F_feasible_leading",0.00078,0.000104852400736747,0.000416103590388498,6.35838803089503e-06
"centered_gamma4_phi080_N4096_M256_Q16","centered_gamma4_phi080_N4096","centered_gamma4","Centered Gamma(4)",0.8,4096,256,16,"K_asym_full_minus_K_leading",-0.00063,7.93479297835779e-05,-0.000558588586054079,7.90351782538113e-07
"centered_gamma4_phi080_N4096_M256_Q16","centered_gamma4_phi080_N4096","centered_gamma4","Centered Gamma(4)",0.8,4096,256,16,"V_oracle_minus_V_feasible",0.00021,5.74420751359137e-05,8.83936527171329e-05,1.39860521894475e-06
"centered_gamma4_phi080_N4096_M256_Q16","centered_gamma4_phi080_N4096","centered_gamma4","Centered Gamma(4)",0.8,4096,256,16,"VK_asym_full_oracle_minus_VK_leading_oracle",-0.00072,8.48226853434828e-05,-0.000563368993961293,7.98227122097245e-07
"centered_gamma4_phi080_N4096_M256_Q16","centered_gamma4_phi080_N4096","centered_gamma4","Centered Gamma(4)",0.8,4096,256,16,"VK_asym_full_oracle_minus_VK_asym_full_feasible",0.00014,4.69023026967758e-05,8.7078457931456e-05,1.46787552216308e-06
"centered_gamma4_phi080_N4096_M256_Q16","centered_gamma4_phi080_N4096","centered_gamma4","Centered Gamma(4)",0.8,4096,256,16,"VK_leading_oracle_minus_F_feasible_leading",0.00022,4.89850997283863e-05,8.69653854275485e-05,1.47236960540566e-06
"centered_gamma4_phi080_N400_M20_Q20","centered_gamma4_phi080_N400","centered_gamma4","Centered Gamma(4)",0.8,400,20,20,"K_asym_full_minus_K_leading",-0.0094,0.000305151325039417,-0.0153771985298692,1.95252851582336e-05
"centered_gamma4_phi080_N400_M20_Q20","centered_gamma4_phi080_N400","centered_gamma4","Centered Gamma(4)",0.8,400,20,20,"V_oracle_minus_V_feasible",0.00897,0.000298490003120405,0.0153293668550123,5.05441899937425e-05
"centered_gamma4_phi080_N400_M20_Q20","centered_gamma4_phi080_N400","centered_gamma4","Centered Gamma(4)",0.8,400,20,20,"VK_asym_full_oracle_minus_VK_leading_oracle",-0.00752,0.000273194513767066,-0.0174616768307614,2.26615239178992e-05
"centered_gamma4_phi080_N400_M20_Q20","centered_gamma4_phi080_N400","centered_gamma4","Centered Gamma(4)",0.8,400,20,20,"VK_asym_full_oracle_minus_VK_asym_full_feasible",0.00852,0.000290989592166846,0.0153835015855752,5.10005266053853e-05
"centered_gamma4_phi080_N400_M20_Q20","centered_gamma4_phi080_N400","centered_gamma4","Centered Gamma(4)",0.8,400,20,20,"VK_leading_oracle_minus_F_feasible_leading",0.00837,0.000288097658794045,0.0155192986763613,5.22713580763516e-05
"centered_gamma4_phi080_N1024_M32_Q32","centered_gamma4_phi080_N1024","centered_gamma4","Centered Gamma(4)",0.8,1024,32,32,"K_asym_full_minus_K_leading",-0.00316,0.000177483686587219,-0.00395913860829223,3.85252930577209e-06
"centered_gamma4_phi080_N1024_M32_Q32","centered_gamma4_phi080_N1024","centered_gamma4","Centered Gamma(4)",0.8,1024,32,32,"V_oracle_minus_V_feasible",0.0034,0.000190485597480829,0.0034470344364415,2.63189992200032e-05
"centered_gamma4_phi080_N1024_M32_Q32","centered_gamma4_phi080_N1024","centered_gamma4","Centered Gamma(4)",0.8,1024,32,32,"VK_asym_full_oracle_minus_VK_leading_oracle",-0.00267,0.000163183875703983,-0.00428988600703955,4.2343456635821e-06
"centered_gamma4_phi080_N1024_M32_Q32","centered_gamma4_phi080_N1024","centered_gamma4","Centered Gamma(4)",0.8,1024,32,32,"VK_asym_full_oracle_minus_VK_asym_full_feasible",0.0033,0.000186792529064974,0.0034460981947526,2.66777761783782e-05
"centered_gamma4_phi080_N1024_M32_Q32","centered_gamma4_phi080_N1024","centered_gamma4","Centered Gamma(4)",0.8,1024,32,32,"VK_leading_oracle_minus_F_feasible_leading",0.00326,0.000184645782352724,0.00344379273016906,2.69876730782259e-05
"centered_gamma4_phi080_N8100_M90_Q90","centered_gamma4_phi080_N8100","centered_gamma4","Centered Gamma(4)",0.8,8100,90,90,"K_asym_full_minus_K_leading",-0.00033,5.74364343377955e-05,-0.000179219096395084,9.81874244752687e-08
"centered_gamma4_phi080_N8100_M90_Q90","centered_gamma4_phi080_N8100","centered_gamma4","Centered Gamma(4)",0.8,8100,90,90,"V_oracle_minus_V_feasible",0.00043,8.18426415884765e-05,0.000147756806657096,2.83296442211097e-06
"centered_gamma4_phi080_N8100_M90_Q90","centered_gamma4_phi080_N8100","centered_gamma4","Centered Gamma(4)",0.8,8100,90,90,"VK_asym_full_oracle_minus_VK_leading_oracle",-0.00033,5.74364343377955e-05,-0.000184054823112905,1.01059160373316e-07
"centered_gamma4_phi080_N8100_M90_Q90","centered_gamma4_phi080_N8100","centered_gamma4","Centered Gamma(4)",0.8,8100,90,90,"VK_asym_full_oracle_minus_VK_asym_full_feasible",4e-04,8.36568585634187e-05,0.000147711861496034,2.85410018073989e-06
"centered_gamma4_phi080_N8100_M90_Q90","centered_gamma4_phi080_N8100","centered_gamma4","Centered Gamma(4)",0.8,8100,90,90,"VK_leading_oracle_minus_F_feasible_leading",0.00047,8.18404421944297e-05,0.000147700294713413,2.8582263600874e-06
"contaminated_normal_phi080_N4096_M16_Q256","contaminated_normal_phi080_N4096","contaminated_normal","Contaminated normal",0.8,4096,16,256,"K_asym_full_minus_K_leading",-0.00061,7.80790622599915e-05,-0.000269841809039568,1.1151310742687e-07
"contaminated_normal_phi080_N4096_M16_Q256","contaminated_normal_phi080_N4096","contaminated_normal","Contaminated normal",0.8,4096,16,256,"V_oracle_minus_V_feasible",0.01336,0.000363065313909525,0.0100685728948864,4.23260350460998e-06
"contaminated_normal_phi080_N4096_M16_Q256","contaminated_normal_phi080_N4096","contaminated_normal","Contaminated normal",0.8,4096,16,256,"VK_asym_full_oracle_minus_VK_leading_oracle",-0.00047,6.85407760269738e-05,-0.000318366584670409,1.34675770858298e-07
"contaminated_normal_phi080_N4096_M16_Q256","contaminated_normal_phi080_N4096","contaminated_normal","Contaminated normal",0.8,4096,16,256,"VK_asym_full_oracle_minus_VK_asym_full_feasible",0.01333,0.000362662965085025,0.0100815942977052,4.23858046078155e-06
"contaminated_normal_phi080_N4096_M16_Q256","contaminated_normal_phi080_N4096","contaminated_normal","Contaminated normal",0.8,4096,16,256,"VK_leading_oracle_minus_F_feasible_leading",0.0133,0.000362260144542735,0.0100991206086102,4.24663016487652e-06
"contaminated_normal_phi080_N4096_M64_Q64","contaminated_normal_phi080_N4096","contaminated_normal","Contaminated normal",0.8,4096,64,64,"K_asym_full_minus_K_leading",-0.00043,6.55606130381635e-05,-0.000318335463284784,2.26869766028185e-07
"contaminated_normal_phi080_N4096_M64_Q64","contaminated_normal_phi080_N4096","contaminated_normal","Contaminated normal",0.8,4096,64,64,"V_oracle_minus_V_feasible",0.00077,0.000106274098169965,0.000405439636042122,6.28433365260151e-06
"contaminated_normal_phi080_N4096_M64_Q64","contaminated_normal_phi080_N4096","contaminated_normal","Contaminated normal",0.8,4096,64,64,"VK_asym_full_oracle_minus_VK_leading_oracle",-0.00037,6.08166752353322e-05,-0.000330968549237661,2.3758180010138e-07
"contaminated_normal_phi080_N4096_M64_Q64","contaminated_normal_phi080_N4096","contaminated_normal","Contaminated normal",0.8,4096,64,64,"VK_asym_full_oracle_minus_VK_asym_full_feasible",0.00085,0.000108133676201816,0.000404828317393543,6.35387621283495e-06
"contaminated_normal_phi080_N4096_M64_Q64","contaminated_normal_phi080_N4096","contaminated_normal","Contaminated normal",0.8,4096,64,64,"VK_leading_oracle_minus_F_feasible_leading",0.00078,0.000105801833350275,0.00040470877415448,6.36572131175266e-06
"contaminated_normal_phi080_N4096_M256_Q16","contaminated_normal_phi080_N4096","contaminated_normal","Contaminated normal",0.8,4096,256,16,"K_asym_full_minus_K_leading",-0.00036,5.99894989760698e-05,-0.00035317317012316,5.02837835619739e-07
"contaminated_normal_phi080_N4096_M256_Q16","contaminated_normal_phi080_N4096","contaminated_normal","Contaminated normal",0.8,4096,256,16,"V_oracle_minus_V_feasible",0.00022,5.29107172077638e-05,8.58939583437942e-05,1.38499748224599e-06
"contaminated_normal_phi080_N4096_M256_Q16","contaminated_normal_phi080_N4096","contaminated_normal","Contaminated normal",0.8,4096,256,16,"VK_asym_full_oracle_minus_VK_leading_oracle",-0.00049,6.9983197815474e-05,-0.000356199836970402,5.078316500724e-07
"contaminated_normal_phi080_N4096_M256_Q16","contaminated_normal_phi080_N4096","contaminated_normal","Contaminated normal",0.8,4096,256,16,"VK_asym_full_oracle_minus_VK_asym_full_feasible",0.00024,5.29098478028424e-05,8.44012248315181e-05,1.45505300640785e-06
"contaminated_normal_phi080_N4096_M256_Q16","contaminated_normal_phi080_N4096","contaminated_normal","Contaminated normal",0.8,4096,256,16,"VK_leading_oracle_minus_F_feasible_leading",0.00019,5.19583101790269e-05,8.43239356364075e-05,1.457854553722e-06
"contaminated_normal_phi050_N225_M15_Q15","contaminated_normal_phi050_N225","contaminated_normal","Contaminated normal",0.5,225,15,15,"K_asym_full_minus_K_leading",0.0012,0.000109479312462212,0.0020767022422478,3.87909546221849e-06
"contaminated_normal_phi050_N225_M15_Q15","contaminated_normal_phi050_N225","contaminated_normal","Contaminated normal",0.5,225,15,15,"V_oracle_minus_V_feasible",0.00169,0.000258982836730732,-0.00462738208374314,9.81835126218875e-05
"contaminated_normal_phi050_N225_M15_Q15","contaminated_normal_phi050_N225","contaminated_normal","Contaminated normal",0.5,225,15,15,"VK_asym_full_oracle_minus_VK_leading_oracle",0.00132,0.000114815973745286,0.00217428478417386,4.09364763147295e-06
"contaminated_normal_phi050_N225_M15_Q15","contaminated_normal_phi050_N225","contaminated_normal","Contaminated normal",0.5,225,15,15,"VK_asym_full_oracle_minus_VK_asym_full_feasible",0.00157,0.000253921239284857,-0.00597039065711216,0.000103941045995948
"contaminated_normal_phi050_N225_M15_Q15","contaminated_normal_phi050_N225","contaminated_normal","Contaminated normal",0.5,225,15,15,"VK_leading_oracle_minus_F_feasible_leading",0.00136,0.000255699350452007,-0.005856836901653,0.000103477803082221
"contaminated_normal_phi050_N400_M20_Q20","contaminated_normal_phi050_N400","contaminated_normal","Contaminated normal",0.5,400,20,20,"K_asym_full_minus_K_leading",5e-04,7.0693351706506e-05,0.000873740723168349,1.35028497462135e-06
"contaminated_normal_phi050_N400_M20_Q20","contaminated_normal_phi050_N400","contaminated_normal","Contaminated normal",0.5,400,20,20,"V_oracle_minus_V_feasible",0.00094,0.00026569130568895,-0.00391615522071535,8.50850812411623e-05
"contaminated_normal_phi050_N400_M20_Q20","contaminated_normal_phi050_N400","contaminated_normal","Contaminated normal",0.5,400,20,20,"VK_asym_full_oracle_minus_VK_leading_oracle",0.00054,7.3465216064337e-05,0.000906202958381229,1.41031379629855e-06
"contaminated_normal_phi050_N400_M20_Q20","contaminated_normal_phi050_N400","contaminated_normal","Contaminated normal",0.5,400,20,20,"VK_asym_full_oracle_minus_VK_asym_full_feasible",0.00095,0.000252371971336199,-0.00470128166324376,8.88566453815436e-05
"contaminated_normal_phi050_N400_M20_Q20","contaminated_normal_phi050_N400","contaminated_normal","Contaminated normal",0.5,400,20,20,"VK_leading_oracle_minus_F_feasible_leading",0.00095,0.000250781984831525,-0.00465185950083262,8.8628476650582e-05
"contaminated_normal_phi050_N1024_M32_Q32","contaminated_normal_phi050_N1024","contaminated_normal","Contaminated normal",0.5,1024,32,32,"K_asym_full_minus_K_leading",0.00022,4.68992323538451e-05,0.000208344426012844,2.36237596095135e-07
"contaminated_normal_phi050_N1024_M32_Q32","contaminated_normal_phi050_N1024","contaminated_normal","Contaminated normal",0.5,1024,32,32,"V_oracle_minus_V_feasible",0.00037,0.000191569825363965,-0.00112708062830314,3.36279711316871e-05
"contaminated_normal_phi050_N1024_M32_Q32","contaminated_normal_phi050_N1024","contaminated_normal","Contaminated normal",0.5,1024,32,32,"VK_asym_full_oracle_minus_VK_leading_oracle",0.00019,4.35850662105722e-05,0.000213274247506978,2.43085115766765e-07
"contaminated_normal_phi050_N1024_M32_Q32","contaminated_normal_phi050_N1024","contaminated_normal","Contaminated normal",0.5,1024,32,32,"VK_asym_full_oracle_minus_VK_asym_full_feasible",0.00035,0.000199246510613661,-0.00126285715843544,3.45591214767638e-05
"contaminated_normal_phi050_N1024_M32_Q32","contaminated_normal_phi050_N1024","contaminated_normal","Contaminated normal",0.5,1024,32,32,"VK_leading_oracle_minus_F_feasible_leading",0.00042,0.000198490881368137,-0.00125758299512592,3.45238837280637e-05
"contaminated_normal_phi050_N4096_M16_Q256","contaminated_normal_phi050_N4096","contaminated_normal","Contaminated normal",0.5,4096,16,256,"K_asym_full_minus_K_leading",6e-05,2.44942850416173e-05,2.31060980199723e-05,9.29472368172923e-09
"contaminated_normal_phi050_N4096_M16_Q256","contaminated_normal_phi050_N4096","contaminated_normal","Contaminated normal",0.5,4096,16,256,"V_oracle_minus_V_feasible",1e-04,0.00012961507628621,-6.41678302042699e-06,7.05168455381129e-06
"contaminated_normal_phi050_N4096_M16_Q256","contaminated_normal_phi050_N4096","contaminated_normal","Contaminated normal",0.5,4096,16,256,"VK_asym_full_oracle_minus_VK_leading_oracle",8e-05,2.82832812707436e-05,2.41812410448492e-05,9.77956612708452e-09
"contaminated_normal_phi050_N4096_M16_Q256","contaminated_normal_phi050_N4096","contaminated_normal","Contaminated normal",0.5,4096,16,256,"VK_asym_full_oracle_minus_VK_asym_full_feasible",0.00012,0.000127279291324944,-7.55589101994158e-06,7.07497601667158e-06
"contaminated_normal_phi050_N4096_M16_Q256","contaminated_normal_phi050_N4096","contaminated_normal","Contaminated normal",0.5,4096,16,256,"VK_leading_oracle_minus_F_feasible_leading",0.00011,0.00012767161783427,-7.47521425135823e-06,7.07333291960253e-06
"contaminated_normal_phi050_N4096_M64_Q64","contaminated_normal_phi050_N4096","contaminated_normal","Contaminated normal",0.5,4096,64,64,"K_asym_full_minus_K_leading",4e-05,1.99996999947499e-05,2.49539353744968e-05,1.78299322579296e-08
"contaminated_normal_phi050_N4096_M64_Q64","contaminated_normal_phi050_N4096","contaminated_normal","Contaminated normal",0.5,4096,64,64,"V_oracle_minus_V_feasible",0.00029,0.000129225871996516,-0.000124153736679522,6.48409109920702e-06
"contaminated_normal_phi050_N4096_M64_Q64","contaminated_normal_phi050_N4096","contaminated_normal","Contaminated normal",0.5,4096,64,64,"VK_asym_full_oracle_minus_VK_leading_oracle",4e-05,1.99996999947499e-05,2.52390091347501e-05,1.80697596433562e-08
"contaminated_normal_phi050_N4096_M64_Q64","contaminated_normal_phi050_N4096","contaminated_normal","Contaminated normal",0.5,4096,64,64,"VK_asym_full_oracle_minus_VK_asym_full_feasible",0.00016,0.000127278851342476,-0.000131202001804806,6.56895210496223e-06
"contaminated_normal_phi050_N4096_M64_Q64","contaminated_normal_phi050_N4096","contaminated_normal","Contaminated normal",0.5,4096,64,64,"VK_leading_oracle_minus_F_feasible_leading",0.00019,0.00012529882680201,-0.000131067027448771,6.56734903154171e-06
"contaminated_normal_phi050_N4096_M256_Q16","contaminated_normal_phi050_N4096","contaminated_normal","Contaminated normal",0.5,4096,256,16,"K_asym_full_minus_K_leading",7e-05,2.64567193654088e-05,2.71655464755634e-05,3.84011648432504e-08
"contaminated_normal_phi050_N4096_M256_Q16","contaminated_normal_phi050_N4096","contaminated_normal","Contaminated normal",0.5,4096,256,16,"V_oracle_minus_V_feasible",8e-05,5.99997666638796e-05,-2.84213149148123e-05,1.48878075644078e-06
"contaminated_normal_phi050_N4096_M256_Q16","contaminated_normal_phi050_N4096","contaminated_normal","Contaminated normal",0.5,4096,256,16,"VK_asym_full_oracle_minus_VK_leading_oracle",4e-05,1.99996999947499e-05,2.7234848388059e-05,3.85158418660922e-08
"contaminated_normal_phi050_N4096_M256_Q16","contaminated_normal_phi050_N4096","contaminated_normal","Contaminated normal",0.5,4096,256,16,"VK_asym_full_oracle_minus_VK_asym_full_feasible",7e-05,6.40311799041686e-05,-3.54611282833945e-05,1.56738226327515e-06
"contaminated_normal_phi050_N4096_M256_Q16","contaminated_normal_phi050_N4096","contaminated_normal","Contaminated normal",0.5,4096,256,16,"VK_leading_oracle_minus_F_feasible_leading",0.00012,6.1643280241564e-05,-3.5423432700422e-05,1.56698449431268e-06
"contaminated_normal_phi080_N64_M8_Q8","contaminated_normal_phi080_N64","contaminated_normal","Contaminated normal",0.8,64,8,8,"K_asym_full_minus_K_leading",-0.04519,0.000656873620896393,-0.103878845077646,0.000290119322793524
"contaminated_normal_phi080_N64_M8_Q8","contaminated_normal_phi080_N64","contaminated_normal","Contaminated normal",0.8,64,8,8,"V_oracle_minus_V_feasible",0.05636,0.000729274175059164,0.154617527640687,0.000390384431987374
"contaminated_normal_phi080_N64_M8_Q8","contaminated_normal_phi080_N64","contaminated_normal","Contaminated normal",0.8,64,8,8,"VK_asym_full_oracle_minus_VK_leading_oracle",-0.03533,0.000583799040092729,-0.123589042895945,0.000354354412834128
"contaminated_normal_phi080_N64_M8_Q8","contaminated_normal_phi080_N64","contaminated_normal","Contaminated normal",0.8,64,8,8,"VK_asym_full_oracle_minus_VK_asym_full_feasible",0.057,0.000733154400623601,0.153525793768615,0.000386919677964814
"contaminated_normal_phi080_N64_M8_Q8","contaminated_normal_phi080_N64","contaminated_normal","Contaminated normal",0.8,64,8,8,"VK_leading_oracle_minus_F_feasible_leading",0.04997,0.000689009969701008,0.162019580962858,0.000414969090187013
"contaminated_normal_phi080_N100_M10_Q10","contaminated_normal_phi080_N100","contaminated_normal","Contaminated normal",0.8,100,10,10,"K_asym_full_minus_K_leading",-0.02819,0.00052340804212372,-0.062862107108306,0.000152071200036619
"contaminated_normal_phi080_N100_M10_Q10","contaminated_normal_phi080_N100","contaminated_normal","Contaminated normal",0.8,100,10,10,"V_oracle_minus_V_feasible",0.04115,0.000628148645391524,0.10850635346238,0.000223967632700258
"contaminated_normal_phi080_N100_M10_Q10","contaminated_normal_phi080_N100","contaminated_normal","Contaminated normal",0.8,100,10,10,"VK_asym_full_oracle_minus_VK_leading_oracle",-0.02205,0.00046437068318458,-0.0761062856707793,0.00018931491510334
"contaminated_normal_phi080_N100_M10_Q10","contaminated_normal_phi080_N100","contaminated_normal","Contaminated normal",0.8,100,10,10,"VK_asym_full_oracle_minus_VK_asym_full_feasible",0.04081,0.000625659135227429,0.108966347813249,0.000225146984096705
"contaminated_normal_phi080_N100_M10_Q10","contaminated_normal_phi080_N100","contaminated_normal","Contaminated normal",0.8,100,10,10,"VK_leading_oracle_minus_F_feasible_leading",0.03666,0.000594276009645145,0.114238329771065,0.000238957144212257
"contaminated_normal_phi080_N225_M15_Q15","contaminated_normal_phi080_N225","contaminated_normal","Contaminated normal",0.8,225,15,15,"K_asym_full_minus_K_leading",-0.011,0.000329834940403346,-0.0224321373584683,4.19087779145493e-05
"contaminated_normal_phi080_N225_M15_Q15","contaminated_normal_phi080_N225","contaminated_normal","Contaminated normal",0.8,225,15,15,"V_oracle_minus_V_feasible",0.01965,0.00043890853421529,0.0451387185344932,6.60353171663088e-05
"contaminated_normal_phi080_N225_M15_Q15","contaminated_normal_phi080_N225","contaminated_normal","Contaminated normal",0.8,225,15,15,"VK_asym_full_oracle_minus_VK_leading_oracle",-0.00838,0.000288268255251718,-0.0264514063670598,5.07937529541386e-05
"contaminated_normal_phi080_N225_M15_Q15","contaminated_normal_phi080_N225","contaminated_normal","Contaminated normal",0.8,225,15,15,"VK_asym_full_oracle_minus_VK_asym_full_feasible",0.01891,0.000430727262034507,0.0458239140442201,6.71547570569736e-05
"contaminated_normal_phi080_N225_M15_Q15","contaminated_normal_phi080_N225","contaminated_normal","Contaminated normal",0.8,225,15,15,"VK_leading_oracle_minus_F_feasible_leading",0.0176,0.000415817422724554,0.0469521993958906,6.90010600766456e-05
"contaminated_normal_phi050_N64_M8_Q8","contaminated_normal_phi050_N64","contaminated_normal","Contaminated normal",0.5,64,8,8,"K_asym_full_minus_K_leading",0.00526,0.000228744064925131,0.0125628634132945,3.50982898978707e-05
"contaminated_normal_phi050_N64_M8_Q8","contaminated_normal_phi050_N64","contaminated_normal","Contaminated normal",0.5,64,8,8,"V_oracle_minus_V_feasible",0.00628,0.000311779710798956,-8.4210245378473e-05,0.000151019512237445
"contaminated_normal_phi050_N64_M8_Q8","contaminated_normal_phi050_N64","contaminated_normal","Contaminated normal",0.5,64,8,8,"VK_asym_full_oracle_minus_VK_leading_oracle",0.00447,0.000210951738571551,0.0132782803430749,3.7429234435546e-05
"contaminated_normal_phi050_N64_M8_Q8","contaminated_normal_phi050_N64","contaminated_normal","Contaminated normal",0.5,64,8,8,"VK_asym_full_oracle_minus_VK_asym_full_feasible",0.00455,0.000280524084416328,-0.00399410877590049,0.000160800910521895
"contaminated_normal_phi050_N64_M8_Q8","contaminated_normal_phi050_N64","contaminated_normal","Contaminated normal",0.5,64,8,8,"VK_leading_oracle_minus_F_feasible_leading",0.00528,0.000286569428272403,-0.00337912043402541,0.000159477331749905
"contaminated_normal_phi050_N100_M10_Q10","contaminated_normal_phi050_N100","contaminated_normal","Contaminated normal",0.5,100,10,10,"K_asym_full_minus_K_leading",0.00299,0.00017265832476012,0.00678128694946622,1.62616592231944e-05
"contaminated_normal_phi050_N100_M10_Q10","contaminated_normal_phi050_N100","contaminated_normal","Contaminated normal",0.5,100,10,10,"V_oracle_minus_V_feasible",0.00367,0.00030027689332036,-0.0049175456975023,0.000145488952285266
"contaminated_normal_phi050_N100_M10_Q10","contaminated_normal_phi050_N100","contaminated_normal","Contaminated normal",0.5,100,10,10,"VK_asym_full_oracle_minus_VK_leading_oracle",0.0025,0.000157916906560044,0.00717581472840734,1.7363790941892e-05
"contaminated_normal_phi050_N100_M10_Q10","contaminated_normal_phi050_N100","contaminated_normal","Contaminated normal",0.5,100,10,10,"VK_asym_full_oracle_minus_VK_asym_full_feasible",0.00278,0.000270783029812602,-0.00813332709593763,0.000155901772373763
"contaminated_normal_phi050_N100_M10_Q10","contaminated_normal_phi050_N100","contaminated_normal","Contaminated normal",0.5,100,10,10,"VK_leading_oracle_minus_F_feasible_leading",0.00328,0.00027109620235538,-0.00772562048195111,0.000154686058108857
"contaminated_normal_phi080_N1024_M32_Q32","contaminated_normal_phi080_N1024","contaminated_normal","Contaminated normal",0.8,1024,32,32,"K_asym_full_minus_K_leading",-0.00187,0.000136620707259831,-0.00255320860882702,2.88850233610352e-06
"contaminated_normal_phi080_N1024_M32_Q32","contaminated_normal_phi080_N1024","contaminated_normal","Contaminated normal",0.8,1024,32,32,"V_oracle_minus_V_feasible",0.0032,0.00018356997842613,0.00344758922109686,2.69130303971378e-05
"contaminated_normal_phi080_N1024_M32_Q32","contaminated_normal_phi080_N1024","contaminated_normal","Contaminated normal",0.8,1024,32,32,"VK_asym_full_oracle_minus_VK_leading_oracle",-0.00157,0.000125201868017524,-0.00277257156404261,3.19375326495671e-06
"contaminated_normal_phi080_N1024_M32_Q32","contaminated_normal_phi080_N1024","contaminated_normal","Contaminated normal",0.8,1024,32,32,"VK_asym_full_oracle_minus_VK_asym_full_feasible",0.00328,0.000185183041684678,0.00344381647978741,2.74131432741633e-05
"contaminated_normal_phi080_N1024_M32_Q32","contaminated_normal_phi080_N1024","contaminated_normal","Contaminated normal",0.8,1024,32,32,"VK_leading_oracle_minus_F_feasible_leading",0.00302,0.000179190170185674,0.00344122202940555,2.76216022055622e-05
"contaminated_normal_phi080_N400_M20_Q20","contaminated_normal_phi080_N400","contaminated_normal","Contaminated normal",0.8,400,20,20,"K_asym_full_minus_K_leading",-0.00579,0.000239927769658592,-0.0100699806742092,1.5638918047592e-05
"contaminated_normal_phi080_N400_M20_Q20","contaminated_normal_phi080_N400","contaminated_normal","Contaminated normal",0.8,400,20,20,"V_oracle_minus_V_feasible",0.00891,0.000297501267341907,0.0153479207802724,5.19164129871491e-05
"contaminated_normal_phi080_N400_M20_Q20","contaminated_normal_phi080_N400","contaminated_normal","Contaminated normal",0.8,400,20,20,"VK_asym_full_oracle_minus_VK_leading_oracle",-0.00455,0.000212822526848732,-0.0114814182452768,1.82893200915298e-05
"contaminated_normal_phi080_N400_M20_Q20","contaminated_normal_phi080_N400","contaminated_normal","Contaminated normal",0.8,400,20,20,"VK_asym_full_oracle_minus_VK_asym_full_feasible",0.00839,0.000288785236757577,0.0154483509186777,5.28537004972263e-05
"contaminated_normal_phi080_N400_M20_Q20","contaminated_normal_phi080_N400","contaminated_normal","Contaminated normal",0.8,400,20,20,"VK_leading_oracle_minus_F_feasible_leading",0.00835,0.000287756152038545,0.0155266689628276,5.36829185772165e-05
"centered_gamma05_phi050_N4096_M16_Q256","centered_gamma05_phi050_N4096","centered_gamma05","Centered Gamma(1/2)",0.5,4096,16,256,"K_asym_full_minus_K_leading",-1e-04,3.16213535304862e-05,-4.21363219075847e-05,1.60687613028231e-08
"centered_gamma05_phi050_N4096_M16_Q256","centered_gamma05_phi050_N4096","centered_gamma05","Centered Gamma(1/2)",0.5,4096,16,256,"V_oracle_minus_V_feasible",0.00049,0.000133032988306509,-2.97417534392334e-05,6.92673899714808e-06
"centered_gamma05_phi050_N4096_M16_Q256","centered_gamma05_phi050_N4096","centered_gamma05","Centered Gamma(1/2)",0.5,4096,16,256,"VK_asym_full_oracle_minus_VK_leading_oracle",-0.00012,3.4639110824038e-05,-4.40621854307111e-05,1.68724380398456e-08
"centered_gamma05_phi050_N4096_M16_Q256","centered_gamma05_phi050_N4096","centered_gamma05","Centered Gamma(1/2)",0.5,4096,16,256,"VK_asym_full_oracle_minus_VK_asym_full_feasible",0.00027,0.000132285471592537,-3.06987723394656e-05,6.94472422084547e-06
"centered_gamma05_phi050_N4096_M16_Q256","centered_gamma05_phi050_N4096","centered_gamma05","Centered Gamma(1/2)",0.5,4096,16,256,"VK_leading_oracle_minus_F_feasible_leading",0.00026,0.000135644786096186,-3.085444843276e-05,6.94763771230668e-06
"centered_gamma05_phi050_N4096_M64_Q64","centered_gamma05_phi050_N4096","centered_gamma05","Centered Gamma(1/2)",0.5,4096,64,64,"K_asym_full_minus_K_leading",-0.00011,3.31645895331148e-05,-4.55267159273643e-05,3.15729028998813e-08
"centered_gamma05_phi050_N4096_M64_Q64","centered_gamma05_phi050_N4096","centered_gamma05","Centered Gamma(1/2)",0.5,4096,64,64,"V_oracle_minus_V_feasible",1e-05,0.000117047580074771,-0.000126950417651636,6.3919983384465e-06
"centered_gamma05_phi050_N4096_M64_Q64","centered_gamma05_phi050_N4096","centered_gamma05","Centered Gamma(1/2)",0.5,4096,64,64,"VK_asym_full_oracle_minus_VK_leading_oracle",-8e-05,2.82832812707436e-05,-4.60395924224615e-05,3.1980824580043e-08
"centered_gamma05_phi050_N4096_M64_Q64","centered_gamma05_phi050_N4096","centered_gamma05","Centered Gamma(1/2)",0.5,4096,64,64,"VK_asym_full_oracle_minus_VK_asym_full_feasible",0.00033,0.000129224912423185,-0.000133556517196537,6.46999477887716e-06
"centered_gamma05_phi050_N4096_M64_Q64","centered_gamma05_phi050_N4096","centered_gamma05","Centered Gamma(1/2)",0.5,4096,64,64,"VK_leading_oracle_minus_F_feasible_leading",0.00034,0.000130380266874017,-0.000133801953537384,6.47285385024238e-06
"centered_gamma05_phi050_N4096_M256_Q16","centered_gamma05_phi050_N4096","centered_gamma05","Centered Gamma(1/2)",0.5,4096,256,16,"K_asym_full_minus_K_leading",-1e-04,3.16213535304862e-05,-4.97913031253648e-05,7.04306051869942e-08
"centered_gamma05_phi050_N4096_M256_Q16","centered_gamma05_phi050_N4096","centered_gamma05","Centered Gamma(1/2)",0.5,4096,256,16,"V_oracle_minus_V_feasible",3e-05,5.74458353602766e-05,-2.97313753423477e-05,1.47374065559385e-06
"centered_gamma05_phi050_N4096_M256_Q16","centered_gamma05_phi050_N4096","centered_gamma05","Centered Gamma(1/2)",0.5,4096,256,16,"VK_asym_full_oracle_minus_VK_leading_oracle",-0.00016,3.9996999857489e-05,-4.99178449074322e-05,7.06386422936974e-08
"centered_gamma05_phi050_N4096_M256_Q16","centered_gamma05_phi050_N4096","centered_gamma05","Centered Gamma(1/2)",0.5,4096,256,16,"VK_asym_full_oracle_minus_VK_asym_full_feasible",0.00011,6.2449323448537e-05,-3.66862531042567e-05,1.55064003500182e-06
"centered_gamma05_phi050_N4096_M256_Q16","centered_gamma05_phi050_N4096","centered_gamma05","Centered Gamma(1/2)",0.5,4096,256,16,"VK_leading_oracle_minus_F_feasible_leading",9e-05,7.28009065858386e-05,-3.67556149594794e-05,1.55136571312437e-06
"centered_gamma05_phi080_N400_M20_Q20","centered_gamma05_phi080_N400","centered_gamma05","Centered Gamma(1/2)",0.8,400,20,20,"K_asym_full_minus_K_leading",-0.00779,0.000278017862626342,-0.0133844419031252,1.89596522286797e-05
"centered_gamma05_phi080_N400_M20_Q20","centered_gamma05_phi080_N400","centered_gamma05","Centered Gamma(1/2)",0.8,400,20,20,"V_oracle_minus_V_feasible",0.0093,0.000303868431003014,0.0151058369039463,5.06923729603851e-05
"centered_gamma05_phi080_N400_M20_Q20","centered_gamma05_phi080_N400","centered_gamma05","Centered Gamma(1/2)",0.8,400,20,20,"VK_asym_full_oracle_minus_VK_leading_oracle",-0.00634,0.000250995366464682,-0.0151924839924162,2.19631062583826e-05
"centered_gamma05_phi080_N400_M20_Q20","centered_gamma05_phi080_N400","centered_gamma05","Centered Gamma(1/2)",0.8,400,20,20,"VK_asym_full_oracle_minus_VK_asym_full_feasible",0.009,0.000298648441999819,0.0151722778595821,5.13098467040896e-05
"centered_gamma05_phi080_N400_M20_Q20","centered_gamma05_phi080_N400","centered_gamma05","Centered Gamma(1/2)",0.8,400,20,20,"VK_leading_oracle_minus_F_feasible_leading",0.00831,0.000287071877937619,0.0152770933605021,5.24091064265773e-05
"centered_gamma05_phi080_N4096_M16_Q256","centered_gamma05_phi080_N4096","centered_gamma05","Centered Gamma(1/2)",0.8,4096,16,256,"K_asym_full_minus_K_leading",-0.00078,8.8283599495826e-05,-0.000367643769331779,1.43051199567217e-07
"centered_gamma05_phi080_N4096_M16_Q256","centered_gamma05_phi080_N4096","centered_gamma05","Centered Gamma(1/2)",0.8,4096,16,256,"V_oracle_minus_V_feasible",0.0138,0.000368913216040859,0.00997609478639915,3.94976574095602e-06
"centered_gamma05_phi080_N4096_M16_Q256","centered_gamma05_phi080_N4096","centered_gamma05","Centered Gamma(1/2)",0.8,4096,16,256,"VK_asym_full_oracle_minus_VK_leading_oracle",-0.00054,7.3465216064337e-05,-0.000432420164055999,1.71169143790071e-07
"centered_gamma05_phi080_N4096_M16_Q256","centered_gamma05_phi080_N4096","centered_gamma05","Centered Gamma(1/2)",0.8,4096,16,256,"VK_asym_full_oracle_minus_VK_asym_full_feasible",0.01374,0.000368121554835888,0.00998238276907999,3.95242914391212e-06
"centered_gamma05_phi080_N4096_M16_Q256","centered_gamma05_phi080_N4096","centered_gamma05","Centered Gamma(1/2)",0.8,4096,16,256,"VK_leading_oracle_minus_F_feasible_leading",0.0137,0.000367592779097349,0.0100057247520191,3.96232056174996e-06
"centered_gamma05_phi080_N4096_M64_Q64","centered_gamma05_phi080_N4096","centered_gamma05","Centered Gamma(1/2)",0.8,4096,64,64,"K_asym_full_minus_K_leading",-0.00047,6.85407760269738e-05,-0.000434055605486812,3.01993819349324e-07
"centered_gamma05_phi080_N4096_M64_Q64","centered_gamma05_phi080_N4096","centered_gamma05","Centered Gamma(1/2)",0.8,4096,64,64,"V_oracle_minus_V_feasible",0.00072,0.000101955480231322,0.0004176757165584,6.19162953112432e-06
"centered_gamma05_phi080_N4096_M64_Q64","centered_gamma05_phi080_N4096","centered_gamma05","Centered Gamma(1/2)",0.8,4096,64,64,"VK_asym_full_oracle_minus_VK_leading_oracle",-0.00069,8.3037991022661e-05,-0.000451044547348576,3.15648119946264e-07
"centered_gamma05_phi080_N4096_M64_Q64","centered_gamma05_phi080_N4096","centered_gamma05","Centered Gamma(1/2)",0.8,4096,64,64,"VK_asym_full_oracle_minus_VK_asym_full_feasible",0.00078,0.000104852400736747,0.000417234856223158,6.25510631431013e-06
"centered_gamma05_phi080_N4096_M64_Q64","centered_gamma05_phi080_N4096","centered_gamma05","Centered Gamma(1/2)",0.8,4096,64,64,"VK_leading_oracle_minus_F_feasible_leading",0.00083,0.000107206464041397,0.00041710392477164,6.27095537527109e-06
"centered_gamma05_phi080_N4096_M256_Q16","centered_gamma05_phi080_N4096","centered_gamma05","Centered Gamma(1/2)",0.8,4096,256,16,"K_asym_full_minus_K_leading",-0.00054,7.3465216064337e-05,-0.000483361134581539,6.7780714220932e-07
"centered_gamma05_phi080_N4096_M256_Q16","centered_gamma05_phi080_N4096","centered_gamma05","Centered Gamma(1/2)",0.8,4096,256,16,"V_oracle_minus_V_feasible",0.00014,4.89880393390058e-05,8.94864520050662e-05,1.36980608682299e-06
"centered_gamma05_phi080_N4096_M256_Q16","centered_gamma05_phi080_N4096","centered_gamma05","Centered Gamma(1/2)",0.8,4096,256,16,"VK_asym_full_oracle_minus_VK_leading_oracle",-0.00064,7.99747957776673e-05,-0.000487493112016229,6.84581040677727e-07
"centered_gamma05_phi080_N4096_M256_Q16","centered_gamma05_phi080_N4096","centered_gamma05","Centered Gamma(1/2)",0.8,4096,256,16,"VK_asym_full_oracle_minus_VK_asym_full_feasible",0.00024,5.47672711985904e-05,8.82104235011256e-05,1.4375972444475e-06
"centered_gamma05_phi080_N4096_M256_Q16","centered_gamma05_phi080_N4096","centered_gamma05","Centered Gamma(1/2)",0.8,4096,256,16,"VK_leading_oracle_minus_F_feasible_leading",0.00022,5.29107172077638e-05,8.81152292913712e-05,1.44137458254352e-06
"centered_gamma05_phi050_N64_M8_Q8","centered_gamma05_phi050_N64","centered_gamma05","Centered Gamma(1/2)",0.5,64,8,8,"K_asym_full_minus_K_leading",-0.0085,0.000290307324715426,-0.0209589593402253,5.1664027771444e-05
"centered_gamma05_phi050_N64_M8_Q8","centered_gamma05_phi050_N64","centered_gamma05","Centered Gamma(1/2)",0.5,64,8,8,"V_oracle_minus_V_feasible",0.00535,0.00029868824407176,0.000308093824167951,0.000145297184053524
"centered_gamma05_phi050_N64_M8_Q8","centered_gamma05_phi050_N64","centered_gamma05","Centered Gamma(1/2)",0.5,64,8,8,"VK_asym_full_oracle_minus_VK_leading_oracle",-0.00748,0.00027247245441032,-0.0221314539879348,5.49492960845008e-05
"centered_gamma05_phi050_N64_M8_Q8","centered_gamma05_phi050_N64","centered_gamma05","Centered Gamma(1/2)",0.5,64,8,8,"VK_asym_full_oracle_minus_VK_asym_full_feasible",0.00385,0.000267492972851448,-0.00178723231746326,0.000150474049044532
"centered_gamma05_phi050_N64_M8_Q8","centered_gamma05_phi050_N64","centered_gamma05","Centered Gamma(1/2)",0.5,64,8,8,"VK_leading_oracle_minus_F_feasible_leading",0.00387,0.000257974604387651,-0.00275655529780962,0.000152469076969284
"centered_gamma05_phi050_N100_M10_Q10","centered_gamma05_phi050_N100","centered_gamma05","Centered Gamma(1/2)",0.5,100,10,10,"K_asym_full_minus_K_leading",-0.00511,0.000225475913112408,-0.0115323144777078,2.45558423264091e-05
"centered_gamma05_phi050_N100_M10_Q10","centered_gamma05_phi050_N100","centered_gamma05","Centered Gamma(1/2)",0.5,100,10,10,"V_oracle_minus_V_feasible",0.0034,0.000286505184686436,-0.004146351022433,0.000139852526920387
"centered_gamma05_phi050_N100_M10_Q10","centered_gamma05_phi050_N100","centered_gamma05","Centered Gamma(1/2)",0.5,100,10,10,"VK_asym_full_oracle_minus_VK_leading_oracle",-0.00465,0.000215137718316381,-0.0121797433473444,2.61206146537655e-05
"centered_gamma05_phi050_N100_M10_Q10","centered_gamma05_phi050_N100","centered_gamma05","Centered Gamma(1/2)",0.5,100,10,10,"VK_asym_full_oracle_minus_VK_asym_full_feasible",0.00281,0.000274994173061816,-0.0060690782285366,0.000146104588058046
"centered_gamma05_phi050_N100_M10_Q10","centered_gamma05_phi050_N100","centered_gamma05","Centered Gamma(1/2)",0.5,100,10,10,"VK_leading_oracle_minus_F_feasible_leading",0.00214,0.000266748787343364,-0.00671567515132313,0.00014801742460821
"centered_gamma05_phi050_N225_M15_Q15","centered_gamma05_phi050_N225","centered_gamma05","Centered Gamma(1/2)",0.5,225,15,15,"K_asym_full_minus_K_leading",-0.00223,0.000149165993124891,-0.00362984712276459,6.1177802955852e-06
"centered_gamma05_phi050_N225_M15_Q15","centered_gamma05_phi050_N225","centered_gamma05","Centered Gamma(1/2)",0.5,225,15,15,"V_oracle_minus_V_feasible",0.00107,0.000264743747598539,-0.00427256720267201,9.46298281272096e-05
"centered_gamma05_phi050_N225_M15_Q15","centered_gamma05_phi050_N225","centered_gamma05","Centered Gamma(1/2)",0.5,225,15,15,"VK_asym_full_oracle_minus_VK_leading_oracle",-0.002,0.000141280570504213,-0.00379392319056776,6.43642184924165e-06
"centered_gamma05_phi050_N225_M15_Q15","centered_gamma05_phi050_N225","centered_gamma05","Centered Gamma(1/2)",0.5,225,15,15,"VK_asym_full_oracle_minus_VK_asym_full_feasible",0.00079,0.000252773412256866,-0.00522201073431903,9.8700488129132e-05
"centered_gamma05_phi050_N225_M15_Q15","centered_gamma05_phi050_N225","centered_gamma05","Centered Gamma(1/2)",0.5,225,15,15,"VK_leading_oracle_minus_F_feasible_leading",0.00058,0.000251788145020173,-0.005409060790299,9.94616906058727e-05
"centered_gamma05_phi050_N400_M20_Q20","centered_gamma05_phi050_N400","centered_gamma05","Centered Gamma(1/2)",0.5,400,20,20,"K_asym_full_minus_K_leading",-0.00112,0.000105771299867586,-0.00154570494878849,2.18302823211164e-06
"centered_gamma05_phi050_N400_M20_Q20","centered_gamma05_phi050_N400","centered_gamma05","Centered Gamma(1/2)",0.5,400,20,20,"V_oracle_minus_V_feasible",0.00115,0.000263983847753454,-0.00373416856678409,8.20701390446485e-05
"centered_gamma05_phi050_N400_M20_Q20","centered_gamma05_phi050_N400","centered_gamma05","Centered Gamma(1/2)",0.5,400,20,20,"VK_asym_full_oracle_minus_VK_leading_oracle",-0.00118,0.000108564238411821,-0.00160102388206403,2.27427243039048e-06
"centered_gamma05_phi050_N400_M20_Q20","centered_gamma05_phi050_N400","centered_gamma05","Centered Gamma(1/2)",0.5,400,20,20,"VK_asym_full_oracle_minus_VK_asym_full_feasible",0.00115,0.000257074767089963,-0.00433754030761874,8.49830208399807e-05
"centered_gamma05_phi050_N400_M20_Q20","centered_gamma05_phi050_N400","centered_gamma05","Centered Gamma(1/2)",0.5,400,20,20,"VK_leading_oracle_minus_F_feasible_leading",0.00134,0.00025530902026164,-0.00442074935384452,8.53690003086493e-05
"centered_gamma05_phi050_N1024_M32_Q32","centered_gamma05_phi050_N1024","centered_gamma05","Centered Gamma(1/2)",0.5,1024,32,32,"K_asym_full_minus_K_leading",-4e-04,6.32332189944482e-05,-0.000374239709492827,3.98351555271449e-07
"centered_gamma05_phi050_N1024_M32_Q32","centered_gamma05_phi050_N1024","centered_gamma05","Centered Gamma(1/2)",0.5,1024,32,32,"V_oracle_minus_V_feasible",0.00057,0.000202724349725482,-0.00101272677661495,3.29698110731286e-05
"centered_gamma05_phi050_N1024_M32_Q32","centered_gamma05_phi050_N1024","centered_gamma05","Centered Gamma(1/2)",0.5,1024,32,32,"VK_asym_full_oracle_minus_VK_leading_oracle",-0.00042,6.47941199707182e-05,-0.000382836772087578,4.09112709834922e-07
"centered_gamma05_phi050_N1024_M32_Q32","centered_gamma05_phi050_N1024","centered_gamma05","Centered Gamma(1/2)",0.5,1024,32,32,"VK_asym_full_oracle_minus_VK_asym_full_feasible",5e-05,0.000208567519053423,-0.00112645051954624,3.37600624312399e-05
"centered_gamma05_phi050_N1024_M32_Q32","centered_gamma05_phi050_N1024","centered_gamma05","Centered Gamma(1/2)",0.5,1024,32,32,"VK_leading_oracle_minus_F_feasible_leading",0.00015,0.000205670119370754,-0.00113550707564795,3.38213361155486e-05
"centered_gamma05_phi080_N64_M8_Q8","centered_gamma05_phi080_N64","centered_gamma05","Centered Gamma(1/2)",0.8,64,8,8,"K_asym_full_minus_K_leading",-0.05931,0.000746946328920748,-0.132342491208704,0.000336109215137452
"centered_gamma05_phi080_N64_M8_Q8","centered_gamma05_phi080_N64","centered_gamma05","Centered Gamma(1/2)",0.8,64,8,8,"V_oracle_minus_V_feasible",0.05115,0.000696664645590893,0.15106316324043,0.000339439738788439
"centered_gamma05_phi080_N64_M8_Q8","centered_gamma05_phi080_N64","centered_gamma05","Centered Gamma(1/2)",0.8,64,8,8,"VK_asym_full_oracle_minus_VK_leading_oracle",-0.04356,0.000645468380553457,-0.157235521585103,0.000407867868426394
"centered_gamma05_phi080_N64_M8_Q8","centered_gamma05_phi080_N64","centered_gamma05","Centered Gamma(1/2)",0.8,64,8,8,"VK_asym_full_oracle_minus_VK_asym_full_feasible",0.05489,0.000720261110126507,0.147049837331875,0.000328289547518172
"centered_gamma05_phi080_N64_M8_Q8","centered_gamma05_phi080_N64","centered_gamma05","Centered Gamma(1/2)",0.8,64,8,8,"VK_leading_oracle_minus_F_feasible_leading",0.04538,0.000658187578209192,0.157934813322423,0.00035984140618441
"centered_gamma05_phi080_N100_M10_Q10","centered_gamma05_phi080_N100","centered_gamma05","Centered Gamma(1/2)",0.8,100,10,10,"K_asym_full_minus_K_leading",-0.03683,0.000595599746801981,-0.081260131994008,0.000177226193068344
"centered_gamma05_phi080_N100_M10_Q10","centered_gamma05_phi080_N100","centered_gamma05","Centered Gamma(1/2)",0.8,100,10,10,"V_oracle_minus_V_feasible",0.03798,0.000604465755678928,0.105826548234272,0.000190647921371208
"centered_gamma05_phi080_N100_M10_Q10","centered_gamma05_phi080_N100","centered_gamma05","Centered Gamma(1/2)",0.8,100,10,10,"VK_asym_full_oracle_minus_VK_leading_oracle",-0.02817,0.000523227721620794,-0.097885404473505,0.000218330847925619
"centered_gamma05_phi080_N100_M10_Q10","centered_gamma05_phi080_N100","centered_gamma05","Centered Gamma(1/2)",0.8,100,10,10,"VK_asym_full_oracle_minus_VK_asym_full_feasible",0.03916,0.000613407455682654,0.104516291185789,0.000187760170734252
"centered_gamma05_phi080_N100_M10_Q10","centered_gamma05_phi080_N100","centered_gamma05","Centered Gamma(1/2)",0.8,100,10,10,"VK_leading_oracle_minus_F_feasible_leading",0.03425,0.000575128405425108,0.111179740379348,0.000202820428603605
"centered_gamma05_phi080_N225_M15_Q15","centered_gamma05_phi080_N225","centered_gamma05","Centered Gamma(1/2)",0.8,225,15,15,"K_asym_full_minus_K_leading",-0.0156,0.000391877449822463,-0.0295017278149697,4.97682562253614e-05
"centered_gamma05_phi080_N225_M15_Q15","centered_gamma05_phi080_N225","centered_gamma05","Centered Gamma(1/2)",0.8,225,15,15,"V_oracle_minus_V_feasible",0.01959,0.000438251343001247,0.0440596354685442,5.64522345670739e-05
"centered_gamma05_phi080_N225_M15_Q15","centered_gamma05_phi080_N225","centered_gamma05","Centered Gamma(1/2)",0.8,225,15,15,"VK_asym_full_oracle_minus_VK_leading_oracle",-0.01157,0.000338175242477841,-0.0345847043640543,5.9734274536809e-05
"centered_gamma05_phi080_N225_M15_Q15","centered_gamma05_phi080_N225","centered_gamma05","Centered Gamma(1/2)",0.8,225,15,15,"VK_asym_full_oracle_minus_VK_asym_full_feasible",0.01968,0.000439236730350563,0.0443215472704643,5.68204803166504e-05
"centered_gamma05_phi080_N225_M15_Q15","centered_gamma05_phi080_N225","centered_gamma05","Centered Gamma(1/2)",0.8,225,15,15,"VK_leading_oracle_minus_F_feasible_leading",0.01781,0.000418246085812985,0.0457575484975304,5.88458215108119e-05
"centered_gamma05_phi080_N1024_M32_Q32","centered_gamma05_phi080_N1024","centered_gamma05","Centered Gamma(1/2)",0.8,1024,32,32,"K_asym_full_minus_K_leading",-0.00237,0.000153766275368412,-0.00343212052134749,3.66850363147344e-06
"centered_gamma05_phi080_N1024_M32_Q32","centered_gamma05_phi080_N1024","centered_gamma05","Centered Gamma(1/2)",0.8,1024,32,32,"V_oracle_minus_V_feasible",0.00341,0.000187574174237043,0.00344683111261119,2.64040604817195e-05
"centered_gamma05_phi080_N1024_M32_Q32","centered_gamma05_phi080_N1024","centered_gamma05","Centered Gamma(1/2)",0.8,1024,32,32,"VK_asym_full_oracle_minus_VK_leading_oracle",-0.00213,0.000145790409658645,-0.00371848634476467,4.03364225602037e-06
"centered_gamma05_phi080_N1024_M32_Q32","centered_gamma05_phi080_N1024","centered_gamma05","Centered Gamma(1/2)",0.8,1024,32,32,"VK_asym_full_oracle_minus_VK_asym_full_feasible",0.00347,0.000191781017829158,0.00344445649125841,2.68105087008439e-05
"centered_gamma05_phi080_N1024_M32_Q32","centered_gamma05_phi080_N1024","centered_gamma05","Centered Gamma(1/2)",0.8,1024,32,32,"VK_leading_oracle_minus_F_feasible_leading",0.00296,0.000177518165625356,0.00344152390991797,2.70843784812972e-05
"student_t5_phi080_N4096_M16_Q256","student_t5_phi080_N4096","student_t5","Standardized t(5)",0.8,4096,16,256,"K_asym_full_minus_K_leading",-0.00086,9.26967633032528e-05,-0.00037438259412415,1.36789825322775e-07
"student_t5_phi080_N4096_M16_Q256","student_t5_phi080_N4096","student_t5","Standardized t(5)",0.8,4096,16,256,"V_oracle_minus_V_feasible",0.01335,0.000362931249950899,0.00998497334217723,3.7757196289706e-06
"student_t5_phi080_N4096_M16_Q256","student_t5_phi080_N4096","student_t5","Standardized t(5)",0.8,4096,16,256,"VK_asym_full_oracle_minus_VK_leading_oracle",-0.00054,7.3465216064337e-05,-0.000440409601430958,1.64832863597273e-07
"student_t5_phi080_N4096_M16_Q256","student_t5_phi080_N4096","student_t5","Standardized t(5)",0.8,4096,16,256,"VK_asym_full_oracle_minus_VK_asym_full_feasible",0.01331,0.000362394470566982,0.00999086422326327,3.77825488465472e-06
"student_t5_phi080_N4096_M16_Q256","student_t5_phi080_N4096","student_t5","Standardized t(5)",0.8,4096,16,256,"VK_leading_oracle_minus_F_feasible_leading",0.01318,0.000360644113554854,0.0100146708110752,3.78850956614157e-06
"student_t5_phi080_N4096_M64_Q64","student_t5_phi080_N4096","student_t5","Standardized t(5)",0.8,4096,64,64,"K_asym_full_minus_K_leading",-0.00049,6.9983197815474e-05,-0.000442083525645436,2.96281010103396e-07
"student_t5_phi080_N4096_M64_Q64","student_t5_phi080_N4096","student_t5","Standardized t(5)",0.8,4096,64,64,"V_oracle_minus_V_feasible",8e-04,0.000111327103336247,0.000419905715611228,6.20774990888321e-06
"student_t5_phi080_N4096_M64_Q64","student_t5_phi080_N4096","student_t5","Standardized t(5)",0.8,4096,64,64,"VK_asym_full_oracle_minus_VK_leading_oracle",-0.00049,6.9983197815474e-05,-0.000459451192402653,3.09783757923845e-07
"student_t5_phi080_N4096_M64_Q64","student_t5_phi080_N4096","student_t5","Standardized t(5)",0.8,4096,64,64,"VK_asym_full_oracle_minus_VK_asym_full_feasible",0.00061,9.32543080166254e-05,0.000419544143340621,6.27114675118386e-06
"student_t5_phi080_N4096_M64_Q64","student_t5_phi080_N4096","student_t5","Standardized t(5)",0.8,4096,64,64,"VK_leading_oracle_minus_F_feasible_leading",0.00056,9.16348621949075e-05,0.00041943090017337,6.28732485143093e-06
"student_t5_phi080_N4096_M256_Q16","student_t5_phi080_N4096","student_t5","Standardized t(5)",0.8,4096,256,16,"K_asym_full_minus_K_leading",-0.00064,7.99747957776673e-05,-0.000492723868196644,6.94990486050575e-07
"student_t5_phi080_N4096_M256_Q16","student_t5_phi080_N4096","student_t5","Standardized t(5)",0.8,4096,256,16,"V_oracle_minus_V_feasible",2e-04,4.69001278912964e-05,8.8937577210568e-05,1.377031776699e-06
"student_t5_phi080_N4096_M256_Q16","student_t5_phi080_N4096","student_t5","Standardized t(5)",0.8,4096,256,16,"VK_asym_full_oracle_minus_VK_leading_oracle",-0.00059,7.67891787023384e-05,-0.000496944674080125,7.01914098181579e-07
"student_t5_phi080_N4096_M256_Q16","student_t5_phi080_N4096","student_t5","Standardized t(5)",0.8,4096,256,16,"VK_asym_full_oracle_minus_VK_asym_full_feasible",0.00024,5.47672711985904e-05,8.76313372279534e-05,1.44557920674092e-06
"student_t5_phi080_N4096_M256_Q16","student_t5_phi080_N4096","student_t5","Standardized t(5)",0.8,4096,256,16,"VK_leading_oracle_minus_F_feasible_leading",2e-04,4.89859571330393e-05,8.75326055137265e-05,1.44947091051977e-06
"student_t5_phi050_N64_M8_Q8","student_t5_phi050_N64","student_t5","Standardized t(5)",0.5,64,8,8,"K_asym_full_minus_K_leading",-0.00935,0.000304346350835709,-0.0236574007143479,5.33742822580128e-05
"student_t5_phi050_N64_M8_Q8","student_t5_phi050_N64","student_t5","Standardized t(5)",0.5,64,8,8,"V_oracle_minus_V_feasible",0.00662,0.000309132191185448,0.000840935064932185,0.000157145657581636
"student_t5_phi050_N64_M8_Q8","student_t5_phi050_N64","student_t5","Standardized t(5)",0.5,64,8,8,"VK_asym_full_oracle_minus_VK_leading_oracle",-0.00867,0.00029317088957075,-0.0250158140000809,5.69916654669925e-05
"student_t5_phi050_N64_M8_Q8","student_t5_phi050_N64","student_t5","Standardized t(5)",0.5,64,8,8,"VK_asym_full_oracle_minus_VK_asym_full_feasible",0.00535,0.000283574644751239,-0.00122197394674621,0.000162387466647671
"student_t5_phi050_N64_M8_Q8","student_t5_phi050_N64","student_t5","Standardized t(5)",0.5,64,8,8,"VK_leading_oracle_minus_F_feasible_leading",0.00517,0.000277188526701221,-0.00231950536807032,0.000164671756525326
"student_t5_phi050_N100_M10_Q10","student_t5_phi050_N100","student_t5","Standardized t(5)",0.5,100,10,10,"K_asym_full_minus_K_leading",-0.00603,0.000244820322624376,-0.0129361534394173,2.56786913213668e-05
"student_t5_phi050_N100_M10_Q10","student_t5_phi050_N100","student_t5","Standardized t(5)",0.5,100,10,10,"V_oracle_minus_V_feasible",0.0039,0.000301742954330511,-0.00418430264527993,0.000146890585731853
"student_t5_phi050_N100_M10_Q10","student_t5_phi050_N100","student_t5","Standardized t(5)",0.5,100,10,10,"VK_asym_full_oracle_minus_VK_leading_oracle",-0.00499,0.000222826155365467,-0.0136764084250487,2.74026598121887e-05
"student_t5_phi050_N100_M10_Q10","student_t5_phi050_N100","student_t5","Standardized t(5)",0.5,100,10,10,"VK_asym_full_oracle_minus_VK_asym_full_feasible",0.00379,0.000281348805882495,-0.00609062974636461,0.000153148829269758
"student_t5_phi050_N100_M10_Q10","student_t5_phi050_N100","student_t5","Standardized t(5)",0.5,100,10,10,"VK_leading_oracle_minus_F_feasible_leading",0.00325,0.000277840146399813,-0.00681838036809648,0.000155308010756914
"student_t5_phi050_N225_M15_Q15","student_t5_phi050_N225","student_t5","Standardized t(5)",0.5,225,15,15,"K_asym_full_minus_K_leading",-0.00237,0.000153766275368412,-0.00403617495123811,6.44030818726013e-06
"student_t5_phi050_N225_M15_Q15","student_t5_phi050_N225","student_t5","Standardized t(5)",0.5,225,15,15,"V_oracle_minus_V_feasible",0.00185,0.000265455230999121,-0.00408471853294602,9.72842571930909e-05
"student_t5_phi050_N225_M15_Q15","student_t5_phi050_N225","student_t5","Standardized t(5)",0.5,225,15,15,"VK_asym_full_oracle_minus_VK_leading_oracle",-0.00206,0.000143379808821521,-0.00422125289634621,6.7908225014665e-06
"student_t5_phi050_N225_M15_Q15","student_t5_phi050_N225","student_t5","Standardized t(5)",0.5,225,15,15,"VK_asym_full_oracle_minus_VK_asym_full_feasible",0.00163,0.000254310986276208,-0.00501610289159342,0.000101318692263469
"student_t5_phi050_N225_M15_Q15","student_t5_phi050_N225","student_t5","Standardized t(5)",0.5,225,15,15,"VK_leading_oracle_minus_F_feasible_leading",0.00139,0.000246741337867975,-0.00522187789818792,0.000102160905450403
"student_t5_phi050_N400_M20_Q20","student_t5_phi050_N400","student_t5","Standardized t(5)",0.5,400,20,20,"K_asym_full_minus_K_leading",-0.00132,0.000114815973745286,-0.00172042761999225,2.3289648247591e-06
"student_t5_phi050_N400_M20_Q20","student_t5_phi050_N400","student_t5","Standardized t(5)",0.5,400,20,20,"V_oracle_minus_V_feasible",0.00121,0.000267368797470345,-0.00366194766948325,8.39972202791084e-05
"student_t5_phi050_N400_M20_Q20","student_t5_phi050_N400","student_t5","Standardized t(5)",0.5,400,20,20,"VK_asym_full_oracle_minus_VK_leading_oracle",-0.00112,0.000105771299867586,-0.00178276432766706,2.42969657628815e-06
"student_t5_phi050_N400_M20_Q20","student_t5_phi050_N400","student_t5","Standardized t(5)",0.5,400,20,20,"VK_asym_full_oracle_minus_VK_asym_full_feasible",0.00089,0.000255915482000092,-0.00425917704758738,8.68966684956907e-05
"student_t5_phi050_N400_M20_Q20","student_t5_phi050_N400","student_t5","Standardized t(5)",0.5,400,20,20,"VK_leading_oracle_minus_F_feasible_leading",0.00091,0.000257084382885852,-0.00435100365087021,8.73237865020227e-05
"student_t5_phi050_N1024_M32_Q32","student_t5_phi050_N1024","student_t5","Standardized t(5)",0.5,1024,32,32,"K_asym_full_minus_K_leading",-0.00042,6.47941199707182e-05,-0.000414157055476045,4.24838031733075e-07
"student_t5_phi050_N1024_M32_Q32","student_t5_phi050_N1024","student_t5","Standardized t(5)",0.5,1024,32,32,"V_oracle_minus_V_feasible",0.00072,0.000206386147675709,-0.00106151259286661,3.30422002908577e-05
"student_t5_phi050_N1024_M32_Q32","student_t5_phi050_N1024","student_t5","Standardized t(5)",0.5,1024,32,32,"VK_asym_full_oracle_minus_VK_leading_oracle",-0.00039,6.2438113241672e-05,-0.000423767468766869,4.36681799635802e-07
"student_t5_phi050_N1024_M32_Q32","student_t5_phi050_N1024","student_t5","Standardized t(5)",0.5,1024,32,32,"VK_asym_full_oracle_minus_VK_asym_full_feasible",0.00062,0.00020735618140258,-0.00117522793974956,3.38256565831818e-05
"student_t5_phi050_N1024_M32_Q32","student_t5_phi050_N1024","student_t5","Standardized t(5)",0.5,1024,32,32,"VK_leading_oracle_minus_F_feasible_leading",0.00069,0.000209512954150285,-0.00118526317789795,3.38929555870388e-05
"student_t5_phi050_N4096_M16_Q256","student_t5_phi050_N4096","student_t5","Standardized t(5)",0.5,4096,16,256,"K_asym_full_minus_K_leading",-0.00011,3.31645895331148e-05,-4.63791687700334e-05,1.69239599707408e-08
"student_t5_phi050_N4096_M16_Q256","student_t5_phi050_N4096","student_t5","Standardized t(5)",0.5,4096,16,256,"V_oracle_minus_V_feasible",0.00021,0.000121242344076069,-5.07349980938111e-06,7.05198189191712e-06
"student_t5_phi050_N4096_M16_Q256","student_t5_phi050_N4096","student_t5","Standardized t(5)",0.5,4096,16,256,"VK_asym_full_oracle_minus_VK_leading_oracle",-0.00011,3.31645895331148e-05,-4.85013703352932e-05,1.78345144919046e-08
"student_t5_phi050_N4096_M16_Q256","student_t5_phi050_N4096","student_t5","Standardized t(5)",0.5,4096,16,256,"VK_asym_full_oracle_minus_VK_asym_full_feasible",0.00017,0.000115324949592185,-5.94380873469325e-06,7.06998543156584e-06
"student_t5_phi050_N4096_M16_Q256","student_t5_phi050_N4096","student_t5","Standardized t(5)",0.5,4096,16,256,"VK_leading_oracle_minus_F_feasible_leading",0.00016,0.000116618523394871,-6.10219960905751e-06,7.07324657898823e-06
"student_t5_phi050_N4096_M64_Q64","student_t5_phi050_N4096","student_t5","Standardized t(5)",0.5,4096,64,64,"K_asym_full_minus_K_leading",-5e-05,2.23602325524579e-05,-5.01186193859027e-05,3.423257905099e-08
"student_t5_phi050_N4096_M64_Q64","student_t5_phi050_N4096","student_t5","Standardized t(5)",0.5,4096,64,64,"V_oracle_minus_V_feasible",0.00021,0.000129227419680422,-0.000117675820181903,6.44491595585888e-06
"student_t5_phi050_N4096_M64_Q64","student_t5_phi050_N4096","student_t5","Standardized t(5)",0.5,4096,64,64,"VK_asym_full_oracle_minus_VK_leading_oracle",-6e-05,2.44942850416173e-05,-5.06855109048217e-05,3.46788233618554e-08
"student_t5_phi050_N4096_M64_Q64","student_t5_phi050_N4096","student_t5","Standardized t(5)",0.5,4096,64,64,"VK_asym_full_oracle_minus_VK_asym_full_feasible",3e-05,0.000116190042608048,-0.000124114930587469,6.52347057480786e-06
"student_t5_phi050_N4096_M64_Q64","student_t5_phi050_N4096","student_t5","Standardized t(5)",0.5,4096,64,64,"VK_leading_oracle_minus_F_feasible_leading",-1e-05,0.000117047580074771,-0.000124379123230357,6.52664966476301e-06
"student_t5_phi050_N4096_M256_Q16","student_t5_phi050_N4096","student_t5","Standardized t(5)",0.5,4096,256,16,"K_asym_full_minus_K_leading",-0.00013,3.6053349337336e-05,-5.47177367990099e-05,7.73855738317157e-08
"student_t5_phi050_N4096_M256_Q16","student_t5_phi050_N4096","student_t5","Standardized t(5)",0.5,4096,256,16,"V_oracle_minus_V_feasible",2e-05,5.83097761983358e-05,-2.7741589872994e-05,1.48824176036992e-06
"student_t5_phi050_N4096_M256_Q16","student_t5_phi050_N4096","student_t5","Standardized t(5)",0.5,4096,256,16,"VK_asym_full_oracle_minus_VK_leading_oracle",-9e-05,2.99987999639984e-05,-5.48570123835674e-05,7.76141787698382e-08
"student_t5_phi050_N4096_M256_Q16","student_t5_phi050_N4096","student_t5","Standardized t(5)",0.5,4096,256,16,"VK_asym_full_oracle_minus_VK_asym_full_feasible",1e-04,5.83089529947159e-05,-3.45671488484995e-05,1.56573263334143e-06
"student_t5_phi050_N4096_M256_Q16","student_t5_phi050_N4096","student_t5","Standardized t(5)",0.5,4096,256,16,"VK_leading_oracle_minus_F_feasible_leading",1e-04,6.32450788551963e-05,-3.46421354663998e-05,1.56653740823287e-06
"student_t5_phi080_N64_M8_Q8","student_t5_phi080_N64","student_t5","Standardized t(5)",0.8,64,8,8,"K_asym_full_minus_K_leading",-0.05982,0.000749947531640049,-0.13724792774504,0.000319066324361045
"student_t5_phi080_N64_M8_Q8","student_t5_phi080_N64","student_t5","Standardized t(5)",0.8,64,8,8,"V_oracle_minus_V_feasible",0.05334,0.000710600797589572,0.154832514048162,0.0003066044713366
"student_t5_phi080_N64_M8_Q8","student_t5_phi080_N64","student_t5","Standardized t(5)",0.8,64,8,8,"VK_asym_full_oracle_minus_VK_leading_oracle",-0.04492,0.000655000936077394,-0.163576560822884,0.000390547861682742
"student_t5_phi080_N64_M8_Q8","student_t5_phi080_N64","student_t5","Standardized t(5)",0.8,64,8,8,"VK_asym_full_oracle_minus_VK_asym_full_feasible",0.05765,0.000737068658743592,0.150438961129324,0.000295062023000214
"student_t5_phi080_N64_M8_Q8","student_t5_phi080_N64","student_t5","Standardized t(5)",0.8,64,8,8,"VK_leading_oracle_minus_F_feasible_leading",0.04656,0.000666277797364607,0.162041364774255,0.000327087444277222
"student_t5_phi080_N100_M10_Q10","student_t5_phi080_N100","student_t5","Standardized t(5)",0.8,100,10,10,"K_asym_full_minus_K_leading",-0.03804,0.00060492416329027,-0.0839219606719133,0.000171758474477159
"student_t5_phi080_N100_M10_Q10","student_t5_phi080_N100","student_t5","Standardized t(5)",0.8,100,10,10,"V_oracle_minus_V_feasible",0.03943,0.00061543199345288,0.108031516662509,0.000174069451357376
"student_t5_phi080_N100_M10_Q10","student_t5_phi080_N100","student_t5","Standardized t(5)",0.8,100,10,10,"VK_asym_full_oracle_minus_VK_leading_oracle",-0.02718,0.000514213107720137,-0.101376446635951,0.000213474881346009
"student_t5_phi080_N100_M10_Q10","student_t5_phi080_N100","student_t5","Standardized t(5)",0.8,100,10,10,"VK_asym_full_oracle_minus_VK_asym_full_feasible",0.0409,0.000626319265836704,0.106555379229738,0.000170913587675421
"student_t5_phi080_N100_M10_Q10","student_t5_phi080_N100","student_t5","Standardized t(5)",0.8,100,10,10,"VK_leading_oracle_minus_F_feasible_leading",0.0333,0.000567374937006554,0.113599060817777,0.00018642444284698
"student_t5_phi080_N225_M15_Q15","student_t5_phi080_N225","student_t5","Standardized t(5)",0.8,225,15,15,"K_asym_full_minus_K_leading",-0.01564,0.000392371563131728,-0.0302610273346483,4.86653264218556e-05
"student_t5_phi080_N225_M15_Q15","student_t5_phi080_N225","student_t5","Standardized t(5)",0.8,225,15,15,"V_oracle_minus_V_feasible",0.01909,0.000432732702226115,0.0447490970869534,5.22600444778121e-05
"student_t5_phi080_N225_M15_Q15","student_t5_phi080_N225","student_t5","Standardized t(5)",0.8,225,15,15,"VK_asym_full_oracle_minus_VK_leading_oracle",-0.0116,0.000338608249390746,-0.0355572169442404,5.88485247355762e-05
"student_t5_phi080_N225_M15_Q15","student_t5_phi080_N225","student_t5","Standardized t(5)",0.8,225,15,15,"VK_asym_full_oracle_minus_VK_asym_full_feasible",0.01909,0.000432732702226115,0.0449957005255403,5.25940994773001e-05
"student_t5_phi080_N225_M15_Q15","student_t5_phi080_N225","student_t5","Standardized t(5)",0.8,225,15,15,"VK_leading_oracle_minus_F_feasible_leading",0.0173,0.000412321234097883,0.0465128749117003,5.46578216143627e-05
"student_t5_phi080_N400_M20_Q20","student_t5_phi080_N400","student_t5","Standardized t(5)",0.8,400,20,20,"K_asym_full_minus_K_leading",-0.00775,0.000277308752118356,-0.0137226205647863,1.84101668078187e-05
"student_t5_phi080_N400_M20_Q20","student_t5_phi080_N400","student_t5","Standardized t(5)",0.8,400,20,20,"V_oracle_minus_V_feasible",0.00831,0.000287071877937619,0.0154069128044942,5.08874056547265e-05
"student_t5_phi080_N400_M20_Q20","student_t5_phi080_N400","student_t5","Standardized t(5)",0.8,400,20,20,"VK_asym_full_oracle_minus_VK_leading_oracle",-0.00567,0.000237442782140767,-0.015599205118522,2.14601500934785e-05
"student_t5_phi080_N400_M20_Q20","student_t5_phi080_N400","student_t5","Standardized t(5)",0.8,400,20,20,"VK_asym_full_oracle_minus_VK_asym_full_feasible",0.0082,0.000285181369104177,0.0154778070688724,5.14869494593175e-05
"student_t5_phi080_N400_M20_Q20","student_t5_phi080_N400","student_t5","Standardized t(5)",0.8,400,20,20,"VK_leading_oracle_minus_F_feasible_leading",0.00765,0.000275527737542596,0.0155965364207595,5.2605052783974e-05
"student_t5_phi080_N1024_M32_Q32","student_t5_phi080_N1024","student_t5","Standardized t(5)",0.8,1024,32,32,"K_asym_full_minus_K_leading",-0.00261,0.000161344783991901,-0.00351655168742202,3.63819010671027e-06
"student_t5_phi080_N1024_M32_Q32","student_t5_phi080_N1024","student_t5","Standardized t(5)",0.8,1024,32,32,"V_oracle_minus_V_feasible",0.00295,0.000178922595367246,0.00346981695462601,2.6792140927784e-05
"student_t5_phi080_N1024_M32_Q32","student_t5_phi080_N1024","student_t5","Standardized t(5)",0.8,1024,32,32,"VK_asym_full_oracle_minus_VK_leading_oracle",-0.00213,0.000145790409658645,-0.00381272121303787,4.00943876449952e-06
"student_t5_phi080_N1024_M32_Q32","student_t5_phi080_N1024","student_t5","Standardized t(5)",0.8,1024,32,32,"VK_asym_full_oracle_minus_VK_asym_full_feasible",0.00313,0.000181114215410029,0.00346858299740204,2.71996990386042e-05
"student_t5_phi080_N1024_M32_Q32","student_t5_phi080_N1024","student_t5","Standardized t(5)",0.8,1024,32,32,"VK_leading_oracle_minus_F_feasible_leading",0.00309,0.000180568117474959,0.00346637827269014,2.74822935536058e-05
