"design_id","scenario_id_module","innovation_module","module","panel","series","phi_module","N_module","M_module","Q_module","x_order","alpha_nominal","C_nominal","note","innovation_label_module","dist_code","skewness","excess_kurtosis","assumption_status_module","severity_group_module","phi_label_module","alpha_effective","L_module","seed","scenario_id_result","innovation_result","innovation_label_result","assumption_status_result","severity_group_result","phi_result","phi_label_result","N_result","M_result","Q_result","L_result","B_point","B_CI","statistic","coverage","coverage_error","coverage_mcse","gaussian_paired_coverage_error","gaussian_paired_error_mcse","rejection","mean_statistic_finite","ci_subset_coverage","ci_subset_coverage_mcse","n_finite_lengths","mean_length","mean_length_mcse","sd_length","median_length","q25_length","q75_length","q90_length","q95_length","mean_component_length","normalized_mean_length","relative_mean_length_to_raw","disconnected_rate","nonregular_rate","interval_failure_rate","convex_failure_rate"
"gaussian_phi050_N64_M8_Q8","gaussian_phi050_N64","gaussian","regular_distribution_dependence","gaussian_phi_0.5","gaussian, phi = 0.5",0.5,64,8,8,64,0.5,NA,"Balanced distribution/dependence design","Gaussian",1,0,0,"inside formal moment assumptions","regular","phi = 0.5",0.5,4,2140086795,"gaussian_phi050_N64","gaussian","Gaussian","inside formal moment assumptions","regular",0.5,"phi = 0.5",64,8,8,4,100000,20000,"raw",0.8513,-0.0987,0.00112511470526342,-0.09838,0.000993188612619075,0.1487,2.02673952658195,0.85005,0.00252452963440717,20000,0.681536741717155,0.0013146097490365,0.18591389363153,0.674626082672711,0.551522341300691,0.802777269480435,0.923677533890547,0.999346329914532,0.681536741717155,0.811544308529973,1,0,0,0,0.01142
"gaussian_phi050_N64_M8_Q8","gaussian_phi050_N64","gaussian","regular_distribution_dependence","gaussian_phi_0.5","gaussian, phi = 0.5",0.5,64,8,8,64,0.5,NA,"Balanced distribution/dependence design","Gaussian",1,0,0,"inside formal moment assumptions","regular","phi = 0.5",0.5,4,2140086795,"gaussian_phi050_N64","gaussian","Gaussian","inside formal moment assumptions","regular",0.5,"phi = 0.5",64,8,8,4,100000,20000,"K_asym_full",0.86438,-0.0856199999999999,0.00108271517768987,-0.0853,0.000952600742431867,0.13562,1.85784456603346,0.863,0.00243136792773122,20000,0.710293560285201,0.00137153646172955,0.193964546546714,0.702987887103822,0.574472936689101,0.836539048136924,0.962842173813959,1.04195913468011,0.710293560285201,0.845786677300184,1.04219408405715,0,0,0,0.01142
"gaussian_phi050_N64_M8_Q8","gaussian_phi050_N64","gaussian","regular_distribution_dependence","gaussian_phi_0.5","gaussian, phi = 0.5",0.5,64,8,8,64,0.5,NA,"Balanced distribution/dependence design","Gaussian",1,0,0,"inside formal moment assumptions","regular","phi = 0.5",0.5,4,2140086795,"gaussian_phi050_N64","gaussian","Gaussian","inside formal moment assumptions","regular",0.5,"phi = 0.5",64,8,8,4,100000,20000,"K_leading",0.88136,-0.0686399999999999,0.00102256809259824,-0.06832,0.0009011836091047,0.11864,1.64672586534784,0.87985,0.00229906478268882,20000,0.751756031591543,0.00145397754622,0.205623476525028,0.743938549002559,0.607883963835545,0.885451932022185,1.0186656752147,1.10345738069154,0.751756031591543,0.895158384717557,1.10303082075585,0,0,0,0.01142
"gaussian_phi050_N64_M8_Q8","gaussian_phi050_N64","gaussian","regular_distribution_dependence","gaussian_phi_0.5","gaussian, phi = 0.5",0.5,64,8,8,64,0.5,NA,"Balanced distribution/dependence design","Gaussian",1,0,0,"inside formal moment assumptions","regular","phi = 0.5",0.5,4,2140086795,"gaussian_phi050_N64","gaussian","Gaussian","inside formal moment assumptions","regular",0.5,"phi = 0.5",64,8,8,4,100000,20000,"V_oracle",0.87537,-0.07463,0.00104449683149352,-0.07431,0.000919287055215562,0.12463,1.72623226964859,0.87385,0.00234772419057265,20000,0.735329875265007,0.00142126475582423,0.200997189340951,0.727528761577237,0.594680505758917,0.866134018173481,0.996704692709444,1.07924018654038,0.735329875265007,0.875598832221184,1.07892917616198,0,0,0,0.01142
"gaussian_phi050_N64_M8_Q8","gaussian_phi050_N64","gaussian","regular_distribution_dependence","gaussian_phi_0.5","gaussian, phi = 0.5",0.5,64,8,8,64,0.5,NA,"Balanced distribution/dependence design","Gaussian",1,0,0,"inside formal moment assumptions","regular","phi = 0.5",0.5,4,2140086795,"gaussian_phi050_N64","gaussian","Gaussian","inside formal moment assumptions","regular",0.5,"phi = 0.5",64,8,8,4,100000,20000,"V_feasible",0.86867,-0.0813299999999999,0.00106809377444118,-0.08101,0.000956495137378899,0.13133,1.80259752604213,0.86715,0.00240000914060759,20000,0.734050684836774,0.00154317127546343,0.218237374682496,0.726066075329856,0.581389070451977,0.876500361380584,1.0177100043502,1.10555189277475,0.734050684836774,0.874075627897757,1.07705225544746,0,0,0,0.01142
"gaussian_phi050_N64_M8_Q8","gaussian_phi050_N64","gaussian","regular_distribution_dependence","gaussian_phi_0.5","gaussian, phi = 0.5",0.5,64,8,8,64,0.5,NA,"Balanced distribution/dependence design","Gaussian",1,0,0,"inside formal moment assumptions","regular","phi = 0.5",0.5,4,2140086795,"gaussian_phi050_N64","gaussian","Gaussian","inside formal moment assumptions","regular",0.5,"phi = 0.5",64,8,8,4,100000,20000,"VK_asym_full_oracle",0.88699,-0.06301,0.00100119298788995,-0.06269,0.000881820511824346,0.11301,1.58237958051121,0.8852,0.00225411800933314,20000,0.765858066037323,0.00148211740129876,0.209603052994587,0.758016289352,0.619183437785307,0.902192986898942,1.0382612965809,1.12478307809229,0.765858066037323,0.911950473966233,1.12372234563278,0,0,0,0.01142
"gaussian_phi050_N64_M8_Q8","gaussian_phi050_N64","gaussian","regular_distribution_dependence","gaussian_phi_0.5","gaussian, phi = 0.5",0.5,64,8,8,64,0.5,NA,"Balanced distribution/dependence design","Gaussian",1,0,0,"inside formal moment assumptions","regular","phi = 0.5",0.5,4,2140086795,"gaussian_phi050_N64","gaussian","Gaussian","inside formal moment assumptions","regular",0.5,"phi = 0.5",64,8,8,4,100000,20000,"VK_leading_oracle",0.90145,-0.04855,0.000942538580112241,-0.04823,0.000837523543225416,0.09855,1.40256371908948,0.90025,0.00211896127265224,20000,0.809716440389474,0.00156996920545936,0.222027174286873,0.80086412663412,0.654832095982302,0.954071237907053,1.09785592485432,1.18988042844956,0.809716440389474,0.96417511852052,1.18807452456542,0,0,0,0.01142
"gaussian_phi050_N64_M8_Q8","gaussian_phi050_N64","gaussian","regular_distribution_dependence","gaussian_phi_0.5","gaussian, phi = 0.5",0.5,64,8,8,64,0.5,NA,"Balanced distribution/dependence design","Gaussian",1,0,0,"inside formal moment assumptions","regular","phi = 0.5",0.5,4,2140086795,"gaussian_phi050_N64","gaussian","Gaussian","inside formal moment assumptions","regular",0.5,"phi = 0.5",64,8,8,4,100000,20000,"VK_asym_full_feasible",0.8811,-0.0689,0.00102353695585455,-0.06858,0.000915628865732289,0.1189,1.65238106553862,0.8802,0.00229617028985221,20000,0.765813033136898,0.00160802292528424,0.227408782954382,0.757460873844776,0.606639830688089,0.914178137761709,1.06154543138475,1.15405361313053,0.765813033136898,0.911896850747118,1.12365627010424,0,0,0,0.01142
"gaussian_phi050_N64_M8_Q8","gaussian_phi050_N64","gaussian","regular_distribution_dependence","gaussian_phi_0.5","gaussian, phi = 0.5",0.5,64,8,8,64,0.5,NA,"Balanced distribution/dependence design","Gaussian",1,0,0,"inside formal moment assumptions","regular","phi = 0.5",0.5,4,2140086795,"gaussian_phi050_N64","gaussian","Gaussian","inside formal moment assumptions","regular",0.5,"phi = 0.5",64,8,8,4,100000,20000,"F_feasible_leading",0.89645,-0.05355,0.000963469758217662,-0.05323,0.000869697208649279,0.10355,1.46461048990923,0.8947,0.00217039063304282,20000,0.811544650248529,0.00170112783951997,0.240575806197958,0.802674544720616,0.643144807187218,0.968503661816293,1.12469261539691,1.22192919616258,0.811544650248529,0.966352071302517,1.190757006297,0,0,0,0.01142
"gaussian_phi050_N4096_M64_Q64","gaussian_phi050_N4096","gaussian","regular_distribution_dependence","gaussian_phi_0.5","gaussian, phi = 0.5",0.5,4096,64,64,4096,0.5,NA,"Balanced distribution/dependence design","Gaussian",1,0,0,"inside formal moment assumptions","regular","phi = 0.5",0.5,17,1877131599,"gaussian_phi050_N4096","gaussian","Gaussian","inside formal moment assumptions","regular",0.5,"phi = 0.5",4096,64,64,17,100000,20000,"V_oracle",0.94647,-0.00352999999999992,0.000711790271779546,-0.00314,0.000410491277655068,0.05353,1.03776354865385,0.9453,0.00160791650902651,20000,0.10607556822232,6.72485961875941e-05,0.00951038767790472,0.106012849920338,0.0995085061014322,0.112499471320281,0.118296989732635,0.121880365983374,0.10607556822232,1.00006291840903,1.0106906810227,0,0,0,0
"gaussian_phi050_N4096_M64_Q64","gaussian_phi050_N4096","gaussian","regular_distribution_dependence","gaussian_phi_0.5","gaussian, phi = 0.5",0.5,4096,64,64,4096,0.5,NA,"Balanced distribution/dependence design","Gaussian",1,0,0,"inside formal moment assumptions","regular","phi = 0.5",0.5,17,1877131599,"gaussian_phi050_N4096","gaussian","Gaussian","inside formal moment assumptions","regular",0.5,"phi = 0.5",4096,64,64,17,100000,20000,"raw",0.94372,-0.00627999999999995,0.000728783655140536,-0.00589,0.000417558166664509,0.05628,1.05949862297739,0.94285,0.00164139997410747,20000,0.104953543367972,6.65266476058983e-05,0.0094082887303477,0.104890359407834,0.0984608481821328,0.111307609775007,0.11704617821346,0.120591567752841,0.104953543367972,0.989484653600538,1,0,0,0,0
"gaussian_phi050_N4096_M64_Q64","gaussian_phi050_N4096","gaussian","regular_distribution_dependence","gaussian_phi_0.5","gaussian, phi = 0.5",0.5,4096,64,64,4096,0.5,NA,"Balanced distribution/dependence design","Gaussian",1,0,0,"inside formal moment assumptions","regular","phi = 0.5",0.5,17,1877131599,"gaussian_phi050_N4096","gaussian","Gaussian","inside formal moment assumptions","regular",0.5,"phi = 0.5",4096,64,64,17,100000,20000,"K_asym_full",0.94662,-0.00337999999999994,0.000710848616795447,-0.00299,0.000410380656370194,0.05338,1.03639106837469,0.9455,0.00160514407453038,20000,0.106147632870317,6.72949834985334e-05,0.00951694783432995,0.106084712178341,0.099575490525028,0.112576291532546,0.118376464299781,0.121963519566645,0.106147632870317,1.000742331995,1.01137731480069,0,0,0,0
"gaussian_phi050_N4096_M64_Q64","gaussian_phi050_N4096","gaussian","regular_distribution_dependence","gaussian_phi_0.5","gaussian, phi = 0.5",0.5,4096,64,64,4096,0.5,NA,"Balanced distribution/dependence design","Gaussian",1,0,0,"inside formal moment assumptions","regular","phi = 0.5",0.5,17,1877131599,"gaussian_phi050_N4096","gaussian","Gaussian","inside formal moment assumptions","regular",0.5,"phi = 0.5",4096,64,64,17,100000,20000,"K_leading",0.94678,-0.00322,0.000709842458577958,-0.00283,0.000409416154072934,0.05322,1.03466662400135,0.94565,0.00160306078331422,20000,0.106238386577035,6.73534040078399e-05,0.00952520974198815,0.10617473063791,0.0996602242000278,0.112672757966782,0.118478083566477,0.122068240019259,0.106238386577035,1.0015979429365,1.01224201840007,0,0,0,0
"gaussian_phi050_N4096_M64_Q64","gaussian_phi050_N4096","gaussian","regular_distribution_dependence","gaussian_phi_0.5","gaussian, phi = 0.5",0.5,4096,64,64,4096,0.5,NA,"Balanced distribution/dependence design","Gaussian",1,0,0,"inside formal moment assumptions","regular","phi = 0.5",0.5,17,1877131599,"gaussian_phi050_N4096","gaussian","Gaussian","inside formal moment assumptions","regular",0.5,"phi = 0.5",4096,64,64,17,100000,20000,"VK_asym_full_feasible",0.94874,-0.00125999999999993,0.000697369431506716,-0.00087,0.000416045865189908,0.05126,1.01655811895425,0.94775,0.00157353006803175,20000,0.107403390543087,7.19963663212514e-05,0.0101818237693095,0.107271875303624,0.100322631323977,0.114235064489882,0.1205136492267,0.124416270253963,0.107403390543087,1.01258140770387,1.02334220547968,0,0,0,0
"gaussian_phi050_N4096_M64_Q64","gaussian_phi050_N4096","gaussian","regular_distribution_dependence","gaussian_phi_0.5","gaussian, phi = 0.5",0.5,4096,64,64,4096,0.5,NA,"Balanced distribution/dependence design","Gaussian",1,0,0,"inside formal moment assumptions","regular","phi = 0.5",0.5,17,1877131599,"gaussian_phi050_N4096","gaussian","Gaussian","inside formal moment assumptions","regular",0.5,"phi = 0.5",4096,64,64,17,100000,20000,"V_feasible",0.94616,-0.00383999999999995,0.00071373142287558,-0.00345,0.000422590535657873,0.05384,1.03922347468468,0.9455,0.00160514407453038,20000,0.106189756594876,7.11684461769043e-05,0.0100647381796398,0.106061156496337,0.0991943769777841,0.112943773559799,0.119153110033716,0.122984431034481,0.106189756594876,1.0011394675053,1.01177867070738,0,0,0,0
"gaussian_phi050_N4096_M64_Q64","gaussian_phi050_N4096","gaussian","regular_distribution_dependence","gaussian_phi_0.5","gaussian, phi = 0.5",0.5,4096,64,64,4096,0.5,NA,"Balanced distribution/dependence design","Gaussian",1,0,0,"inside formal moment assumptions","regular","phi = 0.5",0.5,17,1877131599,"gaussian_phi050_N4096","gaussian","Gaussian","inside formal moment assumptions","regular",0.5,"phi = 0.5",4096,64,64,17,100000,20000,"VK_asym_full_oracle",0.94871,-0.0012899999999999,0.000697562440932709,-9e-04,0.000405701301372647,0.0512899999999999,1.01513003375808,0.9479,0.00157139412624586,20000,0.107283080285439,6.80261609777859e-05,0.00962035194509602,0.107210946555298,0.100639302422544,0.113781626791544,0.11964677748842,0.1232833108741,0.107283080285439,1.01144714248715,1.02219588631991,0,0,0,0
"gaussian_phi050_N4096_M64_Q64","gaussian_phi050_N4096","gaussian","regular_distribution_dependence","gaussian_phi_0.5","gaussian, phi = 0.5",0.5,4096,64,64,4096,0.5,NA,"Balanced distribution/dependence design","Gaussian",1,0,0,"inside formal moment assumptions","regular","phi = 0.5",0.5,17,1877131599,"gaussian_phi050_N4096","gaussian","Gaussian","inside formal moment assumptions","regular",0.5,"phi = 0.5",4096,64,64,17,100000,20000,"VK_leading_oracle",0.94885,-0.00114999999999998,0.000696661162258957,-0.00076,0.000405210890720696,0.05115,1.01344096548228,0.94795,0.00157068134101096,20000,0.107374855002772,6.80852848735613e-05,0.00962871332662261,0.107302672314843,0.100724476154422,0.113878680936531,0.11974763921006,0.123390713901735,0.107374855002772,1.01231237934791,1.0230703181341,0,0,0,0
"gaussian_phi050_N4096_M64_Q64","gaussian_phi050_N4096","gaussian","regular_distribution_dependence","gaussian_phi_0.5","gaussian, phi = 0.5",0.5,4096,64,64,4096,0.5,NA,"Balanced distribution/dependence design","Gaussian",1,0,0,"inside formal moment assumptions","regular","phi = 0.5",0.5,17,1877131599,"gaussian_phi050_N4096","gaussian","Gaussian","inside formal moment assumptions","regular",0.5,"phi = 0.5",4096,64,64,17,100000,20000,"F_feasible_leading",0.9489,-0.00109999999999999,0.000696338926098491,-0.00071,0.000415808475102275,0.0511,1.01486667449676,0.9479,0.00157139412624586,20000,0.107495637243125,7.20593250034748e-05,0.0101907274715365,0.107365721600864,0.100409161179009,0.114333656732884,0.120617893765065,0.124521922924367,0.107495637243125,1.01345109433953,1.02422113435694,0,0,0,0
"gaussian_phi050_N1024_M32_Q32","gaussian_phi050_N1024","gaussian","regular_distribution_dependence","gaussian_phi_0.5","gaussian, phi = 0.5",0.5,1024,32,32,1024,0.5,NA,"Balanced distribution/dependence design","Gaussian",1,0,0,"inside formal moment assumptions","regular","phi = 0.5",0.5,13,952606029,"gaussian_phi050_N1024","gaussian","Gaussian","inside formal moment assumptions","regular",0.5,"phi = 0.5",1024,32,32,13,100000,20000,"VK_asym_full_oracle",0.94558,-0.00441999999999998,0.000717345548532923,-0.00429,0.000500318360831003,0.05442,1.03844830405679,0.94555,0.00160445002259341,20000,0.215893459116253,0.000196059536050075,0.0277270054914593,0.215197970492675,0.19685892445251,0.234535108268605,0.251780863196576,0.262333878092682,0.215893459116253,1.01820137014737,1.04374888785812,0,0,0,0
"gaussian_phi050_N1024_M32_Q32","gaussian_phi050_N1024","gaussian","regular_distribution_dependence","gaussian_phi_0.5","gaussian, phi = 0.5",0.5,1024,32,32,1024,0.5,NA,"Balanced distribution/dependence design","Gaussian",1,0,0,"inside formal moment assumptions","regular","phi = 0.5",0.5,13,952606029,"gaussian_phi050_N1024","gaussian","Gaussian","inside formal moment assumptions","regular",0.5,"phi = 0.5",1024,32,32,13,100000,20000,"VK_leading_oracle",0.94632,-0.00367999999999991,0.000712730366969164,-0.00355,0.000497570548530063,0.0536799999999999,1.03140320023008,0.9464,0.00159259285443581,20000,0.216659068268396,0.000196777187065811,0.0278284966714098,0.215968344443772,0.197557870834264,0.235356203198261,0.252683453128682,0.263297554214559,0.216659068268396,1.02181215247908,1.04745026771628,0,0,0,0
"gaussian_phi050_N1024_M32_Q32","gaussian_phi050_N1024","gaussian","regular_distribution_dependence","gaussian_phi_0.5","gaussian, phi = 0.5",0.5,1024,32,32,1024,0.5,NA,"Balanced distribution/dependence design","Gaussian",1,0,0,"inside formal moment assumptions","regular","phi = 0.5",0.5,13,952606029,"gaussian_phi050_N1024","gaussian","Gaussian","inside formal moment assumptions","regular",0.5,"phi = 0.5",1024,32,32,13,100000,20000,"VK_asym_full_feasible",0.94485,-0.00514999999999999,0.000721862019363812,-0.00502,0.000526071063172681,0.05515,1.04420463540265,0.9457,0.00160236559498761,20000,0.217042682782344,0.000219813847945911,0.0310863724962524,0.216220498234431,0.195889727211354,0.238039815945115,0.257270294771182,0.269356448694191,0.217042682782344,1.02362136349136,1.0493048733349,0,0,0,0
"gaussian_phi050_N1024_M32_Q32","gaussian_phi050_N1024","gaussian","regular_distribution_dependence","gaussian_phi_0.5","gaussian, phi = 0.5",0.5,1024,32,32,1024,0.5,NA,"Balanced distribution/dependence design","Gaussian",1,0,0,"inside formal moment assumptions","regular","phi = 0.5",0.5,13,952606029,"gaussian_phi050_N1024","gaussian","Gaussian","inside formal moment assumptions","regular",0.5,"phi = 0.5",1024,32,32,13,100000,20000,"F_feasible_leading",0.94577,-0.00422999999999996,0.000716164136912761,-0.0041,0.000523865101287004,0.05423,1.03712047912448,0.94655,0.00159048887924437,20000,0.217826158064744,0.000220629009345713,0.0312016537269648,0.216996625432497,0.196594647440745,0.238906311730086,0.258202543120842,0.270310659609168,0.217826158064744,1.02731640645042,1.05309262798952,0,0,0,0
"gaussian_phi050_N1024_M32_Q32","gaussian_phi050_N1024","gaussian","regular_distribution_dependence","gaussian_phi_0.5","gaussian, phi = 0.5",0.5,1024,32,32,1024,0.5,NA,"Balanced distribution/dependence design","Gaussian",1,0,0,"inside formal moment assumptions","regular","phi = 0.5",0.5,13,952606029,"gaussian_phi050_N1024","gaussian","Gaussian","inside formal moment assumptions","regular",0.5,"phi = 0.5",1024,32,32,13,100000,20000,"raw",0.93509,-0.01491,0.000779080816732128,-0.01478,0.000530488765369543,0.06491,1.12770670644115,0.93515,0.00174132819278848,20000,0.206844253083986,0.00018760097617094,0.0265307844815375,0.206194232576583,0.188670973938416,0.22465362877941,0.241120034879267,0.251199880416822,0.206844253083986,0.975523310244509,1,0,0,0,0
"gaussian_phi050_N1024_M32_Q32","gaussian_phi050_N1024","gaussian","regular_distribution_dependence","gaussian_phi_0.5","gaussian, phi = 0.5",0.5,1024,32,32,1024,0.5,NA,"Balanced distribution/dependence design","Gaussian",1,0,0,"inside formal moment assumptions","regular","phi = 0.5",0.5,13,952606029,"gaussian_phi050_N1024","gaussian","Gaussian","inside formal moment assumptions","regular",0.5,"phi = 0.5",1024,32,32,13,100000,20000,"K_asym_full",0.94057,-0.00942999999999994,0.000747650152812129,-0.0093,0.000510428942534662,0.05943,1.08218729511345,0.9405,0.00167271859558026,20000,0.211314464558398,0.00019177400729986,0.0271209402034099,0.210644367094928,0.192737925174201,0.22951640908297,0.2463728247428,0.25672763476726,0.211314464558398,0.996605817638323,1.0216114850075,0,0,0,0
"gaussian_phi050_N1024_M32_Q32","gaussian_phi050_N1024","gaussian","regular_distribution_dependence","gaussian_phi_0.5","gaussian, phi = 0.5",0.5,1024,32,32,1024,0.5,NA,"Balanced distribution/dependence design","Gaussian",1,0,0,"inside formal moment assumptions","regular","phi = 0.5",0.5,13,952606029,"gaussian_phi050_N1024","gaussian","Gaussian","inside formal moment assumptions","regular",0.5,"phi = 0.5",1024,32,32,13,100000,20000,"K_leading",0.94146,-0.00853999999999999,0.000742381764323451,-0.00841,0.000509701203601845,0.05854,1.07484545457672,0.94165,0.00165748721714528,20000,0.212062843157135,0.00019247365471372,0.0272198852895659,0.211374139822126,0.193411847106168,0.230337209560488,0.247255487978733,0.257629805700945,0.212062843157135,1.00013533686388,1.02522956280072,0,0,0,0
"gaussian_phi050_N1024_M32_Q32","gaussian_phi050_N1024","gaussian","regular_distribution_dependence","gaussian_phi_0.5","gaussian, phi = 0.5",0.5,1024,32,32,1024,0.5,NA,"Balanced distribution/dependence design","Gaussian",1,0,0,"inside formal moment assumptions","regular","phi = 0.5",0.5,13,952606029,"gaussian_phi050_N1024","gaussian","Gaussian","inside formal moment assumptions","regular",0.5,"phi = 0.5",1024,32,32,13,100000,20000,"V_oracle",0.94057,-0.00942999999999994,0.000747650152812129,-0.0093,0.000510428942534662,0.05943,1.08212794778238,0.9405,0.00167271859558026,20000,0.211320482428335,0.000191779632217622,0.0271217356869085,0.210650267155783,0.192743489370003,0.229523147487419,0.24637993542164,0.256734697428623,0.211320482428335,0.996634199245809,1.02164057873308,0,0,0,0
"gaussian_phi050_N1024_M32_Q32","gaussian_phi050_N1024","gaussian","regular_distribution_dependence","gaussian_phi_0.5","gaussian, phi = 0.5",0.5,1024,32,32,1024,0.5,NA,"Balanced distribution/dependence design","Gaussian",1,0,0,"inside formal moment assumptions","regular","phi = 0.5",0.5,13,952606029,"gaussian_phi050_N1024","gaussian","Gaussian","inside formal moment assumptions","regular",0.5,"phi = 0.5",1024,32,32,13,100000,20000,"V_feasible",0.93996,-0.0100399999999999,0.000751233641419232,-0.00991,0.00053769955384778,0.06004,1.08812640432732,0.94045,0.00167337678811438,20000,0.212365870365345,0.000214954115908022,0.0303991026005043,0.211552954377149,0.191691790531995,0.232896172937245,0.251698391125894,0.263484643267428,0.212365870365345,1.00156448029349,1.02669456462548,0,0,0,0
"gaussian_phi050_N100_M10_Q10","gaussian_phi050_N100","gaussian","regular_distribution_dependence","gaussian_phi_0.5","gaussian, phi = 0.5",0.5,100,10,10,100,0.5,NA,"Balanced distribution/dependence design","Gaussian",1,0,0,"inside formal moment assumptions","regular","phi = 0.5",0.5,5,28603257,"gaussian_phi050_N100","gaussian","Gaussian","inside formal moment assumptions","regular",0.5,"phi = 0.5",100,10,10,5,100000,20000,"raw",0.88049,-0.06951,0.00102580387940386,-0.06996,0.000882305938231001,0.11951,1.75258330905801,0.88195,0.00228160247961822,20000,0.581375296951422,0.000984317907704123,0.139203573476188,0.57525586783131,0.483292013458695,0.671764377558109,0.763345037245132,0.818277141470456,0.581375296951422,0.862050349237023,1,0,0,0,0.00272
"gaussian_phi050_N100_M10_Q10","gaussian_phi050_N100","gaussian","regular_distribution_dependence","gaussian_phi_0.5","gaussian, phi = 0.5",0.5,100,10,10,100,0.5,NA,"Balanced distribution/dependence design","Gaussian",1,0,0,"inside formal moment assumptions","regular","phi = 0.5",0.5,5,28603257,"gaussian_phi050_N100","gaussian","Gaussian","inside formal moment assumptions","regular",0.5,"phi = 0.5",100,10,10,5,100000,20000,"K_asym_full",0.89362,-0.05638,0.000975004079991464,-0.05683,0.00083869574048367,0.10638,1.60653469996984,0.8944,0.00217311573552814,20000,0.606856017324117,0.00102875231298272,0.145487547334286,0.600503840102699,0.504253726165672,0.701492976485378,0.797100648882258,0.85504252119139,0.606856017324117,0.89983259421935,1.04382835064769,0,0,0,0.00272
"gaussian_phi050_N100_M10_Q10","gaussian_phi050_N100","gaussian","regular_distribution_dependence","gaussian_phi_0.5","gaussian, phi = 0.5",0.5,100,10,10,100,0.5,NA,"Balanced distribution/dependence design","Gaussian",1,0,0,"inside formal moment assumptions","regular","phi = 0.5",0.5,5,28603257,"gaussian_phi050_N100","gaussian","Gaussian","inside formal moment assumptions","regular",0.5,"phi = 0.5",100,10,10,5,100000,20000,"K_leading",0.90388,-0.0461199999999999,0.000932099488252193,-0.04657,0.000804374801437869,0.09612,1.48969581269931,0.90375,0.00208549679333247,20000,0.629776544781151,0.00106888478081161,0.151163135363797,0.623336806946411,0.522965147965546,0.728100190224036,0.827600704447603,0.887485667027407,0.629776544781151,0.933818642134772,1.08325301760073,0,0,0,0.00272
"gaussian_phi050_N100_M10_Q10","gaussian_phi050_N100","gaussian","regular_distribution_dependence","gaussian_phi_0.5","gaussian, phi = 0.5",0.5,100,10,10,100,0.5,NA,"Balanced distribution/dependence design","Gaussian",1,0,0,"inside formal moment assumptions","regular","phi = 0.5",0.5,5,28603257,"gaussian_phi050_N100","gaussian","Gaussian","inside formal moment assumptions","regular",0.5,"phi = 0.5",100,10,10,5,100000,20000,"V_oracle",0.89945,-0.05055,0.000950997883804165,-0.051,0.000818166666374853,0.10055,1.53966256973173,0.89935,0.00212743481098717,20000,0.619668870754405,0.0010511675529204,0.148657540966657,0.613237640491733,0.514740491141243,0.716300580350103,0.814265430302572,0.873167052859411,0.619668870754405,0.918831208078972,1.06586721865168,0,0,0,0.00272
"gaussian_phi050_N100_M10_Q10","gaussian_phi050_N100","gaussian","regular_distribution_dependence","gaussian_phi_0.5","gaussian, phi = 0.5",0.5,100,10,10,100,0.5,NA,"Balanced distribution/dependence design","Gaussian",1,0,0,"inside formal moment assumptions","regular","phi = 0.5",0.5,5,28603257,"gaussian_phi050_N100","gaussian","Gaussian","inside formal moment assumptions","regular",0.5,"phi = 0.5",100,10,10,5,100000,20000,"V_feasible",0.89535,-0.05465,0.000967979222400977,-0.0551,0.000852553322949178,0.10465,1.58001001527693,0.89535,0.00216446734209597,20000,0.623632438641673,0.00116609219030598,0.164910339050806,0.617668684098978,0.507937518223292,0.730207281674771,0.839115598520047,0.905079215038594,0.623632438641673,0.924708298315451,1.07268479055067,0,0,0,0.00272
"gaussian_phi050_N100_M10_Q10","gaussian_phi050_N100","gaussian","regular_distribution_dependence","gaussian_phi_0.5","gaussian, phi = 0.5",0.5,100,10,10,100,0.5,NA,"Balanced distribution/dependence design","Gaussian",1,0,0,"inside formal moment assumptions","regular","phi = 0.5",0.5,5,28603257,"gaussian_phi050_N100","gaussian","Gaussian","inside formal moment assumptions","regular",0.5,"phi = 0.5",100,10,10,5,100000,20000,"VK_asym_full_oracle",0.91043,-0.03957,0.000903034966654116,-0.04002,0.000781530616099612,0.08957,1.41135735558742,0.91045,0.00201904429743381,20000,0.646640342631165,0.00109851327742157,0.15535323753765,0.639891827604305,0.536752646118753,0.747891411884912,0.850098207675231,0.911345120558772,0.646640342631165,0.95882390620825,1.11225975032303,0,0,0,0.00272
"gaussian_phi050_N100_M10_Q10","gaussian_phi050_N100","gaussian","regular_distribution_dependence","gaussian_phi_0.5","gaussian, phi = 0.5",0.5,100,10,10,100,0.5,NA,"Balanced distribution/dependence design","Gaussian",1,0,0,"inside formal moment assumptions","regular","phi = 0.5",0.5,5,28603257,"gaussian_phi050_N100","gaussian","Gaussian","inside formal moment assumptions","regular",0.5,"phi = 0.5",100,10,10,5,100000,20000,"VK_leading_oracle",0.91929,-0.0307099999999999,0.000861370395938936,-0.03116,0.000755312020930747,0.0807099999999999,1.30871318427197,0.9194,0.00192488493162578,20000,0.670867183163895,0.00114123131645798,0.161394480553978,0.663781575723783,0.556709502960138,0.775651371002522,0.882628815804538,0.946152620073901,0.670867183163895,0.994746926074529,1.15393135326139,0,0,0,0.00272
"gaussian_phi050_N100_M10_Q10","gaussian_phi050_N100","gaussian","regular_distribution_dependence","gaussian_phi_0.5","gaussian, phi = 0.5",0.5,100,10,10,100,0.5,NA,"Balanced distribution/dependence design","Gaussian",1,0,0,"inside formal moment assumptions","regular","phi = 0.5",0.5,5,28603257,"gaussian_phi050_N100","gaussian","Gaussian","inside formal moment assumptions","regular",0.5,"phi = 0.5",100,10,10,5,100000,20000,"VK_asym_full_feasible",0.90705,-0.0429499999999999,0.000918206390197759,-0.0434,0.000815580193304446,0.09295,1.44834251400385,0.90655,0.00205811925674874,20000,0.651931418307206,0.00121811361351215,0.172267279274018,0.645638110265641,0.530844463382535,0.76351554748352,0.877143455031409,0.945740284672507,0.651931418307206,0.966669395444357,1.12136071437118,0,0,0,0.00272
"gaussian_phi050_N100_M10_Q10","gaussian_phi050_N100","gaussian","regular_distribution_dependence","gaussian_phi_0.5","gaussian, phi = 0.5",0.5,100,10,10,100,0.5,NA,"Balanced distribution/dependence design","Gaussian",1,0,0,"inside formal moment assumptions","regular","phi = 0.5",0.5,5,28603257,"gaussian_phi050_N100","gaussian","Gaussian","inside formal moment assumptions","regular",0.5,"phi = 0.5",100,10,10,5,100000,20000,"F_feasible_leading",0.91603,-0.0339699999999999,0.000877034999871727,-0.03442,0.000788390037727847,0.08397,1.34300851298539,0.91625,0.0019587743297787,20000,0.67741325030938,0.00126489694833232,0.178883441933591,0.670749903843995,0.551618457883605,0.793180323046191,0.911063718338419,0.982990146254672,0.67741325030938,1.00445328872613,1.16519097708753,0,0,0,0.00272
"gaussian_phi050_N225_M15_Q15","gaussian_phi050_N225","gaussian","regular_distribution_dependence","gaussian_phi_0.5","gaussian, phi = 0.5",0.5,225,15,15,225,0.5,NA,"Balanced distribution/dependence design","Gaussian",1,0,0,"inside formal moment assumptions","regular","phi = 0.5",0.5,7,153603632,"gaussian_phi050_N225","gaussian","Gaussian","inside formal moment assumptions","regular",0.5,"phi = 0.5",225,15,15,7,100000,20000,"raw",0.91042,-0.0395799999999999,0.000903080415024044,-0.04111,0.000724158078770948,0.08958,1.37061330227878,0.91135,0.00200986538728344,20000,0.416370356105189,0.000572282644435674,0.080932987727167,0.412522900481887,0.360468996006818,0.468613005187803,0.521631760450324,0.556838876482256,0.416370356105189,0.922620230526726,1,0,0,0,8e-05
"gaussian_phi050_N225_M15_Q15","gaussian_phi050_N225","gaussian","regular_distribution_dependence","gaussian_phi_0.5","gaussian, phi = 0.5",0.5,225,15,15,225,0.5,NA,"Balanced distribution/dependence design","Gaussian",1,0,0,"inside formal moment assumptions","regular","phi = 0.5",0.5,7,153603632,"gaussian_phi050_N225","gaussian","Gaussian","inside formal moment assumptions","regular",0.5,"phi = 0.5",225,15,15,7,100000,20000,"K_asym_full",0.91996,-0.03004,0.000858100217923291,-0.03157,0.000688431616343195,0.08004,1.27416273656287,0.9215,0.00190181163630892,20000,0.432227424550603,0.00059487342971625,0.0841278072200119,0.428242464235552,0.374073665067893,0.486364402121696,0.541576407458622,0.577932271881877,0.432227424550603,0.957757343267986,1.03808404756223,0,0,0,8e-05
"gaussian_phi050_N225_M15_Q15","gaussian_phi050_N225","gaussian","regular_distribution_dependence","gaussian_phi_0.5","gaussian, phi = 0.5",0.5,225,15,15,225,0.5,NA,"Balanced distribution/dependence design","Gaussian",1,0,0,"inside formal moment assumptions","regular","phi = 0.5",0.5,7,153603632,"gaussian_phi050_N225","gaussian","Gaussian","inside formal moment assumptions","regular",0.5,"phi = 0.5",225,15,15,7,100000,20000,"K_leading",0.92428,-0.02572,0.000836579234741097,-0.02725,0.000674891791170479,0.07572,1.2335519720509,0.92545,0.00185731388704225,20000,0.439459075930887,0.000605209226980019,0.085589509686848,0.43535467953572,0.380312337819728,0.494433051674444,0.550563580314708,0.587658293983657,0.439459075930887,0.973781701788555,1.05545236227112,0,0,0,8e-05
"gaussian_phi050_N225_M15_Q15","gaussian_phi050_N225","gaussian","regular_distribution_dependence","gaussian_phi_0.5","gaussian, phi = 0.5",0.5,225,15,15,225,0.5,NA,"Balanced distribution/dependence design","Gaussian",1,0,0,"inside formal moment assumptions","regular","phi = 0.5",0.5,7,153603632,"gaussian_phi050_N225","gaussian","Gaussian","inside formal moment assumptions","regular",0.5,"phi = 0.5",225,15,15,7,100000,20000,"V_oracle",0.92188,-0.0281199999999999,0.000848629869849041,-0.02965,0.00068199224785496,0.07812,1.25622904704823,0.9228,0.00188732827033349,20000,0.435377315265764,0.000599372803858939,0.08476411481349,0.431375149758948,0.376738509502748,0.489897627690438,0.545473848931354,0.582075160587273,0.435377315265764,0.964737073825512,1.04564916517681,0,0,0,8e-05
"gaussian_phi050_N225_M15_Q15","gaussian_phi050_N225","gaussian","regular_distribution_dependence","gaussian_phi_0.5","gaussian, phi = 0.5",0.5,225,15,15,225,0.5,NA,"Balanced distribution/dependence design","Gaussian",1,0,0,"inside formal moment assumptions","regular","phi = 0.5",0.5,7,153603632,"gaussian_phi050_N225","gaussian","Gaussian","inside formal moment assumptions","regular",0.5,"phi = 0.5",225,15,15,7,100000,20000,"V_feasible",0.92009,-0.02991,0.000857463654623332,-0.03144,0.000711561892742488,0.07991,1.27400503195767,0.92105,0.00190678915326263,20000,0.439372008122983,0.000675235820839696,0.0954927655631628,0.434601394328374,0.37309321629811,0.500587002996187,0.563454064250489,0.604480561421229,0.439372008122983,0.973588771336562,1.05524325082351,0,0,0,8e-05
"gaussian_phi050_N225_M15_Q15","gaussian_phi050_N225","gaussian","regular_distribution_dependence","gaussian_phi_0.5","gaussian, phi = 0.5",0.5,225,15,15,225,0.5,NA,"Balanced distribution/dependence design","Gaussian",1,0,0,"inside formal moment assumptions","regular","phi = 0.5",0.5,7,153603632,"gaussian_phi050_N225","gaussian","Gaussian","inside formal moment assumptions","regular",0.5,"phi = 0.5",225,15,15,7,100000,20000,"VK_asym_full_oracle",0.93097,-0.01903,0.000801653660254851,-0.02056,0.000651442328814361,0.06903,1.16782774373743,0.93165,0.00178435250861482,20000,0.451958572074465,0.000623124231773125,0.0881230739616869,0.447661135411701,0.390981599328846,0.508637293998322,0.566578347629911,0.604304822720542,0.451958572074465,1.0014788897472,1.08547250169819,0,0,0,8e-05
"gaussian_phi050_N225_M15_Q15","gaussian_phi050_N225","gaussian","regular_distribution_dependence","gaussian_phi_0.5","gaussian, phi = 0.5",0.5,225,15,15,225,0.5,NA,"Balanced distribution/dependence design","Gaussian",1,0,0,"inside formal moment assumptions","regular","phi = 0.5",0.5,7,153603632,"gaussian_phi050_N225","gaussian","Gaussian","inside formal moment assumptions","regular",0.5,"phi = 0.5",225,15,15,7,100000,20000,"VK_leading_oracle",0.93507,-0.01493,0.000779192499322215,-0.01646,0.00063631339208548,0.06493,1.13060614234341,0.93575,0.00173380993047104,20000,0.459519097673627,0.000633991746413186,0.0896599726210132,0.455131750592232,0.397532746852422,0.517192777016832,0.576155761427946,0.614360550868422,0.459519097673627,1.01823198892663,1.10363067623752,0,0,0,8e-05
"gaussian_phi050_N225_M15_Q15","gaussian_phi050_N225","gaussian","regular_distribution_dependence","gaussian_phi_0.5","gaussian, phi = 0.5",0.5,225,15,15,225,0.5,NA,"Balanced distribution/dependence design","Gaussian",1,0,0,"inside formal moment assumptions","regular","phi = 0.5",0.5,7,153603632,"gaussian_phi050_N225","gaussian","Gaussian","inside formal moment assumptions","regular",0.5,"phi = 0.5",225,15,15,7,100000,20000,"VK_asym_full_feasible",0.9294,-0.0206,0.000810034814066655,-0.02213,0.000680593316946788,0.0706,1.1843528260051,0.9305,0.00179819006225705,20000,0.456704724198488,0.000702160721911209,0.0993005215892516,0.451646764898555,0.387831252263055,0.52039810963501,0.585591845001608,0.628427072553658,0.456704724198488,1.01199571906172,1.09687137305017,0,0,0,8e-05
"gaussian_phi050_N225_M15_Q15","gaussian_phi050_N225","gaussian","regular_distribution_dependence","gaussian_phi_0.5","gaussian, phi = 0.5",0.5,225,15,15,225,0.5,NA,"Balanced distribution/dependence design","Gaussian",1,0,0,"inside formal moment assumptions","regular","phi = 0.5",0.5,7,153603632,"gaussian_phi050_N225","gaussian","Gaussian","inside formal moment assumptions","regular",0.5,"phi = 0.5",225,15,15,7,100000,20000,"F_feasible_leading",0.93343,-0.01657,0.000788279361013594,-0.0181,0.000667029496561803,0.06657,1.14660452876191,0.9346,0.00174818248475381,20000,0.464624302523156,0.000714475268035419,0.101042061403584,0.459476773373482,0.394481266321572,0.529518035068214,0.59568738874958,0.639307401048188,0.464624302523156,1.02954443037712,1.11589188737965,0,0,0,8e-05
"gaussian_phi050_N400_M20_Q20","gaussian_phi050_N400","gaussian","regular_distribution_dependence","gaussian_phi_0.5","gaussian, phi = 0.5",0.5,400,20,20,400,0.5,NA,"Balanced distribution/dependence design","Gaussian",1,0,0,"inside formal moment assumptions","regular","phi = 0.5",0.5,10,328604157,"gaussian_phi050_N400","gaussian","Gaussian","inside formal moment assumptions","regular",0.5,"phi = 0.5",400,20,20,10,100000,20000,"F_feasible_leading",0.93962,-0.0103799999999999,0.00075322145216397,-0.0099,0.000622433750882568,0.06038,1.09637615945051,0.93925,0.0016890742656852,20000,0.350384523267013,0.000471791687702809,0.0667214203364205,0.349231413318583,0.304161044893375,0.394490009935082,0.437067282661943,0.462909395943019,0.350384523267013,1.03385880216946,1.09004886721364,0,0,0,0
"gaussian_phi050_N400_M20_Q20","gaussian_phi050_N400","gaussian","regular_distribution_dependence","gaussian_phi_0.5","gaussian, phi = 0.5",0.5,400,20,20,400,0.5,NA,"Balanced distribution/dependence design","Gaussian",1,0,0,"inside formal moment assumptions","regular","phi = 0.5",0.5,10,328604157,"gaussian_phi050_N400","gaussian","Gaussian","inside formal moment assumptions","regular",0.5,"phi = 0.5",400,20,20,10,100000,20000,"raw",0.92143,-0.02857,0.000850862827369959,-0.02809,0.000644370755960194,0.07857,1.25127563114258,0.92125,0.00190457918580457,20000,0.321439280206455,0.000376367867930367,0.0532264543268571,0.320375271934234,0.284707926568075,0.356250792290407,0.390784569412979,0.411562100512526,0.321439280206455,0.948451792635857,1,0,0,0,0
"gaussian_phi050_N400_M20_Q20","gaussian_phi050_N400","gaussian","regular_distribution_dependence","gaussian_phi_0.5","gaussian, phi = 0.5",0.5,400,20,20,400,0.5,NA,"Balanced distribution/dependence design","Gaussian",1,0,0,"inside formal moment assumptions","regular","phi = 0.5",0.5,10,328604157,"gaussian_phi050_N400","gaussian","Gaussian","inside formal moment assumptions","regular",0.5,"phi = 0.5",400,20,20,10,100000,20000,"K_asym_full",0.92984,-0.02016,0.000807697804875066,-0.01968,0.000611825726254783,0.07016,1.17828455265926,0.9305,0.00179819006225705,20000,0.331603315319445,0.000388669193276424,0.0549661244408129,0.330415336023403,0.293687021747983,0.367569391470326,0.403181874303362,0.424856671819928,0.331603315319445,0.978442207364069,1.03162038910261,0,0,0,0
"gaussian_phi050_N400_M20_Q20","gaussian_phi050_N400","gaussian","regular_distribution_dependence","gaussian_phi_0.5","gaussian, phi = 0.5",0.5,400,20,20,400,0.5,NA,"Balanced distribution/dependence design","Gaussian",1,0,0,"inside formal moment assumptions","regular","phi = 0.5",0.5,10,328604157,"gaussian_phi050_N400","gaussian","Gaussian","inside formal moment assumptions","regular",0.5,"phi = 0.5",400,20,20,10,100000,20000,"K_leading",0.93211,-0.01789,0.00079549323001519,-0.01741,0.000605534958302043,0.06789,1.15742995880688,0.9332,0.00176547104196019,20000,0.334687057955521,0.000392410507051837,0.055495226109041,0.333485055975438,0.296387097646744,0.37101955001893,0.406909377769378,0.428767408911639,0.334687057955521,0.987541223605441,1.04121393546102,0,0,0,0
"gaussian_phi050_N400_M20_Q20","gaussian_phi050_N400","gaussian","regular_distribution_dependence","gaussian_phi_0.5","gaussian, phi = 0.5",0.5,400,20,20,400,0.5,NA,"Balanced distribution/dependence design","Gaussian",1,0,0,"inside formal moment assumptions","regular","phi = 0.5",0.5,10,328604157,"gaussian_phi050_N400","gaussian","Gaussian","inside formal moment assumptions","regular",0.5,"phi = 0.5",400,20,20,10,100000,20000,"V_oracle",0.93056,-0.0194399999999999,0.000803853757844049,-0.01896,0.000609104994306352,0.0694399999999999,1.17176321266258,0.93115,0.00179038651553233,20000,0.332558541650611,0.000389827650121574,0.0551299549789963,0.331378249781712,0.29452733247451,0.368644816556065,0.404329753079177,0.426082568336941,0.332558541650611,0.98126073696501,1.03459210534884,0,0,0,0
"gaussian_phi050_N400_M20_Q20","gaussian_phi050_N400","gaussian","regular_distribution_dependence","gaussian_phi_0.5","gaussian, phi = 0.5",0.5,400,20,20,400,0.5,NA,"Balanced distribution/dependence design","Gaussian",1,0,0,"inside formal moment assumptions","regular","phi = 0.5",0.5,10,328604157,"gaussian_phi050_N400","gaussian","Gaussian","inside formal moment assumptions","regular",0.5,"phi = 0.5",400,20,20,10,100000,20000,"V_feasible",0.92901,-0.02099,0.000812098638713303,-0.02051,0.0006504595529134,0.07099,1.18527152373028,0.9283,0.00182426848352977,20000,0.335994193320752,0.000452169371882608,0.0639464058206108,0.334841711473639,0.29168414692412,0.378221352243618,0.41903514145938,0.443527658566808,0.335994193320752,0.991398110292019,1.04528044333894,0,0,0,0
"gaussian_phi050_N400_M20_Q20","gaussian_phi050_N400","gaussian","regular_distribution_dependence","gaussian_phi_0.5","gaussian, phi = 0.5",0.5,400,20,20,400,0.5,NA,"Balanced distribution/dependence design","Gaussian",1,0,0,"inside formal moment assumptions","regular","phi = 0.5",0.5,10,328604157,"gaussian_phi050_N400","gaussian","Gaussian","inside formal moment assumptions","regular",0.5,"phi = 0.5",400,20,20,10,100000,20000,"VK_asym_full_oracle",0.93809,-0.01191,0.000762083669290978,-0.01143,0.000591436428511543,0.06191,1.10341035859059,0.9388,0.00169491238711622,20000,0.343088048295716,0.000402624998874677,0.056939773395902,0.341877564366673,0.30376210561273,0.380377542572532,0.417245583673431,0.439753239470702,0.343088048295716,1.01232952683633,1.0673494791158,0,0,0,0
"gaussian_phi050_N400_M20_Q20","gaussian_phi050_N400","gaussian","regular_distribution_dependence","gaussian_phi_0.5","gaussian, phi = 0.5",0.5,400,20,20,400,0.5,NA,"Balanced distribution/dependence design","Gaussian",1,0,0,"inside formal moment assumptions","regular","phi = 0.5",0.5,10,328604157,"gaussian_phi050_N400","gaussian","Gaussian","inside formal moment assumptions","regular",0.5,"phi = 0.5",400,20,20,10,100000,20000,"VK_leading_oracle",0.94001,-0.00998999999999994,0.000750940742668821,-0.00951,0.000586002587869994,0.05999,1.08388097171288,0.9403,0.00167534936655015,20000,0.346282679279851,0.000406517864888388,0.0574903077872112,0.345074313987608,0.306611673927641,0.383954968534068,0.42112090123171,0.443804670768644,0.346282679279851,1.02175573474025,1.07728799995271,0,0,0,0
"gaussian_phi050_N400_M20_Q20","gaussian_phi050_N400","gaussian","regular_distribution_dependence","gaussian_phi_0.5","gaussian, phi = 0.5",0.5,400,20,20,400,0.5,NA,"Balanced distribution/dependence design","Gaussian",1,0,0,"inside formal moment assumptions","regular","phi = 0.5",0.5,10,328604157,"gaussian_phi050_N400","gaussian","Gaussian","inside formal moment assumptions","regular",0.5,"phi = 0.5",400,20,20,10,100000,20000,"VK_asym_full_feasible",0.93714,-0.01286,0.000767519513758445,-0.01238,0.000628387861685,0.06286,1.11613068484601,0.93635,0.00172624849746495,20000,0.347030092275662,0.000467214191457187,0.0660740646091933,0.345873327187331,0.301236598880531,0.390706804963347,0.432846118322995,0.458349163429734,0.347030092275662,1.02396108187536,1.0796132073615,0,0,0,0
"gaussian_phi050_N8100_M90_Q90","gaussian_phi050_N8100","gaussian","regular_distribution_dependence","gaussian_phi_0.5","gaussian, phi = 0.5",0.5,8100,90,90,8100,0.5,NA,"Balanced distribution/dependence design","Gaussian",1,0,0,"inside formal moment assumptions","regular","phi = 0.5",0.5,19,1586176319,"gaussian_phi050_N8100","gaussian","Gaussian","inside formal moment assumptions","regular",0.5,"phi = 0.5",8100,90,90,19,100000,20000,"V_feasible",0.94731,-0.00268999999999997,0.000706496736722825,-0.00225,0.000384253629141632,0.05269,1.02565859231048,0.95055,0.00153304757753959,20000,0.0755805642873212,4.13840214737688e-05,0.00585258444337432,0.0754942434786927,0.071532346810503,0.0794470855784595,0.0831410800898824,0.0854224426597939,0.0755805642873212,1.00195835898845,1.00804154568391,0,0,0,0
"gaussian_phi050_N8100_M90_Q90","gaussian_phi050_N8100","gaussian","regular_distribution_dependence","gaussian_phi_0.5","gaussian, phi = 0.5",0.5,8100,90,90,8100,0.5,NA,"Balanced distribution/dependence design","Gaussian",1,0,0,"inside formal moment assumptions","regular","phi = 0.5",0.5,19,1586176319,"gaussian_phi050_N8100","gaussian","Gaussian","inside formal moment assumptions","regular",0.5,"phi = 0.5",8100,90,90,19,100000,20000,"VK_asym_full_oracle",0.9492,-0.000799999999999912,0.000694401612901352,-0.00036,0.000376829038160861,0.0508,1.00864245343197,0.95215,0.00150931072844527,20000,0.0761620634986771,4.01506653279414e-05,0.00567816154450779,0.0760655319511015,0.0722364067246615,0.0799381852500705,0.0834724431608282,0.0857124196162233,0.0761620634986771,1.00966719261594,1.01579718192924,0,0,0,0
"gaussian_phi050_N8100_M90_Q90","gaussian_phi050_N8100","gaussian","regular_distribution_dependence","gaussian_phi_0.5","gaussian, phi = 0.5",0.5,8100,90,90,8100,0.5,NA,"Balanced distribution/dependence design","Gaussian",1,0,0,"inside formal moment assumptions","regular","phi = 0.5",0.5,19,1586176319,"gaussian_phi050_N8100","gaussian","Gaussian","inside formal moment assumptions","regular",0.5,"phi = 0.5",8100,90,90,19,100000,20000,"VK_leading_oracle",0.94925,-0.000749999999999917,0.000694078075579397,-0.00031,0.000376696771959331,0.05075,1.00779893057734,0.95215,0.00150931072844527,20000,0.0761945798537697,4.01679674815935e-05,0.0056806084385431,0.0760981222334698,0.0722671859369889,0.079972402017109,0.0835079564341245,0.0857489343322571,0.0761945798537697,1.01009825626433,1.01623086269303,0,0,0,0
"gaussian_phi050_N8100_M90_Q90","gaussian_phi050_N8100","gaussian","regular_distribution_dependence","gaussian_phi_0.5","gaussian, phi = 0.5",0.5,8100,90,90,8100,0.5,NA,"Balanced distribution/dependence design","Gaussian",1,0,0,"inside formal moment assumptions","regular","phi = 0.5",0.5,19,1586176319,"gaussian_phi050_N8100","gaussian","Gaussian","inside formal moment assumptions","regular",0.5,"phi = 0.5",8100,90,90,19,100000,20000,"VK_asym_full_feasible",0.94921,-0.000789999999999957,0.000694336920377996,-0.00035,0.000384578020696113,0.05079,1.0094084458891,0.9524,0.00150556036079594,20000,0.0761999119726686,4.17268474445661e-05,0.00590106735711785,0.0761133672220418,0.0721173048787576,0.0800972165447382,0.0838289195595504,0.0861265928872264,0.0761999119726686,1.01016894323461,1.0163019788249,0,0,0,0
"gaussian_phi050_N8100_M90_Q90","gaussian_phi050_N8100","gaussian","regular_distribution_dependence","gaussian_phi_0.5","gaussian, phi = 0.5",0.5,8100,90,90,8100,0.5,NA,"Balanced distribution/dependence design","Gaussian",1,0,0,"inside formal moment assumptions","regular","phi = 0.5",0.5,19,1586176319,"gaussian_phi050_N8100","gaussian","Gaussian","inside formal moment assumptions","regular",0.5,"phi = 0.5",8100,90,90,19,100000,20000,"F_feasible_leading",0.9493,-0.000699999999999923,0.000693754351337705,-0.00026,0.000384188495413384,0.0507,1.00856428243864,0.9525,0.00150405701354703,20000,0.0762325034593661,4.17448916893609e-05,0.00590361919868901,0.0761459174547327,0.0721483412597456,0.0801314373449043,0.0838649610532148,0.0861633660461184,0.0762325034593661,1.01060100288958,1.01673666164232,0,0,0,0
"gaussian_phi050_N8100_M90_Q90","gaussian_phi050_N8100","gaussian","regular_distribution_dependence","gaussian_phi_0.5","gaussian, phi = 0.5",0.5,8100,90,90,8100,0.5,NA,"Balanced distribution/dependence design","Gaussian",1,0,0,"inside formal moment assumptions","regular","phi = 0.5",0.5,19,1586176319,"gaussian_phi050_N8100","gaussian","Gaussian","inside formal moment assumptions","regular",0.5,"phi = 0.5",8100,90,90,19,100000,20000,"raw",0.94572,-0.00427999999999995,0.000716475272427458,-0.00384,0.000383476224217546,0.05428,1.04012076026112,0.9486,0.00156137823732752,20000,0.0749776282643621,3.95206571795665e-05,0.00558906493772406,0.0748851994945091,0.0711146899981728,0.0786954972109149,0.0821708106015333,0.0843902554664697,0.0749776282643621,0.993965341288253,1,0,0,0,0
"gaussian_phi050_N8100_M90_Q90","gaussian_phi050_N8100","gaussian","regular_distribution_dependence","gaussian_phi_0.5","gaussian, phi = 0.5",0.5,8100,90,90,8100,0.5,NA,"Balanced distribution/dependence design","Gaussian",1,0,0,"inside formal moment assumptions","regular","phi = 0.5",0.5,19,1586176319,"gaussian_phi050_N8100","gaussian","Gaussian","inside formal moment assumptions","regular",0.5,"phi = 0.5",8100,90,90,19,100000,20000,"K_asym_full",0.94752,-0.00247999999999993,0.000705165580555375,-0.00204,0.0003773059866979,0.05248,1.02364148072612,0.9506,0.00153231263128645,20000,0.0755907423922046,3.98467191555331e-05,0.00563517706458267,0.0754963604450702,0.0716932625156021,0.0793400354198936,0.0828407290712179,0.085074189854699,0.0755907423922046,1.00209328834975,1.00817729424143,0,0,0,0
"gaussian_phi050_N8100_M90_Q90","gaussian_phi050_N8100","gaussian","regular_distribution_dependence","gaussian_phi_0.5","gaussian, phi = 0.5",0.5,8100,90,90,8100,0.5,NA,"Balanced distribution/dependence design","Gaussian",1,0,0,"inside formal moment assumptions","regular","phi = 0.5",0.5,19,1586176319,"gaussian_phi050_N8100","gaussian","Gaussian","inside formal moment assumptions","regular",0.5,"phi = 0.5",8100,90,90,19,100000,20000,"K_leading",0.94761,-0.00239,0.000704594123591732,-0.00195,0.000377972755147823,0.05239,1.02278541425677,0.9507,0.00153084143528976,20000,0.0756230049751844,3.98638801812668e-05,0.00563760400011635,0.0755289038526998,0.0717238687756228,0.0793738237325145,0.0828765777725834,0.0851101749183991,0.0756230049751844,1.0025209877855,1.00860759036745,0,0,0,0
"gaussian_phi050_N8100_M90_Q90","gaussian_phi050_N8100","gaussian","regular_distribution_dependence","gaussian_phi_0.5","gaussian, phi = 0.5",0.5,8100,90,90,8100,0.5,NA,"Balanced distribution/dependence design","Gaussian",1,0,0,"inside formal moment assumptions","regular","phi = 0.5",0.5,19,1586176319,"gaussian_phi050_N8100","gaussian","Gaussian","inside formal moment assumptions","regular",0.5,"phi = 0.5",8100,90,90,19,100000,20000,"V_oracle",0.94736,-0.00263999999999998,0.000706180079016677,-0.0022,0.000377826716273843,0.05264,1.02488026838373,0.9504,0.00153524981680507,20000,0.075544129233517,3.982192539975e-05,0.0056316706980136,0.0754497199016776,0.071649310759552,0.0792909556262044,0.0827898612403808,0.0850221981451509,0.075544129233517,1.00147534583469,1.00755560001388,0,0,0,0
"gaussian_phi020_N64_M8_Q8","gaussian_phi020_N64","gaussian","regular_distribution_dependence","gaussian_phi_0.2","gaussian, phi = 0.2",0.2,64,8,8,64,0.5,NA,"Balanced distribution/dependence design","Gaussian",1,0,0,"inside formal moment assumptions","regular","phi = 0.2",0.5,4,2110065795,"gaussian_phi020_N64","gaussian","Gaussian","inside formal moment assumptions","regular",0.2,"phi = 0.2",64,8,8,4,100000,20000,"raw",0.87132,-0.07868,0.00105887420216001,-0.07894,0.000925036929496985,0.12868,1.79190533569972,0.8702,0.00237646754659095,20000,0.517632363698378,0.00100622436797585,0.142301614798174,0.508803678707083,0.416349513325071,0.610572983069737,0.708245336719987,0.76372675447699,0.517632363698378,0.865378365326575,1,0,0,0,0.00862
"gaussian_phi020_N64_M8_Q8","gaussian_phi020_N64","gaussian","regular_distribution_dependence","gaussian_phi_0.2","gaussian, phi = 0.2",0.2,64,8,8,64,0.5,NA,"Balanced distribution/dependence design","Gaussian",1,0,0,"inside formal moment assumptions","regular","phi = 0.2",0.5,4,2110065795,"gaussian_phi020_N64","gaussian","Gaussian","inside formal moment assumptions","regular",0.2,"phi = 0.2",64,8,8,4,100000,20000,"K_asym_full",0.89421,-0.05579,0.000972617478251342,-0.05605,0.000848699698310173,0.10579,1.51425333706916,0.8934,0.00218215993914287,20000,0.56052519466093,0.00109186125152609,0.154412499013785,0.550815809434585,0.450812734240848,0.661154084345391,0.767337624950307,0.827354128905618,0.56052519466093,0.93708664816538,1.08286350307792,0,0,0,0.00862
"gaussian_phi020_N64_M8_Q8","gaussian_phi020_N64","gaussian","regular_distribution_dependence","gaussian_phi_0.2","gaussian, phi = 0.2",0.2,64,8,8,64,0.5,NA,"Balanced distribution/dependence design","Gaussian",1,0,0,"inside formal moment assumptions","regular","phi = 0.2",0.5,4,2110065795,"gaussian_phi020_N64","gaussian","Gaussian","inside formal moment assumptions","regular",0.2,"phi = 0.2",64,8,8,4,100000,20000,"K_leading",0.89929,-0.0507099999999999,0.000951669563976909,-0.05097,0.000833863024888046,0.10071,1.45592308525602,0.89835,0.00213678821482149,20000,0.570925318107673,0.00111271578513226,0.157361775440066,0.560887902957053,0.459078708538815,0.673376728465048,0.781845268386028,0.843163329951189,0.570925318107673,0.954473586190726,1.10295522101541,0,0,0,0.00862
"gaussian_phi020_N64_M8_Q8","gaussian_phi020_N64","gaussian","regular_distribution_dependence","gaussian_phi_0.2","gaussian, phi = 0.2",0.2,64,8,8,64,0.5,NA,"Balanced distribution/dependence design","Gaussian",1,0,0,"inside formal moment assumptions","regular","phi = 0.2",0.5,4,2110065795,"gaussian_phi020_N64","gaussian","Gaussian","inside formal moment assumptions","regular",0.2,"phi = 0.2",64,8,8,4,100000,20000,"V_oracle",0.87796,-0.07204,0.00103511467190838,-0.0723,0.000901961881318913,0.12204,1.70970808372281,0.87725,0.00232037106407574,20000,0.529319616310564,0.00102950008804145,0.145593298697251,0.520270051397644,0.425609099781886,0.624418661162775,0.724430048727234,0.78091285438663,0.529319616310564,0.884917127332162,1.02257828805116,0,0,0,0.00862
"gaussian_phi020_N64_M8_Q8","gaussian_phi020_N64","gaussian","regular_distribution_dependence","gaussian_phi_0.2","gaussian, phi = 0.2",0.2,64,8,8,64,0.5,NA,"Balanced distribution/dependence design","Gaussian",1,0,0,"inside formal moment assumptions","regular","phi = 0.2",0.5,4,2110065795,"gaussian_phi020_N64","gaussian","Gaussian","inside formal moment assumptions","regular",0.2,"phi = 0.2",64,8,8,4,100000,20000,"V_feasible",0.87347,-0.07653,0.00105128568476889,-0.07679,0.000940500826378183,0.12653,1.75971706954385,0.87255,0.00235803411234867,20000,0.538812992011478,0.00119130944743414,0.168476597754456,0.528690513515253,0.417635068272202,0.649626076198884,0.763825372563954,0.830788960882572,0.538812992011478,0.900788163460566,1.04091828447852,0,0,0,0.00862
"gaussian_phi020_N64_M8_Q8","gaussian_phi020_N64","gaussian","regular_distribution_dependence","gaussian_phi_0.2","gaussian, phi = 0.2",0.2,64,8,8,64,0.5,NA,"Balanced distribution/dependence design","Gaussian",1,0,0,"inside formal moment assumptions","regular","phi = 0.2",0.5,4,2110065795,"gaussian_phi020_N64","gaussian","Gaussian","inside formal moment assumptions","regular",0.2,"phi = 0.2",64,8,8,4,100000,20000,"VK_asym_full_oracle",0.9003,-0.0497,0.00094741706761067,-0.04996,0.0008318935655894,0.0997,1.4447923780418,0.8995,0.00212602622279218,20000,0.572974244165206,0.00111682859652398,0.157943414805032,0.562835400439905,0.460747240696506,0.675720635666044,0.784776227971791,0.846234553630465,0.572974244165206,0.957898983068298,1.10691348599501,0,0,0,0.00862
"gaussian_phi020_N64_M8_Q8","gaussian_phi020_N64","gaussian","regular_distribution_dependence","gaussian_phi_0.2","gaussian, phi = 0.2",0.2,64,8,8,64,0.5,NA,"Balanced distribution/dependence design","Gaussian",1,0,0,"inside formal moment assumptions","regular","phi = 0.2",0.5,4,2110065795,"gaussian_phi020_N64","gaussian","Gaussian","inside formal moment assumptions","regular",0.2,"phi = 0.2",64,8,8,4,100000,20000,"VK_leading_oracle",0.90486,-0.04514,0.000927838242367709,-0.0454,0.000816942515695406,0.09514,1.38913781802478,0.9046,0.00207724384702422,20000,0.583548510459977,0.00113807685389034,0.160948372179462,0.573120066044538,0.469084162458637,0.688124912537829,0.799336437395544,0.861759536078399,0.583548510459977,0.975577053302,1.127341625803,0,0,0,0.00862
"gaussian_phi020_N64_M8_Q8","gaussian_phi020_N64","gaussian","regular_distribution_dependence","gaussian_phi_0.2","gaussian, phi = 0.2",0.2,64,8,8,64,0.5,NA,"Balanced distribution/dependence design","Gaussian",1,0,0,"inside formal moment assumptions","regular","phi = 0.2",0.5,4,2110065795,"gaussian_phi020_N64","gaussian","Gaussian","inside formal moment assumptions","regular",0.2,"phi = 0.2",64,8,8,4,100000,20000,"VK_asym_full_feasible",0.89636,-0.0536399999999999,0.000963839978419654,-0.0539,0.000874617373229857,0.10364,1.48705257569526,0.89525,0.00216538030724397,20000,0.585939907855602,0.00129079224625003,0.182545590085283,0.575269489139511,0.455315441192101,0.705631777596463,0.829810742584805,0.900802987432736,0.585939907855602,0.979574994146128,1.13196150192229,0,0,0,0.00862
"gaussian_phi020_N64_M8_Q8","gaussian_phi020_N64","gaussian","regular_distribution_dependence","gaussian_phi_0.2","gaussian, phi = 0.2",0.2,64,8,8,64,0.5,NA,"Balanced distribution/dependence design","Gaussian",1,0,0,"inside formal moment assumptions","regular","phi = 0.2",0.5,4,2110065795,"gaussian_phi020_N64","gaussian","Gaussian","inside formal moment assumptions","regular",0.2,"phi = 0.2",64,8,8,4,100000,20000,"F_feasible_leading",0.90174,-0.04826,0.000941302142778821,-0.04852,0.000859572850115013,0.09826,1.42977011900438,0.90045,0.00211707106045121,20000,0.597385409324238,0.00131477083491112,0.18593667461439,0.586593503045767,0.464430922010338,0.719455163740963,0.84543619978159,0.918027900860886,0.597385409324238,0.998709596319192,1.15407275746061,0,0,0,0.00862
"gaussian_phi020_N100_M10_Q10","gaussian_phi020_N100","gaussian","regular_distribution_dependence","gaussian_phi_0.2","gaussian, phi = 0.2",0.2,100,10,10,100,0.5,NA,"Balanced distribution/dependence design","Gaussian",1,0,0,"inside formal moment assumptions","regular","phi = 0.2",0.5,5,2146065903,"gaussian_phi020_N100","gaussian","Gaussian","inside formal moment assumptions","regular",0.2,"phi = 0.2",100,10,10,5,100000,20000,"raw",0.89273,-0.0572699999999999,0.000978586465776019,-0.05685,0.000832098370913553,0.10727,1.59256267408066,0.8938,0.00217854951745422,20000,0.434001540277587,0.000741445789218018,0.104856269087654,0.430250918801353,0.360652199067564,0.502134128874635,0.571526913528487,0.610994849007197,0.434001540277587,0.905887412327838,1,0,0,0,0.00219
"gaussian_phi020_N100_M10_Q10","gaussian_phi020_N100","gaussian","regular_distribution_dependence","gaussian_phi_0.2","gaussian, phi = 0.2",0.2,100,10,10,100,0.5,NA,"Balanced distribution/dependence design","Gaussian",1,0,0,"inside formal moment assumptions","regular","phi = 0.2",0.5,5,2146065903,"gaussian_phi020_N100","gaussian","Gaussian","inside formal moment assumptions","regular",0.2,"phi = 0.2",100,10,10,5,100000,20000,"K_asym_full",0.91149,-0.0385099999999999,0.000898198084500295,-0.03809,0.000773820074032116,0.08851,1.38685666201191,0.9131,0.00199183822134229,20000,0.464577760418279,0.000795353552976956,0.112479978150164,0.460687560890076,0.385835478553566,0.537870526161009,0.612034432389675,0.655008298611338,0.464577760418279,0.969708874630257,1.07045187010428,0,0,0,0.00219
"gaussian_phi020_N100_M10_Q10","gaussian_phi020_N100","gaussian","regular_distribution_dependence","gaussian_phi_0.2","gaussian, phi = 0.2",0.2,100,10,10,100,0.5,NA,"Balanced distribution/dependence design","Gaussian",1,0,0,"inside formal moment assumptions","regular","phi = 0.2",0.5,5,2146065903,"gaussian_phi020_N100","gaussian","Gaussian","inside formal moment assumptions","regular",0.2,"phi = 0.2",100,10,10,5,100000,20000,"K_leading",0.91466,-0.0353399999999999,0.000883499204300717,-0.03492,0.000763421092266674,0.08534,1.35367827296856,0.91635,0.00195771138705377,20000,0.470124996501089,0.000805173539498568,0.113868733962282,0.466226744254361,0.390414556670922,0.544442700838668,0.619413964495753,0.662983474900606,0.470124996501089,0.981287569345059,1.08323347470241,0,0,0,0.00219
"gaussian_phi020_N100_M10_Q10","gaussian_phi020_N100","gaussian","regular_distribution_dependence","gaussian_phi_0.2","gaussian, phi = 0.2",0.2,100,10,10,100,0.5,NA,"Balanced distribution/dependence design","Gaussian",1,0,0,"inside formal moment assumptions","regular","phi = 0.2",0.5,5,2146065903,"gaussian_phi020_N100","gaussian","Gaussian","inside formal moment assumptions","regular",0.2,"phi = 0.2",100,10,10,5,100000,20000,"V_oracle",0.89829,-0.0517099999999999,0.000955850803734558,-0.05129,0.000814125289497796,0.10171,1.53259170154533,0.8998,0.00212320465334833,20000,0.442299709535483,0.000756039758772013,0.106920168054866,0.438432996197028,0.367368301440728,0.511814672735704,0.582570085055247,0.622939935359529,0.442299709535483,0.923208104487791,1.01912013780547,0,0,0,0.00219
"gaussian_phi020_N100_M10_Q10","gaussian_phi020_N100","gaussian","regular_distribution_dependence","gaussian_phi_0.2","gaussian, phi = 0.2",0.2,100,10,10,100,0.5,NA,"Balanced distribution/dependence design","Gaussian",1,0,0,"inside formal moment assumptions","regular","phi = 0.2",0.5,5,2146065903,"gaussian_phi020_N100","gaussian","Gaussian","inside formal moment assumptions","regular",0.2,"phi = 0.2",100,10,10,5,100000,20000,"V_feasible",0.89474,-0.05526,0.000970465519222605,-0.05484,0.000857748856793767,0.10526,1.57270441479888,0.89555,0.00216263956197051,20000,0.450389080442671,0.000886359429183361,0.125350152588838,0.445880122986582,0.361448103390066,0.532544676664311,0.614981737805373,0.662196458482995,0.450389080442671,0.94009297377601,1.03775917512782,0,0,0,0.00219
"gaussian_phi020_N100_M10_Q10","gaussian_phi020_N100","gaussian","regular_distribution_dependence","gaussian_phi_0.2","gaussian, phi = 0.2",0.2,100,10,10,100,0.5,NA,"Balanced distribution/dependence design","Gaussian",1,0,0,"inside formal moment assumptions","regular","phi = 0.2",0.5,5,2146065903,"gaussian_phi020_N100","gaussian","Gaussian","inside formal moment assumptions","regular",0.2,"phi = 0.2",100,10,10,5,100000,20000,"VK_asym_full_oracle",0.91653,-0.03347,0.000874658556809456,-0.03305,0.000756691945792347,0.08347,1.33463194009573,0.9181,0.00193897382653815,20000,0.473398226439141,0.000810973831396268,0.114689019109027,0.469344564927384,0.393108548711507,0.548162229149013,0.623726604782084,0.667699580204733,0.473398226439141,0.98811975200653,1.09077545240129,0,0,0,0.00219
"gaussian_phi020_N100_M10_Q10","gaussian_phi020_N100","gaussian","regular_distribution_dependence","gaussian_phi_0.2","gaussian, phi = 0.2",0.2,100,10,10,100,0.5,NA,"Balanced distribution/dependence design","Gaussian",1,0,0,"inside formal moment assumptions","regular","phi = 0.2",0.5,5,2146065903,"gaussian_phi020_N100","gaussian","Gaussian","inside formal moment assumptions","regular",0.2,"phi = 0.2",100,10,10,5,100000,20000,"VK_leading_oracle",0.91932,-0.0306799999999999,0.000861224347078042,-0.03026,0.000749298964692588,0.08068,1.30270294631354,0.9209,0.0019084442616959,20000,0.47903795771669,0.000820977929680917,0.116103812256374,0.474883475207183,0.397756149053089,0.554680992521928,0.631153956935065,0.675764774777291,0.47903795771669,0.99989151108825,1.10377017881157,0,0,0,0.00219
"gaussian_phi020_N100_M10_Q10","gaussian_phi020_N100","gaussian","regular_distribution_dependence","gaussian_phi_0.2","gaussian, phi = 0.2",0.2,100,10,10,100,0.5,NA,"Balanced distribution/dependence design","Gaussian",1,0,0,"inside formal moment assumptions","regular","phi = 0.2",0.5,5,2146065903,"gaussian_phi020_N100","gaussian","Gaussian","inside formal moment assumptions","regular",0.2,"phi = 0.2",100,10,10,5,100000,20000,"VK_asym_full_feasible",0.91343,-0.03657,0.000889244820620284,-0.03615,0.000799898851969256,0.08657,1.36956342788735,0.9152,0.0019698852758473,20000,0.483999422742424,0.000950698093317693,0.134449013729212,0.479242200559295,0.388576326470228,0.572023963212615,0.660548812134468,0.711388393185448,0.483999422742424,1.01024753127805,1.11520208530333,0,0,0,0.00219
"gaussian_phi020_N100_M10_Q10","gaussian_phi020_N100","gaussian","regular_distribution_dependence","gaussian_phi_0.2","gaussian, phi = 0.2",0.2,100,10,10,100,0.5,NA,"Balanced distribution/dependence design","Gaussian",1,0,0,"inside formal moment assumptions","regular","phi = 0.2",0.5,5,2146065903,"gaussian_phi020_N100","gaussian","Gaussian","inside formal moment assumptions","regular",0.2,"phi = 0.2",100,10,10,5,100000,20000,"F_feasible_leading",0.91643,-0.03357,0.00087513459022027,-0.03315,0.000790896346034233,0.08357,1.33679875257904,0.91805,0.00193951279320349,20000,0.490116523696034,0.000962360813868523,0.136098371486927,0.485329219167829,0.393599344360689,0.579107396234016,0.668659583415248,0.720340395550049,0.490116523696034,1.02301569968194,1.12929673793912,0,0,0,0.00219
"gaussian_phi020_N225_M15_Q15","gaussian_phi020_N225","gaussian","regular_distribution_dependence","gaussian_phi_0.2","gaussian, phi = 0.2",0.2,225,15,15,225,0.5,NA,"Balanced distribution/dependence design","Gaussian",1,0,0,"inside formal moment assumptions","regular","phi = 0.2",0.5,7,123582632,"gaussian_phi020_N225","gaussian","Gaussian","inside formal moment assumptions","regular",0.2,"phi = 0.2",225,15,15,7,100000,20000,"raw",0.9181,-0.0318999999999999,0.000867135456546438,-0.03225,0.000693328336390357,0.0819,1.30619715138074,0.9169,0.00195185027602017,20000,0.30431956641271,0.000412639689589874,0.0583560645391423,0.302764926382236,0.26280662560084,0.342659273283573,0.380943723930409,0.403182579526655,0.30431956641271,0.951699665456008,1,0,0,0,8e-05
"gaussian_phi020_N225_M15_Q15","gaussian_phi020_N225","gaussian","regular_distribution_dependence","gaussian_phi_0.2","gaussian, phi = 0.2",0.2,225,15,15,225,0.5,NA,"Balanced distribution/dependence design","Gaussian",1,0,0,"inside formal moment assumptions","regular","phi = 0.2",0.5,7,123582632,"gaussian_phi020_N225","gaussian","Gaussian","inside formal moment assumptions","regular",0.2,"phi = 0.2",225,15,15,7,100000,20000,"K_asym_full",0.93084,-0.01916,0.000802352132171405,-0.01951,0.000651227947786641,0.06916,1.18767185431101,0.93025,0.0018011793011802,20000,0.319506208957801,0.000433998521754604,0.0613766595515235,0.317861277948821,0.275779644006785,0.359823594887976,0.400054547616419,0.423624970613386,0.319506208957801,0.999192906853315,1.04990360207235,0,0,0,8e-05
"gaussian_phi020_N225_M15_Q15","gaussian_phi020_N225","gaussian","regular_distribution_dependence","gaussian_phi_0.2","gaussian, phi = 0.2",0.2,225,15,15,225,0.5,NA,"Balanced distribution/dependence design","Gaussian",1,0,0,"inside formal moment assumptions","regular","phi = 0.2",0.5,7,123582632,"gaussian_phi020_N225","gaussian","Gaussian","inside formal moment assumptions","regular",0.2,"phi = 0.2",225,15,15,7,100000,20000,"K_leading",0.93212,-0.01788,0.000795438907773564,-0.01823,0.000645895380699094,0.0678800000000001,1.17557743624267,0.93125,0.00178918190103745,20000,0.321184845077931,0.00043636709985519,0.0617116270788624,0.319509719601621,0.277174349151133,0.361760186128701,0.402163933824047,0.42586334517812,0.321184845077931,1.00444251157897,1.05541963293398,0,0,0,8e-05
"gaussian_phi020_N225_M15_Q15","gaussian_phi020_N225","gaussian","regular_distribution_dependence","gaussian_phi_0.2","gaussian, phi = 0.2",0.2,225,15,15,225,0.5,NA,"Balanced distribution/dependence design","Gaussian",1,0,0,"inside formal moment assumptions","regular","phi = 0.2",0.5,7,123582632,"gaussian_phi020_N225","gaussian","Gaussian","inside formal moment assumptions","regular",0.2,"phi = 0.2",225,15,15,7,100000,20000,"V_oracle",0.92205,-0.0279499999999999,0.000847784155902904,-0.0283,0.000679996855843643,0.07795,1.27226995264477,0.92105,0.00190678915326263,20000,0.308447179555027,0.000418432577429392,0.0591753025939376,0.30683016990652,0.266335823945501,0.347315558258464,0.386122376396091,0.408676461384085,0.308447179555027,0.964607964757889,1.01356341687448,0,0,0,8e-05
"gaussian_phi020_N225_M15_Q15","gaussian_phi020_N225","gaussian","regular_distribution_dependence","gaussian_phi_0.2","gaussian, phi = 0.2",0.2,225,15,15,225,0.5,NA,"Balanced distribution/dependence design","Gaussian",1,0,0,"inside formal moment assumptions","regular","phi = 0.2",0.5,7,123582632,"gaussian_phi020_N225","gaussian","Gaussian","inside formal moment assumptions","regular",0.2,"phi = 0.2",225,15,15,7,100000,20000,"V_feasible",0.91923,-0.03077,0.000861662388061589,-0.03112,0.000722440776262492,0.08077,1.29579007439819,0.91745,0.00194596373938468,20000,0.312422474337402,0.000490142939164822,0.0693166792068302,0.31004878065989,0.263260076526299,0.357836299255958,0.403151178433017,0.430617661264853,0.312422474337402,0.977039918309455,1.02662631266273,0,0,0,8e-05
"gaussian_phi020_N225_M15_Q15","gaussian_phi020_N225","gaussian","regular_distribution_dependence","gaussian_phi_0.2","gaussian, phi = 0.2",0.2,225,15,15,225,0.5,NA,"Balanced distribution/dependence design","Gaussian",1,0,0,"inside formal moment assumptions","regular","phi = 0.2",0.5,7,123582632,"gaussian_phi020_N225","gaussian","Gaussian","inside formal moment assumptions","regular",0.2,"phi = 0.2",225,15,15,7,100000,20000,"VK_asym_full_oracle",0.93418,-0.0158199999999999,0.000784141107199463,-0.01617,0.000639444602677979,0.06582,1.1568232347196,0.9329,0.00176914654565415,20000,0.323840075860757,0.000440116853638455,0.0622419223444478,0.322182070873548,0.279495714330871,0.364771906909109,0.405509482448808,0.429495163720435,0.323840075860757,1.01274622427649,1.06414477280627,0,0,0,8e-05
"gaussian_phi020_N225_M15_Q15","gaussian_phi020_N225","gaussian","regular_distribution_dependence","gaussian_phi_0.2","gaussian, phi = 0.2",0.2,225,15,15,225,0.5,NA,"Balanced distribution/dependence design","Gaussian",1,0,0,"inside formal moment assumptions","regular","phi = 0.2",0.5,7,123582632,"gaussian_phi020_N225","gaussian","Gaussian","inside formal moment assumptions","regular",0.2,"phi = 0.2",225,15,15,7,100000,20000,"VK_leading_oracle",0.93536,-0.01464,0.000777571028266872,-0.01499,0.000636126595553476,0.06464,1.14504295738029,0.9336,0.00176055445811824,20000,0.325541421527758,0.000442521580971646,0.0625820021452885,0.323859509242865,0.280953388077864,0.366686149319581,0.407702993269838,0.431772628314755,0.325541421527758,1.01806684864907,1.06973542767956,0,0,0,8e-05
"gaussian_phi020_N225_M15_Q15","gaussian_phi020_N225","gaussian","regular_distribution_dependence","gaussian_phi_0.2","gaussian, phi = 0.2",0.2,225,15,15,225,0.5,NA,"Balanced distribution/dependence design","Gaussian",1,0,0,"inside formal moment assumptions","regular","phi = 0.2",0.5,7,123582632,"gaussian_phi020_N225","gaussian","Gaussian","inside formal moment assumptions","regular",0.2,"phi = 0.2",225,15,15,7,100000,20000,"VK_asym_full_feasible",0.93155,-0.01845,0.000798527378992104,-0.0188,0.000684302771222525,0.06845,1.1782091232028,0.92985,0.00180594819277852,20000,0.328755383788029,0.000515920212803864,0.0729621362049638,0.326277669890359,0.277115572916861,0.37647086004202,0.424337334149501,0.453157168050509,0.328755383788029,1.02811788428882,1.0802965700279,0,0,0,8e-05
"gaussian_phi020_N225_M15_Q15","gaussian_phi020_N225","gaussian","regular_distribution_dependence","gaussian_phi_0.2","gaussian, phi = 0.2",0.2,225,15,15,225,0.5,NA,"Balanced distribution/dependence design","Gaussian",1,0,0,"inside formal moment assumptions","regular","phi = 0.2",0.5,7,123582632,"gaussian_phi020_N225","gaussian","Gaussian","inside formal moment assumptions","regular",0.2,"phi = 0.2",225,15,15,7,100000,20000,"F_feasible_leading",0.93281,-0.0171899999999999,0.00079167862103255,-0.01754,0.000679505777224162,0.06719,1.16621106695837,0.931,0.00179219139602889,20000,0.330565650640909,0.000518777952419288,0.0733662816171502,0.328039045840093,0.27859047939195,0.378541628669278,0.426660493406478,0.455638971456982,0.330565650640909,1.0337791382745,1.0862451420314,0,0,0,8e-05
"gaussian_phi020_N400_M20_Q20","gaussian_phi020_N400","gaussian","regular_distribution_dependence","gaussian_phi_0.2","gaussian, phi = 0.2",0.2,400,20,20,400,0.5,NA,"Balanced distribution/dependence design","Gaussian",1,0,0,"inside formal moment assumptions","regular","phi = 0.2",0.5,10,298583157,"gaussian_phi020_N400","gaussian","Gaussian","inside formal moment assumptions","regular",0.2,"phi = 0.2",400,20,20,10,100000,20000,"raw",0.92951,-0.02049,0.000809451418554567,-0.02051,0.000608849000960878,0.0704900000000001,1.17803711670009,0.93165,0.00178435250861482,20000,0.233581594397996,0.000273935658068111,0.0387403522857521,0.232529051685802,0.206623499451476,0.259204136321078,0.283839132743114,0.29911218249762,0.233581594397996,0.973579029818788,1,0,0,0,0
"gaussian_phi020_N400_M20_Q20","gaussian_phi020_N400","gaussian","regular_distribution_dependence","gaussian_phi_0.2","gaussian, phi = 0.2",0.2,400,20,20,400,0.5,NA,"Balanced distribution/dependence design","Gaussian",1,0,0,"inside formal moment assumptions","regular","phi = 0.2",0.5,10,298583157,"gaussian_phi020_N400","gaussian","Gaussian","inside formal moment assumptions","regular",0.2,"phi = 0.2",400,20,20,10,100000,20000,"K_asym_full",0.93849,-0.0115099999999999,0.000759779704256437,-0.01153,0.000582214720476739,0.06151,1.09581994293039,0.9412,0.00166346866516926,20000,0.242497146525549,0.000284747278394869,0.0402693462954851,0.241404643890654,0.214516672921724,0.269119315521102,0.294655788334768,0.310588882111256,0.242497146525549,1.0107394688209,1.03816889832665,0,0,0,0
"gaussian_phi020_N400_M20_Q20","gaussian_phi020_N400","gaussian","regular_distribution_dependence","gaussian_phi_0.2","gaussian, phi = 0.2",0.2,400,20,20,400,0.5,NA,"Balanced distribution/dependence design","Gaussian",1,0,0,"inside formal moment assumptions","regular","phi = 0.2",0.5,10,298583157,"gaussian_phi020_N400","gaussian","Gaussian","inside formal moment assumptions","regular",0.2,"phi = 0.2",400,20,20,10,100000,20000,"K_leading",0.93926,-0.01074,0.000755318822749705,-0.01076,0.000579694388842815,0.06074,1.08968433294758,0.9415,0.00165948410658252,20000,0.243203690001315,0.000285606173006075,0.0403908123362667,0.242107371698462,0.215137482384347,0.269883554767988,0.295519699987113,0.311497264055782,0.243203690001315,1.01368437513269,1.0411937234529,0,0,0,0
"gaussian_phi020_N400_M20_Q20","gaussian_phi020_N400","gaussian","regular_distribution_dependence","gaussian_phi_0.2","gaussian, phi = 0.2",0.2,400,20,20,400,0.5,NA,"Balanced distribution/dependence design","Gaussian",1,0,0,"inside formal moment assumptions","regular","phi = 0.2",0.5,10,298583157,"gaussian_phi020_N400","gaussian","Gaussian","inside formal moment assumptions","regular",0.2,"phi = 0.2",400,20,20,10,100000,20000,"V_oracle",0.93211,-0.01789,0.00079549323001519,-0.01791,0.000601411619408338,0.06789,1.15469748665076,0.93445,0.00175004567797529,20000,0.236013067699686,0.000276879440758119,0.039156666026241,0.2349772461809,0.20872847682804,0.261892110718262,0.286804305544867,0.302216918916216,0.236013067699686,0.9837135244659,1.01040952438037,0,0,0,0
"gaussian_phi020_N400_M20_Q20","gaussian_phi020_N400","gaussian","regular_distribution_dependence","gaussian_phi_0.2","gaussian, phi = 0.2",0.2,400,20,20,400,0.5,NA,"Balanced distribution/dependence design","Gaussian",1,0,0,"inside formal moment assumptions","regular","phi = 0.2",0.5,10,298583157,"gaussian_phi020_N400","gaussian","Gaussian","inside formal moment assumptions","regular",0.2,"phi = 0.2",400,20,20,10,100000,20000,"V_feasible",0.93007,-0.01993,0.000806472535800197,-0.01995,0.000646315830102839,0.06993,1.17287407939432,0.9316,0.00178495714234264,20000,0.238886851850436,0.000331070737268926,0.0468204726750576,0.237550082844437,0.206192326709675,0.269344245351277,0.299899743804794,0.318422484841702,0.238886851850436,0.995691591456181,1.02271265193696,0,0,0,0
"gaussian_phi020_N400_M20_Q20","gaussian_phi020_N400","gaussian","regular_distribution_dependence","gaussian_phi_0.2","gaussian, phi = 0.2",0.2,400,20,20,400,0.5,NA,"Balanced distribution/dependence design","Gaussian",1,0,0,"inside formal moment assumptions","regular","phi = 0.2",0.5,10,298583157,"gaussian_phi020_N400","gaussian","Gaussian","inside formal moment assumptions","regular",0.2,"phi = 0.2",400,20,20,10,100000,20000,"VK_asym_full_oracle",0.94083,-0.0091699999999999,0.000746116017117981,-0.00919,0.000575029343240374,0.0591699999999999,1.0741092245616,0.94325,0.00163599262681713,20000,0.245025030728008,0.000287821689655405,0.0407041337055813,0.243914205889959,0.216739095124818,0.271899663377726,0.297797486313882,0.313821192047914,0.245025030728008,1.0212758086197,1.0489911731252,0,0,0,0
"gaussian_phi020_N400_M20_Q20","gaussian_phi020_N400","gaussian","regular_distribution_dependence","gaussian_phi_0.2","gaussian, phi = 0.2",0.2,400,20,20,400,0.5,NA,"Balanced distribution/dependence design","Gaussian",1,0,0,"inside formal moment assumptions","regular","phi = 0.2",0.5,10,298583157,"gaussian_phi020_N400","gaussian","Gaussian","inside formal moment assumptions","regular",0.2,"phi = 0.2",400,20,20,10,100000,20000,"VK_leading_oracle",0.94125,-0.00874999999999992,0.000743629191869173,-0.00877,0.000573527820024106,0.05875,1.06809517515196,0.94385,0.00162783871283368,20000,0.245739215505672,0.000288691008737203,0.0408270739891323,0.244611691681268,0.217362127006062,0.27269961526194,0.298662915747379,0.314744464342315,0.245739215505672,1.02425256423583,1.05204871188164,0,0,0,0
"gaussian_phi020_N400_M20_Q20","gaussian_phi020_N400","gaussian","regular_distribution_dependence","gaussian_phi_0.2","gaussian, phi = 0.2",0.2,400,20,20,400,0.5,NA,"Balanced distribution/dependence design","Gaussian",1,0,0,"inside formal moment assumptions","regular","phi = 0.2",0.5,10,298583157,"gaussian_phi020_N400","gaussian","Gaussian","inside formal moment assumptions","regular",0.2,"phi = 0.2",400,20,20,10,100000,20000,"VK_asym_full_feasible",0.93912,-0.01088,0.000756132432844935,-0.0109,0.000615967283349482,0.06088,1.09101724260326,0.9397,0.0016832098799615,20000,0.24841771865432,0.000344400272349158,0.0487055536041168,0.247069741456706,0.214418112294493,0.280090582650622,0.311970237880687,0.331217427977678,0.24841771865432,1.03541669085954,1.06351581037265,0,0,0,0
"gaussian_phi020_N400_M20_Q20","gaussian_phi020_N400","gaussian","regular_distribution_dependence","gaussian_phi_0.2","gaussian, phi = 0.2",0.2,400,20,20,400,0.5,NA,"Balanced distribution/dependence design","Gaussian",1,0,0,"inside formal moment assumptions","regular","phi = 0.2",0.5,10,298583157,"gaussian_phi020_N400","gaussian","Gaussian","inside formal moment assumptions","regular",0.2,"phi = 0.2",400,20,20,10,100000,20000,"F_feasible_leading",0.93977,-0.01023,0.000752345313669195,-0.01025,0.000615022891876047,0.06023,1.08490852343975,0.9405,0.00167271859558026,20000,0.24917470383616,0.000345459537384833,0.0488553563020767,0.247845891338086,0.215062910083702,0.280935126287185,0.312902634545422,0.332239315347414,0.24917470383616,1.03857184056568,1.0667565844747,0,0,0,0
"gaussian_phi020_N1024_M32_Q32","gaussian_phi020_N1024","gaussian","regular_distribution_dependence","gaussian_phi_0.2","gaussian, phi = 0.2",0.2,1024,32,32,1024,0.5,NA,"Balanced distribution/dependence design","Gaussian",1,0,0,"inside formal moment assumptions","regular","phi = 0.2",0.5,13,922585029,"gaussian_phi020_N1024","gaussian","Gaussian","inside formal moment assumptions","regular",0.2,"phi = 0.2",1024,32,32,13,100000,20000,"raw",0.93871,-0.0112899999999999,0.000758508641348271,-0.01142,0.000517395895794632,0.06129,1.09703659814364,0.9385,0.00169879001056634,20000,0.148155782494022,0.000134278079017763,0.0189897880476327,0.147685964412792,0.135062360239915,0.160502668515737,0.172870770485853,0.180293753913685,0.148155782494022,0.987718627171911,1,0,0,0,0
"gaussian_phi020_N1024_M32_Q32","gaussian_phi020_N1024","gaussian","regular_distribution_dependence","gaussian_phi_0.2","gaussian, phi = 0.2",0.2,1024,32,32,1024,0.5,NA,"Balanced distribution/dependence design","Gaussian",1,0,0,"inside formal moment assumptions","regular","phi = 0.2",0.5,13,922585029,"gaussian_phi020_N1024","gaussian","Gaussian","inside formal moment assumptions","regular",0.2,"phi = 0.2",1024,32,32,13,100000,20000,"K_asym_full",0.94433,-0.00566999999999995,0.000725057591505668,-0.0058,0.000500465887609782,0.05567,1.04784493427831,0.94335,0.00163463723039701,20000,0.151724302474966,0.000137614759409166,0.0194616659139153,0.151235513749066,0.138297346614405,0.164331637897111,0.177054573089737,0.18468664904374,0.151724302474966,1.0115090833882,1.02408626866176,0,0,0,0
"gaussian_phi020_N1024_M32_Q32","gaussian_phi020_N1024","gaussian","regular_distribution_dependence","gaussian_phi_0.2","gaussian, phi = 0.2",0.2,1024,32,32,1024,0.5,NA,"Balanced distribution/dependence design","Gaussian",1,0,0,"inside formal moment assumptions","regular","phi = 0.2",0.5,13,922585029,"gaussian_phi020_N1024","gaussian","Gaussian","inside formal moment assumptions","regular",0.2,"phi = 0.2",1024,32,32,13,100000,20000,"K_leading",0.94466,-0.0053399999999999,0.000723031703315975,-0.00547,0.000499803250322455,0.0553399999999999,1.04561300760566,0.9437,0.00162988205094725,20000,0.151892361991777,0.000137772139180718,0.0194839227746525,0.151401631003635,0.138454743938732,0.164513938587625,0.177249344478772,0.18489885729319,0.151892361991777,1.0126294953791,1.02522061194544,0,0,0,0
"gaussian_phi020_N1024_M32_Q32","gaussian_phi020_N1024","gaussian","regular_distribution_dependence","gaussian_phi_0.2","gaussian, phi = 0.2",0.2,1024,32,32,1024,0.5,NA,"Balanced distribution/dependence design","Gaussian",1,0,0,"inside formal moment assumptions","regular","phi = 0.2",0.5,13,922585029,"gaussian_phi020_N1024","gaussian","Gaussian","inside formal moment assumptions","regular",0.2,"phi = 0.2",1024,32,32,13,100000,20000,"V_oracle",0.94036,-0.00963999999999998,0.000748886309128429,-0.00977,0.000513953414699353,0.05964,1.08319301980673,0.94005,0.00167863035686836,20000,0.149134606849529,0.000135192357123859,0.0191190864973749,0.148656002881126,0.135956833393905,0.161555805798393,0.174007198472396,0.181498896142963,0.149134606849529,0.994244211475057,1.00660672394306,0,0,0,0
"gaussian_phi020_N1024_M32_Q32","gaussian_phi020_N1024","gaussian","regular_distribution_dependence","gaussian_phi_0.2","gaussian, phi = 0.2",0.2,1024,32,32,1024,0.5,NA,"Balanced distribution/dependence design","Gaussian",1,0,0,"inside formal moment assumptions","regular","phi = 0.2",0.5,13,922585029,"gaussian_phi020_N1024","gaussian","Gaussian","inside formal moment assumptions","regular",0.2,"phi = 0.2",1024,32,32,13,100000,20000,"V_feasible",0.93951,-0.01049,0.000753863116885287,-0.01062,0.000541917976035975,0.06049,1.09114829641207,0.93915,0.00169037388615655,20000,0.149885215441865,0.00015409501779279,0.0217923264056687,0.14923355729689,0.134779352558808,0.164180819214174,0.178302208759265,0.187043883289144,0.149885215441865,0.999248336699774,1.01167307086318,0,0,0,0
"gaussian_phi020_N1024_M32_Q32","gaussian_phi020_N1024","gaussian","regular_distribution_dependence","gaussian_phi_0.2","gaussian, phi = 0.2",0.2,1024,32,32,1024,0.5,NA,"Balanced distribution/dependence design","Gaussian",1,0,0,"inside formal moment assumptions","regular","phi = 0.2",0.5,13,922585029,"gaussian_phi020_N1024","gaussian","Gaussian","inside formal moment assumptions","regular",0.2,"phi = 0.2",1024,32,32,13,100000,20000,"VK_asym_full_oracle",0.94578,-0.00422,0.000716101889398429,-0.00435,0.000496098010611171,0.05422,1.03462210884371,0.9446,0.00161757287316522,20000,0.152728141123222,0.000138555130801079,0.0195946545115264,0.152227161828689,0.139211583583519,0.165428658542752,0.178220799133158,0.185927370666603,0.152728141123222,1.01820143190721,1.03086183038036,0,0,0,0
"gaussian_phi020_N1024_M32_Q32","gaussian_phi020_N1024","gaussian","regular_distribution_dependence","gaussian_phi_0.2","gaussian, phi = 0.2",0.2,1024,32,32,1024,0.5,NA,"Balanced distribution/dependence design","Gaussian",1,0,0,"inside formal moment assumptions","regular","phi = 0.2",0.5,13,922585029,"gaussian_phi020_N1024","gaussian","Gaussian","inside formal moment assumptions","regular",0.2,"phi = 0.2",1024,32,32,13,100000,20000,"VK_leading_oracle",0.94608,-0.00391999999999992,0.000714231290269475,-0.00405,0.000496526374308962,0.05392,1.03241834700329,0.94495,0.00161275381723312,20000,0.152897380460152,0.000138713747126734,0.0196170862474219,0.152393521692889,0.139369725473459,0.165617176152191,0.178415879302159,0.186134112962631,0.152897380460152,1.01932970947236,1.03200413703948,0,0,0,0
"gaussian_phi020_N1024_M32_Q32","gaussian_phi020_N1024","gaussian","regular_distribution_dependence","gaussian_phi_0.2","gaussian, phi = 0.2",0.2,1024,32,32,1024,0.5,NA,"Balanced distribution/dependence design","Gaussian",1,0,0,"inside formal moment assumptions","regular","phi = 0.2",0.5,13,922585029,"gaussian_phi020_N1024","gaussian","Gaussian","inside formal moment assumptions","regular",0.2,"phi = 0.2",1024,32,32,13,100000,20000,"VK_asym_full_feasible",0.94509,-0.00490999999999997,0.000720381092894587,-0.00504,0.000524164794208191,0.05491,1.04222066690987,0.94425,0.00162237383947104,20000,0.153569895493599,0.000157987174144334,0.0223427604355917,0.152881497809828,0.138090618723187,0.168218145267012,0.18266197866862,0.191666026953014,0.153569895493599,1.0238132039024,1.03654337959975,0,0,0,0
"gaussian_phi020_N1024_M32_Q32","gaussian_phi020_N1024","gaussian","regular_distribution_dependence","gaussian_phi_0.2","gaussian, phi = 0.2",0.2,1024,32,32,1024,0.5,NA,"Balanced distribution/dependence design","Gaussian",1,0,0,"inside formal moment assumptions","regular","phi = 0.2",0.5,13,922585029,"gaussian_phi020_N1024","gaussian","Gaussian","inside formal moment assumptions","regular",0.2,"phi = 0.2",1024,32,32,13,100000,20000,"F_feasible_leading",0.9453,-0.00469999999999993,0.000719082123265486,-0.00483,0.000524089169602442,0.0547,1.04000072001775,0.9445,0.00161894641665498,20000,0.153743549390402,0.00015817083798234,0.0223687344246543,0.153055810378451,0.13824199174205,0.168408171049758,0.182868371777949,0.191882646009282,0.153743549390402,1.0249709122663,1.03771548300253,0,0,0,0
"gaussian_phi020_N4096_M64_Q64","gaussian_phi020_N4096","gaussian","regular_distribution_dependence","gaussian_phi_0.2","gaussian, phi = 0.2",0.2,4096,64,64,4096,0.5,NA,"Balanced distribution/dependence design","Gaussian",1,0,0,"inside formal moment assumptions","regular","phi = 0.2",0.5,17,1847110599,"gaussian_phi020_N4096","gaussian","Gaussian","inside formal moment assumptions","regular",0.2,"phi = 0.2",4096,64,64,17,100000,20000,"V_feasible",0.94588,-0.0041199999999999,0.000715479039525268,-0.00417,0.000433506620802846,0.0541199999999999,1.03097972865772,0.9458,0.00160097407849097,20000,0.0752054743677125,5.07297888779136e-05,0.00717427554474692,0.075039801156212,0.0703082437259722,0.0799728406236235,0.0845092490322448,0.0873101795537759,0.0752054743677125,1.00260023766022,1.0045055248088,0,0,0,0
"gaussian_phi020_N4096_M64_Q64","gaussian_phi020_N4096","gaussian","regular_distribution_dependence","gaussian_phi_0.2","gaussian, phi = 0.2",0.2,4096,64,64,4096,0.5,NA,"Balanced distribution/dependence design","Gaussian",1,0,0,"inside formal moment assumptions","regular","phi = 0.2",0.5,17,1847110599,"gaussian_phi020_N4096","gaussian","Gaussian","inside formal moment assumptions","regular",0.2,"phi = 0.2",4096,64,64,17,100000,20000,"VK_asym_full_oracle",0.94866,-0.00134000000000001,0.0006978839760304,-0.00139,0.000414828156980693,0.0513400000000001,1.00564808642125,0.9484,0.00156424806216917,20000,0.0760150914367643,4.82098657670812e-05,0.00681790460079926,0.0758550128822196,0.0713429780394887,0.0805625824674322,0.0848267703149236,0.0874875784096302,0.0760150914367643,1.01339363099587,1.01531942932412,0,0,0,0
"gaussian_phi020_N4096_M64_Q64","gaussian_phi020_N4096","gaussian","regular_distribution_dependence","gaussian_phi_0.2","gaussian, phi = 0.2",0.2,4096,64,64,4096,0.5,NA,"Balanced distribution/dependence design","Gaussian",1,0,0,"inside formal moment assumptions","regular","phi = 0.2",0.5,17,1847110599,"gaussian_phi020_N4096","gaussian","Gaussian","inside formal moment assumptions","regular",0.2,"phi = 0.2",4096,64,64,17,100000,20000,"VK_leading_oracle",0.94874,-0.00125999999999993,0.000697369431506716,-0.00131,0.000414589625829661,0.05126,1.00512458403373,0.94845,0.00156353121970749,20000,0.0760354141807362,4.82229233426851e-05,0.00681975122085034,0.0758753762554305,0.0713617691360431,0.0805841535132318,0.0848492557219686,0.0875114473396789,0.0760354141807362,1.01366456323993,1.01559087643313,0,0,0,0
"gaussian_phi020_N4096_M64_Q64","gaussian_phi020_N4096","gaussian","regular_distribution_dependence","gaussian_phi_0.2","gaussian, phi = 0.2",0.2,4096,64,64,4096,0.5,NA,"Balanced distribution/dependence design","Gaussian",1,0,0,"inside formal moment assumptions","regular","phi = 0.2",0.5,17,1847110599,"gaussian_phi020_N4096","gaussian","Gaussian","inside formal moment assumptions","regular",0.2,"phi = 0.2",4096,64,64,17,100000,20000,"VK_asym_full_feasible",0.94841,-0.00158999999999998,0.000699488898410833,-0.00164,0.000427287876904198,0.05159,1.00734052467421,0.94845,0.00156353121970749,20000,0.0761101025421988,5.1349380768351e-05,0.00726189907020621,0.0759420434160367,0.0711515361092294,0.0809400407367079,0.085530771867643,0.0883667600992643,0.0761101025421988,1.01466026959751,1.01658847497711,0,0,0,0
"gaussian_phi020_N4096_M64_Q64","gaussian_phi020_N4096","gaussian","regular_distribution_dependence","gaussian_phi_0.2","gaussian, phi = 0.2",0.2,4096,64,64,4096,0.5,NA,"Balanced distribution/dependence design","Gaussian",1,0,0,"inside formal moment assumptions","regular","phi = 0.2",0.5,17,1847110599,"gaussian_phi020_N4096","gaussian","Gaussian","inside formal moment assumptions","regular",0.2,"phi = 0.2",4096,64,64,17,100000,20000,"F_feasible_leading",0.94849,-0.0015099999999999,0.000698975821470242,-0.00156,0.000426353705008902,0.0515099999999999,1.0068161412673,0.9486,0.00156137823732752,20000,0.0761305414179238,5.13633855743726e-05,0.00726387964886763,0.0759620959009428,0.0711704403151493,0.0809625090364146,0.0855537986254436,0.088390594090019,0.0761305414179238,1.01493275004966,1.01686147323634,0,0,0,0
"gaussian_phi020_N4096_M64_Q64","gaussian_phi020_N4096","gaussian","regular_distribution_dependence","gaussian_phi_0.2","gaussian, phi = 0.2",0.2,4096,64,64,4096,0.5,NA,"Balanced distribution/dependence design","Gaussian",1,0,0,"inside formal moment assumptions","regular","phi = 0.2",0.5,17,1847110599,"gaussian_phi020_N4096","gaussian","Gaussian","inside formal moment assumptions","regular",0.2,"phi = 0.2",4096,64,64,17,100000,20000,"raw",0.94525,-0.00474999999999992,0.000719391670093559,-0.0048,0.000423522601184325,0.05475,1.03588692910104,0.94525,0.0016086086767763,20000,0.074868154042286,4.74733122246767e-05,0.00671374019989102,0.0747111915767163,0.0702699072571375,0.0793483269931019,0.083547878335972,0.0861608576896125,0.074868154042286,0.99810325866655,1,0,0,0,0
"gaussian_phi020_N4096_M64_Q64","gaussian_phi020_N4096","gaussian","regular_distribution_dependence","gaussian_phi_0.2","gaussian, phi = 0.2",0.2,4096,64,64,4096,0.5,NA,"Balanced distribution/dependence design","Gaussian",1,0,0,"inside formal moment assumptions","regular","phi = 0.2",0.5,17,1847110599,"gaussian_phi020_N4096","gaussian","Gaussian","inside formal moment assumptions","regular",0.2,"phi = 0.2",4096,64,64,17,100000,20000,"K_asym_full",0.948,-0.002,0.000702111102319284,-0.00205,0.000415523406798,0.052,1.01213520853836,0.9479,0.00157139412624586,20000,0.0757646010025271,4.80489412155314e-05,0.00679514643246721,0.0756047134162235,0.0711077204588339,0.080297169873153,0.0845461225473988,0.0872000163915257,0.0757646010025271,1.01005422291409,1.01197367521223,0,0,0,0
"gaussian_phi020_N4096_M64_Q64","gaussian_phi020_N4096","gaussian","regular_distribution_dependence","gaussian_phi_0.2","gaussian, phi = 0.2",0.2,4096,64,64,4096,0.5,NA,"Balanced distribution/dependence design","Gaussian",1,0,0,"inside formal moment assumptions","regular","phi = 0.2",0.5,17,1847110599,"gaussian_phi020_N4096","gaussian","Gaussian","inside formal moment assumptions","regular",0.2,"phi = 0.2",4096,64,64,17,100000,20000,"K_leading",0.94807,-0.00192999999999999,0.000701664272284118,-0.00198,0.000415165653233979,0.05193,1.01160832920023,0.9479,0.00157139412624586,20000,0.0757848533377442,4.80619508362758e-05,0.00679698627067701,0.0756250540510234,0.0711267577544029,0.0803186885640499,0.0845689411259521,0.0872230182807342,0.0757848533377442,1.01032421650528,1.0122441818846,0,0,0,0
"gaussian_phi020_N4096_M64_Q64","gaussian_phi020_N4096","gaussian","regular_distribution_dependence","gaussian_phi_0.2","gaussian, phi = 0.2",0.2,4096,64,64,4096,0.5,NA,"Balanced distribution/dependence design","Gaussian",1,0,0,"inside formal moment assumptions","regular","phi = 0.2",0.5,17,1847110599,"gaussian_phi020_N4096","gaussian","Gaussian","inside formal moment assumptions","regular",0.2,"phi = 0.2",4096,64,64,17,100000,20000,"V_oracle",0.94596,-0.00403999999999993,0.000714980268259201,-0.00409,0.000421111021400442,0.05404,1.02924757405054,0.94585,0.00160027774932978,20000,0.0751155305526624,4.76321147265359e-05,0.00673619826507783,0.0749568919521103,0.07050004393898,0.0796108104942104,0.0838217534959157,0.0864483395882346,0.0751155305526624,1.00140115353631,1.00330416201041,0,0,0,0
"gaussian_phi020_N8100_M90_Q90","gaussian_phi020_N8100","gaussian","regular_distribution_dependence","gaussian_phi_0.2","gaussian, phi = 0.2",0.2,8100,90,90,8100,0.5,NA,"Balanced distribution/dependence design","Gaussian",1,0,0,"inside formal moment assumptions","regular","phi = 0.2",0.5,19,1556155319,"gaussian_phi020_N8100","gaussian","Gaussian","inside formal moment assumptions","regular",0.2,"phi = 0.2",8100,90,90,19,100000,20000,"raw",0.94753,-0.00246999999999997,0.000705102113881387,-0.00305,0.000387825320324487,0.05247,1.02662546931441,0.9458,0.00160097407849097,20000,0.0532205706434046,2.80565412262881e-05,0.00396779411154966,0.0531676404215892,0.0505003964966806,0.0558746107278417,0.0583237981686898,0.0598204453528536,0.0532205706434046,0.997721866456269,1,0,0,0,0
"gaussian_phi020_N8100_M90_Q90","gaussian_phi020_N8100","gaussian","regular_distribution_dependence","gaussian_phi_0.2","gaussian, phi = 0.2",0.2,8100,90,90,8100,0.5,NA,"Balanced distribution/dependence design","Gaussian",1,0,0,"inside formal moment assumptions","regular","phi = 0.2",0.5,19,1556155319,"gaussian_phi020_N8100","gaussian","Gaussian","inside formal moment assumptions","regular",0.2,"phi = 0.2",8100,90,90,19,100000,20000,"K_asym_full",0.94942,-0.000579999999999914,0.000692976648957235,-0.00116,0.000382345401280124,0.05058,1.00977909458646,0.9478,0.00157281848920974,20000,0.0536715764766699,2.829666586587e-05,0.00400175286374532,0.0536171800470461,0.0509287889821836,0.0563458064002692,0.0588204293614065,0.0603265158487351,0.0536715764766699,1.00617683746293,1.00847427654031,0,0,0,0
"gaussian_phi020_N8100_M90_Q90","gaussian_phi020_N8100","gaussian","regular_distribution_dependence","gaussian_phi_0.2","gaussian, phi = 0.2",0.2,8100,90,90,8100,0.5,NA,"Balanced distribution/dependence design","Gaussian",1,0,0,"inside formal moment assumptions","regular","phi = 0.2",0.5,19,1556155319,"gaussian_phi020_N8100","gaussian","Gaussian","inside formal moment assumptions","regular",0.2,"phi = 0.2",8100,90,90,19,100000,20000,"K_leading",0.94945,-0.000549999999999939,0.000692782054473122,-0.00113,0.000382738417051331,0.05055,1.00951504482584,0.94785,0.0015721065087964,20000,0.0536787371142708,2.83004791616295e-05,0.00400229214520336,0.0536243025903353,0.0509355452337946,0.0563533132133931,0.0588284801224974,0.0603345325059116,0.0536787371142708,1.00631107737479,1.0086088229669,0,0,0,0
"gaussian_phi020_N8100_M90_Q90","gaussian_phi020_N8100","gaussian","regular_distribution_dependence","gaussian_phi_0.2","gaussian, phi = 0.2",0.2,8100,90,90,8100,0.5,NA,"Balanced distribution/dependence design","Gaussian",1,0,0,"inside formal moment assumptions","regular","phi = 0.2",0.5,19,1556155319,"gaussian_phi020_N8100","gaussian","Gaussian","inside formal moment assumptions","regular",0.2,"phi = 0.2",8100,90,90,19,100000,20000,"V_oracle",0.94803,-0.00196999999999992,0.000701919647110693,-0.00255,0.000386052412717048,0.05197,1.02192514178887,0.9464,0.00159259285443581,20000,0.0533452611693466,2.81229191803002e-05,0.0039771813718303,0.0532915549774252,0.050618885183626,0.0560047503888597,0.0584593877680876,0.0599604440668137,0.0533452611693466,1.00005942997294,1.00234290095793,0,0,0,0
"gaussian_phi020_N8100_M90_Q90","gaussian_phi020_N8100","gaussian","regular_distribution_dependence","gaussian_phi_0.2","gaussian, phi = 0.2",0.2,8100,90,90,8100,0.5,NA,"Balanced distribution/dependence design","Gaussian",1,0,0,"inside formal moment assumptions","regular","phi = 0.2",0.5,19,1556155319,"gaussian_phi020_N8100","gaussian","Gaussian","inside formal moment assumptions","regular",0.2,"phi = 0.2",8100,90,90,19,100000,20000,"V_feasible",0.94793,-0.00206999999999991,0.000702557578423292,-0.00265,0.000393231892543335,0.0520699999999999,1.02268590303599,0.9463,0.00159399356962316,20000,0.0533716572394386,2.93076504587301e-05,0.00414472767600262,0.0533144891841146,0.0505288463089173,0.0561320770274571,0.0586975549710795,0.0602984491667507,0.0533716572394386,1.00055427503005,1.00283887591222,0,0,0,0
"gaussian_phi020_N8100_M90_Q90","gaussian_phi020_N8100","gaussian","regular_distribution_dependence","gaussian_phi_0.2","gaussian, phi = 0.2",0.2,8100,90,90,8100,0.5,NA,"Balanced distribution/dependence design","Gaussian",1,0,0,"inside formal moment assumptions","regular","phi = 0.2",0.5,19,1556155319,"gaussian_phi020_N8100","gaussian","Gaussian","inside formal moment assumptions","regular",0.2,"phi = 0.2",8100,90,90,19,100000,20000,"VK_asym_full_oracle",0.94989,-0.000109999999999943,0.000689920197559109,-0.00069,0.000381440288861756,0.05011,1.00515589692104,0.94835,0.00156496449640239,20000,0.053797366475466,2.83636565830991e-05,0.00401122678183117,0.0537430851885769,0.0510478701882787,0.056478307325782,0.0589598060483833,0.0604673332220022,0.053797366475466,1.00853501271102,1.01083783629315,0,0,0,0
"gaussian_phi020_N8100_M90_Q90","gaussian_phi020_N8100","gaussian","regular_distribution_dependence","gaussian_phi_0.2","gaussian, phi = 0.2",0.2,8100,90,90,8100,0.5,NA,"Balanced distribution/dependence design","Gaussian",1,0,0,"inside formal moment assumptions","regular","phi = 0.2",0.5,19,1556155319,"gaussian_phi020_N8100","gaussian","Gaussian","inside formal moment assumptions","regular",0.2,"phi = 0.2",8100,90,90,19,100000,20000,"VK_leading_oracle",0.94991,-8.99999999999235e-05,0.000689789764348529,-0.00067,0.000381440645408509,0.05009,1.00489305609239,0.9484,0.00156424806216917,20000,0.0538045445680193,2.83674795575183e-05,0.00401176743205839,0.0537502388283702,0.0510546035927921,0.0564859226136421,0.058967747048401,0.0604753683189034,0.0538045445680193,1.0086695798495,1.01097271069353,0,0,0,0
"gaussian_phi020_N8100_M90_Q90","gaussian_phi020_N8100","gaussian","regular_distribution_dependence","gaussian_phi_0.2","gaussian, phi = 0.2",0.2,8100,90,90,8100,0.5,NA,"Balanced distribution/dependence design","Gaussian",1,0,0,"inside formal moment assumptions","regular","phi = 0.2",0.5,19,1556155319,"gaussian_phi020_N8100","gaussian","Gaussian","inside formal moment assumptions","regular",0.2,"phi = 0.2",8100,90,90,19,100000,20000,"VK_asym_full_feasible",0.94986,-0.000139999999999918,0.0006901157902845,-0.00072,0.000388325023611973,0.05014,1.00590417448309,0.9484,0.00156424806216917,20000,0.0538248825819386,2.95594946130128e-05,0.00418034381786172,0.0537672671989699,0.0509597529230017,0.0566098859884086,0.0591976658159267,0.0608114906946873,0.0538248825819386,1.00905085500237,1.01135485642541,0,0,0,0
"gaussian_phi020_N8100_M90_Q90","gaussian_phi020_N8100","gaussian","regular_distribution_dependence","gaussian_phi_0.2","gaussian, phi = 0.2",0.2,8100,90,90,8100,0.5,NA,"Balanced distribution/dependence design","Gaussian",1,0,0,"inside formal moment assumptions","regular","phi = 0.2",0.5,19,1556155319,"gaussian_phi020_N8100","gaussian","Gaussian","inside formal moment assumptions","regular",0.2,"phi = 0.2",8100,90,90,19,100000,20000,"F_feasible_leading",0.94991,-8.99999999999235e-05,0.000689789764348529,-0.00067,0.0003881971380242,0.05009,1.0056411379854,0.94845,0.00156353121970749,20000,0.0538320786286996,2.95634941467013e-05,0.00418090943734026,0.0537744758031149,0.05096672559813,0.0566174484914558,0.0592055922938927,0.060819589813663,0.0538320786286996,1.00918575872698,1.01149006818045,0,0,0,0
"gaussian_phi080_N64_M8_Q8","gaussian_phi080_N64","gaussian","regular_distribution_dependence","gaussian_phi_0.8","gaussian, phi = 0.8",0.8,64,8,8,64,0.5,NA,"Balanced distribution/dependence design","Gaussian",1,0,0,"inside formal moment assumptions","regular","phi = 0.8",0.5,4,22624149,"gaussian_phi080_N64","gaussian","Gaussian","inside formal moment assumptions","regular",0.8,"phi = 0.8",64,8,8,4,100000,20000,"raw",0.75503,-0.19497,0.00135999889374955,-0.19527,0.00126190815637349,0.24497,3.04585495035276,0.75445,0.00304347825275621,20000,0.901130439859671,0.00187141477829581,0.264658016029137,0.882410022863315,0.710808454014567,1.06985592983434,1.25057033356761,1.37032599380895,0.901130439859671,0.635487690371724,1,0,0,0,0.03152
"gaussian_phi080_N64_M8_Q8","gaussian_phi080_N64","gaussian","regular_distribution_dependence","gaussian_phi_0.8","gaussian, phi = 0.8",0.8,64,8,8,64,0.5,NA,"Balanced distribution/dependence design","Gaussian",1,0,0,"inside formal moment assumptions","regular","phi = 0.8",0.5,4,22624149,"gaussian_phi080_N64","gaussian","Gaussian","inside formal moment assumptions","regular",0.8,"phi = 0.8",64,8,8,4,100000,20000,"K_asym_full",0.72594,-0.22406,0.00141050032399854,-0.22436,0.00132304323755276,0.27406,3.53234567158966,0.72585,0.00315429689075077,20000,0.839525284191478,0.00174229046194778,0.246397080087983,0.82171006681699,0.662319516352421,0.996513980555301,1.16480411777497,1.27658357894125,0.839525284191478,0.592043016483372,0.931635695629384,0,0,0,0.03152
"gaussian_phi080_N64_M8_Q8","gaussian_phi080_N64","gaussian","regular_distribution_dependence","gaussian_phi_0.8","gaussian, phi = 0.8",0.8,64,8,8,64,0.5,NA,"Balanced distribution/dependence design","Gaussian",1,0,0,"inside formal moment assumptions","regular","phi = 0.8",0.5,4,22624149,"gaussian_phi080_N64","gaussian","Gaussian","inside formal moment assumptions","regular",0.8,"phi = 0.8",64,8,8,4,100000,20000,"K_leading",0.79371,-0.15629,0.00127958757379087,-0.15659,0.00117017494935335,0.20629,2.47475714716162,0.7935,0.00286232204687034,20000,0.993639227123426,0.00206622554305712,0.29220841859131,0.972760014765044,0.783230694213986,1.18042900690375,1.37938463933999,1.51317033126099,0.993639227123426,0.700725965494788,1.10265859765891,0,0,0,0.03152
"gaussian_phi080_N64_M8_Q8","gaussian_phi080_N64","gaussian","regular_distribution_dependence","gaussian_phi_0.8","gaussian, phi = 0.8",0.8,64,8,8,64,0.5,NA,"Balanced distribution/dependence design","Gaussian",1,0,0,"inside formal moment assumptions","regular","phi = 0.8",0.5,4,22624149,"gaussian_phi080_N64","gaussian","Gaussian","inside formal moment assumptions","regular",0.8,"phi = 0.8",64,8,8,4,100000,20000,"V_oracle",0.84933,-0.10067,0.0011312318555451,-0.10097,0.00101860736626517,0.15067,1.75981700672699,0.85005,0.00252452963440717,20000,1.16039873539161,0.00242058799364671,0.342322836953266,1.13479604865402,0.913797133483606,1.37793868625411,1.6127119573591,1.76695654618369,1.16039873539161,0.818326714586536,1.28771450176771,0,0,0,0.03152
"gaussian_phi080_N64_M8_Q8","gaussian_phi080_N64","gaussian","regular_distribution_dependence","gaussian_phi_0.8","gaussian, phi = 0.8",0.8,64,8,8,64,0.5,NA,"Balanced distribution/dependence design","Gaussian",1,0,0,"inside formal moment assumptions","regular","phi = 0.8",0.5,4,22624149,"gaussian_phi080_N64","gaussian","Gaussian","inside formal moment assumptions","regular",0.8,"phi = 0.8",64,8,8,4,100000,20000,"V_feasible",0.79578,-0.15422,0.00127481054121779,-0.15452,0.00116698299665982,0.20422,2.43466177769794,0.795,0.00285460154837764,20000,1.00521369006738,0.00216502576450054,0.306180879904384,0.982883455073375,0.784928198264733,1.20112161168765,1.40934175677596,1.54742229883853,1.00521369006738,0.708888411682589,1.11550297892935,0,0,0,0.03152
"gaussian_phi080_N64_M8_Q8","gaussian_phi080_N64","gaussian","regular_distribution_dependence","gaussian_phi_0.8","gaussian, phi = 0.8",0.8,64,8,8,64,0.5,NA,"Balanced distribution/dependence design","Gaussian",1,0,0,"inside formal moment assumptions","regular","phi = 0.8",0.5,4,22624149,"gaussian_phi080_N64","gaussian","Gaussian","inside formal moment assumptions","regular",0.8,"phi = 0.8",64,8,8,4,100000,20000,"VK_asym_full_oracle",0.82631,-0.12369,0.00119800577586254,-0.12399,0.00108248626631711,0.17369,2.04089888974588,0.828,0.00266848271495245,20000,1.0857788794545,0.00226148149585902,0.319821780249962,1.06183944841754,0.855587493925056,1.28911209589411,1.50795476724165,1.65401265529096,1.0857788794545,0.765703922360443,1.20490755991284,0,0,0,0.03152
"gaussian_phi080_N64_M8_Q8","gaussian_phi080_N64","gaussian","regular_distribution_dependence","gaussian_phi_0.8","gaussian, phi = 0.8",0.8,64,8,8,64,0.5,NA,"Balanced distribution/dependence design","Gaussian",1,0,0,"inside formal moment assumptions","regular","phi = 0.8",0.5,4,22624149,"gaussian_phi080_N64","gaussian","Gaussian","inside formal moment assumptions","regular",0.8,"phi = 0.8",64,8,8,4,100000,20000,"VK_leading_oracle",0.87712,-0.0728799999999999,0.00103817390450733,-0.07318,0.000937686338045237,0.12288,1.42985131796568,0.87905,0.0023056571460215,20000,1.26965676990913,0.00265523554173995,0.375507011442371,1.24171277212622,0.999513639079636,1.50788517679716,1.76739133627137,1.93656098134932,1.26965676990913,0.895376754113448,1.40896002814736,0,0,0,0.03152
"gaussian_phi080_N64_M8_Q8","gaussian_phi080_N64","gaussian","regular_distribution_dependence","gaussian_phi_0.8","gaussian, phi = 0.8",0.8,64,8,8,64,0.5,NA,"Balanced distribution/dependence design","Gaussian",1,0,0,"inside formal moment assumptions","regular","phi = 0.8",0.5,4,22624149,"gaussian_phi080_N64","gaussian","Gaussian","inside formal moment assumptions","regular",0.8,"phi = 0.8",64,8,8,4,100000,20000,"VK_asym_full_feasible",0.76849,-0.18151,0.00133384076973228,-0.18181,0.00123376110356284,0.23151,2.82353136719137,0.7681,0.00298431223232423,20000,0.93672253863595,0.00201954885876302,0.285607338593777,0.915908992215193,0.73182477551345,1.11949179498083,1.31386134695596,1.44252794498965,0.93672253863595,0.660587653314205,1.03949716622803,0,0,0,0.03152
"gaussian_phi080_N64_M8_Q8","gaussian_phi080_N64","gaussian","regular_distribution_dependence","gaussian_phi_0.8","gaussian, phi = 0.8",0.8,64,8,8,64,0.5,NA,"Balanced distribution/dependence design","Gaussian",1,0,0,"inside formal moment assumptions","regular","phi = 0.8",0.5,4,22624149,"gaussian_phi080_N64","gaussian","Gaussian","inside formal moment assumptions","regular",0.8,"phi = 0.8",64,8,8,4,100000,20000,"F_feasible_leading",0.83129,-0.11871,0.0011842589915217,-0.11901,0.00107213697528671,0.16871,1.97816269437958,0.8325,0.00264049001134259,20000,1.10734956957283,0.00238207175070167,0.336875817638813,1.08277919078949,0.865581368977837,1.3220436109341,1.55198667912641,1.70345659015436,1.10734956957283,0.780915824474362,1.22884492698446,0,0,0,0.03152
"gaussian_phi080_N100_M10_Q10","gaussian_phi080_N100","gaussian","regular_distribution_dependence","gaussian_phi_0.8","gaussian, phi = 0.8",0.8,100,10,10,100,0.5,NA,"Balanced distribution/dependence design","Gaussian",1,0,0,"inside formal moment assumptions","regular","phi = 0.8",0.5,5,58624257,"gaussian_phi080_N100","gaussian","Gaussian","inside formal moment assumptions","regular",0.8,"phi = 0.8",100,10,10,5,100000,20000,"raw",0.80834,-0.14166,0.00124469451834577,-0.14252,0.00111735982607655,0.19166,2.58973768485471,0.80855,0.00278205766924412,20000,0.815387996602983,0.00146824987120524,0.2076418880811,0.803623038200901,0.669112976576646,0.949649397539117,1.09076492349039,1.1769989803534,0.815387996602983,0.709311500796873,1,0,0,0,0.00874
"gaussian_phi080_N100_M10_Q10","gaussian_phi080_N100","gaussian","regular_distribution_dependence","gaussian_phi_0.8","gaussian, phi = 0.8",0.8,100,10,10,100,0.5,NA,"Balanced distribution/dependence design","Gaussian",1,0,0,"inside formal moment assumptions","regular","phi = 0.8",0.5,5,58624257,"gaussian_phi080_N100","gaussian","Gaussian","inside formal moment assumptions","regular",0.8,"phi = 0.8",100,10,10,5,100000,20000,"K_asym_full",0.79467,-0.15533,0.00127737853082005,-0.15619,0.00115592395969718,0.20533,2.77677429542756,0.79425,0.00285846932378152,20000,0.787806700422141,0.0014178914576784,0.200520132942175,0.776640194650131,0.646491008576321,0.917407513885332,1.05404475893499,1.13644465467496,0.787806700422141,0.685318345796479,0.966174022311158,0,0,0,0.00874
"gaussian_phi080_N100_M10_Q10","gaussian_phi080_N100","gaussian","regular_distribution_dependence","gaussian_phi_0.8","gaussian, phi = 0.8",0.8,100,10,10,100,0.5,NA,"Balanced distribution/dependence design","Gaussian",1,0,0,"inside formal moment assumptions","regular","phi = 0.8",0.5,5,58624257,"gaussian_phi080_N100","gaussian","Gaussian","inside formal moment assumptions","regular",0.8,"phi = 0.8",100,10,10,5,100000,20000,"K_leading",0.83652,-0.11348,0.001169419897214,-0.11434,0.00103279925965461,0.16348,2.20127703212651,0.83785,0.00260631327261325,20000,0.883096054606928,0.00159236154034032,0.22519392865506,0.870099051853,0.724314361744304,1.02866278462676,1.18135545840589,1.27572186704969,0.883096054606928,0.768211195713775,1.08303784000504,0,0,0,0.00874
"gaussian_phi080_N100_M10_Q10","gaussian_phi080_N100","gaussian","regular_distribution_dependence","gaussian_phi_0.8","gaussian, phi = 0.8",0.8,100,10,10,100,0.5,NA,"Balanced distribution/dependence design","Gaussian",1,0,0,"inside formal moment assumptions","regular","phi = 0.8",0.5,5,58624257,"gaussian_phi080_N100","gaussian","Gaussian","inside formal moment assumptions","regular",0.8,"phi = 0.8",100,10,10,5,100000,20000,"V_oracle",0.8839,-0.0660999999999999,0.00101301920021291,-0.06696,0.000875768949959141,0.1161,1.63499677794271,0.8836,0.00226771955938119,20000,1.01967982149548,0.00184506695542979,0.260931871185525,1.00508916109512,0.836138093208595,1.18758827622981,1.36641595041,1.47581015716011,1.01967982149548,0.887026332899783,1.2505455387418,0,0,0,0.00874
"gaussian_phi080_N100_M10_Q10","gaussian_phi080_N100","gaussian","regular_distribution_dependence","gaussian_phi_0.8","gaussian, phi = 0.8",0.8,100,10,10,100,0.5,NA,"Balanced distribution/dependence design","Gaussian",1,0,0,"inside formal moment assumptions","regular","phi = 0.8",0.5,5,58624257,"gaussian_phi080_N100","gaussian","Gaussian","inside formal moment assumptions","regular",0.8,"phi = 0.8",100,10,10,5,100000,20000,"V_feasible",0.84531,-0.10469,0.00114350777828574,-0.10555,0.00100752276699897,0.15469,2.08565500494447,0.84645,0.0025492390776465,20000,0.911511517014363,0.0017139299660621,0.242386300296267,0.897530036359627,0.741186285698063,1.06808536240815,1.23253394756466,1.3341539291778,0.911511517014363,0.792929997523496,1.11788684750308,0,0,0,0.00874
"gaussian_phi080_N100_M10_Q10","gaussian_phi080_N100","gaussian","regular_distribution_dependence","gaussian_phi_0.8","gaussian, phi = 0.8",0.8,100,10,10,100,0.5,NA,"Balanced distribution/dependence design","Gaussian",1,0,0,"inside formal moment assumptions","regular","phi = 0.8",0.5,5,58624257,"gaussian_phi080_N100","gaussian","Gaussian","inside formal moment assumptions","regular",0.8,"phi = 0.8",100,10,10,5,100000,20000,"VK_asym_full_oracle",0.87368,-0.0763199999999999,0.00105053918346723,-0.07718,0.000908757797439639,0.12632,1.75307987857191,0.87365,0.00234931561843018,20000,0.986176783477194,0.00178277287062982,0.252122157227551,0.971630466133536,0.808846593985937,1.14895094819432,1.32110812355838,1.42625082653868,0.986176783477194,0.857881814858056,1.20945707759464,0,0,0,0.00874
"gaussian_phi080_N100_M10_Q10","gaussian_phi080_N100","gaussian","regular_distribution_dependence","gaussian_phi_0.8","gaussian, phi = 0.8",0.8,100,10,10,100,0.5,NA,"Balanced distribution/dependence design","Gaussian",1,0,0,"inside formal moment assumptions","regular","phi = 0.8",0.5,5,58624257,"gaussian_phi080_N100","gaussian","Gaussian","inside formal moment assumptions","regular",0.8,"phi = 0.8",100,10,10,5,100000,20000,"VK_leading_oracle",0.90521,-0.04479,0.000926309105536592,-0.04565,0.00080800204434954,0.09479,1.38974726125131,0.9046,0.00207724384702422,20000,1.10119764557642,0.00199751663998159,0.28249151233279,1.08537504936843,0.901914624081945,1.28329125038102,1.47650176893198,1.59336014910021,1.10119764557642,0.957939236181955,1.35051981408135,0,0,0,0.00874
"gaussian_phi080_N100_M10_Q10","gaussian_phi080_N100","gaussian","regular_distribution_dependence","gaussian_phi_0.8","gaussian, phi = 0.8",0.8,100,10,10,100,0.5,NA,"Balanced distribution/dependence design","Gaussian",1,0,0,"inside formal moment assumptions","regular","phi = 0.8",0.5,5,58624257,"gaussian_phi080_N100","gaussian","Gaussian","inside formal moment assumptions","regular",0.8,"phi = 0.8",100,10,10,5,100000,20000,"VK_asym_full_feasible",0.83348,-0.11652,0.00117809630166638,-0.11738,0.00104557653392895,0.16652,2.23628564419046,0.8348,0.00262591850597082,20000,0.880489981552978,0.00165594173735961,0.234185526347363,0.86686655212031,0.715903340336752,1.03176937458563,1.19046524997473,1.28812188308086,0.880489981552978,0.765944155241283,1.07984172592829,0,0,0,0.00874
"gaussian_phi080_N100_M10_Q10","gaussian_phi080_N100","gaussian","regular_distribution_dependence","gaussian_phi_0.8","gaussian, phi = 0.8",0.8,100,10,10,100,0.5,NA,"Balanced distribution/dependence design","Gaussian",1,0,0,"inside formal moment assumptions","regular","phi = 0.8",0.5,5,58624257,"gaussian_phi080_N100","gaussian","Gaussian","inside formal moment assumptions","regular",0.8,"phi = 0.8",100,10,10,5,100000,20000,"F_feasible_leading",0.87165,-0.0783499999999999,0.00105771582903916,-0.07921,0.000923236850793352,0.12835,1.7728067542028,0.87155,0.00236590994651107,20000,0.987506459498111,0.00185617457356745,0.262502725607119,0.9725288407141,0.803271083708897,1.15737331612697,1.33581078917267,1.44598910781647,0.987506459498111,0.859038508969202,1.21108780557501,0,0,0,0.00874
"gaussian_phi080_N225_M15_Q15","gaussian_phi080_N225","gaussian","regular_distribution_dependence","gaussian_phi_0.8","gaussian, phi = 0.8",0.8,225,15,15,225,0.5,NA,"Balanced distribution/dependence design","Gaussian",1,0,0,"inside formal moment assumptions","regular","phi = 0.8",0.5,7,183624632,"gaussian_phi080_N225","gaussian","Gaussian","inside formal moment assumptions","regular",0.8,"phi = 0.8",225,15,15,7,100000,20000,"raw",0.87051,-0.0794899999999999,0.00106170777476667,-0.07956,0.000884821955592723,0.12949,1.78832656048104,0.8708,0.00237178582506937,20000,0.630588313372814,0.000885197572830781,0.125185841287704,0.626590778207845,0.543581074115625,0.712362208839116,0.793880181658108,0.843403775797866,0.630588313372814,0.812400334648804,1,0,0,0,0.00029
"gaussian_phi080_N225_M15_Q15","gaussian_phi080_N225","gaussian","regular_distribution_dependence","gaussian_phi_0.8","gaussian, phi = 0.8",0.8,225,15,15,225,0.5,NA,"Balanced distribution/dependence design","Gaussian",1,0,0,"inside formal moment assumptions","regular","phi = 0.8",0.5,7,183624632,"gaussian_phi080_N225","gaussian","Gaussian","inside formal moment assumptions","regular",0.8,"phi = 0.8",225,15,15,7,100000,20000,"K_asym_full",0.87073,-0.07927,0.00106093952278158,-0.07934,0.000883775681151358,0.12927,1.78611874991255,0.8709,0.00237100390130426,20000,0.630986975240457,0.000885771979215927,0.125267074617722,0.626980317202667,0.54391201931005,0.712825789581995,0.79439297883773,0.843930851065687,0.630986975240457,0.812913939211109,1.00063220624168,0,0,0,0.00029
"gaussian_phi080_N225_M15_Q15","gaussian_phi080_N225","gaussian","regular_distribution_dependence","gaussian_phi_0.8","gaussian, phi = 0.8",0.8,225,15,15,225,0.5,NA,"Balanced distribution/dependence design","Gaussian",1,0,0,"inside formal moment assumptions","regular","phi = 0.8",0.5,7,183624632,"gaussian_phi080_N225","gaussian","Gaussian","inside formal moment assumptions","regular",0.8,"phi = 0.8",225,15,15,7,100000,20000,"K_leading",0.88772,-0.06228,0.000998364670849285,-0.06235,0.000818065686430297,0.11228,1.60949390443294,0.88715,0.00223735197834404,20000,0.665514179777474,0.00093565663568197,0.132321830390582,0.661505615130909,0.573469192624439,0.751972242538738,0.837903925258976,0.890454182708067,0.665514179777474,0.857396071095746,1.05538616188088,0,0,0,0.00029
"gaussian_phi080_N225_M15_Q15","gaussian_phi080_N225","gaussian","regular_distribution_dependence","gaussian_phi_0.8","gaussian, phi = 0.8",0.8,225,15,15,225,0.5,NA,"Balanced distribution/dependence design","Gaussian",1,0,0,"inside formal moment assumptions","regular","phi = 0.8",0.5,7,183624632,"gaussian_phi080_N225","gaussian","Gaussian","inside formal moment assumptions","regular",0.8,"phi = 0.8",225,15,15,7,100000,20000,"V_oracle",0.91855,-0.03145,0.000864961834418144,-0.03152,0.000706448785616386,0.08145,1.30283024531873,0.919,0.00192923559992034,20000,0.741487799306717,0.00104642806553359,0.147987276232545,0.736585018281558,0.638842659422967,0.838094450708988,0.933805652354926,0.992713873880315,0.741487799306717,0.955274500843219,1.17586670032107,0,0,0,0.00029
"gaussian_phi080_N225_M15_Q15","gaussian_phi080_N225","gaussian","regular_distribution_dependence","gaussian_phi_0.8","gaussian, phi = 0.8",0.8,225,15,15,225,0.5,NA,"Balanced distribution/dependence design","Gaussian",1,0,0,"inside formal moment assumptions","regular","phi = 0.8",0.5,7,183624632,"gaussian_phi080_N225","gaussian","Gaussian","inside formal moment assumptions","regular",0.8,"phi = 0.8",225,15,15,7,100000,20000,"V_feasible",0.89976,-0.05024,0.000949694384525885,-0.05031,0.000780893806449615,0.10024,1.48790857584909,0.89895,0.00213118391393141,20000,0.696877139033373,0.00103187727797448,0.145929484121614,0.692195815856948,0.5952457810705,0.791895471684909,0.88707444874791,0.944550631267505,0.696877139033373,0.897801638491673,1.10512219185605,0,0,0,0.00029
"gaussian_phi080_N225_M15_Q15","gaussian_phi080_N225","gaussian","regular_distribution_dependence","gaussian_phi_0.8","gaussian, phi = 0.8",0.8,225,15,15,225,0.5,NA,"Balanced distribution/dependence design","Gaussian",1,0,0,"inside formal moment assumptions","regular","phi = 0.8",0.5,7,183624632,"gaussian_phi080_N225","gaussian","Gaussian","inside formal moment assumptions","regular",0.8,"phi = 0.8",225,15,15,7,100000,20000,"VK_asym_full_oracle",0.91869,-0.0313099999999999,0.00086428400367009,-0.03138,0.000705803044467347,0.08131,1.3012218129171,0.9192,0.00192706201249467,20000,0.741955968871108,0.0010471151569752,0.148084445636076,0.737040851680445,0.639254163709316,0.838611274281252,0.934375555653777,0.993365937214903,0.741955968871108,0.955877653649443,1.176609133307,0,0,0,0.00029
"gaussian_phi080_N225_M15_Q15","gaussian_phi080_N225","gaussian","regular_distribution_dependence","gaussian_phi_0.8","gaussian, phi = 0.8",0.8,225,15,15,225,0.5,NA,"Balanced distribution/dependence design","Gaussian",1,0,0,"inside formal moment assumptions","regular","phi = 0.8",0.5,7,183624632,"gaussian_phi080_N225","gaussian","Gaussian","inside formal moment assumptions","regular",0.8,"phi = 0.8",225,15,15,7,100000,20000,"VK_leading_oracle",0.932,-0.0179999999999999,0.000796090447122687,-0.01807,0.000665161014636121,0.0679999999999999,1.17254722078685,0.93285,0.00176975814025533,20000,0.782467314827677,0.00110678634419569,0.156523225861089,0.777055930179042,0.673663567321476,0.884826772428102,0.985582306249375,1.04921493343009,0.782467314827677,1.00806928218781,1.24085286427608,0,0,0,0.00029
"gaussian_phi080_N225_M15_Q15","gaussian_phi080_N225","gaussian","regular_distribution_dependence","gaussian_phi_0.8","gaussian, phi = 0.8",0.8,225,15,15,225,0.5,NA,"Balanced distribution/dependence design","Gaussian",1,0,0,"inside formal moment assumptions","regular","phi = 0.8",0.5,7,183624632,"gaussian_phi080_N225","gaussian","Gaussian","inside formal moment assumptions","regular",0.8,"phi = 0.8",225,15,15,7,100000,20000,"VK_asym_full_feasible",0.89995,-0.0500499999999999,0.000948894079968887,-0.05012,0.000779926880457001,0.10005,1.48607165168138,0.8992,0.00212884193870752,20000,0.69732475359086,0.00103255091586414,0.146024750905583,0.692646638793733,0.595630204492007,0.792421739590804,0.887638944531842,0.945147809474471,0.69732475359086,0.898378309845367,1.10583202828656,0,0,0,0.00029
"gaussian_phi080_N225_M15_Q15","gaussian_phi080_N225","gaussian","regular_distribution_dependence","gaussian_phi_0.8","gaussian, phi = 0.8",0.8,225,15,15,225,0.5,NA,"Balanced distribution/dependence design","Gaussian",1,0,0,"inside formal moment assumptions","regular","phi = 0.8",0.5,7,183624632,"gaussian_phi080_N225","gaussian","Gaussian","inside formal moment assumptions","regular",0.8,"phi = 0.8",225,15,15,7,100000,20000,"F_feasible_leading",0.91482,-0.03518,0.000882747798637867,-0.03525,0.000729712066363849,0.08518,1.33911771826418,0.9147,0.00197514442509909,20000,0.736110967118248,0.00109103672803688,0.154295893783693,0.731161338500161,0.628698288534841,0.836949423023731,0.936644091569481,0.998447000869624,0.736110967118248,0.948347413587353,1.16734000854064,0,0,0,0.00029
"gaussian_phi080_N400_M20_Q20","gaussian_phi080_N400","gaussian","regular_distribution_dependence","gaussian_phi_0.8","gaussian, phi = 0.8",0.8,400,20,20,400,0.5,NA,"Balanced distribution/dependence design","Gaussian",1,0,0,"inside formal moment assumptions","regular","phi = 0.8",0.5,10,358625157,"gaussian_phi080_N400","gaussian","Gaussian","inside formal moment assumptions","regular",0.8,"phi = 0.8",400,20,20,10,100000,20000,"raw",0.89629,-0.0537099999999999,0.000964127771096756,-0.05393,0.000758037794053154,0.10371,1.49265180642563,0.89615,0.00215714136648482,20000,0.506001740723846,0.000602020340005731,0.0851385329660567,0.502721968417626,0.446367149955169,0.562546492847967,0.617651132494192,0.651417321754557,0.506001740723846,0.865384110054051,1,0,0,0,1e-05
"gaussian_phi080_N400_M20_Q20","gaussian_phi080_N400","gaussian","regular_distribution_dependence","gaussian_phi_0.8","gaussian, phi = 0.8",0.8,400,20,20,400,0.5,NA,"Balanced distribution/dependence design","Gaussian",1,0,0,"inside formal moment assumptions","regular","phi = 0.8",0.5,10,358625157,"gaussian_phi080_N400","gaussian","Gaussian","inside formal moment assumptions","regular",0.8,"phi = 0.8",400,20,20,10,100000,20000,"K_asym_full",0.89986,-0.05014,0.000949273303111385,-0.05036,0.000742996786293349,0.10014,1.46362802130069,0.8999,0.00212226282538238,20000,0.511169919915571,0.000608350657156828,0.0860337750029771,0.507778523687052,0.450949153531844,0.568332580898033,0.62388042767987,0.658239990215228,0.511169919915571,0.874222933699268,1.010213757732,0,0,0,1e-05
"gaussian_phi080_N400_M20_Q20","gaussian_phi080_N400","gaussian","regular_distribution_dependence","gaussian_phi_0.8","gaussian, phi = 0.8",0.8,400,20,20,400,0.5,NA,"Balanced distribution/dependence design","Gaussian",1,0,0,"inside formal moment assumptions","regular","phi = 0.8",0.5,10,358625157,"gaussian_phi080_N400","gaussian","Gaussian","inside formal moment assumptions","regular",0.8,"phi = 0.8",400,20,20,10,100000,20000,"K_leading",0.90869,-0.04131,0.000910892331178609,-0.04153,0.000705731940311416,0.09131,1.38070292094371,0.9097,0.00202664636777115,20000,0.526846834581028,0.000627596246129999,0.0887555122971488,0.523330355041315,0.464746700981738,0.585704747262495,0.643132771737214,0.678419983464749,0.526846834581028,0.901034210725217,1.04119569594239,0,0,0,1e-05
"gaussian_phi080_N400_M20_Q20","gaussian_phi080_N400","gaussian","regular_distribution_dependence","gaussian_phi_0.8","gaussian, phi = 0.8",0.8,400,20,20,400,0.5,NA,"Balanced distribution/dependence design","Gaussian",1,0,0,"inside formal moment assumptions","regular","phi = 0.8",0.5,10,358625157,"gaussian_phi080_N400","gaussian","Gaussian","inside formal moment assumptions","regular",0.8,"phi = 0.8",400,20,20,10,100000,20000,"V_oracle",0.93134,-0.01866,0.00079966120576154,-0.01888,0.000615011575819825,0.0686600000000001,1.17786301711346,0.93125,0.00178918190103745,20000,0.572133709258099,0.000683578236024483,0.09667256123289,0.56817860876524,0.504367916002918,0.636334154385775,0.698683669754915,0.73725968239569,0.572133709258099,0.978485607796467,1.1306951403757,0,0,0,1e-05
"gaussian_phi080_N400_M20_Q20","gaussian_phi080_N400","gaussian","regular_distribution_dependence","gaussian_phi_0.8","gaussian, phi = 0.8",0.8,400,20,20,400,0.5,NA,"Balanced distribution/dependence design","Gaussian",1,0,0,"inside formal moment assumptions","regular","phi = 0.8",0.5,10,358625157,"gaussian_phi080_N400","gaussian","Gaussian","inside formal moment assumptions","regular",0.8,"phi = 0.8",400,20,20,10,100000,20000,"V_feasible",0.92217,-0.0278299999999999,0.000847186467668128,-0.02805,0.000662296279140698,0.07783,1.25939135479816,0.9226,0.00188956661697861,20000,0.556744914658536,0.000714111421818963,0.100990605778191,0.55322973746989,0.48582114324342,0.623597082812356,0.689373325155331,0.728122576276953,0.556744914658536,0.952167085057203,1.10028260745131,0,0,0,1e-05
"gaussian_phi080_N400_M20_Q20","gaussian_phi080_N400","gaussian","regular_distribution_dependence","gaussian_phi_0.8","gaussian, phi = 0.8",0.8,400,20,20,400,0.5,NA,"Balanced distribution/dependence design","Gaussian",1,0,0,"inside formal moment assumptions","regular","phi = 0.8",0.5,10,358625157,"gaussian_phi080_N400","gaussian","Gaussian","inside formal moment assumptions","regular",0.8,"phi = 0.8",400,20,20,10,100000,20000,"VK_asym_full_oracle",0.93394,-0.01606,0.000785468499686652,-0.01628,0.000607085909516121,0.06606,1.15496012511403,0.9336,0.00176055445811824,20000,0.578003525064431,0.000690878163032587,0.0977049268108095,0.573992997972749,0.509494448507255,0.642836589933533,0.705936645102311,0.744821623769913,0.578003525064431,0.988524398019752,1.14229552696318,0,0,0,1e-05
"gaussian_phi080_N400_M20_Q20","gaussian_phi080_N400","gaussian","regular_distribution_dependence","gaussian_phi_0.8","gaussian, phi = 0.8",0.8,400,20,20,400,0.5,NA,"Balanced distribution/dependence design","Gaussian",1,0,0,"inside formal moment assumptions","regular","phi = 0.8",0.5,10,358625157,"gaussian_phi080_N400","gaussian","Gaussian","inside formal moment assumptions","regular",0.8,"phi = 0.8",400,20,20,10,100000,20000,"VK_leading_oracle",0.94082,-0.00917999999999997,0.000746175097413469,-0.0094,0.000583712092729003,0.05918,1.08952329082995,0.93975,0.0016825566483777,20000,0.595808023080733,0.000713084557356367,0.100845385213219,0.591608356017753,0.525026126283994,0.662846703916831,0.727971017740506,0.767694840643391,0.595808023080733,1.0189743519048,1.17748216088825,0,0,0,1e-05
"gaussian_phi080_N400_M20_Q20","gaussian_phi080_N400","gaussian","regular_distribution_dependence","gaussian_phi_0.8","gaussian, phi = 0.8",0.8,400,20,20,400,0.5,NA,"Balanced distribution/dependence design","Gaussian",1,0,0,"inside formal moment assumptions","regular","phi = 0.8",0.5,10,358625157,"gaussian_phi080_N400","gaussian","Gaussian","inside formal moment assumptions","regular",0.8,"phi = 0.8",400,20,20,10,100000,20000,"VK_asym_full_feasible",0.92518,-0.02482,0.00083199740143825,-0.02504,0.00065125588315366,0.07482,1.23490318956597,0.92515,0.0018607455159156,20000,0.562562206293835,0.000721729069909148,0.102067903902444,0.558987002891248,0.490917677087899,0.63017426665833,0.696647639138649,0.735922377496544,0.562562206293835,0.962116046374089,1.11177919168633,0,0,0,1e-05
"gaussian_phi080_N400_M20_Q20","gaussian_phi080_N400","gaussian","regular_distribution_dependence","gaussian_phi_0.8","gaussian, phi = 0.8",0.8,400,20,20,400,0.5,NA,"Balanced distribution/dependence design","Gaussian",1,0,0,"inside formal moment assumptions","regular","phi = 0.8",0.5,10,358625157,"gaussian_phi080_N400","gaussian","Gaussian","inside formal moment assumptions","regular",0.8,"phi = 0.8",400,20,20,10,100000,20000,"F_feasible_leading",0.93292,-0.01708,0.000791076946952697,-0.0173,0.000625308731835804,0.06708,1.1649370031883,0.9327,0.00177159123389116,20000,0.58022480855234,0.000744897691521329,0.105344441792987,0.576272618877467,0.506303566007645,0.649909467748036,0.718432574578995,0.759456555820964,0.58022480855234,0.992323324544417,1.14668540017731,0,0,0,1e-05
"gaussian_phi080_N1024_M32_Q32","gaussian_phi080_N1024","gaussian","regular_distribution_dependence","gaussian_phi_0.8","gaussian, phi = 0.8",0.8,1024,32,32,1024,0.5,NA,"Balanced distribution/dependence design","Gaussian",1,0,0,"inside formal moment assumptions","regular","phi = 0.8",0.5,13,982627029,"gaussian_phi080_N1024","gaussian","Gaussian","inside formal moment assumptions","regular",0.8,"phi = 0.8",1024,32,32,13,100000,20000,"raw",0.92147,-0.0285299999999999,0.000850664676003418,-0.029,0.000598492758465647,0.07853,1.25385929434351,0.9191,0.00192814924214906,20000,0.338530404419274,0.00031024676452678,0.0438755182076144,0.337036399321186,0.308273263419273,0.367488590598486,0.395572384147061,0.413263866874193,0.338530404419274,0.923193732778948,1,0,0,0,0
"gaussian_phi080_N1024_M32_Q32","gaussian_phi080_N1024","gaussian","regular_distribution_dependence","gaussian_phi_0.8","gaussian, phi = 0.8",0.8,1024,32,32,1024,0.5,NA,"Balanced distribution/dependence design","Gaussian",1,0,0,"inside formal moment assumptions","regular","phi = 0.8",0.5,13,982627029,"gaussian_phi080_N1024","gaussian","Gaussian","inside formal moment assumptions","regular",0.8,"phi = 0.8",1024,32,32,13,100000,20000,"K_asym_full",0.92482,-0.02518,0.000833834321673077,-0.02565,0.000580107007578259,0.07518,1.22229512807966,0.923,0.00188508620492539,20000,0.343035981591441,0.000314481975689625,0.0444744675142153,0.341500653524522,0.312324911439249,0.37241886525898,0.400892537474476,0.418749620607921,0.343035981591441,0.935480725479151,1.01330922455812,0,0,0,0
"gaussian_phi080_N1024_M32_Q32","gaussian_phi080_N1024","gaussian","regular_distribution_dependence","gaussian_phi_0.8","gaussian, phi = 0.8",0.8,1024,32,32,1024,0.5,NA,"Balanced distribution/dependence design","Gaussian",1,0,0,"inside formal moment assumptions","regular","phi = 0.8",0.5,13,982627029,"gaussian_phi080_N1024","gaussian","Gaussian","inside formal moment assumptions","regular",0.8,"phi = 0.8",1024,32,32,13,100000,20000,"K_leading",0.928,-0.0219999999999999,0.000817410545564467,-0.02247,0.000565910057820088,0.072,1.19508463992116,0.9264,0.00184638890811226,20000,0.347067331171096,0.000318276511359612,0.0450110958949558,0.345476200195167,0.316002298964075,0.376806769645636,0.405599788806419,0.423701953936762,0.347067331171096,0.946474469668722,1.02521760716431,0,0,0,0
"gaussian_phi080_N1024_M32_Q32","gaussian_phi080_N1024","gaussian","regular_distribution_dependence","gaussian_phi_0.8","gaussian, phi = 0.8",0.8,1024,32,32,1024,0.5,NA,"Balanced distribution/dependence design","Gaussian",1,0,0,"inside formal moment assumptions","regular","phi = 0.8",0.5,13,982627029,"gaussian_phi080_N1024","gaussian","Gaussian","inside formal moment assumptions","regular",0.8,"phi = 0.8",1024,32,32,13,100000,20000,"V_oracle",0.94029,-0.00971,0.000749297777255478,-0.01018,0.000514748798603024,0.05971,1.08455742418263,0.9387,0.00169620620798298,20000,0.365029072675508,0.000335244325654282,0.0474107072048908,0.363361593638818,0.332298439373817,0.396212824320687,0.426733550510069,0.445728430776291,0.365029072675508,0.995457269943678,1.07827559330067,0,0,0,0
"gaussian_phi080_N1024_M32_Q32","gaussian_phi080_N1024","gaussian","regular_distribution_dependence","gaussian_phi_0.8","gaussian, phi = 0.8",0.8,1024,32,32,1024,0.5,NA,"Balanced distribution/dependence design","Gaussian",1,0,0,"inside formal moment assumptions","regular","phi = 0.8",0.5,13,982627029,"gaussian_phi080_N1024","gaussian","Gaussian","inside formal moment assumptions","regular",0.8,"phi = 0.8",1024,32,32,13,100000,20000,"V_feasible",0.93704,-0.01296,0.000768088786534474,-0.01343,0.000538237167048579,0.06296,1.11386741198035,0.93585,0.00173255270482603,20000,0.361582865961203,0.00035409256122225,0.0500762502415932,0.359811302021967,0.326846792626531,0.394577696396021,0.426810064707984,0.447258031500397,0.361582865961203,0.98605924719897,1.06809569019797,0,0,0,0
"gaussian_phi080_N1024_M32_Q32","gaussian_phi080_N1024","gaussian","regular_distribution_dependence","gaussian_phi_0.8","gaussian, phi = 0.8",0.8,1024,32,32,1024,0.5,NA,"Balanced distribution/dependence design","Gaussian",1,0,0,"inside formal moment assumptions","regular","phi = 0.8",0.5,13,982627029,"gaussian_phi080_N1024","gaussian","Gaussian","inside formal moment assumptions","regular",0.8,"phi = 0.8",1024,32,32,13,100000,20000,"VK_asym_full_oracle",0.94335,-0.00664999999999993,0.000731031993143939,-0.00712,0.000505267858621632,0.05665,1.05725519735859,0.9415,0.00165948410658252,20000,0.36991012497731,0.000339873320725766,0.048065345965916,0.368256747650608,0.336767658403206,0.401523303907984,0.432563409090841,0.45163781751432,0.36991012497731,1.00876820696902,1.09269395052378,0,0,0,0
"gaussian_phi080_N1024_M32_Q32","gaussian_phi080_N1024","gaussian","regular_distribution_dependence","gaussian_phi_0.8","gaussian, phi = 0.8",0.8,1024,32,32,1024,0.5,NA,"Balanced distribution/dependence design","Gaussian",1,0,0,"inside formal moment assumptions","regular","phi = 0.8",0.5,13,982627029,"gaussian_phi080_N1024","gaussian","Gaussian","inside formal moment assumptions","regular",0.8,"phi = 0.8",1024,32,32,13,100000,20000,"VK_leading_oracle",0.94583,-0.00417000000000001,0.000715790549672179,-0.00464,0.000499787156569693,0.0541700000000001,1.03371879492407,0.9436,0.00163124247124699,20000,0.374277948837049,0.000344022401880358,0.048652114649937,0.372580166235029,0.340738452986138,0.406297231734694,0.437790962215294,0.457147846725622,0.374277948837049,1.02067953771082,1.10559625945297,0,0,0,0
"gaussian_phi080_N1024_M32_Q32","gaussian_phi080_N1024","gaussian","regular_distribution_dependence","gaussian_phi_0.8","gaussian, phi = 0.8",0.8,1024,32,32,1024,0.5,NA,"Balanced distribution/dependence design","Gaussian",1,0,0,"inside formal moment assumptions","regular","phi = 0.8",0.5,13,982627029,"gaussian_phi080_N1024","gaussian","Gaussian","inside formal moment assumptions","regular",0.8,"phi = 0.8",1024,32,32,13,100000,20000,"VK_asym_full_feasible",0.94028,-0.00971999999999995,0.000749356534634883,-0.01019,0.000527507745577462,0.05972,1.08582734692182,0.93845,0.00169943516351757,20000,0.366464669578199,0.000359003532323598,0.050770766435188,0.364672182836406,0.331251353067271,0.39990899375239,0.432596014585105,0.453395879649753,0.366464669578199,0.999372233108166,1.08251626676441,0,0,0,0
"gaussian_phi080_N1024_M32_Q32","gaussian_phi080_N1024","gaussian","regular_distribution_dependence","gaussian_phi_0.8","gaussian, phi = 0.8",0.8,1024,32,32,1024,0.5,NA,"Balanced distribution/dependence design","Gaussian",1,0,0,"inside formal moment assumptions","regular","phi = 0.8",0.5,13,982627029,"gaussian_phi080_N1024","gaussian","Gaussian","inside formal moment assumptions","regular",0.8,"phi = 0.8",1024,32,32,13,100000,20000,"F_feasible_leading",0.94291,-0.00708999999999993,0.000733694295330146,-0.00756,0.000522523869609746,0.05709,1.06165487704377,0.941,0.00166611824310281,20000,0.370834680950777,0.00036340573947859,0.0513933325414846,0.369027050859707,0.335181356664954,0.404696753319593,0.437761242906107,0.45882445491946,0.370834680950777,1.01128952933525,1.09542503748495,0,0,0,0
"gaussian_phi080_N4096_M64_Q64","gaussian_phi080_N4096","gaussian","regular_distribution_dependence","gaussian_phi_0.8","gaussian, phi = 0.8",0.8,4096,64,64,4096,0.5,NA,"Balanced distribution/dependence design","Gaussian",1,0,0,"inside formal moment assumptions","regular","phi = 0.8",0.5,17,1907152599,"gaussian_phi080_N4096","gaussian","Gaussian","inside formal moment assumptions","regular",0.8,"phi = 0.8",4096,64,64,17,100000,20000,"V_feasible",0.94678,-0.00322,0.000709842458577958,-0.00343,0.000423301479847907,0.05322,1.03800366273879,0.9484,0.00156424806216917,20000,0.18341279287009,0.000121732212532934,0.017215534594176,0.183009982089229,0.171710891350645,0.194687154526402,0.205534703085981,0.212006691531834,0.18341279287009,0.998725191165819,1.03469957695045,0,0,0,0
"gaussian_phi080_N4096_M64_Q64","gaussian_phi080_N4096","gaussian","regular_distribution_dependence","gaussian_phi_0.8","gaussian, phi = 0.8",0.8,4096,64,64,4096,0.5,NA,"Balanced distribution/dependence design","Gaussian",1,0,0,"inside formal moment assumptions","regular","phi = 0.8",0.5,17,1907152599,"gaussian_phi080_N4096","gaussian","Gaussian","inside formal moment assumptions","regular",0.8,"phi = 0.8",4096,64,64,17,100000,20000,"VK_asym_full_oracle",0.94965,-0.000349999999999961,0.000691483025822037,-0.00056,0.00040767453438406,0.05035,1.01262420370768,0.9512,0.00152345922164001,20000,0.185557526503606,0.000118809704523723,0.0168022295478988,0.185285028026327,0.174174655395321,0.196568366723401,0.20715130431991,0.213478430031607,0.185557526503606,1.01040376317061,1.04679881467834,0,0,0,0
"gaussian_phi080_N4096_M64_Q64","gaussian_phi080_N4096","gaussian","regular_distribution_dependence","gaussian_phi_0.8","gaussian, phi = 0.8",0.8,4096,64,64,4096,0.5,NA,"Balanced distribution/dependence design","Gaussian",1,0,0,"inside formal moment assumptions","regular","phi = 0.8",0.5,17,1907152599,"gaussian_phi080_N4096","gaussian","Gaussian","inside formal moment assumptions","regular",0.8,"phi = 0.8",4096,64,64,17,100000,20000,"VK_leading_oracle",0.95014,0.000140000000000029,0.000688287588149024,-7e-05,0.000408780652693129,0.04986,1.00702959484742,0.9517,0.00151603281626751,20000,0.186086875258318,0.000119154467900024,0.0168509864521564,0.185814975038104,0.17467359631954,0.197127988797466,0.207741890135788,0.21408126167841,0.186086875258318,1.01328618989761,1.04978506729457,0,0,0,0
"gaussian_phi080_N4096_M64_Q64","gaussian_phi080_N4096","gaussian","regular_distribution_dependence","gaussian_phi_0.8","gaussian, phi = 0.8",0.8,4096,64,64,4096,0.5,NA,"Balanced distribution/dependence design","Gaussian",1,0,0,"inside formal moment assumptions","regular","phi = 0.8",0.5,17,1907152599,"gaussian_phi080_N4096","gaussian","Gaussian","inside formal moment assumptions","regular",0.8,"phi = 0.8",4096,64,64,17,100000,20000,"VK_asym_full_feasible",0.949,-0.001,0.000695693898205238,-0.00121,0.000415796931050337,0.051,1.01930698218165,0.95065,0.00153157725074513,20000,0.185138709210259,0.000122898433398451,0.0173804631306496,0.184733196593265,0.173327181560341,0.196526978728367,0.207464235751164,0.213978716163184,0.185138709210259,1.00812320588332,1.04443611102247,0,0,0,0
"gaussian_phi080_N4096_M64_Q64","gaussian_phi080_N4096","gaussian","regular_distribution_dependence","gaussian_phi_0.8","gaussian, phi = 0.8",0.8,4096,64,64,4096,0.5,NA,"Balanced distribution/dependence design","Gaussian",1,0,0,"inside formal moment assumptions","regular","phi = 0.8",0.5,17,1907152599,"gaussian_phi080_N4096","gaussian","Gaussian","inside formal moment assumptions","regular",0.8,"phi = 0.8",4096,64,64,17,100000,20000,"F_feasible_leading",0.94963,-0.000369999999999981,0.00069161306450934,-0.00058,0.000415449590183478,0.05037,1.01367545189335,0.951,0.00152641737411496,20000,0.185668184700448,0.000123256379901538,0.0174310844105765,0.185260490401516,0.173820176321591,0.197093284647789,0.208064171597534,0.214588511065898,0.185668184700448,1.01100632271439,1.04742307860054,0,0,0,0
"gaussian_phi080_N4096_M64_Q64","gaussian_phi080_N4096","gaussian","regular_distribution_dependence","gaussian_phi_0.8","gaussian, phi = 0.8",0.8,4096,64,64,4096,0.5,NA,"Balanced distribution/dependence design","Gaussian",1,0,0,"inside formal moment assumptions","regular","phi = 0.8",0.5,17,1907152599,"gaussian_phi080_N4096","gaussian","Gaussian","inside formal moment assumptions","regular",0.8,"phi = 0.8",4096,64,64,17,100000,20000,"raw",0.93888,-0.0111199999999999,0.000757524558017758,-0.01133,0.000446114672682946,0.06112,1.10695092727016,0.94055,0.00167206006919608,20000,0.1772618806037,0.00011341656532749,0.0160395244883911,0.177003208465224,0.166391906122076,0.187776014161425,0.197859161681389,0.20388516124207,0.1772618806037,0.965232047459942,1,0,0,0,0
"gaussian_phi080_N4096_M64_Q64","gaussian_phi080_N4096","gaussian","regular_distribution_dependence","gaussian_phi_0.8","gaussian, phi = 0.8",0.8,4096,64,64,4096,0.5,NA,"Balanced distribution/dependence design","Gaussian",1,0,0,"inside formal moment assumptions","regular","phi = 0.8",0.5,17,1907152599,"gaussian_phi080_N4096","gaussian","Gaussian","inside formal moment assumptions","regular",0.8,"phi = 0.8",4096,64,64,17,100000,20000,"K_asym_full",0.94115,-0.00884999999999991,0.000744222261827742,-0.00906,0.000434489415073046,0.05885,1.08701235805067,0.943,0.00163937488086161,20000,0.178922624717707,0.000114494818085971,0.016192012455862,0.178659605279478,0.167949999555353,0.189545335380646,0.199708737966418,0.205794998817539,0.178922624717707,0.974275184292355,1.00936887337735,0,0,0,0
"gaussian_phi080_N4096_M64_Q64","gaussian_phi080_N4096","gaussian","regular_distribution_dependence","gaussian_phi_0.8","gaussian, phi = 0.8",0.8,4096,64,64,4096,0.5,NA,"Balanced distribution/dependence design","Gaussian",1,0,0,"inside formal moment assumptions","regular","phi = 0.8",0.5,17,1907152599,"gaussian_phi080_N4096","gaussian","Gaussian","inside formal moment assumptions","regular",0.8,"phi = 0.8",4096,64,64,17,100000,20000,"K_leading",0.94202,-0.00797999999999999,0.000739042079992743,-0.00819,0.000429919861498481,0.05798,1.08100676491227,0.94395,0.0016264746770239,20000,0.179432066580087,0.000114825716455761,0.0162388085520945,0.179170829524612,0.168422806017508,0.190084745961872,0.200282602784806,0.206380323369869,0.179432066580087,0.977049213374139,1.01224282383215,0,0,0,0
"gaussian_phi080_N4096_M64_Q64","gaussian_phi080_N4096","gaussian","regular_distribution_dependence","gaussian_phi_0.8","gaussian, phi = 0.8",0.8,4096,64,64,4096,0.5,NA,"Balanced distribution/dependence design","Gaussian",1,0,0,"inside formal moment assumptions","regular","phi = 0.8",0.5,17,1907152599,"gaussian_phi080_N4096","gaussian","Gaussian","inside formal moment assumptions","regular",0.8,"phi = 0.8",4096,64,64,17,100000,20000,"V_oracle",0.94757,-0.00242999999999993,0.000704848175850658,-0.00264,0.000414164241962284,0.05243,1.03119830512376,0.9493,0.00155128188927738,20000,0.183831944921516,0.000117686374191559,0.0166433666488217,0.183564588747619,0.172555958443831,0.194743490823711,0.205201201694559,0.211485285476351,0.183831944921516,1.00100757128848,1.03706416910077,0,0,0,0
"gaussian_phi080_N8100_M90_Q90","gaussian_phi080_N8100","gaussian","regular_distribution_dependence","gaussian_phi_0.8","gaussian, phi = 0.8",0.8,8100,90,90,8100,0.5,NA,"Balanced distribution/dependence design","Gaussian",1,0,0,"inside formal moment assumptions","regular","phi = 0.8",0.5,19,1616197319,"gaussian_phi080_N8100","gaussian","Gaussian","inside formal moment assumptions","regular",0.8,"phi = 0.8",8100,90,90,19,100000,20000,"raw",0.94049,-0.00950999999999991,0.000748121379857573,-0.00853,0.000402211398073311,0.05951,1.07682557512573,0.94255,0.00164544063247508,20000,0.127510114255276,6.75429618639758e-05,0.00955201727108834,0.127368928461171,0.121012521701474,0.13391537297214,0.139732775809978,0.143523616440652,0.127510114255276,0.976128478859198,1,0,0,0,0
"gaussian_phi080_N8100_M90_Q90","gaussian_phi080_N8100","gaussian","regular_distribution_dependence","gaussian_phi_0.8","gaussian, phi = 0.8",0.8,8100,90,90,8100,0.5,NA,"Balanced distribution/dependence design","Gaussian",1,0,0,"inside formal moment assumptions","regular","phi = 0.8",0.5,19,1616197319,"gaussian_phi080_N8100","gaussian","Gaussian","inside formal moment assumptions","regular",0.8,"phi = 0.8",8100,90,90,19,100000,20000,"K_asym_full",0.94229,-0.00770999999999999,0.000737424951435738,-0.00673,0.0003937621382081,0.05771,1.06183273618537,0.944,0.00162579211463213,20000,0.128425023916563,6.80307937666484e-05,0.00962100712038011,0.128281405862116,0.121879810486804,0.134874145086719,0.140739945879482,0.14455436431705,0.128425023916563,0.983132388950421,1.00717519285925,0,0,0,0
"gaussian_phi080_N8100_M90_Q90","gaussian_phi080_N8100","gaussian","regular_distribution_dependence","gaussian_phi_0.8","gaussian, phi = 0.8",0.8,8100,90,90,8100,0.5,NA,"Balanced distribution/dependence design","Gaussian",1,0,0,"inside formal moment assumptions","regular","phi = 0.8",0.5,19,1616197319,"gaussian_phi080_N8100","gaussian","Gaussian","inside formal moment assumptions","regular",0.8,"phi = 0.8",8100,90,90,19,100000,20000,"K_leading",0.94275,-0.00724999999999998,0.000734659359839647,-0.00627,0.000391801488108533,0.05725,1.05887848220697,0.9444,0.0016203184872117,20000,0.12860763609405,6.8128178723866e-05,0.00963477943310694,0.128463886729405,0.122052057905343,0.135065748133267,0.140938564941316,0.144759308463317,0.12860763609405,0.984530340384104,1.00860733162373,0,0,0,0
"gaussian_phi080_N8100_M90_Q90","gaussian_phi080_N8100","gaussian","regular_distribution_dependence","gaussian_phi_0.8","gaussian, phi = 0.8",0.8,8100,90,90,8100,0.5,NA,"Balanced distribution/dependence design","Gaussian",1,0,0,"inside formal moment assumptions","regular","phi = 0.8",0.5,19,1616197319,"gaussian_phi080_N8100","gaussian","Gaussian","inside formal moment assumptions","regular",0.8,"phi = 0.8",8100,90,90,19,100000,20000,"V_oracle",0.94675,-0.00324999999999998,0.00071003124931231,-0.00227,0.00037874781253369,0.05325,1.02421098495152,0.9478,0.00157281848920974,20000,0.130810470484939,6.93033521997953e-05,0.00980097405988698,0.13066826698852,0.124147704743952,0.13737413268338,0.143349322463224,0.147235515847234,0.130810470484939,1.00139370370014,1.0258830936584,0,0,0,0
"gaussian_phi080_N8100_M90_Q90","gaussian_phi080_N8100","gaussian","regular_distribution_dependence","gaussian_phi_0.8","gaussian, phi = 0.8",0.8,8100,90,90,8100,0.5,NA,"Balanced distribution/dependence design","Gaussian",1,0,0,"inside formal moment assumptions","regular","phi = 0.8",0.5,19,1616197319,"gaussian_phi080_N8100","gaussian","Gaussian","inside formal moment assumptions","regular",0.8,"phi = 0.8",8100,90,90,19,100000,20000,"V_feasible",0.94644,-0.00356000000000001,0.000711978415403164,-0.00258,0.000384882991763956,0.0535600000000001,1.02760486612413,0.9474,0.00157849992081089,20000,0.130663432739713,7.09993383110572e-05,0.0100408227159013,0.130511299195556,0.123815444988543,0.13739638614067,0.143449121609871,0.147476385799553,0.130663432739713,1.00026808530179,1.02472994791711,0,0,0,0
"gaussian_phi080_N8100_M90_Q90","gaussian_phi080_N8100","gaussian","regular_distribution_dependence","gaussian_phi_0.8","gaussian, phi = 0.8",0.8,8100,90,90,8100,0.5,NA,"Balanced distribution/dependence design","Gaussian",1,0,0,"inside formal moment assumptions","regular","phi = 0.8",0.5,19,1616197319,"gaussian_phi080_N8100","gaussian","Gaussian","inside formal moment assumptions","regular",0.8,"phi = 0.8",8100,90,90,19,100000,20000,"VK_asym_full_oracle",0.94833,-0.00166999999999995,0.000700001507855519,-0.00069,0.000378545468823389,0.05167,1.00995070854925,0.94925,0.00155200575868777,20000,0.131750045035645,6.9804845815044e-05,0.0098718959670998,0.131606556771744,0.125037713494872,0.138365179648155,0.144378944370676,0.148289156058447,0.131750045035645,1.0085864309776,1.03325172128605,0,0,0,0
"gaussian_phi080_N8100_M90_Q90","gaussian_phi080_N8100","gaussian","regular_distribution_dependence","gaussian_phi_0.8","gaussian, phi = 0.8",0.8,8100,90,90,8100,0.5,NA,"Balanced distribution/dependence design","Gaussian",1,0,0,"inside formal moment assumptions","regular","phi = 0.8",0.5,19,1616197319,"gaussian_phi080_N8100","gaussian","Gaussian","inside formal moment assumptions","regular",0.8,"phi = 0.8",8100,90,90,19,100000,20000,"VK_leading_oracle",0.94865,-0.00134999999999996,0.000697948260976414,-0.00037,0.000378021242790137,0.05135,1.00714080186899,0.9494,0.00154983289421795,20000,0.131937582782538,6.99049612955697e-05,0.00988605443413609,0.131793199188966,0.125214733145267,0.138562866202672,0.144584120535956,0.148499760324971,0.131937582782538,1.01002208913439,1.0347224889031,0,0,0,0
"gaussian_phi080_N8100_M90_Q90","gaussian_phi080_N8100","gaussian","regular_distribution_dependence","gaussian_phi_0.8","gaussian, phi = 0.8",0.8,8100,90,90,8100,0.5,NA,"Balanced distribution/dependence design","Gaussian",1,0,0,"inside formal moment assumptions","regular","phi = 0.8",0.5,19,1616197319,"gaussian_phi080_N8100","gaussian","Gaussian","inside formal moment assumptions","regular",0.8,"phi = 0.8",8100,90,90,19,100000,20000,"VK_asym_full_feasible",0.94798,-0.00201999999999991,0.000702238703006321,-0.00104,0.000383914909721645,0.05202,1.0132973360951,0.949,0.00155561884791873,20000,0.13160305455846,7.15143027461603e-05,0.0101136496847275,0.131448260039151,0.124705187311637,0.138388753687232,0.144480742162339,0.148551626860116,0.13160305455846,1.00746117443039,1.03209894624508,0,0,0,0
"gaussian_phi080_N8100_M90_Q90","gaussian_phi080_N8100","gaussian","regular_distribution_dependence","gaussian_phi_0.8","gaussian, phi = 0.8",0.8,8100,90,90,8100,0.5,NA,"Balanced distribution/dependence design","Gaussian",1,0,0,"inside formal moment assumptions","regular","phi = 0.8",0.5,19,1616197319,"gaussian_phi080_N8100","gaussian","Gaussian","inside formal moment assumptions","regular",0.8,"phi = 0.8",8100,90,90,19,100000,20000,"F_feasible_leading",0.94823,-0.00176999999999994,0.000700641613808372,-0.00079,0.000383529959654131,0.05177,1.01047811835539,0.94925,0.00155200575868777,20000,0.131790604600743,7.16171102893175e-05,0.0101281888669123,0.131635367479997,0.124882334623173,0.13858693941335,0.144687044336526,0.148763481629603,0.131790604600743,1.00889692671211,1.03356981028891,0,0,0,0
"laplace_phi050_N64_M8_Q8","laplace_phi050_N64","laplace","regular_distribution_dependence","laplace_phi_0.5","laplace, phi = 0.5",0.5,64,8,8,64,0.5,NA,"Balanced distribution/dependence design","Standardized Laplace",2,0,3,"inside formal moment assumptions","regular","phi = 0.5",0.5,4,2140086896,"laplace_phi050_N64","laplace","Standardized Laplace","inside formal moment assumptions","regular",0.5,"phi = 0.5",64,8,8,4,100000,20000,"raw",0.84467,-0.10533,0.00114543699564839,NA,NA,0.15533,2.07069538905232,0.8464,0.00254957878874139,20000,0.681323821345316,0.00141713396918581,0.200413007892219,0.665816209538941,0.538718217332518,0.80695773318415,0.94722455598132,1.03541998649486,0.681323821345316,0.811290772212179,1,0,0,0,0.01213
"laplace_phi050_N64_M8_Q8","laplace_phi050_N64","laplace","regular_distribution_dependence","laplace_phi_0.5","laplace, phi = 0.5",0.5,64,8,8,64,0.5,NA,"Balanced distribution/dependence design","Standardized Laplace",2,0,3,"inside formal moment assumptions","regular","phi = 0.5",0.5,4,2140086896,"laplace_phi050_N64","laplace","Standardized Laplace","inside formal moment assumptions","regular",0.5,"phi = 0.5",64,8,8,4,100000,20000,"K_asym_full",0.86269,-0.08731,0.00108837476955321,NA,NA,0.13731,1.84960551678371,0.8643,0.00242162662274761,20000,0.71895249032604,0.00149787902060525,0.211832082573407,0.702360392039399,0.568274580480554,0.851742876527237,0.999659960415734,1.09323969309462,0.71895249032604,0.856097354571811,1.05522875878085,0,0,0,0.01213
"laplace_phi050_N64_M8_Q8","laplace_phi050_N64","laplace","regular_distribution_dependence","laplace_phi_0.5","laplace, phi = 0.5",0.5,64,8,8,64,0.5,NA,"Balanced distribution/dependence design","Standardized Laplace",2,0,3,"inside formal moment assumptions","regular","phi = 0.5",0.5,4,2140086896,"laplace_phi050_N64","laplace","Standardized Laplace","inside formal moment assumptions","regular",0.5,"phi = 0.5",64,8,8,4,100000,20000,"K_leading",0.87665,-0.0733499999999999,0.00103987873091048,NA,NA,0.12335,1.68244000360501,0.8782,0.00231262578036309,20000,0.751787618729242,0.00156865656950893,0.221841539530518,0.734650546317833,0.594057314259527,0.890827647173564,1.04564527817638,1.14375057164288,0.751787618729242,0.895195997307244,1.10342189011503,0,0,0,0.01213
"laplace_phi050_N64_M8_Q8","laplace_phi050_N64","laplace","regular_distribution_dependence","laplace_phi_0.5","laplace, phi = 0.5",0.5,64,8,8,64,0.5,NA,"Balanced distribution/dependence design","Standardized Laplace",2,0,3,"inside formal moment assumptions","regular","phi = 0.5",0.5,4,2140086896,"laplace_phi050_N64","laplace","Standardized Laplace","inside formal moment assumptions","regular",0.5,"phi = 0.5",64,8,8,4,100000,20000,"V_oracle",0.86955,-0.0804499999999999,0.00106504834397317,NA,NA,0.13045,1.76367074027661,0.87205,0.00236197795819521,20000,0.735300046810262,0.00153307933918424,0.216810159366833,0.718405350805212,0.581192010450894,0.871239220092681,1.02263173762562,1.11801616486876,0.735300046810262,0.875563313794665,1.07922257196052,0,0,0,0.01213
"laplace_phi050_N64_M8_Q8","laplace_phi050_N64","laplace","regular_distribution_dependence","laplace_phi_0.5","laplace, phi = 0.5",0.5,64,8,8,64,0.5,NA,"Balanced distribution/dependence design","Standardized Laplace",2,0,3,"inside formal moment assumptions","regular","phi = 0.5",0.5,4,2140086896,"laplace_phi050_N64","laplace","Standardized Laplace","inside formal moment assumptions","regular",0.5,"phi = 0.5",64,8,8,4,100000,20000,"V_feasible",0.8631,-0.0869,0.00108700685370424,NA,NA,0.1369,1.83805930147359,0.8655,0.00241256865187294,20000,0.734502657184299,0.00164657355345734,0.232860665074424,0.716588781908496,0.568796478449378,0.881310114544332,1.04170198934262,1.1442933849115,0.734502657184299,0.874613816910607,1.07805221859699,0,0,0,0.01213
"laplace_phi050_N64_M8_Q8","laplace_phi050_N64","laplace","regular_distribution_dependence","laplace_phi_0.5","laplace, phi = 0.5",0.5,64,8,8,64,0.5,NA,"Balanced distribution/dependence design","Standardized Laplace",2,0,3,"inside formal moment assumptions","regular","phi = 0.5",0.5,4,2140086896,"laplace_phi050_N64","laplace","Standardized Laplace","inside formal moment assumptions","regular",0.5,"phi = 0.5",64,8,8,4,100000,20000,"VK_asym_full_oracle",0.88572,-0.06428,0.00100608191316612,NA,NA,0.11428,1.57536214561166,0.88775,0.00223215072855755,20000,0.775250033921426,0.00161941617421887,0.229020031670668,0.757805321453484,0.612752399607769,0.918947413623401,1.07890514980666,1.18023912429613,0.775250033921426,0.923134020818068,1.13785840100328,0,0,0,0.01213
"laplace_phi050_N64_M8_Q8","laplace_phi050_N64","laplace","regular_distribution_dependence","laplace_phi_0.5","laplace, phi = 0.5",0.5,64,8,8,64,0.5,NA,"Balanced distribution/dependence design","Standardized Laplace",2,0,3,"inside formal moment assumptions","regular","phi = 0.5",0.5,4,2140086896,"laplace_phi050_N64","laplace","Standardized Laplace","inside formal moment assumptions","regular",0.5,"phi = 0.5",64,8,8,4,100000,20000,"VK_leading_oracle",0.89733,-0.05267,0.000959837856619544,NA,NA,0.10267,1.43298247647474,0.89815,0.0021386511812355,20000,0.809984368295657,0.00169484959352479,0.239687928134528,0.791823447832269,0.640010306783615,0.960156004312233,1.12764349728241,1.23428267164605,0.809984368295657,0.964494155417652,1.18883905555554,0,0,0,0.01213
"laplace_phi050_N64_M8_Q8","laplace_phi050_N64","laplace","regular_distribution_dependence","laplace_phi_0.5","laplace, phi = 0.5",0.5,64,8,8,64,0.5,NA,"Balanced distribution/dependence design","Standardized Laplace",2,0,3,"inside formal moment assumptions","regular","phi = 0.5",0.5,4,2140086896,"laplace_phi050_N64","laplace","Standardized Laplace","inside formal moment assumptions","regular",0.5,"phi = 0.5",64,8,8,4,100000,20000,"VK_asym_full_feasible",0.88015,-0.06985,0.00102706366647837,NA,NA,0.11985,1.64180817813917,0.88165,0.00228411117833612,20000,0.776104207008489,0.0017383502144383,0.245839844941283,0.75722972733782,0.601564939565245,0.930628071888222,1.10152457430373,1.2102024518472,0.776104207008489,0.924151132977801,1.13911209720515,0,0,0,0.01213
"laplace_phi050_N64_M8_Q8","laplace_phi050_N64","laplace","regular_distribution_dependence","laplace_phi_0.5","laplace, phi = 0.5",0.5,64,8,8,64,0.5,NA,"Balanced distribution/dependence design","Standardized Laplace",2,0,3,"inside formal moment assumptions","regular","phi = 0.5",0.5,4,2140086896,"laplace_phi050_N64","laplace","Standardized Laplace","inside formal moment assumptions","regular",0.5,"phi = 0.5",64,8,8,4,100000,20000,"F_feasible_leading",0.89254,-0.05746,0.000979348499769107,NA,NA,0.10746,1.49342318244729,0.8941,0.00217583535682275,20000,0.812349726050398,0.00181817668510916,0.257129012687193,0.792478352331899,0.629739051647306,0.973633797496737,1.15148322077348,1.26722358581669,0.812349726050398,0.967310720550533,1.19231076413322,0,0,0,0.01213
"laplace_phi050_N400_M20_Q20","laplace_phi050_N400","laplace","regular_distribution_dependence","laplace_phi_0.5","laplace, phi = 0.5",0.5,400,20,20,400,0.5,NA,"Balanced distribution/dependence design","Standardized Laplace",2,0,3,"inside formal moment assumptions","regular","phi = 0.5",0.5,10,328604258,"laplace_phi050_N400","laplace","Standardized Laplace","inside formal moment assumptions","regular",0.5,"phi = 0.5",400,20,20,10,100000,20000,"raw",0.92186,-0.0281399999999999,0.000848729287817971,NA,NA,0.07814,1.24994368937857,0.9241,0.00187268777429661,20000,0.321846042112239,0.000392576187658809,0.0555186568851812,0.320018356809022,0.283165333308813,0.358217533550329,0.394007922780299,0.416278537502646,0.321846042112239,0.949652000832158,1,0,0,0,0
"laplace_phi050_N400_M20_Q20","laplace_phi050_N400","laplace","regular_distribution_dependence","laplace_phi_0.5","laplace, phi = 0.5",0.5,400,20,20,400,0.5,NA,"Balanced distribution/dependence design","Standardized Laplace",2,0,3,"inside formal moment assumptions","regular","phi = 0.5",0.5,10,328604258,"laplace_phi050_N400","laplace","Standardized Laplace","inside formal moment assumptions","regular",0.5,"phi = 0.5",400,20,20,10,100000,20000,"K_asym_full",0.93046,-0.01954,0.000804389137171805,NA,NA,0.06954,1.17234301866299,0.93215,0.00177829099840268,20000,0.332743983896387,0.000406447164767875,0.0574803092802821,0.330810552447814,0.292646183010765,0.37039357356035,0.407473521696548,0.430567436675972,0.332743983896387,0.981807910385521,1.03386072953586,0,0,0,0
"laplace_phi050_N400_M20_Q20","laplace_phi050_N400","laplace","regular_distribution_dependence","laplace_phi_0.5","laplace, phi = 0.5",0.5,400,20,20,400,0.5,NA,"Balanced distribution/dependence design","Standardized Laplace",2,0,3,"inside formal moment assumptions","regular","phi = 0.5",0.5,10,328604258,"laplace_phi050_N400","laplace","Standardized Laplace","inside formal moment assumptions","regular",0.5,"phi = 0.5",400,20,20,10,100000,20000,"K_leading",0.93251,-0.01749,0.000793316455772853,NA,NA,0.06749,1.15619791267518,0.9345,0.00174942490550466,20000,0.3351520242637,0.000409520519312817,0.0579149472482259,0.333183485658478,0.294739915836847,0.373103714751591,0.410407240702784,0.433753075687987,0.3351520242637,0.988913172074916,1.04134269312164,0,0,0,0
"laplace_phi050_N400_M20_Q20","laplace_phi050_N400","laplace","regular_distribution_dependence","laplace_phi_0.5","laplace, phi = 0.5",0.5,400,20,20,400,0.5,NA,"Balanced distribution/dependence design","Standardized Laplace",2,0,3,"inside formal moment assumptions","regular","phi = 0.5",0.5,10,328604258,"laplace_phi050_N400","laplace","Standardized Laplace","inside formal moment assumptions","regular",0.5,"phi = 0.5",400,20,20,10,100000,20000,"V_oracle",0.93066,-0.0193399999999999,0.000803317897223758,NA,NA,0.06934,1.17051590925346,0.93235,0.00177585863035322,20000,0.333013925792029,0.000406791535943415,0.057529010718976,0.331074896764683,0.292874116811279,0.370704612278154,0.407801935710096,0.430912340140993,0.333013925792029,0.982604411904142,1.0346994594263,0,0,0,0
"laplace_phi050_N400_M20_Q20","laplace_phi050_N400","laplace","regular_distribution_dependence","laplace_phi_0.5","laplace, phi = 0.5",0.5,400,20,20,400,0.5,NA,"Balanced distribution/dependence design","Standardized Laplace",2,0,3,"inside formal moment assumptions","regular","phi = 0.5",0.5,10,328604258,"laplace_phi050_N400","laplace","Standardized Laplace","inside formal moment assumptions","regular",0.5,"phi = 0.5",400,20,20,10,100000,20000,"V_feasible",0.92906,-0.02094,0.000811834443713742,NA,NA,0.07094,1.18401908755422,0.93105,0.0017915900409971,20000,0.336549369674124,0.000469412569543703,0.0663849622197108,0.33462524194416,0.290327806758714,0.379805818028514,0.42275556817844,0.449670158258996,0.336549369674124,0.993036236183935,1.04568435101886,0,0,0,0
"laplace_phi050_N400_M20_Q20","laplace_phi050_N400","laplace","regular_distribution_dependence","laplace_phi_0.5","laplace, phi = 0.5",0.5,400,20,20,400,0.5,NA,"Balanced distribution/dependence design","Standardized Laplace",2,0,3,"inside formal moment assumptions","regular","phi = 0.5",0.5,10,328604258,"laplace_phi050_N400","laplace","Standardized Laplace","inside formal moment assumptions","regular",0.5,"phi = 0.5",400,20,20,10,100000,20000,"VK_asym_full_oracle",0.93889,-0.01111,0.000757466619066477,NA,NA,0.06111,1.09784637988731,0.94125,0.00166280542307271,20000,0.344306194369303,0.000421232087172715,0.0595712130586379,0.34223116560953,0.302761066015733,0.383370013156384,0.421717841425424,0.445935078819715,0.344306194369303,1.01592383810545,1.06978539213862,0,0,0,0
"laplace_phi050_N400_M20_Q20","laplace_phi050_N400","laplace","regular_distribution_dependence","laplace_phi_0.5","laplace, phi = 0.5",0.5,400,20,20,400,0.5,NA,"Balanced distribution/dependence design","Standardized Laplace",2,0,3,"inside formal moment assumptions","regular","phi = 0.5",0.5,10,328604258,"laplace_phi050_N400","laplace","Standardized Laplace","inside formal moment assumptions","regular",0.5,"phi = 0.5",400,20,20,10,100000,20000,"VK_leading_oracle",0.94061,-0.00939000000000001,0.000747414395767168,NA,NA,0.0593900000000001,1.08272721605945,0.9429,0.00164072529693426,20000,0.346801374855296,0.000424432174004704,0.060023773678495,0.344681321873222,0.304949670080742,0.3861097325632,0.42470984656859,0.449251649168994,0.346801374855296,1.02328621896746,1.07753810666516,0,0,0,0
"laplace_phi050_N400_M20_Q20","laplace_phi050_N400","laplace","regular_distribution_dependence","laplace_phi_0.5","laplace, phi = 0.5",0.5,400,20,20,400,0.5,NA,"Balanced distribution/dependence design","Standardized Laplace",2,0,3,"inside formal moment assumptions","regular","phi = 0.5",0.5,10,328604258,"laplace_phi050_N400","laplace","Standardized Laplace","inside formal moment assumptions","regular",0.5,"phi = 0.5",400,20,20,10,100000,20000,"VK_asym_full_feasible",0.93722,-0.0127799999999999,0.000767063697485417,NA,NA,0.0627799999999999,1.11051123586856,0.9394,0.00168712240219849,20000,0.34839256600657,0.000486326669930713,0.0687769772359758,0.346312238753191,0.300474152946316,0.393085803591723,0.437771491689151,0.465569829036499,0.34839256600657,1.02798125219079,1.08248205794332,0,0,0,0
"laplace_phi050_N400_M20_Q20","laplace_phi050_N400","laplace","regular_distribution_dependence","laplace_phi_0.5","laplace, phi = 0.5",0.5,400,20,20,400,0.5,NA,"Balanced distribution/dependence design","Standardized Laplace",2,0,3,"inside formal moment assumptions","regular","phi = 0.5",0.5,10,328604258,"laplace_phi050_N400","laplace","Standardized Laplace","inside formal moment assumptions","regular",0.5,"phi = 0.5",400,20,20,10,100000,20000,"F_feasible_leading",0.93878,-0.01122,0.000758103631438341,NA,NA,0.0612200000000001,1.09521765598766,0.9414,0.00166081365601322,20000,0.351014346232122,0.000490076196398551,0.0693072403543051,0.348861127051853,0.302705857358611,0.396094551864998,0.441120856757307,0.469242857243536,0.351014346232122,1.03571718338509,1.09062812743775,0,0,0,0
"laplace_phi050_N1024_M32_Q32","laplace_phi050_N1024","laplace","regular_distribution_dependence","laplace_phi_0.5","laplace, phi = 0.5",0.5,1024,32,32,1024,0.5,NA,"Balanced distribution/dependence design","Standardized Laplace",2,0,3,"inside formal moment assumptions","regular","phi = 0.5",0.5,13,952606130,"laplace_phi050_N1024","laplace","Standardized Laplace","inside formal moment assumptions","regular",0.5,"phi = 0.5",1024,32,32,13,100000,20000,"raw",0.93516,-0.01484,0.000778689761073048,NA,NA,0.06484,1.13239925922195,0.93275,0.00177098048408219,20000,0.206649582917054,0.000193273116345931,0.0273329462378528,0.205866497353227,0.188049046628995,0.224782963794566,0.241733578043895,0.252241736973656,0.206649582917054,0.974605202620923,1,0,0,0,0
"laplace_phi050_N1024_M32_Q32","laplace_phi050_N1024","laplace","regular_distribution_dependence","laplace_phi_0.5","laplace, phi = 0.5",0.5,1024,32,32,1024,0.5,NA,"Balanced distribution/dependence design","Standardized Laplace",2,0,3,"inside formal moment assumptions","regular","phi = 0.5",0.5,13,952606130,"laplace_phi050_N1024","laplace","Standardized Laplace","inside formal moment assumptions","regular",0.5,"phi = 0.5",1024,32,32,13,100000,20000,"K_asym_full",0.9405,-0.00949999999999995,0.000748062497389088,NA,NA,0.0595,1.0850316469791,0.93725,0.00171482415279235,20000,0.211291165432315,0.000197767117274884,0.0279684939441571,0.210484001787235,0.192258222757368,0.229810969198716,0.24716544791013,0.257890234175203,0.211291165432315,0.996495933799331,1.02246112694611,0,0,0,0
"laplace_phi050_N1024_M32_Q32","laplace_phi050_N1024","laplace","regular_distribution_dependence","laplace_phi_0.5","laplace, phi = 0.5",0.5,1024,32,32,1024,0.5,NA,"Balanced distribution/dependence design","Standardized Laplace",2,0,3,"inside formal moment assumptions","regular","phi = 0.5",0.5,13,952606130,"laplace_phi050_N1024","laplace","Standardized Laplace","inside formal moment assumptions","regular",0.5,"phi = 0.5",1024,32,32,13,100000,20000,"K_leading",0.94109,-0.00890999999999997,0.000744577812589121,NA,NA,0.05891,1.07931804394592,0.9377,0.00170907445712584,20000,0.211872336503328,0.000198330706787583,0.0280481975374041,0.211064778433155,0.192790455613081,0.230423533542403,0.247847086457653,0.258589578627615,0.211872336503328,0.999236865290345,1.02527347750985,0,0,0,0
"laplace_phi050_N1024_M32_Q32","laplace_phi050_N1024","laplace","regular_distribution_dependence","laplace_phi_0.5","laplace, phi = 0.5",0.5,1024,32,32,1024,0.5,NA,"Balanced distribution/dependence design","Standardized Laplace",2,0,3,"inside formal moment assumptions","regular","phi = 0.5",0.5,13,952606130,"laplace_phi050_N1024","laplace","Standardized Laplace","inside formal moment assumptions","regular",0.5,"phi = 0.5",1024,32,32,13,100000,20000,"V_oracle",0.94034,-0.00966,0.000749003901191443,NA,NA,0.05966,1.08663084067248,0.937,0.00171800756692164,20000,0.211129350748928,0.00019761023384894,0.0279463072772889,0.210321965458012,0.192113127149328,0.229640397652418,0.246975663791633,0.257698519750129,0.211129350748928,0.995732779913108,1.02167808794307,0,0,0,0
"laplace_phi050_N1024_M32_Q32","laplace_phi050_N1024","laplace","regular_distribution_dependence","laplace_phi_0.5","laplace, phi = 0.5",0.5,1024,32,32,1024,0.5,NA,"Balanced distribution/dependence design","Standardized Laplace",2,0,3,"inside formal moment assumptions","regular","phi = 0.5",0.5,13,952606130,"laplace_phi050_N1024","laplace","Standardized Laplace","inside formal moment assumptions","regular",0.5,"phi = 0.5",1024,32,32,13,100000,20000,"V_feasible",0.93975,-0.01025,0.00075246220835335,NA,NA,0.06025,1.09313015001139,0.9362,0.00172814293390333,20000,0.212122064213564,0.000220606112226126,0.0311984155852589,0.211124654255196,0.190828008365517,0.23274227607336,0.252366534691314,0.26442795793711,0.212122064213564,1.00041463648252,1.02648193729337,0,0,0,0
"laplace_phi050_N1024_M32_Q32","laplace_phi050_N1024","laplace","regular_distribution_dependence","laplace_phi_0.5","laplace, phi = 0.5",0.5,1024,32,32,1024,0.5,NA,"Balanced distribution/dependence design","Standardized Laplace",2,0,3,"inside formal moment assumptions","regular","phi = 0.5",0.5,13,952606130,"laplace_phi050_N1024","laplace","Standardized Laplace","inside formal moment assumptions","regular",0.5,"phi = 0.5",1024,32,32,13,100000,20000,"VK_asym_full_oracle",0.94548,-0.00451999999999997,0.000717966361328997,NA,NA,0.05452,1.04117769515607,0.94205,0.00165214705005335,20000,0.215878066856013,0.000202220798120753,0.0285983395296281,0.215021005008097,0.196423120001581,0.234759412705516,0.252501520353479,0.26348233289731,0.215878066856013,1.01812877683894,1.04465764609195,0,0,0,0
"laplace_phi050_N1024_M32_Q32","laplace_phi050_N1024","laplace","regular_distribution_dependence","laplace_phi_0.5","laplace, phi = 0.5",0.5,1024,32,32,1024,0.5,NA,"Balanced distribution/dependence design","Standardized Laplace",2,0,3,"inside formal moment assumptions","regular","phi = 0.5",0.5,13,952606130,"laplace_phi050_N1024","laplace","Standardized Laplace","inside formal moment assumptions","regular",0.5,"phi = 0.5",1024,32,32,13,100000,20000,"VK_leading_oracle",0.94618,-0.00381999999999993,0.000713606387303253,NA,NA,0.05382,1.03569502001595,0.94295,0.00164005026599797,20000,0.21647267303036,0.000202799073922667,0.028680120077814,0.215612694596243,0.196955097687143,0.235400930863244,0.25321622205081,0.264216936152478,0.21647267303036,1.02093307125294,1.04753501059447,0,0,0,0
"laplace_phi050_N1024_M32_Q32","laplace_phi050_N1024","laplace","regular_distribution_dependence","laplace_phi_0.5","laplace, phi = 0.5",0.5,1024,32,32,1024,0.5,NA,"Balanced distribution/dependence design","Standardized Laplace",2,0,3,"inside formal moment assumptions","regular","phi = 0.5",0.5,13,952606130,"laplace_phi050_N1024","laplace","Standardized Laplace","inside formal moment assumptions","regular",0.5,"phi = 0.5",1024,32,32,13,100000,20000,"VK_asym_full_feasible",0.94498,-0.00501999999999991,0.00072106032757322,NA,NA,0.05502,1.04740514210889,0.94115,0.00166413156781548,20000,0.216978127296709,0.000225822147834621,0.0319360744151943,0.215989378318521,0.195189176491421,0.238101406614269,0.258160124581625,0.270459684149892,0.216978127296709,1.02331690552309,1.04998095923475,0,0,0,0
"laplace_phi050_N1024_M32_Q32","laplace_phi050_N1024","laplace","regular_distribution_dependence","laplace_phi_0.5","laplace, phi = 0.5",0.5,1024,32,32,1024,0.5,NA,"Balanced distribution/dependence design","Standardized Laplace",2,0,3,"inside formal moment assumptions","regular","phi = 0.5",0.5,13,952606130,"laplace_phi050_N1024","laplace","Standardized Laplace","inside formal moment assumptions","regular",0.5,"phi = 0.5",1024,32,32,13,100000,20000,"F_feasible_leading",0.94556,-0.00444,0.000717469765216626,NA,NA,0.05444,1.0418896742296,0.942,0.00165281577920832,20000,0.217586552981915,0.000226476613402357,0.0320286298233941,0.216601643640621,0.195733522026591,0.238763474119999,0.258885120751939,0.271234168522142,0.217586552981915,1.0261863758111,1.05292519786624,0,0,0,0
"laplace_phi050_N100_M10_Q10","laplace_phi050_N100","laplace","regular_distribution_dependence","laplace_phi_0.5","laplace, phi = 0.5",0.5,100,10,10,100,0.5,NA,"Balanced distribution/dependence design","Standardized Laplace",2,0,3,"inside formal moment assumptions","regular","phi = 0.5",0.5,5,28603358,"laplace_phi050_N100","laplace","Standardized Laplace","inside formal moment assumptions","regular",0.5,"phi = 0.5",100,10,10,5,100000,20000,"raw",0.87539,-0.07461,0.00104442495134883,NA,NA,0.12461,1.78554774276086,0.8766,0.00232564442682023,20000,0.580263413876838,0.00106192731719233,0.150179201422787,0.570909097948415,0.474756689548434,0.675321401504976,0.780032000951952,0.843829096260201,0.580263413876838,0.860401673763912,1,0,0,0,0.00295
"laplace_phi050_N100_M10_Q10","laplace_phi050_N100","laplace","regular_distribution_dependence","laplace_phi_0.5","laplace, phi = 0.5",0.5,100,10,10,100,0.5,NA,"Balanced distribution/dependence design","Standardized Laplace",2,0,3,"inside formal moment assumptions","regular","phi = 0.5",0.5,5,28603358,"laplace_phi050_N100","laplace","Standardized Laplace","inside formal moment assumptions","regular",0.5,"phi = 0.5",100,10,10,5,100000,20000,"K_asym_full",0.8905,-0.0595,0.000987470252716506,NA,NA,0.1095,1.60996888138938,0.8916,0.00219828842511623,20000,0.610776720592435,0.00111997059111047,0.158387759940744,0.600894131682959,0.49932696102844,0.710843297167512,0.821415880615703,0.889147740222542,0.610776720592435,0.905646125752994,1.05258526728703,0,0,0,0.00295
"laplace_phi050_N100_M10_Q10","laplace_phi050_N100","laplace","regular_distribution_dependence","laplace_phi_0.5","laplace, phi = 0.5",0.5,100,10,10,100,0.5,NA,"Balanced distribution/dependence design","Standardized Laplace",2,0,3,"inside formal moment assumptions","regular","phi = 0.5",0.5,5,28603358,"laplace_phi050_N100","laplace","Standardized Laplace","inside formal moment assumptions","regular",0.5,"phi = 0.5",100,10,10,5,100000,20000,"K_leading",0.89863,-0.0513699999999999,0.000954432413007857,NA,NA,0.10137,1.51771558134673,0.89925,0.00212837305823016,20000,0.628812540433019,0.00115442883031948,0.163260890863232,0.61853253394239,0.513920032374233,0.731902922747101,0.846133128851111,0.916074681748414,0.628812540433019,0.932389237945549,1.08366739207598,0,0,0,0.00295
"laplace_phi050_N100_M10_Q10","laplace_phi050_N100","laplace","regular_distribution_dependence","laplace_phi_0.5","laplace, phi = 0.5",0.5,100,10,10,100,0.5,NA,"Balanced distribution/dependence design","Standardized Laplace",2,0,3,"inside formal moment assumptions","regular","phi = 0.5",0.5,5,28603358,"laplace_phi050_N100","laplace","Standardized Laplace","inside formal moment assumptions","regular",0.5,"phi = 0.5",100,10,10,5,100000,20000,"V_oracle",0.89406,-0.05594,0.000973225135310428,NA,NA,0.10594,1.56862216579907,0.89415,0.00217538246637229,20000,0.618671041584145,0.00113503922311827,0.160518786315928,0.608542507058676,0.505700763092009,0.71998824104685,0.832294883941437,0.900868459657883,0.618671041584145,0.917351649196419,1.06618998680392,0,0,0,0.00295
"laplace_phi050_N100_M10_Q10","laplace_phi050_N100","laplace","regular_distribution_dependence","laplace_phi_0.5","laplace, phi = 0.5",0.5,100,10,10,100,0.5,NA,"Balanced distribution/dependence design","Standardized Laplace",2,0,3,"inside formal moment assumptions","regular","phi = 0.5",0.5,5,28603358,"laplace_phi050_N100","laplace","Standardized Laplace","inside formal moment assumptions","regular",0.5,"phi = 0.5",100,10,10,5,100000,20000,"V_feasible",0.89059,-0.05941,0.000987114238069738,NA,NA,0.10941,1.61038158833583,0.89115,0.00220229059730999,20000,0.622587716721368,0.00124753260153197,0.17642775245891,0.611595506969846,0.497722551069485,0.734269463602272,0.85899330493788,0.932507023566971,0.622587716721368,0.923159207906939,1.07293980945956,0,0,0,0.00295
"laplace_phi050_N100_M10_Q10","laplace_phi050_N100","laplace","regular_distribution_dependence","laplace_phi_0.5","laplace, phi = 0.5",0.5,100,10,10,100,0.5,NA,"Balanced distribution/dependence design","Standardized Laplace",2,0,3,"inside formal moment assumptions","regular","phi = 0.5",0.5,5,28603358,"laplace_phi050_N100","laplace","Standardized Laplace","inside formal moment assumptions","regular",0.5,"phi = 0.5",100,10,10,5,100000,20000,"VK_asym_full_oracle",0.9083,-0.0417,0.0009126396331521,NA,NA,0.0917,1.4143743194955,0.90955,0.00202816169843531,20000,0.650983986755497,0.00119694308395874,0.169273314272313,0.640294437820442,0.531886612381404,0.75778346818551,0.876581027073439,0.949364015734211,0.650983986755497,0.965264565028769,1.12187667046965,0,0,0,0.00295
"laplace_phi050_N100_M10_Q10","laplace_phi050_N100","laplace","regular_distribution_dependence","laplace_phi_0.5","laplace, phi = 0.5",0.5,100,10,10,100,0.5,NA,"Balanced distribution/dependence design","Standardized Laplace",2,0,3,"inside formal moment assumptions","regular","phi = 0.5",0.5,5,28603358,"laplace_phi050_N100","laplace","Standardized Laplace","inside formal moment assumptions","regular",0.5,"phi = 0.5",100,10,10,5,100000,20000,"VK_leading_oracle",0.91566,-0.0343399999999999,0.000878787598911136,NA,NA,0.08434,1.33332884092921,0.91685,0.00195238415149273,20000,0.670056152088333,0.00123365205088164,0.17446474616062,0.658876603184325,0.547139441766779,0.779890599826095,0.90244374311911,0.977804708298502,0.670056152088333,0.993544347248774,1.15474478670226,0,0,0,0.00295
"laplace_phi050_N100_M10_Q10","laplace_phi050_N100","laplace","regular_distribution_dependence","laplace_phi_0.5","laplace, phi = 0.5",0.5,100,10,10,100,0.5,NA,"Balanced distribution/dependence design","Standardized Laplace",2,0,3,"inside formal moment assumptions","regular","phi = 0.5",0.5,5,28603358,"laplace_phi050_N100","laplace","Standardized Laplace","inside formal moment assumptions","regular",0.5,"phi = 0.5",100,10,10,5,100000,20000,"VK_asym_full_feasible",0.90488,-0.0451199999999999,0.000927750966585322,NA,NA,0.09512,1.45202739881614,0.9053,0.0020704095005578,20000,0.656519988367165,0.00131534641202772,0.186018073510839,0.644872101862703,0.525036328774579,0.774168674337535,0.905483485136093,0.983595195215551,0.656519988367165,0.973473224990311,1.13141716790456,0,0,0,0.00295
"laplace_phi050_N100_M10_Q10","laplace_phi050_N100","laplace","regular_distribution_dependence","laplace_phi_0.5","laplace, phi = 0.5",0.5,100,10,10,100,0.5,NA,"Balanced distribution/dependence design","Standardized Laplace",2,0,3,"inside formal moment assumptions","regular","phi = 0.5",0.5,5,28603358,"laplace_phi050_N100","laplace","Standardized Laplace","inside formal moment assumptions","regular",0.5,"phi = 0.5",100,10,10,5,100000,20000,"F_feasible_leading",0.91204,-0.03796,0.000895673145740119,NA,NA,0.08796,1.36882435008546,0.913,0.00199287480790942,20000,0.676597462397299,0.00135545640175617,0.191690482656901,0.664725038147988,0.541034712860891,0.797954037144516,0.932617958499352,1.01298951035205,0.676597462397299,1.00324365656907,1.16601778815734,0,0,0,0.00295
"laplace_phi050_N225_M15_Q15","laplace_phi050_N225","laplace","regular_distribution_dependence","laplace_phi_0.5","laplace, phi = 0.5",0.5,225,15,15,225,0.5,NA,"Balanced distribution/dependence design","Standardized Laplace",2,0,3,"inside formal moment assumptions","regular","phi = 0.5",0.5,7,153603733,"laplace_phi050_N225","laplace","Standardized Laplace","inside formal moment assumptions","regular",0.5,"phi = 0.5",225,15,15,7,100000,20000,"raw",0.90864,-0.04136,0.000911116624807165,NA,NA,0.09136,1.40397678859932,0.9058,0.00206550671749089,20000,0.416056051920446,0.000595736289448107,0.0842498340135337,0.41122837832904,0.357026097044534,0.470110935949516,0.528018053681959,0.561849314311721,0.416056051920446,0.921923775087161,1,0,0,0,5e-05
"laplace_phi050_N225_M15_Q15","laplace_phi050_N225","laplace","regular_distribution_dependence","laplace_phi_0.5","laplace, phi = 0.5",0.5,225,15,15,225,0.5,NA,"Balanced distribution/dependence design","Standardized Laplace",2,0,3,"inside formal moment assumptions","regular","phi = 0.5",0.5,7,153603733,"laplace_phi050_N225","laplace","Standardized Laplace","inside formal moment assumptions","regular",0.5,"phi = 0.5",225,15,15,7,100000,20000,"K_asym_full",0.91961,-0.0303899999999999,0.000859810722775658,NA,NA,0.08039,1.29581857673685,0.9169,0.00195185027602017,20000,0.433560895634904,0.000622005198633709,0.0879648187774362,0.428320870140473,0.371998237740929,0.489967591513002,0.550266043120603,0.58599979680765,0.433560895634904,0.960712134311965,1.04207328227449,0,0,0,5e-05
"laplace_phi050_N225_M15_Q15","laplace_phi050_N225","laplace","regular_distribution_dependence","laplace_phi_0.5","laplace, phi = 0.5",0.5,225,15,15,225,0.5,NA,"Balanced distribution/dependence design","Standardized Laplace",2,0,3,"inside formal moment assumptions","regular","phi = 0.5",0.5,7,153603733,"laplace_phi050_N225","laplace","Standardized Laplace","inside formal moment assumptions","regular",0.5,"phi = 0.5",225,15,15,7,100000,20000,"K_leading",0.92313,-0.0268699999999999,0.000842383541505887,NA,NA,0.07687,1.26357910973939,0.9203,0.00191504451645386,20000,0.439213698094928,0.000630519289652664,0.0891688930764647,0.433952048841967,0.376797426913374,0.49646131468175,0.557466189054649,0.593730168478111,0.439213698094928,0.973237977788372,1.0556599190604,0,0,0,5e-05
"laplace_phi050_N225_M15_Q15","laplace_phi050_N225","laplace","regular_distribution_dependence","laplace_phi_0.5","laplace, phi = 0.5",0.5,225,15,15,225,0.5,NA,"Balanced distribution/dependence design","Standardized Laplace",2,0,3,"inside formal moment assumptions","regular","phi = 0.5",0.5,7,153603733,"laplace_phi050_N225","laplace","Standardized Laplace","inside formal moment assumptions","regular",0.5,"phi = 0.5",225,15,15,7,100000,20000,"V_oracle",0.92057,-0.02943,0.000855107449973394,NA,NA,0.07943,1.28680819038281,0.91755,0.00194489071029711,20000,0.43511912590595,0.000624350632324544,0.0882965131909587,0.429859657329368,0.373331701334997,0.491797258680149,0.552324142888799,0.588130179493389,0.43511912590595,0.964164961226288,1.04581852348382,0,0,0,5e-05
"laplace_phi050_N225_M15_Q15","laplace_phi050_N225","laplace","regular_distribution_dependence","laplace_phi_0.5","laplace, phi = 0.5",0.5,225,15,15,225,0.5,NA,"Balanced distribution/dependence design","Standardized Laplace",2,0,3,"inside formal moment assumptions","regular","phi = 0.5",0.5,7,153603733,"laplace_phi050_N225","laplace","Standardized Laplace","inside formal moment assumptions","regular",0.5,"phi = 0.5",225,15,15,7,100000,20000,"V_feasible",0.91886,-0.0311399999999999,0.000863459902948597,NA,NA,0.08114,1.30324281786104,0.91605,0.0019608977217081,20000,0.439106970576881,0.000697802530864347,0.0986841803006629,0.434145913899405,0.370395083366768,0.502483656601337,0.569832593805949,0.609905419233828,0.439106970576881,0.973001484085445,1.05540339709045,0,0,0,5e-05
"laplace_phi050_N225_M15_Q15","laplace_phi050_N225","laplace","regular_distribution_dependence","laplace_phi_0.5","laplace, phi = 0.5",0.5,225,15,15,225,0.5,NA,"Balanced distribution/dependence design","Standardized Laplace",2,0,3,"inside formal moment assumptions","regular","phi = 0.5",0.5,7,153603733,"laplace_phi050_N225","laplace","Standardized Laplace","inside formal moment assumptions","regular",0.5,"phi = 0.5",225,15,15,7,100000,20000,"VK_asym_full_oracle",0.93092,-0.01908,0.000801922400235833,NA,NA,0.06908,1.18767630016072,0.9292,0.00181366148991481,20000,0.453428854773681,0.000651997861462818,0.0922064218318971,0.447936171946696,0.388784054159324,0.512515680696367,0.575692829047615,0.613420438703812,0.453428854773681,1.00473683677201,1.08982636517539,0,0,0,5e-05
"laplace_phi050_N225_M15_Q15","laplace_phi050_N225","laplace","regular_distribution_dependence","laplace_phi_0.5","laplace, phi = 0.5",0.5,225,15,15,225,0.5,NA,"Balanced distribution/dependence design","Standardized Laplace",2,0,3,"inside formal moment assumptions","regular","phi = 0.5",0.5,7,153603733,"laplace_phi050_N225","laplace","Standardized Laplace","inside formal moment assumptions","regular",0.5,"phi = 0.5",225,15,15,7,100000,20000,"VK_leading_oracle",0.93419,-0.01581,0.000784085734470409,NA,NA,0.06581,1.15812737134452,0.9321,0.00177889839507488,20000,0.459340490158197,0.000660959056591399,0.0934737262004883,0.453778367494693,0.39377839055055,0.519175022204919,0.583216602270897,0.621722473012327,0.459340490158197,1.01783621889967,1.10403511266801,0,0,0,5e-05
"laplace_phi050_N225_M15_Q15","laplace_phi050_N225","laplace","regular_distribution_dependence","laplace_phi_0.5","laplace, phi = 0.5",0.5,225,15,15,225,0.5,NA,"Balanced distribution/dependence design","Standardized Laplace",2,0,3,"inside formal moment assumptions","regular","phi = 0.5",0.5,7,153603733,"laplace_phi050_N225","laplace","Standardized Laplace","inside formal moment assumptions","regular",0.5,"phi = 0.5",225,15,15,7,100000,20000,"VK_asym_full_feasible",0.92931,-0.02069,0.000810511714289189,NA,NA,0.07069,1.20284485263323,0.9263,0.00184754309827944,20000,0.458258678501036,0.000729021336228903,0.103099186095427,0.453017495673777,0.386400081389018,0.52444706614461,0.595089354964844,0.636597075701708,0.458258678501036,1.01543907100986,1.10143495422261,0,0,0,5e-05
"laplace_phi050_N225_M15_Q15","laplace_phi050_N225","laplace","regular_distribution_dependence","laplace_phi_0.5","laplace, phi = 0.5",0.5,225,15,15,225,0.5,NA,"Balanced distribution/dependence design","Standardized Laplace",2,0,3,"inside formal moment assumptions","regular","phi = 0.5",0.5,7,153603733,"laplace_phi050_N225","laplace","Standardized Laplace","inside formal moment assumptions","regular",0.5,"phi = 0.5",225,15,15,7,100000,20000,"F_feasible_leading",0.93226,-0.01774,0.000794677874361681,NA,NA,0.06774,1.17291853607494,0.92935,0.00181188544753801,20000,0.46445519383187,0.000739139288290233,0.104530080598285,0.459178653928582,0.391717343988038,0.531582982992283,0.602993850409452,0.645394487373449,0.46445519383187,1.02916970845599,1.11632841701983,0,0,0,5e-05
"laplace_phi080_N64_M8_Q8","laplace_phi080_N64","laplace","regular_distribution_dependence","laplace_phi_0.8","laplace, phi = 0.8",0.8,64,8,8,64,0.5,NA,"Balanced distribution/dependence design","Standardized Laplace",2,0,3,"inside formal moment assumptions","regular","phi = 0.8",0.5,4,22624250,"laplace_phi080_N64","laplace","Standardized Laplace","inside formal moment assumptions","regular",0.8,"phi = 0.8",64,8,8,4,100000,20000,"raw",0.74902,-0.20098,0.00137109095103133,NA,NA,0.25098,3.12059406241797,0.75055,0.00305961351725998,20000,0.895970634162926,0.00196652317080412,0.278108373887212,0.869735395864168,0.695598459383066,1.06521801061696,1.2675018294877,1.39364523877113,0.895970634162926,0.631848935248213,1,0,0,0,0.03317
"laplace_phi080_N64_M8_Q8","laplace_phi080_N64","laplace","regular_distribution_dependence","laplace_phi_0.8","laplace, phi = 0.8",0.8,64,8,8,64,0.5,NA,"Balanced distribution/dependence design","Standardized Laplace",2,0,3,"inside formal moment assumptions","regular","phi = 0.8",0.5,4,22624250,"laplace_phi080_N64","laplace","Standardized Laplace","inside formal moment assumptions","regular",0.8,"phi = 0.8",64,8,8,4,100000,20000,"K_asym_full",0.72374,-0.22626,0.00141400287269864,NA,NA,0.27626,3.54588335738292,0.72465,0.00315857861624497,20000,0.84279679915691,0.00184792678351956,0.261336311952586,0.818080261065561,0.65444238431867,1.00200819201997,1.19094729153234,1.31065728767176,0.84279679915691,0.594350126971974,0.940652256917221,0,0,0,0.03317
"laplace_phi080_N64_M8_Q8","laplace_phi080_N64","laplace","regular_distribution_dependence","laplace_phi_0.8","laplace, phi = 0.8",0.8,64,8,8,64,0.5,NA,"Balanced distribution/dependence design","Standardized Laplace",2,0,3,"inside formal moment assumptions","regular","phi = 0.8",0.5,4,22624250,"laplace_phi080_N64","laplace","Standardized Laplace","inside formal moment assumptions","regular",0.8,"phi = 0.8",64,8,8,4,100000,20000,"K_leading",0.78754,-0.16246,0.00129352521583462,NA,NA,0.21246,2.5354826757146,0.79035,0.0028783404723903,20000,0.988241408023872,0.00217340932649261,0.307366494611402,0.958841833463755,0.766481405256631,1.17527329596949,1.39845399109962,1.53819169972919,0.988241408023872,0.696919360545172,1.10298414963918,0,0,0,0.03317
"laplace_phi080_N64_M8_Q8","laplace_phi080_N64","laplace","regular_distribution_dependence","laplace_phi_0.8","laplace, phi = 0.8",0.8,64,8,8,64,0.5,NA,"Balanced distribution/dependence design","Standardized Laplace",2,0,3,"inside formal moment assumptions","regular","phi = 0.8",0.5,4,22624250,"laplace_phi080_N64","laplace","Standardized Laplace","inside formal moment assumptions","regular",0.8,"phi = 0.8",64,8,8,4,100000,20000,"V_oracle",0.84441,-0.10559,0.00114621879194157,NA,NA,0.15559,1.80299935211898,0.84655,0.00254855937246908,20000,1.15470080256638,0.00255045574886171,0.360688911027266,1.12015982806461,0.894415726520065,1.37312045043043,1.636456997034,1.80254795234388,1.15470080256638,0.814308465939246,1.28877081294654,0,0,0,0.03317
"laplace_phi080_N64_M8_Q8","laplace_phi080_N64","laplace","regular_distribution_dependence","laplace_phi_0.8","laplace, phi = 0.8",0.8,64,8,8,64,0.5,NA,"Balanced distribution/dependence design","Standardized Laplace",2,0,3,"inside formal moment assumptions","regular","phi = 0.8",0.5,4,22624250,"laplace_phi080_N64","laplace","Standardized Laplace","inside formal moment assumptions","regular",0.8,"phi = 0.8",64,8,8,4,100000,20000,"V_feasible",0.78979,-0.16021,0.00128849429917249,NA,NA,0.21021,2.49233339433406,0.79215,0.00286921920999425,20000,1.00009172372051,0.00226907732253226,0.320895992359836,0.970208985901027,0.76978860748062,1.19504224441897,1.42758010227504,1.57510429635169,1.00009172372051,0.705276341309691,1.1162103818892,0,0,0,0.03317
"laplace_phi080_N64_M8_Q8","laplace_phi080_N64","laplace","regular_distribution_dependence","laplace_phi_0.8","laplace, phi = 0.8",0.8,64,8,8,64,0.5,NA,"Balanced distribution/dependence design","Standardized Laplace",2,0,3,"inside formal moment assumptions","regular","phi = 0.8",0.5,4,22624250,"laplace_phi080_N64","laplace","Standardized Laplace","inside formal moment assumptions","regular",0.8,"phi = 0.8",64,8,8,4,100000,20000,"VK_asym_full_oracle",0.8245,-0.1255,0.00120291209155117,NA,NA,0.1755,2.04872061798936,0.82875,0.00266386408718613,20000,1.09027303175356,0.00240391374437763,0.339964742007393,1.05778366876508,0.844999971307759,1.29685654063424,1.54464728008047,1.70006061334304,1.09027303175356,0.768873250948602,1.21686246198478,0,0,0,0.03317
"laplace_phi080_N64_M8_Q8","laplace_phi080_N64","laplace","regular_distribution_dependence","laplace_phi_0.8","laplace, phi = 0.8",0.8,64,8,8,64,0.5,NA,"Balanced distribution/dependence design","Standardized Laplace",2,0,3,"inside formal moment assumptions","regular","phi = 0.8",0.5,4,22624250,"laplace_phi080_N64","laplace","Standardized Laplace","inside formal moment assumptions","regular",0.8,"phi = 0.8",64,8,8,4,100000,20000,"VK_leading_oracle",0.87283,-0.07717,0.00105355489225764,NA,NA,0.12717,1.46493697359667,0.87535,0.00233572662676949,20000,1.2638443454778,0.00280052010454879,0.396053351355142,1.22580185759073,0.97828691373912,1.5040754970511,1.79347759668495,1.9763518834976,1.2638443454778,0.891277764650943,1.41058679524532,0,0,0,0.03317
"laplace_phi080_N64_M8_Q8","laplace_phi080_N64","laplace","regular_distribution_dependence","laplace_phi_0.8","laplace, phi = 0.8",0.8,64,8,8,64,0.5,NA,"Balanced distribution/dependence design","Standardized Laplace",2,0,3,"inside formal moment assumptions","regular","phi = 0.8",0.5,4,22624250,"laplace_phi080_N64","laplace","Standardized Laplace","inside formal moment assumptions","regular",0.8,"phi = 0.8",64,8,8,4,100000,20000,"VK_asym_full_feasible",0.76637,-0.18363,0.00133808453806178,NA,NA,0.23363,2.83200035866605,0.76825,0.00298363819438618,20000,0.940941400860478,0.00213532891712099,0.301981111471995,0.913153458818242,0.724645068768629,1.12453771734836,1.34306100320221,1.48123020018937,0.940941400860478,0.663562844132839,1.05019223285099,0,0,0,0.03317
"laplace_phi080_N64_M8_Q8","laplace_phi080_N64","laplace","regular_distribution_dependence","laplace_phi_0.8","laplace, phi = 0.8",0.8,64,8,8,64,0.5,NA,"Balanced distribution/dependence design","Standardized Laplace",2,0,3,"inside formal moment assumptions","regular","phi = 0.8",0.5,4,22624250,"laplace_phi080_N64","laplace","Standardized Laplace","inside formal moment assumptions","regular",0.8,"phi = 0.8",64,8,8,4,100000,20000,"F_feasible_leading",0.82587,-0.12413,0.00119920283146764,NA,NA,0.17413,2.02502088289643,0.82955,0.00265891704928905,20000,1.10204883577001,0.00250004593603005,0.353559886928943,1.06890386702835,0.848336912377959,1.31636531151362,1.57345945732919,1.73645423556455,1.10204883577001,0.777177685207697,1.23000553115183,0,0,0,0.03317
"laplace_phi080_N100_M10_Q10","laplace_phi080_N100","laplace","regular_distribution_dependence","laplace_phi_0.8","laplace, phi = 0.8",0.8,100,10,10,100,0.5,NA,"Balanced distribution/dependence design","Standardized Laplace",2,0,3,"inside formal moment assumptions","regular","phi = 0.8",0.5,5,58624358,"laplace_phi080_N100","laplace","Standardized Laplace","inside formal moment assumptions","regular",0.8,"phi = 0.8",100,10,10,5,100000,20000,"raw",0.80117,-0.14883,0.00126212769203437,NA,NA,0.19883,2.6723743671931,0.79835,0.00283714008730623,20000,0.813356698401314,0.00156247944802363,0.220967962632425,0.794083598666092,0.655420782590903,0.953055626277306,1.10496782985879,1.20141751313771,0.813356698401314,0.707544460833083,1,0,0,0,0.00859
"laplace_phi080_N100_M10_Q10","laplace_phi080_N100","laplace","regular_distribution_dependence","laplace_phi_0.8","laplace, phi = 0.8",0.8,100,10,10,100,0.5,NA,"Balanced distribution/dependence design","Standardized Laplace",2,0,3,"inside formal moment assumptions","regular","phi = 0.8",0.5,5,58624358,"laplace_phi080_N100","laplace","Standardized Laplace","inside formal moment assumptions","regular",0.8,"phi = 0.8",100,10,10,5,100000,20000,"K_asym_full",0.79,-0.16,0.00128802173894698,NA,NA,0.21,2.82529356709359,0.7873,0.00289360251244016,20000,0.791255443334071,0.0015188978701226,0.214804596778699,0.772641009169252,0.63772868136632,0.927223245299266,1.07528084242092,1.1686423602719,0.791255443334071,0.68831843044442,0.972827106347457,0,0,0,0.00859
"laplace_phi080_N100_M10_Q10","laplace_phi080_N100","laplace","regular_distribution_dependence","laplace_phi_0.8","laplace, phi = 0.8",0.8,100,10,10,100,0.5,NA,"Balanced distribution/dependence design","Standardized Laplace",2,0,3,"inside formal moment assumptions","regular","phi = 0.8",0.5,5,58624358,"laplace_phi080_N100","laplace","Standardized Laplace","inside formal moment assumptions","regular",0.8,"phi = 0.8",100,10,10,5,100000,20000,"K_leading",0.83038,-0.11962,0.00118679844792618,NA,NA,0.16962,2.27151821211413,0.8271,0.00267400065445018,20000,0.881158418443517,0.00169681067633438,0.239965267125154,0.859992672209903,0.7100660845661,1.03265746612072,1.19750334707764,1.30301867062239,0.881158418443517,0.766525632986837,1.08336037580495,0,0,0,0.00859
"laplace_phi080_N100_M10_Q10","laplace_phi080_N100","laplace","regular_distribution_dependence","laplace_phi_0.8","laplace, phi = 0.8",0.8,100,10,10,100,0.5,NA,"Balanced distribution/dependence design","Standardized Laplace",2,0,3,"inside formal moment assumptions","regular","phi = 0.8",0.5,5,58624358,"laplace_phi080_N100","laplace","Standardized Laplace","inside formal moment assumptions","regular",0.8,"phi = 0.8",100,10,10,5,100000,20000,"V_oracle",0.87794,-0.0720599999999999,0.00103518769505824,NA,NA,0.12206,1.68716835893073,0.8745,0.00234253868698043,20000,1.01804120649302,0.00197104632692736,0.278748044760635,0.993242710959986,0.81892113195166,1.19330166162478,1.38652011747002,1.50844704307963,1.01804120649302,0.885600890691336,1.25165405103816,0,0,0,0.00859
"laplace_phi080_N100_M10_Q10","laplace_phi080_N100","laplace","regular_distribution_dependence","laplace_phi_0.8","laplace, phi = 0.8",0.8,100,10,10,100,0.5,NA,"Balanced distribution/dependence design","Standardized Laplace",2,0,3,"inside formal moment assumptions","regular","phi = 0.8",0.5,5,58624358,"laplace_phi080_N100","laplace","Standardized Laplace","inside formal moment assumptions","regular",0.8,"phi = 0.8",100,10,10,5,100000,20000,"V_feasible",0.83951,-0.11049,0.00116074527739724,NA,NA,0.16049,2.15129815361306,0.8365,0.00261503107056111,20000,0.909624468372581,0.00182000529630008,0.257387617361843,0.887262353743671,0.725848980497285,1.07266428379795,1.24833367501099,1.36242262960828,0.909624468372581,0.791288441221766,1.11835861210768,0,0,0,0.00859
"laplace_phi080_N100_M10_Q10","laplace_phi080_N100","laplace","regular_distribution_dependence","laplace_phi_0.8","laplace, phi = 0.8",0.8,100,10,10,100,0.5,NA,"Balanced distribution/dependence design","Standardized Laplace",2,0,3,"inside formal moment assumptions","regular","phi = 0.8",0.5,5,58624358,"laplace_phi080_N100","laplace","Standardized Laplace","inside formal moment assumptions","regular",0.8,"phi = 0.8",100,10,10,5,100000,20000,"VK_asym_full_oracle",0.86949,-0.08051,0.00106525649446507,NA,NA,0.13051,1.78371188169177,0.8663,0.00240649444212946,20000,0.99116474879939,0.00191687257878113,0.271086719825336,0.967001914740178,0.797413136482003,1.16199446965913,1.34920840355921,1.46826045689098,0.99116474879939,0.862220879430197,1.21861017527435,0,0,0,0.00859
"laplace_phi080_N100_M10_Q10","laplace_phi080_N100","laplace","regular_distribution_dependence","laplace_phi_0.8","laplace, phi = 0.8",0.8,100,10,10,100,0.5,NA,"Balanced distribution/dependence design","Standardized Laplace",2,0,3,"inside formal moment assumptions","regular","phi = 0.8",0.5,5,58624358,"laplace_phi080_N100","laplace","Standardized Laplace","inside formal moment assumptions","regular",0.8,"phi = 0.8",100,10,10,5,100000,20000,"VK_leading_oracle",0.89972,-0.05028,0.000949862735346534,NA,NA,0.10028,1.43409310509112,0.89585,0.00215989325546426,20000,1.09980106213525,0.00213684871511525,0.30219604336555,1.07249334773467,0.884608978341563,1.29012958223289,1.49828417609346,1.63210470566638,1.09980106213525,0.956724338856047,1.35217557597663,0,0,0,0.00859
"laplace_phi080_N100_M10_Q10","laplace_phi080_N100","laplace","regular_distribution_dependence","laplace_phi_0.8","laplace, phi = 0.8",0.8,100,10,10,100,0.5,NA,"Balanced distribution/dependence design","Standardized Laplace",2,0,3,"inside formal moment assumptions","regular","phi = 0.8",0.5,5,58624358,"laplace_phi080_N100","laplace","Standardized Laplace","inside formal moment assumptions","regular",0.8,"phi = 0.8",100,10,10,5,100000,20000,"VK_asym_full_feasible",0.82961,-0.12039,0.00118893754209378,NA,NA,0.17039,2.27440021462536,0.82655,0.00267735968353152,20000,0.884743812467044,0.0017697403205694,0.250279076322776,0.863212296138597,0.705981510897338,1.04351231676039,1.21399348063415,1.32540308622428,0.884743812467044,0.769644591355578,1.08776852051018,0,0,0,0.00859
"laplace_phi080_N100_M10_Q10","laplace_phi080_N100","laplace","regular_distribution_dependence","laplace_phi_0.8","laplace, phi = 0.8",0.8,100,10,10,100,0.5,NA,"Balanced distribution/dependence design","Standardized Laplace",2,0,3,"inside formal moment assumptions","regular","phi = 0.8",0.5,5,58624358,"laplace_phi080_N100","laplace","Standardized Laplace","inside formal moment assumptions","regular",0.8,"phi = 0.8",100,10,10,5,100000,20000,"F_feasible_leading",0.8655,-0.0844999999999999,0.00107893350119458,NA,NA,0.1345,1.8286034305711,0.8623,0.00243658275049299,20000,0.985802236430759,0.00197428684649883,0.279206323433345,0.961133993186281,0.786744746607124,1.16194831042069,1.35343955951527,1.47619584274029,0.985802236430759,0.857555993863961,1.21201711176461,0,0,0,0.00859
"laplace_phi080_N225_M15_Q15","laplace_phi080_N225","laplace","regular_distribution_dependence","laplace_phi_0.8","laplace, phi = 0.8",0.8,225,15,15,225,0.5,NA,"Balanced distribution/dependence design","Standardized Laplace",2,0,3,"inside formal moment assumptions","regular","phi = 0.8",0.5,7,183624733,"laplace_phi080_N225","laplace","Standardized Laplace","inside formal moment assumptions","regular",0.8,"phi = 0.8",225,15,15,7,100000,20000,"raw",0.86794,-0.0820599999999999,0.00107060803471672,NA,NA,0.13206,1.81723558538265,0.86815,0.00239233753366869,20000,0.63201885117802,0.000925374762773963,0.130867753979272,0.626141910222447,0.540059134716442,0.715718965154602,0.802006306141776,0.855787569313558,0.63201885117802,0.814243326926064,1,0,0,0,0.00043
"laplace_phi080_N225_M15_Q15","laplace_phi080_N225","laplace","regular_distribution_dependence","laplace_phi_0.8","laplace, phi = 0.8",0.8,225,15,15,225,0.5,NA,"Balanced distribution/dependence design","Standardized Laplace",2,0,3,"inside formal moment assumptions","regular","phi = 0.8",0.5,7,183624733,"laplace_phi080_N225","laplace","Standardized Laplace","inside formal moment assumptions","regular",0.8,"phi = 0.8",225,15,15,7,100000,20000,"K_asym_full",0.86944,-0.08056,0.00106542989633293,NA,NA,0.13056,1.80287718075741,0.87005,0.00237763535366549,20000,0.634598653006887,0.000929293806835245,0.131421990505573,0.628687639395671,0.54224149399542,0.718625766060709,0.805424799231053,0.859411040391887,0.634598653006887,0.817566940486058,1.00408184316664,0,0,0,0.00043
"laplace_phi080_N225_M15_Q15","laplace_phi080_N225","laplace","regular_distribution_dependence","laplace_phi_0.8","laplace, phi = 0.8",0.8,225,15,15,225,0.5,NA,"Balanced distribution/dependence design","Standardized Laplace",2,0,3,"inside formal moment assumptions","regular","phi = 0.8",0.5,7,183624733,"laplace_phi080_N225","laplace","Standardized Laplace","inside formal moment assumptions","regular",0.8,"phi = 0.8",225,15,15,7,100000,20000,"K_leading",0.88564,-0.06436,0.00100638854524483,NA,NA,0.11436,1.63551202684439,0.886,0.00224726500439979,20000,0.667161167958932,0.000978917439782756,0.138439831978432,0.660713432439407,0.570012074975909,0.755663484135878,0.847453632575836,0.904558094626246,0.667161167958932,0.859517920995917,1.05560327309132,0,0,0,0.00043
"laplace_phi080_N225_M15_Q15","laplace_phi080_N225","laplace","regular_distribution_dependence","laplace_phi_0.8","laplace, phi = 0.8",0.8,225,15,15,225,0.5,NA,"Balanced distribution/dependence design","Standardized Laplace",2,0,3,"inside formal moment assumptions","regular","phi = 0.8",0.5,7,183624733,"laplace_phi080_N225","laplace","Standardized Laplace","inside formal moment assumptions","regular",0.8,"phi = 0.8",225,15,15,7,100000,20000,"V_oracle",0.91739,-0.0326099999999999,0.000870549182413033,NA,NA,0.08261,1.32389102517672,0.91815,0.00193843464553232,20000,0.743653394299691,0.00109666986280897,0.155092539343029,0.735988872999813,0.634919287209978,0.842155657297071,0.946089689965842,1.01026029876877,0.743653394299691,0.95806448292772,1.17663166678272,0,0,0,0.00043
"laplace_phi080_N225_M15_Q15","laplace_phi080_N225","laplace","regular_distribution_dependence","laplace_phi_0.8","laplace, phi = 0.8",0.8,225,15,15,225,0.5,NA,"Balanced distribution/dependence design","Standardized Laplace",2,0,3,"inside formal moment assumptions","regular","phi = 0.8",0.5,7,183624733,"laplace_phi080_N225","laplace","Standardized Laplace","inside formal moment assumptions","regular",0.8,"phi = 0.8",225,15,15,7,100000,20000,"V_feasible",0.89845,-0.05155,0.000955183738869125,NA,NA,0.10155,1.51141119148831,0.8993,0.00212790401569244,20000,0.698924684508348,0.00107572446815969,0.152130413224802,0.691490971147049,0.592566570214533,0.796266200090412,0.896919689052291,0.960575904264348,0.698924684508348,0.900439534871613,1.10586050274548,0,0,0,0.00043
"laplace_phi080_N225_M15_Q15","laplace_phi080_N225","laplace","regular_distribution_dependence","laplace_phi_0.8","laplace, phi = 0.8",0.8,225,15,15,225,0.5,NA,"Balanced distribution/dependence design","Standardized Laplace",2,0,3,"inside formal moment assumptions","regular","phi = 0.8",0.5,7,183624733,"laplace_phi080_N225","laplace","Standardized Laplace","inside formal moment assumptions","regular",0.8,"phi = 0.8",225,15,15,7,100000,20000,"VK_asym_full_oracle",0.91861,-0.0313899999999999,0.000864671428347207,NA,NA,0.08139,1.31343065164446,0.91895,0.00192977845231001,20000,0.746686592950942,0.00110137423921037,0.155757838633965,0.738943168731998,0.637479731236922,0.845632132401119,0.950164861629472,1.0144842151759,0.746686592950942,0.961972217256243,1.18143088858694,0,0,0,0.00043
"laplace_phi080_N225_M15_Q15","laplace_phi080_N225","laplace","regular_distribution_dependence","laplace_phi_0.8","laplace, phi = 0.8",0.8,225,15,15,225,0.5,NA,"Balanced distribution/dependence design","Standardized Laplace",2,0,3,"inside formal moment assumptions","regular","phi = 0.8",0.5,7,183624733,"laplace_phi080_N225","laplace","Standardized Laplace","inside formal moment assumptions","regular",0.8,"phi = 0.8",225,15,15,7,100000,20000,"VK_leading_oracle",0.93116,-0.01884,0.000800631340880433,NA,NA,0.06884,1.19150192265905,0.93145,0.0017867693961449,20000,0.784938208720241,0.00116093486779933,0.164180983507363,0.776553715145439,0.669673003294781,0.889005114236575,0.999378939223104,1.06758248923554,0.784938208720241,1.01125258733735,1.2419537918168,0,0,0,0.00043
"laplace_phi080_N225_M15_Q15","laplace_phi080_N225","laplace","regular_distribution_dependence","laplace_phi_0.8","laplace, phi = 0.8",0.8,225,15,15,225,0.5,NA,"Balanced distribution/dependence design","Standardized Laplace",2,0,3,"inside formal moment assumptions","regular","phi = 0.8",0.5,7,183624733,"laplace_phi080_N225","laplace","Standardized Laplace","inside formal moment assumptions","regular",0.8,"phi = 0.8",225,15,15,7,100000,20000,"VK_asym_full_feasible",0.89955,-0.05045,0.00095057770592414,NA,NA,0.10045,1.49946917713581,0.90025,0.00211896127265224,20000,0.701824623095173,0.00108032129750148,0.152780503064709,0.694353491576198,0.595068921076597,0.799578502518747,0.90060126681863,0.964678375052513,0.701824623095173,0.904175587425135,1.11044887630653,0,0,0,0.00043
"laplace_phi080_N225_M15_Q15","laplace_phi080_N225","laplace","regular_distribution_dependence","laplace_phi_0.8","laplace, phi = 0.8",0.8,225,15,15,225,0.5,NA,"Balanced distribution/dependence design","Standardized Laplace",2,0,3,"inside formal moment assumptions","regular","phi = 0.8",0.5,7,183624733,"laplace_phi080_N225","laplace","Standardized Laplace","inside formal moment assumptions","regular",0.8,"phi = 0.8",225,15,15,7,100000,20000,"F_feasible_leading",0.91351,-0.0364899999999999,0.000888872768735773,NA,NA,0.08649,1.36027007233948,0.91385,0.00198403852659166,20000,0.738446432819874,0.00113851722926612,0.161010650662358,0.730802975548632,0.625791232029811,0.841124051572011,0.947751296808028,1.01561574818908,0.738446432819874,0.951356243718399,1.16839304942168,0,0,0,0.00043
"laplace_phi080_N400_M20_Q20","laplace_phi080_N400","laplace","regular_distribution_dependence","laplace_phi_0.8","laplace, phi = 0.8",0.8,400,20,20,400,0.5,NA,"Balanced distribution/dependence design","Standardized Laplace",2,0,3,"inside formal moment assumptions","regular","phi = 0.8",0.5,10,358625258,"laplace_phi080_N400","laplace","Standardized Laplace","inside formal moment assumptions","regular",0.8,"phi = 0.8",400,20,20,10,100000,20000,"raw",0.89512,-0.0548799999999999,0.000968917878873127,NA,NA,0.10488,1.49939015329005,0.8918,0.00219650586159018,20000,0.507054709721513,0.000624788350670326,0.0883584159130692,0.502428492403525,0.445577828950198,0.565616482749067,0.622486742427206,0.65740191573455,0.507054709721513,0.867184939113763,1,0,0,0,2e-05
"laplace_phi080_N400_M20_Q20","laplace_phi080_N400","laplace","regular_distribution_dependence","laplace_phi_0.8","laplace, phi = 0.8",0.8,400,20,20,400,0.5,NA,"Balanced distribution/dependence design","Standardized Laplace",2,0,3,"inside formal moment assumptions","regular","phi = 0.8",0.5,10,358625258,"laplace_phi080_N400","laplace","Standardized Laplace","inside formal moment assumptions","regular",0.8,"phi = 0.8",400,20,20,10,100000,20000,"K_asym_full",0.89908,-0.05092,0.000952550017584379,NA,NA,0.10092,1.46461263167902,0.89575,0.00216080931018912,20000,0.51326573255229,0.000632749890679004,0.0894843476988341,0.508652892746985,0.450965702913853,0.572504515505462,0.630093083356273,0.665422174829005,0.51326573255229,0.877807275031517,1.0122492163305,0,0,0,2e-05
"laplace_phi080_N400_M20_Q20","laplace_phi080_N400","laplace","regular_distribution_dependence","laplace_phi_0.8","laplace, phi = 0.8",0.8,400,20,20,400,0.5,NA,"Balanced distribution/dependence design","Standardized Laplace",2,0,3,"inside formal moment assumptions","regular","phi = 0.8",0.5,10,358625258,"laplace_phi080_N400","laplace","Standardized Laplace","inside formal moment assumptions","regular",0.8,"phi = 0.8",400,20,20,10,100000,20000,"K_leading",0.90705,-0.0429499999999999,0.000918206390197759,NA,NA,0.09295,1.3869358917933,0.9043,0.00208016237346992,20000,0.527995593567574,0.000651681051056921,0.0921616180746251,0.523239160565739,0.463780693840663,0.588957191723974,0.648260983636255,0.684943547443851,0.527995593567574,0.902998863597392,1.0412990619051,0,0,0,2e-05
"laplace_phi080_N400_M20_Q20","laplace_phi080_N400","laplace","regular_distribution_dependence","laplace_phi_0.8","laplace, phi = 0.8",0.8,400,20,20,400,0.5,NA,"Balanced distribution/dependence design","Standardized Laplace",2,0,3,"inside formal moment assumptions","regular","phi = 0.8",0.5,10,358625258,"laplace_phi080_N400","laplace","Standardized Laplace","inside formal moment assumptions","regular",0.8,"phi = 0.8",400,20,20,10,100000,20000,"V_oracle",0.92916,-0.02084,0.000811305703172362,NA,NA,0.07084,1.1831802984338,0.92825,0.00182485530248291,20000,0.573504981269742,0.000710629259582539,0.100498153672078,0.568436447572824,0.503692668506576,0.639809261977877,0.703921855650841,0.745117371553856,0.573504981269742,0.980830811209681,1.1310514827576,0,0,0,2e-05
"laplace_phi080_N400_M20_Q20","laplace_phi080_N400","laplace","regular_distribution_dependence","laplace_phi_0.8","laplace, phi = 0.8",0.8,400,20,20,400,0.5,NA,"Balanced distribution/dependence design","Standardized Laplace",2,0,3,"inside formal moment assumptions","regular","phi = 0.8",0.5,10,358625258,"laplace_phi080_N400","laplace","Standardized Laplace","inside formal moment assumptions","regular",0.8,"phi = 0.8",400,20,20,10,100000,20000,"V_feasible",0.92087,-0.02913,0.000853630148834963,NA,NA,0.07913,1.26472654030835,0.91905,0.00192869252992798,20000,0.558161880306082,0.000738636576837135,0.104458986462791,0.552878061057826,0.4853650425827,0.626986638390338,0.694390224240717,0.736099072785111,0.558161880306082,0.954590435526561,1.10079222144024,0,0,0,2e-05
"laplace_phi080_N400_M20_Q20","laplace_phi080_N400","laplace","regular_distribution_dependence","laplace_phi_0.8","laplace, phi = 0.8",0.8,400,20,20,400,0.5,NA,"Balanced distribution/dependence design","Standardized Laplace",2,0,3,"inside formal moment assumptions","regular","phi = 0.8",0.5,10,358625258,"laplace_phi080_N400","laplace","Standardized Laplace","inside formal moment assumptions","regular",0.8,"phi = 0.8",400,20,20,10,100000,20000,"VK_asym_full_oracle",0.9321,-0.0178999999999999,0.000795547547290544,NA,NA,0.0679,1.15573708873402,0.93145,0.0017867693961449,20000,0.580563663755309,0.000719836333150958,0.1018002305031,0.575450903787919,0.509918458196441,0.647652755008882,0.712538722133123,0.754360496373027,0.580563663755309,0.992902848061152,1.14497243122772,0,0,0,2e-05
"laplace_phi080_N400_M20_Q20","laplace_phi080_N400","laplace","regular_distribution_dependence","laplace_phi_0.8","laplace, phi = 0.8",0.8,400,20,20,400,0.5,NA,"Balanced distribution/dependence design","Standardized Laplace",2,0,3,"inside formal moment assumptions","regular","phi = 0.8",0.5,10,358625258,"laplace_phi080_N400","laplace","Standardized Laplace","inside formal moment assumptions","regular",0.8,"phi = 0.8",400,20,20,10,100000,20000,"VK_leading_oracle",0.93899,-0.01101,0.000756886912953316,NA,NA,0.06101,1.09444177605127,0.93785,0.00170715227059568,20000,0.597303186573289,0.000741741251928339,0.104898053824866,0.592009796558754,0.524453935355748,0.666335798738929,0.733368750924395,0.776335601026045,0.597303186573289,1.02153143940917,1.17798567910225,0,0,0,2e-05
"laplace_phi080_N400_M20_Q20","laplace_phi080_N400","laplace","regular_distribution_dependence","laplace_phi_0.8","laplace, phi = 0.8",0.8,400,20,20,400,0.5,NA,"Balanced distribution/dependence design","Standardized Laplace",2,0,3,"inside formal moment assumptions","regular","phi = 0.8",0.5,10,358625258,"laplace_phi080_N400","laplace","Standardized Laplace","inside formal moment assumptions","regular",0.8,"phi = 0.8",400,20,20,10,100000,20000,"VK_asym_full_feasible",0.92408,-0.0259199999999999,0.000837592702929055,NA,NA,0.07592,1.23539191083175,0.92325,0.00188227837340814,20000,0.565159605718275,0.000748208349178301,0.105812639488874,0.55981201172723,0.491355856631978,0.634718966014059,0.703179582214158,0.745276602128019,0.565159605718275,0.966558221189849,1.11459295196898,0,0,0,2e-05
"laplace_phi080_N400_M20_Q20","laplace_phi080_N400","laplace","regular_distribution_dependence","laplace_phi_0.8","laplace, phi = 0.8",0.8,400,20,20,400,0.5,NA,"Balanced distribution/dependence design","Standardized Laplace",2,0,3,"inside formal moment assumptions","regular","phi = 0.8",0.5,10,358625258,"laplace_phi080_N400","laplace","Standardized Laplace","inside formal moment assumptions","regular",0.8,"phi = 0.8",400,20,20,10,100000,20000,"F_feasible_leading",0.9309,-0.0191,0.000802029862286935,NA,NA,0.0691000000000001,1.16987204978522,0.93035,0.00179998440965471,20000,0.581771103908307,0.000770979774612024,0.109033005357168,0.576326597796966,0.505760644497347,0.653370732845676,0.723873214205076,0.767526754343155,0.581771103908307,0.994967859775836,1.14735371302996,0,0,0,2e-05
"laplace_phi080_N1024_M32_Q32","laplace_phi080_N1024","laplace","regular_distribution_dependence","laplace_phi_0.8","laplace, phi = 0.8",0.8,1024,32,32,1024,0.5,NA,"Balanced distribution/dependence design","Standardized Laplace",2,0,3,"inside formal moment assumptions","regular","phi = 0.8",0.5,13,982627130,"laplace_phi080_N1024","laplace","Standardized Laplace","inside formal moment assumptions","regular",0.8,"phi = 0.8",1024,32,32,13,100000,20000,"raw",0.92195,-0.0280499999999999,0.000848281778066699,NA,NA,0.07805,1.24857444544812,0.92235,0.00189235934087583,20000,0.338421096761774,0.000320997058574016,0.0453958393717244,0.337165423550671,0.30706594993439,0.368251119134842,0.397538824346512,0.414946141160977,0.338421096761774,0.92289564391298,1,0,0,0,0
"laplace_phi080_N1024_M32_Q32","laplace_phi080_N1024","laplace","regular_distribution_dependence","laplace_phi_0.8","laplace, phi = 0.8",0.8,1024,32,32,1024,0.5,NA,"Balanced distribution/dependence design","Standardized Laplace",2,0,3,"inside formal moment assumptions","regular","phi = 0.8",0.5,13,982627130,"laplace_phi080_N1024","laplace","Standardized Laplace","inside formal moment assumptions","regular",0.8,"phi = 0.8",1024,32,32,13,100000,20000,"K_asym_full",0.92626,-0.02374,0.000826452735490663,NA,NA,0.07374,1.21531435144232,0.9272,0.00183711948441031,20000,0.343206239226654,0.000325692241822511,0.0460598385545093,0.341946292318954,0.31138758282433,0.373519436974459,0.403236734143103,0.420845900411096,0.343206239226654,0.935945028772839,1.01413961041633,0,0,0,0
"laplace_phi080_N1024_M32_Q32","laplace_phi080_N1024","laplace","regular_distribution_dependence","laplace_phi_0.8","laplace, phi = 0.8",0.8,1024,32,32,1024,0.5,NA,"Balanced distribution/dependence design","Standardized Laplace",2,0,3,"inside formal moment assumptions","regular","phi = 0.8",0.5,13,982627130,"laplace_phi080_N1024","laplace","Standardized Laplace","inside formal moment assumptions","regular",0.8,"phi = 0.8",1024,32,32,13,100000,20000,"K_leading",0.92915,-0.0208499999999999,0.000811358598278221,NA,NA,0.07085,1.19004751831774,0.9302,0.00180177634572108,20000,0.346979513090231,0.000329400398963956,0.0465842511665934,0.345696987970228,0.31478198947822,0.377612408816601,0.407753527161362,0.425486039507239,0.346979513090231,0.946234984231609,1.02528925179414,0,0,0,0
"laplace_phi080_N1024_M32_Q32","laplace_phi080_N1024","laplace","regular_distribution_dependence","laplace_phi_0.8","laplace, phi = 0.8",0.8,1024,32,32,1024,0.5,NA,"Balanced distribution/dependence design","Standardized Laplace",2,0,3,"inside formal moment assumptions","regular","phi = 0.8",0.5,13,982627130,"laplace_phi080_N1024","laplace","Standardized Laplace","inside formal moment assumptions","regular",0.8,"phi = 0.8",1024,32,32,13,100000,20000,"V_oracle",0.94119,-0.00880999999999998,0.000743985106705773,NA,NA,0.05881,1.07998615998174,0.9418,0.0016554872394555,20000,0.364991103021212,0.000347174460434907,0.0490978830456607,0.363604559919103,0.331081999564304,0.397218092116154,0.429041369142518,0.44761425246692,0.364991103021212,0.995353724305163,1.07851167233271,0,0,0,0
"laplace_phi080_N1024_M32_Q32","laplace_phi080_N1024","laplace","regular_distribution_dependence","laplace_phi_0.8","laplace, phi = 0.8",0.8,1024,32,32,1024,0.5,NA,"Balanced distribution/dependence design","Standardized Laplace",2,0,3,"inside formal moment assumptions","regular","phi = 0.8",0.5,13,982627130,"laplace_phi080_N1024","laplace","Standardized Laplace","inside formal moment assumptions","regular",0.8,"phi = 0.8",1024,32,32,13,100000,20000,"V_feasible",0.93803,-0.0119699999999999,0.000762428482547707,NA,NA,0.06197,1.10936953516005,0.9385,0.00169879001056634,20000,0.361522007535569,0.000365372718747003,0.0516715054173142,0.360181152730296,0.325571548917885,0.395490774594168,0.428913297074495,0.448895266266642,0.361522007535569,0.985893282439533,1.06826084719552,0,0,0,0
"laplace_phi080_N1024_M32_Q32","laplace_phi080_N1024","laplace","regular_distribution_dependence","laplace_phi_0.8","laplace, phi = 0.8",0.8,1024,32,32,1024,0.5,NA,"Balanced distribution/dependence design","Standardized Laplace",2,0,3,"inside formal moment assumptions","regular","phi = 0.8",0.5,13,982627130,"laplace_phi080_N1024","laplace","Standardized Laplace","inside formal moment assumptions","regular",0.8,"phi = 0.8",1024,32,32,13,100000,20000,"VK_asym_full_oracle",0.94431,-0.00568999999999997,0.000725180142447379,NA,NA,0.05569,1.05121699740844,0.94465,0.00161688554789756,20000,0.370177721133561,0.000352315943459462,0.0498249985480644,0.368777737719435,0.335782457138954,0.402847908741913,0.435311938864093,0.454093498318563,0.370177721133561,1.00949795853976,1.09383760254799,0,0,0,0
"laplace_phi080_N1024_M32_Q32","laplace_phi080_N1024","laplace","regular_distribution_dependence","laplace_phi_0.8","laplace, phi = 0.8",0.8,1024,32,32,1024,0.5,NA,"Balanced distribution/dependence design","Standardized Laplace",2,0,3,"inside formal moment assumptions","regular","phi = 0.8",0.5,13,982627130,"laplace_phi080_N1024","laplace","Standardized Laplace","inside formal moment assumptions","regular",0.8,"phi = 0.8",1024,32,32,13,100000,20000,"VK_leading_oracle",0.94673,-0.00327,0.000710157074878509,NA,NA,0.05327,1.0293618087326,0.94685,0.00158627042934047,20000,0.374268084063794,0.000356378291487235,0.05039950131566,0.372869869805842,0.339434728032293,0.407261673200377,0.440173278910054,0.459145910379386,0.374268084063794,1.02065263585289,1.10592420994148,0,0,0,0
"laplace_phi080_N1024_M32_Q32","laplace_phi080_N1024","laplace","regular_distribution_dependence","laplace_phi_0.8","laplace, phi = 0.8",0.8,1024,32,32,1024,0.5,NA,"Balanced distribution/dependence design","Standardized Laplace",2,0,3,"inside formal moment assumptions","regular","phi = 0.8",0.5,13,982627130,"laplace_phi080_N1024","laplace","Standardized Laplace","inside formal moment assumptions","regular",0.8,"phi = 0.8",1024,32,32,13,100000,20000,"VK_asym_full_feasible",0.94132,-0.00867999999999991,0.000743213681251899,NA,NA,0.05868,1.07981764487339,0.9419,0.00165415219976881,20000,0.366709366121808,0.000370809694743666,0.052440409936592,0.365377521852186,0.330217228301568,0.401128215990893,0.435147801198929,0.455297130358325,0.366709366121808,1.00003953599306,1.083588965436,0,0,0,0
"laplace_phi080_N1024_M32_Q32","laplace_phi080_N1024","laplace","regular_distribution_dependence","laplace_phi_0.8","laplace, phi = 0.8",0.8,1024,32,32,1024,0.5,NA,"Balanced distribution/dependence design","Standardized Laplace",2,0,3,"inside formal moment assumptions","regular","phi = 0.8",0.5,13,982627130,"laplace_phi080_N1024","laplace","Standardized Laplace","inside formal moment assumptions","regular",0.8,"phi = 0.8",1024,32,32,13,100000,20000,"F_feasible_leading",0.94402,-0.00597999999999999,0.000726954191128987,NA,NA,0.05598,1.05736783819942,0.94425,0.00162237383947104,20000,0.370801749288649,0.000375106042704195,0.0530480052920373,0.369431862007866,0.333888427740574,0.405652473044622,0.439983010270736,0.460455612774883,0.370801749288649,1.01119972261865,1.09568154242366,0,0,0,0
"laplace_phi080_N4096_M64_Q64","laplace_phi080_N4096","laplace","regular_distribution_dependence","laplace_phi_0.8","laplace, phi = 0.8",0.8,4096,64,64,4096,0.5,NA,"Balanced distribution/dependence design","Standardized Laplace",2,0,3,"inside formal moment assumptions","regular","phi = 0.8",0.5,17,1907152700,"laplace_phi080_N4096","laplace","Standardized Laplace","inside formal moment assumptions","regular",0.8,"phi = 0.8",4096,64,64,17,100000,20000,"V_feasible",0.94419,-0.00580999999999998,0.000725914897904706,NA,NA,0.05581,1.04173839243821,0.94325,0.00163599262681713,20000,0.183561792260311,0.000122606224364586,0.0173391385327757,0.183204746873376,0.171704518705202,0.195209971724182,0.206092043002424,0.212661605597066,0.183561792260311,0.999536527398989,1.03476091907337,0,0,0,0
"laplace_phi080_N4096_M64_Q64","laplace_phi080_N4096","laplace","regular_distribution_dependence","laplace_phi_0.8","laplace, phi = 0.8",0.8,4096,64,64,4096,0.5,NA,"Balanced distribution/dependence design","Standardized Laplace",2,0,3,"inside formal moment assumptions","regular","phi = 0.8",0.5,17,1907152700,"laplace_phi080_N4096","laplace","Standardized Laplace","inside formal moment assumptions","regular",0.8,"phi = 0.8",4096,64,64,17,100000,20000,"VK_asym_full_oracle",0.94713,-0.00286999999999993,0.000707635238664667,NA,NA,0.05287,1.01577454141977,0.9459,0.00159958103889737,20000,0.185743131848625,0.000119646582301283,0.0169205819382063,0.185424887036608,0.174172649072038,0.197114448708452,0.207645616021888,0.214088323755014,0.185743131848625,1.01141442731669,1.0470574047931,0,0,0,0
"laplace_phi080_N4096_M64_Q64","laplace_phi080_N4096","laplace","regular_distribution_dependence","laplace_phi_0.8","laplace, phi = 0.8",0.8,4096,64,64,4096,0.5,NA,"Balanced distribution/dependence design","Standardized Laplace",2,0,3,"inside formal moment assumptions","regular","phi = 0.8",0.5,17,1907152700,"laplace_phi080_N4096","laplace","Standardized Laplace","inside formal moment assumptions","regular",0.8,"phi = 0.8",4096,64,64,17,100000,20000,"VK_leading_oracle",0.94769,-0.00230999999999992,0.000704085675894631,NA,NA,0.05231,1.01053938598957,0.94655,0.00159048887924437,20000,0.186237912731784,0.000119972289722593,0.0169666439234646,0.185925133240826,0.174635307428916,0.197647339591007,0.208198004616822,0.214658337975407,0.186237912731784,1.01410862396669,1.04984654688575,0,0,0,0
"laplace_phi080_N4096_M64_Q64","laplace_phi080_N4096","laplace","regular_distribution_dependence","laplace_phi_0.8","laplace, phi = 0.8",0.8,4096,64,64,4096,0.5,NA,"Balanced distribution/dependence design","Standardized Laplace",2,0,3,"inside formal moment assumptions","regular","phi = 0.8",0.5,17,1907152700,"laplace_phi080_N4096","laplace","Standardized Laplace","inside formal moment assumptions","regular",0.8,"phi = 0.8",4096,64,64,17,100000,20000,"VK_asym_full_feasible",0.94647,-0.00352999999999992,0.000711790271779546,NA,NA,0.05353,1.02259294536581,0.94545,0.00160583774865333,20000,0.185326952288414,0.000123811790535659,0.0175096313357226,0.184957355737035,0.173346155175456,0.197099011660252,0.208070969044467,0.214708596672918,0.185326952288414,1.00914823309802,1.04471134824766,0,0,0,0
"laplace_phi080_N4096_M64_Q64","laplace_phi080_N4096","laplace","regular_distribution_dependence","laplace_phi_0.8","laplace, phi = 0.8",0.8,4096,64,64,4096,0.5,NA,"Balanced distribution/dependence design","Standardized Laplace",2,0,3,"inside formal moment assumptions","regular","phi = 0.8",0.5,17,1907152700,"laplace_phi080_N4096","laplace","Standardized Laplace","inside formal moment assumptions","regular",0.8,"phi = 0.8",4096,64,64,17,100000,20000,"F_feasible_leading",0.94702,-0.00297999999999998,0.00070832986383464,NA,NA,0.05298,1.01732264886544,0.946,0.00159818647222407,20000,0.185821863837615,0.00012414999638185,0.0175574608651782,0.185447345310894,0.173807005070758,0.197629681454455,0.208619734471247,0.215279435762594,0.185821863837615,1.01184314125493,1.04750122692124,0,0,0,0
"laplace_phi080_N4096_M64_Q64","laplace_phi080_N4096","laplace","regular_distribution_dependence","laplace_phi_0.8","laplace, phi = 0.8",0.8,4096,64,64,4096,0.5,NA,"Balanced distribution/dependence design","Standardized Laplace",2,0,3,"inside formal moment assumptions","regular","phi = 0.8",0.5,17,1907152700,"laplace_phi080_N4096","laplace","Standardized Laplace","inside formal moment assumptions","regular",0.8,"phi = 0.8",4096,64,64,17,100000,20000,"raw",0.93641,-0.01359,0.000771662568095667,NA,NA,0.06359,1.1108089733288,0.9355,0.00173694775396383,20000,0.177395366288756,0.000114163155263894,0.0161451082497504,0.177092735459578,0.166352885636191,0.188232715006635,0.198288069391122,0.204409443089732,0.177395366288756,0.96595890797081,1,0,0,0,0
"laplace_phi080_N4096_M64_Q64","laplace_phi080_N4096","laplace","regular_distribution_dependence","laplace_phi_0.8","laplace, phi = 0.8",0.8,4096,64,64,4096,0.5,NA,"Balanced distribution/dependence design","Standardized Laplace",2,0,3,"inside formal moment assumptions","regular","phi = 0.8",0.5,17,1907152700,"laplace_phi080_N4096","laplace","Standardized Laplace","inside formal moment assumptions","regular",0.8,"phi = 0.8",4096,64,64,17,100000,20000,"K_asym_full",0.9386,-0.0114,0.000759144518520683,NA,NA,0.0614,1.09039412199877,0.93785,0.00170715227059568,20000,0.179093618442404,0.000115276942251331,0.0163026215160732,0.178793751640954,0.167941880437631,0.190044465175085,0.200186994162594,0.206411467268397,0.179093618442404,0.975206284777298,1.00957326106751,0,0,0,0
"laplace_phi080_N4096_M64_Q64","laplace_phi080_N4096","laplace","regular_distribution_dependence","laplace_phi_0.8","laplace, phi = 0.8",0.8,4096,64,64,4096,0.5,NA,"Balanced distribution/dependence design","Standardized Laplace",2,0,3,"inside formal moment assumptions","regular","phi = 0.8",0.5,17,1907152700,"laplace_phi080_N4096","laplace","Standardized Laplace","inside formal moment assumptions","regular",0.8,"phi = 0.8",4096,64,64,17,100000,20000,"K_leading",0.9392,-0.0107999999999999,0.000755667651815267,NA,NA,0.0608,1.08477438801641,0.93825,0.0017020125954293,20000,0.179569732225894,0.000115589354317231,0.0163468032541377,0.179269549827847,0.168387929750743,0.190552805606285,0.200728273999854,0.206967854826885,0.179569732225894,0.977798834740646,1.0122571743706,0,0,0,0
"laplace_phi080_N4096_M64_Q64","laplace_phi080_N4096","laplace","regular_distribution_dependence","laplace_phi_0.8","laplace, phi = 0.8",0.8,4096,64,64,4096,0.5,NA,"Balanced distribution/dependence design","Standardized Laplace",2,0,3,"inside formal moment assumptions","regular","phi = 0.8",0.5,17,1907152700,"laplace_phi080_N4096","laplace","Standardized Laplace","inside formal moment assumptions","regular",0.8,"phi = 0.8",4096,64,64,17,100000,20000,"V_oracle",0.94514,-0.00485999999999998,0.000720072082502856,NA,NA,0.05486,1.03479233125332,0.9443,0.00162168908857401,20000,0.183978357111342,0.000118485510081742,0.0167563815302294,0.183672612104112,0.172520560369196,0.195239362122336,0.205674920627427,0.212054418717933,0.183978357111342,1.00180481961552,1.03710914755164,0,0,0,0
"laplace_phi080_N8100_M90_Q90","laplace_phi080_N8100","laplace","regular_distribution_dependence","laplace_phi_0.8","laplace, phi = 0.8",0.8,8100,90,90,8100,0.5,NA,"Balanced distribution/dependence design","Standardized Laplace",2,0,3,"inside formal moment assumptions","regular","phi = 0.8",0.5,19,1616197420,"laplace_phi080_N8100","laplace","Standardized Laplace","inside formal moment assumptions","regular",0.8,"phi = 0.8",8100,90,90,19,100000,20000,"raw",0.93994,-0.01006,0.000751350759632277,NA,NA,0.06006,1.08309312498497,0.94075,0.00166942261725424,20000,0.127387289655996,6.85402008365653e-05,0.00969304815908464,0.127254431240672,0.120734388225781,0.133801302212065,0.13989957597811,0.143533687544311,0.127387289655996,0.975188219414194,1,0,0,0,0
"laplace_phi080_N8100_M90_Q90","laplace_phi080_N8100","laplace","regular_distribution_dependence","laplace_phi_0.8","laplace, phi = 0.8",0.8,8100,90,90,8100,0.5,NA,"Balanced distribution/dependence design","Standardized Laplace",2,0,3,"inside formal moment assumptions","regular","phi = 0.8",0.5,19,1616197420,"laplace_phi080_N8100","laplace","Standardized Laplace","inside formal moment assumptions","regular",0.8,"phi = 0.8",8100,90,90,19,100000,20000,"K_asym_full",0.94189,-0.00810999999999995,0.000739819085317485,NA,NA,0.05811,1.06781244900353,0.94295,0.00164005026599797,20000,0.128314165724069,6.90445058192534e-05,0.00976436765369363,0.128182026340181,0.121613345826599,0.134769843578427,0.140918139487972,0.144577615274649,0.128314165724069,0.982283735967561,1.00727604826649,0,0,0,0
"laplace_phi080_N8100_M90_Q90","laplace_phi080_N8100","laplace","regular_distribution_dependence","laplace_phi_0.8","laplace, phi = 0.8",0.8,8100,90,90,8100,0.5,NA,"Balanced distribution/dependence design","Standardized Laplace",2,0,3,"inside formal moment assumptions","regular","phi = 0.8",0.5,19,1616197420,"laplace_phi080_N8100","laplace","Standardized Laplace","inside formal moment assumptions","regular",0.8,"phi = 0.8",8100,90,90,19,100000,20000,"K_leading",0.94223,-0.00776999999999994,0.000737784705046127,NA,NA,0.05777,1.06504157290188,0.94315,0.00163734659586784,20000,0.128484415739095,6.91371578476193e-05,0.00977747062920326,0.128351617710701,0.121774524544755,0.134949916722105,0.141104427593206,0.144769012944913,0.128484415739095,0.983587051309746,1.00861252395009,0,0,0,0
"laplace_phi080_N8100_M90_Q90","laplace_phi080_N8100","laplace","regular_distribution_dependence","laplace_phi_0.8","laplace, phi = 0.8",0.8,8100,90,90,8100,0.5,NA,"Balanced distribution/dependence design","Standardized Laplace",2,0,3,"inside formal moment assumptions","regular","phi = 0.8",0.5,19,1616197420,"laplace_phi080_N8100","laplace","Standardized Laplace","inside formal moment assumptions","regular",0.8,"phi = 0.8",8100,90,90,19,100000,20000,"V_oracle",0.94617,-0.00383,0.000713668908528318,NA,NA,0.05383,1.0301722971295,0.94695,0.00158486115322447,20000,0.130686506098043,7.03361538257236e-05,0.00994703426654986,0.130547952321524,0.123863326928493,0.1372676706578,0.143523390974406,0.147255880480947,0.130686506098043,1.00044471883632,1.02589910226489,0,0,0,0
"laplace_phi080_N8100_M90_Q90","laplace_phi080_N8100","laplace","regular_distribution_dependence","laplace_phi_0.8","laplace, phi = 0.8",0.8,8100,90,90,8100,0.5,NA,"Balanced distribution/dependence design","Standardized Laplace",2,0,3,"inside formal moment assumptions","regular","phi = 0.8",0.5,19,1616197420,"laplace_phi080_N8100","laplace","Standardized Laplace","inside formal moment assumptions","regular",0.8,"phi = 0.8",8100,90,90,19,100000,20000,"V_feasible",0.94556,-0.00444,0.000717469765216626,NA,NA,0.05444,1.03361641337215,0.9462,0.00159539274161568,20000,0.130533596269927,7.20386543474743e-05,0.0101878041993306,0.130385885377447,0.123530895220301,0.137266753566446,0.143682350339477,0.147481093922421,0.130533596269927,0.999274147867938,1.02469874837927,0,0,0,0
"laplace_phi080_N8100_M90_Q90","laplace_phi080_N8100","laplace","regular_distribution_dependence","laplace_phi_0.8","laplace, phi = 0.8",0.8,8100,90,90,8100,0.5,NA,"Balanced distribution/dependence design","Standardized Laplace",2,0,3,"inside formal moment assumptions","regular","phi = 0.8",0.5,19,1616197420,"laplace_phi080_N8100","laplace","Standardized Laplace","inside formal moment assumptions","regular",0.8,"phi = 0.8",8100,90,90,19,100000,20000,"VK_asym_full_oracle",0.94787,-0.00212999999999997,0.000702939991037642,NA,NA,0.05213,1.01563824764256,0.94845,0.00156353121970749,20000,0.131638413617223,7.08547969330385e-05,0.0100203814781895,0.131501045877576,0.12477015771844,0.138265252544254,0.144565082041128,0.148325748095411,0.131638413617223,1.00773185871646,1.03337164934357,0,0,0,0
"laplace_phi080_N8100_M90_Q90","laplace_phi080_N8100","laplace","regular_distribution_dependence","laplace_phi_0.8","laplace, phi = 0.8",0.8,8100,90,90,8100,0.5,NA,"Balanced distribution/dependence design","Standardized Laplace",2,0,3,"inside formal moment assumptions","regular","phi = 0.8",0.5,19,1616197420,"laplace_phi080_N8100","laplace","Standardized Laplace","inside formal moment assumptions","regular",0.8,"phi = 0.8",8100,90,90,19,100000,20000,"VK_leading_oracle",0.94811,-0.00188999999999995,0.000701408781667296,NA,NA,0.05189,1.01300275884401,0.94875,0.00155922156058721,20000,0.131813263904544,7.0950086727302e-05,0.0100338574901298,0.131675741339993,0.12493588923743,0.13845053172284,0.144756358684709,0.148522270879721,0.131813263904544,1.00907039053402,1.03474423751773,0,0,0,0
"laplace_phi080_N8100_M90_Q90","laplace_phi080_N8100","laplace","regular_distribution_dependence","laplace_phi_0.8","laplace, phi = 0.8",0.8,8100,90,90,8100,0.5,NA,"Balanced distribution/dependence design","Standardized Laplace",2,0,3,"inside formal moment assumptions","regular","phi = 0.8",0.5,19,1616197420,"laplace_phi080_N8100","laplace","Standardized Laplace","inside formal moment assumptions","regular",0.8,"phi = 0.8",8100,90,90,19,100000,20000,"VK_asym_full_feasible",0.9474,-0.00259999999999994,0.000705926625082239,NA,NA,0.0526,1.01903377302711,0.9481,0.00156854056370882,20000,0.131485508084905,7.25710109596394e-05,0.0102630907934249,0.131339814976018,0.124431394451235,0.138266167730477,0.144735633319768,0.148558104567954,0.131485508084905,1.00656132063372,1.03217132918031,0,0,0,0
"laplace_phi080_N8100_M90_Q90","laplace_phi080_N8100","laplace","regular_distribution_dependence","laplace_phi_0.8","laplace, phi = 0.8",0.8,8100,90,90,8100,0.5,NA,"Balanced distribution/dependence design","Standardized Laplace",2,0,3,"inside formal moment assumptions","regular","phi = 0.8",0.5,19,1616197420,"laplace_phi080_N8100","laplace","Standardized Laplace","inside formal moment assumptions","regular",0.8,"phi = 0.8",8100,90,90,19,100000,20000,"F_feasible_leading",0.9477,-0.00229999999999997,0.000704022087721685,NA,NA,0.0523,1.01638947314928,0.94845,0.00156353121970749,20000,0.13166036182008,7.2668822782549e-05,0.0102769234740768,0.131514219911042,0.124597781535396,0.138449745500746,0.144927854585237,0.148756727200197,0.13166036182008,1.00789987884564,1.03354394442038,0,0,0,0
"laplace_phi020_N4096_M64_Q64","laplace_phi020_N4096","laplace","regular_distribution_dependence","laplace_phi_0.2","laplace, phi = 0.2",0.2,4096,64,64,4096,0.5,NA,"Balanced distribution/dependence design","Standardized Laplace",2,0,3,"inside formal moment assumptions","regular","phi = 0.2",0.5,17,1847110700,"laplace_phi020_N4096","laplace","Standardized Laplace","inside formal moment assumptions","regular",0.2,"phi = 0.2",4096,64,64,17,100000,20000,"V_feasible",0.94574,-0.00425999999999993,0.000716350838625879,NA,NA,0.05426,1.03039249568863,0.9459,0.00159958103889737,20000,0.0752562201788296,5.14786651213884e-05,0.00728018263875303,0.0750791896197011,0.0702731892532058,0.0801828749069653,0.0846768563317345,0.0873258526287036,0.0752562201788296,1.00327675439938,1.00460043106923,0,0,0,0
"laplace_phi020_N4096_M64_Q64","laplace_phi020_N4096","laplace","regular_distribution_dependence","laplace_phi_0.2","laplace, phi = 0.2",0.2,4096,64,64,4096,0.5,NA,"Balanced distribution/dependence design","Standardized Laplace",2,0,3,"inside formal moment assumptions","regular","phi = 0.2",0.5,17,1847110700,"laplace_phi020_N4096","laplace","Standardized Laplace","inside formal moment assumptions","regular",0.2,"phi = 0.2",4096,64,64,17,100000,20000,"VK_asym_full_oracle",0.94859,-0.00140999999999991,0.000698333816308504,NA,NA,0.05141,1.00477645390632,0.949,0.00155561884791873,20000,0.076074803504566,4.89711727592717e-05,0.00692556966814779,0.0759573014919099,0.0713648451659339,0.0807291513686588,0.0849981668621873,0.0875151443585162,0.076074803504566,1.01418968120196,1.01552775587968,0,0,0,0
"laplace_phi020_N4096_M64_Q64","laplace_phi020_N4096","laplace","regular_distribution_dependence","laplace_phi_0.2","laplace, phi = 0.2",0.2,4096,64,64,4096,0.5,NA,"Balanced distribution/dependence design","Standardized Laplace",2,0,3,"inside formal moment assumptions","regular","phi = 0.2",0.5,17,1847110700,"laplace_phi020_N4096","laplace","Standardized Laplace","inside formal moment assumptions","regular",0.2,"phi = 0.2",4096,64,64,17,100000,20000,"VK_leading_oracle",0.94861,-0.00139,0.0006982053272498,NA,NA,0.05139,1.00462994537262,0.94905,0.00155489706250928,20000,0.0760805036594065,4.8974909537429e-05,0.00692609812838276,0.0759629832765571,0.0713702018921196,0.0807352724534764,0.0850045483921397,0.087521721423455,0.0760805036594065,1.01426567269919,1.01560384763657,0,0,0,0
"laplace_phi020_N4096_M64_Q64","laplace_phi020_N4096","laplace","regular_distribution_dependence","laplace_phi_0.2","laplace, phi = 0.2",0.2,4096,64,64,4096,0.5,NA,"Balanced distribution/dependence design","Standardized Laplace",2,0,3,"inside formal moment assumptions","regular","phi = 0.2",0.5,17,1847110700,"laplace_phi020_N4096","laplace","Standardized Laplace","inside formal moment assumptions","regular",0.2,"phi = 0.2",4096,64,64,17,100000,20000,"VK_asym_full_feasible",0.94849,-0.0015099999999999,0.000698975821470242,NA,NA,0.0515099999999999,1.00638941529387,0.9488,0.0015585018447214,20000,0.0761769697987061,5.21214458420468e-05,0.00737108556003173,0.0759914327164111,0.0711299274175802,0.0811690758835776,0.0857090719420243,0.0883940162816015,0.0761769697987061,1.01555170905494,1.01689158072885,0,0,0,0
"laplace_phi020_N4096_M64_Q64","laplace_phi020_N4096","laplace","regular_distribution_dependence","laplace_phi_0.2","laplace, phi = 0.2",0.2,4096,64,64,4096,0.5,NA,"Balanced distribution/dependence design","Standardized Laplace",2,0,3,"inside formal moment assumptions","regular","phi = 0.2",0.5,17,1847110700,"laplace_phi020_N4096","laplace","Standardized Laplace","inside formal moment assumptions","regular",0.2,"phi = 0.2",4096,64,64,17,100000,20000,"F_feasible_leading",0.94851,-0.00148999999999999,0.000698847479068216,NA,NA,0.05149,1.00624267157093,0.94885,0.00155778171609504,20000,0.0761827031825202,5.21254504182778e-05,0.00737165189263349,0.0759972106197259,0.0711352179215812,0.0811751249259445,0.0857154781916592,0.0884006739702882,0.0761827031825202,1.01562814354356,1.01696811606157,0,0,0,0
"laplace_phi020_N4096_M64_Q64","laplace_phi020_N4096","laplace","regular_distribution_dependence","laplace_phi_0.2","laplace, phi = 0.2",0.2,4096,64,64,4096,0.5,NA,"Balanced distribution/dependence design","Standardized Laplace",2,0,3,"inside formal moment assumptions","regular","phi = 0.2",0.5,17,1847110700,"laplace_phi020_N4096","laplace","Standardized Laplace","inside formal moment assumptions","regular",0.2,"phi = 0.2",4096,64,64,17,100000,20000,"raw",0.94484,-0.00515999999999994,0.000721923641391525,NA,NA,0.05516,1.03537715177411,0.9451,0.00161068292969163,20000,0.0749115945518077,4.82090943911981e-05,0.0068177955117757,0.0747905414588394,0.0702764238609719,0.0794899064636922,0.083695972552086,0.0861588467098271,0.0749115945518077,0.998682384927461,1,0,0,0,0
"laplace_phi020_N4096_M64_Q64","laplace_phi020_N4096","laplace","regular_distribution_dependence","laplace_phi_0.2","laplace, phi = 0.2",0.2,4096,64,64,4096,0.5,NA,"Balanced distribution/dependence design","Standardized Laplace",2,0,3,"inside formal moment assumptions","regular","phi = 0.2",0.5,17,1847110700,"laplace_phi020_N4096","laplace","Standardized Laplace","inside formal moment assumptions","regular",0.2,"phi = 0.2",4096,64,64,17,100000,20000,"K_asym_full",0.94791,-0.00208999999999993,0.000702685078111098,NA,NA,0.05209,1.01125795339396,0.9483,0.00156568052296757,20000,0.075823904969957,4.88067178979926e-05,0.00690231223862588,0.0757073377106713,0.0711282376749541,0.0804625899224282,0.0847185891627188,0.0872261456838364,0.075823904969957,1.01084483253844,1.01217849417847,0,0,0,0
"laplace_phi020_N4096_M64_Q64","laplace_phi020_N4096","laplace","regular_distribution_dependence","laplace_phi_0.2","laplace, phi = 0.2",0.2,4096,64,64,4096,0.5,NA,"Balanced distribution/dependence design","Standardized Laplace",2,0,3,"inside formal moment assumptions","regular","phi = 0.2",0.5,17,1847110700,"laplace_phi020_N4096","laplace","Standardized Laplace","inside formal moment assumptions","regular",0.2,"phi = 0.2",4096,64,64,17,100000,20000,"K_leading",0.94791,-0.00208999999999993,0.000702685078111098,NA,NA,0.05209,1.01111049977941,0.9483,0.00156568052296757,20000,0.0758295853347706,4.88104407068204e-05,0.00690283872329932,0.0757130158161901,0.0711335563135931,0.0804686369987107,0.0847248883727926,0.0872326478171663,0.0758295853347706,1.01092056020535,1.01225432175694,0,0,0,0
"laplace_phi020_N4096_M64_Q64","laplace_phi020_N4096","laplace","regular_distribution_dependence","laplace_phi_0.2","laplace, phi = 0.2",0.2,4096,64,64,4096,0.5,NA,"Balanced distribution/dependence design","Standardized Laplace",2,0,3,"inside formal moment assumptions","regular","phi = 0.2",0.5,17,1847110700,"laplace_phi020_N4096","laplace","Standardized Laplace","inside formal moment assumptions","regular",0.2,"phi = 0.2",4096,64,64,17,100000,20000,"V_oracle",0.94565,-0.00434999999999997,0.000716910576710931,NA,NA,0.05435,1.02874106406156,0.9459,0.00159958103889737,20000,0.0751593170464761,4.83713132035224e-05,0.00684073671622182,0.0750410203741194,0.0705079373596501,0.0797550258195058,0.0839736080400912,0.086444314984197,0.0751593170464761,1.0019848922797,1.00330686452679,0,0,0,0
"laplace_phi050_N4096_M64_Q64","laplace_phi050_N4096","laplace","regular_distribution_dependence","laplace_phi_0.5","laplace, phi = 0.5",0.5,4096,64,64,4096,0.5,NA,"Balanced distribution/dependence design","Standardized Laplace",2,0,3,"inside formal moment assumptions","regular","phi = 0.5",0.5,17,1877131700,"laplace_phi050_N4096","laplace","Standardized Laplace","inside formal moment assumptions","regular",0.5,"phi = 0.5",4096,64,64,17,100000,20000,"V_feasible",0.94551,-0.00448999999999999,0.000717780188497844,NA,NA,0.05449,1.03497016033758,0.9473,0.00157991629525111,20000,0.106303355373811,7.15509130922676e-05,0.0101188271695263,0.105980184538186,0.0994206558744854,0.113090973220806,0.119505453019282,0.123277709303916,0.106303355373811,1.00221045801041,1.01165221363427,0,0,0,0
"laplace_phi050_N4096_M64_Q64","laplace_phi050_N4096","laplace","regular_distribution_dependence","laplace_phi_0.5","laplace, phi = 0.5",0.5,4096,64,64,4096,0.5,NA,"Balanced distribution/dependence design","Standardized Laplace",2,0,3,"inside formal moment assumptions","regular","phi = 0.5",0.5,17,1877131700,"laplace_phi050_N4096","laplace","Standardized Laplace","inside formal moment assumptions","regular",0.5,"phi = 0.5",4096,64,64,17,100000,20000,"VK_asym_full_oracle",0.94841,-0.00158999999999998,0.000699488898410833,NA,NA,0.05159,1.01055112286683,0.95055,0.00153304757753959,20000,0.107435112794689,6.84976101131093e-05,0.00968702492121037,0.107135337360198,0.100888457991595,0.113940654554827,0.120022572634276,0.123727132026858,0.107435112794689,1.01288047984694,1.02242275701083,0,0,0,0
"laplace_phi050_N4096_M64_Q64","laplace_phi050_N4096","laplace","regular_distribution_dependence","laplace_phi_0.5","laplace, phi = 0.5",0.5,4096,64,64,4096,0.5,NA,"Balanced distribution/dependence design","Standardized Laplace",2,0,3,"inside formal moment assumptions","regular","phi = 0.5",0.5,17,1877131700,"laplace_phi050_N4096","laplace","Standardized Laplace","inside formal moment assumptions","regular",0.5,"phi = 0.5",4096,64,64,17,100000,20000,"VK_leading_oracle",0.94854,-0.00145999999999991,0.000698654910524502,NA,NA,0.05146,1.00924751149781,0.95065,0.00153157725074513,20000,0.107506443228169,6.85440839314586e-05,0.00969359731163085,0.107206996956754,0.100955518881184,0.114016044975752,0.120102735535813,0.123808900432802,0.107506443228169,1.01355297137984,1.0231015840401,0,0,0,0
"laplace_phi050_N4096_M64_Q64","laplace_phi050_N4096","laplace","regular_distribution_dependence","laplace_phi_0.5","laplace, phi = 0.5",0.5,4096,64,64,4096,0.5,NA,"Balanced distribution/dependence design","Standardized Laplace",2,0,3,"inside formal moment assumptions","regular","phi = 0.5",0.5,17,1877131700,"laplace_phi050_N4096","laplace","Standardized Laplace","inside formal moment assumptions","regular",0.5,"phi = 0.5",4096,64,64,17,100000,20000,"VK_asym_full_feasible",0.94811,-0.00188999999999995,0.000701408781667296,NA,NA,0.05189,1.0120185515573,0.9503,0.00153671581627834,20000,0.107540766649036,7.24034083845099e-05,0.0102393882099412,0.107212675069061,0.100574161285153,0.114409309426315,0.120900551424223,0.124711499984951,0.107540766649036,1.01387656691666,1.02342822814817,0,0,0,0
"laplace_phi050_N4096_M64_Q64","laplace_phi050_N4096","laplace","regular_distribution_dependence","laplace_phi_0.5","laplace, phi = 0.5",0.5,4096,64,64,4096,0.5,NA,"Balanced distribution/dependence design","Standardized Laplace",2,0,3,"inside formal moment assumptions","regular","phi = 0.5",0.5,17,1877131700,"laplace_phi050_N4096","laplace","Standardized Laplace","inside formal moment assumptions","regular",0.5,"phi = 0.5",4096,64,64,17,100000,20000,"F_feasible_leading",0.94824,-0.00175999999999998,0.000700577635954789,NA,NA,0.05176,1.01071304720467,0.9503,0.00153671581627834,20000,0.10761245652546,7.24528265365807e-05,0.0102463769920298,0.107283462520153,0.100640974661355,0.114486601792596,0.120981234175203,0.124794692253252,0.10761245652546,1.01455244721821,1.02411047587143,0,0,0,0
"laplace_phi050_N4096_M64_Q64","laplace_phi050_N4096","laplace","regular_distribution_dependence","laplace_phi_0.5","laplace, phi = 0.5",0.5,4096,64,64,4096,0.5,NA,"Balanced distribution/dependence design","Standardized Laplace",2,0,3,"inside formal moment assumptions","regular","phi = 0.5",0.5,17,1877131700,"laplace_phi050_N4096","laplace","Standardized Laplace","inside formal moment assumptions","regular",0.5,"phi = 0.5",4096,64,64,17,100000,20000,"raw",0.94311,-0.00688999999999995,0.000732485685184359,NA,NA,0.05689,1.05511458989269,0.94565,0.00160306078331422,20000,0.105078952965393,6.69640865475891e-05,0.00947015193875262,0.10478691007632,0.0986818793026019,0.111443247309509,0.117385987050729,0.121031641678122,0.105078952965393,0.990666994549498,1,0,0,0,0
"laplace_phi050_N4096_M64_Q64","laplace_phi050_N4096","laplace","regular_distribution_dependence","laplace_phi_0.5","laplace, phi = 0.5",0.5,4096,64,64,4096,0.5,NA,"Balanced distribution/dependence design","Standardized Laplace",2,0,3,"inside formal moment assumptions","regular","phi = 0.5",0.5,17,1877131700,"laplace_phi050_N4096","laplace","Standardized Laplace","inside formal moment assumptions","regular",0.5,"phi = 0.5",4096,64,64,17,100000,20000,"K_asym_full",0.94578,-0.00422,0.000716101889398429,NA,NA,0.05422,1.03171625609177,0.9478,0.00157281848920974,20000,0.106296514974242,6.77561653251414e-05,0.00958216879372087,0.105998652838712,0.0998217103757484,0.112733086625437,0.118747022275602,0.122430292439548,0.106296514974242,1.00214596785428,1.01158711592082,0,0,0,0
"laplace_phi050_N4096_M64_Q64","laplace_phi050_N4096","laplace","regular_distribution_dependence","laplace_phi_0.5","laplace, phi = 0.5",0.5,4096,64,64,4096,0.5,NA,"Balanced distribution/dependence design","Standardized Laplace",2,0,3,"inside formal moment assumptions","regular","phi = 0.5",0.5,17,1877131700,"laplace_phi050_N4096","laplace","Standardized Laplace","inside formal moment assumptions","regular",0.5,"phi = 0.5",4096,64,64,17,100000,20000,"K_leading",0.94591,-0.00408999999999993,0.000715292051542585,NA,NA,0.05409,1.03038534169208,0.94815,0.00156782616223866,20000,0.106367048995477,6.7802075592979e-05,0.00958866148606367,0.10606910138949,0.0998882479828382,0.112808377466937,0.118825566758835,0.122511065778231,0.106367048995477,1.00281095094422,1.0122583637706,0,0,0,0
"laplace_phi050_N4096_M64_Q64","laplace_phi050_N4096","laplace","regular_distribution_dependence","laplace_phi_0.5","laplace, phi = 0.5",0.5,4096,64,64,4096,0.5,NA,"Balanced distribution/dependence design","Standardized Laplace",2,0,3,"inside formal moment assumptions","regular","phi = 0.5",0.5,17,1877131700,"laplace_phi050_N4096","laplace","Standardized Laplace","inside formal moment assumptions","regular",0.5,"phi = 0.5",4096,64,64,17,100000,20000,"V_oracle",0.94561,-0.00439000000000001,0.000717159172708542,NA,NA,0.05439,1.03346945177376,0.9476,0.00157566240038912,20000,0.106203815218763,6.76958317080835e-05,0.00957363633176984,0.105906420861068,0.0997348262305798,0.112634595016714,0.11864323857597,0.12232324181684,0.106203815218763,1.00127200988682,1.01070492445562,0,0,0,0
"laplace_phi050_N8100_M90_Q90","laplace_phi050_N8100","laplace","regular_distribution_dependence","laplace_phi_0.5","laplace, phi = 0.5",0.5,8100,90,90,8100,0.5,NA,"Balanced distribution/dependence design","Standardized Laplace",2,0,3,"inside formal moment assumptions","regular","phi = 0.5",0.5,19,1586176420,"laplace_phi050_N8100","laplace","Standardized Laplace","inside formal moment assumptions","regular",0.5,"phi = 0.5",8100,90,90,19,100000,20000,"raw",0.94593,-0.00406999999999991,0.000715167358735002,NA,NA,0.05407,1.0340769378695,0.94495,0.00161275381723312,20000,0.0750086882791937,4.02140309638297e-05,0.00568712279867395,0.0749780526013969,0.0711236643906031,0.0787658703618635,0.0823203089828576,0.0845535491370167,0.0750086882791937,0.994377098487796,1,0,0,0,0
"laplace_phi050_N8100_M90_Q90","laplace_phi050_N8100","laplace","regular_distribution_dependence","laplace_phi_0.5","laplace, phi = 0.5",0.5,8100,90,90,8100,0.5,NA,"Balanced distribution/dependence design","Standardized Laplace",2,0,3,"inside formal moment assumptions","regular","phi = 0.5",0.5,19,1586176420,"laplace_phi050_N8100","laplace","Standardized Laplace","inside formal moment assumptions","regular",0.5,"phi = 0.5",8100,90,90,19,100000,20000,"K_asym_full",0.94783,-0.00217000000000001,0.000703194788803217,NA,NA,0.05217,1.01750191863904,0.94705,0.00158345030708261,20000,0.0756297461956511,4.0551072461457e-05,0.00573478766437666,0.0755938485670787,0.0717125715164313,0.0794187376808509,0.0829971635410113,0.0852537236768242,0.0756297461956511,1.00261035496951,1.00827981305507,0,0,0,0
"laplace_phi050_N8100_M90_Q90","laplace_phi050_N8100","laplace","regular_distribution_dependence","laplace_phi_0.5","laplace, phi = 0.5",0.5,8100,90,90,8100,0.5,NA,"Balanced distribution/dependence design","Standardized Laplace",2,0,3,"inside formal moment assumptions","regular","phi = 0.5",0.5,19,1586176420,"laplace_phi050_N8100","laplace","Standardized Laplace","inside formal moment assumptions","regular",0.5,"phi = 0.5",8100,90,90,19,100000,20000,"K_leading",0.94791,-0.00208999999999993,0.000702685078111098,NA,NA,0.05209,1.01684232223835,0.94715,0.00158203788671447,20000,0.0756547812725786,4.05646619151901e-05,0.00573670950335412,0.0756187444531246,0.0717360561633209,0.0794447347116179,0.0830246147398334,0.0852819230726154,0.0756547812725786,1.00294224061805,1.00861357541649,0,0,0,0
"laplace_phi050_N8100_M90_Q90","laplace_phi050_N8100","laplace","regular_distribution_dependence","laplace_phi_0.5","laplace, phi = 0.5",0.5,8100,90,90,8100,0.5,NA,"Balanced distribution/dependence design","Standardized Laplace",2,0,3,"inside formal moment assumptions","regular","phi = 0.5",0.5,19,1586176420,"laplace_phi050_N8100","laplace","Standardized Laplace","inside formal moment assumptions","regular",0.5,"phi = 0.5",8100,90,90,19,100000,20000,"V_oracle",0.94762,-0.00237999999999994,0.000704530592664364,NA,NA,0.05238,1.01892500381116,0.9468,0.00158697447994604,20000,0.0755758173678797,4.05217997664415e-05,0.00573064788014685,0.0755407390903083,0.0716619341723706,0.079361986939766,0.0829385238815743,0.085192975255322,0.0755758173678797,1.0018954299053,1.00756084530601,0,0,0,0
"laplace_phi050_N8100_M90_Q90","laplace_phi050_N8100","laplace","regular_distribution_dependence","laplace_phi_0.5","laplace, phi = 0.5",0.5,8100,90,90,8100,0.5,NA,"Balanced distribution/dependence design","Standardized Laplace",2,0,3,"inside formal moment assumptions","regular","phi = 0.5",0.5,19,1586176420,"laplace_phi050_N8100","laplace","Standardized Laplace","inside formal moment assumptions","regular",0.5,"phi = 0.5",8100,90,90,19,100000,20000,"V_feasible",0.94752,-0.00247999999999993,0.000705165580555375,NA,NA,0.05248,1.01969644569894,0.9464,0.00159259285443581,20000,0.0756126273706651,4.20363211408839e-05,0.00594483354697089,0.0755567684701695,0.0715493647189105,0.0795425242483054,0.0832522086668315,0.0855986154739522,0.0756126273706651,1.00238341369231,1.00805158849363,0,0,0,0
"laplace_phi050_N8100_M90_Q90","laplace_phi050_N8100","laplace","regular_distribution_dependence","laplace_phi_0.5","laplace, phi = 0.5",0.5,8100,90,90,8100,0.5,NA,"Balanced distribution/dependence design","Standardized Laplace",2,0,3,"inside formal moment assumptions","regular","phi = 0.5",0.5,19,1586176420,"laplace_phi050_N8100","laplace","Standardized Laplace","inside formal moment assumptions","regular",0.5,"phi = 0.5",8100,90,90,19,100000,20000,"VK_asym_full_oracle",0.94938,-0.000619999999999954,0.000693236003104282,NA,NA,0.05062,1.0025928520011,0.94855,0.00156209630785045,20000,0.0762017677698172,4.08616393512886e-05,0.00577870845513905,0.0761638438557891,0.0722540132263321,0.0800168017898121,0.0836249911191735,0.0859021362300624,0.0762017677698172,1.01019354521375,1.01590588394484,0,0,0,0
"laplace_phi050_N8100_M90_Q90","laplace_phi050_N8100","laplace","regular_distribution_dependence","laplace_phi_0.5","laplace, phi = 0.5",0.5,8100,90,90,8100,0.5,NA,"Balanced distribution/dependence design","Standardized Laplace",2,0,3,"inside formal moment assumptions","regular","phi = 0.5",0.5,19,1586176420,"laplace_phi050_N8100","laplace","Standardized Laplace","inside formal moment assumptions","regular",0.5,"phi = 0.5",8100,90,90,19,100000,20000,"VK_leading_oracle",0.9495,-0.000499999999999945,0.000692457579928186,NA,NA,0.0505,1.00194292041431,0.94885,0.00155778171609504,20000,0.0762270001656473,4.08753417677067e-05,0.00578064626945263,0.076189061998773,0.0722777276042095,0.0800431497462889,0.0836533244709348,0.0859311125640216,0.0762270001656473,1.01052804668457,1.01624227692023,0,0,0,0
"laplace_phi050_N8100_M90_Q90","laplace_phi050_N8100","laplace","regular_distribution_dependence","laplace_phi_0.5","laplace, phi = 0.5",0.5,8100,90,90,8100,0.5,NA,"Balanced distribution/dependence design","Standardized Laplace",2,0,3,"inside formal moment assumptions","regular","phi = 0.5",0.5,19,1586176420,"laplace_phi050_N8100","laplace","Standardized Laplace","inside formal moment assumptions","regular",0.5,"phi = 0.5",8100,90,90,19,100000,20000,"VK_asym_full_feasible",0.94953,-0.00046999999999997,0.00069226280486532,NA,NA,0.05047,1.00335192859607,0.9487,0.00155994086426377,20000,0.0762400171025479,4.23900790141572e-05,0.00599486246518882,0.0761820579514356,0.072140820896049,0.0802001039470845,0.083939487471373,0.086312174756387,0.0762400171025479,1.01070060994681,1.01641581597549,0,0,0,0
"laplace_phi050_N8100_M90_Q90","laplace_phi050_N8100","laplace","regular_distribution_dependence","laplace_phi_0.5","laplace, phi = 0.5",0.5,8100,90,90,8100,0.5,NA,"Balanced distribution/dependence design","Standardized Laplace",2,0,3,"inside formal moment assumptions","regular","phi = 0.5",0.5,19,1586176420,"laplace_phi050_N8100","laplace","Standardized Laplace","inside formal moment assumptions","regular",0.5,"phi = 0.5",8100,90,90,19,100000,20000,"F_feasible_leading",0.94959,-0.00040999999999991,0.000691873051216767,NA,NA,0.05041,1.00270150493729,0.9488,0.0015585018447214,20000,0.0762653081193543,4.24043432508045e-05,0.00599687973288117,0.0762071652866167,0.0721646297709557,0.0802266507027219,0.0839674052108949,0.0863410373663228,0.0762653081193543,1.01103588854569,1.01675299047336,0,0,0,0
"laplace_phi020_N64_M8_Q8","laplace_phi020_N64","laplace","regular_distribution_dependence","laplace_phi_0.2","laplace, phi = 0.2",0.2,64,8,8,64,0.5,NA,"Balanced distribution/dependence design","Standardized Laplace",2,0,3,"inside formal moment assumptions","regular","phi = 0.2",0.5,4,2110065896,"laplace_phi020_N64","laplace","Standardized Laplace","inside formal moment assumptions","regular",0.2,"phi = 0.2",64,8,8,4,100000,20000,"raw",0.86925,-0.08075,0.00106608835234234,NA,NA,0.13075,1.81458486513423,0.8664,0.00240573315228435,20000,0.517611585752669,0.00107327332001453,0.151783768529775,0.50604895058845,0.409740048561276,0.612630071008787,0.71691492777967,0.788570962553969,0.517611585752669,0.865343628733669,1,0,0,0,0.00887
"laplace_phi020_N64_M8_Q8","laplace_phi020_N64","laplace","regular_distribution_dependence","laplace_phi_0.2","laplace, phi = 0.2",0.2,64,8,8,64,0.5,NA,"Balanced distribution/dependence design","Standardized Laplace",2,0,3,"inside formal moment assumptions","regular","phi = 0.2",0.5,4,2110065896,"laplace_phi020_N64","laplace","Standardized Laplace","inside formal moment assumptions","regular",0.2,"phi = 0.2",64,8,8,4,100000,20000,"K_asym_full",0.89646,-0.0535399999999999,0.000963428608668021,NA,NA,0.10354,1.49088938789023,0.8945,0.00217220797807208,20000,0.56824235985093,0.0011822789517441,0.167199492806476,0.555344422007453,0.449364953880791,0.672615506634624,0.788074954200255,0.865724261399548,0.56824235985093,0.949988213572463,1.09781615306125,0,0,0,0.00887
"laplace_phi020_N64_M8_Q8","laplace_phi020_N64","laplace","regular_distribution_dependence","laplace_phi_0.2","laplace, phi = 0.2",0.2,64,8,8,64,0.5,NA,"Balanced distribution/dependence design","Standardized Laplace",2,0,3,"inside formal moment assumptions","regular","phi = 0.2",0.5,4,2110065896,"laplace_phi020_N64","laplace","Standardized Laplace","inside formal moment assumptions","regular",0.2,"phi = 0.2",64,8,8,4,100000,20000,"K_leading",0.89791,-0.05209,0.000957432148509752,NA,NA,0.10209,1.47435020292156,0.896,0.00215851801011713,20000,0.571230364203046,0.00118874353117322,0.168113722396845,0.558213198450017,0.451655157749441,0.6761264332912,0.792490227571877,0.870610313931606,0.571230364203046,0.95498356259459,1.10358882978326,0,0,0,0.00887
"laplace_phi020_N64_M8_Q8","laplace_phi020_N64","laplace","regular_distribution_dependence","laplace_phi_0.2","laplace, phi = 0.2",0.2,64,8,8,64,0.5,NA,"Balanced distribution/dependence design","Standardized Laplace",2,0,3,"inside formal moment assumptions","regular","phi = 0.2",0.5,4,2110065896,"laplace_phi020_N64","laplace","Standardized Laplace","inside formal moment assumptions","regular",0.2,"phi = 0.2",64,8,8,4,100000,20000,"V_oracle",0.87588,-0.07412,0.00104266114150284,NA,NA,0.12412,1.73134727081416,0.8737,0.00234891794237261,20000,0.529365292911987,0.00109848928658454,0.155349844720941,0.517471256982629,0.41890240871937,0.626493779980443,0.733283309736358,0.806371502677079,0.529365292911987,0.884993489525574,1.02270758128844,0,0,0,0.00887
"laplace_phi020_N64_M8_Q8","laplace_phi020_N64","laplace","regular_distribution_dependence","laplace_phi_0.2","laplace, phi = 0.2",0.2,64,8,8,64,0.5,NA,"Balanced distribution/dependence design","Standardized Laplace",2,0,3,"inside formal moment assumptions","regular","phi = 0.2",0.5,4,2110065896,"laplace_phi020_N64","laplace","Standardized Laplace","inside formal moment assumptions","regular",0.2,"phi = 0.2",64,8,8,4,100000,20000,"V_feasible",0.87204,-0.0779599999999999,0.00105634387582832,NA,NA,0.12796,1.77430156716562,0.8691,0.00238500723269344,20000,0.539294794300563,0.00125550652757663,0.177555435894682,0.524934198482547,0.411966129842631,0.650831417509034,0.773389594934419,0.854374883664099,0.539294794300563,0.901593641067029,1.04189088719172,0,0,0,0.00887
"laplace_phi020_N64_M8_Q8","laplace_phi020_N64","laplace","regular_distribution_dependence","laplace_phi_0.2","laplace, phi = 0.2",0.2,64,8,8,64,0.5,NA,"Balanced distribution/dependence design","Standardized Laplace",2,0,3,"inside formal moment assumptions","regular","phi = 0.2",0.5,4,2110065896,"laplace_phi020_N64","laplace","Standardized Laplace","inside formal moment assumptions","regular",0.2,"phi = 0.2",64,8,8,4,100000,20000,"VK_asym_full_oracle",0.90224,-0.0477599999999999,0.000939164428627916,NA,NA,0.09776,1.42250016651528,0.90045,0.00211707106045121,20000,0.58090075026364,0.0012096898926555,0.171075985245907,0.567456053943911,0.459020793174153,0.687546567010488,0.806241735240276,0.885580150517403,0.58090075026364,0.971150524840542,1.12227153768002,0,0,0,0.00887
"laplace_phi020_N64_M8_Q8","laplace_phi020_N64","laplace","regular_distribution_dependence","laplace_phi_0.2","laplace, phi = 0.2",0.2,64,8,8,64,0.5,NA,"Balanced distribution/dependence design","Standardized Laplace",2,0,3,"inside formal moment assumptions","regular","phi = 0.2",0.5,4,2110065896,"laplace_phi020_N64","laplace","Standardized Laplace","inside formal moment assumptions","regular",0.2,"phi = 0.2",64,8,8,4,100000,20000,"VK_leading_oracle",0.90347,-0.04653,0.000933873434144049,NA,NA,0.09653,1.40671965753651,0.9014,0.00210805645085704,20000,0.583939078175778,0.00121627871361201,0.17200778524158,0.570408553753509,0.461456149442366,0.691128333465514,0.810589596824119,0.89022627501149,0.583939078175778,0.976230004846672,1.12814143703268,0,0,0,0.00887
"laplace_phi020_N64_M8_Q8","laplace_phi020_N64","laplace","regular_distribution_dependence","laplace_phi_0.2","laplace, phi = 0.2",0.2,64,8,8,64,0.5,NA,"Balanced distribution/dependence design","Standardized Laplace",2,0,3,"inside formal moment assumptions","regular","phi = 0.2",0.5,4,2110065896,"laplace_phi020_N64","laplace","Standardized Laplace","inside formal moment assumptions","regular",0.2,"phi = 0.2",64,8,8,4,100000,20000,"VK_asym_full_feasible",0.89868,-0.0513199999999999,0.00095422354613581,NA,NA,0.10132,1.45779204281446,0.89665,0.00215254242118477,20000,0.595032973903118,0.00138164430991824,0.195394012146198,0.579684824603395,0.455161615885806,0.717271838838292,0.852477433653805,0.940992954494559,0.595032973903118,0.994776792147675,1.14957429524664,0,0,0,0.00887
"laplace_phi020_N64_M8_Q8","laplace_phi020_N64","laplace","regular_distribution_dependence","laplace_phi_0.2","laplace, phi = 0.2",0.2,64,8,8,64,0.5,NA,"Balanced distribution/dependence design","Standardized Laplace",2,0,3,"inside formal moment assumptions","regular","phi = 0.2",0.5,4,2110065896,"laplace_phi020_N64","laplace","Standardized Laplace","inside formal moment assumptions","regular",0.2,"phi = 0.2",64,8,8,4,100000,20000,"F_feasible_leading",0.90016,-0.04984,0.000948008303761101,NA,NA,0.09984,1.44162002332206,0.89805,0.00213958170561444,20000,0.598327355669599,0.00138905737580931,0.196442377978391,0.582902096575108,0.457793981221475,0.721127207533073,0.857190034375944,0.946176547073122,0.598327355669599,1.00028434327425,1.15593887799007,0,0,0,0.00887
"laplace_phi020_N100_M10_Q10","laplace_phi020_N100","laplace","regular_distribution_dependence","laplace_phi_0.2","laplace, phi = 0.2",0.2,100,10,10,100,0.5,NA,"Balanced distribution/dependence design","Standardized Laplace",2,0,3,"inside formal moment assumptions","regular","phi = 0.2",0.5,5,2146066004,"laplace_phi020_N100","laplace","Standardized Laplace","inside formal moment assumptions","regular",0.2,"phi = 0.2",100,10,10,5,100000,20000,"raw",0.8912,-0.0588,0.000984695689032911,NA,NA,0.1088,1.61297145433759,0.89275,0.0021880063699633,20000,0.434919329850817,0.000788794349965138,0.111552366764397,0.426980926569433,0.35573777912799,0.506773234061467,0.582706697827825,0.629853026425285,0.434919329850817,0.907803106039485,1,0,0,0,0.00227
"laplace_phi020_N100_M10_Q10","laplace_phi020_N100","laplace","regular_distribution_dependence","laplace_phi_0.2","laplace, phi = 0.2",0.2,100,10,10,100,0.5,NA,"Balanced distribution/dependence design","Standardized Laplace",2,0,3,"inside formal moment assumptions","regular","phi = 0.2",0.5,5,2146066004,"laplace_phi020_N100","laplace","Standardized Laplace","inside formal moment assumptions","regular",0.2,"phi = 0.2",100,10,10,5,100000,20000,"K_asym_full",0.91205,-0.0379499999999999,0.000895627140611538,NA,NA,0.08795,1.38043473633726,0.9133,0.00198976267429058,20000,0.469699019456037,0.000854425736447474,0.120834046452464,0.461161701562211,0.383850059960186,0.547421756123809,0.629690121447311,0.681097632067459,0.469699019456037,0.980398431387607,1.07996813941829,0,0,0,0.00227
"laplace_phi020_N100_M10_Q10","laplace_phi020_N100","laplace","regular_distribution_dependence","laplace_phi_0.2","laplace, phi = 0.2",0.2,100,10,10,100,0.5,NA,"Balanced distribution/dependence design","Standardized Laplace",2,0,3,"inside formal moment assumptions","regular","phi = 0.2",0.5,5,2146066004,"laplace_phi020_N100","laplace","Standardized Laplace","inside formal moment assumptions","regular",0.2,"phi = 0.2",100,10,10,5,100000,20000,"K_leading",0.91285,-0.0371499999999999,0.000891935409656999,NA,NA,0.0871499999999999,1.37102573618696,0.9141,0.00198142865125141,20000,0.471282659475215,0.000857427197272895,0.121258517113088,0.462703733384413,0.385132296885785,0.549312066563181,0.631811188981082,0.683456762408417,0.471282659475215,0.983703948594101,1.08360936644704,0,0,0,0.00227
"laplace_phi020_N100_M10_Q10","laplace_phi020_N100","laplace","regular_distribution_dependence","laplace_phi_0.2","laplace, phi = 0.2",0.2,100,10,10,100,0.5,NA,"Balanced distribution/dependence design","Standardized Laplace",2,0,3,"inside formal moment assumptions","regular","phi = 0.2",0.5,5,2146066004,"laplace_phi020_N100","laplace","Standardized Laplace","inside formal moment assumptions","regular",0.2,"phi = 0.2",100,10,10,5,100000,20000,"V_oracle",0.89672,-0.05328,0.000962357738057943,NA,NA,0.10328,1.5522319504156,0.8983,0.00213725419639312,20000,0.44327052446912,0.000804504010222968,0.113774048224086,0.435257518199048,0.362393630669338,0.516477641974366,0.594099947358658,0.642211865421355,0.44327052446912,0.925234477545175,1.01920170947832,0,0,0,0.00227
"laplace_phi020_N100_M10_Q10","laplace_phi020_N100","laplace","regular_distribution_dependence","laplace_phi_0.2","laplace, phi = 0.2",0.2,100,10,10,100,0.5,NA,"Balanced distribution/dependence design","Standardized Laplace",2,0,3,"inside formal moment assumptions","regular","phi = 0.2",0.5,5,2146066004,"laplace_phi020_N100","laplace","Standardized Laplace","inside formal moment assumptions","regular",0.2,"phi = 0.2",100,10,10,5,100000,20000,"V_feasible",0.89312,-0.0568799999999999,0.000977019271048427,NA,NA,0.10688,1.58819859315159,0.89445,0.00217266193297531,20000,0.451772160998227,0.000931015244516468,0.131665438557129,0.442928723281063,0.357474677843993,0.537225304983917,0.625918154270737,0.682306595315406,0.451772160998227,0.942979865063797,1.03874932657785,0,0,0,0.00227
"laplace_phi020_N100_M10_Q10","laplace_phi020_N100","laplace","regular_distribution_dependence","laplace_phi_0.2","laplace, phi = 0.2",0.2,100,10,10,100,0.5,NA,"Balanced distribution/dependence design","Standardized Laplace",2,0,3,"inside formal moment assumptions","regular","phi = 0.2",0.5,5,2146066004,"laplace_phi020_N100","laplace","Standardized Laplace","inside formal moment assumptions","regular",0.2,"phi = 0.2",100,10,10,5,100000,20000,"VK_asym_full_oracle",0.91662,-0.03338,0.000874229807316131,NA,NA,0.08338,1.32845184423069,0.9185,0.00193465436189517,20000,0.478648122680499,0.000871401996351042,0.123234852151863,0.469837557429499,0.391022918173092,0.557937890805365,0.641840125948542,0.694394699558308,0.478648122680499,0.999077812012565,1.10054460638639,0,0,0,0.00227
"laplace_phi020_N100_M10_Q10","laplace_phi020_N100","laplace","regular_distribution_dependence","laplace_phi_0.2","laplace, phi = 0.2",0.2,100,10,10,100,0.5,NA,"Balanced distribution/dependence design","Standardized Laplace",2,0,3,"inside formal moment assumptions","regular","phi = 0.2",0.5,5,2146066004,"laplace_phi020_N100","laplace","Standardized Laplace","inside formal moment assumptions","regular",0.2,"phi = 0.2",100,10,10,5,100000,20000,"VK_leading_oracle",0.91744,-0.0325599999999999,0.000870309407050159,NA,NA,0.08256,1.31939715785326,0.91955,0.00192324982126608,20000,0.480258337522095,0.000874460440558044,0.123667381479594,0.471406630886845,0.392288502234019,0.559854879440123,0.644035326012015,0.696732664781412,0.480258337522095,1.0024387986008,1.10424693629237,0,0,0,0.00227
"laplace_phi020_N100_M10_Q10","laplace_phi020_N100","laplace","regular_distribution_dependence","laplace_phi_0.2","laplace, phi = 0.2",0.2,100,10,10,100,0.5,NA,"Balanced distribution/dependence design","Standardized Laplace",2,0,3,"inside formal moment assumptions","regular","phi = 0.2",0.5,5,2146066004,"laplace_phi020_N100","laplace","Standardized Laplace","inside formal moment assumptions","regular",0.2,"phi = 0.2",100,10,10,5,100000,20000,"VK_asym_full_feasible",0.91362,-0.03638,0.000888360825340695,NA,NA,0.08638,1.35923329597223,0.91575,0.00196407659601147,20000,0.490073945674263,0.0010089255832318,0.142683624323159,0.480209648365926,0.387790422131857,0.582988273197196,0.679189425671114,0.73976241236744,0.490073945674263,1.02292682696979,1.12681573808726,0,0,0,0.00227
"laplace_phi020_N100_M10_Q10","laplace_phi020_N100","laplace","regular_distribution_dependence","laplace_phi_0.2","laplace, phi = 0.2",0.2,100,10,10,100,0.5,NA,"Balanced distribution/dependence design","Standardized Laplace",2,0,3,"inside formal moment assumptions","regular","phi = 0.2",0.5,5,2146066004,"laplace_phi020_N100","laplace","Standardized Laplace","inside formal moment assumptions","regular",0.2,"phi = 0.2",100,10,10,5,100000,20000,"F_feasible_leading",0.91461,-0.0353899999999999,0.000883733828140577,NA,NA,0.08539,1.34996880417885,0.91715,0.00194917774330614,20000,0.491823471920224,0.00101247313971058,0.143185324571717,0.481958143837737,0.389137003360011,0.585188928759593,0.681628393131085,0.742468534728455,0.491823471920224,1.02657859696751,1.13083838349729,0,0,0,0.00227
"laplace_phi020_N225_M15_Q15","laplace_phi020_N225","laplace","regular_distribution_dependence","laplace_phi_0.2","laplace, phi = 0.2",0.2,225,15,15,225,0.5,NA,"Balanced distribution/dependence design","Standardized Laplace",2,0,3,"inside formal moment assumptions","regular","phi = 0.2",0.5,7,123582733,"laplace_phi020_N225","laplace","Standardized Laplace","inside formal moment assumptions","regular",0.2,"phi = 0.2",225,15,15,7,100000,20000,"raw",0.91813,-0.03187,0.000866990790608528,NA,NA,0.08187,1.30739576570557,0.91885,0.00193086350501531,20000,0.305174037308074,0.000438411260560782,0.0620007150582143,0.302226356720831,0.261723958568059,0.344538132939086,0.3856091791463,0.413171366676606,0.305174037308074,0.95437185533471,1,0,0,0,5e-05
"laplace_phi020_N225_M15_Q15","laplace_phi020_N225","laplace","regular_distribution_dependence","laplace_phi_0.2","laplace, phi = 0.2",0.2,225,15,15,225,0.5,NA,"Balanced distribution/dependence design","Standardized Laplace",2,0,3,"inside formal moment assumptions","regular","phi = 0.2",0.5,7,123582733,"laplace_phi020_N225","laplace","Standardized Laplace","inside formal moment assumptions","regular",0.2,"phi = 0.2",225,15,15,7,100000,20000,"K_asym_full",0.9309,-0.0191,0.000802029862286935,NA,NA,0.0691000000000001,1.18004573371277,0.931,0.00179219139602889,20000,0.321680396154007,0.000463178071171857,0.0655032710045051,0.318428000551649,0.275738725804835,0.363250921544625,0.406554684489628,0.435935372924841,0.321680396154007,1.00599225022666,1.05408834575685,0,0,0,5e-05
"laplace_phi020_N225_M15_Q15","laplace_phi020_N225","laplace","regular_distribution_dependence","laplace_phi_0.2","laplace, phi = 0.2",0.2,225,15,15,225,0.5,NA,"Balanced distribution/dependence design","Standardized Laplace",2,0,3,"inside formal moment assumptions","regular","phi = 0.2",0.5,7,123582733,"laplace_phi020_N225","laplace","Standardized Laplace","inside formal moment assumptions","regular",0.2,"phi = 0.2",225,15,15,7,100000,20000,"K_leading",0.93119,-0.01881,0.000800469761452611,NA,NA,0.06881,1.17665618913501,0.93125,0.00178918190103745,20000,0.322156415186258,0.000463894763179318,0.0656046265602047,0.318897177854189,0.276152277284205,0.363787612034567,0.407184976097948,0.436588110911506,0.322156415186258,1.00748090624403,1.05564817383545,0,0,0,5e-05
"laplace_phi020_N225_M15_Q15","laplace_phi020_N225","laplace","regular_distribution_dependence","laplace_phi_0.2","laplace, phi = 0.2",0.2,225,15,15,225,0.5,NA,"Balanced distribution/dependence design","Standardized Laplace",2,0,3,"inside formal moment assumptions","regular","phi = 0.2",0.5,7,123582733,"laplace_phi020_N225","laplace","Standardized Laplace","inside formal moment assumptions","regular",0.2,"phi = 0.2",225,15,15,7,100000,20000,"V_oracle",0.92173,-0.0282699999999999,0.000849375106181009,NA,NA,0.07827,1.27343743412999,0.92245,0.001891242944468,20000,0.309329643678151,0.00044463104528753,0.0628803254497751,0.306308686495094,0.265208927214506,0.349305521408932,0.390889274361693,0.419070603254756,0.309329643678151,0.967367697957612,1.01361716876945,0,0,0,5e-05
"laplace_phi020_N225_M15_Q15","laplace_phi020_N225","laplace","regular_distribution_dependence","laplace_phi_0.2","laplace, phi = 0.2",0.2,225,15,15,225,0.5,NA,"Balanced distribution/dependence design","Standardized Laplace",2,0,3,"inside formal moment assumptions","regular","phi = 0.2",0.5,7,123582733,"laplace_phi020_N225","laplace","Standardized Laplace","inside formal moment assumptions","regular",0.2,"phi = 0.2",225,15,15,7,100000,20000,"V_feasible",0.91942,-0.0305799999999999,0.000860737263048371,NA,NA,0.08058,1.29400506981226,0.92085,0.0019089955146621,20000,0.31342434208741,0.000514438887842827,0.0727526452199457,0.31004565525577,0.262649459899535,0.359906167584275,0.408120364423014,0.439473707486425,0.31342434208741,0.980173062897408,1.02703475319235,0,0,0,5e-05
"laplace_phi020_N225_M15_Q15","laplace_phi020_N225","laplace","regular_distribution_dependence","laplace_phi_0.2","laplace, phi = 0.2",0.2,225,15,15,225,0.5,NA,"Balanced distribution/dependence design","Standardized Laplace",2,0,3,"inside formal moment assumptions","regular","phi = 0.2",0.5,7,123582733,"laplace_phi020_N225","laplace","Standardized Laplace","inside formal moment assumptions","regular",0.2,"phi = 0.2",225,15,15,7,100000,20000,"VK_asym_full_oracle",0.9342,-0.0157999999999999,0.000784030356555153,NA,NA,0.0658,1.14939519517585,0.9341,0.00175438293995353,20000,0.326061887931588,0.000469780082640705,0.0664369364203239,0.322731770586618,0.279488392162732,0.368206136645963,0.412094772910805,0.441940177399336,0.326061887931588,1.01969450509011,1.06844570005943,0,0,0,5e-05
"laplace_phi020_N225_M15_Q15","laplace_phi020_N225","laplace","regular_distribution_dependence","laplace_phi_0.2","laplace, phi = 0.2",0.2,225,15,15,225,0.5,NA,"Balanced distribution/dependence design","Standardized Laplace",2,0,3,"inside formal moment assumptions","regular","phi = 0.2",0.5,7,123582733,"laplace_phi020_N225","laplace","Standardized Laplace","inside formal moment assumptions","regular",0.2,"phi = 0.2",225,15,15,7,100000,20000,"VK_leading_oracle",0.93449,-0.0155099999999999,0.000782422136062113,NA,NA,0.06551,1.14609369071699,0.9345,0.00174942490550466,20000,0.326544396327822,0.000470507846867908,0.0665398578243558,0.323214301485715,0.279897281071968,0.36876324882959,0.412708638241359,0.442576917811318,0.326544396327822,1.02120345531861,1.07002679260744,0,0,0,5e-05
"laplace_phi020_N225_M15_Q15","laplace_phi020_N225","laplace","regular_distribution_dependence","laplace_phi_0.2","laplace, phi = 0.2",0.2,225,15,15,225,0.5,NA,"Balanced distribution/dependence design","Standardized Laplace",2,0,3,"inside formal moment assumptions","regular","phi = 0.2",0.5,7,123582733,"laplace_phi020_N225","laplace","Standardized Laplace","inside formal moment assumptions","regular",0.2,"phi = 0.2",225,15,15,7,100000,20000,"VK_asym_full_feasible",0.93207,-0.01793,0.00079571046932914,NA,NA,0.06793,1.1679593907898,0.93295,0.00176853466887138,20000,0.331200894657313,0.000544102097868277,0.0769476566120971,0.327448501918536,0.277498982058987,0.380345912338232,0.431332414114931,0.464456345344904,0.331200894657313,1.03576573915272,1.08528529352897,0,0,0,5e-05
"laplace_phi020_N225_M15_Q15","laplace_phi020_N225","laplace","regular_distribution_dependence","laplace_phi_0.2","laplace, phi = 0.2",0.2,225,15,15,225,0.5,NA,"Balanced distribution/dependence design","Standardized Laplace",2,0,3,"inside formal moment assumptions","regular","phi = 0.2",0.5,7,123582733,"laplace_phi020_N225","laplace","Standardized Laplace","inside formal moment assumptions","regular",0.2,"phi = 0.2",225,15,15,7,100000,20000,"F_feasible_leading",0.93239,-0.0176099999999999,0.000793970326271706,NA,NA,0.0676099999999999,1.16460456283103,0.9332,0.00176547104196019,20000,0.331714967371351,0.000544960538725082,0.077069058482316,0.327949579718472,0.277910938210023,0.380939037463175,0.431977241175979,0.465167904710487,0.331714967371351,1.03737340058486,1.08696981662462,0,0,0,5e-05
"laplace_phi020_N400_M20_Q20","laplace_phi020_N400","laplace","regular_distribution_dependence","laplace_phi_0.2","laplace, phi = 0.2",0.2,400,20,20,400,0.5,NA,"Balanced distribution/dependence design","Standardized Laplace",2,0,3,"inside formal moment assumptions","regular","phi = 0.2",0.5,10,298583258,"laplace_phi020_N400","laplace","Standardized Laplace","inside formal moment assumptions","regular",0.2,"phi = 0.2",400,20,20,10,100000,20000,"raw",0.9292,-0.0207999999999999,0.000811094075924612,NA,NA,0.0708,1.18215769443923,0.9259,0.00185214996693032,20000,0.234017547117765,0.000283304992744239,0.0400653763026914,0.232191587024961,0.205949243943923,0.260154134105697,0.286291394217075,0.302452864411112,0.234017547117765,0.97539610118117,1,0,0,0,0
"laplace_phi020_N400_M20_Q20","laplace_phi020_N400","laplace","regular_distribution_dependence","laplace_phi_0.2","laplace, phi = 0.2",0.2,400,20,20,400,0.5,NA,"Balanced distribution/dependence design","Standardized Laplace",2,0,3,"inside formal moment assumptions","regular","phi = 0.2",0.5,10,298583258,"laplace_phi020_N400","laplace","Standardized Laplace","inside formal moment assumptions","regular",0.2,"phi = 0.2",400,20,20,10,100000,20000,"K_asym_full",0.93825,-0.0117499999999999,0.000761163172388155,NA,NA,0.06175,1.09521984732734,0.9348,0.00174569413128417,20000,0.243493273951473,0.000295304232510294,0.0417623250642235,0.24150390861864,0.214169633122464,0.270741528266471,0.29796958752473,0.314840079911454,0.243493273951473,1.01489137460528,1.04049152275294,0,0,0,0
"laplace_phi020_N400_M20_Q20","laplace_phi020_N400","laplace","regular_distribution_dependence","laplace_phi_0.2","laplace, phi = 0.2",0.2,400,20,20,400,0.5,NA,"Balanced distribution/dependence design","Standardized Laplace",2,0,3,"inside formal moment assumptions","regular","phi = 0.2",0.5,10,298583258,"laplace_phi020_N400","laplace","Standardized Laplace","inside formal moment assumptions","regular",0.2,"phi = 0.2",400,20,20,10,100000,20000,"K_leading",0.9384,-0.0115999999999999,0.000760298888595794,NA,NA,0.0616,1.09349586735629,0.9349,0.00174444819355577,20000,0.243692848584088,0.000295557679214008,0.0417981678407966,0.241695478927367,0.214342484364168,0.270958982023756,0.298219817909584,0.315106918414751,0.243692848584088,1.01572321102501,1.04134434184738,0,0,0,0
"laplace_phi020_N400_M20_Q20","laplace_phi020_N400","laplace","regular_distribution_dependence","laplace_phi_0.2","laplace, phi = 0.2",0.2,400,20,20,400,0.5,NA,"Balanced distribution/dependence design","Standardized Laplace",2,0,3,"inside formal moment assumptions","regular","phi = 0.2",0.5,10,298583258,"laplace_phi020_N400","laplace","Standardized Laplace","inside formal moment assumptions","regular",0.2,"phi = 0.2",400,20,20,10,100000,20000,"V_oracle",0.93133,-0.01867,0.000799715143660541,NA,NA,0.06867,1.15873642624909,0.9283,0.00182426848352977,20000,0.236462186891828,0.00028639429330024,0.0405022693771458,0.234604339156497,0.208048760396583,0.262886615513158,0.289280045321544,0.305644461642424,0.236462186891828,0.985585474302036,1.01044639517067,0,0,0,0
"laplace_phi020_N400_M20_Q20","laplace_phi020_N400","laplace","regular_distribution_dependence","laplace_phi_0.2","laplace, phi = 0.2",0.2,400,20,20,400,0.5,NA,"Balanced distribution/dependence design","Standardized Laplace",2,0,3,"inside formal moment assumptions","regular","phi = 0.2",0.5,10,298583258,"laplace_phi020_N400","laplace","Standardized Laplace","inside formal moment assumptions","regular",0.2,"phi = 0.2",400,20,20,10,100000,20000,"V_feasible",0.92979,-0.02021,0.000807963835205512,NA,NA,0.07021,1.17690726951745,0.92665,0.00184349908462142,20000,0.239478696291447,0.000339526366342015,0.0480162792064133,0.237213984166076,0.206208860312841,0.270327770049529,0.302294614728675,0.321672355673724,0.239478696291447,0.998158426816935,1.02333649438233,0,0,0,0
"laplace_phi020_N400_M20_Q20","laplace_phi020_N400","laplace","regular_distribution_dependence","laplace_phi_0.2","laplace, phi = 0.2",0.2,400,20,20,400,0.5,NA,"Balanced distribution/dependence design","Standardized Laplace",2,0,3,"inside formal moment assumptions","regular","phi = 0.2",0.5,10,298583258,"laplace_phi020_N400","laplace","Standardized Laplace","inside formal moment assumptions","regular",0.2,"phi = 0.2",400,20,20,10,100000,20000,"VK_asym_full_oracle",0.94046,-0.00953999999999999,0.000748297991444585,NA,NA,0.05954,1.07352101823535,0.93715,0.0017160984456027,20000,0.246041133082885,0.000298542116585327,0.0422202310214539,0.244000019998769,0.216383902375258,0.27356150835321,0.301100685324177,0.318164865279285,0.246041133082885,1.02551097084388,1.05137899321314,0,0,0,0
"laplace_phi020_N400_M20_Q20","laplace_phi020_N400","laplace","regular_distribution_dependence","laplace_phi_0.2","laplace, phi = 0.2",0.2,400,20,20,400,0.5,NA,"Balanced distribution/dependence design","Standardized Laplace",2,0,3,"inside formal moment assumptions","regular","phi = 0.2",0.5,10,298583258,"laplace_phi020_N400","laplace","Standardized Laplace","inside formal moment assumptions","regular",0.2,"phi = 0.2",400,20,20,10,100000,20000,"VK_leading_oracle",0.94064,-0.00935999999999992,0.000747237515118185,NA,NA,0.05936,1.07183119428041,0.9372,0.00171546145395342,20000,0.246242882078673,0.000298798715406518,0.0422565195747556,0.24419919532549,0.216562734579207,0.273786750095372,0.301345476090342,0.318434671021167,0.246242882078673,1.02635187011119,1.05224110376114,0,0,0,0
"laplace_phi020_N400_M20_Q20","laplace_phi020_N400","laplace","regular_distribution_dependence","laplace_phi_0.2","laplace, phi = 0.2",0.2,400,20,20,400,0.5,NA,"Balanced distribution/dependence design","Standardized Laplace",2,0,3,"inside formal moment assumptions","regular","phi = 0.2",0.5,10,298583258,"laplace_phi020_N400","laplace","Standardized Laplace","inside formal moment assumptions","regular",0.2,"phi = 0.2",400,20,20,10,100000,20000,"VK_asym_full_feasible",0.93866,-0.0113399999999999,0.000758797762252894,NA,NA,0.06134,1.09035554740503,0.93555,0.00173632078689394,20000,0.249621827373777,0.00035424091096155,0.0500972300629224,0.247222211885051,0.214857426626776,0.281771802665858,0.315132709540976,0.33534366787787,0.249621827373777,1.04043547242025,1.06667995818347,0,0,0,0
"laplace_phi020_N400_M20_Q20","laplace_phi020_N400","laplace","regular_distribution_dependence","laplace_phi_0.2","laplace, phi = 0.2",0.2,400,20,20,400,0.5,NA,"Balanced distribution/dependence design","Standardized Laplace",2,0,3,"inside formal moment assumptions","regular","phi = 0.2",0.5,10,298583258,"laplace_phi020_N400","laplace","Standardized Laplace","inside formal moment assumptions","regular",0.2,"phi = 0.2",400,20,20,10,100000,20000,"F_feasible_leading",0.93879,-0.0112099999999999,0.000758045749938617,NA,NA,0.06121,1.08863922430365,0.9357,0.00173443809344698,20000,0.249835939279896,0.000354551902921136,0.050141210967626,0.247432667982685,0.215047893260462,0.282017872875287,0.315403286620856,0.335629862328099,0.249835939279896,1.04132790087708,1.06759489772009,0,0,0,0
"laplace_phi020_N1024_M32_Q32","laplace_phi020_N1024","laplace","regular_distribution_dependence","laplace_phi_0.2","laplace, phi = 0.2",0.2,1024,32,32,1024,0.5,NA,"Balanced distribution/dependence design","Standardized Laplace",2,0,3,"inside formal moment assumptions","regular","phi = 0.2",0.5,13,922585130,"laplace_phi020_N1024","laplace","Standardized Laplace","inside formal moment assumptions","regular",0.2,"phi = 0.2",1024,32,32,13,100000,20000,"raw",0.93812,-0.01188,0.000761911186425295,NA,NA,0.06188,1.10501255960676,0.9389,0.0016936172826232,20000,0.148322622017728,0.000138267213808194,0.0195539368999089,0.147810498960639,0.134896760659019,0.161239925016771,0.173691389219711,0.181136859921346,0.148322622017728,0.988830905765014,1,0,0,0,0
"laplace_phi020_N1024_M32_Q32","laplace_phi020_N1024","laplace","regular_distribution_dependence","laplace_phi_0.2","laplace, phi = 0.2",0.2,1024,32,32,1024,0.5,NA,"Balanced distribution/dependence design","Standardized Laplace",2,0,3,"inside formal moment assumptions","regular","phi = 0.2",0.5,13,922585130,"laplace_phi020_N1024","laplace","Standardized Laplace","inside formal moment assumptions","regular",0.2,"phi = 0.2",1024,32,32,13,100000,20000,"K_asym_full",0.94385,-0.00614999999999999,0.000727991603660372,NA,NA,0.05615,1.05384457894138,0.94405,0.00162510918863934,20000,0.152026348618912,0.000141845424912258,0.020059972367149,0.151510257172375,0.138251939011017,0.165306332469743,0.178043316813639,0.185690035116157,0.152026348618912,1.013522751688,1.02497074654426,0,0,0,0
"laplace_phi020_N1024_M32_Q32","laplace_phi020_N1024","laplace","regular_distribution_dependence","laplace_phi_0.2","laplace, phi = 0.2",0.2,1024,32,32,1024,0.5,NA,"Balanced distribution/dependence design","Standardized Laplace",2,0,3,"inside formal moment assumptions","regular","phi = 0.2",0.5,13,922585130,"laplace_phi020_N1024","laplace","Standardized Laplace","inside formal moment assumptions","regular",0.2,"phi = 0.2",1024,32,32,13,100000,20000,"K_leading",0.94391,-0.00608999999999993,0.000727625672306853,NA,NA,0.05609,1.05321509587519,0.94405,0.00162510918863934,20000,0.152073647257368,0.000141891195399254,0.0200664452914955,0.151557803818862,0.138295742179403,0.165357204916221,0.178097895984115,0.185746500215534,0.152073647257368,1.01383808022568,1.02528963679723,0,0,0,0
"laplace_phi020_N1024_M32_Q32","laplace_phi020_N1024","laplace","regular_distribution_dependence","laplace_phi_0.2","laplace, phi = 0.2",0.2,1024,32,32,1024,0.5,NA,"Balanced distribution/dependence design","Standardized Laplace",2,0,3,"inside formal moment assumptions","regular","phi = 0.2",0.5,13,922585130,"laplace_phi020_N1024","laplace","Standardized Laplace","inside formal moment assumptions","regular",0.2,"phi = 0.2",1024,32,32,13,100000,20000,"V_oracle",0.93969,-0.0103099999999999,0.000752812751618887,NA,NA,0.06031,1.09106833207773,0.9403,0.00167534936655015,20000,0.149305171499101,0.000139215349561223,0.0196880235439993,0.148785495521611,0.135789550026221,0.162308837762253,0.174853091975689,0.182344249543985,0.149305171499101,0.995381324577789,1.00662440744377,0,0,0,0
"laplace_phi020_N1024_M32_Q32","laplace_phi020_N1024","laplace","regular_distribution_dependence","laplace_phi_0.2","laplace, phi = 0.2",0.2,1024,32,32,1024,0.5,NA,"Balanced distribution/dependence design","Standardized Laplace",2,0,3,"inside formal moment assumptions","regular","phi = 0.2",0.5,13,922585130,"laplace_phi020_N1024","laplace","Standardized Laplace","inside formal moment assumptions","regular",0.2,"phi = 0.2",1024,32,32,13,100000,20000,"V_feasible",0.93914,-0.01086,0.000756016272311648,NA,NA,0.06086,1.09887673941585,0.9393,0.00168842396926838,20000,0.15010486529013,0.000158188487723574,0.0223712304749968,0.149463289059137,0.134812280023605,0.164959581591637,0.179093196757161,0.187486645000457,0.15010486529013,1.00071268890348,1.01201599087285,0,0,0,0
"laplace_phi020_N1024_M32_Q32","laplace_phi020_N1024","laplace","regular_distribution_dependence","laplace_phi_0.2","laplace, phi = 0.2",0.2,1024,32,32,1024,0.5,NA,"Balanced distribution/dependence design","Standardized Laplace",2,0,3,"inside formal moment assumptions","regular","phi = 0.2",0.5,13,922585130,"laplace_phi020_N1024","laplace","Standardized Laplace","inside formal moment assumptions","regular",0.2,"phi = 0.2",1024,32,32,13,100000,20000,"VK_asym_full_oracle",0.94548,-0.00451999999999997,0.000717966361328997,NA,NA,0.05452,1.04054604358878,0.9455,0.00160514407453038,20000,0.153035022552825,0.000142821924064962,0.0201980702016889,0.152521299495346,0.139174745276358,0.166405998138898,0.179222956313455,0.186922302286688,0.153035022552825,1.0202473358824,1.03177128661152,0,0,0,0
"laplace_phi020_N1024_M32_Q32","laplace_phi020_N1024","laplace","regular_distribution_dependence","laplace_phi_0.2","laplace, phi = 0.2",0.2,1024,32,32,1024,0.5,NA,"Balanced distribution/dependence design","Standardized Laplace",2,0,3,"inside formal moment assumptions","regular","phi = 0.2",0.5,13,922585130,"laplace_phi020_N1024","laplace","Standardized Laplace","inside formal moment assumptions","regular",0.2,"phi = 0.2",1024,32,32,13,100000,20000,"VK_leading_oracle",0.94554,-0.00445999999999991,0.000717593954824035,NA,NA,0.05446,1.03992450401159,0.94555,0.00160445002259341,20000,0.153082655335752,0.000142868058996531,0.0202045946662814,0.15256842233195,0.13921872206293,0.166460986440042,0.1792782624073,0.186982031135617,0.153082655335752,1.02056489208014,1.03209242968652,0,0,0,0
"laplace_phi020_N1024_M32_Q32","laplace_phi020_N1024","laplace","regular_distribution_dependence","laplace_phi_0.2","laplace, phi = 0.2",0.2,1024,32,32,1024,0.5,NA,"Balanced distribution/dependence design","Standardized Laplace",2,0,3,"inside formal moment assumptions","regular","phi = 0.2",0.5,13,922585130,"laplace_phi020_N1024","laplace","Standardized Laplace","inside formal moment assumptions","regular",0.2,"phi = 0.2",1024,32,32,13,100000,20000,"VK_asym_full_feasible",0.94467,-0.00532999999999995,0.000722970200630704,NA,NA,0.05533,1.04799287998164,0.94475,0.00161550978796168,20000,0.153931255645163,0.000162350837234098,0.0229598755879089,0.153251625387462,0.138246952764678,0.169172334740011,0.183734456738823,0.192272240178452,0.153931255645163,1.02622230428855,1.03781374379132,0,0,0,0
"laplace_phi020_N1024_M32_Q32","laplace_phi020_N1024","laplace","regular_distribution_dependence","laplace_phi_0.2","laplace, phi = 0.2",0.2,1024,32,32,1024,0.5,NA,"Balanced distribution/dependence design","Standardized Laplace",2,0,3,"inside formal moment assumptions","regular","phi = 0.2",0.5,13,922585130,"laplace_phi020_N1024","laplace","Standardized Laplace","inside formal moment assumptions","regular",0.2,"phi = 0.2",1024,32,32,13,100000,20000,"F_feasible_leading",0.94474,-0.00525999999999993,0.000722539496498288,NA,NA,0.05526,1.04736689225573,0.9448,0.0016148213523483,20000,0.153980156091334,0.000162404105202743,0.0229674088162787,0.153301466148801,0.138290157413252,0.169225515271636,0.183792426554353,0.192334289474828,0.153980156091334,1.02654831168932,1.03814343352783,0,0,0,0
"laplace_phi020_N8100_M90_Q90","laplace_phi020_N8100","laplace","regular_distribution_dependence","laplace_phi_0.2","laplace, phi = 0.2",0.2,8100,90,90,8100,0.5,NA,"Balanced distribution/dependence design","Standardized Laplace",2,0,3,"inside formal moment assumptions","regular","phi = 0.2",0.5,19,1556155420,"laplace_phi020_N8100","laplace","Standardized Laplace","inside formal moment assumptions","regular",0.2,"phi = 0.2",8100,90,90,19,100000,20000,"raw",0.94706,-0.00293999999999994,0.000708077371478569,NA,NA,0.05294,1.02761920052568,0.94795,0.00157068134101096,20000,0.0532722432644729,2.88498748692076e-05,0.00407998843128002,0.0532396796448253,0.0504960169888798,0.0560087898089364,0.0585387831418884,0.0600173077329936,0.0532722432644729,0.998690569033369,1,0,0,0,0
"laplace_phi020_N8100_M90_Q90","laplace_phi020_N8100","laplace","regular_distribution_dependence","laplace_phi_0.2","laplace, phi = 0.2",0.2,8100,90,90,8100,0.5,NA,"Balanced distribution/dependence design","Standardized Laplace",2,0,3,"inside formal moment assumptions","regular","phi = 0.2",0.5,19,1556155420,"laplace_phi020_N8100","laplace","Standardized Laplace","inside formal moment assumptions","regular",0.2,"phi = 0.2",8100,90,90,19,100000,20000,"K_asym_full",0.94905,-0.000950000000000006,0.0006953711059571,NA,NA,0.0509500000000001,1.01056621934823,0.9495,0.00154838222025442,20000,0.0537290407272739,2.91000262000138e-05,0.0041153651717472,0.0536949118762908,0.0509278133515427,0.0564899970840743,0.0590409281786479,0.0605367564112213,0.0537290407272739,1.00725411526499,1.00857477430663,0,0,0,0
"laplace_phi020_N8100_M90_Q90","laplace_phi020_N8100","laplace","regular_distribution_dependence","laplace_phi_0.2","laplace, phi = 0.2",0.2,8100,90,90,8100,0.5,NA,"Balanced distribution/dependence design","Standardized Laplace",2,0,3,"inside formal moment assumptions","regular","phi = 0.2",0.5,19,1556155420,"laplace_phi020_N8100","laplace","Standardized Laplace","inside formal moment assumptions","regular",0.2,"phi = 0.2",8100,90,90,19,100000,20000,"K_leading",0.94906,-0.000939999999999941,0.000695306525210284,NA,NA,0.05094,1.01049221385025,0.9495,0.00154838222025442,20000,0.0537310488056528,2.91011261437739e-05,0.00411552072728553,0.0536969242507167,0.0509297196609986,0.0564921100619053,0.0590431664155231,0.0605390401331144,0.0537310488056528,1.00729176055297,1.00861246895315,0,0,0,0
"laplace_phi020_N8100_M90_Q90","laplace_phi020_N8100","laplace","regular_distribution_dependence","laplace_phi_0.2","laplace, phi = 0.2",0.2,8100,90,90,8100,0.5,NA,"Balanced distribution/dependence design","Standardized Laplace",2,0,3,"inside formal moment assumptions","regular","phi = 0.2",0.5,19,1556155420,"laplace_phi020_N8100","laplace","Standardized Laplace","inside formal moment assumptions","regular",0.2,"phi = 0.2",8100,90,90,19,100000,20000,"V_oracle",0.94763,-0.00236999999999998,0.000704467054588077,NA,NA,0.05237,1.0229143232765,0.94845,0.00156353121970749,20000,0.0533971072276688,2.89182419796422e-05,0.00408965700075969,0.0533644679853028,0.0506136333846912,0.0561389254948662,0.0586753388870348,0.0601592847254126,0.0533971072276688,1.00103138396464,1.00234388408568,0,0,0,0
"laplace_phi020_N8100_M90_Q90","laplace_phi020_N8100","laplace","regular_distribution_dependence","laplace_phi_0.2","laplace, phi = 0.2",0.2,8100,90,90,8100,0.5,NA,"Balanced distribution/dependence design","Standardized Laplace",2,0,3,"inside formal moment assumptions","regular","phi = 0.2",0.5,19,1556155420,"laplace_phi020_N8100","laplace","Standardized Laplace","inside formal moment assumptions","regular",0.2,"phi = 0.2",8100,90,90,19,100000,20000,"V_feasible",0.94751,-0.00248999999999999,0.00070522904009974,NA,NA,0.05249,1.02384237997469,0.9481,0.00156854056370882,20000,0.0534203964193865,3.01071284675177e-05,0.00425779094028727,0.0533914130375787,0.0505386248224827,0.0562814331330455,0.0589308600963106,0.060430051101778,0.0534203964193865,1.00146798461638,1.00278105718541,0,0,0,0
"laplace_phi020_N8100_M90_Q90","laplace_phi020_N8100","laplace","regular_distribution_dependence","laplace_phi_0.2","laplace, phi = 0.2",0.2,8100,90,90,8100,0.5,NA,"Balanced distribution/dependence design","Standardized Laplace",2,0,3,"inside formal moment assumptions","regular","phi = 0.2",0.5,19,1556155420,"laplace_phi020_N8100","laplace","Standardized Laplace","inside formal moment assumptions","regular",0.2,"phi = 0.2",8100,90,90,19,100000,20000,"VK_asym_full_oracle",0.94958,-0.000419999999999976,0.00069193802901705,NA,NA,0.05042,1.00593941789126,0.9501,0.00153964265334525,20000,0.0538550196251333,2.91690340863502e-05,0.00412512436062396,0.0538211103194849,0.0510463548306182,0.0566220144626188,0.0591792293619897,0.0606787729574977,0.0538550196251333,1.00961583178902,1.01093958739014,0,0,0,0
"laplace_phi020_N8100_M90_Q90","laplace_phi020_N8100","laplace","regular_distribution_dependence","laplace_phi_0.2","laplace, phi = 0.2",0.2,8100,90,90,8100,0.5,NA,"Balanced distribution/dependence design","Standardized Laplace",2,0,3,"inside formal moment assumptions","regular","phi = 0.2",0.5,19,1556155420,"laplace_phi020_N8100","laplace","Standardized Laplace","inside formal moment assumptions","regular",0.2,"phi = 0.2",8100,90,90,19,100000,20000,"VK_leading_oracle",0.94958,-0.000419999999999976,0.00069193802901705,NA,NA,0.05042,1.00586575122189,0.9501,0.00153964265334525,20000,0.0538570326143797,2.91701369136334e-05,0.00412528032395404,0.0538231267306526,0.0510482497405846,0.0566241184972668,0.0591814524021602,0.0606810356980531,0.0538570326143797,1.00965356914064,1.01097737422101,0,0,0,0
"laplace_phi020_N8100_M90_Q90","laplace_phi020_N8100","laplace","regular_distribution_dependence","laplace_phi_0.2","laplace, phi = 0.2",0.2,8100,90,90,8100,0.5,NA,"Balanced distribution/dependence design","Standardized Laplace",2,0,3,"inside formal moment assumptions","regular","phi = 0.2",0.5,19,1556155420,"laplace_phi020_N8100","laplace","Standardized Laplace","inside formal moment assumptions","regular",0.2,"phi = 0.2",8100,90,90,19,100000,20000,"VK_asym_full_feasible",0.94959,-0.00040999999999991,0.000691873051216767,NA,NA,0.05041,1.00685207381317,0.95015,0.00153891158777884,20000,0.0538794192516683,3.03692268243435e-05,0.00429485724537713,0.0538497525546156,0.0509719855009602,0.0567667134313128,0.0594396229212214,0.0609510595847083,0.0538794192516683,1.01007324967524,1.01139760501883,0,0,0,0
"laplace_phi020_N8100_M90_Q90","laplace_phi020_N8100","laplace","regular_distribution_dependence","laplace_phi_0.2","laplace, phi = 0.2",0.2,8100,90,90,8100,0.5,NA,"Balanced distribution/dependence design","Standardized Laplace",2,0,3,"inside formal moment assumptions","regular","phi = 0.2",0.5,19,1556155420,"laplace_phi020_N8100","laplace","Standardized Laplace","inside formal moment assumptions","regular",0.2,"phi = 0.2",8100,90,90,19,100000,20000,"F_feasible_leading",0.94963,-0.000369999999999981,0.00069161306450934,NA,NA,0.05037,1.00677834030844,0.9502,0.0015381800934871,20000,0.0538814371646546,3.03703792966645e-05,0.0042950202295758,0.0538517617541805,0.0509739228721325,0.0567688480545554,0.0594418634746653,0.0609533450537346,0.0538814371646546,1.01011107933183,1.01143548427569,0,0,0,0
"centered_gamma4_phi020_N100_M10_Q10","centered_gamma4_phi020_N100","centered_gamma4","regular_distribution_dependence","centered_gamma4_phi_0.2","centered_gamma4, phi = 0.2",0.2,100,10,10,100,0.5,NA,"Balanced distribution/dependence design","Centered Gamma(4)",3,1,1.5,"inside formal moment assumptions","regular","phi = 0.2",0.5,5,2146066105,"centered_gamma4_phi020_N100","centered_gamma4","Centered Gamma(4)","inside formal moment assumptions","regular",0.2,"phi = 0.2",100,10,10,5,100000,20000,"raw",0.89389,-0.05611,0.000973913075690023,NA,NA,0.10611,1.59620837504747,0.89065,0.0022067235610742,20000,0.432753089462045,0.000760024810273669,0.107483739442906,0.427459077166659,0.35729228759782,0.501550708309521,0.574497633710689,0.618468362729931,0.432753089462045,0.903281532454723,1,0,0,0,0.0025
"centered_gamma4_phi020_N100_M10_Q10","centered_gamma4_phi020_N100","centered_gamma4","regular_distribution_dependence","centered_gamma4_phi_0.2","centered_gamma4, phi = 0.2",0.2,100,10,10,100,0.5,NA,"Balanced distribution/dependence design","Centered Gamma(4)",3,1,1.5,"inside formal moment assumptions","regular","phi = 0.2",0.5,5,2146066105,"centered_gamma4_phi020_N100","centered_gamma4","Centered Gamma(4)","inside formal moment assumptions","regular",0.2,"phi = 0.2",100,10,10,5,100000,20000,"K_asym_full",0.91286,-0.03714,0.000891889120911338,NA,NA,0.08714,1.38338059170781,0.9097,0.00202664636777115,20000,0.464316156701585,0.000817154133360901,0.115563045794822,0.458506307984823,0.383240402353572,0.538003281384018,0.616710465360694,0.664625353887839,0.464316156701585,0.969162831605111,1.07293550989729,0,0,0,0.0025
"centered_gamma4_phi020_N100_M10_Q10","centered_gamma4_phi020_N100","centered_gamma4","regular_distribution_dependence","centered_gamma4_phi_0.2","centered_gamma4, phi = 0.2",0.2,100,10,10,100,0.5,NA,"Balanced distribution/dependence design","Centered Gamma(4)",3,1,1.5,"inside formal moment assumptions","regular","phi = 0.2",0.5,5,2146066105,"centered_gamma4_phi020_N100","centered_gamma4","Centered Gamma(4)","inside formal moment assumptions","regular",0.2,"phi = 0.2",100,10,10,5,100000,20000,"K_leading",0.91537,-0.0346299999999999,0.000880157730750574,NA,NA,0.08463,1.35677711879035,0.91245,0.00199856195175431,20000,0.468754023669152,0.000825217699029643,0.116703406187804,0.462980799579035,0.386871453888581,0.543079914163117,0.622673667689807,0.67089952120294,0.468754023669152,0.978425950397116,1.08319047300589,0,0,0,0.0025
"centered_gamma4_phi020_N100_M10_Q10","centered_gamma4_phi020_N100","centered_gamma4","regular_distribution_dependence","centered_gamma4_phi_0.2","centered_gamma4, phi = 0.2",0.2,100,10,10,100,0.5,NA,"Balanced distribution/dependence design","Centered Gamma(4)",3,1,1.5,"inside formal moment assumptions","regular","phi = 0.2",0.5,5,2146066105,"centered_gamma4_phi020_N100","centered_gamma4","Centered Gamma(4)","inside formal moment assumptions","regular",0.2,"phi = 0.2",100,10,10,5,100000,20000,"V_oracle",0.89937,-0.05063,0.000951333816806698,NA,NA,0.10063,1.5361001167173,0.8966,0.00215300301904108,20000,0.441023337953428,0.00077495718829778,0.109595496594924,0.43562528658145,0.364036265500706,0.511031235350048,0.585458000063222,0.630615903477101,0.441023337953428,0.92054394585624,1.01911077862359,0,0,0,0.0025
"centered_gamma4_phi020_N100_M10_Q10","centered_gamma4_phi020_N100","centered_gamma4","regular_distribution_dependence","centered_gamma4_phi_0.2","centered_gamma4, phi = 0.2",0.2,100,10,10,100,0.5,NA,"Balanced distribution/dependence design","Centered Gamma(4)",3,1,1.5,"inside formal moment assumptions","regular","phi = 0.2",0.5,5,2146066105,"centered_gamma4_phi020_N100","centered_gamma4","Centered Gamma(4)","inside formal moment assumptions","regular",0.2,"phi = 0.2",100,10,10,5,100000,20000,"V_feasible",0.89578,-0.0542199999999999,0.000966220428266759,NA,NA,0.10422,1.57119455784965,0.8923,0.00219203911917648,20000,0.448976545740988,0.000902884773183009,0.127687189149557,0.442730399303723,0.35879100987375,0.530880703340352,0.617340848753369,0.669917060716238,0.448976545740988,0.93714460312066,1.03748894386661,0,0,0,0.0025
"centered_gamma4_phi020_N100_M10_Q10","centered_gamma4_phi020_N100","centered_gamma4","regular_distribution_dependence","centered_gamma4_phi_0.2","centered_gamma4, phi = 0.2",0.2,100,10,10,100,0.5,NA,"Balanced distribution/dependence design","Centered Gamma(4)",3,1,1.5,"inside formal moment assumptions","regular","phi = 0.2",0.5,5,2146066105,"centered_gamma4_phi020_N100","centered_gamma4","Centered Gamma(4)","inside formal moment assumptions","regular",0.2,"phi = 0.2",100,10,10,5,100000,20000,"VK_asym_full_oracle",0.91742,-0.0325799999999999,0.000870405328568248,NA,NA,0.08258,1.33128676782166,0.9147,0.00197514442509909,20000,0.473124641969288,0.000833166699239822,0.117827564578258,0.467335225759925,0.390363082365275,0.548205582617146,0.628590431602412,0.677110607503316,0.473124641969288,0.98754870166581,1.09329003880118,0,0,0,0.0025
"centered_gamma4_phi020_N100_M10_Q10","centered_gamma4_phi020_N100","centered_gamma4","regular_distribution_dependence","centered_gamma4_phi_0.2","centered_gamma4, phi = 0.2",0.2,100,10,10,100,0.5,NA,"Balanced distribution/dependence design","Centered Gamma(4)",3,1,1.5,"inside formal moment assumptions","regular","phi = 0.2",0.5,5,2146066105,"centered_gamma4_phi020_N100","centered_gamma4","Centered Gamma(4)","inside formal moment assumptions","regular",0.2,"phi = 0.2",100,10,10,5,100000,20000,"VK_leading_oracle",0.91961,-0.0303899999999999,0.000859810722775658,NA,NA,0.08039,1.30568509920971,0.9169,0.00195185027602017,20000,0.477636374424152,0.00084138033354038,0.11898914788068,0.471821637083435,0.394078649813024,0.553476288654963,0.634543112270939,0.683652119072342,0.477636374424152,0.996965999208206,1.10371568928116,0,0,0,0.0025
"centered_gamma4_phi020_N100_M10_Q10","centered_gamma4_phi020_N100","centered_gamma4","regular_distribution_dependence","centered_gamma4_phi_0.2","centered_gamma4, phi = 0.2",0.2,100,10,10,100,0.5,NA,"Balanced distribution/dependence design","Centered Gamma(4)",3,1,1.5,"inside formal moment assumptions","regular","phi = 0.2",0.5,5,2146066105,"centered_gamma4_phi020_N100","centered_gamma4","Centered Gamma(4)","inside formal moment assumptions","regular",0.2,"phi = 0.2",100,10,10,5,100000,20000,"VK_asym_full_feasible",0.91447,-0.03553,0.000884390293366,NA,NA,0.08553,1.36170195013636,0.91145,0.00200884167494604,20000,0.483683651745825,0.000970815152393415,0.137293995507207,0.477148028189029,0.386845133799057,0.571592160224317,0.664610333375958,0.721822977773971,0.483683651745825,1.00958842538913,1.11768965612029,0,0,0,0.0025
"centered_gamma4_phi020_N100_M10_Q10","centered_gamma4_phi020_N100","centered_gamma4","regular_distribution_dependence","centered_gamma4_phi_0.2","centered_gamma4, phi = 0.2",0.2,100,10,10,100,0.5,NA,"Balanced distribution/dependence design","Centered Gamma(4)",3,1,1.5,"inside formal moment assumptions","regular","phi = 0.2",0.5,5,2146066105,"centered_gamma4_phi020_N100","centered_gamma4","Centered Gamma(4)","inside formal moment assumptions","regular",0.2,"phi = 0.2",100,10,10,5,100000,20000,"F_feasible_leading",0.91685,-0.0331499999999999,0.0008731327361862,NA,NA,0.0831499999999999,1.3355153741722,0.9136,0.00198664340031119,20000,0.488578818915011,0.00098036208756116,0.138644136026539,0.481832376192297,0.39079908625685,0.577368755913597,0.671195903476461,0.729256790953468,0.488578818915011,1.0198060626744,1.12900134236445,0,0,0,0.0025
"centered_gamma4_phi020_N225_M15_Q15","centered_gamma4_phi020_N225","centered_gamma4","regular_distribution_dependence","centered_gamma4_phi_0.2","centered_gamma4, phi = 0.2",0.2,225,15,15,225,0.5,NA,"Balanced distribution/dependence design","Centered Gamma(4)",3,1,1.5,"inside formal moment assumptions","regular","phi = 0.2",0.5,7,123582834,"centered_gamma4_phi020_N225","centered_gamma4","Centered Gamma(4)","inside formal moment assumptions","regular",0.2,"phi = 0.2",225,15,15,7,100000,20000,"raw",0.91913,-0.03087,0.000862148729048532,NA,NA,0.08087,1.2900185064414,0.9187,0.00193248945663359,20000,0.304750720427097,0.000421330554900832,0.0595851384982938,0.302228753969464,0.263003249561868,0.343786320955561,0.382725924843564,0.406626811690809,0.304750720427097,0.95304801494299,1,0,0,0,1e-04
"centered_gamma4_phi020_N225_M15_Q15","centered_gamma4_phi020_N225","centered_gamma4","regular_distribution_dependence","centered_gamma4_phi_0.2","centered_gamma4, phi = 0.2",0.2,225,15,15,225,0.5,NA,"Balanced distribution/dependence design","Centered Gamma(4)",3,1,1.5,"inside formal moment assumptions","regular","phi = 0.2",0.5,7,123582834,"centered_gamma4_phi020_N225","centered_gamma4","Centered Gamma(4)","inside formal moment assumptions","regular",0.2,"phi = 0.2",225,15,15,7,100000,20000,"K_asym_full",0.93172,-0.01828,0.000797607933761945,NA,NA,0.06828,1.17057234843757,0.9317,0.00178374759985823,20000,0.320294151134946,0.00044360660168807,0.0627354472465508,0.317526608435711,0.276216830584417,0.36141323849308,0.402360320492481,0.427622300009434,0.320294151134946,1.00165704123424,1.05100375377642,0,0,0,1e-04
"centered_gamma4_phi020_N225_M15_Q15","centered_gamma4_phi020_N225","centered_gamma4","regular_distribution_dependence","centered_gamma4_phi_0.2","centered_gamma4, phi = 0.2",0.2,225,15,15,225,0.5,NA,"Balanced distribution/dependence design","Centered Gamma(4)",3,1,1.5,"inside formal moment assumptions","regular","phi = 0.2",0.5,7,123582834,"centered_gamma4_phi020_N225","centered_gamma4","Centered Gamma(4)","inside formal moment assumptions","regular",0.2,"phi = 0.2",225,15,15,7,100000,20000,"K_leading",0.93277,-0.01723,0.000791897260381674,NA,NA,0.06723,1.16101665579726,0.93275,0.00177098048408219,20000,0.321641136124995,0.000445543177090692,0.0630093203664455,0.318869937281978,0.277334545443343,0.362928138912669,0.404056079633004,0.42945447705349,0.321641136124995,1.0058694721979,1.05542371048123,0,0,0,1e-04
"centered_gamma4_phi020_N225_M15_Q15","centered_gamma4_phi020_N225","centered_gamma4","regular_distribution_dependence","centered_gamma4_phi_0.2","centered_gamma4, phi = 0.2",0.2,225,15,15,225,0.5,NA,"Balanced distribution/dependence design","Centered Gamma(4)",3,1,1.5,"inside formal moment assumptions","regular","phi = 0.2",0.5,7,123582834,"centered_gamma4_phi020_N225","centered_gamma4","Centered Gamma(4)","inside formal moment assumptions","regular",0.2,"phi = 0.2",225,15,15,7,100000,20000,"V_oracle",0.92273,-0.0272699999999999,0.000844389407204993,NA,NA,0.0772699999999999,1.25651153224929,0.9229,0.00188620770330311,20000,0.308884486528882,0.000427242266028467,0.0604211807036472,0.306272280917076,0.266518006155819,0.348501494881216,0.387985117082316,0.412180868621887,0.308884486528882,0.965975556416966,1.01356441781661,0,0,0,1e-04
"centered_gamma4_phi020_N225_M15_Q15","centered_gamma4_phi020_N225","centered_gamma4","regular_distribution_dependence","centered_gamma4_phi_0.2","centered_gamma4, phi = 0.2",0.2,225,15,15,225,0.5,NA,"Balanced distribution/dependence design","Centered Gamma(4)",3,1,1.5,"inside formal moment assumptions","regular","phi = 0.2",0.5,7,123582834,"centered_gamma4_phi020_N225","centered_gamma4","Centered Gamma(4)","inside formal moment assumptions","regular",0.2,"phi = 0.2",225,15,15,7,100000,20000,"V_feasible",0.92062,-0.02938,0.000854861483516482,NA,NA,0.07938,1.27837962118082,0.9204,0.00191394670772203,20000,0.312905768294478,0.000497743815963394,0.070391605512277,0.310145398769995,0.263137224169636,0.358860373702261,0.404927240832355,0.433706065291949,0.312905768294478,0.97855132522518,1.02675973285954,0,0,0,1e-04
"centered_gamma4_phi020_N225_M15_Q15","centered_gamma4_phi020_N225","centered_gamma4","regular_distribution_dependence","centered_gamma4_phi_0.2","centered_gamma4, phi = 0.2",0.2,225,15,15,225,0.5,NA,"Balanced distribution/dependence design","Centered Gamma(4)",3,1,1.5,"inside formal moment assumptions","regular","phi = 0.2",0.5,7,123582834,"centered_gamma4_phi020_N225","centered_gamma4","Centered Gamma(4)","inside formal moment assumptions","regular",0.2,"phi = 0.2",225,15,15,7,100000,20000,"VK_asym_full_oracle",0.93483,-0.0151699999999999,0.00078053104422566,NA,NA,0.06517,1.14016787185584,0.9351,0.00174195278351625,20000,0.32463899815601,0.000449856818026216,0.063619361317868,0.321872315985131,0.279886084072803,0.366305800639069,0.407843232741763,0.433513482001454,0.32463899815601,1.01524469681994,1.06526080627813,0,0,0,1e-04
"centered_gamma4_phi020_N225_M15_Q15","centered_gamma4_phi020_N225","centered_gamma4","regular_distribution_dependence","centered_gamma4_phi_0.2","centered_gamma4, phi = 0.2",0.2,225,15,15,225,0.5,NA,"Balanced distribution/dependence design","Centered Gamma(4)",3,1,1.5,"inside formal moment assumptions","regular","phi = 0.2",0.5,7,123582834,"centered_gamma4_phi020_N225","centered_gamma4","Centered Gamma(4)","inside formal moment assumptions","regular",0.2,"phi = 0.2",225,15,15,7,100000,20000,"VK_leading_oracle",0.93575,-0.01425,0.000775383372919487,NA,NA,0.06425,1.13086037902437,0.93645,0.00172498402166513,20000,0.326004204210729,0.000451822866213164,0.0638974025188941,0.323254008013015,0.281056030158536,0.367830726589938,0.409570751505125,0.435361726388983,0.326004204210729,1.01951411058413,1.0697405530456,0,0,0,1e-04
"centered_gamma4_phi020_N225_M15_Q15","centered_gamma4_phi020_N225","centered_gamma4","regular_distribution_dependence","centered_gamma4_phi_0.2","centered_gamma4, phi = 0.2",0.2,225,15,15,225,0.5,NA,"Balanced distribution/dependence design","Centered Gamma(4)",3,1,1.5,"inside formal moment assumptions","regular","phi = 0.2",0.5,7,123582834,"centered_gamma4_phi020_N225","centered_gamma4","Centered Gamma(4)","inside formal moment assumptions","regular",0.2,"phi = 0.2",225,15,15,7,100000,20000,"VK_asym_full_feasible",0.93292,-0.01708,0.000791076946952697,NA,NA,0.06708,1.16001113773815,0.9337,0.00175932245481037,20000,0.32963283345977,0.000524524971636091,0.0741790328691124,0.326607266967151,0.277164214767606,0.378032910081415,0.426665163305797,0.45670586554571,0.32963283345977,1.03086193577685,1.08164742973471,0,0,0,1e-04
"centered_gamma4_phi020_N225_M15_Q15","centered_gamma4_phi020_N225","centered_gamma4","regular_distribution_dependence","centered_gamma4_phi_0.2","centered_gamma4, phi = 0.2",0.2,225,15,15,225,0.5,NA,"Balanced distribution/dependence design","Centered Gamma(4)",3,1,1.5,"inside formal moment assumptions","regular","phi = 0.2",0.5,7,123582834,"centered_gamma4_phi020_N225","centered_gamma4","Centered Gamma(4)","inside formal moment assumptions","regular",0.2,"phi = 0.2",225,15,15,7,100000,20000,"F_feasible_leading",0.934,-0.0159999999999999,0.000785136930732468,NA,NA,0.0659999999999999,1.15054165906274,0.9353,0.00173945264379344,20000,0.331086380037786,0.000526852753256883,0.074508230902949,0.328035674191029,0.278370004190417,0.37969724585572,0.428523837056799,0.458817538944342,0.331086380037786,1.03540761717463,1.08641705448237,0,0,0,1e-04
"centered_gamma4_phi020_N400_M20_Q20","centered_gamma4_phi020_N400","centered_gamma4","regular_distribution_dependence","centered_gamma4_phi_0.2","centered_gamma4, phi = 0.2",0.2,400,20,20,400,0.5,NA,"Balanced distribution/dependence design","Centered Gamma(4)",3,1,1.5,"inside formal moment assumptions","regular","phi = 0.2",0.5,10,298583359,"centered_gamma4_phi020_N400","centered_gamma4","Centered Gamma(4)","inside formal moment assumptions","regular",0.2,"phi = 0.2",400,20,20,10,100000,20000,"raw",0.92986,-0.0201399999999999,0.000807591359537731,NA,NA,0.07014,1.17620838457509,0.92955,0.00180951371229952,20000,0.233425772498595,0.000275158555456781,0.0389132960929969,0.231677618187534,0.206458549693359,0.259229773314558,0.284435492045747,0.299718161837333,0.233425772498595,0.972929556841115,1,0,0,0,0
"centered_gamma4_phi020_N400_M20_Q20","centered_gamma4_phi020_N400","centered_gamma4","regular_distribution_dependence","centered_gamma4_phi_0.2","centered_gamma4, phi = 0.2",0.2,400,20,20,400,0.5,NA,"Balanced distribution/dependence design","Centered Gamma(4)",3,1,1.5,"inside formal moment assumptions","regular","phi = 0.2",0.5,10,298583359,"centered_gamma4_phi020_N400","centered_gamma4","Centered Gamma(4)","inside formal moment assumptions","regular",0.2,"phi = 0.2",400,20,20,10,100000,20000,"K_asym_full",0.93833,-0.01167,0.000760702380040972,NA,NA,0.06167,1.09289362400102,0.93805,0.001704584956815,20000,0.24247534360139,0.000286212294975783,0.0404765309272682,0.240639024713297,0.214390643490394,0.269345633664257,0.295505867537392,0.311540735085621,0.24247534360139,1.01064859321144,1.03876851731464,0,0,0,0
"centered_gamma4_phi020_N400_M20_Q20","centered_gamma4_phi020_N400","centered_gamma4","regular_distribution_dependence","centered_gamma4_phi_0.2","centered_gamma4, phi = 0.2",0.2,400,20,20,400,0.5,NA,"Balanced distribution/dependence design","Centered Gamma(4)",3,1,1.5,"inside formal moment assumptions","regular","phi = 0.2",0.5,10,298583359,"centered_gamma4_phi020_N400","centered_gamma4","Centered Gamma(4)","inside formal moment assumptions","regular",0.2,"phi = 0.2",400,20,20,10,100000,20000,"K_leading",0.93891,-0.0110899999999999,0.000757350723905378,NA,NA,0.06109,1.08799275573196,0.93875,0.00169555945781916,20000,0.243040637231969,0.000286904506191625,0.0405744243762152,0.241201979162499,0.214887488299677,0.269994603938305,0.296188329151213,0.3122782664693,0.243040637231969,1.01300476355029,1.04119024489223,0,0,0,0
"centered_gamma4_phi020_N400_M20_Q20","centered_gamma4_phi020_N400","centered_gamma4","regular_distribution_dependence","centered_gamma4_phi_0.2","centered_gamma4, phi = 0.2",0.2,400,20,20,400,0.5,NA,"Balanced distribution/dependence design","Centered Gamma(4)",3,1,1.5,"inside formal moment assumptions","regular","phi = 0.2",0.5,10,298583359,"centered_gamma4_phi020_N400","centered_gamma4","Centered Gamma(4)","inside formal moment assumptions","regular",0.2,"phi = 0.2",400,20,20,10,100000,20000,"V_oracle",0.93225,-0.0177499999999999,0.000794732266238134,NA,NA,0.06775,1.15290498592344,0.9319,0.00178132520893856,20000,0.235855429866356,0.000278121251637603,0.0393322846050078,0.234094419878624,0.208585000242052,0.261941567696369,0.287419680495421,0.302949018464269,0.235855429866356,0.983056482590523,1.01040869370059,0,0,0,0
"centered_gamma4_phi020_N400_M20_Q20","centered_gamma4_phi020_N400","centered_gamma4","regular_distribution_dependence","centered_gamma4_phi_0.2","centered_gamma4, phi = 0.2",0.2,400,20,20,400,0.5,NA,"Balanced distribution/dependence design","Centered Gamma(4)",3,1,1.5,"inside formal moment assumptions","regular","phi = 0.2",0.5,10,298583359,"centered_gamma4_phi020_N400","centered_gamma4","Centered Gamma(4)","inside formal moment assumptions","regular",0.2,"phi = 0.2",400,20,20,10,100000,20000,"V_feasible",0.93031,-0.01969,0.000805191305839799,NA,NA,0.06969,1.17026536663941,0.9298,0.00180654310770599,20000,0.238806033770629,0.000331369902762159,0.04686278106485,0.237011676930453,0.206147819745915,0.269686441194453,0.300491166899932,0.31802984449633,0.238806033770629,0.995354737912847,1.02304913126963,0,0,0,0
"centered_gamma4_phi020_N400_M20_Q20","centered_gamma4_phi020_N400","centered_gamma4","regular_distribution_dependence","centered_gamma4_phi_0.2","centered_gamma4, phi = 0.2",0.2,400,20,20,400,0.5,NA,"Balanced distribution/dependence design","Centered Gamma(4)",3,1,1.5,"inside formal moment assumptions","regular","phi = 0.2",0.5,10,298583359,"centered_gamma4_phi020_N400","centered_gamma4","Centered Gamma(4)","inside formal moment assumptions","regular",0.2,"phi = 0.2",400,20,20,10,100000,20000,"VK_asym_full_oracle",0.94075,-0.00924999999999998,0.000746588491071219,NA,NA,0.05925,1.07124088275387,0.94045,0.00167337678811438,20000,0.245002831979629,0.000289308846921183,0.0409144495030459,0.243164110642142,0.216602236413632,0.272182518794835,0.298601527031703,0.314822406539795,0.245002831979629,1.02118328319635,1.04959632073662,0,0,0,0
"centered_gamma4_phi020_N400_M20_Q20","centered_gamma4_phi020_N400","centered_gamma4","regular_distribution_dependence","centered_gamma4_phi_0.2","centered_gamma4, phi = 0.2",0.2,400,20,20,400,0.5,NA,"Balanced distribution/dependence design","Centered Gamma(4)",3,1,1.5,"inside formal moment assumptions","regular","phi = 0.2",0.5,10,298583359,"centered_gamma4_phi020_N400","centered_gamma4","Centered Gamma(4)","inside formal moment assumptions","regular",0.2,"phi = 0.2",400,20,20,10,100000,20000,"VK_leading_oracle",0.94118,-0.00881999999999994,0.000744044404588866,NA,NA,0.05882,1.06643711197919,0.94095,0.00166677979199413,20000,0.245574237391966,0.000290009477881313,0.0410135336836492,0.243724571101204,0.217110081407444,0.27281389329241,0.299305445073542,0.31556183847016,0.245574237391966,1.02356492772793,1.05204423129175,0,0,0,0
"centered_gamma4_phi020_N400_M20_Q20","centered_gamma4_phi020_N400","centered_gamma4","regular_distribution_dependence","centered_gamma4_phi_0.2","centered_gamma4, phi = 0.2",0.2,400,20,20,400,0.5,NA,"Balanced distribution/dependence design","Centered Gamma(4)",3,1,1.5,"inside formal moment assumptions","regular","phi = 0.2",0.5,10,298583359,"centered_gamma4_phi020_N400","centered_gamma4","Centered Gamma(4)","inside formal moment assumptions","regular",0.2,"phi = 0.2",400,20,20,10,100000,20000,"VK_asym_full_feasible",0.93939,-0.01061,0.000754562309554354,NA,NA,0.0606100000000001,1.08737156983578,0.93885,0.0016942649955069,20000,0.248485315546152,0.000344971944417865,0.0487864002433962,0.246541239675452,0.214386334417046,0.280545135477507,0.312672878712892,0.331084134100924,0.248485315546152,1.03569843787193,1.06451533987168,0,0,0,0
"centered_gamma4_phi020_N400_M20_Q20","centered_gamma4_phi020_N400","centered_gamma4","regular_distribution_dependence","centered_gamma4_phi_0.2","centered_gamma4, phi = 0.2",0.2,400,20,20,400,0.5,NA,"Balanced distribution/dependence design","Centered Gamma(4)",3,1,1.5,"inside formal moment assumptions","regular","phi = 0.2",0.5,10,298583359,"centered_gamma4_phi020_N400","centered_gamma4","Centered Gamma(4)","inside formal moment assumptions","regular",0.2,"phi = 0.2",400,20,20,10,100000,20000,"F_feasible_leading",0.93997,-0.01003,0.00075117507346823,NA,NA,0.06003,1.08249546414145,0.9393,0.00168842396926838,20000,0.249091286179109,0.000345824186957629,0.0489069255392128,0.247146353389537,0.214915396343648,0.281205320049537,0.313443874628636,0.331886519635177,0.249091286179109,1.03822415186259,1.06711132842286,0,0,0,0
"centered_gamma4_phi020_N64_M8_Q8","centered_gamma4_phi020_N64","centered_gamma4","regular_distribution_dependence","centered_gamma4_phi_0.2","centered_gamma4, phi = 0.2",0.2,64,8,8,64,0.5,NA,"Balanced distribution/dependence design","Centered Gamma(4)",3,1,1.5,"inside formal moment assumptions","regular","phi = 0.2",0.5,4,2110065997,"centered_gamma4_phi020_N64","centered_gamma4","Centered Gamma(4)","inside formal moment assumptions","regular",0.2,"phi = 0.2",64,8,8,4,100000,20000,"raw",0.87211,-0.0778899999999999,0.00105609728671179,NA,NA,0.12789,1.80723991488169,0.8732,0.00235288928766315,20000,0.516460901212107,0.0010245594145856,0.144894581956399,0.507265453824001,0.413884446290635,0.608362500776923,0.706831070110359,0.768707750962409,0.516460901212107,0.863419913030108,1,0,0,0,0.00835
"centered_gamma4_phi020_N64_M8_Q8","centered_gamma4_phi020_N64","centered_gamma4","regular_distribution_dependence","centered_gamma4_phi_0.2","centered_gamma4, phi = 0.2",0.2,64,8,8,64,0.5,NA,"Balanced distribution/dependence design","Centered Gamma(4)",3,1,1.5,"inside formal moment assumptions","regular","phi = 0.2",0.5,4,2110065997,"centered_gamma4_phi020_N64","centered_gamma4","Centered Gamma(4)","inside formal moment assumptions","regular",0.2,"phi = 0.2",64,8,8,4,100000,20000,"K_asym_full",0.896,-0.0539999999999999,0.000965318600255895,NA,NA,0.104,1.51544597029142,0.89705,0.00214885199001699,20000,0.561289527365695,0.0011160024398986,0.157826578614607,0.551481522213937,0.449639678255383,0.661481951647822,0.768821975026394,0.835209345565592,0.561289527365695,0.938364460437181,1.08679965133542,0,0,0,0.00835
"centered_gamma4_phi020_N64_M8_Q8","centered_gamma4_phi020_N64","centered_gamma4","regular_distribution_dependence","centered_gamma4_phi_0.2","centered_gamma4, phi = 0.2",0.2,64,8,8,64,0.5,NA,"Balanced distribution/dependence design","Centered Gamma(4)",3,1,1.5,"inside formal moment assumptions","regular","phi = 0.2",0.5,4,2110065997,"centered_gamma4_phi020_N64","centered_gamma4","Centered Gamma(4)","inside formal moment assumptions","regular",0.2,"phi = 0.2",64,8,8,4,100000,20000,"K_leading",0.90034,-0.0496599999999999,0.000947248037210951,NA,NA,0.09966,1.46838243084138,0.90145,0.0021075803365471,20000,0.56963507464274,0.00113310166423523,0.160244774110899,0.559545275653608,0.456303761804572,0.67129543339643,0.780310235164016,0.848062781374848,0.56963507464274,0.95231655572111,1.10295875894155,0,0,0,0.00835
"centered_gamma4_phi020_N64_M8_Q8","centered_gamma4_phi020_N64","centered_gamma4","regular_distribution_dependence","centered_gamma4_phi_0.2","centered_gamma4, phi = 0.2",0.2,64,8,8,64,0.5,NA,"Balanced distribution/dependence design","Centered Gamma(4)",3,1,1.5,"inside formal moment assumptions","regular","phi = 0.2",0.5,4,2110065997,"centered_gamma4_phi020_N64","centered_gamma4","Centered Gamma(4)","inside formal moment assumptions","regular",0.2,"phi = 0.2",64,8,8,4,100000,20000,"V_oracle",0.879,-0.071,0.00103130499853341,NA,NA,0.121,1.7243392438994,0.87985,0.00229906478268882,20000,0.528122025668662,0.0010482815276953,0.148249395365188,0.51872588819343,0.42324428406992,0.622198278897922,0.722905809390986,0.785822915986879,0.528122025668662,0.882914993955851,1.02257891048323,0,0,0,0.00835
"centered_gamma4_phi020_N64_M8_Q8","centered_gamma4_phi020_N64","centered_gamma4","regular_distribution_dependence","centered_gamma4_phi_0.2","centered_gamma4, phi = 0.2",0.2,64,8,8,64,0.5,NA,"Balanced distribution/dependence design","Centered Gamma(4)",3,1,1.5,"inside formal moment assumptions","regular","phi = 0.2",0.5,4,2110065997,"centered_gamma4_phi020_N64","centered_gamma4","Centered Gamma(4)","inside formal moment assumptions","regular",0.2,"phi = 0.2",64,8,8,4,100000,20000,"V_feasible",0.87507,-0.0749299999999999,0.00104557398160054,NA,NA,0.12493,1.76804006355872,0.87625,0.00232847522533524,20000,0.53785044627218,0.0012012096209581,0.169876693721198,0.526881905411103,0.415951342890801,0.646224829562196,0.76110514490067,0.836000132163924,0.53785044627218,0.899178978415654,1.04141561347601,0,0,0,0.00835
"centered_gamma4_phi020_N64_M8_Q8","centered_gamma4_phi020_N64","centered_gamma4","regular_distribution_dependence","centered_gamma4_phi_0.2","centered_gamma4, phi = 0.2",0.2,64,8,8,64,0.5,NA,"Balanced distribution/dependence design","Centered Gamma(4)",3,1,1.5,"inside formal moment assumptions","regular","phi = 0.2",0.5,4,2110065997,"centered_gamma4_phi020_N64","centered_gamma4","Centered Gamma(4)","inside formal moment assumptions","regular",0.2,"phi = 0.2",64,8,8,4,100000,20000,"VK_asym_full_oracle",0.90224,-0.0477599999999999,0.000939164428627916,NA,NA,0.09776,1.44593030347814,0.9033,0.00208984580770927,20000,0.573745288627006,0.00114153204971402,0.161437010658912,0.56351201783636,0.459536156748381,0.676203408469067,0.785619881487508,0.8541696789781,0.573745288627006,0.959188016063028,1.11091718130154,0,0,0,0.00835
"centered_gamma4_phi020_N64_M8_Q8","centered_gamma4_phi020_N64","centered_gamma4","regular_distribution_dependence","centered_gamma4_phi_0.2","centered_gamma4, phi = 0.2",0.2,64,8,8,64,0.5,NA,"Balanced distribution/dependence design","Centered Gamma(4)",3,1,1.5,"inside formal moment assumptions","regular","phi = 0.2",0.5,4,2110065997,"centered_gamma4_phi020_N64","centered_gamma4","Centered Gamma(4)","inside formal moment assumptions","regular",0.2,"phi = 0.2",64,8,8,4,100000,20000,"VK_leading_oracle",0.90589,-0.04411,0.000923327178740018,NA,NA,0.09411,1.40102563566826,0.90675,0.00205614247439228,20000,0.58223026816226,0.0011589542771385,0.163900885689957,0.571844009949738,0.466225961169288,0.686181084119524,0.797259093007729,0.866752837765747,0.58223026816226,0.973373214352379,1.12734626531417,0,0,0,0.00835
"centered_gamma4_phi020_N64_M8_Q8","centered_gamma4_phi020_N64","centered_gamma4","regular_distribution_dependence","centered_gamma4_phi_0.2","centered_gamma4, phi = 0.2",0.2,64,8,8,64,0.5,NA,"Balanced distribution/dependence design","Centered Gamma(4)",3,1,1.5,"inside formal moment assumptions","regular","phi = 0.2",0.5,4,2110065997,"centered_gamma4_phi020_N64","centered_gamma4","Centered Gamma(4)","inside formal moment assumptions","regular",0.2,"phi = 0.2",64,8,8,4,100000,20000,"VK_asym_full_feasible",0.89942,-0.05058,0.000951123880469837,NA,NA,0.10058,1.48257526162997,0.8998,0.00212320465334833,20000,0.587160656665276,0.00130690515020745,0.184824298815862,0.575262122327667,0.455339551485408,0.704975302298596,0.830043336668132,0.911365170759902,0.587160656665276,0.981615843373255,1.13689275468335,0,0,0,0.00835
"centered_gamma4_phi020_N64_M8_Q8","centered_gamma4_phi020_N64","centered_gamma4","regular_distribution_dependence","centered_gamma4_phi_0.2","centered_gamma4, phi = 0.2",0.2,64,8,8,64,0.5,NA,"Balanced distribution/dependence design","Centered Gamma(4)",3,1,1.5,"inside formal moment assumptions","regular","phi = 0.2",0.5,4,2110065997,"centered_gamma4_phi020_N64","centered_gamma4","Centered Gamma(4)","inside formal moment assumptions","regular",0.2,"phi = 0.2",64,8,8,4,100000,20000,"F_feasible_leading",0.90348,-0.04652,0.000933830228681852,NA,NA,0.0965200000000001,1.43653255164146,0.904,0.00208307465060665,20000,0.596354177105867,0.00132649053766982,0.187594090873223,0.584416785293577,0.46240011007736,0.715780906893091,0.842887631191619,0.925002637833352,0.596354177105867,0.996985581141643,1.15469375456352,0,0,0,0.00835
"centered_gamma4_phi050_N225_M15_Q15","centered_gamma4_phi050_N225","centered_gamma4","regular_distribution_dependence","centered_gamma4_phi_0.5","centered_gamma4, phi = 0.5",0.5,225,15,15,225,0.5,NA,"Balanced distribution/dependence design","Centered Gamma(4)",3,1,1.5,"inside formal moment assumptions","regular","phi = 0.5",0.5,7,153603834,"centered_gamma4_phi050_N225","centered_gamma4","Centered Gamma(4)","inside formal moment assumptions","regular",0.5,"phi = 0.5",225,15,15,7,100000,20000,"raw",0.91112,-0.0388799999999999,0.000899890802264363,NA,NA,0.08888,1.38004007513756,0.91395,0.0019829951777551,20000,0.416108503669023,0.000575971315108698,0.0814546445364588,0.412297330120601,0.359285169820345,0.468710480120766,0.52265146488733,0.557029853233759,0.416108503669023,0.922040001047185,1,0,0,0,3e-05
"centered_gamma4_phi050_N225_M15_Q15","centered_gamma4_phi050_N225","centered_gamma4","regular_distribution_dependence","centered_gamma4_phi_0.5","centered_gamma4, phi = 0.5",0.5,225,15,15,225,0.5,NA,"Balanced distribution/dependence design","Centered Gamma(4)",3,1,1.5,"inside formal moment assumptions","regular","phi = 0.5",0.5,7,153603834,"centered_gamma4_phi050_N225","centered_gamma4","Centered Gamma(4)","inside formal moment assumptions","regular",0.5,"phi = 0.5",225,15,15,7,100000,20000,"K_asym_full",0.92162,-0.02838,0.00084992102927272,NA,NA,0.07838,1.2803705141554,0.92395,0.00187438519920533,20000,0.432378977072209,0.000599298193693509,0.0847535633427059,0.428311214488098,0.373247716569286,0.487038141127959,0.543219454084194,0.578967645190399,0.432378977072209,0.958093163098506,1.03910151621445,0,0,0,3e-05
"centered_gamma4_phi050_N225_M15_Q15","centered_gamma4_phi050_N225","centered_gamma4","regular_distribution_dependence","centered_gamma4_phi_0.5","centered_gamma4, phi = 0.5",0.5,225,15,15,225,0.5,NA,"Balanced distribution/dependence design","Centered Gamma(4)",3,1,1.5,"inside formal moment assumptions","regular","phi = 0.5",0.5,7,153603834,"centered_gamma4_phi050_N225","centered_gamma4","Centered Gamma(4)","inside formal moment assumptions","regular",0.5,"phi = 0.5",225,15,15,7,100000,20000,"K_leading",0.92532,-0.0246799999999999,0.000831281526319453,NA,NA,0.07468,1.2420360676238,0.92755,0.00183304388245345,20000,0.43915669094571,0.000609045921835139,0.0861321002767278,0.434981378150188,0.379051926703988,0.494813715908113,0.55172611550269,0.588428127542705,0.43915669094571,0.973111657678447,1.05538984921832,0,0,0,3e-05
"centered_gamma4_phi050_N225_M15_Q15","centered_gamma4_phi050_N225","centered_gamma4","regular_distribution_dependence","centered_gamma4_phi_0.5","centered_gamma4, phi = 0.5",0.5,225,15,15,225,0.5,NA,"Balanced distribution/dependence design","Centered Gamma(4)",3,1,1.5,"inside formal moment assumptions","regular","phi = 0.5",0.5,7,153603834,"centered_gamma4_phi050_N225","centered_gamma4","Centered Gamma(4)","inside formal moment assumptions","regular",0.5,"phi = 0.5",225,15,15,7,100000,20000,"V_oracle",0.92305,-0.0269499999999999,0.000842785248447076,NA,NA,0.07695,1.26486911048949,0.92525,0.00185960261211905,20000,0.435082303070417,0.000603183943271648,0.0853030913180449,0.430977827924891,0.375558812142658,0.49013622386014,0.546606601079664,0.582728216576801,0.435082303070417,0.964083366817584,1.04559820151257,0,0,0,3e-05
"centered_gamma4_phi050_N225_M15_Q15","centered_gamma4_phi050_N225","centered_gamma4","regular_distribution_dependence","centered_gamma4_phi_0.5","centered_gamma4, phi = 0.5",0.5,225,15,15,225,0.5,NA,"Balanced distribution/dependence design","Centered Gamma(4)",3,1,1.5,"inside formal moment assumptions","regular","phi = 0.5",0.5,7,153603834,"centered_gamma4_phi050_N225","centered_gamma4","Centered Gamma(4)","inside formal moment assumptions","regular",0.5,"phi = 0.5",225,15,15,7,100000,20000,"V_feasible",0.92128,-0.02872,0.00085160531703366,NA,NA,0.07872,1.28111759154102,0.9241,0.00187268777429661,20000,0.439109356211828,0.000676673777123813,0.0956961232910725,0.434623276587315,0.372190461763818,0.501181870846561,0.564820046654844,0.604713529480548,0.439109356211828,0.973006770328889,1.0552760934708,0,0,0,3e-05
"centered_gamma4_phi050_N225_M15_Q15","centered_gamma4_phi050_N225","centered_gamma4","regular_distribution_dependence","centered_gamma4_phi_0.5","centered_gamma4, phi = 0.5",0.5,225,15,15,225,0.5,NA,"Balanced distribution/dependence design","Centered Gamma(4)",3,1,1.5,"inside formal moment assumptions","regular","phi = 0.5",0.5,7,153603834,"centered_gamma4_phi050_N225","centered_gamma4","Centered Gamma(4)","inside formal moment assumptions","regular",0.5,"phi = 0.5",225,15,15,7,100000,20000,"VK_asym_full_oracle",0.93234,-0.01766,0.000794242559927382,NA,NA,0.0676600000000001,1.1735174525097,0.93495,0.00174382478334264,20000,0.452094032121871,0.00062770349567125,0.0887706796727283,0.447695160103648,0.390105801148917,0.509401850364086,0.568146417850174,0.606050290962608,0.452094032121871,1.00177905083776,1.08648111763049,0,0,0,3e-05
"centered_gamma4_phi050_N225_M15_Q15","centered_gamma4_phi050_N225","centered_gamma4","regular_distribution_dependence","centered_gamma4_phi_0.5","centered_gamma4, phi = 0.5",0.5,225,15,15,225,0.5,NA,"Balanced distribution/dependence design","Centered Gamma(4)",3,1,1.5,"inside formal moment assumptions","regular","phi = 0.5",0.5,7,153603834,"centered_gamma4_phi050_N225","centered_gamma4","Centered Gamma(4)","inside formal moment assumptions","regular",0.5,"phi = 0.5",225,15,15,7,100000,20000,"VK_leading_oracle",0.93577,-0.01423,0.000775270966178923,NA,NA,0.06423,1.13838219944054,0.93825,0.0017020125954293,20000,0.459179212658537,0.000637950216293966,0.0902197848001776,0.454706563336165,0.396184092155654,0.51738477420233,0.577163142496292,0.615763328707061,0.459179212658537,1.01747884983693,1.10350836046305,0,0,0,3e-05
"centered_gamma4_phi050_N225_M15_Q15","centered_gamma4_phi050_N225","centered_gamma4","regular_distribution_dependence","centered_gamma4_phi_0.5","centered_gamma4, phi = 0.5",0.5,225,15,15,225,0.5,NA,"Balanced distribution/dependence design","Centered Gamma(4)",3,1,1.5,"inside formal moment assumptions","regular","phi = 0.5",0.5,7,153603834,"centered_gamma4_phi050_N225","centered_gamma4","Centered Gamma(4)","inside formal moment assumptions","regular",0.5,"phi = 0.5",225,15,15,7,100000,20000,"VK_asym_full_feasible",0.93098,-0.0190199999999999,0.000801599897704584,NA,NA,0.06902,1.18859243215194,0.9335,0.00176178531609274,20000,0.456894525877186,0.000704402723929245,0.099617588555329,0.45218543640051,0.387171674965251,0.521348638429898,0.587797552664331,0.628911432541922,0.456894525877186,1.01241629383604,1.09801775702379,0,0,0,3e-05
"centered_gamma4_phi050_N225_M15_Q15","centered_gamma4_phi050_N225","centered_gamma4","regular_distribution_dependence","centered_gamma4_phi_0.5","centered_gamma4, phi = 0.5",0.5,225,15,15,225,0.5,NA,"Balanced distribution/dependence design","Centered Gamma(4)",3,1,1.5,"inside formal moment assumptions","regular","phi = 0.5",0.5,7,153603834,"centered_gamma4_phi050_N225","centered_gamma4","Centered Gamma(4)","inside formal moment assumptions","regular",0.5,"phi = 0.5",225,15,15,7,100000,20000,"F_feasible_leading",0.9346,-0.0154,0.000781810974596801,NA,NA,0.0654,1.15300583238692,0.93735,0.00171354862055327,20000,0.464317165754362,0.00071598735472611,0.10125590275413,0.459482144625418,0.393466533271359,0.529898799004195,0.597398147930132,0.639154244204053,0.464317165754362,1.02886385695907,1.11585598866704,0,0,0,3e-05
"centered_gamma4_phi050_N400_M20_Q20","centered_gamma4_phi050_N400","centered_gamma4","regular_distribution_dependence","centered_gamma4_phi_0.5","centered_gamma4, phi = 0.5",0.5,400,20,20,400,0.5,NA,"Balanced distribution/dependence design","Centered Gamma(4)",3,1,1.5,"inside formal moment assumptions","regular","phi = 0.5",0.5,10,328604359,"centered_gamma4_phi050_N400","centered_gamma4","Centered Gamma(4)","inside formal moment assumptions","regular",0.5,"phi = 0.5",400,20,20,10,100000,20000,"raw",0.92156,-0.0284399999999999,0.000850218597773537,NA,NA,0.07844,1.25583468956878,0.9209,0.0019084442616959,20000,0.321908271466686,0.000380319836907944,0.0537853471394737,0.319507593905189,0.284308010608961,0.356696086708411,0.392188272944471,0.414944154815309,0.321908271466686,0.949835617292294,1,0,0,0,0
"centered_gamma4_phi050_N400_M20_Q20","centered_gamma4_phi050_N400","centered_gamma4","regular_distribution_dependence","centered_gamma4_phi_0.5","centered_gamma4, phi = 0.5",0.5,400,20,20,400,0.5,NA,"Balanced distribution/dependence design","Centered Gamma(4)",3,1,1.5,"inside formal moment assumptions","regular","phi = 0.5",0.5,10,328604359,"centered_gamma4_phi050_N400","centered_gamma4","Centered Gamma(4)","inside formal moment assumptions","regular",0.5,"phi = 0.5",400,20,20,10,100000,20000,"K_asym_full",0.93003,-0.0199699999999999,0.000806685806866589,NA,NA,0.06997,1.18126950487563,0.92975,0.00180713775761562,20000,0.332270644548968,0.000393006568038687,0.0555795218622016,0.329825819475525,0.293406976688809,0.368173619522999,0.404828155343415,0.428317806726107,0.332270644548968,0.980411256086466,1.03219045299789,0,0,0,0
"centered_gamma4_phi050_N400_M20_Q20","centered_gamma4_phi050_N400","centered_gamma4","regular_distribution_dependence","centered_gamma4_phi_0.5","centered_gamma4, phi = 0.5",0.5,400,20,20,400,0.5,NA,"Balanced distribution/dependence design","Centered Gamma(4)",3,1,1.5,"inside formal moment assumptions","regular","phi = 0.5",0.5,10,328604359,"centered_gamma4_phi050_N400","centered_gamma4","Centered Gamma(4)","inside formal moment assumptions","regular",0.5,"phi = 0.5",400,20,20,10,100000,20000,"K_leading",0.93224,-0.01776,0.000794786653134035,NA,NA,0.06776,1.16164708785112,0.93165,0.00178435250861482,20000,0.335166274178155,0.000396560504470503,0.0560821243723701,0.332686085360136,0.295937256178825,0.371368759186613,0.408334944283485,0.431901012573889,0.335166274178155,0.988955218451142,1.04118565407177,0,0,0,0
"centered_gamma4_phi050_N400_M20_Q20","centered_gamma4_phi050_N400","centered_gamma4","regular_distribution_dependence","centered_gamma4_phi_0.5","centered_gamma4, phi = 0.5",0.5,400,20,20,400,0.5,NA,"Balanced distribution/dependence design","Centered Gamma(4)",3,1,1.5,"inside formal moment assumptions","regular","phi = 0.5",0.5,10,328604359,"centered_gamma4_phi050_N400","centered_gamma4","Centered Gamma(4)","inside formal moment assumptions","regular",0.5,"phi = 0.5",400,20,20,10,100000,20000,"V_oracle",0.93051,-0.01949,0.000804121507609391,NA,NA,0.0694900000000001,1.17603256532576,0.93015,0.00180237312313516,20000,0.333036176221047,0.000393945761348927,0.0557123438539047,0.330589808660432,0.294066791684073,0.369023714230222,0.405773853402915,0.429257135619694,0.333036176221047,0.98267006492351,1.03456855800461,0,0,0,0
"centered_gamma4_phi050_N400_M20_Q20","centered_gamma4_phi050_N400","centered_gamma4","regular_distribution_dependence","centered_gamma4_phi_0.5","centered_gamma4, phi = 0.5",0.5,400,20,20,400,0.5,NA,"Balanced distribution/dependence design","Centered Gamma(4)",3,1,1.5,"inside formal moment assumptions","regular","phi = 0.5",0.5,10,328604359,"centered_gamma4_phi050_N400","centered_gamma4","Centered Gamma(4)","inside formal moment assumptions","regular",0.5,"phi = 0.5",400,20,20,10,100000,20000,"V_feasible",0.92921,-0.02079,0.000811041157402015,NA,NA,0.07079,1.18845364704829,0.9291,0.00181484420818978,20000,0.336546983899444,0.000455717943513664,0.06444824963338,0.333774780002401,0.291217739442276,0.378309246355263,0.420747317356846,0.447704504381316,0.336546983899444,0.993029196620285,1.04547479431349,0,0,0,0
"centered_gamma4_phi050_N400_M20_Q20","centered_gamma4_phi050_N400","centered_gamma4","regular_distribution_dependence","centered_gamma4_phi_0.5","centered_gamma4, phi = 0.5",0.5,400,20,20,400,0.5,NA,"Balanced distribution/dependence design","Centered Gamma(4)",3,1,1.5,"inside formal moment assumptions","regular","phi = 0.5",0.5,10,328604359,"centered_gamma4_phi050_N400","centered_gamma4","Centered Gamma(4)","inside formal moment assumptions","regular",0.5,"phi = 0.5",400,20,20,10,100000,20000,"VK_asym_full_oracle",0.93815,-0.0118499999999999,0.000761738652688702,NA,NA,0.06185,1.10620563175955,0.93795,0.00170586924323056,20000,0.343770526167538,0.000407144080219972,0.0575788680087004,0.34128586047307,0.30346872571181,0.380860166092449,0.418758405539629,0.443195682118233,0.343770526167538,1.01434327375782,1.06791454783452,0,0,0,0
"centered_gamma4_phi050_N400_M20_Q20","centered_gamma4_phi050_N400","centered_gamma4","regular_distribution_dependence","centered_gamma4_phi_0.5","centered_gamma4, phi = 0.5",0.5,400,20,20,400,0.5,NA,"Balanced distribution/dependence design","Centered Gamma(4)",3,1,1.5,"inside formal moment assumptions","regular","phi = 0.5",0.5,10,328604359,"centered_gamma4_phi050_N400","centered_gamma4","Centered Gamma(4)","inside formal moment assumptions","regular",0.5,"phi = 0.5",400,20,20,10,100000,20000,"VK_leading_oracle",0.94006,-0.00993999999999995,0.000750647696326312,NA,NA,0.05994,1.08783012292633,0.9399,0.00168059498392682,20000,0.346770101183959,0.000410841952126412,0.058101826068901,0.344257776858823,0.306068303394218,0.384184639336326,0.422400935515671,0.44724540510352,0.346770101183959,1.02319394160291,1.07723265265598,0,0,0,0
"centered_gamma4_phi050_N400_M20_Q20","centered_gamma4_phi050_N400","centered_gamma4","regular_distribution_dependence","centered_gamma4_phi_0.5","centered_gamma4, phi = 0.5",0.5,400,20,20,400,0.5,NA,"Balanced distribution/dependence design","Centered Gamma(4)",3,1,1.5,"inside formal moment assumptions","regular","phi = 0.5",0.5,10,328604359,"centered_gamma4_phi050_N400","centered_gamma4","Centered Gamma(4)","inside formal moment assumptions","regular",0.5,"phi = 0.5",400,20,20,10,100000,20000,"VK_asym_full_feasible",0.93673,-0.01327,0.000769850031499642,NA,NA,0.06327,1.1178892117548,0.9364,0.00172561641160485,20000,0.3478012979493,0.000471202320965622,0.0666380712931263,0.344966976096062,0.301003693169863,0.391003648707869,0.434563842827423,0.462824944688164,0.3478012979493,1.0262366326518,1.08043603963526,0,0,0,0
"centered_gamma4_phi050_N400_M20_Q20","centered_gamma4_phi050_N400","centered_gamma4","regular_distribution_dependence","centered_gamma4_phi_0.5","centered_gamma4, phi = 0.5",0.5,400,20,20,400,0.5,NA,"Balanced distribution/dependence design","Centered Gamma(4)",3,1,1.5,"inside formal moment assumptions","regular","phi = 0.5",0.5,10,328604359,"centered_gamma4_phi050_N400","centered_gamma4","Centered Gamma(4)","inside formal moment assumptions","regular",0.5,"phi = 0.5",400,20,20,10,100000,20000,"F_feasible_leading",0.93879,-0.0112099999999999,0.000758045749938617,NA,NA,0.06121,1.09931962351967,0.9389,0.0016936172826232,20000,0.350951951961781,0.000475541917474407,0.0672517829169214,0.348063330620167,0.303656434274064,0.394549800896297,0.438612021242719,0.466928450337477,0.350951951961781,1.03553308031742,1.09022346758213,0,0,0,0
"centered_gamma4_phi050_N1024_M32_Q32","centered_gamma4_phi050_N1024","centered_gamma4","regular_distribution_dependence","centered_gamma4_phi_0.5","centered_gamma4, phi = 0.5",0.5,1024,32,32,1024,0.5,NA,"Balanced distribution/dependence design","Centered Gamma(4)",3,1,1.5,"inside formal moment assumptions","regular","phi = 0.5",0.5,13,952606231,"centered_gamma4_phi050_N1024","centered_gamma4","Centered Gamma(4)","inside formal moment assumptions","regular",0.5,"phi = 0.5",1024,32,32,13,100000,20000,"raw",0.93439,-0.0156099999999999,0.000782977189322907,NA,NA,0.0656099999999999,1.13311575819841,0.9351,0.00174195278351625,20000,0.206813955905866,0.000188837311139316,0.0267056286495288,0.206248149688058,0.188782936562313,0.224411844400765,0.241078434804975,0.251727158314991,0.206813955905866,0.975380422042153,1,0,0,0,0
"centered_gamma4_phi050_N1024_M32_Q32","centered_gamma4_phi050_N1024","centered_gamma4","regular_distribution_dependence","centered_gamma4_phi_0.5","centered_gamma4, phi = 0.5",0.5,1024,32,32,1024,0.5,NA,"Balanced distribution/dependence design","Centered Gamma(4)",3,1,1.5,"inside formal moment assumptions","regular","phi = 0.5",0.5,13,952606231,"centered_gamma4_phi050_N1024","centered_gamma4","Centered Gamma(4)","inside formal moment assumptions","regular",0.5,"phi = 0.5",1024,32,32,13,100000,20000,"K_asym_full",0.93965,-0.01035,0.000753046329916029,NA,NA,0.06035,1.08691694676796,0.94,0.00167928556237467,20000,0.211329022144665,0.000193064604008369,0.0273034581402826,0.210749787967144,0.192895732703222,0.229305887682147,0.246353217361325,0.25724013156554,0.211329022144665,0.996674474439431,1.02183153558967,0,0,0,0
"centered_gamma4_phi050_N1024_M32_Q32","centered_gamma4_phi050_N1024","centered_gamma4","regular_distribution_dependence","centered_gamma4_phi_0.5","centered_gamma4, phi = 0.5",0.5,1024,32,32,1024,0.5,NA,"Balanced distribution/dependence design","Centered Gamma(4)",3,1,1.5,"inside formal moment assumptions","regular","phi = 0.5",0.5,13,952606231,"centered_gamma4_phi050_N1024","centered_gamma4","Centered Gamma(4)","inside formal moment assumptions","regular",0.5,"phi = 0.5",1024,32,32,13,100000,20000,"K_leading",0.94052,-0.00947999999999993,0.000747944714534437,NA,NA,0.05948,1.08000095703286,0.94095,0.00166677979199413,20000,0.212030590130289,0.000193722312678638,0.0273964721924412,0.211442728799883,0.193525824794663,0.230067280594085,0.247172555069457,0.258095784060109,0.212030590130289,0.999983224445744,1.02522380175735,0,0,0,0
"centered_gamma4_phi050_N1024_M32_Q32","centered_gamma4_phi050_N1024","centered_gamma4","regular_distribution_dependence","centered_gamma4_phi_0.5","centered_gamma4, phi = 0.5",0.5,1024,32,32,1024,0.5,NA,"Balanced distribution/dependence design","Centered Gamma(4)",3,1,1.5,"inside formal moment assumptions","regular","phi = 0.5",0.5,13,952606231,"centered_gamma4_phi050_N1024","centered_gamma4","Centered Gamma(4)","inside formal moment assumptions","regular",0.5,"phi = 0.5",1024,32,32,13,100000,20000,"V_oracle",0.93958,-0.01042,0.000753454866597861,NA,NA,0.06042,1.08731838075942,0.94,0.00167928556237467,20000,0.211288512717735,0.000193026634114413,0.0272980883863832,0.210709937647535,0.192859364858535,0.2292624543765,0.246305430321282,0.257190164194279,0.211288512717735,0.996483423009841,1.0216356618308,0,0,0,0
"centered_gamma4_phi050_N1024_M32_Q32","centered_gamma4_phi050_N1024","centered_gamma4","regular_distribution_dependence","centered_gamma4_phi_0.5","centered_gamma4, phi = 0.5",0.5,1024,32,32,1024,0.5,NA,"Balanced distribution/dependence design","Centered Gamma(4)",3,1,1.5,"inside formal moment assumptions","regular","phi = 0.5",0.5,13,952606231,"centered_gamma4_phi050_N1024","centered_gamma4","Centered Gamma(4)","inside formal moment assumptions","regular",0.5,"phi = 0.5",1024,32,32,13,100000,20000,"V_feasible",0.93903,-0.0109699999999999,0.000756654869144447,NA,NA,0.06097,1.09276890515456,0.93945,0.00168647113079353,20000,0.212337167938476,0.000215951485184553,0.0305401519162607,0.211649060082559,0.191734885199762,0.232565003704618,0.251678411201643,0.263510656568664,0.212337167938476,1.00142911329125,1.02670618628428,0,0,0,0
"centered_gamma4_phi050_N1024_M32_Q32","centered_gamma4_phi050_N1024","centered_gamma4","regular_distribution_dependence","centered_gamma4_phi_0.5","centered_gamma4, phi = 0.5",0.5,1024,32,32,1024,0.5,NA,"Balanced distribution/dependence design","Centered Gamma(4)",3,1,1.5,"inside formal moment assumptions","regular","phi = 0.5",0.5,13,952606231,"centered_gamma4_phi050_N1024","centered_gamma4","Centered Gamma(4)","inside formal moment assumptions","regular",0.5,"phi = 0.5",1024,32,32,13,100000,20000,"VK_asym_full_oracle",0.94456,-0.00544,0.000723646366673668,NA,NA,0.05544,1.04298679638763,0.9451,0.00161068292969163,20000,0.215907312720563,0.000197360936387092,0.0279110512921279,0.215303227634593,0.197056365941229,0.234271465513329,0.251682726089571,0.262889919653884,0.215907312720563,1.01826670681365,1.0439687775173,0,0,0,0
"centered_gamma4_phi050_N1024_M32_Q32","centered_gamma4_phi050_N1024","centered_gamma4","regular_distribution_dependence","centered_gamma4_phi_0.5","centered_gamma4, phi = 0.5",0.5,1024,32,32,1024,0.5,NA,"Balanced distribution/dependence design","Centered Gamma(4)",3,1,1.5,"inside formal moment assumptions","regular","phi = 0.5",0.5,13,952606231,"centered_gamma4_phi050_N1024","centered_gamma4","Centered Gamma(4)","inside formal moment assumptions","regular",0.5,"phi = 0.5",1024,32,32,13,100000,20000,"VK_leading_oracle",0.9452,-0.00479999999999992,0.00071970104904745,NA,NA,0.0548,1.03635033166132,0.9457,0.00160236559498761,20000,0.21662502357255,0.000198035369906755,0.0280064305951706,0.216020677697763,0.197686770636968,0.235046084805484,0.252520973177866,0.263760686475723,0.21662502357255,1.02165159015312,1.04743909869965,0,0,0,0
"centered_gamma4_phi050_N1024_M32_Q32","centered_gamma4_phi050_N1024","centered_gamma4","regular_distribution_dependence","centered_gamma4_phi_0.5","centered_gamma4, phi = 0.5",0.5,1024,32,32,1024,0.5,NA,"Balanced distribution/dependence design","Centered Gamma(4)",3,1,1.5,"inside formal moment assumptions","regular","phi = 0.5",0.5,13,952606231,"centered_gamma4_phi050_N1024","centered_gamma4","Centered Gamma(4)","inside formal moment assumptions","regular",0.5,"phi = 0.5",1024,32,32,13,100000,20000,"VK_asym_full_feasible",0.94379,-0.00620999999999994,0.000728357301741391,NA,NA,0.05621,1.04821509481256,0.9447,0.00161619785298707,20000,0.217060922728278,0.000220866669345739,0.0312352639264918,0.216363496696116,0.196006052645904,0.237768544669284,0.257274113044456,0.269490198298064,0.217060922728278,1.02370738711624,1.04954678603544,0,0,0,0
"centered_gamma4_phi050_N1024_M32_Q32","centered_gamma4_phi050_N1024","centered_gamma4","regular_distribution_dependence","centered_gamma4_phi_0.5","centered_gamma4, phi = 0.5",0.5,1024,32,32,1024,0.5,NA,"Balanced distribution/dependence design","Centered Gamma(4)",3,1,1.5,"inside formal moment assumptions","regular","phi = 0.5",0.5,13,952606231,"centered_gamma4_phi050_N1024","centered_gamma4","Centered Gamma(4)","inside formal moment assumptions","regular",0.5,"phi = 0.5",1024,32,32,13,100000,20000,"F_feasible_leading",0.94454,-0.00545999999999991,0.000723769220124757,NA,NA,0.05546,1.04154536272544,0.9454,0.00160653104545166,20000,0.217795394202958,0.000221631776542004,0.0313434664238546,0.217098417951646,0.196660116630094,0.238560219869643,0.258146872006022,0.270401356940658,0.217795394202958,1.02717131726454,1.05309814924719,0,0,0,0
"centered_gamma4_phi050_N4096_M64_Q64","centered_gamma4_phi050_N4096","centered_gamma4","regular_distribution_dependence","centered_gamma4_phi_0.5","centered_gamma4, phi = 0.5",0.5,4096,64,64,4096,0.5,NA,"Balanced distribution/dependence design","Centered Gamma(4)",3,1,1.5,"inside formal moment assumptions","regular","phi = 0.5",0.5,17,1877131801,"centered_gamma4_phi050_N4096","centered_gamma4","Centered Gamma(4)","inside formal moment assumptions","regular",0.5,"phi = 0.5",4096,64,64,17,100000,20000,"V_feasible",0.94674,-0.00325999999999993,0.000710094165586509,NA,NA,0.05326,1.02668071957173,0.945,0.00161206389451535,20000,0.106317778115085,7.14323950534149e-05,0.0101020661877332,0.10607411240702,0.0994708515697388,0.113136035214292,0.119488432554606,0.123116275906746,0.106317778115085,1.00234643323045,1.01184957168699,0,0,0,0
"centered_gamma4_phi050_N4096_M64_Q64","centered_gamma4_phi050_N4096","centered_gamma4","regular_distribution_dependence","centered_gamma4_phi_0.5","centered_gamma4, phi = 0.5",0.5,4096,64,64,4096,0.5,NA,"Balanced distribution/dependence design","Centered Gamma(4)",3,1,1.5,"inside formal moment assumptions","regular","phi = 0.5",0.5,17,1877131801,"centered_gamma4_phi050_N4096","centered_gamma4","Centered Gamma(4)","inside formal moment assumptions","regular",0.5,"phi = 0.5",4096,64,64,17,100000,20000,"VK_asym_full_oracle",0.94943,-0.000569999999999959,0.000692911791644507,NA,NA,0.05057,1.00266810279651,0.948,0.00156996815254323,20000,0.107411310386744,6.8312976084059e-05,0.00966091372641452,0.10720697730833,0.100852945197733,0.113930987071258,0.119963763824839,0.123484712265648,0.107411310386744,1.01265607468038,1.02225695773589,0,0,0,0
"centered_gamma4_phi050_N4096_M64_Q64","centered_gamma4_phi050_N4096","centered_gamma4","regular_distribution_dependence","centered_gamma4_phi_0.5","centered_gamma4, phi = 0.5",0.5,4096,64,64,4096,0.5,NA,"Balanced distribution/dependence design","Centered Gamma(4)",3,1,1.5,"inside formal moment assumptions","regular","phi = 0.5",0.5,17,1877131801,"centered_gamma4_phi050_N4096","centered_gamma4","Centered Gamma(4)","inside formal moment assumptions","regular",0.5,"phi = 0.5",4096,64,64,17,100000,20000,"VK_leading_oracle",0.94961,-0.000390000000000001,0.00069174307296857,NA,NA,0.05039,1.00110387798716,0.94815,0.00156782616223866,20000,0.10749747959885,6.83687196431565e-05,0.00966879705614358,0.107292091708284,0.100933391803691,0.114021781327122,0.120059118846079,0.123582472216282,0.10749747959885,1.01346846376469,1.0230770489935,0,0,0,0
"centered_gamma4_phi050_N4096_M64_Q64","centered_gamma4_phi050_N4096","centered_gamma4","regular_distribution_dependence","centered_gamma4_phi_0.5","centered_gamma4, phi = 0.5",0.5,4096,64,64,4096,0.5,NA,"Balanced distribution/dependence design","Centered Gamma(4)",3,1,1.5,"inside formal moment assumptions","regular","phi = 0.5",0.5,17,1877131801,"centered_gamma4_phi050_N4096","centered_gamma4","Centered Gamma(4)","inside formal moment assumptions","regular",0.5,"phi = 0.5",4096,64,64,17,100000,20000,"VK_asym_full_feasible",0.94951,-0.00048999999999999,0.000692392662439457,NA,NA,0.05049,1.00418448066021,0.9478,0.00157281848920974,20000,0.107539011240044,7.22684404573631e-05,0.0102203008626355,0.107287352638081,0.100603066100951,0.1144316647612,0.120868235228,0.124550346923047,0.107539011240044,1.01386001721092,1.02347231471574,0,0,0,0
"centered_gamma4_phi050_N4096_M64_Q64","centered_gamma4_phi050_N4096","centered_gamma4","regular_distribution_dependence","centered_gamma4_phi_0.5","centered_gamma4, phi = 0.5",0.5,4096,64,64,4096,0.5,NA,"Balanced distribution/dependence design","Centered Gamma(4)",3,1,1.5,"inside formal moment assumptions","regular","phi = 0.5",0.5,17,1877131801,"centered_gamma4_phi050_N4096","centered_gamma4","Centered Gamma(4)","inside formal moment assumptions","regular",0.5,"phi = 0.5",4096,64,64,17,100000,20000,"F_feasible_leading",0.94969,-0.000309999999999921,0.000691222857694969,NA,NA,0.05031,1.00261789020677,0.948,0.00156996815254323,20000,0.107625630430977,7.23277682379959e-05,0.0102286910778352,0.107373535172144,0.100683039366888,0.114524344437527,0.120966541785362,0.124651369413587,0.107625630430977,1.01467664862121,1.02429668852039,0,0,0,0
"centered_gamma4_phi050_N4096_M64_Q64","centered_gamma4_phi050_N4096","centered_gamma4","regular_distribution_dependence","centered_gamma4_phi_0.5","centered_gamma4, phi = 0.5",0.5,4096,64,64,4096,0.5,NA,"Balanced distribution/dependence design","Centered Gamma(4)",3,1,1.5,"inside formal moment assumptions","regular","phi = 0.5",0.5,17,1877131801,"centered_gamma4_phi050_N4096","centered_gamma4","Centered Gamma(4)","inside formal moment assumptions","regular",0.5,"phi = 0.5",4096,64,64,17,100000,20000,"raw",0.94457,-0.00542999999999993,0.000723584930053135,NA,NA,0.05543,1.04660085422929,0.94285,0.00164139997410747,20000,0.105072711487962,6.68014261008301e-05,0.0094471482777658,0.104872750347144,0.0986608783091456,0.111453092901314,0.117368106112421,0.120818180697814,0.105072711487962,0.990608150932257,1,0,0,0,0
"centered_gamma4_phi050_N4096_M64_Q64","centered_gamma4_phi050_N4096","centered_gamma4","regular_distribution_dependence","centered_gamma4_phi_0.5","centered_gamma4, phi = 0.5",0.5,4096,64,64,4096,0.5,NA,"Balanced distribution/dependence design","Centered Gamma(4)",3,1,1.5,"inside formal moment assumptions","regular","phi = 0.5",0.5,17,1877131801,"centered_gamma4_phi050_N4096","centered_gamma4","Centered Gamma(4)","inside formal moment assumptions","regular",0.5,"phi = 0.5",4096,64,64,17,100000,20000,"K_asym_full",0.94707,-0.00292999999999999,0.000708014230789184,NA,NA,0.05293,1.02366813287503,0.94575,0.0016016700268782,20000,0.106274173927967,6.75776779467198e-05,0.00955692686659324,0.106072408509466,0.0997884332783846,0.11272190916063,0.118698326807148,0.122191786830749,0.106274173927967,1.00193534016392,1.01143458109143,0,0,0,0
"centered_gamma4_phi050_N4096_M64_Q64","centered_gamma4_phi050_N4096","centered_gamma4","regular_distribution_dependence","centered_gamma4_phi_0.5","centered_gamma4, phi = 0.5",0.5,4096,64,64,4096,0.5,NA,"Balanced distribution/dependence design","Centered Gamma(4)",3,1,1.5,"inside formal moment assumptions","regular","phi = 0.5",0.5,17,1877131801,"centered_gamma4_phi050_N4096","centered_gamma4","Centered Gamma(4)","inside formal moment assumptions","regular",0.5,"phi = 0.5",4096,64,64,17,100000,20000,"K_leading",0.94723,-0.00276999999999994,0.000707003020502741,NA,NA,0.05277,1.02207114670829,0.94595,0.00159888394669532,20000,0.106359383809754,6.76327558798895e-05,0.00956471606260084,0.106157888974746,0.0998686321040127,0.112815088889084,0.118795436351337,0.122288563689239,0.106359383809754,1.0027386848406,1.01224554219237,0,0,0,0
"centered_gamma4_phi050_N4096_M64_Q64","centered_gamma4_phi050_N4096","centered_gamma4","regular_distribution_dependence","centered_gamma4_phi_0.5","centered_gamma4, phi = 0.5",0.5,4096,64,64,4096,0.5,NA,"Balanced distribution/dependence design","Centered Gamma(4)",3,1,1.5,"inside formal moment assumptions","regular","phi = 0.5",0.5,17,1877131801,"centered_gamma4_phi050_N4096","centered_gamma4","Centered Gamma(4)","inside formal moment assumptions","regular",0.5,"phi = 0.5",4096,64,64,17,100000,20000,"V_oracle",0.94691,-0.00308999999999993,0.00070902363782881,NA,NA,0.05309,1.02513037105885,0.9455,0.00160514407453038,20000,0.10619633303475,6.75273659513393e-05,0.00954981167597152,0.105993239714332,0.0997152061174299,0.112638688927907,0.118611187649965,0.122103378100594,0.10619633303475,1.00120146909307,1.01069375226808,0,0,0,0
"centered_gamma4_phi050_N8100_M90_Q90","centered_gamma4_phi050_N8100","centered_gamma4","regular_distribution_dependence","centered_gamma4_phi_0.5","centered_gamma4, phi = 0.5",0.5,8100,90,90,8100,0.5,NA,"Balanced distribution/dependence design","Centered Gamma(4)",3,1,1.5,"inside formal moment assumptions","regular","phi = 0.5",0.5,19,1586176521,"centered_gamma4_phi050_N8100","centered_gamma4","Centered Gamma(4)","inside formal moment assumptions","regular",0.5,"phi = 0.5",8100,90,90,19,100000,20000,"raw",0.94406,-0.00593999999999995,0.00072670982104276,NA,NA,0.05594,1.04837020333378,0.94435,0.00162100397130914,20000,0.0749492720870063,4.01098070610643e-05,0.00567238331299252,0.0748931922445796,0.0710648791656307,0.0787579360699527,0.0822989529859448,0.0844445276063596,0.0749492720870063,0.993589428390558,1,0,0,0,0
"centered_gamma4_phi050_N8100_M90_Q90","centered_gamma4_phi050_N8100","centered_gamma4","regular_distribution_dependence","centered_gamma4_phi_0.5","centered_gamma4, phi = 0.5",0.5,8100,90,90,8100,0.5,NA,"Balanced distribution/dependence design","Centered Gamma(4)",3,1,1.5,"inside formal moment assumptions","regular","phi = 0.5",0.5,19,1586176521,"centered_gamma4_phi050_N8100","centered_gamma4","Centered Gamma(4)","inside formal moment assumptions","regular",0.5,"phi = 0.5",8100,90,90,19,100000,20000,"K_asym_full",0.94626,-0.00373999999999997,0.000713105969684731,NA,NA,0.05374,1.03170629423758,0.94665,0.00158908428819871,20000,0.0755642221794166,4.04421094638537e-05,0.00571937796947593,0.075510506324278,0.0716497043112829,0.0794077448407406,0.0829733453108749,0.0851362271569284,0.0755642221794166,1.00174171451413,1.00820488412077,0,0,0,0
"centered_gamma4_phi050_N8100_M90_Q90","centered_gamma4_phi050_N8100","centered_gamma4","regular_distribution_dependence","centered_gamma4_phi_0.5","centered_gamma4, phi = 0.5",0.5,8100,90,90,8100,0.5,NA,"Balanced distribution/dependence design","Centered Gamma(4)",3,1,1.5,"inside formal moment assumptions","regular","phi = 0.5",0.5,19,1586176521,"centered_gamma4_phi050_N8100","centered_gamma4","Centered Gamma(4)","inside formal moment assumptions","regular",0.5,"phi = 0.5",8100,90,90,19,100000,20000,"K_leading",0.94641,-0.00358999999999998,0.000712166496684589,NA,NA,0.05359,1.03089736661155,0.94685,0.00158627042934047,20000,0.0755944607810524,4.04584528833215e-05,0.00572168927802262,0.0755406196115674,0.0716785243759817,0.0794403255472244,0.083006503725268,0.0851701930836257,0.0755944607810524,1.0021425823822,1.00860833836114,0,0,0,0
"centered_gamma4_phi050_N8100_M90_Q90","centered_gamma4_phi050_N8100","centered_gamma4","regular_distribution_dependence","centered_gamma4_phi_0.5","centered_gamma4, phi = 0.5",0.5,8100,90,90,8100,0.5,NA,"Balanced distribution/dependence design","Centered Gamma(4)",3,1,1.5,"inside formal moment assumptions","regular","phi = 0.5",0.5,19,1586176521,"centered_gamma4_phi050_N8100","centered_gamma4","Centered Gamma(4)","inside formal moment assumptions","regular",0.5,"phi = 0.5",8100,90,90,19,100000,20000,"V_oracle",0.9461,-0.0038999999999999,0.000714106364626447,NA,NA,0.0538999999999999,1.03300883552069,0.9466,0.00158978677815611,20000,0.0755156079464388,4.04158349510276e-05,0.00571566219223758,0.0754616184832708,0.0716034313334008,0.0793559579115279,0.0829200372182327,0.0850815414976029,0.0755156079464388,1.0010972441062,1.00755625563348,0,0,0,0
"centered_gamma4_phi050_N8100_M90_Q90","centered_gamma4_phi050_N8100","centered_gamma4","regular_distribution_dependence","centered_gamma4_phi_0.5","centered_gamma4, phi = 0.5",0.5,8100,90,90,8100,0.5,NA,"Balanced distribution/dependence design","Centered Gamma(4)",3,1,1.5,"inside formal moment assumptions","regular","phi = 0.5",0.5,19,1586176521,"centered_gamma4_phi050_N8100","centered_gamma4","Centered Gamma(4)","inside formal moment assumptions","regular",0.5,"phi = 0.5",8100,90,90,19,100000,20000,"V_feasible",0.94611,-0.00388999999999995,0.000714043891508078,NA,NA,0.05389,1.033692940668,0.94635,0.00159329340518311,20000,0.0755520532024907,4.19423382065042e-05,0.00593154235292774,0.075478051758574,0.0715156786935106,0.0795195868547843,0.0832429437670531,0.0854456697988482,0.0755520532024907,1.00158039250938,1.00804252127739,0,0,0,0
"centered_gamma4_phi050_N8100_M90_Q90","centered_gamma4_phi050_N8100","centered_gamma4","regular_distribution_dependence","centered_gamma4_phi_0.5","centered_gamma4, phi = 0.5",0.5,8100,90,90,8100,0.5,NA,"Balanced distribution/dependence design","Centered Gamma(4)",3,1,1.5,"inside formal moment assumptions","regular","phi = 0.5",0.5,19,1586176521,"centered_gamma4_phi050_N8100","centered_gamma4","Centered Gamma(4)","inside formal moment assumptions","regular",0.5,"phi = 0.5",8100,90,90,19,100000,20000,"VK_asym_full_oracle",0.94801,-0.00198999999999994,0.000702047291142128,NA,NA,0.05199,1.01658909631411,0.9482,0.00156711135532865,20000,0.0761353937272652,4.07508704935235e-05,0.00576304337304506,0.0760799783970828,0.0721905574510381,0.0800079614609622,0.0835992939241356,0.0857805572390295,0.0761353937272652,1.00931363610772,1.01582565923898,0,0,0,0
"centered_gamma4_phi050_N8100_M90_Q90","centered_gamma4_phi050_N8100","centered_gamma4","regular_distribution_dependence","centered_gamma4_phi_0.5","centered_gamma4, phi = 0.5",0.5,8100,90,90,8100,0.5,NA,"Balanced distribution/dependence design","Centered Gamma(4)",3,1,1.5,"inside formal moment assumptions","regular","phi = 0.5",0.5,19,1586176521,"centered_gamma4_phi050_N8100","centered_gamma4","Centered Gamma(4)","inside formal moment assumptions","regular",0.5,"phi = 0.5",8100,90,90,19,100000,20000,"VK_leading_oracle",0.94815,-0.00184999999999991,0.000701153175133651,NA,NA,0.05185,1.01579202159534,0.9484,0.00156424806216917,20000,0.0761658702261587,4.07673484229602e-05,0.00576537370417398,0.0761104328704883,0.0722198720335104,0.0800399440712636,0.0836327819975955,0.0858147372856281,0.0761658702261587,1.00971765773825,1.01623228758967,0,0,0,0
"centered_gamma4_phi050_N8100_M90_Q90","centered_gamma4_phi050_N8100","centered_gamma4","regular_distribution_dependence","centered_gamma4_phi_0.5","centered_gamma4, phi = 0.5",0.5,8100,90,90,8100,0.5,NA,"Balanced distribution/dependence design","Centered Gamma(4)",3,1,1.5,"inside formal moment assumptions","regular","phi = 0.5",0.5,19,1586176521,"centered_gamma4_phi050_N8100","centered_gamma4","Centered Gamma(4)","inside formal moment assumptions","regular",0.5,"phi = 0.5",8100,90,90,19,100000,20000,"VK_asym_full_feasible",0.94802,-0.00197999999999998,0.000701983472739922,NA,NA,0.05198,1.01726232756787,0.94825,0.00156639614242375,20000,0.0761732582488657,4.2291255953762e-05,0.00598088677396022,0.0760980482783509,0.0721010787702511,0.0801737841566168,0.0839260985348531,0.0861546697884369,0.0761732582488657,1.00981559946675,1.01633086123156,0,0,0,0
"centered_gamma4_phi050_N8100_M90_Q90","centered_gamma4_phi050_N8100","centered_gamma4","regular_distribution_dependence","centered_gamma4_phi_0.5","centered_gamma4, phi = 0.5",0.5,8100,90,90,8100,0.5,NA,"Balanced distribution/dependence design","Centered Gamma(4)",3,1,1.5,"inside formal moment assumptions","regular","phi = 0.5",0.5,19,1586176521,"centered_gamma4_phi050_N8100","centered_gamma4","Centered Gamma(4)","inside formal moment assumptions","regular",0.5,"phi = 0.5",8100,90,90,19,100000,20000,"F_feasible_leading",0.94811,-0.00188999999999995,0.000701408781667296,NA,NA,0.05189,1.0164647249902,0.9483,0.00156568052296757,20000,0.0762038052487552,4.23084174214587e-05,0.00598331377199691,0.0761283930488875,0.0721296987399103,0.0802058942211494,0.0839595437057473,0.0861894167208717,0.0762038052487552,1.01022055571668,1.01673843023175,0,0,0,0
"centered_gamma4_phi080_N64_M8_Q8","centered_gamma4_phi080_N64","centered_gamma4","regular_distribution_dependence","centered_gamma4_phi_0.8","centered_gamma4, phi = 0.8",0.8,64,8,8,64,0.5,NA,"Balanced distribution/dependence design","Centered Gamma(4)",3,1,1.5,"inside formal moment assumptions","regular","phi = 0.8",0.5,4,22624351,"centered_gamma4_phi080_N64","centered_gamma4","Centered Gamma(4)","inside formal moment assumptions","regular",0.8,"phi = 0.8",64,8,8,4,100000,20000,"raw",0.75553,-0.19447,0.0013590600395126,NA,NA,0.24447,3.05848641991695,0.75065,0.00305920396100031,20000,0.899890690951205,0.00191688614101201,0.271088637814422,0.87586718140826,0.705715818380716,1.06947065175177,1.2576415741065,1.38391897851052,0.899890690951205,0.634613404990126,1,0,0,0,0.03205
"centered_gamma4_phi080_N64_M8_Q8","centered_gamma4_phi080_N64","centered_gamma4","regular_distribution_dependence","centered_gamma4_phi_0.8","centered_gamma4, phi = 0.8",0.8,64,8,8,64,0.5,NA,"Balanced distribution/dependence design","Centered Gamma(4)",3,1,1.5,"inside formal moment assumptions","regular","phi = 0.8",0.5,4,22624351,"centered_gamma4_phi080_N64","centered_gamma4","Centered Gamma(4)","inside formal moment assumptions","regular",0.8,"phi = 0.8",64,8,8,4,100000,20000,"K_asym_full",0.72668,-0.22332,0.00140931251892545,NA,NA,0.27332,3.52708264657957,0.7216,0.00316933305286775,20000,0.840696824788263,0.00178964153285745,0.253093532755318,0.818224451687196,0.659230994534809,0.998943815518068,1.17353165610629,1.29126799499691,0.840696824788263,0.592869200568491,0.934221048447149,0,0,0,0.03205
"centered_gamma4_phi080_N64_M8_Q8","centered_gamma4_phi080_N64","centered_gamma4","regular_distribution_dependence","centered_gamma4_phi_0.8","centered_gamma4, phi = 0.8",0.8,64,8,8,64,0.5,NA,"Balanced distribution/dependence design","Centered Gamma(4)",3,1,1.5,"inside formal moment assumptions","regular","phi = 0.8",0.5,4,22624351,"centered_gamma4_phi080_N64","centered_gamma4","Centered Gamma(4)","inside formal moment assumptions","regular",0.8,"phi = 0.8",64,8,8,4,100000,20000,"K_leading",0.7939,-0.1561,0.00127915124203512,NA,NA,0.2061,2.48502021618252,0.78955,0.00288236706111487,20000,0.992170436989232,0.00211613956112411,0.299267326721597,0.965387199534139,0.777466441576266,1.17922104053726,1.38785628262316,1.52636293802626,0.992170436989232,0.699690157570948,1.10254550576636,0,0,0,0.03205
"centered_gamma4_phi080_N64_M8_Q8","centered_gamma4_phi080_N64","centered_gamma4","regular_distribution_dependence","centered_gamma4_phi_0.8","centered_gamma4, phi = 0.8",0.8,64,8,8,64,0.5,NA,"Balanced distribution/dependence design","Centered Gamma(4)",3,1,1.5,"inside formal moment assumptions","regular","phi = 0.8",0.5,4,22624351,"centered_gamma4_phi080_N64","centered_gamma4","Centered Gamma(4)","inside formal moment assumptions","regular",0.8,"phi = 0.8",64,8,8,4,100000,20000,"V_oracle",0.84879,-0.10121,0.00113289688807058,NA,NA,0.15121,1.76711514643533,0.8463,0.00255025792813198,20000,1.15847973288278,0.0024783834977452,0.350496355527293,1.12723347673227,0.90718154788209,1.37670116961015,1.62319967199542,1.7854900278194,1.15847973288278,0.816973411648123,1.28735605838776,0,0,0,0.03205
"centered_gamma4_phi080_N64_M8_Q8","centered_gamma4_phi080_N64","centered_gamma4","regular_distribution_dependence","centered_gamma4_phi_0.8","centered_gamma4, phi = 0.8",0.8,64,8,8,64,0.5,NA,"Balanced distribution/dependence design","Centered Gamma(4)",3,1,1.5,"inside formal moment assumptions","regular","phi = 0.8",0.5,4,22624351,"centered_gamma4_phi080_N64","centered_gamma4","Centered Gamma(4)","inside formal moment assumptions","regular",0.8,"phi = 0.8",64,8,8,4,100000,20000,"V_feasible",0.79622,-0.15378,0.00127378848950679,NA,NA,0.20378,2.44345637968173,0.7924,0.00286794560617875,20000,1.00405800332984,0.00221273691916671,0.312928256104922,0.976630184593096,0.779381385034623,1.19993143520784,1.41768784463916,1.56313257524357,1.00405800332984,0.70807340792382,1.1157555172268,0,0,0,0.03205
"centered_gamma4_phi080_N64_M8_Q8","centered_gamma4_phi080_N64","centered_gamma4","regular_distribution_dependence","centered_gamma4_phi_0.8","centered_gamma4, phi = 0.8",0.8,64,8,8,64,0.5,NA,"Balanced distribution/dependence design","Centered Gamma(4)",3,1,1.5,"inside formal moment assumptions","regular","phi = 0.8",0.5,4,22624351,"centered_gamma4_phi080_N64","centered_gamma4","Centered Gamma(4)","inside formal moment assumptions","regular",0.8,"phi = 0.8",64,8,8,4,100000,20000,"VK_asym_full_oracle",0.82818,-0.12182,0.00119288678255734,NA,NA,0.17182,2.03785804864525,0.8255,0.00268374505122972,20000,1.08683660101514,0.00232180662641468,0.328353042028336,1.05752588814075,0.851551485097701,1.29219323587862,1.52194948816396,1.67336316750735,1.08683660101514,0.766449839934515,1.2077429091597,0,0,0,0.03205
"centered_gamma4_phi080_N64_M8_Q8","centered_gamma4_phi080_N64","centered_gamma4","regular_distribution_dependence","centered_gamma4_phi_0.8","centered_gamma4, phi = 0.8",0.8,64,8,8,64,0.5,NA,"Balanced distribution/dependence design","Centered Gamma(4)",3,1,1.5,"inside formal moment assumptions","regular","phi = 0.8",0.5,4,22624351,"centered_gamma4_phi080_N64","centered_gamma4","Centered Gamma(4)","inside formal moment assumptions","regular",0.8,"phi = 0.8",64,8,8,4,100000,20000,"VK_leading_oracle",0.87606,-0.07394,0.00104201188284971,NA,NA,0.12394,1.4357810564787,0.8732,0.00235288928766315,20000,1.26742035727774,0.00271811306808349,0.384399236494722,1.23291261177958,0.991633090631035,1.50667294082809,1.77844052681456,1.95530294110779,1.26742035727774,0.893799609856661,1.40841589986673,0,0,0,0.03205
"centered_gamma4_phi080_N64_M8_Q8","centered_gamma4_phi080_N64","centered_gamma4","regular_distribution_dependence","centered_gamma4_phi_0.8","centered_gamma4, phi = 0.8",0.8,64,8,8,64,0.5,NA,"Balanced distribution/dependence design","Centered Gamma(4)",3,1,1.5,"inside formal moment assumptions","regular","phi = 0.8",0.5,4,22624351,"centered_gamma4_phi080_N64","centered_gamma4","Centered Gamma(4)","inside formal moment assumptions","regular",0.8,"phi = 0.8",64,8,8,4,100000,20000,"VK_asym_full_feasible",0.77041,-0.17959,0.00132995651019122,NA,NA,0.22959,2.817822743409,0.7657,0.00299502512510329,20000,0.938263483253196,0.00206951429148524,0.292673517854338,0.912356338996656,0.728015347354823,1.12148023601397,1.32487257018794,1.46019191729256,0.938263483253196,0.661674345420574,1.04264161490706,0,0,0,0.03205
"centered_gamma4_phi080_N64_M8_Q8","centered_gamma4_phi080_N64","centered_gamma4","regular_distribution_dependence","centered_gamma4_phi_0.8","centered_gamma4, phi = 0.8",0.8,64,8,8,64,0.5,NA,"Balanced distribution/dependence design","Centered Gamma(4)",3,1,1.5,"inside formal moment assumptions","regular","phi = 0.8",0.5,4,22624351,"centered_gamma4_phi080_N64","centered_gamma4","Centered Gamma(4)","inside formal moment assumptions","regular",0.8,"phi = 0.8",64,8,8,4,100000,20000,"F_feasible_leading",0.83142,-0.11858,0.00118389519637508,NA,NA,0.16858,1.9853083084914,0.82935,0.00266015579900877,20000,1.10591889717084,0.00243461832270539,0.3443070251172,1.0758253561713,0.859314332485336,1.32183961205007,1.56172094808365,1.72078333745492,1.10591889717084,0.779906897619597,1.22894803590184,0,0,0,0.03205
"centered_gamma4_phi080_N100_M10_Q10","centered_gamma4_phi080_N100","centered_gamma4","regular_distribution_dependence","centered_gamma4_phi_0.8","centered_gamma4, phi = 0.8",0.8,100,10,10,100,0.5,NA,"Balanced distribution/dependence design","Centered Gamma(4)",3,1,1.5,"inside formal moment assumptions","regular","phi = 0.8",0.5,5,58624459,"centered_gamma4_phi080_N100","centered_gamma4","Centered Gamma(4)","inside formal moment assumptions","regular",0.8,"phi = 0.8",100,10,10,5,100000,20000,"raw",0.80479,-0.14521,0.00125340757896225,NA,NA,0.19521,2.57725424992415,0.80635,0.0027941875160769,20000,0.811505645747252,0.00148396849216136,0.209864836774895,0.798084820598601,0.665958814851117,0.939861360699957,1.08934104804062,1.17955541325715,0.811505645747252,0.705934217683102,1,0,0,0,0.00884
"centered_gamma4_phi080_N100_M10_Q10","centered_gamma4_phi080_N100","centered_gamma4","regular_distribution_dependence","centered_gamma4_phi_0.8","centered_gamma4, phi = 0.8",0.8,100,10,10,100,0.5,NA,"Balanced distribution/dependence design","Centered Gamma(4)",3,1,1.5,"inside formal moment assumptions","regular","phi = 0.8",0.5,5,58624459,"centered_gamma4_phi080_N100","centered_gamma4","Centered Gamma(4)","inside formal moment assumptions","regular",0.8,"phi = 0.8",100,10,10,5,100000,20000,"K_asym_full",0.79149,-0.15851,0.00128465396080034,NA,NA,0.20851,2.75265071971065,0.7928,0.00286590439477663,20000,0.785557919695821,0.00143575849732181,0.203046913920492,0.772714006789599,0.64461993413389,0.909588127781754,1.05437983349977,1.14153099688071,0.785557919695821,0.683362116322174,0.968025205754991,0,0,0,0.00884
"centered_gamma4_phi080_N100_M10_Q10","centered_gamma4_phi080_N100","centered_gamma4","regular_distribution_dependence","centered_gamma4_phi_0.8","centered_gamma4, phi = 0.8",0.8,100,10,10,100,0.5,NA,"Balanced distribution/dependence design","Centered Gamma(4)",3,1,1.5,"inside formal moment assumptions","regular","phi = 0.8",0.5,5,58624459,"centered_gamma4_phi080_N100","centered_gamma4","Centered Gamma(4)","inside formal moment assumptions","regular",0.8,"phi = 0.8",100,10,10,5,100000,20000,"K_leading",0.83513,-0.11487,0.00117340480270024,NA,NA,0.16487,2.19066611243553,0.83685,0.00261277704272676,20000,0.878914723754006,0.00160971939392207,0.227648699849959,0.864277281129114,0.720797429524668,1.01850443389199,1.18069085546899,1.27849994540898,0.878914723754006,0.76457382789015,1.08306667779826,0,0,0,0.00884
"centered_gamma4_phi080_N100_M10_Q10","centered_gamma4_phi080_N100","centered_gamma4","regular_distribution_dependence","centered_gamma4_phi_0.8","centered_gamma4, phi = 0.8",0.8,100,10,10,100,0.5,NA,"Balanced distribution/dependence design","Centered Gamma(4)",3,1,1.5,"inside formal moment assumptions","regular","phi = 0.8",0.5,5,58624459,"centered_gamma4_phi080_N100","centered_gamma4","Centered Gamma(4)","inside formal moment assumptions","regular",0.8,"phi = 0.8",100,10,10,5,100000,20000,"V_oracle",0.88351,-0.0664899999999999,0.00101449534202972,NA,NA,0.11649,1.6271155257184,0.8842,0.00226263518933124,20000,1.0149121052212,0.00186585854981975,0.263872246662488,0.998021421770876,0.830929460825271,1.17673204923376,1.36437969293078,1.47805906716704,1.0149121052212,0.882878864455348,1.25065316617317,0,0,0,0.00884
"centered_gamma4_phi080_N100_M10_Q10","centered_gamma4_phi080_N100","centered_gamma4","regular_distribution_dependence","centered_gamma4_phi_0.8","centered_gamma4, phi = 0.8",0.8,100,10,10,100,0.5,NA,"Balanced distribution/dependence design","Centered Gamma(4)",3,1,1.5,"inside formal moment assumptions","regular","phi = 0.8",0.5,5,58624459,"centered_gamma4_phi080_N100","centered_gamma4","Centered Gamma(4)","inside formal moment assumptions","regular",0.8,"phi = 0.8",100,10,10,5,100000,20000,"V_feasible",0.84429,-0.10571,0.00114657924235528,NA,NA,0.15571,2.07364680750192,0.84635,0.00254991840555732,20000,0.907082486301685,0.00172967327424697,0.244612740291434,0.891814016989275,0.737348604107212,1.05652751192689,1.23146796054552,1.33615400454416,0.907082486301685,0.78907715392637,1.11777717266085,0,0,0,0.00884
"centered_gamma4_phi080_N100_M10_Q10","centered_gamma4_phi080_N100","centered_gamma4","regular_distribution_dependence","centered_gamma4_phi_0.8","centered_gamma4, phi = 0.8",0.8,100,10,10,100,0.5,NA,"Balanced distribution/dependence design","Centered Gamma(4)",3,1,1.5,"inside formal moment assumptions","regular","phi = 0.8",0.5,5,58624459,"centered_gamma4_phi080_N100","centered_gamma4","Centered Gamma(4)","inside formal moment assumptions","regular",0.8,"phi = 0.8",100,10,10,5,100000,20000,"VK_asym_full_oracle",0.87374,-0.07626,0.00105032572281174,NA,NA,0.12626,1.73784977677424,0.875,0.00233853586673371,20000,0.983389846617127,0.00180618350927714,0.255432921495436,0.966984044730235,0.805218360422367,1.13998497881489,1.32215405080768,1.43189179143842,0.983389846617127,0.85545743974452,1.21180900190978,0,0,0,0.00884
"centered_gamma4_phi080_N100_M10_Q10","centered_gamma4_phi080_N100","centered_gamma4","regular_distribution_dependence","centered_gamma4_phi_0.8","centered_gamma4, phi = 0.8",0.8,100,10,10,100,0.5,NA,"Balanced distribution/dependence design","Centered Gamma(4)",3,1,1.5,"inside formal moment assumptions","regular","phi = 0.8",0.5,5,58624459,"centered_gamma4_phi080_N100","centered_gamma4","Centered Gamma(4)","inside formal moment assumptions","regular",0.8,"phi = 0.8",100,10,10,5,100000,20000,"VK_leading_oracle",0.90503,-0.04497,0.00092709599880487,NA,NA,0.09497,1.38304819686064,0.906,0.00206354064655872,20000,1.09609110798527,0.00202042747138533,0.285731593182431,1.07733585874721,0.896099920358558,1.27179883928417,1.47515218126222,1.59701100291436,1.09609110798527,0.953497024795788,1.35068820990884,0,0,0,0.00884
"centered_gamma4_phi080_N100_M10_Q10","centered_gamma4_phi080_N100","centered_gamma4","regular_distribution_dependence","centered_gamma4_phi_0.8","centered_gamma4, phi = 0.8",0.8,100,10,10,100,0.5,NA,"Balanced distribution/dependence design","Centered Gamma(4)",3,1,1.5,"inside formal moment assumptions","regular","phi = 0.8",0.5,5,58624459,"centered_gamma4_phi080_N100","centered_gamma4","Centered Gamma(4)","inside formal moment assumptions","regular",0.8,"phi = 0.8",100,10,10,5,100000,20000,"VK_asym_full_feasible",0.83223,-0.11777,0.00118162272786199,NA,NA,0.16777,2.21476999301247,0.8342,0.00262973724923233,20000,0.877895403606245,0.00167415590766449,0.236761399014616,0.863438333448548,0.713655470602676,1.02268027205616,1.19191331906803,1.29432102987835,0.877895403606245,0.763687114439849,1.08181059270125,0,0,0,0.00884
"centered_gamma4_phi080_N100_M10_Q10","centered_gamma4_phi080_N100","centered_gamma4","regular_distribution_dependence","centered_gamma4_phi_0.8","centered_gamma4, phi = 0.8",0.8,100,10,10,100,0.5,NA,"Balanced distribution/dependence design","Centered Gamma(4)",3,1,1.5,"inside formal moment assumptions","regular","phi = 0.8",0.5,5,58624459,"centered_gamma4_phi080_N100","centered_gamma4","Centered Gamma(4)","inside formal moment assumptions","regular",0.8,"phi = 0.8",100,10,10,5,100000,20000,"F_feasible_leading",0.87127,-0.07873,0.00105904951300683,NA,NA,0.12873,1.76259978637664,0.8724,0.00235921851467811,20000,0.982752931593539,0.00187383567029115,0.265000381858422,0.966412679605672,0.799237254443257,1.14508836996591,1.3341802642002,1.44740667355773,0.982752931593539,0.854903383082975,1.21102414597325,0,0,0,0.00884
"centered_gamma4_phi080_N225_M15_Q15","centered_gamma4_phi080_N225","centered_gamma4","regular_distribution_dependence","centered_gamma4_phi_0.8","centered_gamma4, phi = 0.8",0.8,225,15,15,225,0.5,NA,"Balanced distribution/dependence design","Centered Gamma(4)",3,1,1.5,"inside formal moment assumptions","regular","phi = 0.8",0.5,7,183624834,"centered_gamma4_phi080_N225","centered_gamma4","Centered Gamma(4)","inside formal moment assumptions","regular",0.8,"phi = 0.8",225,15,15,7,100000,20000,"raw",0.86787,-0.0821299999999999,0.00107084855651955,NA,NA,0.13213,1.82113630396315,0.86905,0.00238539407121758,20000,0.630650527072164,0.000891694641381978,0.126104665533781,0.623517614712166,0.543541378127198,0.711655902389975,0.796687417855184,0.849740571102369,0.630650527072164,0.812480485880756,1,0,0,0,0.00031
"centered_gamma4_phi080_N225_M15_Q15","centered_gamma4_phi080_N225","centered_gamma4","regular_distribution_dependence","centered_gamma4_phi_0.8","centered_gamma4, phi = 0.8",0.8,225,15,15,225,0.5,NA,"Balanced distribution/dependence design","Centered Gamma(4)",3,1,1.5,"inside formal moment assumptions","regular","phi = 0.8",0.5,7,183624834,"centered_gamma4_phi080_N225","centered_gamma4","Centered Gamma(4)","inside formal moment assumptions","regular",0.8,"phi = 0.8",225,15,15,7,100000,20000,"K_asym_full",0.86832,-0.08168,0.0010693006013278,NA,NA,0.13168,1.81551551290154,0.86955,0.00238152049644759,20000,0.631648248494163,0.000893148837423921,0.126310319910267,0.624505450081649,0.544388928682181,0.71279171737916,0.797966329186076,0.851124358481614,0.631648248494163,0.813765871606956,1.0015820511982,0,0,0,0.00031
"centered_gamma4_phi080_N225_M15_Q15","centered_gamma4_phi080_N225","centered_gamma4","regular_distribution_dependence","centered_gamma4_phi_0.8","centered_gamma4, phi = 0.8",0.8,225,15,15,225,0.5,NA,"Balanced distribution/dependence design","Centered Gamma(4)",3,1,1.5,"inside formal moment assumptions","regular","phi = 0.8",0.5,7,183624834,"centered_gamma4_phi080_N225","centered_gamma4","Centered Gamma(4)","inside formal moment assumptions","regular",0.8,"phi = 0.8",225,15,15,7,100000,20000,"K_leading",0.88637,-0.06363,0.00100358469049702,NA,NA,0.11363,1.63902267356684,0.88915,0.00221993555649708,20000,0.665563878956406,0.000942726376731069,0.133321642757993,0.65806552805395,0.573424833833793,0.7510640072118,0.841452828955639,0.897634411210015,0.665563878956406,0.857460099604902,1.0553608542061,0,0,0,0.00031
"centered_gamma4_phi080_N225_M15_Q15","centered_gamma4_phi080_N225","centered_gamma4","regular_distribution_dependence","centered_gamma4_phi_0.8","centered_gamma4, phi = 0.8",0.8,225,15,15,225,0.5,NA,"Balanced distribution/dependence design","Centered Gamma(4)",3,1,1.5,"inside formal moment assumptions","regular","phi = 0.8",0.5,7,183624834,"centered_gamma4_phi080_N225","centered_gamma4","Centered Gamma(4)","inside formal moment assumptions","regular",0.8,"phi = 0.8",225,15,15,7,100000,20000,"V_oracle",0.91811,-0.03189,0.000867087238402227,NA,NA,0.08189,1.32673277357852,0.91945,0.00192434011416901,20000,0.741504683134916,0.00105480629916726,0.149172137395891,0.733000300258091,0.638446914756175,0.837339257684355,0.937506590389547,1.00110815640843,0.741504683134916,0.95529625263815,1.17577747310765,0,0,0,0.00031
"centered_gamma4_phi080_N225_M15_Q15","centered_gamma4_phi080_N225","centered_gamma4","regular_distribution_dependence","centered_gamma4_phi_0.8","centered_gamma4, phi = 0.8",0.8,225,15,15,225,0.5,NA,"Balanced distribution/dependence design","Centered Gamma(4)",3,1,1.5,"inside formal moment assumptions","regular","phi = 0.8",0.5,7,183624834,"centered_gamma4_phi080_N225","centered_gamma4","Centered Gamma(4)","inside formal moment assumptions","regular",0.8,"phi = 0.8",225,15,15,7,100000,20000,"V_feasible",0.89853,-0.0514699999999999,0.000954849931141014,NA,NA,0.10147,1.51450295975659,0.9007,0.00211470458929847,20000,0.697015095345941,0.00103787049755076,0.14677705336232,0.689098585285322,0.595625909465718,0.791535546652291,0.890239256386591,0.952348192898359,0.697015095345941,0.89797937054303,1.10523192390226,0,0,0,0.00031
"centered_gamma4_phi080_N225_M15_Q15","centered_gamma4_phi080_N225","centered_gamma4","regular_distribution_dependence","centered_gamma4_phi_0.8","centered_gamma4, phi = 0.8",0.8,225,15,15,225,0.5,NA,"Balanced distribution/dependence design","Centered Gamma(4)",3,1,1.5,"inside formal moment assumptions","regular","phi = 0.8",0.5,7,183624834,"centered_gamma4_phi080_N225","centered_gamma4","Centered Gamma(4)","inside formal moment assumptions","regular",0.8,"phi = 0.8",225,15,15,7,100000,20000,"VK_asym_full_oracle",0.91846,-0.0315399999999999,0.000865397182801053,NA,NA,0.0815399999999999,1.32263791933908,0.91985,0.00191997366518398,20000,0.742676172079236,0.00105654733606691,0.149418357195498,0.734136144694746,0.639455151348421,0.838661467379163,0.938923434546258,1.00260728538204,0.742676172079236,0.956805506758818,1.17763506125517,0,0,0,0.00031
"centered_gamma4_phi080_N225_M15_Q15","centered_gamma4_phi080_N225","centered_gamma4","regular_distribution_dependence","centered_gamma4_phi_0.8","centered_gamma4, phi = 0.8",0.8,225,15,15,225,0.5,NA,"Balanced distribution/dependence design","Centered Gamma(4)",3,1,1.5,"inside formal moment assumptions","regular","phi = 0.8",0.5,7,183624834,"centered_gamma4_phi080_N225","centered_gamma4","Centered Gamma(4)","inside formal moment assumptions","regular",0.8,"phi = 0.8",225,15,15,7,100000,20000,"VK_leading_oracle",0.93115,-0.0188499999999999,0.000800685190945855,NA,NA,0.06885,1.19405949622067,0.93305,0.00176731006758859,20000,0.78246352044406,0.00111590270440991,0.157812473886532,0.773088071656211,0.673490777124315,0.883508603662421,0.989197690400433,1.05702979332759,0.78246352044406,1.0080643938027,1.24072443747363,0,0,0,0.00031
"centered_gamma4_phi080_N225_M15_Q15","centered_gamma4_phi080_N225","centered_gamma4","regular_distribution_dependence","centered_gamma4_phi_0.8","centered_gamma4, phi = 0.8",0.8,225,15,15,225,0.5,NA,"Balanced distribution/dependence design","Centered Gamma(4)",3,1,1.5,"inside formal moment assumptions","regular","phi = 0.8",0.5,7,183624834,"centered_gamma4_phi080_N225","centered_gamma4","Centered Gamma(4)","inside formal moment assumptions","regular",0.8,"phi = 0.8",225,15,15,7,100000,20000,"VK_asym_full_feasible",0.89902,-0.0509799999999999,0.000952801341308879,NA,NA,0.10098,1.50982856790549,0.90135,0.0021085323983757,20000,0.698135400648558,0.00103957555501641,0.147018184901574,0.69023264230564,0.5965822660842,0.792810413662038,0.891728599193692,0.953861539983068,0.698135400648558,0.899422683689584,1.10700835197855,0,0,0,0.00031
"centered_gamma4_phi080_N225_M15_Q15","centered_gamma4_phi080_N225","centered_gamma4","regular_distribution_dependence","centered_gamma4_phi_0.8","centered_gamma4, phi = 0.8",0.8,225,15,15,225,0.5,NA,"Balanced distribution/dependence design","Centered Gamma(4)",3,1,1.5,"inside formal moment assumptions","regular","phi = 0.8",0.5,7,183624834,"centered_gamma4_phi080_N225","centered_gamma4","Centered Gamma(4)","inside formal moment assumptions","regular",0.8,"phi = 0.8",225,15,15,7,100000,20000,"F_feasible_leading",0.91412,-0.0358799999999999,0.000886028360719904,NA,NA,0.08588,1.36305266378093,0.9162,0.00195930548919764,20000,0.736236809852935,0.00109769280381,0.155237205046745,0.727842729250146,0.629225552406285,0.836164299998094,0.940739846923197,1.00577335248999,0.736236809852935,0.948509539458709,1.1674243947293,0,0,0,0.00031
"centered_gamma4_phi020_N1024_M32_Q32","centered_gamma4_phi020_N1024","centered_gamma4","regular_distribution_dependence","centered_gamma4_phi_0.2","centered_gamma4, phi = 0.2",0.2,1024,32,32,1024,0.5,NA,"Balanced distribution/dependence design","Centered Gamma(4)",3,1,1.5,"inside formal moment assumptions","regular","phi = 0.2",0.5,13,922585231,"centered_gamma4_phi020_N1024","centered_gamma4","Centered Gamma(4)","inside formal moment assumptions","regular",0.2,"phi = 0.2",1024,32,32,13,100000,20000,"raw",0.93867,-0.01133,0.000758739949521573,NA,NA,0.06133,1.09265220938785,0.93885,0.0016942649955069,20000,0.148531016946109,0.000137633500520227,0.019464316307259,0.14800046884321,0.135149678338093,0.16106516265926,0.173772242032998,0.181726277107261,0.148531016946109,0.990220224150738,1,0,0,0,0
"centered_gamma4_phi020_N1024_M32_Q32","centered_gamma4_phi020_N1024","centered_gamma4","regular_distribution_dependence","centered_gamma4_phi_0.2","centered_gamma4, phi = 0.2",0.2,1024,32,32,1024,0.5,NA,"Balanced distribution/dependence design","Centered Gamma(4)",3,1,1.5,"inside formal moment assumptions","regular","phi = 0.2",0.5,13,922585231,"centered_gamma4_phi020_N1024","centered_gamma4","Centered Gamma(4)","inside formal moment assumptions","regular",0.2,"phi = 0.2",1024,32,32,13,100000,20000,"K_asym_full",0.94416,-0.00583999999999996,0.000726098439607193,NA,NA,0.05584,1.04321254236151,0.9444,0.0016203184872117,20000,0.152143060222898,0.000141088598073415,0.0199529408891629,0.151605679862911,0.138434263527532,0.164971701300645,0.178050990296071,0.186214587576917,0.152143060222898,1.01430083961223,1.0243184443967,0,0,0,0
"centered_gamma4_phi020_N1024_M32_Q32","centered_gamma4_phi020_N1024","centered_gamma4","regular_distribution_dependence","centered_gamma4_phi_0.2","centered_gamma4, phi = 0.2",0.2,1024,32,32,1024,0.5,NA,"Balanced distribution/dependence design","Centered Gamma(4)",3,1,1.5,"inside formal moment assumptions","regular","phi = 0.2",0.5,13,922585231,"centered_gamma4_phi020_N1024","centered_gamma4","Centered Gamma(4)","inside formal moment assumptions","regular",0.2,"phi = 0.2",1024,32,32,13,100000,20000,"K_leading",0.94434,-0.00566,0.000724996306197487,NA,NA,0.05566,1.04143413707279,0.94455,0.00161825982926105,20000,0.152277924668312,0.000141217795610379,0.019971212180063,0.151739044628553,0.138556895477027,0.165118974452628,0.17821439388537,0.186379049708912,0.152277924668312,1.01519994812245,1.02522643283027,0,0,0,0
"centered_gamma4_phi020_N1024_M32_Q32","centered_gamma4_phi020_N1024","centered_gamma4","regular_distribution_dependence","centered_gamma4_phi_0.2","centered_gamma4, phi = 0.2",0.2,1024,32,32,1024,0.5,NA,"Balanced distribution/dependence design","Centered Gamma(4)",3,1,1.5,"inside formal moment assumptions","regular","phi = 0.2",0.5,13,922585231,"centered_gamma4_phi020_N1024","centered_gamma4","Centered Gamma(4)","inside formal moment assumptions","regular",0.2,"phi = 0.2",1024,32,32,13,100000,20000,"V_oracle",0.94018,-0.00981999999999994,0.000749943781893016,NA,NA,0.05982,1.07886395794641,0.94075,0.00166942261725424,20000,0.149512543221271,0.000138571402137102,0.0195969556259345,0.148974877656474,0.136036537292474,0.162109240412808,0.174921010338868,0.182959349227203,0.149512543221271,0.996763821496157,1.00660822429781,0,0,0,0
"centered_gamma4_phi020_N1024_M32_Q32","centered_gamma4_phi020_N1024","centered_gamma4","regular_distribution_dependence","centered_gamma4_phi_0.2","centered_gamma4, phi = 0.2",0.2,1024,32,32,1024,0.5,NA,"Balanced distribution/dependence design","Centered Gamma(4)",3,1,1.5,"inside formal moment assumptions","regular","phi = 0.2",0.5,13,922585231,"centered_gamma4_phi020_N1024","centered_gamma4","Centered Gamma(4)","inside formal moment assumptions","regular",0.2,"phi = 0.2",1024,32,32,13,100000,20000,"V_feasible",0.93969,-0.0103099999999999,0.000752812751618887,NA,NA,0.06031,1.08660856743732,0.94025,0.00167600622761373,20000,0.15037014032673,0.000157779231448553,0.0223133528975348,0.149721697264494,0.134907173707256,0.164739609638138,0.17922425235143,0.188477342206208,0.15037014032673,1.00248121315925,1.01238208300485,0,0,0,0
"centered_gamma4_phi020_N1024_M32_Q32","centered_gamma4_phi020_N1024","centered_gamma4","regular_distribution_dependence","centered_gamma4_phi_0.2","centered_gamma4, phi = 0.2",0.2,1024,32,32,1024,0.5,NA,"Balanced distribution/dependence design","Centered Gamma(4)",3,1,1.5,"inside formal moment assumptions","regular","phi = 0.2",0.5,13,922585231,"centered_gamma4_phi020_N1024","centered_gamma4","Centered Gamma(4)","inside formal moment assumptions","regular",0.2,"phi = 0.2",1024,32,32,13,100000,20000,"VK_asym_full_oracle",0.94599,-0.00400999999999996,0.000714793116223149,NA,NA,0.05401,1.03004817339089,0.9459,0.00159958103889737,20000,0.153149915839322,0.000142053486565065,0.02008939672827,0.152609514378626,0.139355781969993,0.166069790477627,0.179243387333642,0.187450487360057,0.153149915839322,1.02101330152545,1.03109720103033,0,0,0,0
"centered_gamma4_phi020_N1024_M32_Q32","centered_gamma4_phi020_N1024","centered_gamma4","regular_distribution_dependence","centered_gamma4_phi_0.2","centered_gamma4, phi = 0.2",0.2,1024,32,32,1024,0.5,NA,"Balanced distribution/dependence design","Centered Gamma(4)",3,1,1.5,"inside formal moment assumptions","regular","phi = 0.2",0.5,13,922585231,"centered_gamma4_phi020_N1024","centered_gamma4","Centered Gamma(4)","inside formal moment assumptions","regular",0.2,"phi = 0.2",1024,32,32,13,100000,20000,"VK_leading_oracle",0.94618,-0.00381999999999993,0.000713606387303253,NA,NA,0.05382,1.02829220991768,0.94625,0.0015946933482648,20000,0.153285727415859,0.00014218369768979,0.0201078113621257,0.152741551493461,0.13947986860762,0.166214328353803,0.179403852500614,0.187616010726999,0.153285727415859,1.02191872432889,1.03201156611938,0,0,0,0
"centered_gamma4_phi020_N1024_M32_Q32","centered_gamma4_phi020_N1024","centered_gamma4","regular_distribution_dependence","centered_gamma4_phi_0.2","centered_gamma4, phi = 0.2",0.2,1024,32,32,1024,0.5,NA,"Balanced distribution/dependence design","Centered Gamma(4)",3,1,1.5,"inside formal moment assumptions","regular","phi = 0.2",0.5,13,922585231,"centered_gamma4_phi020_N1024","centered_gamma4","Centered Gamma(4)","inside formal moment assumptions","regular",0.2,"phi = 0.2",1024,32,32,13,100000,20000,"VK_asym_full_feasible",0.94516,-0.00483999999999996,0.000719948431486589,NA,NA,0.05484,1.03744235947059,0.9455,0.00160514407453038,20000,0.154102536713676,0.000161807151398695,0.0228829867996991,0.153414002610889,0.13824784998907,0.16882109516315,0.183710597275805,0.193178660107599,0.154102536713676,1.0273641935824,1.03751081681201,0,0,0,0
"centered_gamma4_phi020_N1024_M32_Q32","centered_gamma4_phi020_N1024","centered_gamma4","regular_distribution_dependence","centered_gamma4_phi_0.2","centered_gamma4, phi = 0.2",0.2,1024,32,32,1024,0.5,NA,"Balanced distribution/dependence design","Centered Gamma(4)",3,1,1.5,"inside formal moment assumptions","regular","phi = 0.2",0.5,13,922585231,"centered_gamma4_phi020_N1024","centered_gamma4","Centered Gamma(4)","inside formal moment assumptions","regular",0.2,"phi = 0.2",1024,32,32,13,100000,20000,"F_feasible_leading",0.9454,-0.00459999999999994,0.000718462525118743,NA,NA,0.0546,1.0356737908387,0.94585,0.00160027774932978,20000,0.154241994443151,0.000161957841825007,0.0229042976441601,0.153553035402555,0.138370725617927,0.168972071520756,0.183877734807358,0.193358597469805,0.154241994443151,1.02829392440213,1.03844972999218,0,0,0,0
"centered_gamma4_phi020_N4096_M64_Q64","centered_gamma4_phi020_N4096","centered_gamma4","regular_distribution_dependence","centered_gamma4_phi_0.2","centered_gamma4, phi = 0.2",0.2,4096,64,64,4096,0.5,NA,"Balanced distribution/dependence design","Centered Gamma(4)",3,1,1.5,"inside formal moment assumptions","regular","phi = 0.2",0.5,17,1847110801,"centered_gamma4_phi020_N4096","centered_gamma4","Centered Gamma(4)","inside formal moment assumptions","regular",0.2,"phi = 0.2",4096,64,64,17,100000,20000,"VK_asym_full_oracle",0.94863,-0.00136999999999998,0.00069807680881118,NA,NA,0.05137,1.00974095781351,0.94585,0.00160027774932978,20000,0.0760250567458509,4.77825367020195e-05,0.00675747114485862,0.0759375506678013,0.0713797958322202,0.0805819727603598,0.0847000016569753,0.0873240603407638,0.0760250567458509,1.01352648330938,1.01537242295225,0,0,0,0
"centered_gamma4_phi020_N4096_M64_Q64","centered_gamma4_phi020_N4096","centered_gamma4","regular_distribution_dependence","centered_gamma4_phi_0.2","centered_gamma4, phi = 0.2",0.2,4096,64,64,4096,0.5,NA,"Balanced distribution/dependence design","Centered Gamma(4)",3,1,1.5,"inside formal moment assumptions","regular","phi = 0.2",0.5,17,1847110801,"centered_gamma4_phi020_N4096","centered_gamma4","Centered Gamma(4)","inside formal moment assumptions","regular",0.2,"phi = 0.2",4096,64,64,17,100000,20000,"VK_leading_oracle",0.94869,-0.00130999999999992,0.000697691077053448,NA,NA,0.05131,1.00932040764366,0.9459,0.00159958103889737,20000,0.0760413161366393,4.7792946140895e-05,0.00675894326182206,0.0759537124564367,0.0713950695557925,0.0805992218479706,0.0847182287403729,0.087342398348118,0.0760413161366393,1.01374324504389,1.01558957947573,0,0,0,0
"centered_gamma4_phi020_N4096_M64_Q64","centered_gamma4_phi020_N4096","centered_gamma4","regular_distribution_dependence","centered_gamma4_phi_0.2","centered_gamma4, phi = 0.2",0.2,4096,64,64,4096,0.5,NA,"Balanced distribution/dependence design","Centered Gamma(4)",3,1,1.5,"inside formal moment assumptions","regular","phi = 0.2",0.5,17,1847110801,"centered_gamma4_phi020_N4096","centered_gamma4","Centered Gamma(4)","inside formal moment assumptions","regular",0.2,"phi = 0.2",4096,64,64,17,100000,20000,"VK_asym_full_feasible",0.94847,-0.00152999999999992,0.000699104134589404,NA,NA,0.05153,1.01172605587994,0.9464,0.00159259285443581,20000,0.0761209171301056,5.08914175011041e-05,0.00719713328384529,0.0760252273152659,0.0711405964141121,0.0809568562040001,0.0853471964293873,0.0881390951516708,0.0761209171301056,1.01480444405418,1.01665271125182,0,0,0,0
"centered_gamma4_phi020_N4096_M64_Q64","centered_gamma4_phi020_N4096","centered_gamma4","regular_distribution_dependence","centered_gamma4_phi_0.2","centered_gamma4, phi = 0.2",0.2,4096,64,64,4096,0.5,NA,"Balanced distribution/dependence design","Centered Gamma(4)",3,1,1.5,"inside formal moment assumptions","regular","phi = 0.2",0.5,17,1847110801,"centered_gamma4_phi020_N4096","centered_gamma4","Centered Gamma(4)","inside formal moment assumptions","regular",0.2,"phi = 0.2",4096,64,64,17,100000,20000,"F_feasible_leading",0.94853,-0.00146999999999997,0.000698719107367188,NA,NA,0.05147,1.01130467893039,0.94645,0.00159189191687124,20000,0.0761372698051178,5.09025784944972e-05,0.00719871168666789,0.0760416589552604,0.0711558345626986,0.0809743177297215,0.0853661757563648,0.0881580534612088,0.0761372698051178,1.01502244940541,1.01687111365702,0,0,0,0
"centered_gamma4_phi020_N4096_M64_Q64","centered_gamma4_phi020_N4096","centered_gamma4","regular_distribution_dependence","centered_gamma4_phi_0.2","centered_gamma4, phi = 0.2",0.2,4096,64,64,4096,0.5,NA,"Balanced distribution/dependence design","Centered Gamma(4)",3,1,1.5,"inside formal moment assumptions","regular","phi = 0.2",0.5,17,1847110801,"centered_gamma4_phi020_N4096","centered_gamma4","Centered Gamma(4)","inside formal moment assumptions","regular",0.2,"phi = 0.2",4096,64,64,17,100000,20000,"V_feasible",0.94584,-0.00415999999999994,0.000715728261283568,NA,NA,0.05416,1.03557599122472,0.94425,0.00162237383947104,20000,0.0752121863018398,5.02715087024318e-05,0.00710946494079362,0.0751180036122829,0.0702899973526914,0.0799874411557925,0.0843230335607976,0.0870843918389578,0.0752121863018398,1.00268971767225,1.0045159202726,0,0,0,0
"centered_gamma4_phi020_N4096_M64_Q64","centered_gamma4_phi020_N4096","centered_gamma4","regular_distribution_dependence","centered_gamma4_phi_0.2","centered_gamma4, phi = 0.2",0.2,4096,64,64,4096,0.5,NA,"Balanced distribution/dependence design","Centered Gamma(4)",3,1,1.5,"inside formal moment assumptions","regular","phi = 0.2",0.5,17,1847110801,"centered_gamma4_phi020_N4096","centered_gamma4","Centered Gamma(4)","inside formal moment assumptions","regular",0.2,"phi = 0.2",4096,64,64,17,100000,20000,"raw",0.94536,-0.00463999999999998,0.000718710445172463,NA,NA,0.05464,1.04021116800971,0.943,0.00163937488086161,20000,0.0748740610118249,4.70461123657192e-05,0.00665332501645286,0.0747907998632245,0.0702986501572165,0.07935979005261,0.0834186672799765,0.0859932071885855,0.0748740610118249,0.998182007309696,1,0,0,0,0
"centered_gamma4_phi020_N4096_M64_Q64","centered_gamma4_phi020_N4096","centered_gamma4","regular_distribution_dependence","centered_gamma4_phi_0.2","centered_gamma4, phi = 0.2",0.2,4096,64,64,4096,0.5,NA,"Balanced distribution/dependence design","Centered Gamma(4)",3,1,1.5,"inside formal moment assumptions","regular","phi = 0.2",0.5,17,1847110801,"centered_gamma4_phi020_N4096","centered_gamma4","Centered Gamma(4)","inside formal moment assumptions","regular",0.2,"phi = 0.2",4096,64,64,17,100000,20000,"K_asym_full",0.94789,-0.00210999999999995,0.000702812548977321,NA,NA,0.05211,1.0162544817673,0.94515,0.00160999188662552,20000,0.0757745538857791,4.76221851867042e-05,0.00673479401608802,0.0756894665195852,0.0711432236790213,0.080315946003618,0.0844212354982278,0.0870353260816781,0.0757745538857791,1.01018690957284,1.01202676683734,0,0,0,0
"centered_gamma4_phi020_N4096_M64_Q64","centered_gamma4_phi020_N4096","centered_gamma4","regular_distribution_dependence","centered_gamma4_phi_0.2","centered_gamma4, phi = 0.2",0.2,4096,64,64,4096,0.5,NA,"Balanced distribution/dependence design","Centered Gamma(4)",3,1,1.5,"inside formal moment assumptions","regular","phi = 0.2",0.5,17,1847110801,"centered_gamma4_phi020_N4096","centered_gamma4","Centered Gamma(4)","inside formal moment assumptions","regular",0.2,"phi = 0.2",4096,64,64,17,100000,20000,"K_leading",0.94793,-0.00206999999999991,0.000702557578423292,NA,NA,0.0520699999999999,1.01583121875948,0.94515,0.00160999188662552,20000,0.0757907569583229,4.76325557274759e-05,0.00673626063202887,0.0757054677006991,0.0711582820693861,0.0803331299470096,0.0844391210896149,0.0870539919211224,0.0757907569583229,1.01040292050183,1.01224317118786,0,0,0,0
"centered_gamma4_phi020_N4096_M64_Q64","centered_gamma4_phi020_N4096","centered_gamma4","regular_distribution_dependence","centered_gamma4_phi_0.2","centered_gamma4, phi = 0.2",0.2,4096,64,64,4096,0.5,NA,"Balanced distribution/dependence design","Centered Gamma(4)",3,1,1.5,"inside formal moment assumptions","regular","phi = 0.2",0.5,17,1847110801,"centered_gamma4_phi020_N4096","centered_gamma4","Centered Gamma(4)","inside formal moment assumptions","regular",0.2,"phi = 0.2",4096,64,64,17,100000,20000,"V_oracle",0.94604,-0.00395999999999996,0.000714481059231104,NA,NA,0.05396,1.03354409742711,0.94365,0.00163056244130668,20000,0.0751214370512918,4.72043123945021e-05,0.00667569787908013,0.0750370545194136,0.0705298025366104,0.0796241160163606,0.0836963838688794,0.0862795318520563,0.0751214370512918,1.00147989590153,1.00330389504889,0,0,0,0
"centered_gamma4_phi020_N8100_M90_Q90","centered_gamma4_phi020_N8100","centered_gamma4","regular_distribution_dependence","centered_gamma4_phi_0.2","centered_gamma4, phi = 0.2",0.2,8100,90,90,8100,0.5,NA,"Balanced distribution/dependence design","Centered Gamma(4)",3,1,1.5,"inside formal moment assumptions","regular","phi = 0.2",0.5,19,1556155521,"centered_gamma4_phi020_N8100","centered_gamma4","Centered Gamma(4)","inside formal moment assumptions","regular",0.2,"phi = 0.2",8100,90,90,19,100000,20000,"raw",0.94755,-0.00244999999999995,0.000704975159136831,NA,NA,0.05245,1.02722422897739,0.94905,0.00155489706250928,20000,0.0532802023764158,2.86913063447346e-05,0.00405756345549249,0.0532089790069859,0.0505013983191914,0.0560223256566856,0.0585128104970252,0.0600752932759462,0.0532802023764158,0.998839777881133,1,0,0,0,0
"centered_gamma4_phi020_N8100_M90_Q90","centered_gamma4_phi020_N8100","centered_gamma4","regular_distribution_dependence","centered_gamma4_phi_0.2","centered_gamma4, phi = 0.2",0.2,8100,90,90,8100,0.5,NA,"Balanced distribution/dependence design","Centered Gamma(4)",3,1,1.5,"inside formal moment assumptions","regular","phi = 0.2",0.5,19,1556155521,"centered_gamma4_phi020_N8100","centered_gamma4","Centered Gamma(4)","inside formal moment assumptions","regular",0.2,"phi = 0.2",8100,90,90,19,100000,20000,"K_asym_full",0.94973,-0.000269999999999992,0.000690962568450709,NA,NA,0.05027,1.01031518817118,0.95145,0.0015197515833188,20000,0.0537331144361961,2.89375442079508e-05,0.00409238674806551,0.0536611991074334,0.0509293506729354,0.0564967277903338,0.059006782092237,0.0605884269858642,0.0537331144361961,1.00733048476687,1.00850056943441,0,0,0,0
"centered_gamma4_phi020_N8100_M90_Q90","centered_gamma4_phi020_N8100","centered_gamma4","regular_distribution_dependence","centered_gamma4_phi_0.2","centered_gamma4, phi = 0.2",0.2,8100,90,90,8100,0.5,NA,"Balanced distribution/dependence design","Centered Gamma(4)",3,1,1.5,"inside formal moment assumptions","regular","phi = 0.2",0.5,19,1556155521,"centered_gamma4_phi020_N8100","centered_gamma4","Centered Gamma(4)","inside formal moment assumptions","regular",0.2,"phi = 0.2",8100,90,90,19,100000,20000,"K_leading",0.9498,-0.000199999999999978,0.000690506770422999,NA,NA,0.0502,1.01010382516111,0.95145,0.0015197515833188,20000,0.0537388491653849,2.89406626916803e-05,0.00409282776826394,0.0536669577048126,0.0509348306734008,0.0565027474715596,0.0590130525297291,0.0605948750493865,0.0537388491653849,1.00743799328548,1.00860820283168,0,0,0,0
"centered_gamma4_phi020_N8100_M90_Q90","centered_gamma4_phi020_N8100","centered_gamma4","regular_distribution_dependence","centered_gamma4_phi_0.2","centered_gamma4, phi = 0.2",0.2,8100,90,90,8100,0.5,NA,"Balanced distribution/dependence design","Centered Gamma(4)",3,1,1.5,"inside formal moment assumptions","regular","phi = 0.2",0.5,19,1556155521,"centered_gamma4_phi020_N8100","centered_gamma4","Centered Gamma(4)","inside formal moment assumptions","regular",0.2,"phi = 0.2",8100,90,90,19,100000,20000,"V_oracle",0.94817,-0.00183,0.000701025328358398,NA,NA,0.05183,1.02252116007575,0.9497,0.00154547581669853,20000,0.0534050237217613,2.87591591201448e-05,0.00406715928701546,0.0533328861760579,0.0506195458818473,0.0561528758744192,0.0586485342006575,0.0602162713517289,0.0534050237217613,1.0011797938589,1.00234273406966,0,0,0,0
"centered_gamma4_phi020_N8100_M90_Q90","centered_gamma4_phi020_N8100","centered_gamma4","regular_distribution_dependence","centered_gamma4_phi_0.2","centered_gamma4, phi = 0.2",0.2,8100,90,90,8100,0.5,NA,"Balanced distribution/dependence design","Centered Gamma(4)",3,1,1.5,"inside formal moment assumptions","regular","phi = 0.2",0.5,19,1556155521,"centered_gamma4_phi020_N8100","centered_gamma4","Centered Gamma(4)","inside formal moment assumptions","regular",0.2,"phi = 0.2",8100,90,90,19,100000,20000,"V_feasible",0.94833,-0.00166999999999995,0.000700001507855519,NA,NA,0.05167,1.02331077461401,0.94985,0.0015432915716092,20000,0.0534310400811588,2.99863266939893e-05,0.004240706989639,0.0533620881054804,0.0505158169613396,0.0562724131830086,0.0589143630765044,0.0605395333026339,0.0534310400811588,1.00166752050938,1.00283102724868,0,0,0,0
"centered_gamma4_phi020_N8100_M90_Q90","centered_gamma4_phi020_N8100","centered_gamma4","regular_distribution_dependence","centered_gamma4_phi_0.2","centered_gamma4, phi = 0.2",0.2,8100,90,90,8100,0.5,NA,"Balanced distribution/dependence design","Centered Gamma(4)",3,1,1.5,"inside formal moment assumptions","regular","phi = 0.2",0.5,19,1556155521,"centered_gamma4_phi020_N8100","centered_gamma4","Centered Gamma(4)","inside formal moment assumptions","regular",0.2,"phi = 0.2",8100,90,90,19,100000,20000,"VK_asym_full_oracle",0.95023,0.000230000000000063,0.000687698677474372,NA,NA,0.04977,1.00568953604159,0.9517,0.00151603281626751,20000,0.0538590396198904,2.90060241937197e-05,0.00410207128052806,0.0537872583930007,0.0510488001999223,0.0566291651941479,0.0591447600523593,0.0607300350399487,0.0538590396198904,1.00969119431564,1.0108640211121,0,0,0,0
"centered_gamma4_phi020_N8100_M90_Q90","centered_gamma4_phi020_N8100","centered_gamma4","regular_distribution_dependence","centered_gamma4_phi_0.2","centered_gamma4, phi = 0.2",0.2,8100,90,90,8100,0.5,NA,"Balanced distribution/dependence design","Centered Gamma(4)",3,1,1.5,"inside formal moment assumptions","regular","phi = 0.2",0.5,19,1556155521,"centered_gamma4_phi020_N8100","centered_gamma4","Centered Gamma(4)","inside formal moment assumptions","regular",0.2,"phi = 0.2",8100,90,90,19,100000,20000,"VK_leading_oracle",0.95025,0.000250000000000083,0.000687567723937068,NA,NA,0.04975,1.00547914074116,0.95175,0.00151528772020366,20000,0.0538647883308291,2.90091505701505e-05,0.00410251341692301,0.0537930166948675,0.0510542748003387,0.0566352125516582,0.0591510751477338,0.060736500088158,0.0538647883308291,1.00979896494903,1.01097191692861,0,0,0,0
"centered_gamma4_phi020_N8100_M90_Q90","centered_gamma4_phi020_N8100","centered_gamma4","regular_distribution_dependence","centered_gamma4_phi_0.2","centered_gamma4, phi = 0.2",0.2,8100,90,90,8100,0.5,NA,"Balanced distribution/dependence design","Centered Gamma(4)",3,1,1.5,"inside formal moment assumptions","regular","phi = 0.2",0.5,19,1556155521,"centered_gamma4_phi020_N8100","centered_gamma4","Centered Gamma(4)","inside formal moment assumptions","regular",0.2,"phi = 0.2",8100,90,90,19,100000,20000,"VK_asym_full_feasible",0.95015,0.000150000000000095,0.000688222184327125,NA,NA,0.0498499999999999,1.00646615280967,0.9515,0.00151900872281893,20000,0.0538861793572314,3.02447423190819e-05,0.00427725247781252,0.0538188812508516,0.0509466631893635,0.0567527066010886,0.0594183520402437,0.0610518350962991,0.0538861793572314,1.01019998084438,1.0113733986319,0,0,0,0
"centered_gamma4_phi020_N8100_M90_Q90","centered_gamma4_phi020_N8100","centered_gamma4","regular_distribution_dependence","centered_gamma4_phi_0.2","centered_gamma4, phi = 0.2",0.2,8100,90,90,8100,0.5,NA,"Balanced distribution/dependence design","Centered Gamma(4)",3,1,1.5,"inside formal moment assumptions","regular","phi = 0.2",0.5,19,1556155521,"centered_gamma4_phi020_N8100","centered_gamma4","Centered Gamma(4)","inside formal moment assumptions","regular",0.2,"phi = 0.2",8100,90,90,19,100000,20000,"F_feasible_leading",0.95017,0.000170000000000003,0.000688091353673333,NA,NA,0.04983,1.00625559503711,0.95155,0.00151826541651979,20000,0.0538919424468067,3.02480151458101e-05,0.00427771532540714,0.0538246499587759,0.0509520822818431,0.0567587890139983,0.0594247173869594,0.0610583385409398,0.0538919424468067,1.01030802103294,1.01148156431669,0,0,0,0
"centered_gamma4_phi050_N64_M8_Q8","centered_gamma4_phi050_N64","centered_gamma4","regular_distribution_dependence","centered_gamma4_phi_0.5","centered_gamma4, phi = 0.5",0.5,64,8,8,64,0.5,NA,"Balanced distribution/dependence design","Centered Gamma(4)",3,1,1.5,"inside formal moment assumptions","regular","phi = 0.5",0.5,4,2140086997,"centered_gamma4_phi050_N64","centered_gamma4","Centered Gamma(4)","inside formal moment assumptions","regular",0.5,"phi = 0.5",64,8,8,4,100000,20000,"raw",0.84944,-0.10056,0.00113089206558363,NA,NA,0.15056,2.0353295271992,0.84915,0.00253075361799603,20000,0.679133219018543,0.00136829190424546,0.193505696826923,0.667072085481451,0.541874565366043,0.80269900349613,0.933668879303851,1.01482327311557,0.679133219018543,0.808682298241919,1,0,0,0,0.01263
"centered_gamma4_phi050_N64_M8_Q8","centered_gamma4_phi050_N64","centered_gamma4","regular_distribution_dependence","centered_gamma4_phi_0.5","centered_gamma4, phi = 0.5",0.5,64,8,8,64,0.5,NA,"Balanced distribution/dependence design","Centered Gamma(4)",3,1,1.5,"inside formal moment assumptions","regular","phi = 0.5",0.5,4,2140086997,"centered_gamma4_phi050_N64","centered_gamma4","Centered Gamma(4)","inside formal moment assumptions","regular",0.5,"phi = 0.5",64,8,8,4,100000,20000,"K_asym_full",0.86392,-0.0860799999999999,0.00108426119362449,NA,NA,0.13608,1.8524678899899,0.86345,0.0024280042988018,20000,0.710167476211733,0.00143243120795451,0.202576364145574,0.697328559896684,0.566595883160593,0.839523964086399,0.976349737419991,1.06138725086492,0.710167476211733,0.845636541869537,1.04569686230051,0,0,0,0.01263
"centered_gamma4_phi050_N64_M8_Q8","centered_gamma4_phi050_N64","centered_gamma4","regular_distribution_dependence","centered_gamma4_phi_0.5","centered_gamma4, phi = 0.5",0.5,64,8,8,64,0.5,NA,"Balanced distribution/dependence design","Centered Gamma(4)",3,1,1.5,"inside formal moment assumptions","regular","phi = 0.5",0.5,4,2140086997,"centered_gamma4_phi050_N64","centered_gamma4","Centered Gamma(4)","inside formal moment assumptions","regular",0.5,"phi = 0.5",64,8,8,4,100000,20000,"K_leading",0.87991,-0.07009,0.00102795132131828,NA,NA,0.12009,1.65370524084935,0.87955,0.00230154076109896,20000,0.749078445501644,0.00151319562582121,0.213998177656,0.735100045588109,0.597421551275754,0.88564561227207,1.02983625636854,1.12069066793914,0.749078445501644,0.891970031663573,1.10299190869235,0,0,0,0.01263
"centered_gamma4_phi050_N64_M8_Q8","centered_gamma4_phi050_N64","centered_gamma4","regular_distribution_dependence","centered_gamma4_phi_0.5","centered_gamma4, phi = 0.5",0.5,64,8,8,64,0.5,NA,"Balanced distribution/dependence design","Centered Gamma(4)",3,1,1.5,"inside formal moment assumptions","regular","phi = 0.5",0.5,4,2140086997,"centered_gamma4_phi050_N64","centered_gamma4","Centered Gamma(4)","inside formal moment assumptions","regular",0.5,"phi = 0.5",64,8,8,4,100000,20000,"V_oracle",0.87353,-0.0764699999999999,0.00105107249559676,NA,NA,0.12647,1.73354861990836,0.8741,0.00234573218846483,20000,0.732716716574482,0.00147918707898995,0.209188642839462,0.719090993759384,0.584562157232167,0.866147834391686,1.00746241276438,1.09598766855901,0.732716716574482,0.872487196512098,1.07889983298619,0,0,0,0.01263
"centered_gamma4_phi050_N64_M8_Q8","centered_gamma4_phi050_N64","centered_gamma4","regular_distribution_dependence","centered_gamma4_phi_0.5","centered_gamma4, phi = 0.5",0.5,64,8,8,64,0.5,NA,"Balanced distribution/dependence design","Centered Gamma(4)",3,1,1.5,"inside formal moment assumptions","regular","phi = 0.5",0.5,4,2140086997,"centered_gamma4_phi050_N64","centered_gamma4","Centered Gamma(4)","inside formal moment assumptions","regular",0.5,"phi = 0.5",64,8,8,4,100000,20000,"V_feasible",0.86716,-0.0828399999999999,0.00107328250894161,NA,NA,0.13284,1.80653310949347,0.8672,0.00239962663762511,20000,0.731605284170767,0.00159712597885197,0.225867722011087,0.717070157862033,0.570635974229434,0.875334448947537,1.0284348197289,1.12171910216786,0.731605284170767,0.871163751147615,1.07726328750058,0,0,0,0.01263
"centered_gamma4_phi050_N64_M8_Q8","centered_gamma4_phi050_N64","centered_gamma4","regular_distribution_dependence","centered_gamma4_phi_0.5","centered_gamma4, phi = 0.5",0.5,64,8,8,64,0.5,NA,"Balanced distribution/dependence design","Centered Gamma(4)",3,1,1.5,"inside formal moment assumptions","regular","phi = 0.5",0.5,4,2140086997,"centered_gamma4_phi050_N64","centered_gamma4","Centered Gamma(4)","inside formal moment assumptions","regular",0.5,"phi = 0.5",64,8,8,4,100000,20000,"VK_asym_full_oracle",0.88624,-0.0637599999999999,0.00100408496851611,NA,NA,0.11376,1.57780011108847,0.8859,0.00224812355087526,20000,0.765657449069613,0.00154772776279085,0.21888175930002,0.751360160359919,0.610287364832008,0.905032376994571,1.05294139727309,1.14570903569327,0.765657449069613,0.911711588006939,1.12740391373597,0,0,0,0.01263
"centered_gamma4_phi050_N64_M8_Q8","centered_gamma4_phi050_N64","centered_gamma4","regular_distribution_dependence","centered_gamma4_phi_0.5","centered_gamma4, phi = 0.5",0.5,64,8,8,64,0.5,NA,"Balanced distribution/dependence design","Centered Gamma(4)",3,1,1.5,"inside formal moment assumptions","regular","phi = 0.5",0.5,4,2140086997,"centered_gamma4_phi050_N64","centered_gamma4","Centered Gamma(4)","inside formal moment assumptions","regular",0.5,"phi = 0.5",64,8,8,4,100000,20000,"VK_leading_oracle",0.90037,-0.04963,0.000947121233528211,NA,NA,0.09963,1.40850825367554,0.8997,0.00212414582832724,20000,0.806810123533917,0.00163376334646218,0.231049028227487,0.791395238344906,0.642702387843497,0.953736798441369,1.10959895503416,1.20842845980425,0.806810123533917,0.960714402819457,1.18799979288289,0,0,0,0.01263
"centered_gamma4_phi050_N64_M8_Q8","centered_gamma4_phi050_N64","centered_gamma4","regular_distribution_dependence","centered_gamma4_phi_0.5","centered_gamma4, phi = 0.5",0.5,64,8,8,64,0.5,NA,"Balanced distribution/dependence design","Centered Gamma(4)",3,1,1.5,"inside formal moment assumptions","regular","phi = 0.5",0.5,4,2140086997,"centered_gamma4_phi050_N64","centered_gamma4","Centered Gamma(4)","inside formal moment assumptions","regular",0.5,"phi = 0.5",64,8,8,4,100000,20000,"VK_asym_full_feasible",0.88031,-0.0696899999999999,0.00102647115838683,NA,NA,0.11969,1.64422740043741,0.8803,0.00229534213136081,20000,0.76589013955172,0.00167003368354363,0.23617842848873,0.750998255917112,0.597657653946451,0.916296763439845,1.07609792045684,1.17310240405544,0.76589013955172,0.911988665712136,1.12774654236256,0,0,0,0.01263
"centered_gamma4_phi050_N64_M8_Q8","centered_gamma4_phi050_N64","centered_gamma4","regular_distribution_dependence","centered_gamma4_phi_0.5","centered_gamma4, phi = 0.5",0.5,64,8,8,64,0.5,NA,"Balanced distribution/dependence design","Centered Gamma(4)",3,1,1.5,"inside formal moment assumptions","regular","phi = 0.5",0.5,4,2140086997,"centered_gamma4_phi050_N64","centered_gamma4","Centered Gamma(4)","inside formal moment assumptions","regular",0.5,"phi = 0.5",64,8,8,4,100000,20000,"F_feasible_leading",0.89561,-0.0543899999999999,0.000966916376425593,NA,NA,0.10439,1.46780815146344,0.89455,0.00217175387072292,20000,0.808813300801646,0.00176109707283758,0.249056736506246,0.793515236255594,0.631794641019398,0.967174511869013,1.13553235430067,1.23878448181511,0.808813300801646,0.963099699181479,1.19094940160711,0,0,0,0.01263
"centered_gamma4_phi050_N100_M10_Q10","centered_gamma4_phi050_N100","centered_gamma4","regular_distribution_dependence","centered_gamma4_phi_0.5","centered_gamma4, phi = 0.5",0.5,100,10,10,100,0.5,NA,"Balanced distribution/dependence design","Centered Gamma(4)",3,1,1.5,"inside formal moment assumptions","regular","phi = 0.5",0.5,5,28603459,"centered_gamma4_phi050_N100","centered_gamma4","Centered Gamma(4)","inside formal moment assumptions","regular",0.5,"phi = 0.5",100,10,10,5,100000,20000,"raw",0.87738,-0.0726199999999999,0.00103722869030894,NA,NA,0.12262,1.77233398420673,0.8787,0.00230853102643218,20000,0.580329958340265,0.0010118275606174,0.143094025900801,0.57260852545311,0.478983218676104,0.671504739248795,0.769480102212301,0.829439701470805,0.580329958340265,0.860500344413039,1,0,0,0,0.00315
"centered_gamma4_phi050_N100_M10_Q10","centered_gamma4_phi050_N100","centered_gamma4","regular_distribution_dependence","centered_gamma4_phi_0.5","centered_gamma4, phi = 0.5",0.5,100,10,10,100,0.5,NA,"Balanced distribution/dependence design","Centered Gamma(4)",3,1,1.5,"inside formal moment assumptions","regular","phi = 0.5",0.5,5,28603459,"centered_gamma4_phi050_N100","centered_gamma4","Centered Gamma(4)","inside formal moment assumptions","regular",0.5,"phi = 0.5",100,10,10,5,100000,20000,"K_asym_full",0.891,-0.0589999999999999,0.000985489725973843,NA,NA,0.109,1.61725476058864,0.89205,0.00219427433904697,20000,0.607093647197408,0.00105988372566332,0.149890193937159,0.599034669556592,0.500978717667726,0.702504112437498,0.805197548477938,0.867841212008244,0.607093647197408,0.900184946505962,1.04611805486259,0,0,0,0.00315
"centered_gamma4_phi050_N100_M10_Q10","centered_gamma4_phi050_N100","centered_gamma4","regular_distribution_dependence","centered_gamma4_phi_0.5","centered_gamma4, phi = 0.5",0.5,100,10,10,100,0.5,NA,"Balanced distribution/dependence design","Centered Gamma(4)",3,1,1.5,"inside formal moment assumptions","regular","phi = 0.5",0.5,5,28603459,"centered_gamma4_phi050_N100","centered_gamma4","Centered Gamma(4)","inside formal moment assumptions","regular",0.5,"phi = 0.5",100,10,10,5,100000,20000,"K_leading",0.90059,-0.04941,0.000946190529967406,NA,NA,0.09941,1.50648388657572,0.90105,0.00211138458718444,20000,0.628587940240243,0.00109863037951355,0.155369798274317,0.620234287909587,0.518532476575722,0.727262557225015,0.834270602616867,0.899360426454791,0.628587940240243,0.932056205779173,1.08315611008261,0,0,0,0.00315
"centered_gamma4_phi050_N100_M10_Q10","centered_gamma4_phi050_N100","centered_gamma4","regular_distribution_dependence","centered_gamma4_phi_0.5","centered_gamma4, phi = 0.5",0.5,100,10,10,100,0.5,NA,"Balanced distribution/dependence design","Centered Gamma(4)",3,1,1.5,"inside formal moment assumptions","regular","phi = 0.5",0.5,5,28603459,"centered_gamma4_phi050_N100","centered_gamma4","Centered Gamma(4)","inside formal moment assumptions","regular",0.5,"phi = 0.5",100,10,10,5,100000,20000,"V_oracle",0.89626,-0.05374,0.000964251068964925,NA,NA,0.10374,1.55701374219597,0.8973,0.00214654035601477,20000,0.6185107801876,0.00108044767018978,0.15279837486168,0.610343644117932,0.510398759827276,0.715666953942946,0.820751271232876,0.884655876761781,0.6185107801876,0.917114017164948,1.06579157477331,0,0,0,0.00315
"centered_gamma4_phi050_N100_M10_Q10","centered_gamma4_phi050_N100","centered_gamma4","regular_distribution_dependence","centered_gamma4_phi_0.5","centered_gamma4, phi = 0.5",0.5,100,10,10,100,0.5,NA,"Balanced distribution/dependence design","Centered Gamma(4)",3,1,1.5,"inside formal moment assumptions","regular","phi = 0.5",0.5,5,28603459,"centered_gamma4_phi050_N100","centered_gamma4","Centered Gamma(4)","inside formal moment assumptions","regular",0.5,"phi = 0.5",100,10,10,5,100000,20000,"V_feasible",0.89262,-0.05738,0.000979027760587002,NA,NA,0.10738,1.5972400526514,0.89245,0.00219069620782983,20000,0.62234420699174,0.00119228056847669,0.168613935009363,0.61318152313418,0.503358808699246,0.730677192593075,0.844902647115649,0.914539736253114,0.62234420699174,0.922798137100234,1.07239717344877,0,0,0,0.00315
"centered_gamma4_phi050_N100_M10_Q10","centered_gamma4_phi050_N100","centered_gamma4","regular_distribution_dependence","centered_gamma4_phi_0.5","centered_gamma4, phi = 0.5",0.5,100,10,10,100,0.5,NA,"Balanced distribution/dependence design","Centered Gamma(4)",3,1,1.5,"inside formal moment assumptions","regular","phi = 0.5",0.5,5,28603459,"centered_gamma4_phi050_N100","centered_gamma4","Centered Gamma(4)","inside formal moment assumptions","regular",0.5,"phi = 0.5",100,10,10,5,100000,20000,"VK_asym_full_oracle",0.90823,-0.04177,0.000912952721119774,NA,NA,0.09177,1.42077503975382,0.9089,0.00203470870150987,20000,0.646835783963897,0.00113163393722906,0.1600372061671,0.63826486416076,0.533387286529295,0.748592997886068,0.858970369915432,0.926552201587354,0.646835783963897,0.959113702266012,1.11460002136343,0,0,0,0.00315
"centered_gamma4_phi050_N100_M10_Q10","centered_gamma4_phi050_N100","centered_gamma4","regular_distribution_dependence","centered_gamma4_phi_0.5","centered_gamma4, phi = 0.5",0.5,100,10,10,100,0.5,NA,"Balanced distribution/dependence design","Centered Gamma(4)",3,1,1.5,"inside formal moment assumptions","regular","phi = 0.5",0.5,5,28603459,"centered_gamma4_phi050_N100","centered_gamma4","Centered Gamma(4)","inside formal moment assumptions","regular",0.5,"phi = 0.5",100,10,10,5,100000,20000,"VK_leading_oracle",0.91752,-0.03248,0.00086992556922992,NA,NA,0.08248,1.32346168086657,0.9176,0.00194435387725589,20000,0.669551477439511,0.00117286108572017,0.16586760542051,0.660686091720319,0.552202317588262,0.774763082939063,0.890149801149546,0.959960506242242,0.669551477439511,0.992796026913271,1.15374274206767,0,0,0,0.00315
"centered_gamma4_phi050_N100_M10_Q10","centered_gamma4_phi050_N100","centered_gamma4","regular_distribution_dependence","centered_gamma4_phi_0.5","centered_gamma4, phi = 0.5",0.5,100,10,10,100,0.5,NA,"Balanced distribution/dependence design","Centered Gamma(4)",3,1,1.5,"inside formal moment assumptions","regular","phi = 0.5",0.5,5,28603459,"centered_gamma4_phi050_N100","centered_gamma4","Centered Gamma(4)","inside formal moment assumptions","regular",0.5,"phi = 0.5",100,10,10,5,100000,20000,"VK_asym_full_feasible",0.9049,-0.0450999999999999,0.000927663678280011,NA,NA,0.0951,1.4574815480444,0.9049,0.0020743190448916,20000,0.652065309312003,0.00124840783547785,0.176551529230562,0.642621294296825,0.527522314307618,0.76511548248303,0.884718442767989,0.957978037079921,0.652065309312003,0.966867926045931,1.12361131790766,0,0,0,0.00315
"centered_gamma4_phi050_N100_M10_Q10","centered_gamma4_phi050_N100","centered_gamma4","regular_distribution_dependence","centered_gamma4_phi_0.5","centered_gamma4, phi = 0.5",0.5,100,10,10,100,0.5,NA,"Balanced distribution/dependence design","Centered Gamma(4)",3,1,1.5,"inside formal moment assumptions","regular","phi = 0.5",0.5,5,28603459,"centered_gamma4_phi050_N100","centered_gamma4","Centered Gamma(4)","inside formal moment assumptions","regular",0.5,"phi = 0.5",100,10,10,5,100000,20000,"F_feasible_leading",0.91437,-0.0356299999999999,0.000884858763306326,NA,NA,0.08563,1.35765404475369,0.91345,0.00198820393194461,20000,0.675959289427139,0.00129348033714647,0.182925743545546,0.666161825903341,0.546948045100599,0.793016379607229,0.916889365594117,0.993214522850997,0.675959289427139,1.00229738789429,1.16478441223399,0,0,0,0.00315
"centered_gamma4_phi080_N4096_M64_Q64","centered_gamma4_phi080_N4096","centered_gamma4","regular_distribution_dependence","centered_gamma4_phi_0.8","centered_gamma4, phi = 0.8",0.8,4096,64,64,4096,0.5,NA,"Balanced distribution/dependence design","Centered Gamma(4)",3,1,1.5,"inside formal moment assumptions","regular","phi = 0.8",0.5,17,1907152801,"centered_gamma4_phi080_N4096","centered_gamma4","Centered Gamma(4)","inside formal moment assumptions","regular",0.8,"phi = 0.8",4096,64,64,17,100000,20000,"raw",0.93804,-0.01196,0.000762371027781093,NA,NA,0.06196,1.10793950740216,0.9381,0.00170394234057376,20000,0.177246317997154,0.000113784407818736,0.0160915452723848,0.177024820820328,0.166203089798041,0.188041821370973,0.198049731771659,0.203996137099641,0.177246317997154,0.965147305458281,1,0,0,0,0
"centered_gamma4_phi080_N4096_M64_Q64","centered_gamma4_phi080_N4096","centered_gamma4","regular_distribution_dependence","centered_gamma4_phi_0.8","centered_gamma4, phi = 0.8",0.8,4096,64,64,4096,0.5,NA,"Balanced distribution/dependence design","Centered Gamma(4)",3,1,1.5,"inside formal moment assumptions","regular","phi = 0.8",0.5,17,1907152801,"centered_gamma4_phi080_N4096","centered_gamma4","Centered Gamma(4)","inside formal moment assumptions","regular",0.8,"phi = 0.8",4096,64,64,17,100000,20000,"K_asym_full",0.94051,-0.00949,0.000748003608948513,NA,NA,0.05949,1.08787042629138,0.9405,0.00167271859558026,20000,0.178916554777904,0.000114874665948176,0.016245731055699,0.178685665679272,0.167762300892745,0.189810495825679,0.199926235654829,0.20590916383527,0.178916554777904,0.974242132062488,1.00942325233959,0,0,0,0
"centered_gamma4_phi080_N4096_M64_Q64","centered_gamma4_phi080_N4096","centered_gamma4","regular_distribution_dependence","centered_gamma4_phi_0.8","centered_gamma4, phi = 0.8",0.8,4096,64,64,4096,0.5,NA,"Balanced distribution/dependence design","Centered Gamma(4)",3,1,1.5,"inside formal moment assumptions","regular","phi = 0.8",0.5,17,1907152801,"centered_gamma4_phi080_N4096","centered_gamma4","Centered Gamma(4)","inside formal moment assumptions","regular",0.8,"phi = 0.8",4096,64,64,17,100000,20000,"K_leading",0.94104,-0.00895999999999997,0.000744873938327822,NA,NA,0.05896,1.08197217519742,0.94085,0.00166810187788396,20000,0.179416479137535,0.00011520114371973,0.0162919019849334,0.179182324735249,0.168230625485798,0.19034609028297,0.200485079822266,0.206480968151456,0.179416479137535,0.976964336134669,1.0122437586569,0,0,0,0
"centered_gamma4_phi080_N4096_M64_Q64","centered_gamma4_phi080_N4096","centered_gamma4","regular_distribution_dependence","centered_gamma4_phi_0.8","centered_gamma4, phi = 0.8",0.8,4096,64,64,4096,0.5,NA,"Balanced distribution/dependence design","Centered Gamma(4)",3,1,1.5,"inside formal moment assumptions","regular","phi = 0.8",0.5,17,1907152801,"centered_gamma4_phi080_N4096","centered_gamma4","Centered Gamma(4)","inside formal moment assumptions","regular",0.8,"phi = 0.8",4096,64,64,17,100000,20000,"V_oracle",0.94674,-0.00325999999999993,0.000710094165586509,NA,NA,0.05326,1.03211923317168,0.94675,0.00158767813961143,20000,0.183816319433063,0.000118077528657611,0.0166986842439091,0.183584780269863,0.172350107120278,0.195007082195887,0.205429820143984,0.211549231199851,0.183816319433063,1.00092248688026,1.03706706864295,0,0,0,0
"centered_gamma4_phi080_N4096_M64_Q64","centered_gamma4_phi080_N4096","centered_gamma4","regular_distribution_dependence","centered_gamma4_phi_0.8","centered_gamma4, phi = 0.8",0.8,4096,64,64,4096,0.5,NA,"Balanced distribution/dependence design","Centered Gamma(4)",3,1,1.5,"inside formal moment assumptions","regular","phi = 0.8",0.5,17,1907152801,"centered_gamma4_phi080_N4096","centered_gamma4","Centered Gamma(4)","inside formal moment assumptions","regular",0.8,"phi = 0.8",4096,64,64,17,100000,20000,"V_feasible",0.94592,-0.00407999999999997,0.000715229708555231,NA,NA,0.05408,1.03901296655115,0.9458,0.00160097407849097,20000,0.183399718629519,0.000122113708922979,0.0172694863310558,0.183141564070963,0.171553512099545,0.19491261904416,0.205839083979031,0.212116064308821,0.183399718629519,0.998653998893957,1.03471666267541,0,0,0,0
"centered_gamma4_phi080_N4096_M64_Q64","centered_gamma4_phi080_N4096","centered_gamma4","regular_distribution_dependence","centered_gamma4_phi_0.8","centered_gamma4, phi = 0.8",0.8,4096,64,64,4096,0.5,NA,"Balanced distribution/dependence design","Centered Gamma(4)",3,1,1.5,"inside formal moment assumptions","regular","phi = 0.8",0.5,17,1907152801,"centered_gamma4_phi080_N4096","centered_gamma4","Centered Gamma(4)","inside formal moment assumptions","regular",0.8,"phi = 0.8",4096,64,64,17,100000,20000,"VK_asym_full_oracle",0.9488,-0.00119999999999998,0.000696983213571174,NA,NA,0.0512,1.01342355126113,0.94905,0.00155489706250928,20000,0.18555177417664,0.000119213629579964,0.0168593531771707,0.185318068755669,0.173978581415613,0.196836599484519,0.207377827482071,0.21354134214208,0.18555177417664,1.0103724404163,1.04685827199874,0,0,0,0
"centered_gamma4_phi080_N4096_M64_Q64","centered_gamma4_phi080_N4096","centered_gamma4","regular_distribution_dependence","centered_gamma4_phi_0.8","centered_gamma4, phi = 0.8",0.8,4096,64,64,4096,0.5,NA,"Balanced distribution/dependence design","Centered Gamma(4)",3,1,1.5,"inside formal moment assumptions","regular","phi = 0.8",0.5,17,1907152801,"centered_gamma4_phi080_N4096","centered_gamma4","Centered Gamma(4)","inside formal moment assumptions","regular",0.8,"phi = 0.8",4096,64,64,17,100000,20000,"VK_leading_oracle",0.94938,-0.000619999999999954,0.000693236003104282,NA,NA,0.05062,1.00792893864421,0.9498,0.00154402007758967,20000,0.18607123648683,0.000119553866861473,0.0169074699949642,0.185841368639265,0.174467111242648,0.197393181372857,0.207966719944374,0.214140135734726,0.18607123648683,1.01320103316018,1.04978900881776,0,0,0,0
"centered_gamma4_phi080_N4096_M64_Q64","centered_gamma4_phi080_N4096","centered_gamma4","regular_distribution_dependence","centered_gamma4_phi_0.8","centered_gamma4, phi = 0.8",0.8,4096,64,64,4096,0.5,NA,"Balanced distribution/dependence design","Centered Gamma(4)",3,1,1.5,"inside formal moment assumptions","regular","phi = 0.8",0.5,17,1907152801,"centered_gamma4_phi080_N4096","centered_gamma4","Centered Gamma(4)","inside formal moment assumptions","regular",0.8,"phi = 0.8",4096,64,64,17,100000,20000,"VK_asym_full_feasible",0.94796,-0.00203999999999993,0.000702366274816779,NA,NA,0.05204,1.02019241239494,0.9481,0.00156854056370882,20000,0.185135537864276,0.000123292709056365,0.0174362221289231,0.18486884259852,0.173167677348197,0.196760419087935,0.207795608283408,0.214104086002048,0.185135537864276,1.008105937169,1.04450992244165,0,0,0,0
"centered_gamma4_phi080_N4096_M64_Q64","centered_gamma4_phi080_N4096","centered_gamma4","regular_distribution_dependence","centered_gamma4_phi_0.8","centered_gamma4, phi = 0.8",0.8,4096,64,64,4096,0.5,NA,"Balanced distribution/dependence design","Centered Gamma(4)",3,1,1.5,"inside formal moment assumptions","regular","phi = 0.8",0.5,17,1907152801,"centered_gamma4_phi080_N4096","centered_gamma4","Centered Gamma(4)","inside formal moment assumptions","regular",0.8,"phi = 0.8",4096,64,64,17,100000,20000,"F_feasible_leading",0.9486,-0.00139999999999996,0.000698269575450628,NA,NA,0.0514,1.01466110014761,0.9488,0.0015585018447214,20000,0.185655132896441,0.000123645811791319,0.0174861583965915,0.185382247288607,0.173653559042577,0.197315339702599,0.2083768128079,0.214710744209586,0.185655132896441,1.01093525261482,1.04744140806029,0,0,0,0
"centered_gamma4_phi080_N400_M20_Q20","centered_gamma4_phi080_N400","centered_gamma4","regular_distribution_dependence","centered_gamma4_phi_0.8","centered_gamma4, phi = 0.8",0.8,400,20,20,400,0.5,NA,"Balanced distribution/dependence design","Centered Gamma(4)",3,1,1.5,"inside formal moment assumptions","regular","phi = 0.8",0.5,10,358625359,"centered_gamma4_phi080_N400","centered_gamma4","Centered Gamma(4)","inside formal moment assumptions","regular",0.8,"phi = 0.8",400,20,20,10,100000,20000,"raw",0.89432,-0.05568,0.000972171474586659,NA,NA,0.10568,1.5111229268493,0.8939,0.00217764540272286,20000,0.505552874614044,0.000607120899496457,0.0858598610068043,0.502373508129776,0.445813780517863,0.561713862879119,0.617309993342858,0.652139869622003,0.505552874614044,0.864616441550759,1,0,0,0,1e-05
"centered_gamma4_phi080_N400_M20_Q20","centered_gamma4_phi080_N400","centered_gamma4","regular_distribution_dependence","centered_gamma4_phi_0.8","centered_gamma4, phi = 0.8",0.8,400,20,20,400,0.5,NA,"Balanced distribution/dependence design","Centered Gamma(4)",3,1,1.5,"inside formal moment assumptions","regular","phi = 0.8",0.5,10,358625359,"centered_gamma4_phi080_N400","centered_gamma4","Centered Gamma(4)","inside formal moment assumptions","regular",0.8,"phi = 0.8",400,20,20,10,100000,20000,"K_asym_full",0.8978,-0.0521999999999999,0.000957889137635457,NA,NA,0.1022,1.48016589466732,0.89725,0.00214700299836772,20000,0.510995962019848,0.00061385688034138,0.0868124725534818,0.507745533967909,0.450554405413299,0.567742036580107,0.624045843252898,0.659107931325746,0.510995962019848,0.873925424053229,1.01076660361186,0,0,0,1e-05
"centered_gamma4_phi080_N400_M20_Q20","centered_gamma4_phi080_N400","centered_gamma4","regular_distribution_dependence","centered_gamma4_phi_0.8","centered_gamma4, phi = 0.8",0.8,400,20,20,400,0.5,NA,"Balanced distribution/dependence design","Centered Gamma(4)",3,1,1.5,"inside formal moment assumptions","regular","phi = 0.8",0.5,10,358625359,"centered_gamma4_phi080_N400","centered_gamma4","Centered Gamma(4)","inside formal moment assumptions","regular",0.8,"phi = 0.8",400,20,20,10,100000,20000,"K_leading",0.9072,-0.0427999999999999,0.000917541061751462,NA,NA,0.0928,1.3977887073356,0.9081,0.00204272354957787,20000,0.526373160549717,0.000632930172414094,0.0895098433863152,0.523000215276138,0.463920774235133,0.584870519416672,0.643119912704433,0.679226991104701,0.526373160549717,0.900224114737295,1.04118320156238,0,0,0,1e-05
"centered_gamma4_phi080_N400_M20_Q20","centered_gamma4_phi080_N400","centered_gamma4","regular_distribution_dependence","centered_gamma4_phi_0.8","centered_gamma4, phi = 0.8",0.8,400,20,20,400,0.5,NA,"Balanced distribution/dependence design","Centered Gamma(4)",3,1,1.5,"inside formal moment assumptions","regular","phi = 0.8",0.5,10,358625359,"centered_gamma4_phi080_N400","centered_gamma4","Centered Gamma(4)","inside formal moment assumptions","regular",0.8,"phi = 0.8",400,20,20,10,100000,20000,"V_oracle",0.92972,-0.02028,0.000808336078620768,NA,NA,0.07028,1.19243872026005,0.93025,0.0018011793011802,20000,0.571603123313442,0.000689423096771412,0.097499149366739,0.56788085444059,0.503543034004543,0.635235782528457,0.698853142878197,0.737790318990991,0.571603123313442,0.977578178812395,1.13064953641065,0,0,0,1e-05
"centered_gamma4_phi080_N400_M20_Q20","centered_gamma4_phi080_N400","centered_gamma4","regular_distribution_dependence","centered_gamma4_phi_0.8","centered_gamma4, phi = 0.8",0.8,400,20,20,400,0.5,NA,"Balanced distribution/dependence design","Centered Gamma(4)",3,1,1.5,"inside formal moment assumptions","regular","phi = 0.8",0.5,10,358625359,"centered_gamma4_phi080_N400","centered_gamma4","Centered Gamma(4)","inside formal moment assumptions","regular",0.8,"phi = 0.8",400,20,20,10,100000,20000,"V_feasible",0.92075,-0.02925,0.000854221502304877,NA,NA,0.07925,1.27430110371915,0.9214,0.00190291933617797,20000,0.55627375645843,0.000718517777706831,0.101613758603918,0.552394751789657,0.485328736380525,0.622724948062693,0.688295293451609,0.729334964490741,0.55627375645843,0.951361291742916,1.10032755106597,0,0,0,1e-05
"centered_gamma4_phi080_N400_M20_Q20","centered_gamma4_phi080_N400","centered_gamma4","regular_distribution_dependence","centered_gamma4_phi_0.8","centered_gamma4, phi = 0.8",0.8,400,20,20,400,0.5,NA,"Balanced distribution/dependence design","Centered Gamma(4)",3,1,1.5,"inside formal moment assumptions","regular","phi = 0.8",0.5,10,358625359,"centered_gamma4_phi080_N400","centered_gamma4","Centered Gamma(4)","inside formal moment assumptions","regular",0.8,"phi = 0.8",400,20,20,10,100000,20000,"VK_asym_full_oracle",0.93239,-0.0176099999999999,0.000793970326271706,NA,NA,0.0676099999999999,1.16801028814361,0.93235,0.00177585863035322,20000,0.577784334327249,0.000697190898729168,0.0985976824545876,0.574031692481069,0.509000130445988,0.642196804704732,0.706433727838159,0.745748381808391,0.577784334327249,0.988149529386381,1.14287617248413,0,0,0,1e-05
"centered_gamma4_phi080_N400_M20_Q20","centered_gamma4_phi080_N400","centered_gamma4","regular_distribution_dependence","centered_gamma4_phi_0.8","centered_gamma4, phi = 0.8",0.8,400,20,20,400,0.5,NA,"Balanced distribution/dependence design","Centered Gamma(4)",3,1,1.5,"inside formal moment assumptions","regular","phi = 0.8",0.5,10,358625359,"centered_gamma4_phi080_N400","centered_gamma4","Centered Gamma(4)","inside formal moment assumptions","regular",0.8,"phi = 0.8",400,20,20,10,100000,20000,"VK_leading_oracle",0.93991,-0.0100899999999999,0.000751526392750115,NA,NA,0.06009,1.10300581624055,0.9398,0.00168190308876582,20000,0.59524601115801,0.000719198593829066,0.101710040543272,0.591345856807216,0.524294184661628,0.661724274002395,0.728048407371125,0.768371821278385,0.59524601115801,1.01801317697507,1.17741593619152,0,0,0,1e-05
"centered_gamma4_phi080_N400_M20_Q20","centered_gamma4_phi080_N400","centered_gamma4","regular_distribution_dependence","centered_gamma4_phi_0.8","centered_gamma4, phi = 0.8",0.8,400,20,20,400,0.5,NA,"Balanced distribution/dependence design","Centered Gamma(4)",3,1,1.5,"inside formal moment assumptions","regular","phi = 0.8",0.5,10,358625359,"centered_gamma4_phi080_N400","centered_gamma4","Centered Gamma(4)","inside formal moment assumptions","regular",0.8,"phi = 0.8",400,20,20,10,100000,20000,"VK_asym_full_feasible",0.92387,-0.02613,0.000838655013101335,NA,NA,0.07613,1.24819562971935,0.9245,0.00186815082367565,20000,0.562400832741673,0.000726613486226334,0.102758664682448,0.55852329872874,0.490665149933998,0.629584377223954,0.695982175298712,0.737497425724958,0.562400832741673,0.961840058968149,1.11244710688477,0,0,0,1e-05
"centered_gamma4_phi080_N400_M20_Q20","centered_gamma4_phi080_N400","centered_gamma4","regular_distribution_dependence","centered_gamma4_phi_0.8","centered_gamma4, phi = 0.8",0.8,400,20,20,400,0.5,NA,"Balanced distribution/dependence design","Centered Gamma(4)",3,1,1.5,"inside formal moment assumptions","regular","phi = 0.8",0.5,10,358625359,"centered_gamma4_phi080_N400","centered_gamma4","Centered Gamma(4)","inside formal moment assumptions","regular",0.8,"phi = 0.8",400,20,20,10,100000,20000,"F_feasible_leading",0.93154,-0.0184599999999999,0.00079858141976883,NA,NA,0.06846,1.17872852094022,0.93125,0.00178918190103745,20000,0.579726712481649,0.000749547500284416,0.106002024054507,0.575703546313292,0.505764857909609,0.648849324721244,0.717578983777836,0.760442569182973,0.579726712481649,0.991471461022682,1.1467182595376,0,0,0,1e-05
"centered_gamma4_phi080_N1024_M32_Q32","centered_gamma4_phi080_N1024","centered_gamma4","regular_distribution_dependence","centered_gamma4_phi_0.8","centered_gamma4, phi = 0.8",0.8,1024,32,32,1024,0.5,NA,"Balanced distribution/dependence design","Centered Gamma(4)",3,1,1.5,"inside formal moment assumptions","regular","phi = 0.8",0.5,13,982627231,"centered_gamma4_phi080_N1024","centered_gamma4","Centered Gamma(4)","inside formal moment assumptions","regular",0.8,"phi = 0.8",1024,32,32,13,100000,20000,"raw",0.92179,-0.02821,0.000849077121938873,NA,NA,0.07821,1.24398521779359,0.92195,0.00189681571983153,20000,0.338554123025511,0.000312377936535028,0.0441769114433959,0.337614264978569,0.308073813982191,0.368199124977763,0.395311377936217,0.411988200528267,0.338554123025511,0.923258414911901,1,0,0,0,0
"centered_gamma4_phi080_N1024_M32_Q32","centered_gamma4_phi080_N1024","centered_gamma4","regular_distribution_dependence","centered_gamma4_phi_0.8","centered_gamma4, phi = 0.8",0.8,1024,32,32,1024,0.5,NA,"Balanced distribution/dependence design","Centered Gamma(4)",3,1,1.5,"inside formal moment assumptions","regular","phi = 0.8",0.5,13,982627231,"centered_gamma4_phi080_N1024","centered_gamma4","Centered Gamma(4)","inside formal moment assumptions","regular",0.8,"phi = 0.8",1024,32,32,13,100000,20000,"K_asym_full",0.92553,-0.02447,0.000830206113564578,NA,NA,0.07447,1.21216343881194,0.92625,0.00184811982160248,20000,0.343136378652462,0.000316731152953731,0.0447925492133233,0.342171789338642,0.31221207872233,0.373159678922429,0.400672437036289,0.417552687308856,0.343136378652462,0.935754514587348,1.01353478015864,0,0,0,0
"centered_gamma4_phi080_N1024_M32_Q32","centered_gamma4_phi080_N1024","centered_gamma4","regular_distribution_dependence","centered_gamma4_phi_0.8","centered_gamma4, phi = 0.8",0.8,1024,32,32,1024,0.5,NA,"Balanced distribution/dependence design","Centered Gamma(4)",3,1,1.5,"inside formal moment assumptions","regular","phi = 0.8",0.5,13,982627231,"centered_gamma4_phi080_N1024","centered_gamma4","Centered Gamma(4)","inside formal moment assumptions","regular",0.8,"phi = 0.8",1024,32,32,13,100000,20000,"K_leading",0.92869,-0.0213099999999999,0.000813786728203403,NA,NA,0.07131,1.18567341070951,0.92885,0.00181779643387262,20000,0.347095517260754,0.000320497846703836,0.0453252401519939,0.346136470754067,0.315871883094442,0.377445082623641,0.405303115074434,0.422373614433206,0.347095517260754,0.946551334910322,1.02522903622887,0,0,0,0
"centered_gamma4_phi080_N1024_M32_Q32","centered_gamma4_phi080_N1024","centered_gamma4","regular_distribution_dependence","centered_gamma4_phi_0.8","centered_gamma4, phi = 0.8",0.8,1024,32,32,1024,0.5,NA,"Balanced distribution/dependence design","Centered Gamma(4)",3,1,1.5,"inside formal moment assumptions","regular","phi = 0.8",0.5,13,982627231,"centered_gamma4_phi080_N1024","centered_gamma4","Centered Gamma(4)","inside formal moment assumptions","regular",0.8,"phi = 0.8",1024,32,32,13,100000,20000,"V_oracle",0.94164,-0.00835999999999992,0.000741310396527662,NA,NA,0.05836,1.07601659103055,0.94145,0.00166014905204322,20000,0.365067274415461,0.000337662207291054,0.0477526473051845,0.364066221063639,0.332202855718525,0.397009640139255,0.426329440736834,0.444395285020404,0.365067274415461,0.995561448494394,1.07831288880198,0,0,0,0
"centered_gamma4_phi080_N1024_M32_Q32","centered_gamma4_phi080_N1024","centered_gamma4","regular_distribution_dependence","centered_gamma4_phi_0.8","centered_gamma4, phi = 0.8",0.8,1024,32,32,1024,0.5,NA,"Balanced distribution/dependence design","Centered Gamma(4)",3,1,1.5,"inside formal moment assumptions","regular","phi = 0.8",0.5,13,982627231,"centered_gamma4_phi080_N1024","centered_gamma4","Centered Gamma(4)","inside formal moment assumptions","regular",0.8,"phi = 0.8",1024,32,32,13,100000,20000,"V_feasible",0.93824,-0.01176,0.000761220745907519,NA,NA,0.06176,1.10505669105823,0.93825,0.0017020125954293,20000,0.361620239979019,0.000355799650725792,0.0503176691544025,0.360616717557217,0.327013014892085,0.395352337126942,0.426460862949688,0.445691470685126,0.361620239979019,0.986161168499293,1.0681312540145,0,0,0,0
"centered_gamma4_phi080_N1024_M32_Q32","centered_gamma4_phi080_N1024","centered_gamma4","regular_distribution_dependence","centered_gamma4_phi_0.8","centered_gamma4, phi = 0.8",0.8,1024,32,32,1024,0.5,NA,"Balanced distribution/dependence design","Centered Gamma(4)",3,1,1.5,"inside formal moment assumptions","regular","phi = 0.8",0.5,13,982627231,"centered_gamma4_phi080_N1024","centered_gamma4","Centered Gamma(4)","inside formal moment assumptions","regular",0.8,"phi = 0.8",1024,32,32,13,100000,20000,"VK_asym_full_oracle",0.94474,-0.00525999999999993,0.000722539496498288,NA,NA,0.05526,1.0484915355471,0.9445,0.00161894641665498,20000,0.370031740798829,0.000342423522753147,0.0484259989953073,0.369005239653186,0.336715498458703,0.402427506777689,0.432151983987853,0.450524920727041,0.370031740798829,1.00909986097341,1.09297661919464,0,0,0,0
"centered_gamma4_phi080_N1024_M32_Q32","centered_gamma4_phi080_N1024","centered_gamma4","regular_distribution_dependence","centered_gamma4_phi_0.8","centered_gamma4, phi = 0.8",0.8,1024,32,32,1024,0.5,NA,"Balanced distribution/dependence design","Centered Gamma(4)",3,1,1.5,"inside formal moment assumptions","regular","phi = 0.8",0.5,13,982627231,"centered_gamma4_phi080_N1024","centered_gamma4","Centered Gamma(4)","inside formal moment assumptions","regular",0.8,"phi = 0.8",1024,32,32,13,100000,20000,"VK_leading_oracle",0.94741,-0.00258999999999998,0.000705863243836935,NA,NA,0.05259,1.02557831332599,0.9476,0.00157566240038912,20000,0.374321626805868,0.000346545058586196,0.0490088721825977,0.373230473529166,0.340606493590054,0.407105369438878,0.437291199937708,0.4557982102017,0.374321626805868,1.02079865028254,1.10564781625082,0,0,0,0
"centered_gamma4_phi080_N1024_M32_Q32","centered_gamma4_phi080_N1024","centered_gamma4","regular_distribution_dependence","centered_gamma4_phi_0.8","centered_gamma4, phi = 0.8",0.8,1024,32,32,1024,0.5,NA,"Balanced distribution/dependence design","Centered Gamma(4)",3,1,1.5,"inside formal moment assumptions","regular","phi = 0.8",0.5,13,982627231,"centered_gamma4_phi080_N1024","centered_gamma4","Centered Gamma(4)","inside formal moment assumptions","regular",0.8,"phi = 0.8",1024,32,32,13,100000,20000,"VK_asym_full_feasible",0.94144,-0.0085599999999999,0.000742500682827969,NA,NA,0.0585599999999999,1.07678877494311,0.9413,0.00166214184111946,20000,0.366585642604076,0.000360840098875067,0.0510304961677169,0.365543721594182,0.331502976592728,0.400727230320017,0.432363296129614,0.45191998251463,0.366585642604076,0.999702134168359,1.08279774981932,0,0,0,0
"centered_gamma4_phi080_N1024_M32_Q32","centered_gamma4_phi080_N1024","centered_gamma4","regular_distribution_dependence","centered_gamma4_phi_0.8","centered_gamma4, phi = 0.8",0.8,1024,32,32,1024,0.5,NA,"Balanced distribution/dependence design","Centered Gamma(4)",3,1,1.5,"inside formal moment assumptions","regular","phi = 0.8",0.5,13,982627231,"centered_gamma4_phi080_N1024","centered_gamma4","Centered Gamma(4)","inside formal moment assumptions","regular",0.8,"phi = 0.8",1024,32,32,13,100000,20000,"F_feasible_leading",0.94415,-0.00584999999999991,0.000726159607111274,NA,NA,0.05585,1.05325715866488,0.9439,0.00162715687627223,20000,0.370877834075699,0.000365203745111232,0.0516476089365751,0.369764698571462,0.335360605767659,0.405410808768812,0.437456790614868,0.457249379647215,0.370877834075699,1.0114072106246,1.09547575661264,0,0,0,0
"centered_gamma4_phi080_N8100_M90_Q90","centered_gamma4_phi080_N8100","centered_gamma4","regular_distribution_dependence","centered_gamma4_phi_0.8","centered_gamma4, phi = 0.8",0.8,8100,90,90,8100,0.5,NA,"Balanced distribution/dependence design","Centered Gamma(4)",3,1,1.5,"inside formal moment assumptions","regular","phi = 0.8",0.5,19,1616197521,"centered_gamma4_phi080_N8100","centered_gamma4","Centered Gamma(4)","inside formal moment assumptions","regular",0.8,"phi = 0.8",8100,90,90,19,100000,20000,"raw",0.94226,-0.00773999999999997,0.000737604856274686,NA,NA,0.05774,1.06773178095371,0.9425,0.00164611284546352,20000,0.127507840351321,6.8558314202632e-05,0.00969560977587981,0.127470461812615,0.120946772482319,0.133925339069382,0.140004329267843,0.143751611042759,0.127507840351321,0.97611107143688,1,0,0,0,0
"centered_gamma4_phi080_N8100_M90_Q90","centered_gamma4_phi080_N8100","centered_gamma4","regular_distribution_dependence","centered_gamma4_phi_0.8","centered_gamma4, phi = 0.8",0.8,8100,90,90,8100,0.5,NA,"Balanced distribution/dependence design","Centered Gamma(4)",3,1,1.5,"inside formal moment assumptions","regular","phi = 0.8",0.5,19,1616197521,"centered_gamma4_phi080_N8100","centered_gamma4","Centered Gamma(4)","inside formal moment assumptions","regular",0.8,"phi = 0.8",8100,90,90,19,100000,20000,"K_asym_full",0.94395,-0.00605,0.000727381588301491,NA,NA,0.05605,1.05281063209436,0.9447,0.00161619785298707,20000,0.128426287151284,6.90569055063997e-05,0.00976612123426677,0.128389608555586,0.121818984275276,0.134886390390007,0.141012034633452,0.144787753869254,0.128426287151284,0.983142059394169,1.00720306137593,0,0,0,0
"centered_gamma4_phi080_N8100_M90_Q90","centered_gamma4_phi080_N8100","centered_gamma4","regular_distribution_dependence","centered_gamma4_phi_0.8","centered_gamma4, phi = 0.8",0.8,8100,90,90,8100,0.5,NA,"Balanced distribution/dependence design","Centered Gamma(4)",3,1,1.5,"inside formal moment assumptions","regular","phi = 0.8",0.5,19,1616197521,"centered_gamma4_phi080_N8100","centered_gamma4","Centered Gamma(4)","inside formal moment assumptions","regular",0.8,"phi = 0.8",8100,90,90,19,100000,20000,"K_leading",0.94428,-0.00571999999999995,0.000725363919698244,NA,NA,0.05572,1.04993625127115,0.945,0.00161206389451535,20000,0.128605506247679,6.91542164720641e-05,0.0097798830830078,0.128568931343858,0.121989271877576,0.1350740284761,0.141210845080945,0.144989618833243,0.128605506247679,0.984514035766149,1.00860861491603,0,0,0,0
"centered_gamma4_phi080_N8100_M90_Q90","centered_gamma4_phi080_N8100","centered_gamma4","regular_distribution_dependence","centered_gamma4_phi_0.8","centered_gamma4, phi = 0.8",0.8,8100,90,90,8100,0.5,NA,"Balanced distribution/dependence design","Centered Gamma(4)",3,1,1.5,"inside formal moment assumptions","regular","phi = 0.8",0.5,19,1616197521,"centered_gamma4_phi080_N8100","centered_gamma4","Centered Gamma(4)","inside formal moment assumptions","regular",0.8,"phi = 0.8",8100,90,90,19,100000,20000,"V_oracle",0.94804,-0.00195999999999996,0.000701855814252472,NA,NA,0.05196,1.01556152110053,0.94835,0.00156496449640239,20000,0.130808639746263,7.03509900602833e-05,0.00994913242696274,0.130772129453158,0.124082773434888,0.137391703789988,0.143624864339398,0.147480771625439,0.130808639746263,1.00137968884203,1.02588703083549,0,0,0,0
"centered_gamma4_phi080_N8100_M90_Q90","centered_gamma4_phi080_N8100","centered_gamma4","regular_distribution_dependence","centered_gamma4_phi_0.8","centered_gamma4, phi = 0.8",0.8,8100,90,90,8100,0.5,NA,"Balanced distribution/dependence design","Centered Gamma(4)",3,1,1.5,"inside formal moment assumptions","regular","phi = 0.8",0.5,19,1616197521,"centered_gamma4_phi080_N8100","centered_gamma4","Centered Gamma(4)","inside formal moment assumptions","regular",0.8,"phi = 0.8",8100,90,90,19,100000,20000,"V_feasible",0.94761,-0.00239,0.000704594123591732,NA,NA,0.05239,1.01893532112103,0.9478,0.00157281848920974,20000,0.130660882939606,7.20461264525536e-05,0.0101888609145648,0.130593393854589,0.123783392445949,0.137410363988156,0.143829771133979,0.147768878913416,0.130660882939606,1.000248565811,1.02472822517892,0,0,0,0
"centered_gamma4_phi080_N8100_M90_Q90","centered_gamma4_phi080_N8100","centered_gamma4","regular_distribution_dependence","centered_gamma4_phi_0.8","centered_gamma4, phi = 0.8",0.8,8100,90,90,8100,0.5,NA,"Balanced distribution/dependence design","Centered Gamma(4)",3,1,1.5,"inside formal moment assumptions","regular","phi = 0.8",0.5,19,1616197521,"centered_gamma4_phi080_N8100","centered_gamma4","Centered Gamma(4)","inside formal moment assumptions","regular",0.8,"phi = 0.8",8100,90,90,19,100000,20000,"VK_asym_full_oracle",0.94979,-0.000209999999999932,0.000690571907189975,NA,NA,0.05021,1.00136943194249,0.9502,0.0015381800934871,20000,0.131751855293807,7.08636670574044e-05,0.0100216359032073,0.131711325116275,0.124977684884246,0.13838425788804,0.144665454319147,0.148554549616598,0.131751855293807,1.00860028905118,1.03328434495316,0,0,0,0
"centered_gamma4_phi080_N8100_M90_Q90","centered_gamma4_phi080_N8100","centered_gamma4","regular_distribution_dependence","centered_gamma4_phi_0.8","centered_gamma4, phi = 0.8",0.8,8100,90,90,8100,0.5,NA,"Balanced distribution/dependence design","Centered Gamma(4)",3,1,1.5,"inside formal moment assumptions","regular","phi = 0.8",0.5,19,1616197521,"centered_gamma4_phi080_N8100","centered_gamma4","Centered Gamma(4)","inside formal moment assumptions","regular",0.8,"phi = 0.8",8100,90,90,19,100000,20000,"VK_leading_oracle",0.95012,0.000120000000000009,0.000688418372793754,NA,NA,0.04988,0.998635495748851,0.9507,0.00153084143528976,20000,0.131935910116919,7.09637307162882e-05,0.0100357870415567,0.131896803486657,0.125151676040589,0.13857824952209,0.144869113289054,0.148762688560758,0.131935910116919,1.01000928437333,1.03472782342951,0,0,0,0
"centered_gamma4_phi080_N8100_M90_Q90","centered_gamma4_phi080_N8100","centered_gamma4","regular_distribution_dependence","centered_gamma4_phi_0.8","centered_gamma4, phi = 0.8",0.8,8100,90,90,8100,0.5,NA,"Balanced distribution/dependence design","Centered Gamma(4)",3,1,1.5,"inside formal moment assumptions","regular","phi = 0.8",0.5,19,1616197521,"centered_gamma4_phi080_N8100","centered_gamma4","Centered Gamma(4)","inside formal moment assumptions","regular",0.8,"phi = 0.8",8100,90,90,19,100000,20000,"VK_asym_full_feasible",0.94939,-0.000609999999999999,0.000693171175828886,NA,NA,0.05061,1.0046960843804,0.9498,0.00154402007758967,20000,0.13160414343231,7.25723692822736e-05,0.010263282889254,0.131534415815107,0.124674805968144,0.138404750543686,0.144865258145714,0.148846018866511,0.13160414343231,1.00746951008895,1.03212589178597,0,0,0,0
"centered_gamma4_phi080_N8100_M90_Q90","centered_gamma4_phi080_N8100","centered_gamma4","regular_distribution_dependence","centered_gamma4_phi_0.8","centered_gamma4, phi = 0.8",0.8,8100,90,90,8100,0.5,NA,"Balanced distribution/dependence design","Centered Gamma(4)",3,1,1.5,"inside formal moment assumptions","regular","phi = 0.8",0.5,19,1616197521,"centered_gamma4_phi080_N8100","centered_gamma4","Centered Gamma(4)","inside formal moment assumptions","regular",0.8,"phi = 0.8",8100,90,90,19,100000,20000,"F_feasible_leading",0.94965,-0.000349999999999961,0.000691483025822037,NA,NA,0.05035,1.00195306576901,0.95005,0.00154037329079675,20000,0.131788209822206,7.26750834774832e-05,0.0102778088700454,0.13171754118869,0.124849575795976,0.138597471995935,0.145066588103606,0.149053904421368,0.131788209822206,1.00887859395831,1.03356946097661,0,0,0,0
