"design_id","scenario_id_module","innovation_module","module","panel","series","phi_module","N_module","M_module","Q_module","x_order","alpha_nominal","C_nominal","note","innovation_label_module","dist_code","skewness","excess_kurtosis","assumption_status_module","severity_group_module","phi_label_module","alpha_effective","L_module","seed","scenario_id_result","innovation_result","innovation_label_result","assumption_status_result","severity_group_result","phi_result","phi_label_result","N_result","M_result","Q_result","L_result","B_point","B_CI","statistic","coverage","coverage_error","coverage_mcse","gaussian_paired_coverage_error","gaussian_paired_error_mcse","rejection","mean_statistic_finite","ci_subset_coverage","ci_subset_coverage_mcse","n_finite_lengths","mean_length","mean_length_mcse","sd_length","median_length","q25_length","q75_length","q90_length","q95_length","mean_component_length","normalized_mean_length","relative_mean_length_to_raw","disconnected_rate","nonregular_rate","interval_failure_rate","convex_failure_rate"
"gaussian_phi050_N4096_M64_Q64","gaussian_phi050_N4096","gaussian","fixed_N_distribution_dependence","gaussian_phi_0.5","gaussian, phi = 0.5",0.5,4096,64,64,64,NA,NA,"Fixed N=4096 distribution/dependence block comparison","Gaussian",1,0,0,"inside formal moment assumptions","regular","phi = 0.5",0.5,17,1877131599,"gaussian_phi050_N4096","gaussian","Gaussian","inside formal moment assumptions","regular",0.5,"phi = 0.5",4096,64,64,17,100000,20000,"V_oracle",0.94647,-0.00352999999999992,0.000711790271779546,-0.00314,0.000410491277655068,0.05353,1.03776354865385,0.9453,0.00160791650902651,20000,0.10607556822232,6.72485961875941e-05,0.00951038767790472,0.106012849920338,0.0995085061014322,0.112499471320281,0.118296989732635,0.121880365983374,0.10607556822232,1.00006291840903,1.0106906810227,0,0,0,0
"gaussian_phi050_N4096_M64_Q64","gaussian_phi050_N4096","gaussian","fixed_N_distribution_dependence","gaussian_phi_0.5","gaussian, phi = 0.5",0.5,4096,64,64,64,NA,NA,"Fixed N=4096 distribution/dependence block comparison","Gaussian",1,0,0,"inside formal moment assumptions","regular","phi = 0.5",0.5,17,1877131599,"gaussian_phi050_N4096","gaussian","Gaussian","inside formal moment assumptions","regular",0.5,"phi = 0.5",4096,64,64,17,100000,20000,"raw",0.94372,-0.00627999999999995,0.000728783655140536,-0.00589,0.000417558166664509,0.05628,1.05949862297739,0.94285,0.00164139997410747,20000,0.104953543367972,6.65266476058983e-05,0.0094082887303477,0.104890359407834,0.0984608481821328,0.111307609775007,0.11704617821346,0.120591567752841,0.104953543367972,0.989484653600538,1,0,0,0,0
"gaussian_phi050_N4096_M64_Q64","gaussian_phi050_N4096","gaussian","fixed_N_distribution_dependence","gaussian_phi_0.5","gaussian, phi = 0.5",0.5,4096,64,64,64,NA,NA,"Fixed N=4096 distribution/dependence block comparison","Gaussian",1,0,0,"inside formal moment assumptions","regular","phi = 0.5",0.5,17,1877131599,"gaussian_phi050_N4096","gaussian","Gaussian","inside formal moment assumptions","regular",0.5,"phi = 0.5",4096,64,64,17,100000,20000,"K_asym_full",0.94662,-0.00337999999999994,0.000710848616795447,-0.00299,0.000410380656370194,0.05338,1.03639106837469,0.9455,0.00160514407453038,20000,0.106147632870317,6.72949834985334e-05,0.00951694783432995,0.106084712178341,0.099575490525028,0.112576291532546,0.118376464299781,0.121963519566645,0.106147632870317,1.000742331995,1.01137731480069,0,0,0,0
"gaussian_phi050_N4096_M64_Q64","gaussian_phi050_N4096","gaussian","fixed_N_distribution_dependence","gaussian_phi_0.5","gaussian, phi = 0.5",0.5,4096,64,64,64,NA,NA,"Fixed N=4096 distribution/dependence block comparison","Gaussian",1,0,0,"inside formal moment assumptions","regular","phi = 0.5",0.5,17,1877131599,"gaussian_phi050_N4096","gaussian","Gaussian","inside formal moment assumptions","regular",0.5,"phi = 0.5",4096,64,64,17,100000,20000,"K_leading",0.94678,-0.00322,0.000709842458577958,-0.00283,0.000409416154072934,0.05322,1.03466662400135,0.94565,0.00160306078331422,20000,0.106238386577035,6.73534040078399e-05,0.00952520974198815,0.10617473063791,0.0996602242000278,0.112672757966782,0.118478083566477,0.122068240019259,0.106238386577035,1.0015979429365,1.01224201840007,0,0,0,0
"gaussian_phi050_N4096_M64_Q64","gaussian_phi050_N4096","gaussian","fixed_N_distribution_dependence","gaussian_phi_0.5","gaussian, phi = 0.5",0.5,4096,64,64,64,NA,NA,"Fixed N=4096 distribution/dependence block comparison","Gaussian",1,0,0,"inside formal moment assumptions","regular","phi = 0.5",0.5,17,1877131599,"gaussian_phi050_N4096","gaussian","Gaussian","inside formal moment assumptions","regular",0.5,"phi = 0.5",4096,64,64,17,100000,20000,"VK_asym_full_feasible",0.94874,-0.00125999999999993,0.000697369431506716,-0.00087,0.000416045865189908,0.05126,1.01655811895425,0.94775,0.00157353006803175,20000,0.107403390543087,7.19963663212514e-05,0.0101818237693095,0.107271875303624,0.100322631323977,0.114235064489882,0.1205136492267,0.124416270253963,0.107403390543087,1.01258140770387,1.02334220547968,0,0,0,0
"gaussian_phi050_N4096_M64_Q64","gaussian_phi050_N4096","gaussian","fixed_N_distribution_dependence","gaussian_phi_0.5","gaussian, phi = 0.5",0.5,4096,64,64,64,NA,NA,"Fixed N=4096 distribution/dependence block comparison","Gaussian",1,0,0,"inside formal moment assumptions","regular","phi = 0.5",0.5,17,1877131599,"gaussian_phi050_N4096","gaussian","Gaussian","inside formal moment assumptions","regular",0.5,"phi = 0.5",4096,64,64,17,100000,20000,"V_feasible",0.94616,-0.00383999999999995,0.00071373142287558,-0.00345,0.000422590535657873,0.05384,1.03922347468468,0.9455,0.00160514407453038,20000,0.106189756594876,7.11684461769043e-05,0.0100647381796398,0.106061156496337,0.0991943769777841,0.112943773559799,0.119153110033716,0.122984431034481,0.106189756594876,1.0011394675053,1.01177867070738,0,0,0,0
"gaussian_phi050_N4096_M64_Q64","gaussian_phi050_N4096","gaussian","fixed_N_distribution_dependence","gaussian_phi_0.5","gaussian, phi = 0.5",0.5,4096,64,64,64,NA,NA,"Fixed N=4096 distribution/dependence block comparison","Gaussian",1,0,0,"inside formal moment assumptions","regular","phi = 0.5",0.5,17,1877131599,"gaussian_phi050_N4096","gaussian","Gaussian","inside formal moment assumptions","regular",0.5,"phi = 0.5",4096,64,64,17,100000,20000,"VK_asym_full_oracle",0.94871,-0.0012899999999999,0.000697562440932709,-9e-04,0.000405701301372647,0.0512899999999999,1.01513003375808,0.9479,0.00157139412624586,20000,0.107283080285439,6.80261609777859e-05,0.00962035194509602,0.107210946555298,0.100639302422544,0.113781626791544,0.11964677748842,0.1232833108741,0.107283080285439,1.01144714248715,1.02219588631991,0,0,0,0
"gaussian_phi050_N4096_M64_Q64","gaussian_phi050_N4096","gaussian","fixed_N_distribution_dependence","gaussian_phi_0.5","gaussian, phi = 0.5",0.5,4096,64,64,64,NA,NA,"Fixed N=4096 distribution/dependence block comparison","Gaussian",1,0,0,"inside formal moment assumptions","regular","phi = 0.5",0.5,17,1877131599,"gaussian_phi050_N4096","gaussian","Gaussian","inside formal moment assumptions","regular",0.5,"phi = 0.5",4096,64,64,17,100000,20000,"VK_leading_oracle",0.94885,-0.00114999999999998,0.000696661162258957,-0.00076,0.000405210890720696,0.05115,1.01344096548228,0.94795,0.00157068134101096,20000,0.107374855002772,6.80852848735613e-05,0.00962871332662261,0.107302672314843,0.100724476154422,0.113878680936531,0.11974763921006,0.123390713901735,0.107374855002772,1.01231237934791,1.0230703181341,0,0,0,0
"gaussian_phi050_N4096_M64_Q64","gaussian_phi050_N4096","gaussian","fixed_N_distribution_dependence","gaussian_phi_0.5","gaussian, phi = 0.5",0.5,4096,64,64,64,NA,NA,"Fixed N=4096 distribution/dependence block comparison","Gaussian",1,0,0,"inside formal moment assumptions","regular","phi = 0.5",0.5,17,1877131599,"gaussian_phi050_N4096","gaussian","Gaussian","inside formal moment assumptions","regular",0.5,"phi = 0.5",4096,64,64,17,100000,20000,"F_feasible_leading",0.9489,-0.00109999999999999,0.000696338926098491,-0.00071,0.000415808475102275,0.0511,1.01486667449676,0.9479,0.00157139412624586,20000,0.107495637243125,7.20593250034748e-05,0.0101907274715365,0.107365721600864,0.100409161179009,0.114333656732884,0.120617893765065,0.124521922924367,0.107495637243125,1.01345109433953,1.02422113435694,0,0,0,0
"gaussian_phi050_N4096_M16_Q256","gaussian_phi050_N4096","gaussian","fixed_N_distribution_dependence","gaussian_phi_0.5","gaussian, phi = 0.5",0.5,4096,16,256,16,NA,NA,"Fixed N=4096 distribution/dependence block comparison","Gaussian",1,0,0,"inside formal moment assumptions","regular","phi = 0.5",0.333333333333333,8,1877131599,"gaussian_phi050_N4096","gaussian","Gaussian","inside formal moment assumptions","regular",0.5,"phi = 0.5",4096,16,256,8,100000,20000,"V_feasible",0.94858,-0.00141999999999998,0.000698398049825456,-0.00103,0.000303463856007794,0.05142,1.01472637614598,0.9485,0.00156281396845562,20000,0.106181915799288,3.84341716048751e-05,0.00543541267421892,0.106118594857467,0.102551874021265,0.109810708545196,0.11314997149976,0.115158046882932,0.106181915799288,1.00106554578092,1.04486711418348,0,0,0,0
"gaussian_phi050_N4096_M16_Q256","gaussian_phi050_N4096","gaussian","fixed_N_distribution_dependence","gaussian_phi_0.5","gaussian, phi = 0.5",0.5,4096,16,256,16,NA,NA,"Fixed N=4096 distribution/dependence block comparison","Gaussian",1,0,0,"inside formal moment assumptions","regular","phi = 0.5",0.333333333333333,8,1877131599,"gaussian_phi050_N4096","gaussian","Gaussian","inside formal moment assumptions","regular",0.5,"phi = 0.5",4096,16,256,8,100000,20000,"K_asym_full",0.93896,-0.0110399999999999,0.000757060885266172,-0.01065,0.000350666514897055,0.06104,1.0993740901208,0.939,0.00169232089155692,20000,0.101839724594618,3.20580622924792e-05,0.00453369464774256,0.101781699968587,0.0987910149418123,0.104862130853545,0.107624708312179,0.109352036035953,0.101839724594618,0.960128085051684,1.00213843709093,0,0,0,0
"gaussian_phi050_N4096_M16_Q256","gaussian_phi050_N4096","gaussian","fixed_N_distribution_dependence","gaussian_phi_0.5","gaussian, phi = 0.5",0.5,4096,16,256,16,NA,NA,"Fixed N=4096 distribution/dependence block comparison","Gaussian",1,0,0,"inside formal moment assumptions","regular","phi = 0.5",0.333333333333333,8,1877131599,"gaussian_phi050_N4096","gaussian","Gaussian","inside formal moment assumptions","regular",0.5,"phi = 0.5",4096,16,256,8,100000,20000,"K_leading",0.93915,-0.0108499999999999,0.000755958183367307,-0.01046,0.000348291683895798,0.06085,1.09757713998984,0.9391,0.00169102321095838,20000,0.101923678605177,3.20845123338449e-05,0.00453743524846503,0.101865562559251,0.0988724043514996,0.104948467800385,0.107713369397491,0.109442180001239,0.101923678605177,0.960919589582076,1.00296457385892,0,0,0,0
"gaussian_phi050_N4096_M16_Q256","gaussian_phi050_N4096","gaussian","fixed_N_distribution_dependence","gaussian_phi_0.5","gaussian, phi = 0.5",0.5,4096,16,256,16,NA,NA,"Fixed N=4096 distribution/dependence block comparison","Gaussian",1,0,0,"inside formal moment assumptions","regular","phi = 0.5",0.333333333333333,8,1877131599,"gaussian_phi050_N4096","gaussian","Gaussian","inside formal moment assumptions","regular",0.5,"phi = 0.5",4096,16,256,8,100000,20000,"V_oracle",0.94891,-0.00108999999999992,0.000696274456662026,-7e-04,0.00028177277008068,0.05109,1.01237326621274,0.94815,0.00156782616223866,20000,0.106159537752406,3.34191994856744e-05,0.00472618851562927,0.106094035496474,0.102982353716999,0.109310787936815,0.112192500230016,0.113979907009335,0.106159537752406,1.00085456925496,1.04464690639113,0,0,0,0
"gaussian_phi050_N4096_M16_Q256","gaussian_phi050_N4096","gaussian","fixed_N_distribution_dependence","gaussian_phi_0.5","gaussian, phi = 0.5",0.5,4096,16,256,16,NA,NA,"Fixed N=4096 distribution/dependence block comparison","Gaussian",1,0,0,"inside formal moment assumptions","regular","phi = 0.5",0.333333333333333,8,1877131599,"gaussian_phi050_N4096","gaussian","Gaussian","inside formal moment assumptions","regular",0.5,"phi = 0.5",4096,16,256,8,100000,20000,"F_feasible_leading",0.94918,-0.000819999999999932,0.000694530975551127,-0.00043,0.00030182621156987,0.05082,1.00878071378575,0.94885,0.00155778171609504,20000,0.10649791829962,3.85486797193746e-05,0.00545160656707163,0.106435440700063,0.102856430995404,0.11013715093714,0.113486437477062,0.115500170824024,0.10649791829962,1.00404476510544,1.04797668908719,0,0,0,0
"gaussian_phi050_N4096_M16_Q256","gaussian_phi050_N4096","gaussian","fixed_N_distribution_dependence","gaussian_phi_0.5","gaussian, phi = 0.5",0.5,4096,16,256,16,NA,NA,"Fixed N=4096 distribution/dependence block comparison","Gaussian",1,0,0,"inside formal moment assumptions","regular","phi = 0.5",0.333333333333333,8,1877131599,"gaussian_phi050_N4096","gaussian","Gaussian","inside formal moment assumptions","regular",0.5,"phi = 0.5",4096,16,256,8,100000,20000,"VK_asym_full_oracle",0.94937,-0.000629999999999908,0.000693300822875611,-0.00024,0.000281069767143569,0.05063,1.00808913455233,0.9487,0.00155994086426377,20000,0.106386711249392,3.34907898030781e-05,0.00473631291540996,0.106320643157158,0.103203067936416,0.10954422635175,0.112432158560839,0.114222904877132,0.106386711249392,1.00299632342312,1.04688237289621,0,0,0,0
"gaussian_phi050_N4096_M16_Q256","gaussian_phi050_N4096","gaussian","fixed_N_distribution_dependence","gaussian_phi_0.5","gaussian, phi = 0.5",0.5,4096,16,256,16,NA,NA,"Fixed N=4096 distribution/dependence block comparison","Gaussian",1,0,0,"inside formal moment assumptions","regular","phi = 0.5",0.333333333333333,8,1877131599,"gaussian_phi050_N4096","gaussian","Gaussian","inside formal moment assumptions","regular",0.5,"phi = 0.5",4096,16,256,8,100000,20000,"VK_leading_oracle",0.94948,-0.000519999999999965,0.000692587392319554,-0.00013,0.000279822468729979,0.05052,1.00644139160602,0.94875,0.00155922156058721,20000,0.106474474847342,3.35184472901851e-05,0.00474022427474675,0.106408226674142,0.103288281288086,0.109634567399428,0.11252486615885,0.11431677577117,0.106474474847342,1.00382374411355,1.04774599733385,0,0,0,0
"gaussian_phi050_N4096_M16_Q256","gaussian_phi050_N4096","gaussian","fixed_N_distribution_dependence","gaussian_phi_0.5","gaussian, phi = 0.5",0.5,4096,16,256,16,NA,NA,"Fixed N=4096 distribution/dependence block comparison","Gaussian",1,0,0,"inside formal moment assumptions","regular","phi = 0.5",0.333333333333333,8,1877131599,"gaussian_phi050_N4096","gaussian","Gaussian","inside formal moment assumptions","regular",0.5,"phi = 0.5",4096,16,256,8,100000,20000,"VK_asym_full_feasible",0.94905,-0.000950000000000006,0.0006953711059571,-0.00056,0.000301326686467893,0.0509500000000001,1.01043228666359,0.94885,0.00155778171609504,20000,0.106409856901285,3.85167692856094e-05,0.00544709375025043,0.106347144704424,0.102771403502929,0.110046343552566,0.113392726895956,0.115404830903183,0.106409856901285,1.00321453680221,1.04711013418981,0,0,0,0
"gaussian_phi050_N4096_M16_Q256","gaussian_phi050_N4096","gaussian","fixed_N_distribution_dependence","gaussian_phi_0.5","gaussian, phi = 0.5",0.5,4096,16,256,16,NA,NA,"Fixed N=4096 distribution/dependence block comparison","Gaussian",1,0,0,"inside formal moment assumptions","regular","phi = 0.5",0.333333333333333,8,1877131599,"gaussian_phi050_N4096","gaussian","Gaussian","inside formal moment assumptions","regular",0.5,"phi = 0.5",4096,16,256,8,100000,20000,"raw",0.93843,-0.01157,0.000760125878391204,-0.01118,0.000354896232036007,0.06157,1.1040461604613,0.93855,0.00169814453890121,20000,0.10162241146068,3.19895975373209e-05,0.00452401226921361,0.101564927525776,0.098580334498143,0.104638654916165,0.107395213585895,0.109118788145488,0.10162241146068,0.958079292756002,1,0,0,0,0
"gaussian_phi050_N4096_M256_Q16","gaussian_phi050_N4096","gaussian","fixed_N_distribution_dependence","gaussian_phi_0.5","gaussian, phi = 0.5",0.5,4096,256,16,256,NA,NA,"Fixed N=4096 distribution/dependence block comparison","Gaussian",1,0,0,"inside formal moment assumptions","regular","phi = 0.5",0.666666666666667,17,1877131599,"gaussian_phi050_N4096","gaussian","Gaussian","inside formal moment assumptions","regular",0.5,"phi = 0.5",4096,256,16,17,100000,20000,"VK_asym_full_feasible",0.93738,-0.01262,0.000766151000782483,-0.01223,0.000611398404544934,0.06262,1.1233631592098,0.93655,0.00172371832820795,20000,0.108166977149845,0.000143289433269753,0.020264185987484,0.107443223044111,0.0939506185508488,0.121571365011962,0.134506470606511,0.1427365072559,0.108166977149845,1.01978037597912,1.05390112142298,0,0,0,9e-05
"gaussian_phi050_N4096_M256_Q16","gaussian_phi050_N4096","gaussian","fixed_N_distribution_dependence","gaussian_phi_0.5","gaussian, phi = 0.5",0.5,4096,256,16,256,NA,NA,"Fixed N=4096 distribution/dependence block comparison","Gaussian",1,0,0,"inside formal moment assumptions","regular","phi = 0.5",0.666666666666667,17,1877131599,"gaussian_phi050_N4096","gaussian","Gaussian","inside formal moment assumptions","regular",0.5,"phi = 0.5",4096,256,16,17,100000,20000,"K_asym_full",0.93682,-0.01318,0.000769339246366647,-0.01279,0.000611937826645025,0.06318,1.12841233474527,0.936,0.00173066461222271,20000,0.107860995126665,0.00014224753934774,0.0201168399359775,0.107157839839111,0.0937418351044051,0.121139775780907,0.133956622981888,0.142237600425261,0.107860995126665,1.01689562805639,1.05091985296322,0,0,0,9e-05
"gaussian_phi050_N4096_M256_Q16","gaussian_phi050_N4096","gaussian","fixed_N_distribution_dependence","gaussian_phi_0.5","gaussian, phi = 0.5",0.5,4096,256,16,256,NA,NA,"Fixed N=4096 distribution/dependence block comparison","Gaussian",1,0,0,"inside formal moment assumptions","regular","phi = 0.5",0.666666666666667,17,1877131599,"gaussian_phi050_N4096","gaussian","Gaussian","inside formal moment assumptions","regular",0.5,"phi = 0.5",4096,256,16,17,100000,20000,"K_leading",0.93703,-0.0129699999999999,0.000768145683448133,-0.01258,0.000611245590750332,0.06297,1.12638936533913,0.93625,0.00172751175828126,20000,0.10796053021144,0.000142383637337099,0.0201360870982138,0.107257941665111,0.0938273131990305,0.121248707210241,0.13407815541514,0.142368532427863,0.10796053021144,1.01783402837828,1.05188965114219,0,0,0,9e-05
"gaussian_phi050_N4096_M256_Q16","gaussian_phi050_N4096","gaussian","fixed_N_distribution_dependence","gaussian_phi_0.5","gaussian, phi = 0.5",0.5,4096,256,16,256,NA,NA,"Fixed N=4096 distribution/dependence block comparison","Gaussian",1,0,0,"inside formal moment assumptions","regular","phi = 0.5",0.666666666666667,17,1877131599,"gaussian_phi050_N4096","gaussian","Gaussian","inside formal moment assumptions","regular",0.5,"phi = 0.5",4096,256,16,17,100000,20000,"V_oracle",0.92529,-0.02471,0.000831434999864692,-0.02432,0.000650299627015154,0.0747100000000001,1.23684151871506,0.9231,0.00188396377353706,20000,0.102893341429273,0.000135474528752362,0.0191589915917694,0.102219470041555,0.0894648765989188,0.115523748966401,0.127780992721881,0.135557911108185,0.102893341429273,0.970061410361255,1.002518613135,0,0,0,9e-05
"gaussian_phi050_N4096_M256_Q16","gaussian_phi050_N4096","gaussian","fixed_N_distribution_dependence","gaussian_phi_0.5","gaussian, phi = 0.5",0.5,4096,256,16,256,NA,NA,"Fixed N=4096 distribution/dependence block comparison","Gaussian",1,0,0,"inside formal moment assumptions","regular","phi = 0.5",0.666666666666667,17,1877131599,"gaussian_phi050_N4096","gaussian","Gaussian","inside formal moment assumptions","regular",0.5,"phi = 0.5",4096,256,16,17,100000,20000,"raw",0.92465,-0.02535,0.000834699811309431,-0.02496,0.000651900478403213,0.07535,1.24291240313283,0.92275,0.00188788820511173,20000,0.102634843963158,0.000135123114019328,0.019109294043622,0.101963766877842,0.0892395456529491,0.11523380484884,0.127451886571798,0.135207163676873,0.102634843963158,0.967624338991325,1,0,0,0,9e-05
"gaussian_phi050_N4096_M256_Q16","gaussian_phi050_N4096","gaussian","fixed_N_distribution_dependence","gaussian_phi_0.5","gaussian, phi = 0.5",0.5,4096,256,16,256,NA,NA,"Fixed N=4096 distribution/dependence block comparison","Gaussian",1,0,0,"inside formal moment assumptions","regular","phi = 0.5",0.666666666666667,17,1877131599,"gaussian_phi050_N4096","gaussian","Gaussian","inside formal moment assumptions","regular",0.5,"phi = 0.5",4096,256,16,17,100000,20000,"V_feasible",0.92524,-0.02476,0.000831690702124294,-0.02437,0.000651433246505539,0.07476,1.23735088744802,0.92345,0.00188002789208033,20000,0.102920756964206,0.000136096573556241,0.0192469620115743,0.102234850282089,0.0894330242229521,0.115621077110643,0.127924758444238,0.135705115807114,0.102920756964206,0.970319879491655,1.0027857303622,0,0,0,9e-05
"gaussian_phi050_N4096_M256_Q16","gaussian_phi050_N4096","gaussian","fixed_N_distribution_dependence","gaussian_phi_0.5","gaussian, phi = 0.5",0.5,4096,256,16,256,NA,NA,"Fixed N=4096 distribution/dependence block comparison","Gaussian",1,0,0,"inside formal moment assumptions","regular","phi = 0.5",0.666666666666667,17,1877131599,"gaussian_phi050_N4096","gaussian","Gaussian","inside formal moment assumptions","regular",0.5,"phi = 0.5",4096,256,16,17,100000,20000,"VK_asym_full_oracle",0.93745,-0.01255,0.000765751248774692,-0.01216,0.000610348317971544,0.06255,1.12290071474489,0.9367,0.0017218174990399,20000,0.108132819870926,0.0001426192521121,0.020169408059244,0.107432845436725,0.0939731373470331,0.121438578551012,0.134291264685167,0.142598883127209,0.108132819870926,1.01945834680113,1.05356831749792,0,0,0,9e-05
"gaussian_phi050_N4096_M256_Q16","gaussian_phi050_N4096","gaussian","fixed_N_distribution_dependence","gaussian_phi_0.5","gaussian, phi = 0.5",0.5,4096,256,16,256,NA,NA,"Fixed N=4096 distribution/dependence block comparison","Gaussian",1,0,0,"inside formal moment assumptions","regular","phi = 0.5",0.666666666666667,17,1877131599,"gaussian_phi050_N4096","gaussian","Gaussian","inside formal moment assumptions","regular",0.5,"phi = 0.5",4096,256,16,17,100000,20000,"VK_leading_oracle",0.93763,-0.01237,0.000764722061274552,-0.01198,0.000610220058409421,0.06237,1.12088762633552,0.9368,0.00172054874967262,20000,0.108232608148214,0.000142755738849131,0.0201887101987032,0.10753530549903,0.094060120878615,0.121553086907927,0.13441778516812,0.142727942569459,0.108232608148214,1.02039913418016,1.05454058260239,0,0,0,9e-05
"gaussian_phi050_N4096_M256_Q16","gaussian_phi050_N4096","gaussian","fixed_N_distribution_dependence","gaussian_phi_0.5","gaussian, phi = 0.5",0.5,4096,256,16,256,NA,NA,"Fixed N=4096 distribution/dependence block comparison","Gaussian",1,0,0,"inside formal moment assumptions","regular","phi = 0.5",0.666666666666667,17,1877131599,"gaussian_phi050_N4096","gaussian","Gaussian","inside formal moment assumptions","regular",0.5,"phi = 0.5",4096,256,16,17,100000,20000,"F_feasible_leading",0.9376,-0.0124,0.000764893718107294,-0.01201,0.000610951169581757,0.0624,1.12134924174977,0.93665,0.00172245141440913,20000,0.108266901195966,0.000143426858487649,0.02028362084818,0.107542182657607,0.0940384677958398,0.121681498659086,0.134637147736815,0.142872154202816,0.108266901195966,1.02072244336427,1.05487470936117,0,0,0,9e-05
"gaussian_phi020_N4096_M64_Q64","gaussian_phi020_N4096","gaussian","fixed_N_distribution_dependence","gaussian_phi_0.2","gaussian, phi = 0.2",0.2,4096,64,64,64,NA,NA,"Fixed N=4096 distribution/dependence block comparison","Gaussian",1,0,0,"inside formal moment assumptions","regular","phi = 0.2",0.5,17,1847110599,"gaussian_phi020_N4096","gaussian","Gaussian","inside formal moment assumptions","regular",0.2,"phi = 0.2",4096,64,64,17,100000,20000,"V_feasible",0.94588,-0.0041199999999999,0.000715479039525268,-0.00417,0.000433506620802846,0.0541199999999999,1.03097972865772,0.9458,0.00160097407849097,20000,0.0752054743677125,5.07297888779136e-05,0.00717427554474692,0.075039801156212,0.0703082437259722,0.0799728406236235,0.0845092490322448,0.0873101795537759,0.0752054743677125,1.00260023766022,1.0045055248088,0,0,0,0
"gaussian_phi020_N4096_M64_Q64","gaussian_phi020_N4096","gaussian","fixed_N_distribution_dependence","gaussian_phi_0.2","gaussian, phi = 0.2",0.2,4096,64,64,64,NA,NA,"Fixed N=4096 distribution/dependence block comparison","Gaussian",1,0,0,"inside formal moment assumptions","regular","phi = 0.2",0.5,17,1847110599,"gaussian_phi020_N4096","gaussian","Gaussian","inside formal moment assumptions","regular",0.2,"phi = 0.2",4096,64,64,17,100000,20000,"VK_asym_full_oracle",0.94866,-0.00134000000000001,0.0006978839760304,-0.00139,0.000414828156980693,0.0513400000000001,1.00564808642125,0.9484,0.00156424806216917,20000,0.0760150914367643,4.82098657670812e-05,0.00681790460079926,0.0758550128822196,0.0713429780394887,0.0805625824674322,0.0848267703149236,0.0874875784096302,0.0760150914367643,1.01339363099587,1.01531942932412,0,0,0,0
"gaussian_phi020_N4096_M64_Q64","gaussian_phi020_N4096","gaussian","fixed_N_distribution_dependence","gaussian_phi_0.2","gaussian, phi = 0.2",0.2,4096,64,64,64,NA,NA,"Fixed N=4096 distribution/dependence block comparison","Gaussian",1,0,0,"inside formal moment assumptions","regular","phi = 0.2",0.5,17,1847110599,"gaussian_phi020_N4096","gaussian","Gaussian","inside formal moment assumptions","regular",0.2,"phi = 0.2",4096,64,64,17,100000,20000,"VK_leading_oracle",0.94874,-0.00125999999999993,0.000697369431506716,-0.00131,0.000414589625829661,0.05126,1.00512458403373,0.94845,0.00156353121970749,20000,0.0760354141807362,4.82229233426851e-05,0.00681975122085034,0.0758753762554305,0.0713617691360431,0.0805841535132318,0.0848492557219686,0.0875114473396789,0.0760354141807362,1.01366456323993,1.01559087643313,0,0,0,0
"gaussian_phi020_N4096_M64_Q64","gaussian_phi020_N4096","gaussian","fixed_N_distribution_dependence","gaussian_phi_0.2","gaussian, phi = 0.2",0.2,4096,64,64,64,NA,NA,"Fixed N=4096 distribution/dependence block comparison","Gaussian",1,0,0,"inside formal moment assumptions","regular","phi = 0.2",0.5,17,1847110599,"gaussian_phi020_N4096","gaussian","Gaussian","inside formal moment assumptions","regular",0.2,"phi = 0.2",4096,64,64,17,100000,20000,"VK_asym_full_feasible",0.94841,-0.00158999999999998,0.000699488898410833,-0.00164,0.000427287876904198,0.05159,1.00734052467421,0.94845,0.00156353121970749,20000,0.0761101025421988,5.1349380768351e-05,0.00726189907020621,0.0759420434160367,0.0711515361092294,0.0809400407367079,0.085530771867643,0.0883667600992643,0.0761101025421988,1.01466026959751,1.01658847497711,0,0,0,0
"gaussian_phi020_N4096_M64_Q64","gaussian_phi020_N4096","gaussian","fixed_N_distribution_dependence","gaussian_phi_0.2","gaussian, phi = 0.2",0.2,4096,64,64,64,NA,NA,"Fixed N=4096 distribution/dependence block comparison","Gaussian",1,0,0,"inside formal moment assumptions","regular","phi = 0.2",0.5,17,1847110599,"gaussian_phi020_N4096","gaussian","Gaussian","inside formal moment assumptions","regular",0.2,"phi = 0.2",4096,64,64,17,100000,20000,"F_feasible_leading",0.94849,-0.0015099999999999,0.000698975821470242,-0.00156,0.000426353705008902,0.0515099999999999,1.0068161412673,0.9486,0.00156137823732752,20000,0.0761305414179238,5.13633855743726e-05,0.00726387964886763,0.0759620959009428,0.0711704403151493,0.0809625090364146,0.0855537986254436,0.088390594090019,0.0761305414179238,1.01493275004966,1.01686147323634,0,0,0,0
"gaussian_phi020_N4096_M64_Q64","gaussian_phi020_N4096","gaussian","fixed_N_distribution_dependence","gaussian_phi_0.2","gaussian, phi = 0.2",0.2,4096,64,64,64,NA,NA,"Fixed N=4096 distribution/dependence block comparison","Gaussian",1,0,0,"inside formal moment assumptions","regular","phi = 0.2",0.5,17,1847110599,"gaussian_phi020_N4096","gaussian","Gaussian","inside formal moment assumptions","regular",0.2,"phi = 0.2",4096,64,64,17,100000,20000,"raw",0.94525,-0.00474999999999992,0.000719391670093559,-0.0048,0.000423522601184325,0.05475,1.03588692910104,0.94525,0.0016086086767763,20000,0.074868154042286,4.74733122246767e-05,0.00671374019989102,0.0747111915767163,0.0702699072571375,0.0793483269931019,0.083547878335972,0.0861608576896125,0.074868154042286,0.99810325866655,1,0,0,0,0
"gaussian_phi020_N4096_M64_Q64","gaussian_phi020_N4096","gaussian","fixed_N_distribution_dependence","gaussian_phi_0.2","gaussian, phi = 0.2",0.2,4096,64,64,64,NA,NA,"Fixed N=4096 distribution/dependence block comparison","Gaussian",1,0,0,"inside formal moment assumptions","regular","phi = 0.2",0.5,17,1847110599,"gaussian_phi020_N4096","gaussian","Gaussian","inside formal moment assumptions","regular",0.2,"phi = 0.2",4096,64,64,17,100000,20000,"K_asym_full",0.948,-0.002,0.000702111102319284,-0.00205,0.000415523406798,0.052,1.01213520853836,0.9479,0.00157139412624586,20000,0.0757646010025271,4.80489412155314e-05,0.00679514643246721,0.0756047134162235,0.0711077204588339,0.080297169873153,0.0845461225473988,0.0872000163915257,0.0757646010025271,1.01005422291409,1.01197367521223,0,0,0,0
"gaussian_phi020_N4096_M64_Q64","gaussian_phi020_N4096","gaussian","fixed_N_distribution_dependence","gaussian_phi_0.2","gaussian, phi = 0.2",0.2,4096,64,64,64,NA,NA,"Fixed N=4096 distribution/dependence block comparison","Gaussian",1,0,0,"inside formal moment assumptions","regular","phi = 0.2",0.5,17,1847110599,"gaussian_phi020_N4096","gaussian","Gaussian","inside formal moment assumptions","regular",0.2,"phi = 0.2",4096,64,64,17,100000,20000,"K_leading",0.94807,-0.00192999999999999,0.000701664272284118,-0.00198,0.000415165653233979,0.05193,1.01160832920023,0.9479,0.00157139412624586,20000,0.0757848533377442,4.80619508362758e-05,0.00679698627067701,0.0756250540510234,0.0711267577544029,0.0803186885640499,0.0845689411259521,0.0872230182807342,0.0757848533377442,1.01032421650528,1.0122441818846,0,0,0,0
"gaussian_phi020_N4096_M64_Q64","gaussian_phi020_N4096","gaussian","fixed_N_distribution_dependence","gaussian_phi_0.2","gaussian, phi = 0.2",0.2,4096,64,64,64,NA,NA,"Fixed N=4096 distribution/dependence block comparison","Gaussian",1,0,0,"inside formal moment assumptions","regular","phi = 0.2",0.5,17,1847110599,"gaussian_phi020_N4096","gaussian","Gaussian","inside formal moment assumptions","regular",0.2,"phi = 0.2",4096,64,64,17,100000,20000,"V_oracle",0.94596,-0.00403999999999993,0.000714980268259201,-0.00409,0.000421111021400442,0.05404,1.02924757405054,0.94585,0.00160027774932978,20000,0.0751155305526624,4.76321147265359e-05,0.00673619826507783,0.0749568919521103,0.07050004393898,0.0796108104942104,0.0838217534959157,0.0864483395882346,0.0751155305526624,1.00140115353631,1.00330416201041,0,0,0,0
"gaussian_phi020_N4096_M256_Q16","gaussian_phi020_N4096","gaussian","fixed_N_distribution_dependence","gaussian_phi_0.2","gaussian, phi = 0.2",0.2,4096,256,16,256,NA,NA,"Fixed N=4096 distribution/dependence block comparison","Gaussian",1,0,0,"inside formal moment assumptions","regular","phi = 0.2",0.666666666666667,17,1847110599,"gaussian_phi020_N4096","gaussian","Gaussian","inside formal moment assumptions","regular",0.2,"phi = 0.2",4096,256,16,17,100000,20000,"raw",0.92572,-0.02428,0.000829231461052944,-0.02433,0.000662559356472315,0.07428,1.22217161040709,0.9258,0.00185329922030955,20000,0.0727298718482938,9.59985988751589e-05,0.0135762520498064,0.0722395159234849,0.063284923598601,0.0817205427571437,0.0903825591216317,0.095726307876965,0.0727298718482938,0.969596793493563,1,0,0,0,1e-05
"gaussian_phi020_N4096_M256_Q16","gaussian_phi020_N4096","gaussian","fixed_N_distribution_dependence","gaussian_phi_0.2","gaussian, phi = 0.2",0.2,4096,256,16,256,NA,NA,"Fixed N=4096 distribution/dependence block comparison","Gaussian",1,0,0,"inside formal moment assumptions","regular","phi = 0.2",0.666666666666667,17,1847110599,"gaussian_phi020_N4096","gaussian","Gaussian","inside formal moment assumptions","regular",0.2,"phi = 0.2",4096,256,16,17,100000,20000,"K_asym_full",0.93776,-0.0122399999999999,0.000763977633180448,-0.01229,0.000621283686357681,0.06224,1.10821465055814,0.9368,0.00172054874967262,20000,0.0764792881461256,0.000101118854353485,0.0143003655238328,0.075975927614902,0.0665315519119011,0.0859295798614097,0.095098576822941,0.100685792466899,0.0764792881461256,1.01958205989735,1.05155263171167,0,0,0,1e-05
"gaussian_phi020_N4096_M256_Q16","gaussian_phi020_N4096","gaussian","fixed_N_distribution_dependence","gaussian_phi_0.2","gaussian, phi = 0.2",0.2,4096,256,16,256,NA,NA,"Fixed N=4096 distribution/dependence block comparison","Gaussian",1,0,0,"inside formal moment assumptions","regular","phi = 0.2",0.666666666666667,17,1847110599,"gaussian_phi020_N4096","gaussian","Gaussian","inside formal moment assumptions","regular",0.2,"phi = 0.2",4096,256,16,17,100000,20000,"K_leading",0.93782,-0.01218,0.000763633731575551,-0.01223,0.000621134549901461,0.06218,1.10759302193142,0.9369,0.00171927877320695,20000,0.0765013352756236,0.000101149051312792,0.0143046360187723,0.0759977487391635,0.0665510931057814,0.085955397449865,0.0951258465580832,0.100717593545588,0.0765013352756236,1.01987598075165,1.05185576890877,0,0,0,1e-05
"gaussian_phi020_N4096_M256_Q16","gaussian_phi020_N4096","gaussian","fixed_N_distribution_dependence","gaussian_phi_0.2","gaussian, phi = 0.2",0.2,4096,256,16,256,NA,NA,"Fixed N=4096 distribution/dependence block comparison","Gaussian",1,0,0,"inside formal moment assumptions","regular","phi = 0.2",0.666666666666667,17,1847110599,"gaussian_phi020_N4096","gaussian","Gaussian","inside formal moment assumptions","regular",0.2,"phi = 0.2",4096,256,16,17,100000,20000,"V_oracle",0.92586,-0.0241399999999999,0.000828512283554082,-0.02419,0.000662157702913917,0.07414,1.22030653480165,0.92585,0.00185272471646492,20000,0.072786920571489,9.60762834445964e-05,0.013587238306975,0.0722954553087037,0.0633343659723153,0.0817834275418436,0.0904535091370505,0.0958067606437096,0.072786920571489,0.970357337375702,1.0007843919114,0,0,0,1e-05
"gaussian_phi020_N4096_M256_Q16","gaussian_phi020_N4096","gaussian","fixed_N_distribution_dependence","gaussian_phi_0.2","gaussian, phi = 0.2",0.2,4096,256,16,256,NA,NA,"Fixed N=4096 distribution/dependence block comparison","Gaussian",1,0,0,"inside formal moment assumptions","regular","phi = 0.2",0.666666666666667,17,1847110599,"gaussian_phi020_N4096","gaussian","Gaussian","inside formal moment assumptions","regular",0.2,"phi = 0.2",4096,256,16,17,100000,20000,"F_feasible_leading",0.93791,-0.0120899999999999,0.000763117500126946,-0.01214,0.000623000871027363,0.06209,1.1064325570106,0.93715,0.0017160984456027,20000,0.0765880184174188,0.000101745442550236,0.0143889784764196,0.0760586985792809,0.0665770222854801,0.0860789930329611,0.0953044275826856,0.100984031146755,0.0765880184174188,1.021031595277,1.0530476195142,0,0,0,1e-05
"gaussian_phi020_N4096_M256_Q16","gaussian_phi020_N4096","gaussian","fixed_N_distribution_dependence","gaussian_phi_0.2","gaussian, phi = 0.2",0.2,4096,256,16,256,NA,NA,"Fixed N=4096 distribution/dependence block comparison","Gaussian",1,0,0,"inside formal moment assumptions","regular","phi = 0.2",0.666666666666667,17,1847110599,"gaussian_phi020_N4096","gaussian","Gaussian","inside formal moment assumptions","regular",0.2,"phi = 0.2",4096,256,16,17,100000,20000,"V_feasible",0.92577,-0.02423,0.000828974710711974,-0.02428,0.000663407278443771,0.07423,1.220891097391,0.92585,0.00185272471646492,20000,0.0728081173225795,9.65519209205806e-05,0.013654503603906,0.0723288426262864,0.0633132625664322,0.0818550809857831,0.0905625768544466,0.0959435287106763,0.0728081173225795,0.970639921427723,1.00107583682326,0,0,0,1e-05
"gaussian_phi020_N4096_M256_Q16","gaussian_phi020_N4096","gaussian","fixed_N_distribution_dependence","gaussian_phi_0.2","gaussian, phi = 0.2",0.2,4096,256,16,256,NA,NA,"Fixed N=4096 distribution/dependence block comparison","Gaussian",1,0,0,"inside formal moment assumptions","regular","phi = 0.2",0.666666666666667,17,1847110599,"gaussian_phi020_N4096","gaussian","Gaussian","inside formal moment assumptions","regular",0.2,"phi = 0.2",4096,256,16,17,100000,20000,"VK_asym_full_oracle",0.93798,-0.0120199999999999,0.000762715671793887,-0.01207,0.000620360378707405,0.06202,1.1065234771642,0.93705,0.00171737150174329,20000,0.076539312525716,0.000101201069515464,0.0143119925035431,0.0760339475387328,0.0665838936769332,0.0860002596993435,0.0951733420425316,0.100772360684802,0.076539312525716,1.02038227368163,1.05237793743633,0,0,0,1e-05
"gaussian_phi020_N4096_M256_Q16","gaussian_phi020_N4096","gaussian","fixed_N_distribution_dependence","gaussian_phi_0.2","gaussian, phi = 0.2",0.2,4096,256,16,256,NA,NA,"Fixed N=4096 distribution/dependence block comparison","Gaussian",1,0,0,"inside formal moment assumptions","regular","phi = 0.2",0.666666666666667,17,1847110599,"gaussian_phi020_N4096","gaussian","Gaussian","inside formal moment assumptions","regular",0.2,"phi = 0.2",4096,256,16,17,100000,20000,"VK_leading_oracle",0.93804,-0.01196,0.000762371027781093,-0.01201,0.000620694330258072,0.06196,1.10590279716399,0.93725,0.00171482415279235,20000,0.0765613771114851,0.000101231293309631,0.0143162667935049,0.076055275127876,0.0666029373570257,0.0860252183944437,0.0952011052722967,0.100802714312286,0.0765613771114851,1.02067642725386,1.05268131464859,0,0,0,1e-05
"gaussian_phi020_N4096_M256_Q16","gaussian_phi020_N4096","gaussian","fixed_N_distribution_dependence","gaussian_phi_0.2","gaussian, phi = 0.2",0.2,4096,256,16,256,NA,NA,"Fixed N=4096 distribution/dependence block comparison","Gaussian",1,0,0,"inside formal moment assumptions","regular","phi = 0.2",0.666666666666667,17,1847110599,"gaussian_phi020_N4096","gaussian","Gaussian","inside formal moment assumptions","regular",0.2,"phi = 0.2",4096,256,16,17,100000,20000,"VK_asym_full_feasible",0.93784,-0.0121599999999999,0.000763519052807459,-0.01221,0.000623227922296836,0.06216,1.10705353433471,0.9371,0.0017167351280847,20000,0.0765659201777699,0.000101714988114044,0.0143846715687499,0.0760373437070158,0.0665584738903509,0.0860540040418459,0.0952769065762377,0.100954038848787,0.0765659201777699,1.02073699304877,1.05274377957764,0,0,0,1e-05
"gaussian_phi020_N4096_M16_Q256","gaussian_phi020_N4096","gaussian","fixed_N_distribution_dependence","gaussian_phi_0.2","gaussian, phi = 0.2",0.2,4096,16,256,16,NA,NA,"Fixed N=4096 distribution/dependence block comparison","Gaussian",1,0,0,"inside formal moment assumptions","regular","phi = 0.2",0.333333333333333,8,1847110599,"gaussian_phi020_N4096","gaussian","Gaussian","inside formal moment assumptions","regular",0.2,"phi = 0.2",4096,16,256,8,100000,20000,"K_asym_full",0.94673,-0.00327,0.000710157074878509,-0.00332,0.000295111244967841,0.05327,1.0261832189269,0.9462,0.00159539274161568,20000,0.0742938777867878,2.3286772980931e-05,0.0032932470173536,0.0742892290426201,0.072042302839133,0.0764901462722102,0.0784886311915607,0.0797345732309043,0.0742938777867878,0.990447306555539,1.00270611903916,0,0,0,0
"gaussian_phi020_N4096_M16_Q256","gaussian_phi020_N4096","gaussian","fixed_N_distribution_dependence","gaussian_phi_0.2","gaussian, phi = 0.2",0.2,4096,16,256,16,NA,NA,"Fixed N=4096 distribution/dependence block comparison","Gaussian",1,0,0,"inside formal moment assumptions","regular","phi = 0.2",0.333333333333333,8,1847110599,"gaussian_phi020_N4096","gaussian","Gaussian","inside formal moment assumptions","regular",0.2,"phi = 0.2",4096,16,256,8,100000,20000,"K_leading",0.94678,-0.00322,0.000709842458577958,-0.00327,0.000294608110783443,0.05322,1.02565846733712,0.94625,0.0015946933482648,20000,0.0743130220702081,2.32927800335005e-05,0.00329409654287497,0.0743083811734762,0.0720608493835379,0.0765098716447428,0.0785088275694833,0.0797551155014913,0.0743130220702081,0.990702528176949,1.00296449955048,0,0,0,0
"gaussian_phi020_N4096_M16_Q256","gaussian_phi020_N4096","gaussian","fixed_N_distribution_dependence","gaussian_phi_0.2","gaussian, phi = 0.2",0.2,4096,16,256,16,NA,NA,"Fixed N=4096 distribution/dependence block comparison","Gaussian",1,0,0,"inside formal moment assumptions","regular","phi = 0.2",0.333333333333333,8,1847110599,"gaussian_phi020_N4096","gaussian","Gaussian","inside formal moment assumptions","regular",0.2,"phi = 0.2",4096,16,256,8,100000,20000,"V_oracle",0.94905,-0.000950000000000006,0.0006953711059571,-0.001,0.000282826448388405,0.0509500000000001,1.00493855189038,0.94845,0.00156353121970749,20000,0.0750809743359229,2.3533753898188e-05,0.00332817539363681,0.0750754531927233,0.0728060542603216,0.0773005717228347,0.0793199272220299,0.0805805098940127,0.0750809743359229,1.00094046804224,1.01332915487473,0,0,0,0
"gaussian_phi020_N4096_M16_Q256","gaussian_phi020_N4096","gaussian","fixed_N_distribution_dependence","gaussian_phi_0.2","gaussian, phi = 0.2",0.2,4096,16,256,16,NA,NA,"Fixed N=4096 distribution/dependence block comparison","Gaussian",1,0,0,"inside formal moment assumptions","regular","phi = 0.2",0.333333333333333,8,1847110599,"gaussian_phi020_N4096","gaussian","Gaussian","inside formal moment assumptions","regular",0.2,"phi = 0.2",4096,16,256,8,100000,20000,"V_feasible",0.94913,-0.000869999999999926,0.000694854251624036,-0.00092,0.000309826557810913,0.05087,1.00599035170741,0.94915,0.00155345224419678,20000,0.0751635177802003,2.805732628326e-05,0.00396790513537133,0.0751518072270542,0.0724791842667996,0.0778233533311956,0.0801960000694696,0.0817231068504406,0.0751635177802003,1.00204089427511,1.01444320113438,0,0,0,0
"gaussian_phi020_N4096_M16_Q256","gaussian_phi020_N4096","gaussian","fixed_N_distribution_dependence","gaussian_phi_0.2","gaussian, phi = 0.2",0.2,4096,16,256,16,NA,NA,"Fixed N=4096 distribution/dependence block comparison","Gaussian",1,0,0,"inside formal moment assumptions","regular","phi = 0.2",0.333333333333333,8,1847110599,"gaussian_phi020_N4096","gaussian","Gaussian","inside formal moment assumptions","regular",0.2,"phi = 0.2",4096,16,256,8,100000,20000,"VK_asym_full_oracle",0.94974,-0.000259999999999927,0.000690897477199041,-0.00031,0.000281602258510687,0.05026,0.999561378242362,0.94935,0.00155055760131638,20000,0.0752841937606109,2.35975242956548e-05,0.00333719388973436,0.0752785240072209,0.0730030551096827,0.0775095438052759,0.0795341615912256,0.0807988023814925,0.0752841937606109,1.00364968363063,1.01607190255075,0,0,0,0
"gaussian_phi020_N4096_M16_Q256","gaussian_phi020_N4096","gaussian","fixed_N_distribution_dependence","gaussian_phi_0.2","gaussian, phi = 0.2",0.2,4096,16,256,16,NA,NA,"Fixed N=4096 distribution/dependence block comparison","Gaussian",1,0,0,"inside formal moment assumptions","regular","phi = 0.2",0.333333333333333,8,1847110599,"gaussian_phi020_N4096","gaussian","Gaussian","inside formal moment assumptions","regular",0.2,"phi = 0.2",4096,16,256,8,100000,20000,"VK_leading_oracle",0.94981,-0.000189999999999912,0.000690441626062623,-0.00024,0.00028213510948161,0.05019,0.999050240062893,0.9494,0.00154983289421795,20000,0.0753035972081638,2.36036131803886e-05,0.00333805498807139,0.0752978622056483,0.0730219101512533,0.0775294912700715,0.0795546225789007,0.080819646108746,0.0753035972081638,1.00390836029336,1.01633378086659,0,0,0,0
"gaussian_phi020_N4096_M16_Q256","gaussian_phi020_N4096","gaussian","fixed_N_distribution_dependence","gaussian_phi_0.2","gaussian, phi = 0.2",0.2,4096,16,256,16,NA,NA,"Fixed N=4096 distribution/dependence block comparison","Gaussian",1,0,0,"inside formal moment assumptions","regular","phi = 0.2",0.333333333333333,8,1847110599,"gaussian_phi020_N4096","gaussian","Gaussian","inside formal moment assumptions","regular",0.2,"phi = 0.2",4096,16,256,8,100000,20000,"VK_asym_full_feasible",0.94951,-0.00048999999999999,0.000692392662439457,-0.00054,0.000309835511167522,0.05049,1.00060755014289,0.94935,0.00155055760131638,20000,0.0753677583986849,2.81336812114853e-05,0.00397870335287637,0.075355702070656,0.0726759440316679,0.0780351024737095,0.0804132672469909,0.0819449535485143,0.0753677583986849,1.00476372388764,1.01719973133595,0,0,0,0
"gaussian_phi020_N4096_M16_Q256","gaussian_phi020_N4096","gaussian","fixed_N_distribution_dependence","gaussian_phi_0.2","gaussian, phi = 0.2",0.2,4096,16,256,16,NA,NA,"Fixed N=4096 distribution/dependence block comparison","Gaussian",1,0,0,"inside formal moment assumptions","regular","phi = 0.2",0.333333333333333,8,1847110599,"gaussian_phi020_N4096","gaussian","Gaussian","inside formal moment assumptions","regular",0.2,"phi = 0.2",4096,16,256,8,100000,20000,"F_feasible_leading",0.94958,-0.000419999999999976,0.00069193802901705,-0.00047,0.00031096423908157,0.05042,1.00009587699037,0.94955,0.00154765625220848,20000,0.0753872596886828,2.81409719487328e-05,0.00397973441882588,0.075375207264732,0.0726947212633813,0.0780553185070569,0.0804340553094258,0.0819661362433783,0.0753872596886828,1.00502370493491,1.01746293018076,0,0,0,0
"gaussian_phi020_N4096_M16_Q256","gaussian_phi020_N4096","gaussian","fixed_N_distribution_dependence","gaussian_phi_0.2","gaussian, phi = 0.2",0.2,4096,16,256,16,NA,NA,"Fixed N=4096 distribution/dependence block comparison","Gaussian",1,0,0,"inside formal moment assumptions","regular","phi = 0.2",0.333333333333333,8,1847110599,"gaussian_phi020_N4096","gaussian","Gaussian","inside formal moment assumptions","regular",0.2,"phi = 0.2",4096,16,256,8,100000,20000,"raw",0.94597,-0.00402999999999998,0.000714917891089599,-0.00408,0.000300057388418222,0.05403,1.03170360565148,0.94545,0.00160583774865333,20000,0.0740933723013275,2.32238595030904e-05,0.00328434970799177,0.074088987225921,0.0718483918197984,0.0762835180799768,0.0782769196977016,0.0795196967485823,0.0740933723013275,0.987774271792248,1,0,0,0,0
"gaussian_phi080_N4096_M64_Q64","gaussian_phi080_N4096","gaussian","fixed_N_distribution_dependence","gaussian_phi_0.8","gaussian, phi = 0.8",0.8,4096,64,64,64,NA,NA,"Fixed N=4096 distribution/dependence block comparison","Gaussian",1,0,0,"inside formal moment assumptions","regular","phi = 0.8",0.5,17,1907152599,"gaussian_phi080_N4096","gaussian","Gaussian","inside formal moment assumptions","regular",0.8,"phi = 0.8",4096,64,64,17,100000,20000,"V_feasible",0.94678,-0.00322,0.000709842458577958,-0.00343,0.000423301479847907,0.05322,1.03800366273879,0.9484,0.00156424806216917,20000,0.18341279287009,0.000121732212532934,0.017215534594176,0.183009982089229,0.171710891350645,0.194687154526402,0.205534703085981,0.212006691531834,0.18341279287009,0.998725191165819,1.03469957695045,0,0,0,0
"gaussian_phi080_N4096_M64_Q64","gaussian_phi080_N4096","gaussian","fixed_N_distribution_dependence","gaussian_phi_0.8","gaussian, phi = 0.8",0.8,4096,64,64,64,NA,NA,"Fixed N=4096 distribution/dependence block comparison","Gaussian",1,0,0,"inside formal moment assumptions","regular","phi = 0.8",0.5,17,1907152599,"gaussian_phi080_N4096","gaussian","Gaussian","inside formal moment assumptions","regular",0.8,"phi = 0.8",4096,64,64,17,100000,20000,"VK_asym_full_oracle",0.94965,-0.000349999999999961,0.000691483025822037,-0.00056,0.00040767453438406,0.05035,1.01262420370768,0.9512,0.00152345922164001,20000,0.185557526503606,0.000118809704523723,0.0168022295478988,0.185285028026327,0.174174655395321,0.196568366723401,0.20715130431991,0.213478430031607,0.185557526503606,1.01040376317061,1.04679881467834,0,0,0,0
"gaussian_phi080_N4096_M64_Q64","gaussian_phi080_N4096","gaussian","fixed_N_distribution_dependence","gaussian_phi_0.8","gaussian, phi = 0.8",0.8,4096,64,64,64,NA,NA,"Fixed N=4096 distribution/dependence block comparison","Gaussian",1,0,0,"inside formal moment assumptions","regular","phi = 0.8",0.5,17,1907152599,"gaussian_phi080_N4096","gaussian","Gaussian","inside formal moment assumptions","regular",0.8,"phi = 0.8",4096,64,64,17,100000,20000,"VK_leading_oracle",0.95014,0.000140000000000029,0.000688287588149024,-7e-05,0.000408780652693129,0.04986,1.00702959484742,0.9517,0.00151603281626751,20000,0.186086875258318,0.000119154467900024,0.0168509864521564,0.185814975038104,0.17467359631954,0.197127988797466,0.207741890135788,0.21408126167841,0.186086875258318,1.01328618989761,1.04978506729457,0,0,0,0
"gaussian_phi080_N4096_M64_Q64","gaussian_phi080_N4096","gaussian","fixed_N_distribution_dependence","gaussian_phi_0.8","gaussian, phi = 0.8",0.8,4096,64,64,64,NA,NA,"Fixed N=4096 distribution/dependence block comparison","Gaussian",1,0,0,"inside formal moment assumptions","regular","phi = 0.8",0.5,17,1907152599,"gaussian_phi080_N4096","gaussian","Gaussian","inside formal moment assumptions","regular",0.8,"phi = 0.8",4096,64,64,17,100000,20000,"VK_asym_full_feasible",0.949,-0.001,0.000695693898205238,-0.00121,0.000415796931050337,0.051,1.01930698218165,0.95065,0.00153157725074513,20000,0.185138709210259,0.000122898433398451,0.0173804631306496,0.184733196593265,0.173327181560341,0.196526978728367,0.207464235751164,0.213978716163184,0.185138709210259,1.00812320588332,1.04443611102247,0,0,0,0
"gaussian_phi080_N4096_M64_Q64","gaussian_phi080_N4096","gaussian","fixed_N_distribution_dependence","gaussian_phi_0.8","gaussian, phi = 0.8",0.8,4096,64,64,64,NA,NA,"Fixed N=4096 distribution/dependence block comparison","Gaussian",1,0,0,"inside formal moment assumptions","regular","phi = 0.8",0.5,17,1907152599,"gaussian_phi080_N4096","gaussian","Gaussian","inside formal moment assumptions","regular",0.8,"phi = 0.8",4096,64,64,17,100000,20000,"F_feasible_leading",0.94963,-0.000369999999999981,0.00069161306450934,-0.00058,0.000415449590183478,0.05037,1.01367545189335,0.951,0.00152641737411496,20000,0.185668184700448,0.000123256379901538,0.0174310844105765,0.185260490401516,0.173820176321591,0.197093284647789,0.208064171597534,0.214588511065898,0.185668184700448,1.01100632271439,1.04742307860054,0,0,0,0
"gaussian_phi080_N4096_M64_Q64","gaussian_phi080_N4096","gaussian","fixed_N_distribution_dependence","gaussian_phi_0.8","gaussian, phi = 0.8",0.8,4096,64,64,64,NA,NA,"Fixed N=4096 distribution/dependence block comparison","Gaussian",1,0,0,"inside formal moment assumptions","regular","phi = 0.8",0.5,17,1907152599,"gaussian_phi080_N4096","gaussian","Gaussian","inside formal moment assumptions","regular",0.8,"phi = 0.8",4096,64,64,17,100000,20000,"raw",0.93888,-0.0111199999999999,0.000757524558017758,-0.01133,0.000446114672682946,0.06112,1.10695092727016,0.94055,0.00167206006919608,20000,0.1772618806037,0.00011341656532749,0.0160395244883911,0.177003208465224,0.166391906122076,0.187776014161425,0.197859161681389,0.20388516124207,0.1772618806037,0.965232047459942,1,0,0,0,0
"gaussian_phi080_N4096_M64_Q64","gaussian_phi080_N4096","gaussian","fixed_N_distribution_dependence","gaussian_phi_0.8","gaussian, phi = 0.8",0.8,4096,64,64,64,NA,NA,"Fixed N=4096 distribution/dependence block comparison","Gaussian",1,0,0,"inside formal moment assumptions","regular","phi = 0.8",0.5,17,1907152599,"gaussian_phi080_N4096","gaussian","Gaussian","inside formal moment assumptions","regular",0.8,"phi = 0.8",4096,64,64,17,100000,20000,"K_asym_full",0.94115,-0.00884999999999991,0.000744222261827742,-0.00906,0.000434489415073046,0.05885,1.08701235805067,0.943,0.00163937488086161,20000,0.178922624717707,0.000114494818085971,0.016192012455862,0.178659605279478,0.167949999555353,0.189545335380646,0.199708737966418,0.205794998817539,0.178922624717707,0.974275184292355,1.00936887337735,0,0,0,0
"gaussian_phi080_N4096_M64_Q64","gaussian_phi080_N4096","gaussian","fixed_N_distribution_dependence","gaussian_phi_0.8","gaussian, phi = 0.8",0.8,4096,64,64,64,NA,NA,"Fixed N=4096 distribution/dependence block comparison","Gaussian",1,0,0,"inside formal moment assumptions","regular","phi = 0.8",0.5,17,1907152599,"gaussian_phi080_N4096","gaussian","Gaussian","inside formal moment assumptions","regular",0.8,"phi = 0.8",4096,64,64,17,100000,20000,"K_leading",0.94202,-0.00797999999999999,0.000739042079992743,-0.00819,0.000429919861498481,0.05798,1.08100676491227,0.94395,0.0016264746770239,20000,0.179432066580087,0.000114825716455761,0.0162388085520945,0.179170829524612,0.168422806017508,0.190084745961872,0.200282602784806,0.206380323369869,0.179432066580087,0.977049213374139,1.01224282383215,0,0,0,0
"gaussian_phi080_N4096_M64_Q64","gaussian_phi080_N4096","gaussian","fixed_N_distribution_dependence","gaussian_phi_0.8","gaussian, phi = 0.8",0.8,4096,64,64,64,NA,NA,"Fixed N=4096 distribution/dependence block comparison","Gaussian",1,0,0,"inside formal moment assumptions","regular","phi = 0.8",0.5,17,1907152599,"gaussian_phi080_N4096","gaussian","Gaussian","inside formal moment assumptions","regular",0.8,"phi = 0.8",4096,64,64,17,100000,20000,"V_oracle",0.94757,-0.00242999999999993,0.000704848175850658,-0.00264,0.000414164241962284,0.05243,1.03119830512376,0.9493,0.00155128188927738,20000,0.183831944921516,0.000117686374191559,0.0166433666488217,0.183564588747619,0.172555958443831,0.194743490823711,0.205201201694559,0.211485285476351,0.183831944921516,1.00100757128848,1.03706416910077,0,0,0,0
"gaussian_phi080_N4096_M256_Q16","gaussian_phi080_N4096","gaussian","fixed_N_distribution_dependence","gaussian_phi_0.8","gaussian, phi = 0.8",0.8,4096,256,16,256,NA,NA,"Fixed N=4096 distribution/dependence block comparison","Gaussian",1,0,0,"inside formal moment assumptions","regular","phi = 0.8",0.666666666666667,17,1907152599,"gaussian_phi080_N4096","gaussian","Gaussian","inside formal moment assumptions","regular",0.8,"phi = 0.8",4096,256,16,17,100000,20000,"raw",0.9237,-0.0263,0.000839513609180935,-0.02651,0.000665038812225435,0.0763,1.2580068617192,0.92595,0.00185157497147698,20000,0.176932438167524,0.000232830046703349,0.0329271409775837,0.175584571930432,0.154355588847555,0.198463313260641,0.219653922744638,0.232790785902929,0.176932438167524,0.963438156996256,1,0,0,0,2e-05
"gaussian_phi080_N4096_M256_Q16","gaussian_phi080_N4096","gaussian","fixed_N_distribution_dependence","gaussian_phi_0.8","gaussian, phi = 0.8",0.8,4096,256,16,256,NA,NA,"Fixed N=4096 distribution/dependence block comparison","Gaussian",1,0,0,"inside formal moment assumptions","regular","phi = 0.8",0.666666666666667,17,1907152599,"gaussian_phi080_N4096","gaussian","Gaussian","inside formal moment assumptions","regular",0.8,"phi = 0.8",4096,256,16,17,100000,20000,"K_asym_full",0.93566,-0.0143399999999999,0.000775888937928619,-0.01455,0.000623527756293678,0.06434,1.14689384246579,0.93675,0.00172118327757389,20000,0.185542423090902,0.000244558997234535,0.0345858650689444,0.184168190388909,0.161827234117739,0.208176208810672,0.23040324057388,0.244188069844948,0.185542423090902,1.01032152158591,1.04866255737247,0,0,0,2e-05
"gaussian_phi080_N4096_M256_Q16","gaussian_phi080_N4096","gaussian","fixed_N_distribution_dependence","gaussian_phi_0.8","gaussian, phi = 0.8",0.8,4096,256,16,256,NA,NA,"Fixed N=4096 distribution/dependence block comparison","Gaussian",1,0,0,"inside formal moment assumptions","regular","phi = 0.8",0.666666666666667,17,1907152599,"gaussian_phi080_N4096","gaussian","Gaussian","inside formal moment assumptions","regular",0.8,"phi = 0.8",4096,256,16,17,100000,20000,"K_leading",0.93632,-0.0136799999999999,0.000772171338499429,-0.01389,0.000621107508202378,0.06368,1.14006871843303,0.93765,0.00170971455950986,20000,0.186112517557746,0.000245337950916806,0.0346960257551371,0.18473855557947,0.162318003601825,0.208823257501405,0.23111907740021,0.244962542410657,0.186112517557746,1.01342581816453,1.05188465996003,0,0,0,2e-05
"gaussian_phi080_N4096_M256_Q16","gaussian_phi080_N4096","gaussian","fixed_N_distribution_dependence","gaussian_phi_0.8","gaussian, phi = 0.8",0.8,4096,256,16,256,NA,NA,"Fixed N=4096 distribution/dependence block comparison","Gaussian",1,0,0,"inside formal moment assumptions","regular","phi = 0.8",0.666666666666667,17,1907152599,"gaussian_phi080_N4096","gaussian","Gaussian","inside formal moment assumptions","regular",0.8,"phi = 0.8",4096,256,16,17,100000,20000,"V_oracle",0.92598,-0.0240199999999999,0.000827895160029336,-0.02423,0.000657292470163711,0.07402,1.23750924828689,0.92805,0.0018272000095775,20000,0.178431927598334,0.000234868019875143,0.0332153539075141,0.177086553599241,0.155656495732172,0.200158474961856,0.221560921110233,0.23477577922397,0.178431927598334,0.971603224683206,1.00847492662363,0,0,0,2e-05
"gaussian_phi080_N4096_M256_Q16","gaussian_phi080_N4096","gaussian","fixed_N_distribution_dependence","gaussian_phi_0.8","gaussian, phi = 0.8",0.8,4096,256,16,256,NA,NA,"Fixed N=4096 distribution/dependence block comparison","Gaussian",1,0,0,"inside formal moment assumptions","regular","phi = 0.8",0.666666666666667,17,1907152599,"gaussian_phi080_N4096","gaussian","Gaussian","inside formal moment assumptions","regular",0.8,"phi = 0.8",4096,256,16,17,100000,20000,"F_feasible_leading",0.93816,-0.01184,0.000761681130132551,-0.01205,0.000615184329707442,0.06184,1.12319365993968,0.93975,0.0016825566483777,20000,0.187602803110249,0.000248055598067255,0.0350803591009281,0.186169593607756,0.163558807884923,0.210569284900193,0.233123757007496,0.247175453933064,0.187602803110249,1.02154076859969,1.0603075674152,0,0,0,2e-05
"gaussian_phi080_N4096_M256_Q16","gaussian_phi080_N4096","gaussian","fixed_N_distribution_dependence","gaussian_phi_0.8","gaussian, phi = 0.8",0.8,4096,256,16,256,NA,NA,"Fixed N=4096 distribution/dependence block comparison","Gaussian",1,0,0,"inside formal moment assumptions","regular","phi = 0.8",0.666666666666667,17,1907152599,"gaussian_phi080_N4096","gaussian","Gaussian","inside formal moment assumptions","regular",0.8,"phi = 0.8",4096,256,16,17,100000,20000,"V_feasible",0.92577,-0.02423,0.000828974710711974,-0.02444,0.000658354918195333,0.07423,1.23938610751965,0.92785,0.00182954061857068,20000,0.178342577079643,0.000235382983980317,0.0332881808296813,0.17699404942214,0.155497325191302,0.200112610348986,0.221569968079444,0.234896911253939,0.178342577079643,0.971116690388273,1.00796992867291,0,0,0,2e-05
"gaussian_phi080_N4096_M256_Q16","gaussian_phi080_N4096","gaussian","fixed_N_distribution_dependence","gaussian_phi_0.8","gaussian, phi = 0.8",0.8,4096,256,16,256,NA,NA,"Fixed N=4096 distribution/dependence block comparison","Gaussian",1,0,0,"inside formal moment assumptions","regular","phi = 0.8",0.666666666666667,17,1907152599,"gaussian_phi080_N4096","gaussian","Gaussian","inside formal moment assumptions","regular",0.8,"phi = 0.8",4096,256,16,17,100000,20000,"VK_asym_full_oracle",0.93769,-0.0123099999999999,0.000764378596639126,-0.01252,0.00061663303379156,0.06231,1.12820667362266,0.9391,0.00169102321095838,20000,0.18711577580503,0.000246709480899985,0.0348899893854786,0.185731283391725,0.163173727771405,0.209956434886844,0.232385734068182,0.24627421384876,0.18711577580503,1.01888879197965,1.0575549500305,0,0,0,2e-05
"gaussian_phi080_N4096_M256_Q16","gaussian_phi080_N4096","gaussian","fixed_N_distribution_dependence","gaussian_phi_0.8","gaussian, phi = 0.8",0.8,4096,256,16,256,NA,NA,"Fixed N=4096 distribution/dependence block comparison","Gaussian",1,0,0,"inside formal moment assumptions","regular","phi = 0.8",0.666666666666667,17,1907152599,"gaussian_phi080_N4096","gaussian","Gaussian","inside formal moment assumptions","regular",0.8,"phi = 0.8",4096,256,16,17,100000,20000,"VK_leading_oracle",0.93828,-0.01172,0.000760990417810895,-0.01193,0.000614557180256873,0.06172,1.12149275625999,0.93995,0.00167994043793225,20000,0.187690748511494,0.000247495927049831,0.0350012096665973,0.186306022056746,0.163663053778117,0.210612256779732,0.233092181245341,0.247046725972082,0.187690748511494,1.02201965170428,1.06080462381796,0,0,0,2e-05
"gaussian_phi080_N4096_M256_Q16","gaussian_phi080_N4096","gaussian","fixed_N_distribution_dependence","gaussian_phi_0.8","gaussian, phi = 0.8",0.8,4096,256,16,256,NA,NA,"Fixed N=4096 distribution/dependence block comparison","Gaussian",1,0,0,"inside formal moment assumptions","regular","phi = 0.8",0.666666666666667,17,1907152599,"gaussian_phi080_N4096","gaussian","Gaussian","inside formal moment assumptions","regular",0.8,"phi = 0.8",4096,256,16,17,100000,20000,"VK_asym_full_feasible",0.93755,-0.01245,0.000765179701116019,-0.01266,0.000617738666436382,0.06245,1.12991775991538,0.93905,0.00169167221263459,20000,0.187027716534451,0.000247266302450279,0.0349687358443032,0.185602421178207,0.163051754967879,0.209924268412313,0.232423079265224,0.246403304926407,0.187027716534451,1.01840928883013,1.05705725005252,0,0,0,2e-05
"gaussian_phi080_N4096_M16_Q256","gaussian_phi080_N4096","gaussian","fixed_N_distribution_dependence","gaussian_phi_0.8","gaussian, phi = 0.8",0.8,4096,16,256,16,NA,NA,"Fixed N=4096 distribution/dependence block comparison","Gaussian",1,0,0,"inside formal moment assumptions","regular","phi = 0.8",0.333333333333333,8,1907152599,"gaussian_phi080_N4096","gaussian","Gaussian","inside formal moment assumptions","regular",0.8,"phi = 0.8",4096,16,256,8,100000,20000,"K_asym_full",0.90562,-0.04438,0.000924512929060487,-0.04459,0.00065270328574,0.09438,1.37858859946492,0.90775,0.00204621525627193,20000,0.157045748937901,5.07225111090621e-05,0.00717324631280556,0.157034611069315,0.152245506301795,0.161846003059722,0.166287494951575,0.168876041335813,0.157045748937901,0.855150522356844,1.00021869716427,0,0,0,0
"gaussian_phi080_N4096_M16_Q256","gaussian_phi080_N4096","gaussian","fixed_N_distribution_dependence","gaussian_phi_0.8","gaussian, phi = 0.8",0.8,4096,16,256,16,NA,NA,"Fixed N=4096 distribution/dependence block comparison","Gaussian",1,0,0,"inside formal moment assumptions","regular","phi = 0.8",0.333333333333333,8,1907152599,"gaussian_phi080_N4096","gaussian","Gaussian","inside formal moment assumptions","regular",0.8,"phi = 0.8",4096,16,256,8,100000,20000,"K_leading",0.90632,-0.0436799999999999,0.000921433978101524,-0.04389,0.000647796939950131,0.09368,1.37110602999323,0.90855,0.00203822100739836,20000,0.157476883471121,5.08619231775769e-05,0.00719296215661077,0.157465829286081,0.152663288525806,0.162290899935448,0.166744591541183,0.169339590206693,0.157476883471121,0.857498149871644,1.00296457741914,0,0,0,0
"gaussian_phi080_N4096_M16_Q256","gaussian_phi080_N4096","gaussian","fixed_N_distribution_dependence","gaussian_phi_0.8","gaussian, phi = 0.8",0.8,4096,16,256,16,NA,NA,"Fixed N=4096 distribution/dependence block comparison","Gaussian",1,0,0,"inside formal moment assumptions","regular","phi = 0.8",0.333333333333333,8,1907152599,"gaussian_phi080_N4096","gaussian","Gaussian","inside formal moment assumptions","regular",0.8,"phi = 0.8",4096,16,256,8,100000,20000,"V_oracle",0.95022,0.000219999999999998,0.00068776414271173,1e-05,0.000289656413718702,0.04978,1.00795687034028,0.95155,0.00151826541651979,20000,0.183916108659158,5.94169743618567e-05,0.00840282909777122,0.183904641394192,0.17830171282407,0.189551828345995,0.194760395189038,0.1977584690677,0.183916108659158,1.00146586235777,1.17135504675981,0,0,0,0
"gaussian_phi080_N4096_M16_Q256","gaussian_phi080_N4096","gaussian","fixed_N_distribution_dependence","gaussian_phi_0.8","gaussian, phi = 0.8",0.8,4096,16,256,16,NA,NA,"Fixed N=4096 distribution/dependence block comparison","Gaussian",1,0,0,"inside formal moment assumptions","regular","phi = 0.8",0.333333333333333,8,1907152599,"gaussian_phi080_N4096","gaussian","Gaussian","inside formal moment assumptions","regular",0.8,"phi = 0.8",4096,16,256,8,100000,20000,"V_feasible",0.93622,-0.0137799999999999,0.000772736123136482,-0.01399,0.000390056816942358,0.0637799999999999,1.12642760964228,0.93825,0.0017020125954293,20000,0.173977278034295,6.02215855433163e-05,0.00851661830229694,0.173931827601014,0.168296347367021,0.179701070162764,0.18495660806056,0.188020642835425,0.173977278034295,0.947346624760138,1.10805499383786,0,0,0,0
"gaussian_phi080_N4096_M16_Q256","gaussian_phi080_N4096","gaussian","fixed_N_distribution_dependence","gaussian_phi_0.8","gaussian, phi = 0.8",0.8,4096,16,256,16,NA,NA,"Fixed N=4096 distribution/dependence block comparison","Gaussian",1,0,0,"inside formal moment assumptions","regular","phi = 0.8",0.333333333333333,8,1907152599,"gaussian_phi080_N4096","gaussian","Gaussian","inside formal moment assumptions","regular",0.8,"phi = 0.8",4096,16,256,8,100000,20000,"VK_asym_full_oracle",0.95031,0.000310000000000032,0.000687174678666204,1e-04,0.000289137918660559,0.04969,1.00751938905975,0.9517,0.00151603281626751,20000,0.183956445309844,5.94300362763606e-05,0.00840467633143542,0.183944847889102,0.178341017013681,0.189593479746972,0.19480297591243,0.197801812983933,0.183956445309844,1.00168550477495,1.1716119494297,0,0,0,0
"gaussian_phi080_N4096_M16_Q256","gaussian_phi080_N4096","gaussian","fixed_N_distribution_dependence","gaussian_phi_0.8","gaussian, phi = 0.8",0.8,4096,16,256,16,NA,NA,"Fixed N=4096 distribution/dependence block comparison","Gaussian",1,0,0,"inside formal moment assumptions","regular","phi = 0.8",0.333333333333333,8,1907152599,"gaussian_phi080_N4096","gaussian","Gaussian","inside formal moment assumptions","regular",0.8,"phi = 0.8",4096,16,256,8,100000,20000,"VK_leading_oracle",0.95102,0.00102000000000002,0.000682502451277649,0.00081,0.000288260767262386,0.04898,1.00205087305313,0.95245,0.00150480891644089,20000,0.184462904008173,5.95940440026571e-05,0.00842787052652167,0.184452473390811,0.178831023984589,0.190115684099083,0.195337652907634,0.198346285300118,0.184462904008173,1.00444328983667,1.17483756656889,0,0,0,0
"gaussian_phi080_N4096_M16_Q256","gaussian_phi080_N4096","gaussian","fixed_N_distribution_dependence","gaussian_phi_0.8","gaussian, phi = 0.8",0.8,4096,16,256,16,NA,NA,"Fixed N=4096 distribution/dependence block comparison","Gaussian",1,0,0,"inside formal moment assumptions","regular","phi = 0.8",0.333333333333333,8,1907152599,"gaussian_phi080_N4096","gaussian","Gaussian","inside formal moment assumptions","regular",0.8,"phi = 0.8",4096,16,256,8,100000,20000,"VK_asym_full_feasible",0.93629,-0.01371,0.000772340830851251,-0.01392,0.000389183569332656,0.06371,1.12593870877004,0.93835,0.00170072451472894,20000,0.174015455131684,6.0234819563572e-05,0.00851848987538998,0.173970195359714,0.168333221842966,0.179740500308697,0.184997071300125,0.188061928001287,0.174015455131684,0.947554507908811,1.10829814239088,0,0,0,0
"gaussian_phi080_N4096_M16_Q256","gaussian_phi080_N4096","gaussian","fixed_N_distribution_dependence","gaussian_phi_0.8","gaussian, phi = 0.8",0.8,4096,16,256,16,NA,NA,"Fixed N=4096 distribution/dependence block comparison","Gaussian",1,0,0,"inside formal moment assumptions","regular","phi = 0.8",0.333333333333333,8,1907152599,"gaussian_phi080_N4096","gaussian","Gaussian","inside formal moment assumptions","regular",0.8,"phi = 0.8",4096,16,256,8,100000,20000,"F_feasible_leading",0.93686,-0.0131399999999999,0.000769112088059991,-0.01335,0.00038330046203004,0.06314,1.11982744786703,0.9389,0.0016936172826232,20000,0.174494799547481,6.0400985470975e-05,0.00854198928337531,0.174450953080876,0.16879659146935,0.180235902929044,0.185505114932783,0.188580337857604,0.174494799547481,0.950164649414263,1.11135106964491,0,0,0,0
"gaussian_phi080_N4096_M16_Q256","gaussian_phi080_N4096","gaussian","fixed_N_distribution_dependence","gaussian_phi_0.8","gaussian, phi = 0.8",0.8,4096,16,256,16,NA,NA,"Fixed N=4096 distribution/dependence block comparison","Gaussian",1,0,0,"inside formal moment assumptions","regular","phi = 0.8",0.333333333333333,8,1907152599,"gaussian_phi080_N4096","gaussian","Gaussian","inside formal moment assumptions","regular",0.8,"phi = 0.8",4096,16,256,8,100000,20000,"raw",0.90555,-0.04445,0.000924819968966934,-0.04466,0.000653191480801079,0.09445,1.37918720502266,0.9077,0.00204671334094445,20000,0.157011410987561,5.07114077417658e-05,0.00717167605954372,0.157000249653881,0.152212234871689,0.161810570328208,0.166251092323275,0.168839075787651,0.157011410987561,0.854963544254163,1,0,0,0,0
"laplace_phi080_N4096_M64_Q64","laplace_phi080_N4096","laplace","fixed_N_distribution_dependence","laplace_phi_0.8","laplace, phi = 0.8",0.8,4096,64,64,64,NA,NA,"Fixed N=4096 distribution/dependence block comparison","Standardized Laplace",2,0,3,"inside formal moment assumptions","regular","phi = 0.8",0.5,17,1907152700,"laplace_phi080_N4096","laplace","Standardized Laplace","inside formal moment assumptions","regular",0.8,"phi = 0.8",4096,64,64,17,100000,20000,"V_feasible",0.94419,-0.00580999999999998,0.000725914897904706,NA,NA,0.05581,1.04173839243821,0.94325,0.00163599262681713,20000,0.183561792260311,0.000122606224364586,0.0173391385327757,0.183204746873376,0.171704518705202,0.195209971724182,0.206092043002424,0.212661605597066,0.183561792260311,0.999536527398989,1.03476091907337,0,0,0,0
"laplace_phi080_N4096_M64_Q64","laplace_phi080_N4096","laplace","fixed_N_distribution_dependence","laplace_phi_0.8","laplace, phi = 0.8",0.8,4096,64,64,64,NA,NA,"Fixed N=4096 distribution/dependence block comparison","Standardized Laplace",2,0,3,"inside formal moment assumptions","regular","phi = 0.8",0.5,17,1907152700,"laplace_phi080_N4096","laplace","Standardized Laplace","inside formal moment assumptions","regular",0.8,"phi = 0.8",4096,64,64,17,100000,20000,"VK_asym_full_oracle",0.94713,-0.00286999999999993,0.000707635238664667,NA,NA,0.05287,1.01577454141977,0.9459,0.00159958103889737,20000,0.185743131848625,0.000119646582301283,0.0169205819382063,0.185424887036608,0.174172649072038,0.197114448708452,0.207645616021888,0.214088323755014,0.185743131848625,1.01141442731669,1.0470574047931,0,0,0,0
"laplace_phi080_N4096_M64_Q64","laplace_phi080_N4096","laplace","fixed_N_distribution_dependence","laplace_phi_0.8","laplace, phi = 0.8",0.8,4096,64,64,64,NA,NA,"Fixed N=4096 distribution/dependence block comparison","Standardized Laplace",2,0,3,"inside formal moment assumptions","regular","phi = 0.8",0.5,17,1907152700,"laplace_phi080_N4096","laplace","Standardized Laplace","inside formal moment assumptions","regular",0.8,"phi = 0.8",4096,64,64,17,100000,20000,"VK_leading_oracle",0.94769,-0.00230999999999992,0.000704085675894631,NA,NA,0.05231,1.01053938598957,0.94655,0.00159048887924437,20000,0.186237912731784,0.000119972289722593,0.0169666439234646,0.185925133240826,0.174635307428916,0.197647339591007,0.208198004616822,0.214658337975407,0.186237912731784,1.01410862396669,1.04984654688575,0,0,0,0
"laplace_phi080_N4096_M64_Q64","laplace_phi080_N4096","laplace","fixed_N_distribution_dependence","laplace_phi_0.8","laplace, phi = 0.8",0.8,4096,64,64,64,NA,NA,"Fixed N=4096 distribution/dependence block comparison","Standardized Laplace",2,0,3,"inside formal moment assumptions","regular","phi = 0.8",0.5,17,1907152700,"laplace_phi080_N4096","laplace","Standardized Laplace","inside formal moment assumptions","regular",0.8,"phi = 0.8",4096,64,64,17,100000,20000,"VK_asym_full_feasible",0.94647,-0.00352999999999992,0.000711790271779546,NA,NA,0.05353,1.02259294536581,0.94545,0.00160583774865333,20000,0.185326952288414,0.000123811790535659,0.0175096313357226,0.184957355737035,0.173346155175456,0.197099011660252,0.208070969044467,0.214708596672918,0.185326952288414,1.00914823309802,1.04471134824766,0,0,0,0
"laplace_phi080_N4096_M64_Q64","laplace_phi080_N4096","laplace","fixed_N_distribution_dependence","laplace_phi_0.8","laplace, phi = 0.8",0.8,4096,64,64,64,NA,NA,"Fixed N=4096 distribution/dependence block comparison","Standardized Laplace",2,0,3,"inside formal moment assumptions","regular","phi = 0.8",0.5,17,1907152700,"laplace_phi080_N4096","laplace","Standardized Laplace","inside formal moment assumptions","regular",0.8,"phi = 0.8",4096,64,64,17,100000,20000,"F_feasible_leading",0.94702,-0.00297999999999998,0.00070832986383464,NA,NA,0.05298,1.01732264886544,0.946,0.00159818647222407,20000,0.185821863837615,0.00012414999638185,0.0175574608651782,0.185447345310894,0.173807005070758,0.197629681454455,0.208619734471247,0.215279435762594,0.185821863837615,1.01184314125493,1.04750122692124,0,0,0,0
"laplace_phi080_N4096_M64_Q64","laplace_phi080_N4096","laplace","fixed_N_distribution_dependence","laplace_phi_0.8","laplace, phi = 0.8",0.8,4096,64,64,64,NA,NA,"Fixed N=4096 distribution/dependence block comparison","Standardized Laplace",2,0,3,"inside formal moment assumptions","regular","phi = 0.8",0.5,17,1907152700,"laplace_phi080_N4096","laplace","Standardized Laplace","inside formal moment assumptions","regular",0.8,"phi = 0.8",4096,64,64,17,100000,20000,"raw",0.93641,-0.01359,0.000771662568095667,NA,NA,0.06359,1.1108089733288,0.9355,0.00173694775396383,20000,0.177395366288756,0.000114163155263894,0.0161451082497504,0.177092735459578,0.166352885636191,0.188232715006635,0.198288069391122,0.204409443089732,0.177395366288756,0.96595890797081,1,0,0,0,0
"laplace_phi080_N4096_M64_Q64","laplace_phi080_N4096","laplace","fixed_N_distribution_dependence","laplace_phi_0.8","laplace, phi = 0.8",0.8,4096,64,64,64,NA,NA,"Fixed N=4096 distribution/dependence block comparison","Standardized Laplace",2,0,3,"inside formal moment assumptions","regular","phi = 0.8",0.5,17,1907152700,"laplace_phi080_N4096","laplace","Standardized Laplace","inside formal moment assumptions","regular",0.8,"phi = 0.8",4096,64,64,17,100000,20000,"K_asym_full",0.9386,-0.0114,0.000759144518520683,NA,NA,0.0614,1.09039412199877,0.93785,0.00170715227059568,20000,0.179093618442404,0.000115276942251331,0.0163026215160732,0.178793751640954,0.167941880437631,0.190044465175085,0.200186994162594,0.206411467268397,0.179093618442404,0.975206284777298,1.00957326106751,0,0,0,0
"laplace_phi080_N4096_M64_Q64","laplace_phi080_N4096","laplace","fixed_N_distribution_dependence","laplace_phi_0.8","laplace, phi = 0.8",0.8,4096,64,64,64,NA,NA,"Fixed N=4096 distribution/dependence block comparison","Standardized Laplace",2,0,3,"inside formal moment assumptions","regular","phi = 0.8",0.5,17,1907152700,"laplace_phi080_N4096","laplace","Standardized Laplace","inside formal moment assumptions","regular",0.8,"phi = 0.8",4096,64,64,17,100000,20000,"K_leading",0.9392,-0.0107999999999999,0.000755667651815267,NA,NA,0.0608,1.08477438801641,0.93825,0.0017020125954293,20000,0.179569732225894,0.000115589354317231,0.0163468032541377,0.179269549827847,0.168387929750743,0.190552805606285,0.200728273999854,0.206967854826885,0.179569732225894,0.977798834740646,1.0122571743706,0,0,0,0
"laplace_phi080_N4096_M64_Q64","laplace_phi080_N4096","laplace","fixed_N_distribution_dependence","laplace_phi_0.8","laplace, phi = 0.8",0.8,4096,64,64,64,NA,NA,"Fixed N=4096 distribution/dependence block comparison","Standardized Laplace",2,0,3,"inside formal moment assumptions","regular","phi = 0.8",0.5,17,1907152700,"laplace_phi080_N4096","laplace","Standardized Laplace","inside formal moment assumptions","regular",0.8,"phi = 0.8",4096,64,64,17,100000,20000,"V_oracle",0.94514,-0.00485999999999998,0.000720072082502856,NA,NA,0.05486,1.03479233125332,0.9443,0.00162168908857401,20000,0.183978357111342,0.000118485510081742,0.0167563815302294,0.183672612104112,0.172520560369196,0.195239362122336,0.205674920627427,0.212054418717933,0.183978357111342,1.00180481961552,1.03710914755164,0,0,0,0
"laplace_phi080_N4096_M256_Q16","laplace_phi080_N4096","laplace","fixed_N_distribution_dependence","laplace_phi_0.8","laplace, phi = 0.8",0.8,4096,256,16,256,NA,NA,"Fixed N=4096 distribution/dependence block comparison","Standardized Laplace",2,0,3,"inside formal moment assumptions","regular","phi = 0.8",0.666666666666667,17,1907152700,"laplace_phi080_N4096","laplace","Standardized Laplace","inside formal moment assumptions","regular",0.8,"phi = 0.8",4096,256,16,17,100000,20000,"raw",0.92224,-0.02776,0.000846837542861676,NA,NA,0.0777600000000001,1.25752706748621,0.9203,0.00191504451645386,20000,0.176838777857582,0.000231668110884255,0.0327628184381867,0.175808870873048,0.154060015234115,0.198886685025226,0.219375296551721,0.2324549063932,0.176838777857582,0.962928154888508,1,0,0,0,3e-05
"laplace_phi080_N4096_M256_Q16","laplace_phi080_N4096","laplace","fixed_N_distribution_dependence","laplace_phi_0.8","laplace, phi = 0.8",0.8,4096,256,16,256,NA,NA,"Fixed N=4096 distribution/dependence block comparison","Standardized Laplace",2,0,3,"inside formal moment assumptions","regular","phi = 0.8",0.666666666666667,17,1907152700,"laplace_phi080_N4096","laplace","Standardized Laplace","inside formal moment assumptions","regular",0.8,"phi = 0.8",4096,256,16,17,100000,20000,"K_asym_full",0.93439,-0.0156099999999999,0.000782977189322907,NA,NA,0.0656099999999999,1.14599590572552,0.93245,0.00177464077350882,20000,0.185479369072234,0.000243385836330685,0.0344199550628373,0.184358345508498,0.16155127184349,0.208656858513646,0.230199614633608,0.243869279009336,0.185479369072234,1.00997817783184,1.04886140539611,0,0,0,3e-05
"laplace_phi080_N4096_M256_Q16","laplace_phi080_N4096","laplace","fixed_N_distribution_dependence","laplace_phi_0.8","laplace, phi = 0.8",0.8,4096,256,16,256,NA,NA,"Fixed N=4096 distribution/dependence block comparison","Standardized Laplace",2,0,3,"inside formal moment assumptions","regular","phi = 0.8",0.666666666666667,17,1907152700,"laplace_phi080_N4096","laplace","Standardized Laplace","inside formal moment assumptions","regular",0.8,"phi = 0.8",4096,256,16,17,100000,20000,"K_leading",0.93508,-0.0149199999999999,0.000779136660670001,NA,NA,0.06492,1.13963390490938,0.9336,0.00176055445811824,20000,0.186010659291902,0.000244108501974431,0.034522155418282,0.184883385268265,0.16202450533647,0.209270073103732,0.23086650845067,0.244553664273546,0.186010659291902,1.01287117628577,1.05186578162006,0,0,0,3e-05
"laplace_phi080_N4096_M256_Q16","laplace_phi080_N4096","laplace","fixed_N_distribution_dependence","laplace_phi_0.8","laplace, phi = 0.8",0.8,4096,256,16,256,NA,NA,"Fixed N=4096 distribution/dependence block comparison","Standardized Laplace",2,0,3,"inside formal moment assumptions","regular","phi = 0.8",0.666666666666667,17,1907152700,"laplace_phi080_N4096","laplace","Standardized Laplace","inside formal moment assumptions","regular",0.8,"phi = 0.8",4096,256,16,17,100000,20000,"V_oracle",0.92443,-0.02557,0.000835818013086581,NA,NA,0.07557,1.2370372716875,0.92215,0.00189458936843845,20000,0.178336954149491,0.000233695127824864,0.0330494819230437,0.177280333501606,0.155359708737998,0.200566246091302,0.221251883940293,0.234459879838939,0.178336954149491,0.971086072229622,1.00847198962841,0,0,0,3e-05
"laplace_phi080_N4096_M256_Q16","laplace_phi080_N4096","laplace","fixed_N_distribution_dependence","laplace_phi_0.8","laplace, phi = 0.8",0.8,4096,256,16,256,NA,NA,"Fixed N=4096 distribution/dependence block comparison","Standardized Laplace",2,0,3,"inside formal moment assumptions","regular","phi = 0.8",0.666666666666667,17,1907152700,"laplace_phi080_N4096","laplace","Standardized Laplace","inside formal moment assumptions","regular",0.8,"phi = 0.8",4096,256,16,17,100000,20000,"F_feasible_leading",0.93679,-0.0132099999999999,0.00076950955744552,NA,NA,0.06321,1.12280485154795,0.93505,0.00174257707863956,20000,0.187499921621326,0.00024682127413426,0.0349057993362878,0.186293753670883,0.163234950617626,0.211024611466111,0.232920925668639,0.246739903111711,0.187499921621326,1.02098055503397,1.06028736396454,0,0,0,3e-05
"laplace_phi080_N4096_M256_Q16","laplace_phi080_N4096","laplace","fixed_N_distribution_dependence","laplace_phi_0.8","laplace, phi = 0.8",0.8,4096,256,16,256,NA,NA,"Fixed N=4096 distribution/dependence block comparison","Standardized Laplace",2,0,3,"inside formal moment assumptions","regular","phi = 0.8",0.666666666666667,17,1907152700,"laplace_phi080_N4096","laplace","Standardized Laplace","inside formal moment assumptions","regular",0.8,"phi = 0.8",4096,256,16,17,100000,20000,"V_feasible",0.92424,-0.02576,0.000836782064817358,NA,NA,0.07576,1.23895707757015,0.9221,0.00189514630042116,20000,0.178248030909985,0.000234217122810557,0.0331233031618695,0.177164249661988,0.155221321942218,0.20048555678875,0.221312583551547,0.234559259153336,0.178248030909985,0.970601864568936,1.00796914041974,0,0,0,3e-05
"laplace_phi080_N4096_M256_Q16","laplace_phi080_N4096","laplace","fixed_N_distribution_dependence","laplace_phi_0.8","laplace, phi = 0.8",0.8,4096,256,16,256,NA,NA,"Fixed N=4096 distribution/dependence block comparison","Standardized Laplace",2,0,3,"inside formal moment assumptions","regular","phi = 0.8",0.666666666666667,17,1907152700,"laplace_phi080_N4096","laplace","Standardized Laplace","inside formal moment assumptions","regular",0.8,"phi = 0.8",4096,256,16,17,100000,20000,"VK_asym_full_oracle",0.93633,-0.01367,0.000772114830190432,NA,NA,0.06367,1.12732336761355,0.93465,0.00174756083585093,20000,0.187051610306463,0.000245525154420304,0.0347225003284943,0.185900208925353,0.1629366002356,0.210482195762848,0.232188486493331,0.24592507194601,0.187051610306463,1.01853939595978,1.05775222251935,0,0,0,3e-05
"laplace_phi080_N4096_M256_Q16","laplace_phi080_N4096","laplace","fixed_N_distribution_dependence","laplace_phi_0.8","laplace, phi = 0.8",0.8,4096,256,16,256,NA,NA,"Fixed N=4096 distribution/dependence block comparison","Standardized Laplace",2,0,3,"inside formal moment assumptions","regular","phi = 0.8",0.666666666666667,17,1907152700,"laplace_phi080_N4096","laplace","Standardized Laplace","inside formal moment assumptions","regular",0.8,"phi = 0.8",4096,256,16,17,100000,20000,"VK_leading_oracle",0.93701,-0.0129899999999999,0.000768259460729251,NA,NA,0.06299,1.1210650274668,0.9354,0.00173820079392457,20000,0.187587442942636,0.00024625476479592,0.0348256828173387,0.186433740022151,0.163416532493175,0.211092826431489,0.232871919784879,0.246640985563192,0.187587442942636,1.02145712892496,1.06078228551042,0,0,0,3e-05
"laplace_phi080_N4096_M256_Q16","laplace_phi080_N4096","laplace","fixed_N_distribution_dependence","laplace_phi_0.8","laplace, phi = 0.8",0.8,4096,256,16,256,NA,NA,"Fixed N=4096 distribution/dependence block comparison","Standardized Laplace",2,0,3,"inside formal moment assumptions","regular","phi = 0.8",0.666666666666667,17,1907152700,"laplace_phi080_N4096","laplace","Standardized Laplace","inside formal moment assumptions","regular",0.8,"phi = 0.8",4096,256,16,17,100000,20000,"VK_asym_full_feasible",0.93619,-0.01381,0.000772905452820719,NA,NA,0.06381,1.1290729042543,0.93445,0.00175004567797529,20000,0.186963982970465,0.000246089018650911,0.0348022427727203,0.18577570718159,0.162742518167259,0.21040030738807,0.232247873216637,0.246055032395392,0.186963982970465,1.01806224479422,1.05725670147437,0,0,0,3e-05
"laplace_phi080_N4096_M16_Q256","laplace_phi080_N4096","laplace","fixed_N_distribution_dependence","laplace_phi_0.8","laplace, phi = 0.8",0.8,4096,16,256,16,NA,NA,"Fixed N=4096 distribution/dependence block comparison","Standardized Laplace",2,0,3,"inside formal moment assumptions","regular","phi = 0.8",0.333333333333333,8,1907152700,"laplace_phi080_N4096","laplace","Standardized Laplace","inside formal moment assumptions","regular",0.8,"phi = 0.8",4096,16,256,8,100000,20000,"K_asym_full",0.90537,-0.0446299999999999,0.000925608789392149,NA,NA,0.09463,1.3824554120653,0.90415,0.00208161929156126,20000,0.157071630626453,5.35456101549033e-05,0.00757249280866068,0.156943155378573,0.151866837455433,0.16212308732899,0.166899598541122,0.169742324021236,0.157071630626453,0.855291454153049,1.00040386394906,0,0,0,0
"laplace_phi080_N4096_M16_Q256","laplace_phi080_N4096","laplace","fixed_N_distribution_dependence","laplace_phi_0.8","laplace, phi = 0.8",0.8,4096,16,256,16,NA,NA,"Fixed N=4096 distribution/dependence block comparison","Standardized Laplace",2,0,3,"inside formal moment assumptions","regular","phi = 0.8",0.333333333333333,8,1907152700,"laplace_phi080_N4096","laplace","Standardized Laplace","inside formal moment assumptions","regular",0.8,"phi = 0.8",4096,16,256,8,100000,20000,"K_leading",0.90599,-0.04401,0.000922887424879113,NA,NA,0.09401,1.37545578035182,0.90465,0.00207675681652908,20000,0.157474296776318,5.36838299525802e-05,0.007592040039907,0.157345599411973,0.152255533849778,0.162537872409166,0.167326606053642,0.170177683851916,0.157474296776318,0.857484064718576,1.00296848221016,0,0,0,0
"laplace_phi080_N4096_M16_Q256","laplace_phi080_N4096","laplace","fixed_N_distribution_dependence","laplace_phi_0.8","laplace, phi = 0.8",0.8,4096,16,256,16,NA,NA,"Fixed N=4096 distribution/dependence block comparison","Standardized Laplace",2,0,3,"inside formal moment assumptions","regular","phi = 0.8",0.333333333333333,8,1907152700,"laplace_phi080_N4096","laplace","Standardized Laplace","inside formal moment assumptions","regular",0.8,"phi = 0.8",4096,16,256,8,100000,20000,"V_oracle",0.94762,-0.00237999999999994,0.000704530592664364,NA,NA,0.05238,1.01115455211127,0.948,0.00156996815254323,20000,0.183957759640835,6.27965812541863e-05,0.00888077768803344,0.183808606799476,0.177852431803342,0.189889297905408,0.195467391305355,0.19882561164788,0.183957759640835,1.00169266161199,1.17164412704015,0,0,0,0
"laplace_phi080_N4096_M16_Q256","laplace_phi080_N4096","laplace","fixed_N_distribution_dependence","laplace_phi_0.8","laplace, phi = 0.8",0.8,4096,16,256,16,NA,NA,"Fixed N=4096 distribution/dependence block comparison","Standardized Laplace",2,0,3,"inside formal moment assumptions","regular","phi = 0.8",0.333333333333333,8,1907152700,"laplace_phi080_N4096","laplace","Standardized Laplace","inside formal moment assumptions","regular",0.8,"phi = 0.8",4096,16,256,8,100000,20000,"V_feasible",0.93462,-0.0153799999999999,0.000781699786363026,NA,NA,0.06538,1.13006572231439,0.9348,0.00174569413128417,20000,0.173996679182381,6.32796393405493e-05,0.00894909241774829,0.17385171032637,0.167874772096993,0.179936962169025,0.185609330656674,0.189000023753354,0.173996679182381,0.947452268510652,1.10820107663059,0,0,0,0
"laplace_phi080_N4096_M16_Q256","laplace_phi080_N4096","laplace","fixed_N_distribution_dependence","laplace_phi_0.8","laplace, phi = 0.8",0.8,4096,16,256,16,NA,NA,"Fixed N=4096 distribution/dependence block comparison","Standardized Laplace",2,0,3,"inside formal moment assumptions","regular","phi = 0.8",0.333333333333333,8,1907152700,"laplace_phi080_N4096","laplace","Standardized Laplace","inside formal moment assumptions","regular",0.8,"phi = 0.8",4096,16,256,8,100000,20000,"VK_asym_full_oracle",0.94766,-0.00234000000000001,0.000704276397446344,NA,NA,0.0523400000000001,1.01034538709154,0.948,0.00156996815254323,20000,0.184032304938774,6.28222999664424e-05,0.00888441486320137,0.183882996606347,0.177924334626498,0.189966413064092,0.195547164011611,0.198906234955947,0.184032304938774,1.00209857804655,1.17211891299481,0,0,0,0
"laplace_phi080_N4096_M16_Q256","laplace_phi080_N4096","laplace","fixed_N_distribution_dependence","laplace_phi_0.8","laplace, phi = 0.8",0.8,4096,16,256,16,NA,NA,"Fixed N=4096 distribution/dependence block comparison","Standardized Laplace",2,0,3,"inside formal moment assumptions","regular","phi = 0.8",0.333333333333333,8,1907152700,"laplace_phi080_N4096","laplace","Standardized Laplace","inside formal moment assumptions","regular",0.8,"phi = 0.8",4096,16,256,8,100000,20000,"VK_leading_oracle",0.94832,-0.0016799999999999,0.000700065551216455,NA,NA,0.0516799999999999,1.0052298184075,0.94855,0.00156209630785045,20000,0.184505690497316,6.29856327265516e-05,0.008907513603654,0.184357616012379,0.178380926838374,0.19045548794862,0.196053815594413,0.199418223147637,0.184505690497316,1.00467627219237,1.17513394976507,0,0,0,0
"laplace_phi080_N4096_M16_Q256","laplace_phi080_N4096","laplace","fixed_N_distribution_dependence","laplace_phi_0.8","laplace, phi = 0.8",0.8,4096,16,256,16,NA,NA,"Fixed N=4096 distribution/dependence block comparison","Standardized Laplace",2,0,3,"inside formal moment assumptions","regular","phi = 0.8",0.333333333333333,8,1907152700,"laplace_phi080_N4096","laplace","Standardized Laplace","inside formal moment assumptions","regular",0.8,"phi = 0.8",4096,16,256,8,100000,20000,"VK_asym_full_feasible",0.93476,-0.0152399999999999,0.000780920882036074,NA,NA,0.06524,1.12916139997259,0.93485,0.00174507130943122,20000,0.17406721121358,6.33055077299835e-05,0.00895275076046575,0.173922239849701,0.167942862825739,0.180009900519093,0.185684638879803,0.18907681286461,0.17406721121358,0.947836331777129,1.10865030171512,0,0,0,0
"laplace_phi080_N4096_M16_Q256","laplace_phi080_N4096","laplace","fixed_N_distribution_dependence","laplace_phi_0.8","laplace, phi = 0.8",0.8,4096,16,256,16,NA,NA,"Fixed N=4096 distribution/dependence block comparison","Standardized Laplace",2,0,3,"inside formal moment assumptions","regular","phi = 0.8",0.333333333333333,8,1907152700,"laplace_phi080_N4096","laplace","Standardized Laplace","inside formal moment assumptions","regular",0.8,"phi = 0.8",4096,16,256,8,100000,20000,"F_feasible_leading",0.93535,-0.0146499999999999,0.000777627015348618,NA,NA,0.06465,1.12344424347271,0.93545,0.00173757442286654,20000,0.174515111733378,6.34697882873632e-05,0.00897598353969381,0.174370717811461,0.168376383589504,0.180473105772145,0.186162874563373,0.189564398546935,0.174515111733378,0.95027525397693,1.11150302189688,0,0,0,0
"laplace_phi080_N4096_M16_Q256","laplace_phi080_N4096","laplace","fixed_N_distribution_dependence","laplace_phi_0.8","laplace, phi = 0.8",0.8,4096,16,256,16,NA,NA,"Fixed N=4096 distribution/dependence block comparison","Standardized Laplace",2,0,3,"inside formal moment assumptions","regular","phi = 0.8",0.333333333333333,8,1907152700,"laplace_phi080_N4096","laplace","Standardized Laplace","inside formal moment assumptions","regular",0.8,"phi = 0.8",4096,16,256,8,100000,20000,"raw",0.90519,-0.0448099999999999,0.000926396588400454,NA,NA,0.0948099999999999,1.38356259241676,0.9041,0.00208210458430887,20000,0.15700822066642,5.35238445339337e-05,0.00756941468502381,0.156879890213621,0.151805627563561,0.162057773763859,0.166832355781015,0.169673704874979,0.15700822066642,0.854946172215707,1,0,0,0,0
"laplace_phi020_N4096_M64_Q64","laplace_phi020_N4096","laplace","fixed_N_distribution_dependence","laplace_phi_0.2","laplace, phi = 0.2",0.2,4096,64,64,64,NA,NA,"Fixed N=4096 distribution/dependence block comparison","Standardized Laplace",2,0,3,"inside formal moment assumptions","regular","phi = 0.2",0.5,17,1847110700,"laplace_phi020_N4096","laplace","Standardized Laplace","inside formal moment assumptions","regular",0.2,"phi = 0.2",4096,64,64,17,100000,20000,"V_feasible",0.94574,-0.00425999999999993,0.000716350838625879,NA,NA,0.05426,1.03039249568863,0.9459,0.00159958103889737,20000,0.0752562201788296,5.14786651213884e-05,0.00728018263875303,0.0750791896197011,0.0702731892532058,0.0801828749069653,0.0846768563317345,0.0873258526287036,0.0752562201788296,1.00327675439938,1.00460043106923,0,0,0,0
"laplace_phi020_N4096_M64_Q64","laplace_phi020_N4096","laplace","fixed_N_distribution_dependence","laplace_phi_0.2","laplace, phi = 0.2",0.2,4096,64,64,64,NA,NA,"Fixed N=4096 distribution/dependence block comparison","Standardized Laplace",2,0,3,"inside formal moment assumptions","regular","phi = 0.2",0.5,17,1847110700,"laplace_phi020_N4096","laplace","Standardized Laplace","inside formal moment assumptions","regular",0.2,"phi = 0.2",4096,64,64,17,100000,20000,"VK_asym_full_oracle",0.94859,-0.00140999999999991,0.000698333816308504,NA,NA,0.05141,1.00477645390632,0.949,0.00155561884791873,20000,0.076074803504566,4.89711727592717e-05,0.00692556966814779,0.0759573014919099,0.0713648451659339,0.0807291513686588,0.0849981668621873,0.0875151443585162,0.076074803504566,1.01418968120196,1.01552775587968,0,0,0,0
"laplace_phi020_N4096_M64_Q64","laplace_phi020_N4096","laplace","fixed_N_distribution_dependence","laplace_phi_0.2","laplace, phi = 0.2",0.2,4096,64,64,64,NA,NA,"Fixed N=4096 distribution/dependence block comparison","Standardized Laplace",2,0,3,"inside formal moment assumptions","regular","phi = 0.2",0.5,17,1847110700,"laplace_phi020_N4096","laplace","Standardized Laplace","inside formal moment assumptions","regular",0.2,"phi = 0.2",4096,64,64,17,100000,20000,"VK_leading_oracle",0.94861,-0.00139,0.0006982053272498,NA,NA,0.05139,1.00462994537262,0.94905,0.00155489706250928,20000,0.0760805036594065,4.8974909537429e-05,0.00692609812838276,0.0759629832765571,0.0713702018921196,0.0807352724534764,0.0850045483921397,0.087521721423455,0.0760805036594065,1.01426567269919,1.01560384763657,0,0,0,0
"laplace_phi020_N4096_M64_Q64","laplace_phi020_N4096","laplace","fixed_N_distribution_dependence","laplace_phi_0.2","laplace, phi = 0.2",0.2,4096,64,64,64,NA,NA,"Fixed N=4096 distribution/dependence block comparison","Standardized Laplace",2,0,3,"inside formal moment assumptions","regular","phi = 0.2",0.5,17,1847110700,"laplace_phi020_N4096","laplace","Standardized Laplace","inside formal moment assumptions","regular",0.2,"phi = 0.2",4096,64,64,17,100000,20000,"VK_asym_full_feasible",0.94849,-0.0015099999999999,0.000698975821470242,NA,NA,0.0515099999999999,1.00638941529387,0.9488,0.0015585018447214,20000,0.0761769697987061,5.21214458420468e-05,0.00737108556003173,0.0759914327164111,0.0711299274175802,0.0811690758835776,0.0857090719420243,0.0883940162816015,0.0761769697987061,1.01555170905494,1.01689158072885,0,0,0,0
"laplace_phi020_N4096_M64_Q64","laplace_phi020_N4096","laplace","fixed_N_distribution_dependence","laplace_phi_0.2","laplace, phi = 0.2",0.2,4096,64,64,64,NA,NA,"Fixed N=4096 distribution/dependence block comparison","Standardized Laplace",2,0,3,"inside formal moment assumptions","regular","phi = 0.2",0.5,17,1847110700,"laplace_phi020_N4096","laplace","Standardized Laplace","inside formal moment assumptions","regular",0.2,"phi = 0.2",4096,64,64,17,100000,20000,"F_feasible_leading",0.94851,-0.00148999999999999,0.000698847479068216,NA,NA,0.05149,1.00624267157093,0.94885,0.00155778171609504,20000,0.0761827031825202,5.21254504182778e-05,0.00737165189263349,0.0759972106197259,0.0711352179215812,0.0811751249259445,0.0857154781916592,0.0884006739702882,0.0761827031825202,1.01562814354356,1.01696811606157,0,0,0,0
"laplace_phi020_N4096_M64_Q64","laplace_phi020_N4096","laplace","fixed_N_distribution_dependence","laplace_phi_0.2","laplace, phi = 0.2",0.2,4096,64,64,64,NA,NA,"Fixed N=4096 distribution/dependence block comparison","Standardized Laplace",2,0,3,"inside formal moment assumptions","regular","phi = 0.2",0.5,17,1847110700,"laplace_phi020_N4096","laplace","Standardized Laplace","inside formal moment assumptions","regular",0.2,"phi = 0.2",4096,64,64,17,100000,20000,"raw",0.94484,-0.00515999999999994,0.000721923641391525,NA,NA,0.05516,1.03537715177411,0.9451,0.00161068292969163,20000,0.0749115945518077,4.82090943911981e-05,0.0068177955117757,0.0747905414588394,0.0702764238609719,0.0794899064636922,0.083695972552086,0.0861588467098271,0.0749115945518077,0.998682384927461,1,0,0,0,0
"laplace_phi020_N4096_M64_Q64","laplace_phi020_N4096","laplace","fixed_N_distribution_dependence","laplace_phi_0.2","laplace, phi = 0.2",0.2,4096,64,64,64,NA,NA,"Fixed N=4096 distribution/dependence block comparison","Standardized Laplace",2,0,3,"inside formal moment assumptions","regular","phi = 0.2",0.5,17,1847110700,"laplace_phi020_N4096","laplace","Standardized Laplace","inside formal moment assumptions","regular",0.2,"phi = 0.2",4096,64,64,17,100000,20000,"K_asym_full",0.94791,-0.00208999999999993,0.000702685078111098,NA,NA,0.05209,1.01125795339396,0.9483,0.00156568052296757,20000,0.075823904969957,4.88067178979926e-05,0.00690231223862588,0.0757073377106713,0.0711282376749541,0.0804625899224282,0.0847185891627188,0.0872261456838364,0.075823904969957,1.01084483253844,1.01217849417847,0,0,0,0
"laplace_phi020_N4096_M64_Q64","laplace_phi020_N4096","laplace","fixed_N_distribution_dependence","laplace_phi_0.2","laplace, phi = 0.2",0.2,4096,64,64,64,NA,NA,"Fixed N=4096 distribution/dependence block comparison","Standardized Laplace",2,0,3,"inside formal moment assumptions","regular","phi = 0.2",0.5,17,1847110700,"laplace_phi020_N4096","laplace","Standardized Laplace","inside formal moment assumptions","regular",0.2,"phi = 0.2",4096,64,64,17,100000,20000,"K_leading",0.94791,-0.00208999999999993,0.000702685078111098,NA,NA,0.05209,1.01111049977941,0.9483,0.00156568052296757,20000,0.0758295853347706,4.88104407068204e-05,0.00690283872329932,0.0757130158161901,0.0711335563135931,0.0804686369987107,0.0847248883727926,0.0872326478171663,0.0758295853347706,1.01092056020535,1.01225432175694,0,0,0,0
"laplace_phi020_N4096_M64_Q64","laplace_phi020_N4096","laplace","fixed_N_distribution_dependence","laplace_phi_0.2","laplace, phi = 0.2",0.2,4096,64,64,64,NA,NA,"Fixed N=4096 distribution/dependence block comparison","Standardized Laplace",2,0,3,"inside formal moment assumptions","regular","phi = 0.2",0.5,17,1847110700,"laplace_phi020_N4096","laplace","Standardized Laplace","inside formal moment assumptions","regular",0.2,"phi = 0.2",4096,64,64,17,100000,20000,"V_oracle",0.94565,-0.00434999999999997,0.000716910576710931,NA,NA,0.05435,1.02874106406156,0.9459,0.00159958103889737,20000,0.0751593170464761,4.83713132035224e-05,0.00684073671622182,0.0750410203741194,0.0705079373596501,0.0797550258195058,0.0839736080400912,0.086444314984197,0.0751593170464761,1.0019848922797,1.00330686452679,0,0,0,0
"laplace_phi020_N4096_M16_Q256","laplace_phi020_N4096","laplace","fixed_N_distribution_dependence","laplace_phi_0.2","laplace, phi = 0.2",0.2,4096,16,256,16,NA,NA,"Fixed N=4096 distribution/dependence block comparison","Standardized Laplace",2,0,3,"inside formal moment assumptions","regular","phi = 0.2",0.333333333333333,8,1847110700,"laplace_phi020_N4096","laplace","Standardized Laplace","inside formal moment assumptions","regular",0.2,"phi = 0.2",4096,16,256,8,100000,20000,"VK_asym_full_oracle",0.94907,-0.000929999999999986,0.000695241937026241,NA,NA,0.05093,0.999869357713002,0.9493,0.00155128188927738,20000,0.0753193939862484,2.47218489102535e-05,0.00349619740158191,0.0753034605337948,0.0729705330421496,0.0776406289513569,0.0798098518148613,0.0811655681039975,0.0753193939862484,1.0041189547161,1.01628375222852,0,0,0,0
"laplace_phi020_N4096_M16_Q256","laplace_phi020_N4096","laplace","fixed_N_distribution_dependence","laplace_phi_0.2","laplace, phi = 0.2",0.2,4096,16,256,16,NA,NA,"Fixed N=4096 distribution/dependence block comparison","Standardized Laplace",2,0,3,"inside formal moment assumptions","regular","phi = 0.2",0.333333333333333,8,1847110700,"laplace_phi020_N4096","laplace","Standardized Laplace","inside formal moment assumptions","regular",0.2,"phi = 0.2",4096,16,256,8,100000,20000,"VK_leading_oracle",0.94909,-0.000909999999999966,0.000695112738338178,NA,NA,0.05091,0.999726142196561,0.9493,0.00155128188927738,20000,0.0753248378714599,2.47236498494755e-05,0.00349645209284918,0.0753088885538316,0.0729758281718318,0.0776462298045427,0.079815604426246,0.0811714353904362,0.0753248378714599,1.00419152976004,1.01635720651163,0,0,0,0
"laplace_phi020_N4096_M16_Q256","laplace_phi020_N4096","laplace","fixed_N_distribution_dependence","laplace_phi_0.2","laplace, phi = 0.2",0.2,4096,16,256,16,NA,NA,"Fixed N=4096 distribution/dependence block comparison","Standardized Laplace",2,0,3,"inside formal moment assumptions","regular","phi = 0.2",0.333333333333333,8,1847110700,"laplace_phi020_N4096","laplace","Standardized Laplace","inside formal moment assumptions","regular",0.2,"phi = 0.2",4096,16,256,8,100000,20000,"VK_asym_full_feasible",0.94925,-0.000749999999999917,0.000694078075579397,NA,NA,0.05075,1.00080833558028,0.9493,0.00155128188927738,20000,0.0753979817329743,2.9069701549137e-05,0.00411107661849277,0.0753921172665243,0.0726380775760237,0.0781198251556219,0.0806691559964871,0.0822869790775743,0.0753979817329743,1.00516664564827,1.01734413582821,0,0,0,0
"laplace_phi020_N4096_M16_Q256","laplace_phi020_N4096","laplace","fixed_N_distribution_dependence","laplace_phi_0.2","laplace, phi = 0.2",0.2,4096,16,256,16,NA,NA,"Fixed N=4096 distribution/dependence block comparison","Standardized Laplace",2,0,3,"inside formal moment assumptions","regular","phi = 0.2",0.333333333333333,8,1847110700,"laplace_phi020_N4096","laplace","Standardized Laplace","inside formal moment assumptions","regular",0.2,"phi = 0.2",4096,16,256,8,100000,20000,"F_feasible_leading",0.94926,-0.000739999999999963,0.000694013345693006,NA,NA,0.05074,1.00066498557007,0.9493,0.00155128188927738,20000,0.0754034528133934,2.90718269387011e-05,0.00411137719396745,0.0753975831595492,0.0726433392413307,0.0781255007944802,0.0806750194419045,0.0822929412126353,0.0754034528133934,1.00523958324456,1.01741795705596,0,0,0,0
"laplace_phi020_N4096_M16_Q256","laplace_phi020_N4096","laplace","fixed_N_distribution_dependence","laplace_phi_0.2","laplace, phi = 0.2",0.2,4096,16,256,16,NA,NA,"Fixed N=4096 distribution/dependence block comparison","Standardized Laplace",2,0,3,"inside formal moment assumptions","regular","phi = 0.2",0.333333333333333,8,1847110700,"laplace_phi020_N4096","laplace","Standardized Laplace","inside formal moment assumptions","regular",0.2,"phi = 0.2",4096,16,256,8,100000,20000,"raw",0.94537,-0.00462999999999991,0.000718648475264506,NA,NA,0.05463,1.0324015992462,0.9457,0.00160236559498761,20000,0.0741125633673537,2.43226976757386e-05,0.003439748892653,0.0740974074407676,0.0717999055359106,0.0763976266642734,0.078530880476887,0.0798638237874992,0.0741125633673537,0.988030117095009,1,0,0,0,0
"laplace_phi020_N4096_M16_Q256","laplace_phi020_N4096","laplace","fixed_N_distribution_dependence","laplace_phi_0.2","laplace, phi = 0.2",0.2,4096,16,256,16,NA,NA,"Fixed N=4096 distribution/dependence block comparison","Standardized Laplace",2,0,3,"inside formal moment assumptions","regular","phi = 0.2",0.333333333333333,8,1847110700,"laplace_phi020_N4096","laplace","Standardized Laplace","inside formal moment assumptions","regular",0.2,"phi = 0.2",4096,16,256,8,100000,20000,"K_asym_full",0.94598,-0.00401999999999991,0.000714855507078179,NA,NA,0.05402,1.02649940097577,0.94635,0.00159329340518311,20000,0.0743272077916086,2.43936765103343e-05,0.00344978681570568,0.0743124528719579,0.0720081557300532,0.0766189734643868,0.0787579979274274,0.0800954698628017,0.0743272077916086,0.990891644830585,1.00289619484879,0,0,0,0
"laplace_phi020_N4096_M16_Q256","laplace_phi020_N4096","laplace","fixed_N_distribution_dependence","laplace_phi_0.2","laplace, phi = 0.2",0.2,4096,16,256,16,NA,NA,"Fixed N=4096 distribution/dependence block comparison","Standardized Laplace",2,0,3,"inside formal moment assumptions","regular","phi = 0.2",0.333333333333333,8,1847110700,"laplace_phi020_N4096","laplace","Standardized Laplace","inside formal moment assumptions","regular",0.2,"phi = 0.2",4096,16,256,8,100000,20000,"K_leading",0.94598,-0.00401999999999991,0.000714855507078179,NA,NA,0.05402,1.02635237112562,0.94635,0.00159329340518311,20000,0.0743325786277188,2.43954526898518e-05,0.00345003800542196,0.0743178214069276,0.0720133515558963,0.076624511368288,0.0787636831376195,0.0801012715032935,0.0743325786277188,0.990963246021932,1.00296866348118,0,0,0,0
"laplace_phi020_N4096_M16_Q256","laplace_phi020_N4096","laplace","fixed_N_distribution_dependence","laplace_phi_0.2","laplace, phi = 0.2",0.2,4096,16,256,16,NA,NA,"Fixed N=4096 distribution/dependence block comparison","Standardized Laplace",2,0,3,"inside formal moment assumptions","regular","phi = 0.2",0.333333333333333,8,1847110700,"laplace_phi020_N4096","laplace","Standardized Laplace","inside formal moment assumptions","regular",0.2,"phi = 0.2",4096,16,256,8,100000,20000,"V_oracle",0.94857,-0.00142999999999993,0.000698462276003507,NA,NA,0.05143,1.00561843773014,0.9489,0.00155706117413543,20000,0.0751018314018066,2.46498779852742e-05,0.00348601917576167,0.0750864528613927,0.0727591602030399,0.0774168981835463,0.0795798323400969,0.0809310404461204,0.0751018314018066,1.0012185235879,1.01334818267652,0,0,0,0
"laplace_phi020_N4096_M16_Q256","laplace_phi020_N4096","laplace","fixed_N_distribution_dependence","laplace_phi_0.2","laplace, phi = 0.2",0.2,4096,16,256,16,NA,NA,"Fixed N=4096 distribution/dependence block comparison","Standardized Laplace",2,0,3,"inside formal moment assumptions","regular","phi = 0.2",0.333333333333333,8,1847110700,"laplace_phi020_N4096","laplace","Standardized Laplace","inside formal moment assumptions","regular",0.2,"phi = 0.2",4096,16,256,8,100000,20000,"V_feasible",0.94856,-0.00144,0.000698526494844684,NA,NA,0.05144,1.00656281456164,0.9484,0.00156424806216917,20000,0.0751793359936972,2.89847662649019e-05,0.00409906495540384,0.075173628511673,0.0724276616545107,0.0778926549664384,0.0804349180489544,0.0820487880674253,0.0751793359936972,1.00225177446362,1.01439395127997,0,0,0,0
"laplace_phi020_N4096_M256_Q16","laplace_phi020_N4096","laplace","fixed_N_distribution_dependence","laplace_phi_0.2","laplace, phi = 0.2",0.2,4096,256,16,256,NA,NA,"Fixed N=4096 distribution/dependence block comparison","Standardized Laplace",2,0,3,"inside formal moment assumptions","regular","phi = 0.2",0.666666666666667,17,1847110700,"laplace_phi020_N4096","laplace","Standardized Laplace","inside formal moment assumptions","regular",0.2,"phi = 0.2",4096,256,16,17,100000,20000,"raw",0.9252,-0.0247999999999999,0.000831895185705507,NA,NA,0.0748,1.23315659786635,0.92725,0.00183653801349169,20000,0.0728844536484693,9.59806257185873e-05,0.0135737102616282,0.0723667169285312,0.0634818480055044,0.0818341378672012,0.0905775482720778,0.0959445040789059,0.0728844536484693,0.971657597589235,1,0,0,0,2e-05
"laplace_phi020_N4096_M256_Q16","laplace_phi020_N4096","laplace","fixed_N_distribution_dependence","laplace_phi_0.2","laplace, phi = 0.2",0.2,4096,256,16,256,NA,NA,"Fixed N=4096 distribution/dependence block comparison","Standardized Laplace",2,0,3,"inside formal moment assumptions","regular","phi = 0.2",0.666666666666667,17,1847110700,"laplace_phi020_N4096","laplace","Standardized Laplace","inside formal moment assumptions","regular",0.2,"phi = 0.2",4096,256,16,17,100000,20000,"K_asym_full",0.93711,-0.01289,0.000767690353593166,NA,NA,0.06289,1.11772378726285,0.93955,0.00168516761035809,20000,0.0766605109705063,0.000101128317532877,0.0143017038194968,0.0761048090019816,0.0667356633010096,0.0861281842382385,0.0953085769985766,0.100996308124237,0.0766605109705063,1.02199802826031,1.05180881701123,0,0,0,2e-05
"laplace_phi020_N4096_M256_Q16","laplace_phi020_N4096","laplace","fixed_N_distribution_dependence","laplace_phi_0.2","laplace, phi = 0.2",0.2,4096,256,16,256,NA,NA,"Fixed N=4096 distribution/dependence block comparison","Standardized Laplace",2,0,3,"inside formal moment assumptions","regular","phi = 0.2",0.666666666666667,17,1847110700,"laplace_phi020_N4096","laplace","Standardized Laplace","inside formal moment assumptions","regular",0.2,"phi = 0.2",4096,256,16,17,100000,20000,"K_leading",0.93713,-0.0128699999999999,0.000767576465897698,NA,NA,0.06287,1.11754816681638,0.93965,0.00168386278389897,20000,0.0766667039562591,0.000101136785403285,0.0143029013572143,0.0761107385766842,0.0667409245700289,0.0861349884588929,0.0953164062245295,0.101004534445851,0.0766667039562591,1.02208058992274,1.05189378692515,0,0,0,2e-05
"laplace_phi020_N4096_M256_Q16","laplace_phi020_N4096","laplace","fixed_N_distribution_dependence","laplace_phi_0.2","laplace, phi = 0.2",0.2,4096,256,16,256,NA,NA,"Fixed N=4096 distribution/dependence block comparison","Standardized Laplace",2,0,3,"inside formal moment assumptions","regular","phi = 0.2",0.666666666666667,17,1847110700,"laplace_phi020_N4096","laplace","Standardized Laplace","inside formal moment assumptions","regular",0.2,"phi = 0.2",4096,256,16,17,100000,20000,"V_oracle",0.92546,-0.02454,0.000830564798194578,NA,NA,0.0745400000000001,1.23127475879499,0.92735,0.00183537431468352,20000,0.0729416633942556,9.60583906446042e-05,0.0135847078829332,0.0724232928244883,0.0635296394986229,0.0818983232372676,0.0906473595027987,0.0960222519488937,0.0729416633942556,0.972420288140742,1.00078493756792,0,0,0,2e-05
"laplace_phi020_N4096_M256_Q16","laplace_phi020_N4096","laplace","fixed_N_distribution_dependence","laplace_phi_0.2","laplace, phi = 0.2",0.2,4096,256,16,256,NA,NA,"Fixed N=4096 distribution/dependence block comparison","Standardized Laplace",2,0,3,"inside formal moment assumptions","regular","phi = 0.2",0.666666666666667,17,1847110700,"laplace_phi020_N4096","laplace","Standardized Laplace","inside formal moment assumptions","regular",0.2,"phi = 0.2",4096,256,16,17,100000,20000,"V_feasible",0.92538,-0.02462,0.000830974461701441,NA,NA,0.07462,1.23187659923894,0.92735,0.00183537431468352,20000,0.0729645988962715,9.65477393643395e-05,0.0136539122425512,0.0724408183602938,0.0635096240342834,0.0819455460856423,0.0907996953818259,0.0962073647201779,0.0729645988962715,0.97272605231503,1.00109962061579,0,0,0,2e-05
"laplace_phi020_N4096_M256_Q16","laplace_phi020_N4096","laplace","fixed_N_distribution_dependence","laplace_phi_0.2","laplace, phi = 0.2",0.2,4096,256,16,256,NA,NA,"Fixed N=4096 distribution/dependence block comparison","Standardized Laplace",2,0,3,"inside formal moment assumptions","regular","phi = 0.2",0.666666666666667,17,1847110700,"laplace_phi020_N4096","laplace","Standardized Laplace","inside formal moment assumptions","regular",0.2,"phi = 0.2",4096,256,16,17,100000,20000,"VK_asym_full_oracle",0.93723,-0.0127699999999999,0.00076700669553792,NA,NA,0.06277,1.11601810260164,0.9398,0.00168190308876582,20000,0.0767207219305875,0.000101210649283484,0.014313347287329,0.0761624590112685,0.0667863367080711,0.0861946212843048,0.0953846819633632,0.101076290975397,0.0767207219305875,1.02280072943857,1.05263493228091,0,0,0,2e-05
"laplace_phi020_N4096_M256_Q16","laplace_phi020_N4096","laplace","fixed_N_distribution_dependence","laplace_phi_0.2","laplace, phi = 0.2",0.2,4096,256,16,256,NA,NA,"Fixed N=4096 distribution/dependence block comparison","Standardized Laplace",2,0,3,"inside formal moment assumptions","regular","phi = 0.2",0.666666666666667,17,1847110700,"laplace_phi020_N4096","laplace","Standardized Laplace","inside formal moment assumptions","regular",0.2,"phi = 0.2",4096,256,16,17,100000,20000,"VK_leading_oracle",0.93724,-0.01276,0.000766949688050005,NA,NA,0.06276,1.11584275015796,0.9398,0.00168190308876582,20000,0.0767269198229299,0.000101219124658877,0.0143145458864117,0.0761683931008765,0.0667915470557314,0.0862011053130181,0.095392495296364,0.101084524412739,0.0767269198229299,1.0228833565131,1.05271996951494,0,0,0,2e-05
"laplace_phi020_N4096_M256_Q16","laplace_phi020_N4096","laplace","fixed_N_distribution_dependence","laplace_phi_0.2","laplace, phi = 0.2",0.2,4096,256,16,256,NA,NA,"Fixed N=4096 distribution/dependence block comparison","Standardized Laplace",2,0,3,"inside formal moment assumptions","regular","phi = 0.2",0.666666666666667,17,1847110700,"laplace_phi020_N4096","laplace","Standardized Laplace","inside formal moment assumptions","regular",0.2,"phi = 0.2",4096,256,16,17,100000,20000,"VK_asym_full_feasible",0.93722,-0.0127799999999999,0.000767063697485417,NA,NA,0.0627799999999999,1.11656360621529,0.93965,0.00168386278389897,20000,0.0767492003950838,0.000101738961476376,0.0143880619141645,0.076189175004697,0.0667851692855459,0.0862343497222611,0.0955568901215084,0.101255758134734,0.0767492003950838,1.02318038950338,1.05302566669779,0,0,0,2e-05
"laplace_phi020_N4096_M256_Q16","laplace_phi020_N4096","laplace","fixed_N_distribution_dependence","laplace_phi_0.2","laplace, phi = 0.2",0.2,4096,256,16,256,NA,NA,"Fixed N=4096 distribution/dependence block comparison","Standardized Laplace",2,0,3,"inside formal moment assumptions","regular","phi = 0.2",0.666666666666667,17,1847110700,"laplace_phi020_N4096","laplace","Standardized Laplace","inside formal moment assumptions","regular",0.2,"phi = 0.2",4096,256,16,17,100000,20000,"F_feasible_leading",0.93725,-0.0127499999999999,0.000766892675020436,NA,NA,0.06275,1.11638816806029,0.93975,0.0016825566483777,20000,0.0767554078954413,0.000101747502318396,0.0143892697716264,0.0761953858501397,0.0667904333609113,0.0862417057954894,0.0955648426228047,0.101263962114978,0.0767554078954413,1.02326314466696,1.05311083575713,0,0,0,2e-05
"laplace_phi050_N4096_M64_Q64","laplace_phi050_N4096","laplace","fixed_N_distribution_dependence","laplace_phi_0.5","laplace, phi = 0.5",0.5,4096,64,64,64,NA,NA,"Fixed N=4096 distribution/dependence block comparison","Standardized Laplace",2,0,3,"inside formal moment assumptions","regular","phi = 0.5",0.5,17,1877131700,"laplace_phi050_N4096","laplace","Standardized Laplace","inside formal moment assumptions","regular",0.5,"phi = 0.5",4096,64,64,17,100000,20000,"V_feasible",0.94551,-0.00448999999999999,0.000717780188497844,NA,NA,0.05449,1.03497016033758,0.9473,0.00157991629525111,20000,0.106303355373811,7.15509130922676e-05,0.0101188271695263,0.105980184538186,0.0994206558744854,0.113090973220806,0.119505453019282,0.123277709303916,0.106303355373811,1.00221045801041,1.01165221363427,0,0,0,0
"laplace_phi050_N4096_M64_Q64","laplace_phi050_N4096","laplace","fixed_N_distribution_dependence","laplace_phi_0.5","laplace, phi = 0.5",0.5,4096,64,64,64,NA,NA,"Fixed N=4096 distribution/dependence block comparison","Standardized Laplace",2,0,3,"inside formal moment assumptions","regular","phi = 0.5",0.5,17,1877131700,"laplace_phi050_N4096","laplace","Standardized Laplace","inside formal moment assumptions","regular",0.5,"phi = 0.5",4096,64,64,17,100000,20000,"VK_asym_full_oracle",0.94841,-0.00158999999999998,0.000699488898410833,NA,NA,0.05159,1.01055112286683,0.95055,0.00153304757753959,20000,0.107435112794689,6.84976101131093e-05,0.00968702492121037,0.107135337360198,0.100888457991595,0.113940654554827,0.120022572634276,0.123727132026858,0.107435112794689,1.01288047984694,1.02242275701083,0,0,0,0
"laplace_phi050_N4096_M64_Q64","laplace_phi050_N4096","laplace","fixed_N_distribution_dependence","laplace_phi_0.5","laplace, phi = 0.5",0.5,4096,64,64,64,NA,NA,"Fixed N=4096 distribution/dependence block comparison","Standardized Laplace",2,0,3,"inside formal moment assumptions","regular","phi = 0.5",0.5,17,1877131700,"laplace_phi050_N4096","laplace","Standardized Laplace","inside formal moment assumptions","regular",0.5,"phi = 0.5",4096,64,64,17,100000,20000,"VK_leading_oracle",0.94854,-0.00145999999999991,0.000698654910524502,NA,NA,0.05146,1.00924751149781,0.95065,0.00153157725074513,20000,0.107506443228169,6.85440839314586e-05,0.00969359731163085,0.107206996956754,0.100955518881184,0.114016044975752,0.120102735535813,0.123808900432802,0.107506443228169,1.01355297137984,1.0231015840401,0,0,0,0
"laplace_phi050_N4096_M64_Q64","laplace_phi050_N4096","laplace","fixed_N_distribution_dependence","laplace_phi_0.5","laplace, phi = 0.5",0.5,4096,64,64,64,NA,NA,"Fixed N=4096 distribution/dependence block comparison","Standardized Laplace",2,0,3,"inside formal moment assumptions","regular","phi = 0.5",0.5,17,1877131700,"laplace_phi050_N4096","laplace","Standardized Laplace","inside formal moment assumptions","regular",0.5,"phi = 0.5",4096,64,64,17,100000,20000,"VK_asym_full_feasible",0.94811,-0.00188999999999995,0.000701408781667296,NA,NA,0.05189,1.0120185515573,0.9503,0.00153671581627834,20000,0.107540766649036,7.24034083845099e-05,0.0102393882099412,0.107212675069061,0.100574161285153,0.114409309426315,0.120900551424223,0.124711499984951,0.107540766649036,1.01387656691666,1.02342822814817,0,0,0,0
"laplace_phi050_N4096_M64_Q64","laplace_phi050_N4096","laplace","fixed_N_distribution_dependence","laplace_phi_0.5","laplace, phi = 0.5",0.5,4096,64,64,64,NA,NA,"Fixed N=4096 distribution/dependence block comparison","Standardized Laplace",2,0,3,"inside formal moment assumptions","regular","phi = 0.5",0.5,17,1877131700,"laplace_phi050_N4096","laplace","Standardized Laplace","inside formal moment assumptions","regular",0.5,"phi = 0.5",4096,64,64,17,100000,20000,"F_feasible_leading",0.94824,-0.00175999999999998,0.000700577635954789,NA,NA,0.05176,1.01071304720467,0.9503,0.00153671581627834,20000,0.10761245652546,7.24528265365807e-05,0.0102463769920298,0.107283462520153,0.100640974661355,0.114486601792596,0.120981234175203,0.124794692253252,0.10761245652546,1.01455244721821,1.02411047587143,0,0,0,0
"laplace_phi050_N4096_M64_Q64","laplace_phi050_N4096","laplace","fixed_N_distribution_dependence","laplace_phi_0.5","laplace, phi = 0.5",0.5,4096,64,64,64,NA,NA,"Fixed N=4096 distribution/dependence block comparison","Standardized Laplace",2,0,3,"inside formal moment assumptions","regular","phi = 0.5",0.5,17,1877131700,"laplace_phi050_N4096","laplace","Standardized Laplace","inside formal moment assumptions","regular",0.5,"phi = 0.5",4096,64,64,17,100000,20000,"raw",0.94311,-0.00688999999999995,0.000732485685184359,NA,NA,0.05689,1.05511458989269,0.94565,0.00160306078331422,20000,0.105078952965393,6.69640865475891e-05,0.00947015193875262,0.10478691007632,0.0986818793026019,0.111443247309509,0.117385987050729,0.121031641678122,0.105078952965393,0.990666994549498,1,0,0,0,0
"laplace_phi050_N4096_M64_Q64","laplace_phi050_N4096","laplace","fixed_N_distribution_dependence","laplace_phi_0.5","laplace, phi = 0.5",0.5,4096,64,64,64,NA,NA,"Fixed N=4096 distribution/dependence block comparison","Standardized Laplace",2,0,3,"inside formal moment assumptions","regular","phi = 0.5",0.5,17,1877131700,"laplace_phi050_N4096","laplace","Standardized Laplace","inside formal moment assumptions","regular",0.5,"phi = 0.5",4096,64,64,17,100000,20000,"K_asym_full",0.94578,-0.00422,0.000716101889398429,NA,NA,0.05422,1.03171625609177,0.9478,0.00157281848920974,20000,0.106296514974242,6.77561653251414e-05,0.00958216879372087,0.105998652838712,0.0998217103757484,0.112733086625437,0.118747022275602,0.122430292439548,0.106296514974242,1.00214596785428,1.01158711592082,0,0,0,0
"laplace_phi050_N4096_M64_Q64","laplace_phi050_N4096","laplace","fixed_N_distribution_dependence","laplace_phi_0.5","laplace, phi = 0.5",0.5,4096,64,64,64,NA,NA,"Fixed N=4096 distribution/dependence block comparison","Standardized Laplace",2,0,3,"inside formal moment assumptions","regular","phi = 0.5",0.5,17,1877131700,"laplace_phi050_N4096","laplace","Standardized Laplace","inside formal moment assumptions","regular",0.5,"phi = 0.5",4096,64,64,17,100000,20000,"K_leading",0.94591,-0.00408999999999993,0.000715292051542585,NA,NA,0.05409,1.03038534169208,0.94815,0.00156782616223866,20000,0.106367048995477,6.7802075592979e-05,0.00958866148606367,0.10606910138949,0.0998882479828382,0.112808377466937,0.118825566758835,0.122511065778231,0.106367048995477,1.00281095094422,1.0122583637706,0,0,0,0
"laplace_phi050_N4096_M64_Q64","laplace_phi050_N4096","laplace","fixed_N_distribution_dependence","laplace_phi_0.5","laplace, phi = 0.5",0.5,4096,64,64,64,NA,NA,"Fixed N=4096 distribution/dependence block comparison","Standardized Laplace",2,0,3,"inside formal moment assumptions","regular","phi = 0.5",0.5,17,1877131700,"laplace_phi050_N4096","laplace","Standardized Laplace","inside formal moment assumptions","regular",0.5,"phi = 0.5",4096,64,64,17,100000,20000,"V_oracle",0.94561,-0.00439000000000001,0.000717159172708542,NA,NA,0.05439,1.03346945177376,0.9476,0.00157566240038912,20000,0.106203815218763,6.76958317080835e-05,0.00957363633176984,0.105906420861068,0.0997348262305798,0.112634595016714,0.11864323857597,0.12232324181684,0.106203815218763,1.00127200988682,1.01070492445562,0,0,0,0
"laplace_phi050_N4096_M256_Q16","laplace_phi050_N4096","laplace","fixed_N_distribution_dependence","laplace_phi_0.5","laplace, phi = 0.5",0.5,4096,256,16,256,NA,NA,"Fixed N=4096 distribution/dependence block comparison","Standardized Laplace",2,0,3,"inside formal moment assumptions","regular","phi = 0.5",0.666666666666667,17,1877131700,"laplace_phi050_N4096","laplace","Standardized Laplace","inside formal moment assumptions","regular",0.5,"phi = 0.5",4096,256,16,17,100000,20000,"raw",0.92423,-0.02577,0.000836832761667467,NA,NA,0.07577,1.24291589763746,0.9242,0.00187155496846873,20000,0.102615707226811,0.000136223522744744,0.0192649153379857,0.101952406245403,0.0892289494698039,0.115426761413846,0.127756865190089,0.135387630281329,0.102615707226811,0.967443921005153,1,0,0,0,3e-05
"laplace_phi050_N4096_M256_Q16","laplace_phi050_N4096","laplace","fixed_N_distribution_dependence","laplace_phi_0.5","laplace, phi = 0.5",0.5,4096,256,16,256,NA,NA,"Fixed N=4096 distribution/dependence block comparison","Standardized Laplace",2,0,3,"inside formal moment assumptions","regular","phi = 0.5",0.666666666666667,17,1877131700,"laplace_phi050_N4096","laplace","Standardized Laplace","inside formal moment assumptions","regular",0.5,"phi = 0.5",4096,256,16,17,100000,20000,"K_asym_full",0.93629,-0.01371,0.000772340830851251,NA,NA,0.06371,1.12796033793165,0.9362,0.00172814293390333,20000,0.107862535360183,0.000143449190092399,0.0202867790140106,0.107117484161552,0.0937772193333511,0.121344269343337,0.134352665227151,0.142385981426201,0.107862535360183,1.01691014912333,1.05113084804625,0,0,0,3e-05
"laplace_phi050_N4096_M256_Q16","laplace_phi050_N4096","laplace","fixed_N_distribution_dependence","laplace_phi_0.5","laplace, phi = 0.5",0.5,4096,256,16,256,NA,NA,"Fixed N=4096 distribution/dependence block comparison","Standardized Laplace",2,0,3,"inside formal moment assumptions","regular","phi = 0.5",0.666666666666667,17,1877131700,"laplace_phi050_N4096","laplace","Standardized Laplace","inside formal moment assumptions","regular",0.5,"phi = 0.5",4096,256,16,17,100000,20000,"K_leading",0.93646,-0.01354,0.000771379727501313,NA,NA,0.06354,1.12639253223395,0.93635,0.00172624849746495,20000,0.107939673217255,0.00014355574752675,0.0203018485108937,0.107193125486596,0.0938440044483544,0.121430093402744,0.134448670621239,0.14248694902325,0.107939673217255,1.01763739208565,1.05188256393027,0,0,0,3e-05
"laplace_phi050_N4096_M256_Q16","laplace_phi050_N4096","laplace","fixed_N_distribution_dependence","laplace_phi_0.5","laplace, phi = 0.5",0.5,4096,256,16,256,NA,NA,"Fixed N=4096 distribution/dependence block comparison","Standardized Laplace",2,0,3,"inside formal moment assumptions","regular","phi = 0.5",0.666666666666667,17,1877131700,"laplace_phi050_N4096","laplace","Standardized Laplace","inside formal moment assumptions","regular",0.5,"phi = 0.5",4096,256,16,17,100000,20000,"V_oracle",0.92503,-0.0249699999999999,0.000832763466417686,NA,NA,0.07497,1.23684499615111,0.92475,0.00186530744784875,20000,0.10287412297134,0.000136578388247314,0.019315100898641,0.102211112544331,0.0894503097845223,0.115716561528234,0.128083689750096,0.135725362552251,0.10287412297134,0.969880221917492,1.00251828644477,0,0,0,3e-05
"laplace_phi050_N4096_M256_Q16","laplace_phi050_N4096","laplace","fixed_N_distribution_dependence","laplace_phi_0.5","laplace, phi = 0.5",0.5,4096,256,16,256,NA,NA,"Fixed N=4096 distribution/dependence block comparison","Standardized Laplace",2,0,3,"inside formal moment assumptions","regular","phi = 0.5",0.666666666666667,17,1877131700,"laplace_phi050_N4096","laplace","Standardized Laplace","inside formal moment assumptions","regular",0.5,"phi = 0.5",4096,256,16,17,100000,20000,"F_feasible_leading",0.93697,-0.01303,0.000768486949140973,NA,NA,0.06303,1.12132859584643,0.9369,0.00171927877320695,20000,0.108242323837055,0.000144580147277088,0.0204467205129158,0.10745677349877,0.0940091332139808,0.121846213251273,0.134947898949237,0.14304699535297,0.108242323837055,1.02049073208814,1.05483192351642,0,0,0,3e-05
"laplace_phi050_N4096_M256_Q16","laplace_phi050_N4096","laplace","fixed_N_distribution_dependence","laplace_phi_0.5","laplace, phi = 0.5",0.5,4096,256,16,256,NA,NA,"Fixed N=4096 distribution/dependence block comparison","Standardized Laplace",2,0,3,"inside formal moment assumptions","regular","phi = 0.5",0.666666666666667,17,1877131700,"laplace_phi050_N4096","laplace","Standardized Laplace","inside formal moment assumptions","regular",0.5,"phi = 0.5",4096,256,16,17,100000,20000,"V_feasible",0.92495,-0.0250499999999999,0.000833171635979046,NA,NA,0.07505,1.23732810576158,0.9247,0.00186587660363701,20000,0.10289803660783,0.000137178434273925,0.0193999602215291,0.102212835360717,0.0894210232817859,0.115787429526666,0.128246551991561,0.136038063093118,0.10289803660783,0.97010567572838,1.00275132714717,0,0,0,3e-05
"laplace_phi050_N4096_M256_Q16","laplace_phi050_N4096","laplace","fixed_N_distribution_dependence","laplace_phi_0.5","laplace, phi = 0.5",0.5,4096,256,16,256,NA,NA,"Fixed N=4096 distribution/dependence block comparison","Standardized Laplace",2,0,3,"inside formal moment assumptions","regular","phi = 0.5",0.666666666666667,17,1877131700,"laplace_phi050_N4096","laplace","Standardized Laplace","inside formal moment assumptions","regular",0.5,"phi = 0.5",4096,256,16,17,100000,20000,"VK_asym_full_oracle",0.93682,-0.01318,0.000769339246366647,NA,NA,0.06318,1.12245092566562,0.9366,0.00172308502401942,20000,0.108134327178147,0.000143824683285733,0.0203398817706699,0.107389367410882,0.09401190727886,0.121643170289573,0.134694966343167,0.142741831254569,0.108134327178147,1.01947255744438,1.05377948562143,0,0,0,3e-05
"laplace_phi050_N4096_M256_Q16","laplace_phi050_N4096","laplace","fixed_N_distribution_dependence","laplace_phi_0.5","laplace, phi = 0.5",0.5,4096,256,16,256,NA,NA,"Fixed N=4096 distribution/dependence block comparison","Standardized Laplace",2,0,3,"inside formal moment assumptions","regular","phi = 0.5",0.666666666666667,17,1877131700,"laplace_phi050_N4096","laplace","Standardized Laplace","inside formal moment assumptions","regular",0.5,"phi = 0.5",4096,256,16,17,100000,20000,"VK_leading_oracle",0.93694,-0.01306,0.000768657507606606,NA,NA,0.06306,1.12089077776195,0.93685,0.00171991391499691,20000,0.108211661194795,0.00014393154571041,0.0203549943996985,0.107469543748011,0.0940786829464043,0.121729099417831,0.134795484800291,0.142837341776259,0.108211661194795,1.02020164976675,1.0545331130995,0,0,0,3e-05
"laplace_phi050_N4096_M256_Q16","laplace_phi050_N4096","laplace","fixed_N_distribution_dependence","laplace_phi_0.5","laplace, phi = 0.5",0.5,4096,256,16,256,NA,NA,"Fixed N=4096 distribution/dependence block comparison","Standardized Laplace",2,0,3,"inside formal moment assumptions","regular","phi = 0.5",0.666666666666667,17,1877131700,"laplace_phi050_N4096","laplace","Standardized Laplace","inside formal moment assumptions","regular",0.5,"phi = 0.5",4096,256,16,17,100000,20000,"VK_asym_full_feasible",0.93677,-0.01323,0.000769623070730082,NA,NA,0.06323,1.1228893531413,0.93665,0.00172245141440913,20000,0.108164886341762,0.000144472564041023,0.020431505945763,0.107375379412683,0.0939403942635864,0.121756415063526,0.134849082305767,0.142942914932133,0.108164886341762,1.01976066418622,1.05407728762894,0,0,0,3e-05
"laplace_phi050_N4096_M16_Q256","laplace_phi050_N4096","laplace","fixed_N_distribution_dependence","laplace_phi_0.5","laplace, phi = 0.5",0.5,4096,16,256,16,NA,NA,"Fixed N=4096 distribution/dependence block comparison","Standardized Laplace",2,0,3,"inside formal moment assumptions","regular","phi = 0.5",0.333333333333333,8,1877131700,"laplace_phi050_N4096","laplace","Standardized Laplace","inside formal moment assumptions","regular",0.5,"phi = 0.5",4096,16,256,8,100000,20000,"K_asym_full",0.93917,-0.01083,0.000755841988116564,NA,NA,0.0608300000000001,1.09545215475221,0.9416,0.00165815318954553,20000,0.101923199854997,3.33980804867745e-05,0.00472320183816247,0.101876480560851,0.0986725424027143,0.105117989267466,0.107980670239723,0.109723169349981,0.101923199854997,0.960915076004539,1.00232746532129,0,0,0,0
"laplace_phi050_N4096_M16_Q256","laplace_phi050_N4096","laplace","fixed_N_distribution_dependence","laplace_phi_0.5","laplace, phi = 0.5",0.5,4096,16,256,16,NA,NA,"Fixed N=4096 distribution/dependence block comparison","Standardized Laplace",2,0,3,"inside formal moment assumptions","regular","phi = 0.5",0.333333333333333,8,1877131700,"laplace_phi050_N4096","laplace","Standardized Laplace","inside formal moment assumptions","regular",0.5,"phi = 0.5",4096,16,256,8,100000,20000,"K_leading",0.93931,-0.01069,0.000755027972329503,NA,NA,0.06069,1.09406397600073,0.94175,0.00165615424251487,20000,0.101988416968172,3.34196134463583e-05,0.00472624705851062,0.101941682784196,0.0987357000849534,0.105185039891897,0.108049592620452,0.109793327355523,0.101988416968172,0.961529932164399,1.00296881982976,0,0,0,0
"laplace_phi050_N4096_M16_Q256","laplace_phi050_N4096","laplace","fixed_N_distribution_dependence","laplace_phi_0.5","laplace, phi = 0.5",0.5,4096,16,256,16,NA,NA,"Fixed N=4096 distribution/dependence block comparison","Standardized Laplace",2,0,3,"inside formal moment assumptions","regular","phi = 0.5",0.333333333333333,8,1877131700,"laplace_phi050_N4096","laplace","Standardized Laplace","inside formal moment assumptions","regular",0.5,"phi = 0.5",4096,16,256,8,100000,20000,"V_oracle",0.94858,-0.00141999999999998,0.000698398049825456,NA,NA,0.05142,1.00913282581651,0.9505,0.00153378209012884,20000,0.106233448971726,3.48220567054708e-05,0.00492458248626018,0.106185345973694,0.102844643735467,0.109565162663851,0.112548443119293,0.114368760960109,0.106233448971726,1.00155139201005,1.0447150775452,0,0,0,0
"laplace_phi050_N4096_M16_Q256","laplace_phi050_N4096","laplace","fixed_N_distribution_dependence","laplace_phi_0.5","laplace, phi = 0.5",0.5,4096,16,256,16,NA,NA,"Fixed N=4096 distribution/dependence block comparison","Standardized Laplace",2,0,3,"inside formal moment assumptions","regular","phi = 0.5",0.333333333333333,8,1877131700,"laplace_phi050_N4096","laplace","Standardized Laplace","inside formal moment assumptions","regular",0.5,"phi = 0.5",4096,16,256,8,100000,20000,"V_feasible",0.94838,-0.00161999999999995,0.000699681181682057,NA,NA,0.05162,1.01151415213301,0.95025,0.00153744816985809,20000,0.106241540143027,3.96097721465326e-05,0.00560166769721345,0.106173003297274,0.102393066933347,0.110062234329263,0.113432920266733,0.115472086732594,0.106241540143027,1.00162767423526,1.04479464729216,0,0,0,0
"laplace_phi050_N4096_M16_Q256","laplace_phi050_N4096","laplace","fixed_N_distribution_dependence","laplace_phi_0.5","laplace, phi = 0.5",0.5,4096,16,256,16,NA,NA,"Fixed N=4096 distribution/dependence block comparison","Standardized Laplace",2,0,3,"inside formal moment assumptions","regular","phi = 0.5",0.333333333333333,8,1877131700,"laplace_phi050_N4096","laplace","Standardized Laplace","inside formal moment assumptions","regular",0.5,"phi = 0.5",4096,16,256,8,100000,20000,"VK_asym_full_oracle",0.94914,-0.000859999999999972,0.000694789611321298,NA,NA,0.05086,1.00449285147906,0.951,0.00152641737411496,20000,0.106480910209907,3.49038642178674e-05,0.00493615181561371,0.106433019012296,0.103083945311413,0.109820117755417,0.112810391342481,0.114634783749389,0.106480910209907,1.00388441564778,1.04714864709546,0,0,0,0
"laplace_phi050_N4096_M16_Q256","laplace_phi050_N4096","laplace","fixed_N_distribution_dependence","laplace_phi_0.5","laplace, phi = 0.5",0.5,4096,16,256,16,NA,NA,"Fixed N=4096 distribution/dependence block comparison","Standardized Laplace",2,0,3,"inside formal moment assumptions","regular","phi = 0.5",0.333333333333333,8,1877131700,"laplace_phi050_N4096","laplace","Standardized Laplace","inside formal moment assumptions","regular",0.5,"phi = 0.5",4096,16,256,8,100000,20000,"VK_leading_oracle",0.94921,-0.000789999999999957,0.000694336920377996,NA,NA,0.05079,1.00321993816525,0.9511,0.00152493917911502,20000,0.106549100763448,3.49264081685624e-05,0.00493934001169594,0.106501278484513,0.103149890658597,0.109890370446746,0.11288264035484,0.114708327986178,0.106549100763448,1.00452730491177,1.04781924284586,0,0,0,0
"laplace_phi050_N4096_M16_Q256","laplace_phi050_N4096","laplace","fixed_N_distribution_dependence","laplace_phi_0.5","laplace, phi = 0.5",0.5,4096,16,256,16,NA,NA,"Fixed N=4096 distribution/dependence block comparison","Standardized Laplace",2,0,3,"inside formal moment assumptions","regular","phi = 0.5",0.333333333333333,8,1877131700,"laplace_phi050_N4096","laplace","Standardized Laplace","inside formal moment assumptions","regular",0.5,"phi = 0.5",4096,16,256,8,100000,20000,"VK_asym_full_feasible",0.94894,-0.00105999999999995,0.000696081003906873,NA,NA,0.05106,1.00686322850056,0.95085,0.00152863137315705,20000,0.106489809064154,3.97030702623575e-05,0.00561486204328779,0.106420314311534,0.102632768280479,0.110319307332813,0.113697395614765,0.115742273458983,0.106489809064154,1.00396831257426,1.04723615971313,0,0,0,0
"laplace_phi050_N4096_M16_Q256","laplace_phi050_N4096","laplace","fixed_N_distribution_dependence","laplace_phi_0.5","laplace, phi = 0.5",0.5,4096,16,256,16,NA,NA,"Fixed N=4096 distribution/dependence block comparison","Standardized Laplace",2,0,3,"inside formal moment assumptions","regular","phi = 0.5",0.333333333333333,8,1877131700,"laplace_phi050_N4096","laplace","Standardized Laplace","inside formal moment assumptions","regular",0.5,"phi = 0.5",4096,16,256,8,100000,20000,"F_feasible_leading",0.94904,-0.000959999999999961,0.000695435679268759,NA,NA,0.05096,1.00558731139786,0.95095,0.00152715581228636,20000,0.106558223126443,3.97287810583498e-05,0.00561849809892696,0.106488463398158,0.10269882229145,0.110390836846854,0.113770302191199,0.115816782935186,0.106558223126443,1.00461330904177,1.04790895348084,0,0,0,0
"laplace_phi050_N4096_M16_Q256","laplace_phi050_N4096","laplace","fixed_N_distribution_dependence","laplace_phi_0.5","laplace, phi = 0.5",0.5,4096,16,256,16,NA,NA,"Fixed N=4096 distribution/dependence block comparison","Standardized Laplace",2,0,3,"inside formal moment assumptions","regular","phi = 0.5",0.333333333333333,8,1877131700,"laplace_phi050_N4096","laplace","Standardized Laplace","inside formal moment assumptions","regular",0.5,"phi = 0.5",4096,16,256,8,100000,20000,"raw",0.93858,-0.01142,0.000759260058214575,NA,NA,0.06142,1.10051229020113,0.94145,0.00166014905204322,20000,0.101686527987464,3.33199411462088e-05,0.00471215126664419,0.101639867921806,0.0984432421011072,0.10487423670893,0.107729702752435,0.109468705105408,0.101686527987464,0.958683772769336,1,0,0,0,0
"centered_gamma4_phi050_N4096_M64_Q64","centered_gamma4_phi050_N4096","centered_gamma4","fixed_N_distribution_dependence","centered_gamma4_phi_0.5","centered_gamma4, phi = 0.5",0.5,4096,64,64,64,NA,NA,"Fixed N=4096 distribution/dependence block comparison","Centered Gamma(4)",3,1,1.5,"inside formal moment assumptions","regular","phi = 0.5",0.5,17,1877131801,"centered_gamma4_phi050_N4096","centered_gamma4","Centered Gamma(4)","inside formal moment assumptions","regular",0.5,"phi = 0.5",4096,64,64,17,100000,20000,"V_feasible",0.94674,-0.00325999999999993,0.000710094165586509,NA,NA,0.05326,1.02668071957173,0.945,0.00161206389451535,20000,0.106317778115085,7.14323950534149e-05,0.0101020661877332,0.10607411240702,0.0994708515697388,0.113136035214292,0.119488432554606,0.123116275906746,0.106317778115085,1.00234643323045,1.01184957168699,0,0,0,0
"centered_gamma4_phi050_N4096_M64_Q64","centered_gamma4_phi050_N4096","centered_gamma4","fixed_N_distribution_dependence","centered_gamma4_phi_0.5","centered_gamma4, phi = 0.5",0.5,4096,64,64,64,NA,NA,"Fixed N=4096 distribution/dependence block comparison","Centered Gamma(4)",3,1,1.5,"inside formal moment assumptions","regular","phi = 0.5",0.5,17,1877131801,"centered_gamma4_phi050_N4096","centered_gamma4","Centered Gamma(4)","inside formal moment assumptions","regular",0.5,"phi = 0.5",4096,64,64,17,100000,20000,"VK_asym_full_oracle",0.94943,-0.000569999999999959,0.000692911791644507,NA,NA,0.05057,1.00266810279651,0.948,0.00156996815254323,20000,0.107411310386744,6.8312976084059e-05,0.00966091372641452,0.10720697730833,0.100852945197733,0.113930987071258,0.119963763824839,0.123484712265648,0.107411310386744,1.01265607468038,1.02225695773589,0,0,0,0
"centered_gamma4_phi050_N4096_M64_Q64","centered_gamma4_phi050_N4096","centered_gamma4","fixed_N_distribution_dependence","centered_gamma4_phi_0.5","centered_gamma4, phi = 0.5",0.5,4096,64,64,64,NA,NA,"Fixed N=4096 distribution/dependence block comparison","Centered Gamma(4)",3,1,1.5,"inside formal moment assumptions","regular","phi = 0.5",0.5,17,1877131801,"centered_gamma4_phi050_N4096","centered_gamma4","Centered Gamma(4)","inside formal moment assumptions","regular",0.5,"phi = 0.5",4096,64,64,17,100000,20000,"VK_leading_oracle",0.94961,-0.000390000000000001,0.00069174307296857,NA,NA,0.05039,1.00110387798716,0.94815,0.00156782616223866,20000,0.10749747959885,6.83687196431565e-05,0.00966879705614358,0.107292091708284,0.100933391803691,0.114021781327122,0.120059118846079,0.123582472216282,0.10749747959885,1.01346846376469,1.0230770489935,0,0,0,0
"centered_gamma4_phi050_N4096_M64_Q64","centered_gamma4_phi050_N4096","centered_gamma4","fixed_N_distribution_dependence","centered_gamma4_phi_0.5","centered_gamma4, phi = 0.5",0.5,4096,64,64,64,NA,NA,"Fixed N=4096 distribution/dependence block comparison","Centered Gamma(4)",3,1,1.5,"inside formal moment assumptions","regular","phi = 0.5",0.5,17,1877131801,"centered_gamma4_phi050_N4096","centered_gamma4","Centered Gamma(4)","inside formal moment assumptions","regular",0.5,"phi = 0.5",4096,64,64,17,100000,20000,"VK_asym_full_feasible",0.94951,-0.00048999999999999,0.000692392662439457,NA,NA,0.05049,1.00418448066021,0.9478,0.00157281848920974,20000,0.107539011240044,7.22684404573631e-05,0.0102203008626355,0.107287352638081,0.100603066100951,0.1144316647612,0.120868235228,0.124550346923047,0.107539011240044,1.01386001721092,1.02347231471574,0,0,0,0
"centered_gamma4_phi050_N4096_M64_Q64","centered_gamma4_phi050_N4096","centered_gamma4","fixed_N_distribution_dependence","centered_gamma4_phi_0.5","centered_gamma4, phi = 0.5",0.5,4096,64,64,64,NA,NA,"Fixed N=4096 distribution/dependence block comparison","Centered Gamma(4)",3,1,1.5,"inside formal moment assumptions","regular","phi = 0.5",0.5,17,1877131801,"centered_gamma4_phi050_N4096","centered_gamma4","Centered Gamma(4)","inside formal moment assumptions","regular",0.5,"phi = 0.5",4096,64,64,17,100000,20000,"F_feasible_leading",0.94969,-0.000309999999999921,0.000691222857694969,NA,NA,0.05031,1.00261789020677,0.948,0.00156996815254323,20000,0.107625630430977,7.23277682379959e-05,0.0102286910778352,0.107373535172144,0.100683039366888,0.114524344437527,0.120966541785362,0.124651369413587,0.107625630430977,1.01467664862121,1.02429668852039,0,0,0,0
"centered_gamma4_phi050_N4096_M64_Q64","centered_gamma4_phi050_N4096","centered_gamma4","fixed_N_distribution_dependence","centered_gamma4_phi_0.5","centered_gamma4, phi = 0.5",0.5,4096,64,64,64,NA,NA,"Fixed N=4096 distribution/dependence block comparison","Centered Gamma(4)",3,1,1.5,"inside formal moment assumptions","regular","phi = 0.5",0.5,17,1877131801,"centered_gamma4_phi050_N4096","centered_gamma4","Centered Gamma(4)","inside formal moment assumptions","regular",0.5,"phi = 0.5",4096,64,64,17,100000,20000,"raw",0.94457,-0.00542999999999993,0.000723584930053135,NA,NA,0.05543,1.04660085422929,0.94285,0.00164139997410747,20000,0.105072711487962,6.68014261008301e-05,0.0094471482777658,0.104872750347144,0.0986608783091456,0.111453092901314,0.117368106112421,0.120818180697814,0.105072711487962,0.990608150932257,1,0,0,0,0
"centered_gamma4_phi050_N4096_M64_Q64","centered_gamma4_phi050_N4096","centered_gamma4","fixed_N_distribution_dependence","centered_gamma4_phi_0.5","centered_gamma4, phi = 0.5",0.5,4096,64,64,64,NA,NA,"Fixed N=4096 distribution/dependence block comparison","Centered Gamma(4)",3,1,1.5,"inside formal moment assumptions","regular","phi = 0.5",0.5,17,1877131801,"centered_gamma4_phi050_N4096","centered_gamma4","Centered Gamma(4)","inside formal moment assumptions","regular",0.5,"phi = 0.5",4096,64,64,17,100000,20000,"K_asym_full",0.94707,-0.00292999999999999,0.000708014230789184,NA,NA,0.05293,1.02366813287503,0.94575,0.0016016700268782,20000,0.106274173927967,6.75776779467198e-05,0.00955692686659324,0.106072408509466,0.0997884332783846,0.11272190916063,0.118698326807148,0.122191786830749,0.106274173927967,1.00193534016392,1.01143458109143,0,0,0,0
"centered_gamma4_phi050_N4096_M64_Q64","centered_gamma4_phi050_N4096","centered_gamma4","fixed_N_distribution_dependence","centered_gamma4_phi_0.5","centered_gamma4, phi = 0.5",0.5,4096,64,64,64,NA,NA,"Fixed N=4096 distribution/dependence block comparison","Centered Gamma(4)",3,1,1.5,"inside formal moment assumptions","regular","phi = 0.5",0.5,17,1877131801,"centered_gamma4_phi050_N4096","centered_gamma4","Centered Gamma(4)","inside formal moment assumptions","regular",0.5,"phi = 0.5",4096,64,64,17,100000,20000,"K_leading",0.94723,-0.00276999999999994,0.000707003020502741,NA,NA,0.05277,1.02207114670829,0.94595,0.00159888394669532,20000,0.106359383809754,6.76327558798895e-05,0.00956471606260084,0.106157888974746,0.0998686321040127,0.112815088889084,0.118795436351337,0.122288563689239,0.106359383809754,1.0027386848406,1.01224554219237,0,0,0,0
"centered_gamma4_phi050_N4096_M64_Q64","centered_gamma4_phi050_N4096","centered_gamma4","fixed_N_distribution_dependence","centered_gamma4_phi_0.5","centered_gamma4, phi = 0.5",0.5,4096,64,64,64,NA,NA,"Fixed N=4096 distribution/dependence block comparison","Centered Gamma(4)",3,1,1.5,"inside formal moment assumptions","regular","phi = 0.5",0.5,17,1877131801,"centered_gamma4_phi050_N4096","centered_gamma4","Centered Gamma(4)","inside formal moment assumptions","regular",0.5,"phi = 0.5",4096,64,64,17,100000,20000,"V_oracle",0.94691,-0.00308999999999993,0.00070902363782881,NA,NA,0.05309,1.02513037105885,0.9455,0.00160514407453038,20000,0.10619633303475,6.75273659513393e-05,0.00954981167597152,0.105993239714332,0.0997152061174299,0.112638688927907,0.118611187649965,0.122103378100594,0.10619633303475,1.00120146909307,1.01069375226808,0,0,0,0
"centered_gamma4_phi050_N4096_M256_Q16","centered_gamma4_phi050_N4096","centered_gamma4","fixed_N_distribution_dependence","centered_gamma4_phi_0.5","centered_gamma4, phi = 0.5",0.5,4096,256,16,256,NA,NA,"Fixed N=4096 distribution/dependence block comparison","Centered Gamma(4)",3,1,1.5,"inside formal moment assumptions","regular","phi = 0.5",0.666666666666667,17,1877131801,"centered_gamma4_phi050_N4096","centered_gamma4","Centered Gamma(4)","inside formal moment assumptions","regular",0.5,"phi = 0.5",4096,256,16,17,100000,20000,"raw",0.92451,-0.0254899999999999,0.000835411634465309,NA,NA,0.0754899999999999,1.23303835284925,0.9251,0.0018613166039124,20000,0.102544498150622,0.000134678762978272,0.0190464533167503,0.101831038681508,0.0894130559132837,0.114822221752843,0.127664604075164,0.135202143876433,0.102544498150622,0.966772573608723,1,0,0,0,3e-05
"centered_gamma4_phi050_N4096_M256_Q16","centered_gamma4_phi050_N4096","centered_gamma4","fixed_N_distribution_dependence","centered_gamma4_phi_0.5","centered_gamma4, phi = 0.5",0.5,4096,256,16,256,NA,NA,"Fixed N=4096 distribution/dependence block comparison","Centered Gamma(4)",3,1,1.5,"inside formal moment assumptions","regular","phi = 0.5",0.666666666666667,17,1877131801,"centered_gamma4_phi050_N4096","centered_gamma4","Centered Gamma(4)","inside formal moment assumptions","regular",0.5,"phi = 0.5",4096,256,16,17,100000,20000,"K_asym_full",0.93695,-0.01305,0.000768600660291156,NA,NA,0.0630500000000001,1.11932247448284,0.9375,0.00171163299220364,20000,0.107770224257611,0.000141791353679592,0.0200523255400919,0.107020559219721,0.0939821916281195,0.120646709761521,0.13422209994375,0.14221668056537,0.107770224257611,1.01603985531123,1.05096057030104,0,0,0,3e-05
"centered_gamma4_phi050_N4096_M256_Q16","centered_gamma4_phi050_N4096","centered_gamma4","fixed_N_distribution_dependence","centered_gamma4_phi_0.5","centered_gamma4, phi = 0.5",0.5,4096,256,16,256,NA,NA,"Fixed N=4096 distribution/dependence block comparison","Centered Gamma(4)",3,1,1.5,"inside formal moment assumptions","regular","phi = 0.5",0.666666666666667,17,1877131801,"centered_gamma4_phi050_N4096","centered_gamma4","Centered Gamma(4)","inside formal moment assumptions","regular",0.5,"phi = 0.5",4096,256,16,17,100000,20000,"K_leading",0.93719,-0.01281,0.000767234670097748,NA,NA,0.06281,1.11744100726963,0.93765,0.00170971455950986,20000,0.107863426177943,0.000141918596379528,0.0200703203752882,0.107116552957056,0.0940618858312748,0.120751836221249,0.134335493746524,0.142342265153108,0.107863426177943,1.01691854760588,1.05186946275273,0,0,0,3e-05
"centered_gamma4_phi050_N4096_M256_Q16","centered_gamma4_phi050_N4096","centered_gamma4","fixed_N_distribution_dependence","centered_gamma4_phi_0.5","centered_gamma4, phi = 0.5",0.5,4096,256,16,256,NA,NA,"Fixed N=4096 distribution/dependence block comparison","Centered Gamma(4)",3,1,1.5,"inside formal moment assumptions","regular","phi = 0.5",0.666666666666667,17,1877131801,"centered_gamma4_phi050_N4096","centered_gamma4","Centered Gamma(4)","inside formal moment assumptions","regular",0.5,"phi = 0.5",4096,256,16,17,100000,20000,"V_oracle",0.92532,-0.0246799999999999,0.000831281526319453,NA,NA,0.07468,1.22701569726711,0.9262,0.00184869629739446,20000,0.102802672287764,0.000135029167945636,0.0190960080624673,0.102084583155517,0.0896401763732481,0.115114650576033,0.127991074670487,0.135559346045395,0.102802672287764,0.96920659668657,1.00251767907395,0,0,0,3e-05
"centered_gamma4_phi050_N4096_M256_Q16","centered_gamma4_phi050_N4096","centered_gamma4","fixed_N_distribution_dependence","centered_gamma4_phi_0.5","centered_gamma4, phi = 0.5",0.5,4096,256,16,256,NA,NA,"Fixed N=4096 distribution/dependence block comparison","Centered Gamma(4)",3,1,1.5,"inside formal moment assumptions","regular","phi = 0.5",0.666666666666667,17,1877131801,"centered_gamma4_phi050_N4096","centered_gamma4","Centered Gamma(4)","inside formal moment assumptions","regular",0.5,"phi = 0.5",4096,256,16,17,100000,20000,"F_feasible_leading",0.9377,-0.0123,0.000764321332948388,NA,NA,0.0623,1.11244397271469,0.93805,0.001704584956815,20000,0.108170489014735,0.000142943041898076,0.0202151988499124,0.107392545129764,0.0942569923455945,0.121138252049773,0.134826544703068,0.142956587871117,0.108170489014735,1.01981348526065,1.05486389777684,0,0,0,3e-05
"centered_gamma4_phi050_N4096_M256_Q16","centered_gamma4_phi050_N4096","centered_gamma4","fixed_N_distribution_dependence","centered_gamma4_phi_0.5","centered_gamma4, phi = 0.5",0.5,4096,256,16,256,NA,NA,"Fixed N=4096 distribution/dependence block comparison","Centered Gamma(4)",3,1,1.5,"inside formal moment assumptions","regular","phi = 0.5",0.666666666666667,17,1877131801,"centered_gamma4_phi050_N4096","centered_gamma4","Centered Gamma(4)","inside formal moment assumptions","regular",0.5,"phi = 0.5",4096,256,16,17,100000,20000,"V_feasible",0.92529,-0.02471,0.000831434999864692,NA,NA,0.0747100000000001,1.22752438368517,0.92605,0.00185042424189698,20000,0.102831083719318,0.000135634029108824,0.0191815483485006,0.102079770254695,0.08957971775617,0.115209556858281,0.128111486496317,0.13581319141337,0.102831083719318,0.969474454965647,1.00279474349054,0,0,0,3e-05
"centered_gamma4_phi050_N4096_M256_Q16","centered_gamma4_phi050_N4096","centered_gamma4","fixed_N_distribution_dependence","centered_gamma4_phi_0.5","centered_gamma4, phi = 0.5",0.5,4096,256,16,256,NA,NA,"Fixed N=4096 distribution/dependence block comparison","Centered Gamma(4)",3,1,1.5,"inside formal moment assumptions","regular","phi = 0.5",0.666666666666667,17,1877131801,"centered_gamma4_phi050_N4096","centered_gamma4","Centered Gamma(4)","inside formal moment assumptions","regular",0.5,"phi = 0.5",4096,256,16,17,100000,20000,"VK_asym_full_oracle",0.93753,-0.01247,0.000765294055249353,NA,NA,0.06247,1.11385525301842,0.9379,0.00170651091411687,20000,0.108041714607234,0.000142162040808192,0.0201047486165583,0.107289699703607,0.094215958380095,0.120957404743335,0.134549279867233,0.142581256883154,0.108041714607234,1.0185994214386,1.0536081072681,0,0,0,3e-05
"centered_gamma4_phi050_N4096_M256_Q16","centered_gamma4_phi050_N4096","centered_gamma4","fixed_N_distribution_dependence","centered_gamma4_phi_0.5","centered_gamma4, phi = 0.5",0.5,4096,256,16,256,NA,NA,"Fixed N=4096 distribution/dependence block comparison","Centered Gamma(4)",3,1,1.5,"inside formal moment assumptions","regular","phi = 0.5",0.666666666666667,17,1877131801,"centered_gamma4_phi050_N4096","centered_gamma4","Centered Gamma(4)","inside formal moment assumptions","regular",0.5,"phi = 0.5",4096,256,16,17,100000,20000,"VK_leading_oracle",0.93773,-0.01227,0.000764149508277013,NA,NA,0.06227,1.11198297564832,0.9381,0.00170394234057376,20000,0.108135153434794,0.00014228964735972,0.0201227949081401,0.107382780973792,0.094293588836598,0.12106375043379,0.134661475447717,0.142706687209721,0.108135153434794,1.01948034725544,1.05451931000687,0,0,0,3e-05
"centered_gamma4_phi050_N4096_M256_Q16","centered_gamma4_phi050_N4096","centered_gamma4","fixed_N_distribution_dependence","centered_gamma4_phi_0.5","centered_gamma4, phi = 0.5",0.5,4096,256,16,256,NA,NA,"Fixed N=4096 distribution/dependence block comparison","Centered Gamma(4)",3,1,1.5,"inside formal moment assumptions","regular","phi = 0.5",0.666666666666667,17,1877131801,"centered_gamma4_phi050_N4096","centered_gamma4","Centered Gamma(4)","inside formal moment assumptions","regular",0.5,"phi = 0.5",4096,256,16,17,100000,20000,"VK_asym_full_feasible",0.93751,-0.01249,0.000765408387071895,NA,NA,0.06249,1.11431702627866,0.93795,0.00170586924323056,20000,0.108076922086698,0.000142814564514929,0.0201970294041419,0.107299555724269,0.0941747989298775,0.121031456830271,0.134710204433945,0.142836150227005,0.108076922086698,1.01893135173369,1.05395144581965,0,0,0,3e-05
"centered_gamma4_phi050_N4096_M16_Q256","centered_gamma4_phi050_N4096","centered_gamma4","fixed_N_distribution_dependence","centered_gamma4_phi_0.5","centered_gamma4, phi = 0.5",0.5,4096,16,256,16,NA,NA,"Fixed N=4096 distribution/dependence block comparison","Centered Gamma(4)",3,1,1.5,"inside formal moment assumptions","regular","phi = 0.5",0.333333333333333,8,1877131801,"centered_gamma4_phi050_N4096","centered_gamma4","Centered Gamma(4)","inside formal moment assumptions","regular",0.5,"phi = 0.5",4096,16,256,8,100000,20000,"K_asym_full",0.9397,-0.0103,0.000752754342398634,NA,NA,0.0603,1.08598667606335,0.9395,0.00168581953363935,20000,0.101861642314585,3.27462754532788e-05,0.00463102268632321,0.101804857888275,0.0987208166690035,0.104950445189146,0.107829921754689,0.10954981347296,0.101861642314585,0.960334721691603,1.00219065894972,0,0,0,0
"centered_gamma4_phi050_N4096_M16_Q256","centered_gamma4_phi050_N4096","centered_gamma4","fixed_N_distribution_dependence","centered_gamma4_phi_0.5","centered_gamma4, phi = 0.5",0.5,4096,16,256,16,NA,NA,"Fixed N=4096 distribution/dependence block comparison","Centered Gamma(4)",3,1,1.5,"inside formal moment assumptions","regular","phi = 0.5",0.333333333333333,8,1877131801,"centered_gamma4_phi050_N4096","centered_gamma4","Centered Gamma(4)","inside formal moment assumptions","regular",0.5,"phi = 0.5",4096,16,256,8,100000,20000,"K_leading",0.93989,-0.01011,0.000751643452043587,NA,NA,0.06011,1.08432237968,0.93965,0.00168386278389897,20000,0.101940391498588,3.2771720298336e-05,0.00463462113082044,0.101883570796174,0.0987971696113853,0.105031766103523,0.107913135518782,0.109635098788508,0.101940391498588,0.961077155977805,1.00296545203978,0,0,0,0
"centered_gamma4_phi050_N4096_M16_Q256","centered_gamma4_phi050_N4096","centered_gamma4","fixed_N_distribution_dependence","centered_gamma4_phi_0.5","centered_gamma4, phi = 0.5",0.5,4096,16,256,16,NA,NA,"Fixed N=4096 distribution/dependence block comparison","Centered Gamma(4)",3,1,1.5,"inside formal moment assumptions","regular","phi = 0.5",0.333333333333333,8,1877131801,"centered_gamma4_phi050_N4096","centered_gamma4","Centered Gamma(4)","inside formal moment assumptions","regular",0.5,"phi = 0.5",4096,16,256,8,100000,20000,"V_oracle",0.94956,-0.000439999999999996,0.000692067961980614,NA,NA,0.05044,1.00014746039114,0.94925,0.00155200575868777,20000,0.106178287040594,3.41416281152326e-05,0.00482835535220605,0.106122589646438,0.102906866305246,0.10939843999285,0.11240053287879,0.11419747236389,0.106178287040594,1.00103133444394,1.04466102290724,0,0,0,0
"centered_gamma4_phi050_N4096_M16_Q256","centered_gamma4_phi050_N4096","centered_gamma4","fixed_N_distribution_dependence","centered_gamma4_phi_0.5","centered_gamma4, phi = 0.5",0.5,4096,16,256,16,NA,NA,"Fixed N=4096 distribution/dependence block comparison","Centered Gamma(4)",3,1,1.5,"inside formal moment assumptions","regular","phi = 0.5",0.333333333333333,8,1877131801,"centered_gamma4_phi050_N4096","centered_gamma4","Centered Gamma(4)","inside formal moment assumptions","regular",0.5,"phi = 0.5",4096,16,256,8,100000,20000,"V_feasible",0.94951,-0.00048999999999999,0.000692392662439457,NA,NA,0.05049,1.00239172984653,0.94915,0.00155345224419678,20000,0.106185352779456,3.90467493517253e-05,0.00552204424997928,0.1061515981767,0.102446174934711,0.109878504861012,0.11325810982933,0.115327899684851,0.106185352779456,1.00109794906166,1.04473054090563,0,0,0,0
"centered_gamma4_phi050_N4096_M16_Q256","centered_gamma4_phi050_N4096","centered_gamma4","fixed_N_distribution_dependence","centered_gamma4_phi_0.5","centered_gamma4, phi = 0.5",0.5,4096,16,256,16,NA,NA,"Fixed N=4096 distribution/dependence block comparison","Centered Gamma(4)",3,1,1.5,"inside formal moment assumptions","regular","phi = 0.5",0.333333333333333,8,1877131801,"centered_gamma4_phi050_N4096","centered_gamma4","Centered Gamma(4)","inside formal moment assumptions","regular",0.5,"phi = 0.5",4096,16,256,8,100000,20000,"VK_asym_full_oracle",0.95003,3.00000000000855e-05,0.000689006524642546,NA,NA,0.04997,0.995813325278365,0.9499,0.00154256264054333,20000,0.106411056263973,3.42169056839988e-05,0.00483900120807521,0.106355101906037,0.103132362765224,0.109638129805753,0.112646883801451,0.114449556268588,0.106411056263973,1.00322584419533,1.04695117979123,0,0,0,0
"centered_gamma4_phi050_N4096_M16_Q256","centered_gamma4_phi050_N4096","centered_gamma4","fixed_N_distribution_dependence","centered_gamma4_phi_0.5","centered_gamma4, phi = 0.5",0.5,4096,16,256,16,NA,NA,"Fixed N=4096 distribution/dependence block comparison","Centered Gamma(4)",3,1,1.5,"inside formal moment assumptions","regular","phi = 0.5",0.333333333333333,8,1877131801,"centered_gamma4_phi050_N4096","centered_gamma4","Centered Gamma(4)","inside formal moment assumptions","regular",0.5,"phi = 0.5",4096,16,256,8,100000,20000,"VK_leading_oracle",0.95025,0.000250000000000083,0.000687567723937068,NA,NA,0.04975,0.994287221365414,0.9501,0.00153964265334525,20000,0.106493382473727,3.42435311398481e-05,0.00484276661615185,0.106437258835203,0.103212069948279,0.109722806633056,0.112734072620132,0.114538071512441,0.106493382473727,1.00400200208888,1.04776116632323,0,0,0,0
"centered_gamma4_phi050_N4096_M16_Q256","centered_gamma4_phi050_N4096","centered_gamma4","fixed_N_distribution_dependence","centered_gamma4_phi_0.5","centered_gamma4, phi = 0.5",0.5,4096,16,256,16,NA,NA,"Fixed N=4096 distribution/dependence block comparison","Centered Gamma(4)",3,1,1.5,"inside formal moment assumptions","regular","phi = 0.5",0.333333333333333,8,1877131801,"centered_gamma4_phi050_N4096","centered_gamma4","Centered Gamma(4)","inside formal moment assumptions","regular",0.5,"phi = 0.5",4096,16,256,8,100000,20000,"VK_asym_full_feasible",0.95001,1.00000000000655e-05,0.000689137140923343,NA,NA,0.04999,0.998047869200837,0.9496,0.00154692986266346,20000,0.106418877799655,3.91330779994857e-05,0.00553425296442769,0.106385519119262,0.102672032116863,0.110121361575322,0.11350714946118,0.115581118482604,0.106418877799655,1.00329958434051,1.04702813388132,0,0,0,0
"centered_gamma4_phi050_N4096_M16_Q256","centered_gamma4_phi050_N4096","centered_gamma4","fixed_N_distribution_dependence","centered_gamma4_phi_0.5","centered_gamma4, phi = 0.5",0.5,4096,16,256,16,NA,NA,"Fixed N=4096 distribution/dependence block comparison","Centered Gamma(4)",3,1,1.5,"inside formal moment assumptions","regular","phi = 0.5",0.333333333333333,8,1877131801,"centered_gamma4_phi050_N4096","centered_gamma4","Centered Gamma(4)","inside formal moment assumptions","regular",0.5,"phi = 0.5",4096,16,256,8,100000,20000,"F_feasible_leading",0.95013,0.000130000000000075,0.000688352984303838,NA,NA,0.04987,0.996518340804465,0.9497,0.00154547581669853,20000,0.106501472507035,3.91636120289346e-05,0.00553857112828374,0.106467953840037,0.102752094266202,0.110207267120746,0.113595343032442,0.115670680792639,0.106501472507035,1.00407827358528,1.04784076209283,0,0,0,0
"centered_gamma4_phi050_N4096_M16_Q256","centered_gamma4_phi050_N4096","centered_gamma4","fixed_N_distribution_dependence","centered_gamma4_phi_0.5","centered_gamma4, phi = 0.5",0.5,4096,16,256,16,NA,NA,"Fixed N=4096 distribution/dependence block comparison","Centered Gamma(4)",3,1,1.5,"inside formal moment assumptions","regular","phi = 0.5",0.333333333333333,8,1877131801,"centered_gamma4_phi050_N4096","centered_gamma4","Centered Gamma(4)","inside formal moment assumptions","regular",0.5,"phi = 0.5",4096,16,256,8,100000,20000,"raw",0.93919,-0.01081,0.000755725769707505,NA,NA,0.06081,1.09071327779207,0.9393,0.00168842396926838,20000,0.10163898596035,3.26743344720251e-05,0.00462084869518527,0.101582163274944,0.0985050726518817,0.104720576241286,0.107594774338261,0.10930871719827,0.10163898596035,0.95823555439842,1,0,0,0,0
"centered_gamma4_phi020_N4096_M256_Q16","centered_gamma4_phi020_N4096","centered_gamma4","fixed_N_distribution_dependence","centered_gamma4_phi_0.2","centered_gamma4, phi = 0.2",0.2,4096,256,16,256,NA,NA,"Fixed N=4096 distribution/dependence block comparison","Centered Gamma(4)",3,1,1.5,"inside formal moment assumptions","regular","phi = 0.2",0.666666666666667,17,1847110801,"centered_gamma4_phi020_N4096","centered_gamma4","Centered Gamma(4)","inside formal moment assumptions","regular",0.2,"phi = 0.2",4096,256,16,17,100000,20000,"F_feasible_leading",0.93679,-0.0132099999999999,0.00076950955744552,NA,NA,0.06321,1.11700942510522,0.93525,0.00174007812324619,20000,0.0766732711272779,0.000101008452737896,0.0142847523776255,0.0760999292774512,0.0667515389465178,0.0859553071496142,0.0953706998984527,0.101095681216437,0.0766732711272779,1.02216814002836,1.05309624611831,0,0,0,0
"centered_gamma4_phi020_N4096_M256_Q16","centered_gamma4_phi020_N4096","centered_gamma4","fixed_N_distribution_dependence","centered_gamma4_phi_0.2","centered_gamma4, phi = 0.2",0.2,4096,256,16,256,NA,NA,"Fixed N=4096 distribution/dependence block comparison","Centered Gamma(4)",3,1,1.5,"inside formal moment assumptions","regular","phi = 0.2",0.666666666666667,17,1847110801,"centered_gamma4_phi020_N4096","centered_gamma4","Centered Gamma(4)","inside formal moment assumptions","regular",0.2,"phi = 0.2",4096,256,16,17,100000,20000,"raw",0.9247,-0.0253,0.000834445384671759,NA,NA,0.0753,1.23379960810346,0.92135,0.00190347284587934,20000,0.0728074678927914,9.52840982629021e-05,0.0134752064041887,0.0722863472191691,0.0634229713283355,0.081556033399332,0.0903944183665074,0.0957316668191612,0.0728074678927914,0.970631263567835,1,0,0,0,0
"centered_gamma4_phi020_N4096_M256_Q16","centered_gamma4_phi020_N4096","centered_gamma4","fixed_N_distribution_dependence","centered_gamma4_phi_0.2","centered_gamma4, phi = 0.2",0.2,4096,256,16,256,NA,NA,"Fixed N=4096 distribution/dependence block comparison","Centered Gamma(4)",3,1,1.5,"inside formal moment assumptions","regular","phi = 0.2",0.666666666666667,17,1847110801,"centered_gamma4_phi020_N4096","centered_gamma4","Centered Gamma(4)","inside formal moment assumptions","regular",0.2,"phi = 0.2",4096,256,16,17,100000,20000,"K_asym_full",0.93671,-0.0132899999999999,0.000769963479004037,NA,NA,0.06329,1.11863292918951,0.9353,0.00173945264379344,20000,0.0765685774120658,0.000100389206931824,0.0141971777958865,0.0760134408730937,0.0667038396078479,0.0857928926234547,0.0951098651283642,0.100768380295043,0.0765685774120658,1.02077241791324,1.0516582931412,0,0,0,0
"centered_gamma4_phi020_N4096_M256_Q16","centered_gamma4_phi020_N4096","centered_gamma4","fixed_N_distribution_dependence","centered_gamma4_phi_0.2","centered_gamma4, phi = 0.2",0.2,4096,256,16,256,NA,NA,"Fixed N=4096 distribution/dependence block comparison","Centered Gamma(4)",3,1,1.5,"inside formal moment assumptions","regular","phi = 0.2",0.666666666666667,17,1847110801,"centered_gamma4_phi020_N4096","centered_gamma4","Centered Gamma(4)","inside formal moment assumptions","regular",0.2,"phi = 0.2",4096,256,16,17,100000,20000,"K_leading",0.93676,-0.0132399999999999,0.000769679819145597,NA,NA,0.06324,1.11813089484376,0.9354,0.00173820079392457,20000,0.0765862516504285,0.000100413271361811,0.0142005810202124,0.076031122586444,0.0667202879792318,0.0858126985153228,0.0951330557029712,0.100792195165344,0.0765862516504285,1.02100804165914,1.05190104623885,0,0,0,0
"centered_gamma4_phi020_N4096_M256_Q16","centered_gamma4_phi020_N4096","centered_gamma4","fixed_N_distribution_dependence","centered_gamma4_phi_0.2","centered_gamma4, phi = 0.2",0.2,4096,256,16,256,NA,NA,"Fixed N=4096 distribution/dependence block comparison","Centered Gamma(4)",3,1,1.5,"inside formal moment assumptions","regular","phi = 0.2",0.666666666666667,17,1847110801,"centered_gamma4_phi020_N4096","centered_gamma4","Centered Gamma(4)","inside formal moment assumptions","regular",0.2,"phi = 0.2",4096,256,16,17,100000,20000,"V_oracle",0.9249,-0.0250999999999999,0.000833426601447302,NA,NA,0.0750999999999999,1.23191678777653,0.9215,0.00190181163630892,20000,0.0728646247909623,9.53614473642011e-05,0.0134861452189981,0.0723448615720814,0.0634720894104399,0.0816181437946509,0.0904634539269008,0.0958108382623658,0.0728646247909623,0.971393249582441,1.0007850416973,0,0,0,0
"centered_gamma4_phi020_N4096_M256_Q16","centered_gamma4_phi020_N4096","centered_gamma4","fixed_N_distribution_dependence","centered_gamma4_phi_0.2","centered_gamma4, phi = 0.2",0.2,4096,256,16,256,NA,NA,"Fixed N=4096 distribution/dependence block comparison","Centered Gamma(4)",3,1,1.5,"inside formal moment assumptions","regular","phi = 0.2",0.666666666666667,17,1847110801,"centered_gamma4_phi020_N4096","centered_gamma4","Centered Gamma(4)","inside formal moment assumptions","regular",0.2,"phi = 0.2",4096,256,16,17,100000,20000,"V_feasible",0.92481,-0.0251899999999999,0.000833885267288012,NA,NA,0.07519,1.23256212425403,0.92145,0.00190236559972052,20000,0.0728860050368139,9.58361399964363e-05,0.0135532768948447,0.0723388647254518,0.0634651595997288,0.081672306232594,0.0906070730258596,0.0960399936409296,0.0728860050368139,0.971678279891102,1.0010786962697,0,0,0,0
"centered_gamma4_phi020_N4096_M256_Q16","centered_gamma4_phi020_N4096","centered_gamma4","fixed_N_distribution_dependence","centered_gamma4_phi_0.2","centered_gamma4, phi = 0.2",0.2,4096,256,16,256,NA,NA,"Fixed N=4096 distribution/dependence block comparison","Centered Gamma(4)",3,1,1.5,"inside formal moment assumptions","regular","phi = 0.2",0.666666666666667,17,1847110801,"centered_gamma4_phi020_N4096","centered_gamma4","Centered Gamma(4)","inside formal moment assumptions","regular",0.2,"phi = 0.2",4096,256,16,17,100000,20000,"VK_asym_full_oracle",0.93692,-0.01308,0.000768771185724335,NA,NA,0.06308,1.11692585714667,0.9355,0.00173694775396383,20000,0.0766287245244754,0.000100471103277031,0.0142087596880965,0.0760736140477974,0.0667588970610545,0.0858610382258457,0.0951869002720879,0.100849632509896,0.0766287245244754,1.02157426790758,1.0524844049969,0,0,0,0
"centered_gamma4_phi020_N4096_M256_Q16","centered_gamma4_phi020_N4096","centered_gamma4","fixed_N_distribution_dependence","centered_gamma4_phi_0.2","centered_gamma4, phi = 0.2",0.2,4096,256,16,256,NA,NA,"Fixed N=4096 distribution/dependence block comparison","Centered Gamma(4)",3,1,1.5,"inside formal moment assumptions","regular","phi = 0.2",0.666666666666667,17,1847110801,"centered_gamma4_phi020_N4096","centered_gamma4","Centered Gamma(4)","inside formal moment assumptions","regular",0.2,"phi = 0.2",4096,256,16,17,100000,20000,"VK_leading_oracle",0.93696,-0.0130399999999999,0.000768543807469685,NA,NA,0.06304,1.11642458892248,0.93565,0.00173506595695956,20000,0.0766464127807153,0.000100495189201075,0.014212165952141,0.0760913103053925,0.0667748822024486,0.0858816444419168,0.0952094252700659,0.100873553757313,0.0766464127807153,1.02181007853253,1.05272735062805,0,0,0,0
"centered_gamma4_phi020_N4096_M256_Q16","centered_gamma4_phi020_N4096","centered_gamma4","fixed_N_distribution_dependence","centered_gamma4_phi_0.2","centered_gamma4, phi = 0.2",0.2,4096,256,16,256,NA,NA,"Fixed N=4096 distribution/dependence block comparison","Centered Gamma(4)",3,1,1.5,"inside formal moment assumptions","regular","phi = 0.2",0.666666666666667,17,1847110801,"centered_gamma4_phi020_N4096","centered_gamma4","Centered Gamma(4)","inside formal moment assumptions","regular",0.2,"phi = 0.2",4096,256,16,17,100000,20000,"VK_asym_full_feasible",0.93676,-0.0132399999999999,0.000769679819145597,NA,NA,0.06324,1.1175109559175,0.93525,0.00174007812324619,20000,0.0766555557750514,0.000100984181933283,0.0142813199675201,0.0760831843811361,0.0667365745233148,0.0859349083008259,0.0953475165270357,0.101071538383824,0.0766555557750514,1.02193196817382,1.05285292832771,0,0,0,0
"centered_gamma4_phi020_N4096_M64_Q64","centered_gamma4_phi020_N4096","centered_gamma4","fixed_N_distribution_dependence","centered_gamma4_phi_0.2","centered_gamma4, phi = 0.2",0.2,4096,64,64,64,NA,NA,"Fixed N=4096 distribution/dependence block comparison","Centered Gamma(4)",3,1,1.5,"inside formal moment assumptions","regular","phi = 0.2",0.5,17,1847110801,"centered_gamma4_phi020_N4096","centered_gamma4","Centered Gamma(4)","inside formal moment assumptions","regular",0.2,"phi = 0.2",4096,64,64,17,100000,20000,"VK_asym_full_oracle",0.94863,-0.00136999999999998,0.00069807680881118,NA,NA,0.05137,1.00974095781351,0.94585,0.00160027774932978,20000,0.0760250567458509,4.77825367020195e-05,0.00675747114485862,0.0759375506678013,0.0713797958322202,0.0805819727603598,0.0847000016569753,0.0873240603407638,0.0760250567458509,1.01352648330938,1.01537242295225,0,0,0,0
"centered_gamma4_phi020_N4096_M64_Q64","centered_gamma4_phi020_N4096","centered_gamma4","fixed_N_distribution_dependence","centered_gamma4_phi_0.2","centered_gamma4, phi = 0.2",0.2,4096,64,64,64,NA,NA,"Fixed N=4096 distribution/dependence block comparison","Centered Gamma(4)",3,1,1.5,"inside formal moment assumptions","regular","phi = 0.2",0.5,17,1847110801,"centered_gamma4_phi020_N4096","centered_gamma4","Centered Gamma(4)","inside formal moment assumptions","regular",0.2,"phi = 0.2",4096,64,64,17,100000,20000,"VK_leading_oracle",0.94869,-0.00130999999999992,0.000697691077053448,NA,NA,0.05131,1.00932040764366,0.9459,0.00159958103889737,20000,0.0760413161366393,4.7792946140895e-05,0.00675894326182206,0.0759537124564367,0.0713950695557925,0.0805992218479706,0.0847182287403729,0.087342398348118,0.0760413161366393,1.01374324504389,1.01558957947573,0,0,0,0
"centered_gamma4_phi020_N4096_M64_Q64","centered_gamma4_phi020_N4096","centered_gamma4","fixed_N_distribution_dependence","centered_gamma4_phi_0.2","centered_gamma4, phi = 0.2",0.2,4096,64,64,64,NA,NA,"Fixed N=4096 distribution/dependence block comparison","Centered Gamma(4)",3,1,1.5,"inside formal moment assumptions","regular","phi = 0.2",0.5,17,1847110801,"centered_gamma4_phi020_N4096","centered_gamma4","Centered Gamma(4)","inside formal moment assumptions","regular",0.2,"phi = 0.2",4096,64,64,17,100000,20000,"VK_asym_full_feasible",0.94847,-0.00152999999999992,0.000699104134589404,NA,NA,0.05153,1.01172605587994,0.9464,0.00159259285443581,20000,0.0761209171301056,5.08914175011041e-05,0.00719713328384529,0.0760252273152659,0.0711405964141121,0.0809568562040001,0.0853471964293873,0.0881390951516708,0.0761209171301056,1.01480444405418,1.01665271125182,0,0,0,0
"centered_gamma4_phi020_N4096_M64_Q64","centered_gamma4_phi020_N4096","centered_gamma4","fixed_N_distribution_dependence","centered_gamma4_phi_0.2","centered_gamma4, phi = 0.2",0.2,4096,64,64,64,NA,NA,"Fixed N=4096 distribution/dependence block comparison","Centered Gamma(4)",3,1,1.5,"inside formal moment assumptions","regular","phi = 0.2",0.5,17,1847110801,"centered_gamma4_phi020_N4096","centered_gamma4","Centered Gamma(4)","inside formal moment assumptions","regular",0.2,"phi = 0.2",4096,64,64,17,100000,20000,"F_feasible_leading",0.94853,-0.00146999999999997,0.000698719107367188,NA,NA,0.05147,1.01130467893039,0.94645,0.00159189191687124,20000,0.0761372698051178,5.09025784944972e-05,0.00719871168666789,0.0760416589552604,0.0711558345626986,0.0809743177297215,0.0853661757563648,0.0881580534612088,0.0761372698051178,1.01502244940541,1.01687111365702,0,0,0,0
"centered_gamma4_phi020_N4096_M64_Q64","centered_gamma4_phi020_N4096","centered_gamma4","fixed_N_distribution_dependence","centered_gamma4_phi_0.2","centered_gamma4, phi = 0.2",0.2,4096,64,64,64,NA,NA,"Fixed N=4096 distribution/dependence block comparison","Centered Gamma(4)",3,1,1.5,"inside formal moment assumptions","regular","phi = 0.2",0.5,17,1847110801,"centered_gamma4_phi020_N4096","centered_gamma4","Centered Gamma(4)","inside formal moment assumptions","regular",0.2,"phi = 0.2",4096,64,64,17,100000,20000,"V_feasible",0.94584,-0.00415999999999994,0.000715728261283568,NA,NA,0.05416,1.03557599122472,0.94425,0.00162237383947104,20000,0.0752121863018398,5.02715087024318e-05,0.00710946494079362,0.0751180036122829,0.0702899973526914,0.0799874411557925,0.0843230335607976,0.0870843918389578,0.0752121863018398,1.00268971767225,1.0045159202726,0,0,0,0
"centered_gamma4_phi020_N4096_M64_Q64","centered_gamma4_phi020_N4096","centered_gamma4","fixed_N_distribution_dependence","centered_gamma4_phi_0.2","centered_gamma4, phi = 0.2",0.2,4096,64,64,64,NA,NA,"Fixed N=4096 distribution/dependence block comparison","Centered Gamma(4)",3,1,1.5,"inside formal moment assumptions","regular","phi = 0.2",0.5,17,1847110801,"centered_gamma4_phi020_N4096","centered_gamma4","Centered Gamma(4)","inside formal moment assumptions","regular",0.2,"phi = 0.2",4096,64,64,17,100000,20000,"raw",0.94536,-0.00463999999999998,0.000718710445172463,NA,NA,0.05464,1.04021116800971,0.943,0.00163937488086161,20000,0.0748740610118249,4.70461123657192e-05,0.00665332501645286,0.0747907998632245,0.0702986501572165,0.07935979005261,0.0834186672799765,0.0859932071885855,0.0748740610118249,0.998182007309696,1,0,0,0,0
"centered_gamma4_phi020_N4096_M64_Q64","centered_gamma4_phi020_N4096","centered_gamma4","fixed_N_distribution_dependence","centered_gamma4_phi_0.2","centered_gamma4, phi = 0.2",0.2,4096,64,64,64,NA,NA,"Fixed N=4096 distribution/dependence block comparison","Centered Gamma(4)",3,1,1.5,"inside formal moment assumptions","regular","phi = 0.2",0.5,17,1847110801,"centered_gamma4_phi020_N4096","centered_gamma4","Centered Gamma(4)","inside formal moment assumptions","regular",0.2,"phi = 0.2",4096,64,64,17,100000,20000,"K_asym_full",0.94789,-0.00210999999999995,0.000702812548977321,NA,NA,0.05211,1.0162544817673,0.94515,0.00160999188662552,20000,0.0757745538857791,4.76221851867042e-05,0.00673479401608802,0.0756894665195852,0.0711432236790213,0.080315946003618,0.0844212354982278,0.0870353260816781,0.0757745538857791,1.01018690957284,1.01202676683734,0,0,0,0
"centered_gamma4_phi020_N4096_M64_Q64","centered_gamma4_phi020_N4096","centered_gamma4","fixed_N_distribution_dependence","centered_gamma4_phi_0.2","centered_gamma4, phi = 0.2",0.2,4096,64,64,64,NA,NA,"Fixed N=4096 distribution/dependence block comparison","Centered Gamma(4)",3,1,1.5,"inside formal moment assumptions","regular","phi = 0.2",0.5,17,1847110801,"centered_gamma4_phi020_N4096","centered_gamma4","Centered Gamma(4)","inside formal moment assumptions","regular",0.2,"phi = 0.2",4096,64,64,17,100000,20000,"K_leading",0.94793,-0.00206999999999991,0.000702557578423292,NA,NA,0.0520699999999999,1.01583121875948,0.94515,0.00160999188662552,20000,0.0757907569583229,4.76325557274759e-05,0.00673626063202887,0.0757054677006991,0.0711582820693861,0.0803331299470096,0.0844391210896149,0.0870539919211224,0.0757907569583229,1.01040292050183,1.01224317118786,0,0,0,0
"centered_gamma4_phi020_N4096_M64_Q64","centered_gamma4_phi020_N4096","centered_gamma4","fixed_N_distribution_dependence","centered_gamma4_phi_0.2","centered_gamma4, phi = 0.2",0.2,4096,64,64,64,NA,NA,"Fixed N=4096 distribution/dependence block comparison","Centered Gamma(4)",3,1,1.5,"inside formal moment assumptions","regular","phi = 0.2",0.5,17,1847110801,"centered_gamma4_phi020_N4096","centered_gamma4","Centered Gamma(4)","inside formal moment assumptions","regular",0.2,"phi = 0.2",4096,64,64,17,100000,20000,"V_oracle",0.94604,-0.00395999999999996,0.000714481059231104,NA,NA,0.05396,1.03354409742711,0.94365,0.00163056244130668,20000,0.0751214370512918,4.72043123945021e-05,0.00667569787908013,0.0750370545194136,0.0705298025366104,0.0796241160163606,0.0836963838688794,0.0862795318520563,0.0751214370512918,1.00147989590153,1.00330389504889,0,0,0,0
"centered_gamma4_phi020_N4096_M16_Q256","centered_gamma4_phi020_N4096","centered_gamma4","fixed_N_distribution_dependence","centered_gamma4_phi_0.2","centered_gamma4, phi = 0.2",0.2,4096,16,256,16,NA,NA,"Fixed N=4096 distribution/dependence block comparison","Centered Gamma(4)",3,1,1.5,"inside formal moment assumptions","regular","phi = 0.2",0.333333333333333,8,1847110801,"centered_gamma4_phi020_N4096","centered_gamma4","Centered Gamma(4)","inside formal moment assumptions","regular",0.2,"phi = 0.2",4096,16,256,8,100000,20000,"K_asym_full",0.9464,-0.00359999999999994,0.000712229176599779,NA,NA,0.0536,1.02998872651381,0.94285,0.00164139997410747,20000,0.0743086017442958,2.36388976312076e-05,0.0033430449629603,0.0742984099272062,0.0720274662705618,0.0765418833992626,0.0785919749182042,0.0798607237428678,0.0743086017442958,0.990643598692793,1.002758618964,0,0,0,0
"centered_gamma4_phi020_N4096_M16_Q256","centered_gamma4_phi020_N4096","centered_gamma4","fixed_N_distribution_dependence","centered_gamma4_phi_0.2","centered_gamma4, phi = 0.2",0.2,4096,16,256,16,NA,NA,"Fixed N=4096 distribution/dependence block comparison","Centered Gamma(4)",3,1,1.5,"inside formal moment assumptions","regular","phi = 0.2",0.333333333333333,8,1847110801,"centered_gamma4_phi020_N4096","centered_gamma4","Centered Gamma(4)","inside formal moment assumptions","regular",0.2,"phi = 0.2",4096,16,256,8,100000,20000,"K_leading",0.94646,-0.00353999999999999,0.000711852993250713,NA,NA,0.05354,1.02956732534921,0.943,0.00163937488086161,20000,0.0743239252866827,2.36437967626936e-05,0.00334373780477944,0.0743137818025761,0.0720423136874776,0.0765576588640611,0.0786081934740236,0.0798771981857209,0.0743239252866827,0.990847884183552,1.0029654027527,0,0,0,0
"centered_gamma4_phi020_N4096_M16_Q256","centered_gamma4_phi020_N4096","centered_gamma4","fixed_N_distribution_dependence","centered_gamma4_phi_0.2","centered_gamma4, phi = 0.2",0.2,4096,16,256,16,NA,NA,"Fixed N=4096 distribution/dependence block comparison","Centered Gamma(4)",3,1,1.5,"inside formal moment assumptions","regular","phi = 0.2",0.333333333333333,8,1847110801,"centered_gamma4_phi020_N4096","centered_gamma4","Centered Gamma(4)","inside formal moment assumptions","regular",0.2,"phi = 0.2",4096,16,256,8,100000,20000,"V_oracle",0.94895,-0.00105,0.000696016504833039,NA,NA,0.05105,1.00876844481801,0.94535,0.00160722396541366,20000,0.0750922285878226,2.38894524299362e-05,0.00337847876240827,0.0750823567625396,0.0727859825625382,0.0773491579881265,0.0794226510993053,0.0807025641390823,0.0750922285878226,1.00109050387041,1.01333328398195,0,0,0,0
"centered_gamma4_phi020_N4096_M16_Q256","centered_gamma4_phi020_N4096","centered_gamma4","fixed_N_distribution_dependence","centered_gamma4_phi_0.2","centered_gamma4, phi = 0.2",0.2,4096,16,256,16,NA,NA,"Fixed N=4096 distribution/dependence block comparison","Centered Gamma(4)",3,1,1.5,"inside formal moment assumptions","regular","phi = 0.2",0.333333333333333,8,1847110801,"centered_gamma4_phi020_N4096","centered_gamma4","Centered Gamma(4)","inside formal moment assumptions","regular",0.2,"phi = 0.2",4096,16,256,8,100000,20000,"V_feasible",0.94893,-0.0010699999999999,0.000696145495568275,NA,NA,0.0510699999999999,1.01014111694535,0.94515,0.00160999188662552,20000,0.0751762277575793,2.83056325900606e-05,0.00400302095004136,0.0751671381732131,0.0724772843990663,0.0778638165875386,0.0803243407086599,0.0817957083532163,0.0751762277575793,1.00221033707762,1.0144668121265,0,0,0,0
"centered_gamma4_phi020_N4096_M16_Q256","centered_gamma4_phi020_N4096","centered_gamma4","fixed_N_distribution_dependence","centered_gamma4_phi_0.2","centered_gamma4, phi = 0.2",0.2,4096,16,256,16,NA,NA,"Fixed N=4096 distribution/dependence block comparison","Centered Gamma(4)",3,1,1.5,"inside formal moment assumptions","regular","phi = 0.2",0.333333333333333,8,1847110801,"centered_gamma4_phi020_N4096","centered_gamma4","Centered Gamma(4)","inside formal moment assumptions","regular",0.2,"phi = 0.2",4096,16,256,8,100000,20000,"VK_asym_full_oracle",0.94964,-0.000359999999999916,0.000691548048945263,NA,NA,0.05036,1.00326816114265,0.9462,0.00159539274161568,20000,0.0752994234981675,2.39557092424149e-05,0.00338784889068897,0.0752898267502499,0.0729866120321156,0.0775631454949368,0.0796412218644314,0.0809247254622774,0.0752994234981675,1.00385271856422,1.01612927902528,0,0,0,0
"centered_gamma4_phi020_N4096_M16_Q256","centered_gamma4_phi020_N4096","centered_gamma4","fixed_N_distribution_dependence","centered_gamma4_phi_0.2","centered_gamma4, phi = 0.2",0.2,4096,16,256,16,NA,NA,"Fixed N=4096 distribution/dependence block comparison","Centered Gamma(4)",3,1,1.5,"inside formal moment assumptions","regular","phi = 0.2",0.333333333333333,8,1847110801,"centered_gamma4_phi020_N4096","centered_gamma4","Centered Gamma(4)","inside formal moment assumptions","regular",0.2,"phi = 0.2",4096,16,256,8,100000,20000,"VK_leading_oracle",0.9497,-0.000299999999999967,0.000691157796743985,NA,NA,0.0503,1.00285769221165,0.9464,0.00159259285443581,20000,0.0753149546906943,2.39606760550256e-05,0.00338855130406454,0.0753053771573005,0.073001639288932,0.0775791542395253,0.079657598476254,0.0809413781316861,0.0753149546906943,1.00405977233856,1.01633886495212,0,0,0,0
"centered_gamma4_phi020_N4096_M16_Q256","centered_gamma4_phi020_N4096","centered_gamma4","fixed_N_distribution_dependence","centered_gamma4_phi_0.2","centered_gamma4, phi = 0.2",0.2,4096,16,256,16,NA,NA,"Fixed N=4096 distribution/dependence block comparison","Centered Gamma(4)",3,1,1.5,"inside formal moment assumptions","regular","phi = 0.2",0.333333333333333,8,1847110801,"centered_gamma4_phi020_N4096","centered_gamma4","Centered Gamma(4)","inside formal moment assumptions","regular",0.2,"phi = 0.2",4096,16,256,8,100000,20000,"VK_asym_full_feasible",0.94962,-0.000379999999999936,0.000691678072516398,NA,NA,0.05038,1.00463334881096,0.94585,0.00160027774932978,20000,0.0753844702675687,2.83844235498116e-05,0.00401416367442859,0.0753755891013142,0.0726775441395885,0.0780794964394683,0.0805467653740013,0.0820221422872818,0.0753844702675687,1.00498651782459,1.01727694402004,0,0,0,0
"centered_gamma4_phi020_N4096_M16_Q256","centered_gamma4_phi020_N4096","centered_gamma4","fixed_N_distribution_dependence","centered_gamma4_phi_0.2","centered_gamma4, phi = 0.2",0.2,4096,16,256,16,NA,NA,"Fixed N=4096 distribution/dependence block comparison","Centered Gamma(4)",3,1,1.5,"inside formal moment assumptions","regular","phi = 0.2",0.333333333333333,8,1847110801,"centered_gamma4_phi020_N4096","centered_gamma4","Centered Gamma(4)","inside formal moment assumptions","regular",0.2,"phi = 0.2",4096,16,256,8,100000,20000,"F_feasible_leading",0.94969,-0.000309999999999921,0.000691222857694969,NA,NA,0.05031,1.00422232133825,0.94605,0.00159748861498291,20000,0.0754000802494422,2.83903298530867e-05,0.0040149989518481,0.0753912180852294,0.0726925418179354,0.0780956482983205,0.0805634408373504,0.0820391153916779,0.0754000802494422,1.00519462197748,1.01748759317099,0,0,0,0
"centered_gamma4_phi020_N4096_M16_Q256","centered_gamma4_phi020_N4096","centered_gamma4","fixed_N_distribution_dependence","centered_gamma4_phi_0.2","centered_gamma4, phi = 0.2",0.2,4096,16,256,16,NA,NA,"Fixed N=4096 distribution/dependence block comparison","Centered Gamma(4)",3,1,1.5,"inside formal moment assumptions","regular","phi = 0.2",0.333333333333333,8,1847110801,"centered_gamma4_phi020_N4096","centered_gamma4","Centered Gamma(4)","inside formal moment assumptions","regular",0.2,"phi = 0.2",4096,16,256,8,100000,20000,"raw",0.94582,-0.00417999999999996,0.000715852831243965,NA,NA,0.05418,1.03563550211944,0.9423,0.00164879819868897,20000,0.0741041765575327,2.35735439262221e-05,0.00333380255336612,0.0740937749763473,0.0718297948462159,0.0763313105953485,0.0783758453850416,0.0796412420033092,0.0741041765575327,0.987918308512051,1,0,0,0,0
"centered_gamma4_phi080_N4096_M16_Q256","centered_gamma4_phi080_N4096","centered_gamma4","fixed_N_distribution_dependence","centered_gamma4_phi_0.8","centered_gamma4, phi = 0.8",0.8,4096,16,256,16,NA,NA,"Fixed N=4096 distribution/dependence block comparison","Centered Gamma(4)",3,1,1.5,"inside formal moment assumptions","regular","phi = 0.8",0.333333333333333,8,1907152801,"centered_gamma4_phi080_N4096","centered_gamma4","Centered Gamma(4)","inside formal moment assumptions","regular",0.8,"phi = 0.8",4096,16,256,8,100000,20000,"raw",0.90473,-0.0452699999999999,0.000928405229950801,NA,NA,0.09527,1.37903834157588,0.90635,0.00206009317143667,20000,0.156955399583393,5.2185211546902e-05,0.00738010339249379,0.156853007773052,0.151973986133402,0.161837774130871,0.16650310753671,0.169377285991192,0.156955399583393,0.854658549169254,1,0,0,0,0
"centered_gamma4_phi080_N4096_M16_Q256","centered_gamma4_phi080_N4096","centered_gamma4","fixed_N_distribution_dependence","centered_gamma4_phi_0.8","centered_gamma4, phi = 0.8",0.8,4096,16,256,16,NA,NA,"Fixed N=4096 distribution/dependence block comparison","Centered Gamma(4)",3,1,1.5,"inside formal moment assumptions","regular","phi = 0.8",0.333333333333333,8,1907152801,"centered_gamma4_phi080_N4096","centered_gamma4","Centered Gamma(4)","inside formal moment assumptions","regular",0.8,"phi = 0.8",4096,16,256,8,100000,20000,"K_asym_full",0.90478,-0.0452199999999999,0.000928187220338655,NA,NA,0.09522,1.37829951759459,0.9064,0.00205959996115751,20000,0.156997785865757,5.21993575174123e-05,0.00738210393482864,0.156895389307508,0.15201514470871,0.161881475242132,0.166548080915028,0.16942298013718,0.156997785865757,0.854889352306234,1.00027005303721,0,0,0,0
"centered_gamma4_phi080_N4096_M16_Q256","centered_gamma4_phi080_N4096","centered_gamma4","fixed_N_distribution_dependence","centered_gamma4_phi_0.8","centered_gamma4, phi = 0.8",0.8,4096,16,256,16,NA,NA,"Fixed N=4096 distribution/dependence block comparison","Centered Gamma(4)",3,1,1.5,"inside formal moment assumptions","regular","phi = 0.8",0.333333333333333,8,1907152801,"centered_gamma4_phi080_N4096","centered_gamma4","Centered Gamma(4)","inside formal moment assumptions","regular",0.8,"phi = 0.8",4096,16,256,8,100000,20000,"K_leading",0.90558,-0.0444199999999999,0.000924688399408146,NA,NA,0.0944199999999999,1.37095803879321,0.90705,0.00205317190585689,20000,0.157420841001508,5.23405505215444e-05,0.00740207164096423,0.157318386029681,0.152424999982586,0.162317631801169,0.166996937521962,0.169879041911113,0.157420841001508,0.857192985628179,1.0029654374386,0,0,0,0
"centered_gamma4_phi080_N4096_M16_Q256","centered_gamma4_phi080_N4096","centered_gamma4","fixed_N_distribution_dependence","centered_gamma4_phi_0.8","centered_gamma4, phi = 0.8",0.8,4096,16,256,16,NA,NA,"Fixed N=4096 distribution/dependence block comparison","Centered Gamma(4)",3,1,1.5,"inside formal moment assumptions","regular","phi = 0.8",0.333333333333333,8,1907152801,"centered_gamma4_phi080_N4096","centered_gamma4","Centered Gamma(4)","inside formal moment assumptions","regular",0.8,"phi = 0.8",4096,16,256,8,100000,20000,"V_oracle",0.94896,-0.00103999999999993,0.000695951998344713,NA,NA,0.05104,1.00784807587541,0.949,0.00155561884791873,20000,0.183860543817773,6.11780779070244e-05,0.00865188674960317,0.183728250247494,0.178009426472223,0.189584482696478,0.195060296152949,0.198436504878067,0.183860543817773,1.00116329891077,1.1714190420068,0,0,0,0
"centered_gamma4_phi080_N4096_M16_Q256","centered_gamma4_phi080_N4096","centered_gamma4","fixed_N_distribution_dependence","centered_gamma4_phi_0.8","centered_gamma4, phi = 0.8",0.8,4096,16,256,16,NA,NA,"Fixed N=4096 distribution/dependence block comparison","Centered Gamma(4)",3,1,1.5,"inside formal moment assumptions","regular","phi = 0.8",0.333333333333333,8,1907152801,"centered_gamma4_phi080_N4096","centered_gamma4","Centered Gamma(4)","inside formal moment assumptions","regular",0.8,"phi = 0.8",4096,16,256,8,100000,20000,"V_feasible",0.93586,-0.0141399999999999,0.000774764870138031,NA,NA,0.06414,1.12623136053137,0.9357,0.00173443809344698,20000,0.173917378826201,6.18172300537864e-05,0.00874227651304024,0.173759926929887,0.168028422959853,0.179699096188914,0.185187798040888,0.188572666726206,0.173917378826201,0.947020459681259,1.10806878443067,0,0,0,0
"centered_gamma4_phi080_N4096_M16_Q256","centered_gamma4_phi080_N4096","centered_gamma4","fixed_N_distribution_dependence","centered_gamma4_phi_0.8","centered_gamma4, phi = 0.8",0.8,4096,16,256,16,NA,NA,"Fixed N=4096 distribution/dependence block comparison","Centered Gamma(4)",3,1,1.5,"inside formal moment assumptions","regular","phi = 0.8",0.333333333333333,8,1907152801,"centered_gamma4_phi080_N4096","centered_gamma4","Centered Gamma(4)","inside formal moment assumptions","regular",0.8,"phi = 0.8",4096,16,256,8,100000,20000,"VK_asym_full_oracle",0.94901,-0.000989999999999935,0.000695629354613504,NA,NA,0.05099,1.00730811820672,0.949,0.00155561884791873,20000,0.183910343551246,6.11947516219538e-05,0.008654244768982,0.183777946129143,0.178057927556911,0.189635836969352,0.195113143190082,0.198490174439737,0.183910343551246,1.00143447000824,1.1717363278957,0,0,0,0
"centered_gamma4_phi080_N4096_M16_Q256","centered_gamma4_phi080_N4096","centered_gamma4","fixed_N_distribution_dependence","centered_gamma4_phi_0.8","centered_gamma4, phi = 0.8",0.8,4096,16,256,16,NA,NA,"Fixed N=4096 distribution/dependence block comparison","Centered Gamma(4)",3,1,1.5,"inside formal moment assumptions","regular","phi = 0.8",0.333333333333333,8,1907152801,"centered_gamma4_phi080_N4096","centered_gamma4","Centered Gamma(4)","inside formal moment assumptions","regular",0.8,"phi = 0.8",4096,16,256,8,100000,20000,"VK_leading_oracle",0.94964,-0.000359999999999916,0.000691548048945263,NA,NA,0.05036,1.00194271605583,0.9498,0.00154402007758967,20000,0.184407398924932,6.13611837374579e-05,0.00867778182447803,0.184275133871009,0.178540248707514,0.190148926294608,0.195640623503511,0.199026057770274,0.184407398924932,1.00414105178662,1.17490318532784,0,0,0,0
"centered_gamma4_phi080_N4096_M16_Q256","centered_gamma4_phi080_N4096","centered_gamma4","fixed_N_distribution_dependence","centered_gamma4_phi_0.8","centered_gamma4, phi = 0.8",0.8,4096,16,256,16,NA,NA,"Fixed N=4096 distribution/dependence block comparison","Centered Gamma(4)",3,1,1.5,"inside formal moment assumptions","regular","phi = 0.8",0.333333333333333,8,1907152801,"centered_gamma4_phi080_N4096","centered_gamma4","Centered Gamma(4)","inside formal moment assumptions","regular",0.8,"phi = 0.8",4096,16,256,8,100000,20000,"VK_asym_full_feasible",0.93594,-0.01406,0.000774314641473348,NA,NA,0.06406,1.12562797865825,0.93575,0.00173380993047104,20000,0.173964508333143,6.18340585778087e-05,0.00874465642573095,0.173806903685666,0.168073954106564,0.179748015416875,0.185237969076579,0.188623823010826,0.173964508333143,0.947277090776036,1.10836905767433,0,0,0,0
"centered_gamma4_phi080_N4096_M16_Q256","centered_gamma4_phi080_N4096","centered_gamma4","fixed_N_distribution_dependence","centered_gamma4_phi_0.8","centered_gamma4, phi = 0.8",0.8,4096,16,256,16,NA,NA,"Fixed N=4096 distribution/dependence block comparison","Centered Gamma(4)",3,1,1.5,"inside formal moment assumptions","regular","phi = 0.8",0.333333333333333,8,1907152801,"centered_gamma4_phi080_N4096","centered_gamma4","Centered Gamma(4)","inside formal moment assumptions","regular",0.8,"phi = 0.8",4096,16,256,8,100000,20000,"F_feasible_leading",0.93679,-0.0132099999999999,0.00076950955744552,NA,NA,0.06321,1.11963234865325,0.9365,0.00172435132731123,20000,0.174434912251795,6.20020315380894e-05,0.00876841138958503,0.174276983764673,0.16852806528079,0.180233562710771,0.185738766041345,0.189134886751075,0.174434912251795,0.949838549201205,1.11136611237841,0,0,0,0
"centered_gamma4_phi080_N4096_M64_Q64","centered_gamma4_phi080_N4096","centered_gamma4","fixed_N_distribution_dependence","centered_gamma4_phi_0.8","centered_gamma4, phi = 0.8",0.8,4096,64,64,64,NA,NA,"Fixed N=4096 distribution/dependence block comparison","Centered Gamma(4)",3,1,1.5,"inside formal moment assumptions","regular","phi = 0.8",0.5,17,1907152801,"centered_gamma4_phi080_N4096","centered_gamma4","Centered Gamma(4)","inside formal moment assumptions","regular",0.8,"phi = 0.8",4096,64,64,17,100000,20000,"raw",0.93804,-0.01196,0.000762371027781093,NA,NA,0.06196,1.10793950740216,0.9381,0.00170394234057376,20000,0.177246317997154,0.000113784407818736,0.0160915452723848,0.177024820820328,0.166203089798041,0.188041821370973,0.198049731771659,0.203996137099641,0.177246317997154,0.965147305458281,1,0,0,0,0
"centered_gamma4_phi080_N4096_M64_Q64","centered_gamma4_phi080_N4096","centered_gamma4","fixed_N_distribution_dependence","centered_gamma4_phi_0.8","centered_gamma4, phi = 0.8",0.8,4096,64,64,64,NA,NA,"Fixed N=4096 distribution/dependence block comparison","Centered Gamma(4)",3,1,1.5,"inside formal moment assumptions","regular","phi = 0.8",0.5,17,1907152801,"centered_gamma4_phi080_N4096","centered_gamma4","Centered Gamma(4)","inside formal moment assumptions","regular",0.8,"phi = 0.8",4096,64,64,17,100000,20000,"K_asym_full",0.94051,-0.00949,0.000748003608948513,NA,NA,0.05949,1.08787042629138,0.9405,0.00167271859558026,20000,0.178916554777904,0.000114874665948176,0.016245731055699,0.178685665679272,0.167762300892745,0.189810495825679,0.199926235654829,0.20590916383527,0.178916554777904,0.974242132062488,1.00942325233959,0,0,0,0
"centered_gamma4_phi080_N4096_M64_Q64","centered_gamma4_phi080_N4096","centered_gamma4","fixed_N_distribution_dependence","centered_gamma4_phi_0.8","centered_gamma4, phi = 0.8",0.8,4096,64,64,64,NA,NA,"Fixed N=4096 distribution/dependence block comparison","Centered Gamma(4)",3,1,1.5,"inside formal moment assumptions","regular","phi = 0.8",0.5,17,1907152801,"centered_gamma4_phi080_N4096","centered_gamma4","Centered Gamma(4)","inside formal moment assumptions","regular",0.8,"phi = 0.8",4096,64,64,17,100000,20000,"K_leading",0.94104,-0.00895999999999997,0.000744873938327822,NA,NA,0.05896,1.08197217519742,0.94085,0.00166810187788396,20000,0.179416479137535,0.00011520114371973,0.0162919019849334,0.179182324735249,0.168230625485798,0.19034609028297,0.200485079822266,0.206480968151456,0.179416479137535,0.976964336134669,1.0122437586569,0,0,0,0
"centered_gamma4_phi080_N4096_M64_Q64","centered_gamma4_phi080_N4096","centered_gamma4","fixed_N_distribution_dependence","centered_gamma4_phi_0.8","centered_gamma4, phi = 0.8",0.8,4096,64,64,64,NA,NA,"Fixed N=4096 distribution/dependence block comparison","Centered Gamma(4)",3,1,1.5,"inside formal moment assumptions","regular","phi = 0.8",0.5,17,1907152801,"centered_gamma4_phi080_N4096","centered_gamma4","Centered Gamma(4)","inside formal moment assumptions","regular",0.8,"phi = 0.8",4096,64,64,17,100000,20000,"V_oracle",0.94674,-0.00325999999999993,0.000710094165586509,NA,NA,0.05326,1.03211923317168,0.94675,0.00158767813961143,20000,0.183816319433063,0.000118077528657611,0.0166986842439091,0.183584780269863,0.172350107120278,0.195007082195887,0.205429820143984,0.211549231199851,0.183816319433063,1.00092248688026,1.03706706864295,0,0,0,0
"centered_gamma4_phi080_N4096_M64_Q64","centered_gamma4_phi080_N4096","centered_gamma4","fixed_N_distribution_dependence","centered_gamma4_phi_0.8","centered_gamma4, phi = 0.8",0.8,4096,64,64,64,NA,NA,"Fixed N=4096 distribution/dependence block comparison","Centered Gamma(4)",3,1,1.5,"inside formal moment assumptions","regular","phi = 0.8",0.5,17,1907152801,"centered_gamma4_phi080_N4096","centered_gamma4","Centered Gamma(4)","inside formal moment assumptions","regular",0.8,"phi = 0.8",4096,64,64,17,100000,20000,"V_feasible",0.94592,-0.00407999999999997,0.000715229708555231,NA,NA,0.05408,1.03901296655115,0.9458,0.00160097407849097,20000,0.183399718629519,0.000122113708922979,0.0172694863310558,0.183141564070963,0.171553512099545,0.19491261904416,0.205839083979031,0.212116064308821,0.183399718629519,0.998653998893957,1.03471666267541,0,0,0,0
"centered_gamma4_phi080_N4096_M64_Q64","centered_gamma4_phi080_N4096","centered_gamma4","fixed_N_distribution_dependence","centered_gamma4_phi_0.8","centered_gamma4, phi = 0.8",0.8,4096,64,64,64,NA,NA,"Fixed N=4096 distribution/dependence block comparison","Centered Gamma(4)",3,1,1.5,"inside formal moment assumptions","regular","phi = 0.8",0.5,17,1907152801,"centered_gamma4_phi080_N4096","centered_gamma4","Centered Gamma(4)","inside formal moment assumptions","regular",0.8,"phi = 0.8",4096,64,64,17,100000,20000,"VK_asym_full_oracle",0.9488,-0.00119999999999998,0.000696983213571174,NA,NA,0.0512,1.01342355126113,0.94905,0.00155489706250928,20000,0.18555177417664,0.000119213629579964,0.0168593531771707,0.185318068755669,0.173978581415613,0.196836599484519,0.207377827482071,0.21354134214208,0.18555177417664,1.0103724404163,1.04685827199874,0,0,0,0
"centered_gamma4_phi080_N4096_M64_Q64","centered_gamma4_phi080_N4096","centered_gamma4","fixed_N_distribution_dependence","centered_gamma4_phi_0.8","centered_gamma4, phi = 0.8",0.8,4096,64,64,64,NA,NA,"Fixed N=4096 distribution/dependence block comparison","Centered Gamma(4)",3,1,1.5,"inside formal moment assumptions","regular","phi = 0.8",0.5,17,1907152801,"centered_gamma4_phi080_N4096","centered_gamma4","Centered Gamma(4)","inside formal moment assumptions","regular",0.8,"phi = 0.8",4096,64,64,17,100000,20000,"VK_leading_oracle",0.94938,-0.000619999999999954,0.000693236003104282,NA,NA,0.05062,1.00792893864421,0.9498,0.00154402007758967,20000,0.18607123648683,0.000119553866861473,0.0169074699949642,0.185841368639265,0.174467111242648,0.197393181372857,0.207966719944374,0.214140135734726,0.18607123648683,1.01320103316018,1.04978900881776,0,0,0,0
"centered_gamma4_phi080_N4096_M64_Q64","centered_gamma4_phi080_N4096","centered_gamma4","fixed_N_distribution_dependence","centered_gamma4_phi_0.8","centered_gamma4, phi = 0.8",0.8,4096,64,64,64,NA,NA,"Fixed N=4096 distribution/dependence block comparison","Centered Gamma(4)",3,1,1.5,"inside formal moment assumptions","regular","phi = 0.8",0.5,17,1907152801,"centered_gamma4_phi080_N4096","centered_gamma4","Centered Gamma(4)","inside formal moment assumptions","regular",0.8,"phi = 0.8",4096,64,64,17,100000,20000,"VK_asym_full_feasible",0.94796,-0.00203999999999993,0.000702366274816779,NA,NA,0.05204,1.02019241239494,0.9481,0.00156854056370882,20000,0.185135537864276,0.000123292709056365,0.0174362221289231,0.18486884259852,0.173167677348197,0.196760419087935,0.207795608283408,0.214104086002048,0.185135537864276,1.008105937169,1.04450992244165,0,0,0,0
"centered_gamma4_phi080_N4096_M64_Q64","centered_gamma4_phi080_N4096","centered_gamma4","fixed_N_distribution_dependence","centered_gamma4_phi_0.8","centered_gamma4, phi = 0.8",0.8,4096,64,64,64,NA,NA,"Fixed N=4096 distribution/dependence block comparison","Centered Gamma(4)",3,1,1.5,"inside formal moment assumptions","regular","phi = 0.8",0.5,17,1907152801,"centered_gamma4_phi080_N4096","centered_gamma4","Centered Gamma(4)","inside formal moment assumptions","regular",0.8,"phi = 0.8",4096,64,64,17,100000,20000,"F_feasible_leading",0.9486,-0.00139999999999996,0.000698269575450628,NA,NA,0.0514,1.01466110014761,0.9488,0.0015585018447214,20000,0.185655132896441,0.000123645811791319,0.0174861583965915,0.185382247288607,0.173653559042577,0.197315339702599,0.2083768128079,0.214710744209586,0.185655132896441,1.01093525261482,1.04744140806029,0,0,0,0
"centered_gamma4_phi080_N4096_M256_Q16","centered_gamma4_phi080_N4096","centered_gamma4","fixed_N_distribution_dependence","centered_gamma4_phi_0.8","centered_gamma4, phi = 0.8",0.8,4096,256,16,256,NA,NA,"Fixed N=4096 distribution/dependence block comparison","Centered Gamma(4)",3,1,1.5,"inside formal moment assumptions","regular","phi = 0.8",0.666666666666667,17,1907152801,"centered_gamma4_phi080_N4096","centered_gamma4","Centered Gamma(4)","inside formal moment assumptions","regular",0.8,"phi = 0.8",4096,256,16,17,100000,20000,"raw",0.92305,-0.0269499999999999,0.000842785248447076,NA,NA,0.07695,1.25895543100325,0.92255,0.0018901256241319,20000,0.176647794089372,0.000234874669778877,0.033216294345919,0.17559094863418,0.153418324683971,0.198295214996945,0.220053607874513,0.233642059958149,0.176647794089372,0.961888203980882,1,0,0,0,3e-05
"centered_gamma4_phi080_N4096_M256_Q16","centered_gamma4_phi080_N4096","centered_gamma4","fixed_N_distribution_dependence","centered_gamma4_phi_0.8","centered_gamma4, phi = 0.8",0.8,4096,256,16,256,NA,NA,"Fixed N=4096 distribution/dependence block comparison","Centered Gamma(4)",3,1,1.5,"inside formal moment assumptions","regular","phi = 0.8",0.666666666666667,17,1907152801,"centered_gamma4_phi080_N4096","centered_gamma4","Centered Gamma(4)","inside formal moment assumptions","regular",0.8,"phi = 0.8",4096,256,16,17,100000,20000,"K_asym_full",0.93429,-0.01571,0.000783531721757326,NA,NA,0.06571,1.14763056212812,0.93365,0.00175993859978125,20000,0.185255078413333,0.000246733814302057,0.0348934306482014,0.184100427337422,0.160828002588199,0.207982432214212,0.230680562584971,0.245132263664271,0.185255078413333,1.00875686318044,1.04872568247077,0,0,0,3e-05
"centered_gamma4_phi080_N4096_M256_Q16","centered_gamma4_phi080_N4096","centered_gamma4","fixed_N_distribution_dependence","centered_gamma4_phi_0.8","centered_gamma4, phi = 0.8",0.8,4096,256,16,256,NA,NA,"Fixed N=4096 distribution/dependence block comparison","Centered Gamma(4)",3,1,1.5,"inside formal moment assumptions","regular","phi = 0.8",0.666666666666667,17,1907152801,"centered_gamma4_phi080_N4096","centered_gamma4","Centered Gamma(4)","inside formal moment assumptions","regular",0.8,"phi = 0.8",4096,256,16,17,100000,20000,"K_leading",0.93492,-0.01508,0.000780029445598049,NA,NA,0.06508,1.14092835934669,0.9345,0.00174942490550466,20000,0.185813666999387,0.00024750575348354,0.0350025993341794,0.184641928245006,0.161315917606729,0.208633971585004,0.231389553034835,0.245884926232252,0.185813666999387,1.01179850756991,1.0518878424566,0,0,0,3e-05
"centered_gamma4_phi080_N4096_M256_Q16","centered_gamma4_phi080_N4096","centered_gamma4","fixed_N_distribution_dependence","centered_gamma4_phi_0.8","centered_gamma4, phi = 0.8",0.8,4096,256,16,256,NA,NA,"Fixed N=4096 distribution/dependence block comparison","Centered Gamma(4)",3,1,1.5,"inside formal moment assumptions","regular","phi = 0.8",0.666666666666667,17,1907152801,"centered_gamma4_phi080_N4096","centered_gamma4","Centered Gamma(4)","inside formal moment assumptions","regular",0.8,"phi = 0.8",4096,256,16,17,100000,20000,"V_oracle",0.92518,-0.02482,0.00083199740143825,NA,NA,0.07482,1.23844236184721,0.925,0.00186245805321892,20000,0.178144958906669,0.000236932719160099,0.0335073464806147,0.177081050973857,0.154700271686905,0.199974391765176,0.221859619756974,0.235676957142387,0.178144958906669,0.970040613608168,1.00847542322855,0,0,0,3e-05
"centered_gamma4_phi080_N4096_M256_Q16","centered_gamma4_phi080_N4096","centered_gamma4","fixed_N_distribution_dependence","centered_gamma4_phi_0.8","centered_gamma4, phi = 0.8",0.8,4096,256,16,256,NA,NA,"Fixed N=4096 distribution/dependence block comparison","Centered Gamma(4)",3,1,1.5,"inside formal moment assumptions","regular","phi = 0.8",0.666666666666667,17,1907152801,"centered_gamma4_phi080_N4096","centered_gamma4","Centered Gamma(4)","inside formal moment assumptions","regular",0.8,"phi = 0.8",4096,256,16,17,100000,20000,"V_feasible",0.92497,-0.02503,0.000833069619539688,NA,NA,0.07503,1.24036899582543,0.92475,0.00186530744784875,20000,0.178056565253951,0.000237458932968678,0.0335817643510948,0.176959997143304,0.154555636497909,0.19992259495826,0.221831106326728,0.235737526415638,0.178056565253951,0.969559289670365,1.00797502834293,0,0,0,3e-05
"centered_gamma4_phi080_N4096_M256_Q16","centered_gamma4_phi080_N4096","centered_gamma4","fixed_N_distribution_dependence","centered_gamma4_phi_0.8","centered_gamma4, phi = 0.8",0.8,4096,256,16,256,NA,NA,"Fixed N=4096 distribution/dependence block comparison","Centered Gamma(4)",3,1,1.5,"inside formal moment assumptions","regular","phi = 0.8",0.666666666666667,17,1907152801,"centered_gamma4_phi080_N4096","centered_gamma4","Centered Gamma(4)","inside formal moment assumptions","regular",0.8,"phi = 0.8",4096,256,16,17,100000,20000,"VK_asym_full_oracle",0.93603,-0.0139699999999999,0.000773807722241126,NA,NA,0.06397,1.12893138937999,0.93575,0.00173380993047104,20000,0.186826092688121,0.000248905601631706,0.0352005677578193,0.185644436684411,0.162192549528283,0.209786073887025,0.232683469119702,0.247246545545581,0.186826092688121,1.01731140022968,1.05761916615613,0,0,0,3e-05
"centered_gamma4_phi080_N4096_M256_Q16","centered_gamma4_phi080_N4096","centered_gamma4","fixed_N_distribution_dependence","centered_gamma4_phi_0.8","centered_gamma4, phi = 0.8",0.8,4096,256,16,256,NA,NA,"Fixed N=4096 distribution/dependence block comparison","Centered Gamma(4)",3,1,1.5,"inside formal moment assumptions","regular","phi = 0.8",0.666666666666667,17,1907152801,"centered_gamma4_phi080_N4096","centered_gamma4","Centered Gamma(4)","inside formal moment assumptions","regular",0.8,"phi = 0.8",4096,256,16,17,100000,20000,"VK_leading_oracle",0.93675,-0.01325,0.000769736562078222,NA,NA,0.06325,1.12233839042403,0.9366,0.00172308502401942,20000,0.187389461682083,0.000249684962834062,0.0353107860760553,0.1862065638474,0.162680474211583,0.210423834389934,0.233386623166285,0.248007773804567,0.187389461682083,1.02037907504879,1.06080838794554,0,0,0,3e-05
"centered_gamma4_phi080_N4096_M256_Q16","centered_gamma4_phi080_N4096","centered_gamma4","fixed_N_distribution_dependence","centered_gamma4_phi_0.8","centered_gamma4, phi = 0.8",0.8,4096,256,16,256,NA,NA,"Fixed N=4096 distribution/dependence block comparison","Centered Gamma(4)",3,1,1.5,"inside formal moment assumptions","regular","phi = 0.8",0.666666666666667,17,1907152801,"centered_gamma4_phi080_N4096","centered_gamma4","Centered Gamma(4)","inside formal moment assumptions","regular",0.8,"phi = 0.8",4096,256,16,17,100000,20000,"VK_asym_full_feasible",0.93589,-0.01411,0.000774596074738312,NA,NA,0.06411,1.13068765809371,0.9357,0.00173443809344698,20000,0.18673901423019,0.000249474352090119,0.0352810012190087,0.185547013538917,0.162023414857231,0.209740292998613,0.232680410409156,0.247280532305142,0.18673901423019,1.01683723783248,1.05712621656465,0,0,0,3e-05
"centered_gamma4_phi080_N4096_M256_Q16","centered_gamma4_phi080_N4096","centered_gamma4","fixed_N_distribution_dependence","centered_gamma4_phi_0.8","centered_gamma4, phi = 0.8",0.8,4096,256,16,256,NA,NA,"Fixed N=4096 distribution/dependence block comparison","Centered Gamma(4)",3,1,1.5,"inside formal moment assumptions","regular","phi = 0.8",0.666666666666667,17,1907152801,"centered_gamma4_phi080_N4096","centered_gamma4","Centered Gamma(4)","inside formal moment assumptions","regular",0.8,"phi = 0.8",4096,256,16,17,100000,20000,"F_feasible_leading",0.93653,-0.01347,0.000770983521873198,NA,NA,0.06347,1.12408440246679,0.9363,0.00172688027957933,20000,0.187302496296655,0.000250256550729798,0.035391620811479,0.186094876662284,0.162507812399954,0.210358787021814,0.233400417782914,0.248031228067145,0.187302496296655,1.0199055283576,1.06031607845549,0,0,0,3e-05
"contaminated_normal_phi080_N4096_M64_Q64","contaminated_normal_phi080_N4096","contaminated_normal","fixed_N_distribution_dependence","contaminated_normal_phi_0.8","contaminated_normal, phi = 0.8",0.8,4096,64,64,64,NA,NA,"Fixed N=4096 distribution/dependence block comparison","Contaminated normal",4,0,16.9586776859504,"inside formal moment assumptions","extreme","phi = 0.8",0.5,17,1907152902,"contaminated_normal_phi080_N4096","contaminated_normal","Contaminated normal","inside formal moment assumptions","extreme",0.8,"phi = 0.8",4096,64,64,17,100000,20000,"V_feasible",0.94486,-0.00513999999999992,0.000721800390689836,NA,NA,0.05514,1.04313421608958,0.9435,0.00163260145167153,20000,0.184037151392864,0.000128450188625668,0.0181655998843802,0.183604664471157,0.171539816931503,0.196017278214918,0.207644637631864,0.214738233172203,0.184037151392864,1.00212496811298,1.03499729751956,0,0,0,0
"contaminated_normal_phi080_N4096_M64_Q64","contaminated_normal_phi080_N4096","contaminated_normal","fixed_N_distribution_dependence","contaminated_normal_phi_0.8","contaminated_normal, phi = 0.8",0.8,4096,64,64,64,NA,NA,"Fixed N=4096 distribution/dependence block comparison","Contaminated normal",4,0,16.9586776859504,"inside formal moment assumptions","extreme","phi = 0.8",0.5,17,1907152902,"contaminated_normal_phi080_N4096","contaminated_normal","Contaminated normal","inside formal moment assumptions","extreme",0.8,"phi = 0.8",4096,64,64,17,100000,20000,"VK_asym_full_oracle",0.94827,-0.00173000000000001,0.000700385658762371,NA,NA,0.0517300000000001,1.01543678887399,0.94735,0.00157920830639913,20000,0.186387472687046,0.000125998036227,0.0178188131664599,0.186055390173889,0.174142239551534,0.198159619016898,0.209456253868032,0.216587931034446,0.186387472687046,1.0149230126065,1.04821515146574,0,0,0,0
"contaminated_normal_phi080_N4096_M64_Q64","contaminated_normal_phi080_N4096","contaminated_normal","fixed_N_distribution_dependence","contaminated_normal_phi_0.8","contaminated_normal, phi = 0.8",0.8,4096,64,64,64,NA,NA,"Fixed N=4096 distribution/dependence block comparison","Contaminated normal",4,0,16.9586776859504,"inside formal moment assumptions","extreme","phi = 0.8",0.5,17,1907152902,"contaminated_normal_phi080_N4096","contaminated_normal","Contaminated normal","inside formal moment assumptions","extreme",0.8,"phi = 0.8",4096,64,64,17,100000,20000,"VK_leading_oracle",0.94864,-0.00135999999999992,0.000698012538569329,NA,NA,0.05136,1.01195997688728,0.9478,0.00157281848920974,20000,0.186718441236284,0.00012623136645879,0.0178518110442909,0.186384431343353,0.174451134574739,0.198512442674036,0.209826701355017,0.216968991506752,0.186718441236284,1.01672521310972,1.05007646887601,0,0,0,0
"contaminated_normal_phi080_N4096_M64_Q64","contaminated_normal_phi080_N4096","contaminated_normal","fixed_N_distribution_dependence","contaminated_normal_phi_0.8","contaminated_normal, phi = 0.8",0.8,4096,64,64,64,NA,NA,"Fixed N=4096 distribution/dependence block comparison","Contaminated normal",4,0,16.9586776859504,"inside formal moment assumptions","extreme","phi = 0.8",0.5,17,1907152902,"contaminated_normal_phi080_N4096","contaminated_normal","Contaminated normal","inside formal moment assumptions","extreme",0.8,"phi = 0.8",4096,64,64,17,100000,20000,"VK_asym_full_feasible",0.94742,-0.00257999999999992,0.000705799855483125,NA,NA,0.05258,1.02218567779271,0.9464,0.00159259285443581,20000,0.185982644369653,0.000129866292767612,0.0183658672527071,0.18555084563498,0.173344058488118,0.198101922276155,0.209857925241194,0.216988034097536,0.185982644369653,1.01271862853737,1.0459384578129,0,0,0,0
"contaminated_normal_phi080_N4096_M64_Q64","contaminated_normal_phi080_N4096","contaminated_normal","fixed_N_distribution_dependence","contaminated_normal_phi_0.8","contaminated_normal, phi = 0.8",0.8,4096,64,64,64,NA,NA,"Fixed N=4096 distribution/dependence block comparison","Contaminated normal",4,0,16.9586776859504,"inside formal moment assumptions","extreme","phi = 0.8",0.5,17,1907152902,"contaminated_normal_phi080_N4096","contaminated_normal","Contaminated normal","inside formal moment assumptions","extreme",0.8,"phi = 0.8",4096,64,64,17,100000,20000,"F_feasible_leading",0.94786,-0.00213999999999992,0.000703003701270484,NA,NA,0.05214,1.01868575789998,0.94715,0.00158203788671447,20000,0.186313732462129,0.000130107508361619,0.0183999802891572,0.185887820614079,0.173650863826864,0.19845396980968,0.210230908234755,0.217370084642379,0.186313732462129,1.01452147998125,1.0478004475164,0,0,0,0
"contaminated_normal_phi080_N4096_M64_Q64","contaminated_normal_phi080_N4096","contaminated_normal","fixed_N_distribution_dependence","contaminated_normal_phi_0.8","contaminated_normal, phi = 0.8",0.8,4096,64,64,64,NA,NA,"Fixed N=4096 distribution/dependence block comparison","Contaminated normal",4,0,16.9586776859504,"inside formal moment assumptions","extreme","phi = 0.8",0.5,17,1907152902,"contaminated_normal_phi080_N4096","contaminated_normal","Contaminated normal","inside formal moment assumptions","extreme",0.8,"phi = 0.8",4096,64,64,17,100000,20000,"raw",0.93677,-0.01323,0.000769623070730082,NA,NA,0.06323,1.11237052069497,0.93485,0.00174507130943122,20000,0.177814137132455,0.000119975054895328,0.0169670349779429,0.177490280448522,0.166156607413038,0.189031670552702,0.199799998818735,0.206550320618869,0.177814137132455,0.968239212328994,1,0,0,0,0
"contaminated_normal_phi080_N4096_M64_Q64","contaminated_normal_phi080_N4096","contaminated_normal","fixed_N_distribution_dependence","contaminated_normal_phi_0.8","contaminated_normal, phi = 0.8",0.8,4096,64,64,64,NA,NA,"Fixed N=4096 distribution/dependence block comparison","Contaminated normal",4,0,16.9586776859504,"inside formal moment assumptions","extreme","phi = 0.8",0.5,17,1907152902,"contaminated_normal_phi080_N4096","contaminated_normal","Contaminated normal","inside formal moment assumptions","extreme",0.8,"phi = 0.8",4096,64,64,17,100000,20000,"K_asym_full",0.93936,-0.01064,0.000754736976701155,NA,NA,0.06064,1.0900315578907,0.93815,0.00170329940850104,20000,0.179684855247591,0.000121285878893623,0.0171524134855702,0.179363604306047,0.167903345097606,0.191013663265808,0.201932491925473,0.208728085313452,0.179684855247591,0.978425706291165,1.0105206377024,0,0,0,0
"contaminated_normal_phi080_N4096_M64_Q64","contaminated_normal_phi080_N4096","contaminated_normal","fixed_N_distribution_dependence","contaminated_normal_phi_0.8","contaminated_normal, phi = 0.8",0.8,4096,64,64,64,NA,NA,"Fixed N=4096 distribution/dependence block comparison","Contaminated normal",4,0,16.9586776859504,"inside formal moment assumptions","extreme","phi = 0.8",0.5,17,1907152902,"contaminated_normal_phi080_N4096","contaminated_normal","Contaminated normal","inside formal moment assumptions","extreme",0.8,"phi = 0.8",4096,64,64,17,100000,20000,"K_leading",0.93979,-0.0102099999999999,0.000752228395502323,NA,NA,0.06021,1.08629933661618,0.9385,0.00169879001056634,20000,0.180003190710876,0.000121509123877634,0.0171839850939823,0.179677756098514,0.168197884618646,0.191347843747024,0.202294136487101,0.209095129148267,0.180003190710876,0.980159116711719,1.01231090853473,0,0,0,0
"contaminated_normal_phi080_N4096_M64_Q64","contaminated_normal_phi080_N4096","contaminated_normal","fixed_N_distribution_dependence","contaminated_normal_phi_0.8","contaminated_normal, phi = 0.8",0.8,4096,64,64,64,NA,NA,"Fixed N=4096 distribution/dependence block comparison","Contaminated normal",4,0,16.9586776859504,"inside formal moment assumptions","extreme","phi = 0.8",0.5,17,1907152902,"contaminated_normal_phi080_N4096","contaminated_normal","Contaminated normal","inside formal moment assumptions","extreme",0.8,"phi = 0.8",4096,64,64,17,100000,20000,"V_oracle",0.94563,-0.00436999999999999,0.00071703488827253,NA,NA,0.05437,1.03624701633257,0.94405,0.00162510918863934,20000,0.184442591028907,0.000124628160069806,0.0176250834224325,0.184122322054594,0.172335521487487,0.196081299960047,0.207269172931378,0.214319036634489,0.184442591028907,1.00433268095392,1.03727742913666,0,0,0,0
"contaminated_normal_phi080_N4096_M256_Q16","contaminated_normal_phi080_N4096","contaminated_normal","fixed_N_distribution_dependence","contaminated_normal_phi_0.8","contaminated_normal, phi = 0.8",0.8,4096,256,16,256,NA,NA,"Fixed N=4096 distribution/dependence block comparison","Contaminated normal",4,0,16.9586776859504,"inside formal moment assumptions","extreme","phi = 0.8",0.666666666666667,17,1907152902,"contaminated_normal_phi080_N4096","contaminated_normal","Contaminated normal","inside formal moment assumptions","extreme",0.8,"phi = 0.8",4096,256,16,17,100000,20000,"raw",0.92254,-0.0274599999999999,0.000845339863013687,NA,NA,0.07746,1.25916097704684,0.92195,0.00189681571983153,20000,0.176781608086894,0.000237012102460036,0.0335185729745545,0.17555165093596,0.15361745669173,0.198891330089116,0.220496386529448,0.233994242023797,0.176781608086894,0.962616852229268,1,0,0,0,3e-05
"contaminated_normal_phi080_N4096_M256_Q16","contaminated_normal_phi080_N4096","contaminated_normal","fixed_N_distribution_dependence","contaminated_normal_phi_0.8","contaminated_normal, phi = 0.8",0.8,4096,256,16,256,NA,NA,"Fixed N=4096 distribution/dependence block comparison","Contaminated normal",4,0,16.9586776859504,"inside formal moment assumptions","extreme","phi = 0.8",0.666666666666667,17,1907152902,"contaminated_normal_phi080_N4096","contaminated_normal","Contaminated normal","inside formal moment assumptions","extreme",0.8,"phi = 0.8",4096,256,16,17,100000,20000,"K_asym_full",0.93477,-0.01523,0.000780865206677824,NA,NA,0.06523,1.14533936749539,0.93375,0.00175870602290434,20000,0.185608173094436,0.000249255131428087,0.0352499987356689,0.184329045556911,0.161254374247183,0.208880402024466,0.231502654602055,0.245752524510481,0.185608173094436,1.01067954560278,1.04992920419189,0,0,0,3e-05
"contaminated_normal_phi080_N4096_M256_Q16","contaminated_normal_phi080_N4096","contaminated_normal","fixed_N_distribution_dependence","contaminated_normal_phi_0.8","contaminated_normal, phi = 0.8",0.8,4096,256,16,256,NA,NA,"Fixed N=4096 distribution/dependence block comparison","Contaminated normal",4,0,16.9586776859504,"inside formal moment assumptions","extreme","phi = 0.8",0.666666666666667,17,1907152902,"contaminated_normal_phi080_N4096","contaminated_normal","Contaminated normal","inside formal moment assumptions","extreme",0.8,"phi = 0.8",4096,256,16,17,100000,20000,"K_leading",0.93513,-0.0148699999999999,0.000778857388101313,NA,NA,0.06487,1.1411146354487,0.93415,0.00175376420165312,20000,0.185961346264559,0.000249746423290676,0.0353194778971846,0.18466644605643,0.161570288450566,0.209270824615916,0.231951703825532,0.246233903719965,0.185961346264559,1.01260265541604,1.05192699781955,0,0,0,3e-05
"contaminated_normal_phi080_N4096_M256_Q16","contaminated_normal_phi080_N4096","contaminated_normal","fixed_N_distribution_dependence","contaminated_normal_phi_0.8","contaminated_normal, phi = 0.8",0.8,4096,256,16,256,NA,NA,"Fixed N=4096 distribution/dependence block comparison","Contaminated normal",4,0,16.9586776859504,"inside formal moment assumptions","extreme","phi = 0.8",0.666666666666667,17,1907152902,"contaminated_normal_phi080_N4096","contaminated_normal","Contaminated normal","inside formal moment assumptions","extreme",0.8,"phi = 0.8",4096,256,16,17,100000,20000,"V_oracle",0.92463,-0.02537,0.000834801551867269,NA,NA,0.07537,1.23864455878081,0.9236,0.00187833756284647,20000,0.178280991604106,0.000239087105940338,0.0338120227809358,0.177023658049953,0.154903923800564,0.200576431082867,0.222354610342387,0.235978088459671,0.178280991604106,0.970781343192114,1.00848155831049,0,0,0,3e-05
"contaminated_normal_phi080_N4096_M256_Q16","contaminated_normal_phi080_N4096","contaminated_normal","fixed_N_distribution_dependence","contaminated_normal_phi_0.8","contaminated_normal, phi = 0.8",0.8,4096,256,16,256,NA,NA,"Fixed N=4096 distribution/dependence block comparison","Contaminated normal",4,0,16.9586776859504,"inside formal moment assumptions","extreme","phi = 0.8",0.666666666666667,17,1907152902,"contaminated_normal_phi080_N4096","contaminated_normal","Contaminated normal","inside formal moment assumptions","extreme",0.8,"phi = 0.8",4096,256,16,17,100000,20000,"F_feasible_leading",0.93709,-0.01291,0.000767804219186115,NA,NA,0.06291,1.12426957752667,0.93575,0.00173380993047104,20000,0.187455267865415,0.000252493851934189,0.0357080229821154,0.186105683575768,0.162735080362526,0.211006060948824,0.233988732759659,0.248377678845904,0.187455267865415,1.02073740497769,1.06037765972394,0,0,0,3e-05
"contaminated_normal_phi080_N4096_M256_Q16","contaminated_normal_phi080_N4096","contaminated_normal","fixed_N_distribution_dependence","contaminated_normal_phi_0.8","contaminated_normal, phi = 0.8",0.8,4096,256,16,256,NA,NA,"Fixed N=4096 distribution/dependence block comparison","Contaminated normal",4,0,16.9586776859504,"inside formal moment assumptions","extreme","phi = 0.8",0.666666666666667,17,1907152902,"contaminated_normal_phi080_N4096","contaminated_normal","Contaminated normal","inside formal moment assumptions","extreme",0.8,"phi = 0.8",4096,256,16,17,100000,20000,"V_feasible",0.92441,-0.02559,0.000835919564910405,NA,NA,0.07559,1.24057332692598,0.92345,0.00188002789208033,20000,0.178195097645762,0.000239593463902242,0.0338836326106499,0.176944185077577,0.154729998957336,0.200523738786389,0.222371255795056,0.23596289687227,0.178195097645762,0.97031363066986,1.00799568221018,0,0,0,3e-05
"contaminated_normal_phi080_N4096_M256_Q16","contaminated_normal_phi080_N4096","contaminated_normal","fixed_N_distribution_dependence","contaminated_normal_phi_0.8","contaminated_normal, phi = 0.8",0.8,4096,256,16,256,NA,NA,"Fixed N=4096 distribution/dependence block comparison","Contaminated normal",4,0,16.9586776859504,"inside formal moment assumptions","extreme","phi = 0.8",0.666666666666667,17,1907152902,"contaminated_normal_phi080_N4096","contaminated_normal","Contaminated normal","inside formal moment assumptions","extreme",0.8,"phi = 0.8",4096,256,16,17,100000,20000,"VK_asym_full_oracle",0.93679,-0.0132099999999999,0.00076950955744552,NA,NA,0.06321,1.12667752683448,0.93535,0.00173882686745978,20000,0.187183391964081,0.000251447241672807,0.0355600099394989,0.185882853126693,0.162639124165001,0.210634489379789,0.233498543050734,0.247857024220451,0.187183391964081,1.01925697764607,1.05883974011637,0,0,0,3e-05
"contaminated_normal_phi080_N4096_M256_Q16","contaminated_normal_phi080_N4096","contaminated_normal","fixed_N_distribution_dependence","contaminated_normal_phi_0.8","contaminated_normal, phi = 0.8",0.8,4096,256,16,256,NA,NA,"Fixed N=4096 distribution/dependence block comparison","Contaminated normal",4,0,16.9586776859504,"inside formal moment assumptions","extreme","phi = 0.8",0.666666666666667,17,1907152902,"contaminated_normal_phi080_N4096","contaminated_normal","Contaminated normal","inside formal moment assumptions","extreme",0.8,"phi = 0.8",4096,256,16,17,100000,20000,"VK_leading_oracle",0.93728,-0.01272,0.000766721602669443,NA,NA,0.06272,1.12252163139511,0.9359,0.00173192364150386,20000,0.187539591801051,0.000251943244084159,0.0356301552732093,0.186236120591975,0.162945406591848,0.211035438702375,0.233953903988861,0.248322410377192,0.187539591801051,1.02119656836221,1.06085465468144,0,0,0,3e-05
"contaminated_normal_phi080_N4096_M256_Q16","contaminated_normal_phi080_N4096","contaminated_normal","fixed_N_distribution_dependence","contaminated_normal_phi_0.8","contaminated_normal, phi = 0.8",0.8,4096,256,16,256,NA,NA,"Fixed N=4096 distribution/dependence block comparison","Contaminated normal",4,0,16.9586776859504,"inside formal moment assumptions","extreme","phi = 0.8",0.666666666666667,17,1907152902,"contaminated_normal_phi080_N4096","contaminated_normal","Contaminated normal","inside formal moment assumptions","extreme",0.8,"phi = 0.8",4096,256,16,17,100000,20000,"VK_asym_full_feasible",0.93655,-0.01345,0.000770870271187053,NA,NA,0.06345,1.12843194436147,0.93505,0.00174257707863956,20000,0.187098990739249,0.00025199610032424,0.0356376302743671,0.185747412199945,0.162424333522041,0.210609942591319,0.233536196457629,0.247899787838998,0.187098990739249,1.01879739340396,1.05836230795731,0,0,0,3e-05
"contaminated_normal_phi080_N4096_M16_Q256","contaminated_normal_phi080_N4096","contaminated_normal","fixed_N_distribution_dependence","contaminated_normal_phi_0.8","contaminated_normal, phi = 0.8",0.8,4096,16,256,16,NA,NA,"Fixed N=4096 distribution/dependence block comparison","Contaminated normal",4,0,16.9586776859504,"inside formal moment assumptions","extreme","phi = 0.8",0.333333333333333,8,1907152902,"contaminated_normal_phi080_N4096","contaminated_normal","Contaminated normal","inside formal moment assumptions","extreme",0.8,"phi = 0.8",4096,16,256,8,100000,20000,"K_asym_full",0.90416,-0.04584,0.000930885032643667,NA,NA,0.09584,1.37935872220346,0.9034,0.00208888056144912,20000,0.157686538147607,6.30615262609217e-05,0.00891824657021426,0.157598996771129,0.151653927346814,0.163547971417316,0.169206819994452,0.172502050230946,0.157686538147607,0.858639768204669,1.00127312621235,0,0,0,0
"contaminated_normal_phi080_N4096_M16_Q256","contaminated_normal_phi080_N4096","contaminated_normal","fixed_N_distribution_dependence","contaminated_normal_phi_0.8","contaminated_normal, phi = 0.8",0.8,4096,16,256,16,NA,NA,"Fixed N=4096 distribution/dependence block comparison","Contaminated normal",4,0,16.9586776859504,"inside formal moment assumptions","extreme","phi = 0.8",0.333333333333333,8,1907152902,"contaminated_normal_phi080_N4096","contaminated_normal","Contaminated normal","inside formal moment assumptions","extreme",0.8,"phi = 0.8",4096,16,256,8,100000,20000,"K_leading",0.90477,-0.04523,0.00092823082851196,NA,NA,0.09523,1.37471908466422,0.90385,0.00208452845387152,20000,0.157956379956646,6.31725058285716e-05,0.00893394145118594,0.157868258904508,0.151912652456895,0.163829438913017,0.169496353740005,0.172797211858959,0.157956379956646,0.860109119432031,1.00298655942545,0,0,0,0
"contaminated_normal_phi080_N4096_M16_Q256","contaminated_normal_phi080_N4096","contaminated_normal","fixed_N_distribution_dependence","contaminated_normal_phi_0.8","contaminated_normal, phi = 0.8",0.8,4096,16,256,16,NA,NA,"Fixed N=4096 distribution/dependence block comparison","Contaminated normal",4,0,16.9586776859504,"inside formal moment assumptions","extreme","phi = 0.8",0.333333333333333,8,1907152902,"contaminated_normal_phi080_N4096","contaminated_normal","Contaminated normal","inside formal moment assumptions","extreme",0.8,"phi = 0.8",4096,16,256,8,100000,20000,"V_oracle",0.94868,-0.00131999999999999,0.000697755384070951,NA,NA,0.05132,1.01061297657779,0.9477,0.00157424124580701,20000,0.18472821602099,7.42823408135555e-05,0.0105051093823351,0.184624394726996,0.177606446794087,0.191603403808124,0.198302849986314,0.202203820065234,0.18472821602099,1.00588797527313,1.17298154000837,0,0,0,0
"contaminated_normal_phi080_N4096_M16_Q256","contaminated_normal_phi080_N4096","contaminated_normal","fixed_N_distribution_dependence","contaminated_normal_phi_0.8","contaminated_normal, phi = 0.8",0.8,4096,16,256,16,NA,NA,"Fixed N=4096 distribution/dependence block comparison","Contaminated normal",4,0,16.9586776859504,"inside formal moment assumptions","extreme","phi = 0.8",0.333333333333333,8,1907152902,"contaminated_normal_phi080_N4096","contaminated_normal","Contaminated normal","inside formal moment assumptions","extreme",0.8,"phi = 0.8",4096,16,256,8,100000,20000,"V_feasible",0.93532,-0.0146799999999999,0.000777794944699437,NA,NA,0.06468,1.12937143640812,0.93465,0.00174756083585093,20000,0.174659643126104,7.33998302130779e-05,0.0103803035363217,0.174542574116052,0.167570747422292,0.181473032087908,0.18811142894035,0.191942637721476,0.174659643126104,0.951062260927593,1.10904842575912,0,0,0,0
"contaminated_normal_phi080_N4096_M16_Q256","contaminated_normal_phi080_N4096","contaminated_normal","fixed_N_distribution_dependence","contaminated_normal_phi_0.8","contaminated_normal, phi = 0.8",0.8,4096,16,256,16,NA,NA,"Fixed N=4096 distribution/dependence block comparison","Contaminated normal",4,0,16.9586776859504,"inside formal moment assumptions","extreme","phi = 0.8",0.333333333333333,8,1907152902,"contaminated_normal_phi080_N4096","contaminated_normal","Contaminated normal","inside formal moment assumptions","extreme",0.8,"phi = 0.8",4096,16,256,8,100000,20000,"VK_asym_full_oracle",0.949,-0.001,0.000695693898205238,NA,NA,0.051,1.00808222092368,0.9481,0.00156854056370882,20000,0.184964764220286,7.43814656213117e-05,0.0105191277470847,0.184861435716211,0.177833934571942,0.191848365733715,0.198557811256373,0.202464712206947,0.184964764220286,1.00717603507454,1.17448356648311,0,0,0,0
"contaminated_normal_phi080_N4096_M16_Q256","contaminated_normal_phi080_N4096","contaminated_normal","fixed_N_distribution_dependence","contaminated_normal_phi_0.8","contaminated_normal, phi = 0.8",0.8,4096,16,256,16,NA,NA,"Fixed N=4096 distribution/dependence block comparison","Contaminated normal",4,0,16.9586776859504,"inside formal moment assumptions","extreme","phi = 0.8",0.333333333333333,8,1907152902,"contaminated_normal_phi080_N4096","contaminated_normal","Contaminated normal","inside formal moment assumptions","extreme",0.8,"phi = 0.8",4096,16,256,8,100000,20000,"VK_leading_oracle",0.94947,-0.000529999999999919,0.000692652287226426,NA,NA,0.05053,1.00469141616815,0.94875,0.00155922156058721,20000,0.185283130804956,7.45149049734856e-05,0.0105379989212446,0.185180480636541,0.178138923053067,0.19218024770992,0.198901513262788,0.202815855688569,0.185283130804956,1.00890961495826,1.17650512082287,0,0,0,0
"contaminated_normal_phi080_N4096_M16_Q256","contaminated_normal_phi080_N4096","contaminated_normal","fixed_N_distribution_dependence","contaminated_normal_phi_0.8","contaminated_normal, phi = 0.8",0.8,4096,16,256,16,NA,NA,"Fixed N=4096 distribution/dependence block comparison","Contaminated normal",4,0,16.9586776859504,"inside formal moment assumptions","extreme","phi = 0.8",0.333333333333333,8,1907152902,"contaminated_normal_phi080_N4096","contaminated_normal","Contaminated normal","inside formal moment assumptions","extreme",0.8,"phi = 0.8",4096,16,256,8,100000,20000,"VK_asym_full_feasible",0.93567,-0.01433,0.000775832785463466,NA,NA,0.06433,1.12654328832917,0.9349,0.00174444819355577,20000,0.17488316992258,7.34971050791333e-05,0.0103940602798071,0.174765535468954,0.167785248593793,0.181705106252709,0.188353198049267,0.192189130397718,0.17488316992258,0.952279416170956,1.11046776933105,0,0,0,0
"contaminated_normal_phi080_N4096_M16_Q256","contaminated_normal_phi080_N4096","contaminated_normal","fixed_N_distribution_dependence","contaminated_normal_phi_0.8","contaminated_normal, phi = 0.8",0.8,4096,16,256,16,NA,NA,"Fixed N=4096 distribution/dependence block comparison","Contaminated normal",4,0,16.9586776859504,"inside formal moment assumptions","extreme","phi = 0.8",0.333333333333333,8,1907152902,"contaminated_normal_phi080_N4096","contaminated_normal","Contaminated normal","inside formal moment assumptions","extreme",0.8,"phi = 0.8",4096,16,256,8,100000,20000,"F_feasible_leading",0.93617,-0.01383,0.00077301831220224,NA,NA,0.0638300000000001,1.12275402564792,0.9354,0.00173820079392457,20000,0.175184010196346,7.36280491216615e-05,0.0104125785638926,0.175066129850107,0.168073387907803,0.182019072823751,0.188677321259733,0.192521477403277,0.175184010196346,0.953917561227389,1.1123780356413,0,0,0,0
"contaminated_normal_phi080_N4096_M16_Q256","contaminated_normal_phi080_N4096","contaminated_normal","fixed_N_distribution_dependence","contaminated_normal_phi_0.8","contaminated_normal, phi = 0.8",0.8,4096,16,256,16,NA,NA,"Fixed N=4096 distribution/dependence block comparison","Contaminated normal",4,0,16.9586776859504,"inside formal moment assumptions","extreme","phi = 0.8",0.333333333333333,8,1907152902,"contaminated_normal_phi080_N4096","contaminated_normal","Contaminated normal","inside formal moment assumptions","extreme",0.8,"phi = 0.8",4096,16,256,8,100000,20000,"raw",0.90379,-0.04621,0.000932489334523457,NA,NA,0.09621,1.38282155471136,0.9032,0.00209081036921094,20000,0.157486038543857,6.29790775753118e-05,0.00890658656527532,0.157398791041157,0.151462119710727,0.163338868175317,0.168992222053973,0.172282699618429,0.157486038543857,0.857548001365778,1,0,0,0,0
"contaminated_normal_phi050_N4096_M64_Q64","contaminated_normal_phi050_N4096","contaminated_normal","fixed_N_distribution_dependence","contaminated_normal_phi_0.5","contaminated_normal, phi = 0.5",0.5,4096,64,64,64,NA,NA,"Fixed N=4096 distribution/dependence block comparison","Contaminated normal",4,0,16.9586776859504,"inside formal moment assumptions","extreme","phi = 0.5",0.5,17,1877131902,"contaminated_normal_phi050_N4096","contaminated_normal","Contaminated normal","inside formal moment assumptions","extreme",0.5,"phi = 0.5",4096,64,64,17,100000,20000,"V_feasible",0.94629,-0.00370999999999999,0.000712918199374936,NA,NA,0.05371,1.03533358829153,0.9438,0.00162852018716379,20000,0.106603137638884,7.59233550854912e-05,0.010737183846277,0.106285534261893,0.0992278542591708,0.113605397266857,0.120585046901055,0.124907883902178,0.106603137638884,1.00503675563879,1.01193056723595,0,0,0,0
"contaminated_normal_phi050_N4096_M64_Q64","contaminated_normal_phi050_N4096","contaminated_normal","fixed_N_distribution_dependence","contaminated_normal_phi_0.5","contaminated_normal, phi = 0.5",0.5,4096,64,64,64,NA,NA,"Fixed N=4096 distribution/dependence block comparison","Contaminated normal",4,0,16.9586776859504,"inside formal moment assumptions","extreme","phi = 0.5",0.5,17,1877131902,"contaminated_normal_phi050_N4096","contaminated_normal","Contaminated normal","inside formal moment assumptions","extreme",0.5,"phi = 0.5",4096,64,64,17,100000,20000,"VK_asym_full_oracle",0.94934,-0.000659999999999994,0.000693495237186241,NA,NA,0.05066,1.00925809733401,0.94685,0.00158627042934047,20000,0.10781609618461,7.31065768874901e-05,0.010338831253296,0.107510005350539,0.100740899239084,0.114553065806952,0.121246188453782,0.125433197432485,0.10781609618461,1.01647232825439,1.02344457945356,0,0,0,0
"contaminated_normal_phi050_N4096_M64_Q64","contaminated_normal_phi050_N4096","contaminated_normal","fixed_N_distribution_dependence","contaminated_normal_phi_0.5","contaminated_normal, phi = 0.5",0.5,4096,64,64,64,NA,NA,"Fixed N=4096 distribution/dependence block comparison","Contaminated normal",4,0,16.9586776859504,"inside formal moment assumptions","extreme","phi = 0.5",0.5,17,1877131902,"contaminated_normal_phi050_N4096","contaminated_normal","Contaminated normal","inside formal moment assumptions","extreme",0.5,"phi = 0.5",4096,64,64,17,100000,20000,"VK_leading_oracle",0.9493,-0.000699999999999923,0.000693754351337705,NA,NA,0.0507,1.00971566820845,0.94685,0.00158627042934047,20000,0.107790857175475,7.30888105165667e-05,0.0103363187090246,0.107484541836207,0.100717280001133,0.114526462099845,0.121218377908823,0.125403530962085,0.107790857175475,1.01623437904935,1.0232049980923,0,0,0,0
"contaminated_normal_phi050_N4096_M64_Q64","contaminated_normal_phi050_N4096","contaminated_normal","fixed_N_distribution_dependence","contaminated_normal_phi_0.5","contaminated_normal, phi = 0.5",0.5,4096,64,64,64,NA,NA,"Fixed N=4096 distribution/dependence block comparison","Contaminated normal",4,0,16.9586776859504,"inside formal moment assumptions","extreme","phi = 0.5",0.5,17,1877131902,"contaminated_normal_phi050_N4096","contaminated_normal","Contaminated normal","inside formal moment assumptions","extreme",0.5,"phi = 0.5",4096,64,64,17,100000,20000,"VK_asym_full_feasible",0.94918,-0.000819999999999932,0.000694530975551127,NA,NA,0.05082,1.01060977362731,0.94655,0.00159048887924437,20000,0.107947298186414,7.69183692553678e-05,0.0108779000996563,0.107621007127988,0.100477577590799,0.115039840185031,0.122098327035189,0.126494343118065,0.107947298186414,1.01770927903415,1.02469001480424,0,0,0,0
"contaminated_normal_phi050_N4096_M64_Q64","contaminated_normal_phi050_N4096","contaminated_normal","fixed_N_distribution_dependence","contaminated_normal_phi_0.5","contaminated_normal, phi = 0.5",0.5,4096,64,64,64,NA,NA,"Fixed N=4096 distribution/dependence block comparison","Contaminated normal",4,0,16.9586776859504,"inside formal moment assumptions","extreme","phi = 0.5",0.5,17,1877131902,"contaminated_normal_phi050_N4096","contaminated_normal","Contaminated normal","inside formal moment assumptions","extreme",0.5,"phi = 0.5",4096,64,64,17,100000,20000,"F_feasible_leading",0.94911,-0.000889999999999946,0.000694983509876313,NA,NA,0.05089,1.01106795731595,0.94655,0.00159048887924437,20000,0.107921924202924,7.68995702721826e-05,0.0108752415219583,0.107595878521117,0.100454038883738,0.115012106188425,0.122069421170092,0.126462909553441,0.107921924202924,1.0174700573132,1.02444915219854,0,0,0,0
"contaminated_normal_phi050_N4096_M64_Q64","contaminated_normal_phi050_N4096","contaminated_normal","fixed_N_distribution_dependence","contaminated_normal_phi_0.5","contaminated_normal, phi = 0.5",0.5,4096,64,64,64,NA,NA,"Fixed N=4096 distribution/dependence block comparison","Contaminated normal",4,0,16.9586776859504,"inside formal moment assumptions","extreme","phi = 0.5",0.5,17,1877131902,"contaminated_normal_phi050_N4096","contaminated_normal","Contaminated normal","inside formal moment assumptions","extreme",0.5,"phi = 0.5",4096,64,64,17,100000,20000,"raw",0.94399,-0.00600999999999996,0.000727137400358419,NA,NA,0.05601,1.05560402283171,0.9415,0.00165948410658252,20000,0.105346296564661,7.13706780786465e-05,0.0100933380894586,0.105050262037354,0.0984373687731512,0.111936643740873,0.118461641160817,0.122530751344975,0.105346296564661,0.993187465800165,1,0,0,0,0
"contaminated_normal_phi050_N4096_M64_Q64","contaminated_normal_phi050_N4096","contaminated_normal","fixed_N_distribution_dependence","contaminated_normal_phi_0.5","contaminated_normal, phi = 0.5",0.5,4096,64,64,64,NA,NA,"Fixed N=4096 distribution/dependence block comparison","Contaminated normal",4,0,16.9586776859504,"inside formal moment assumptions","extreme","phi = 0.5",0.5,17,1877131902,"contaminated_normal_phi050_N4096","contaminated_normal","Contaminated normal","inside formal moment assumptions","extreme",0.5,"phi = 0.5",4096,64,64,17,100000,20000,"K_asym_full",0.94692,-0.00307999999999997,0.000708960602572527,NA,NA,0.05308,1.03039614923961,0.9445,0.00161894641665498,20000,0.106668319312217,7.22991973441208e-05,0.0102246505432744,0.106366550502476,0.0996705463394982,0.113339435001606,0.119951521583186,0.124083681229049,0.106668319312217,1.00565127767768,1.01254930444322,0,0,0,0
"contaminated_normal_phi050_N4096_M64_Q64","contaminated_normal_phi050_N4096","contaminated_normal","fixed_N_distribution_dependence","contaminated_normal_phi_0.5","contaminated_normal, phi = 0.5",0.5,4096,64,64,64,NA,NA,"Fixed N=4096 distribution/dependence block comparison","Contaminated normal",4,0,16.9586776859504,"inside formal moment assumptions","extreme","phi = 0.5",0.5,17,1877131902,"contaminated_normal_phi050_N4096","contaminated_normal","Contaminated normal","inside formal moment assumptions","extreme",0.5,"phi = 0.5",4096,64,64,17,100000,20000,"K_leading",0.94688,-0.0031199999999999,0.000709212701521906,NA,NA,0.0531199999999999,1.03086330354659,0.94445,0.00161963263581591,20000,0.106643365376843,7.22816568979552e-05,0.0102221699495887,0.106342088391483,0.0996473766088565,0.113312822670352,0.119923312734296,0.124053557139642,0.106643365376843,1.00541601610092,1.01231242914539,0,0,0,0
"contaminated_normal_phi050_N4096_M64_Q64","contaminated_normal_phi050_N4096","contaminated_normal","fixed_N_distribution_dependence","contaminated_normal_phi_0.5","contaminated_normal, phi = 0.5",0.5,4096,64,64,64,NA,NA,"Fixed N=4096 distribution/dependence block comparison","Contaminated normal",4,0,16.9586776859504,"inside formal moment assumptions","extreme","phi = 0.5",0.5,17,1877131902,"contaminated_normal_phi050_N4096","contaminated_normal","Contaminated normal","inside formal moment assumptions","extreme",0.5,"phi = 0.5",4096,64,64,17,100000,20000,"V_oracle",0.94658,-0.00341999999999998,0.000711099877654328,NA,NA,0.05342,1.03394884424545,0.94405,0.00162510918863934,20000,0.106478983902205,7.21661248096608e-05,0.0102058312449732,0.106180539406199,0.0994943726982114,0.113137981559488,0.11973843969232,0.123857503788635,0.106478983902205,1.00386625473726,1.01075203756069,0,0,0,0
"contaminated_normal_phi050_N4096_M256_Q16","contaminated_normal_phi050_N4096","contaminated_normal","fixed_N_distribution_dependence","contaminated_normal_phi_0.5","contaminated_normal, phi = 0.5",0.5,4096,256,16,256,NA,NA,"Fixed N=4096 distribution/dependence block comparison","Contaminated normal",4,0,16.9586776859504,"inside formal moment assumptions","extreme","phi = 0.5",0.666666666666667,17,1877131902,"contaminated_normal_phi050_N4096","contaminated_normal","Contaminated normal","inside formal moment assumptions","extreme",0.5,"phi = 0.5",4096,256,16,17,100000,20000,"raw",0.92414,-0.02586,0.000837288841440038,NA,NA,0.07586,1.24058289116187,0.92115,0.00190568462107454,20000,0.102670819216857,0.000135785009307237,0.0192029001729252,0.102003694553695,0.0891152238585037,0.115293145737482,0.127471782569628,0.135550252045035,0.102670819216857,0.967963507734959,1,0,0,0,6e-05
"contaminated_normal_phi050_N4096_M256_Q16","contaminated_normal_phi050_N4096","contaminated_normal","fixed_N_distribution_dependence","contaminated_normal_phi_0.5","contaminated_normal, phi = 0.5",0.5,4096,256,16,256,NA,NA,"Fixed N=4096 distribution/dependence block comparison","Contaminated normal",4,0,16.9586776859504,"inside formal moment assumptions","extreme","phi = 0.5",0.666666666666667,17,1877131902,"contaminated_normal_phi050_N4096","contaminated_normal","Contaminated normal","inside formal moment assumptions","extreme",0.5,"phi = 0.5",4096,256,16,17,100000,20000,"K_asym_full",0.936,-0.0139999999999999,0.00077397674383666,NA,NA,0.0639999999999999,1.12372922898039,0.93355,0.00176117003012202,20000,0.10803405225355,0.000143160177364009,0.020245906441992,0.107352554508976,0.0937219536370386,0.121397871649581,0.134189015208564,0.142731650422838,0.10803405225355,1.01852718203498,1.05223716999243,0,0,0,6e-05
"contaminated_normal_phi050_N4096_M256_Q16","contaminated_normal_phi050_N4096","contaminated_normal","fixed_N_distribution_dependence","contaminated_normal_phi_0.5","contaminated_normal, phi = 0.5",0.5,4096,256,16,256,NA,NA,"Fixed N=4096 distribution/dependence block comparison","Contaminated normal",4,0,16.9586776859504,"inside formal moment assumptions","extreme","phi = 0.5",0.666666666666667,17,1877131902,"contaminated_normal_phi050_N4096","contaminated_normal","Contaminated normal","inside formal moment assumptions","extreme",0.5,"phi = 0.5",4096,256,16,17,100000,20000,"K_leading",0.93593,-0.0140699999999999,0.000774370938891691,NA,NA,0.06407,1.12427824511545,0.93345,0.00176240031632998,20000,0.108006886707074,0.000143122701350454,0.0202406065333287,0.107325352420972,0.0936988193873999,0.121368838182952,0.134155745723782,0.142693831251727,0.108006886707074,1.01827106975442,1.05197258121557,0,0,0,6e-05
"contaminated_normal_phi050_N4096_M256_Q16","contaminated_normal_phi050_N4096","contaminated_normal","fixed_N_distribution_dependence","contaminated_normal_phi_0.5","contaminated_normal, phi = 0.5",0.5,4096,256,16,256,NA,NA,"Fixed N=4096 distribution/dependence block comparison","Contaminated normal",4,0,16.9586776859504,"inside formal moment assumptions","extreme","phi = 0.5",0.666666666666667,17,1877131902,"contaminated_normal_phi050_N4096","contaminated_normal","Contaminated normal","inside formal moment assumptions","extreme",0.5,"phi = 0.5",4096,256,16,17,100000,20000,"V_oracle",0.92469,-0.0253099999999999,0.000834496278601648,NA,NA,0.07531,1.23452338501813,0.9217,0.00189959350914873,20000,0.102929801713938,0.000136140068155507,0.0192531130767916,0.102254728547024,0.0893407268952073,0.115587360536323,0.127798430499707,0.135888539809731,0.102929801713938,0.970405151896649,1.00252245476423,0,0,0,6e-05
"contaminated_normal_phi050_N4096_M256_Q16","contaminated_normal_phi050_N4096","contaminated_normal","fixed_N_distribution_dependence","contaminated_normal_phi_0.5","contaminated_normal, phi = 0.5",0.5,4096,256,16,256,NA,NA,"Fixed N=4096 distribution/dependence block comparison","Contaminated normal",4,0,16.9586776859504,"inside formal moment assumptions","extreme","phi = 0.5",0.666666666666667,17,1877131902,"contaminated_normal_phi050_N4096","contaminated_normal","Contaminated normal","inside formal moment assumptions","extreme",0.5,"phi = 0.5",4096,256,16,17,100000,20000,"F_feasible_leading",0.9365,-0.0135,0.00077115335699198,NA,NA,0.0635,1.11921054610285,0.93395,0.00175623741988377,20000,0.108314940066601,0.000144140406711595,0.0203845318057512,0.107603216001144,0.093936251703635,0.121774239847967,0.134671402655909,0.143266387769597,0.108314940066601,1.02117534589375,1.05497297959435,0,0,0,6e-05
"contaminated_normal_phi050_N4096_M256_Q16","contaminated_normal_phi050_N4096","contaminated_normal","fixed_N_distribution_dependence","contaminated_normal_phi_0.5","contaminated_normal, phi = 0.5",0.5,4096,256,16,256,NA,NA,"Fixed N=4096 distribution/dependence block comparison","Contaminated normal",4,0,16.9586776859504,"inside formal moment assumptions","extreme","phi = 0.5",0.666666666666667,17,1877131902,"contaminated_normal_phi050_N4096","contaminated_normal","Contaminated normal","inside formal moment assumptions","extreme",0.5,"phi = 0.5",4096,256,16,17,100000,20000,"V_feasible",0.92461,-0.0253899999999999,0.00083490327523612,NA,NA,0.07539,1.23499094742384,0.9216,0.00190070302782944,20000,0.102958223028853,0.000136733349707903,0.0193370157585619,0.102273945683079,0.0893180077151351,0.115674356293734,0.127904489789095,0.136077043455687,0.102958223028853,0.970673103354417,1.00279927455716,0,0,0,6e-05
"contaminated_normal_phi050_N4096_M256_Q16","contaminated_normal_phi050_N4096","contaminated_normal","fixed_N_distribution_dependence","contaminated_normal_phi_0.5","contaminated_normal, phi = 0.5",0.5,4096,256,16,256,NA,NA,"Fixed N=4096 distribution/dependence block comparison","Contaminated normal",4,0,16.9586776859504,"inside formal moment assumptions","extreme","phi = 0.5",0.666666666666667,17,1877131902,"contaminated_normal_phi050_N4096","contaminated_normal","Contaminated normal","inside formal moment assumptions","extreme",0.5,"phi = 0.5",4096,256,16,17,100000,20000,"VK_asym_full_oracle",0.93666,-0.0133399999999999,0.000770247001941585,NA,NA,0.06334,1.11824048315339,0.93425,0.00175252585572938,20000,0.108306751482288,0.000143536445990019,0.0202991188613918,0.107620717775266,0.0939617473327809,0.121703122433736,0.134527603771426,0.143091453562273,0.108306751482288,1.02109814527477,1.05489322388212,0,0,0,6e-05
"contaminated_normal_phi050_N4096_M256_Q16","contaminated_normal_phi050_N4096","contaminated_normal","fixed_N_distribution_dependence","contaminated_normal_phi_0.5","contaminated_normal, phi = 0.5",0.5,4096,256,16,256,NA,NA,"Fixed N=4096 distribution/dependence block comparison","Contaminated normal",4,0,16.9586776859504,"inside formal moment assumptions","extreme","phi = 0.5",0.666666666666667,17,1877131902,"contaminated_normal_phi050_N4096","contaminated_normal","Contaminated normal","inside formal moment assumptions","extreme",0.5,"phi = 0.5",4096,256,16,17,100000,20000,"VK_leading_oracle",0.93662,-0.0133799999999999,0.00077047372181016,NA,NA,0.06338,1.11878681767268,0.93415,0.00175376420165312,20000,0.1082795166339,0.000143498861937625,0.0202938036737294,0.107594851281359,0.0939375373850902,0.12167252995935,0.134492838933078,0.143054048522684,0.1082795166339,1.02084137962725,1.05462796011393,0,0,0,6e-05
"contaminated_normal_phi050_N4096_M256_Q16","contaminated_normal_phi050_N4096","contaminated_normal","fixed_N_distribution_dependence","contaminated_normal_phi_0.5","contaminated_normal, phi = 0.5",0.5,4096,256,16,256,NA,NA,"Fixed N=4096 distribution/dependence block comparison","Contaminated normal",4,0,16.9586776859504,"inside formal moment assumptions","extreme","phi = 0.5",0.666666666666667,17,1877131902,"contaminated_normal_phi050_N4096","contaminated_normal","Contaminated normal","inside formal moment assumptions","extreme",0.5,"phi = 0.5",4096,256,16,17,100000,20000,"VK_asym_full_feasible",0.93659,-0.0134099999999999,0.000770643704314776,NA,NA,0.06341,1.11866400466526,0.93405,0.00175500138888834,20000,0.108342212610572,0.000144178242672066,0.0203898826185956,0.107629737658443,0.0939584530521892,0.121805652504254,0.134705977471497,0.143302157983347,0.108342212610572,1.021432466929,1.05523861051246,0,0,0,6e-05
"contaminated_normal_phi050_N4096_M16_Q256","contaminated_normal_phi050_N4096","contaminated_normal","fixed_N_distribution_dependence","contaminated_normal_phi_0.5","contaminated_normal, phi = 0.5",0.5,4096,16,256,16,NA,NA,"Fixed N=4096 distribution/dependence block comparison","Contaminated normal",4,0,16.9586776859504,"inside formal moment assumptions","extreme","phi = 0.5",0.333333333333333,8,1877131902,"contaminated_normal_phi050_N4096","contaminated_normal","Contaminated normal","inside formal moment assumptions","extreme",0.5,"phi = 0.5",4096,16,256,8,100000,20000,"K_asym_full",0.93922,-0.0107799999999999,0.000755551398648695,NA,NA,0.0607799999999999,1.09424020043188,0.9358,0.00173318146770614,20000,0.102236314438379,3.9824155963799e-05,0.00563198614740659,0.102088639166216,0.0984075920485747,0.10596853745922,0.109546135527698,0.111820868319338,0.102236314438379,0.96386706852554,1.003214286107,0,0,0,0
"contaminated_normal_phi050_N4096_M16_Q256","contaminated_normal_phi050_N4096","contaminated_normal","fixed_N_distribution_dependence","contaminated_normal_phi_0.5","contaminated_normal, phi = 0.5",0.5,4096,16,256,16,NA,NA,"Fixed N=4096 distribution/dependence block comparison","Contaminated normal",4,0,16.9586776859504,"inside formal moment assumptions","extreme","phi = 0.5",0.333333333333333,8,1877131902,"contaminated_normal_phi050_N4096","contaminated_normal","Contaminated normal","inside formal moment assumptions","extreme",0.5,"phi = 0.5",4096,16,256,8,100000,20000,"K_leading",0.93916,-0.01084,0.000755900088636058,NA,NA,0.06084,1.09472752413611,0.93575,0.00173380993047104,20000,0.102213208340359,3.98149073539759e-05,0.0056306781964621,0.102065503334659,0.0983853106712932,0.105944564109873,0.109521180422803,0.111795590939089,0.102213208340359,0.963649228053826,1.00298755289819,0,0,0,0
"contaminated_normal_phi050_N4096_M16_Q256","contaminated_normal_phi050_N4096","contaminated_normal","fixed_N_distribution_dependence","contaminated_normal_phi_0.5","contaminated_normal, phi = 0.5",0.5,4096,16,256,16,NA,NA,"Fixed N=4096 distribution/dependence block comparison","Contaminated normal",4,0,16.9586776859504,"inside formal moment assumptions","extreme","phi = 0.5",0.333333333333333,8,1877131902,"contaminated_normal_phi050_N4096","contaminated_normal","Contaminated normal","inside formal moment assumptions","extreme",0.5,"phi = 0.5",4096,16,256,8,100000,20000,"V_oracle",0.94881,-0.00118999999999991,0.000696918818084287,NA,NA,0.05119,1.00974486333864,0.9466,0.00158978677815611,20000,0.106496251205068,4.15327500980969e-05,0.00587361784713811,0.106337595130667,0.102499718809255,0.110390690675634,0.114114515165887,0.116495299600481,0.106496251205068,1.00402904801364,1.04501576775989,0,0,0,0
"contaminated_normal_phi050_N4096_M16_Q256","contaminated_normal_phi050_N4096","contaminated_normal","fixed_N_distribution_dependence","contaminated_normal_phi_0.5","contaminated_normal, phi = 0.5",0.5,4096,16,256,16,NA,NA,"Fixed N=4096 distribution/dependence block comparison","Contaminated normal",4,0,16.9586776859504,"inside formal moment assumptions","extreme","phi = 0.5",0.333333333333333,8,1877131902,"contaminated_normal_phi050_N4096","contaminated_normal","Contaminated normal","inside formal moment assumptions","extreme",0.5,"phi = 0.5",4096,16,256,8,100000,20000,"V_feasible",0.94871,-0.0012899999999999,0.000697562440932709,NA,NA,0.0512899999999999,1.01198465776283,0.94645,0.00159189191687124,20000,0.106502667988088,4.56796532372579e-05,0.00646007851326302,0.106331232479387,0.102102585340741,0.110781942375354,0.114909564864715,0.117451626294031,0.106502667988088,1.00408954438299,1.04507873372685,0,0,0,0
"contaminated_normal_phi050_N4096_M16_Q256","contaminated_normal_phi050_N4096","contaminated_normal","fixed_N_distribution_dependence","contaminated_normal_phi_0.5","contaminated_normal, phi = 0.5",0.5,4096,16,256,16,NA,NA,"Fixed N=4096 distribution/dependence block comparison","Contaminated normal",4,0,16.9586776859504,"inside formal moment assumptions","extreme","phi = 0.5",0.333333333333333,8,1877131902,"contaminated_normal_phi050_N4096","contaminated_normal","Contaminated normal","inside formal moment assumptions","extreme",0.5,"phi = 0.5",4096,16,256,8,100000,20000,"VK_asym_full_oracle",0.94947,-0.000529999999999919,0.000692652287226426,NA,NA,0.05053,1.00338153005273,0.94725,0.00158062388789996,20000,0.106839054149127,4.16705456731327e-05,0.00589310508424317,0.106680773817458,0.102829748984304,0.110748096874424,0.114482604410632,0.116872345578918,0.106839054149127,1.00726093749036,1.04837959022052,0,0,0,0
"contaminated_normal_phi050_N4096_M16_Q256","contaminated_normal_phi050_N4096","contaminated_normal","fixed_N_distribution_dependence","contaminated_normal_phi_0.5","contaminated_normal, phi = 0.5",0.5,4096,16,256,16,NA,NA,"Fixed N=4096 distribution/dependence block comparison","Contaminated normal",4,0,16.9586776859504,"inside formal moment assumptions","extreme","phi = 0.5",0.333333333333333,8,1877131902,"contaminated_normal_phi050_N4096","contaminated_normal","Contaminated normal","inside formal moment assumptions","extreme",0.5,"phi = 0.5",4096,16,256,8,100000,20000,"VK_leading_oracle",0.94939,-0.000609999999999999,0.000693171175828886,NA,NA,0.05061,1.00382838953002,0.9472,0.00158133108487755,20000,0.106814872908082,4.1660824237773e-05,0.00589173026567004,0.106656773536565,0.102806506138645,0.110722874471796,0.114456700480438,0.116845648156701,0.106814872908082,1.00703296074797,1.04814230695571,0,0,0,0
"contaminated_normal_phi050_N4096_M16_Q256","contaminated_normal_phi050_N4096","contaminated_normal","fixed_N_distribution_dependence","contaminated_normal_phi_0.5","contaminated_normal, phi = 0.5",0.5,4096,16,256,16,NA,NA,"Fixed N=4096 distribution/dependence block comparison","Contaminated normal",4,0,16.9586776859504,"inside formal moment assumptions","extreme","phi = 0.5",0.333333333333333,8,1877131902,"contaminated_normal_phi050_N4096","contaminated_normal","Contaminated normal","inside formal moment assumptions","extreme",0.5,"phi = 0.5",4096,16,256,8,100000,20000,"VK_asym_full_feasible",0.94935,-0.000649999999999928,0.000693430439914488,NA,NA,0.05065,1.00560720946736,0.94695,0.00158486115322447,20000,0.106846610040147,4.58315899345706e-05,0.0064815656070592,0.106674108969645,0.102432478127836,0.111140331771598,0.115281901420856,0.117831388434505,0.106846610040147,1.00733217318159,1.04845373391258,0,0,0,0
"contaminated_normal_phi050_N4096_M16_Q256","contaminated_normal_phi050_N4096","contaminated_normal","fixed_N_distribution_dependence","contaminated_normal_phi_0.5","contaminated_normal, phi = 0.5",0.5,4096,16,256,16,NA,NA,"Fixed N=4096 distribution/dependence block comparison","Contaminated normal",4,0,16.9586776859504,"inside formal moment assumptions","extreme","phi = 0.5",0.333333333333333,8,1877131902,"contaminated_normal_phi050_N4096","contaminated_normal","Contaminated normal","inside formal moment assumptions","extreme",0.5,"phi = 0.5",4096,16,256,8,100000,20000,"F_feasible_leading",0.94928,-0.000719999999999943,0.000693883863481491,NA,NA,0.05072,1.00605506015876,0.94685,0.00158627042934047,20000,0.106822348122334,4.58208708125325e-05,0.0064800496942829,0.106649951988464,0.102409242300075,0.111115038551137,0.115255561066224,0.11780467659397,0.106822348122334,1.00710343583197,1.04821565899084,0,0,0,0
"contaminated_normal_phi050_N4096_M16_Q256","contaminated_normal_phi050_N4096","contaminated_normal","fixed_N_distribution_dependence","contaminated_normal_phi_0.5","contaminated_normal, phi = 0.5",0.5,4096,16,256,16,NA,NA,"Fixed N=4096 distribution/dependence block comparison","Contaminated normal",4,0,16.9586776859504,"inside formal moment assumptions","extreme","phi = 0.5",0.333333333333333,8,1877131902,"contaminated_normal_phi050_N4096","contaminated_normal","Contaminated normal","inside formal moment assumptions","extreme",0.5,"phi = 0.5",4096,16,256,8,100000,20000,"raw",0.93833,-0.01167,0.000760702380040972,NA,NA,0.06167,1.10117974922925,0.93525,0.00174007812324619,20000,0.101908750557281,3.96930560295608e-05,0.00561344581690401,0.101761356761675,0.0980917505398268,0.105629093080267,0.109193718759541,0.111462476687016,0.101908750557281,0.960778850414754,1,0,0,0,0
"centered_gamma05_phi050_N4096_M256_Q16","centered_gamma05_phi050_N4096","centered_gamma05","fixed_N_distribution_dependence","centered_gamma05_phi_0.5","centered_gamma05, phi = 0.5",0.5,4096,256,16,256,NA,NA,"Fixed N=4096 distribution/dependence block comparison","Centered Gamma(1/2)",5,2.82842712474619,12,"inside formal moment assumptions","extreme","phi = 0.5",0.666666666666667,17,1877132003,"centered_gamma05_phi050_N4096","centered_gamma05","Centered Gamma(1/2)","inside formal moment assumptions","extreme",0.5,"phi = 0.5",4096,256,16,17,100000,20000,"F_feasible_leading",0.93753,-0.01247,0.000765294055249353,NA,NA,0.06247,1.11716254173155,0.9397,0.0016832098799615,20000,0.108297535337911,0.000144805086993454,0.0204785317926758,0.107269245448713,0.0940755766461297,0.121654176410169,0.135312268561672,0.143608335034278,0.108297535337911,1.02101125698941,1.05487308572143,0,0,0,2e-05
"centered_gamma05_phi050_N4096_M256_Q16","centered_gamma05_phi050_N4096","centered_gamma05","fixed_N_distribution_dependence","centered_gamma05_phi_0.5","centered_gamma05, phi = 0.5",0.5,4096,256,16,256,NA,NA,"Fixed N=4096 distribution/dependence block comparison","Centered Gamma(1/2)",5,2.82842712474619,12,"inside formal moment assumptions","extreme","phi = 0.5",0.666666666666667,17,1877132003,"centered_gamma05_phi050_N4096","centered_gamma05","Centered Gamma(1/2)","inside formal moment assumptions","extreme",0.5,"phi = 0.5",4096,256,16,17,100000,20000,"raw",0.9246,-0.0254,0.000834954130476639,NA,NA,0.0754,1.2382652268175,0.92615,0.00184927252588687,20000,0.102664042531568,0.000136430931859302,0.0192942474162624,0.101707549351445,0.0892564528241278,0.115285523591221,0.128101605153178,0.135879566672398,0.102664042531568,0.967899618266527,1,0,0,0,2e-05
"centered_gamma05_phi050_N4096_M256_Q16","centered_gamma05_phi050_N4096","centered_gamma05","fixed_N_distribution_dependence","centered_gamma05_phi_0.5","centered_gamma05, phi = 0.5",0.5,4096,256,16,256,NA,NA,"Fixed N=4096 distribution/dependence block comparison","Centered Gamma(1/2)",5,2.82842712474619,12,"inside formal moment assumptions","extreme","phi = 0.5",0.666666666666667,17,1877132003,"centered_gamma05_phi050_N4096","centered_gamma05","Centered Gamma(1/2)","inside formal moment assumptions","extreme",0.5,"phi = 0.5",4096,256,16,17,100000,20000,"K_asym_full",0.93693,-0.0130699999999999,0.000768714349417259,NA,NA,0.06307,1.12318556462467,0.93925,0.0016890742656852,20000,0.107938966302618,0.000143698691399692,0.0203220638272711,0.106930695424486,0.0937907949032054,0.121224395145579,0.134744415820672,0.142887342047226,0.107938966302618,1.01763072741133,1.0513804409117,0,0,0,2e-05
"centered_gamma05_phi050_N4096_M256_Q16","centered_gamma05_phi050_N4096","centered_gamma05","fixed_N_distribution_dependence","centered_gamma05_phi_0.5","centered_gamma05, phi = 0.5",0.5,4096,256,16,256,NA,NA,"Fixed N=4096 distribution/dependence block comparison","Centered Gamma(1/2)",5,2.82842712474619,12,"inside formal moment assumptions","extreme","phi = 0.5",0.666666666666667,17,1877132003,"centered_gamma05_phi050_N4096","centered_gamma05","Centered Gamma(1/2)","inside formal moment assumptions","extreme",0.5,"phi = 0.5",4096,256,16,17,100000,20000,"K_leading",0.93703,-0.0129699999999999,0.000768145683448133,NA,NA,0.06297,1.12217786180336,0.93925,0.0016890742656852,20000,0.107988757605743,0.000143767498039294,0.0203317945555617,0.106979209757525,0.0938332107100506,0.121281123971408,0.134808113900814,0.142953490979154,0.107988757605743,1.01810015158458,1.05186543353324,0,0,0,2e-05
"centered_gamma05_phi050_N4096_M256_Q16","centered_gamma05_phi050_N4096","centered_gamma05","fixed_N_distribution_dependence","centered_gamma05_phi_0.5","centered_gamma05, phi = 0.5",0.5,4096,256,16,256,NA,NA,"Fixed N=4096 distribution/dependence block comparison","Centered Gamma(1/2)",5,2.82842712474619,12,"inside formal moment assumptions","extreme","phi = 0.5",0.666666666666667,17,1877132003,"centered_gamma05_phi050_N4096","centered_gamma05","Centered Gamma(1/2)","inside formal moment assumptions","extreme",0.5,"phi = 0.5",4096,256,16,17,100000,20000,"V_oracle",0.92524,-0.02476,0.000831690702124294,NA,NA,0.07476,1.23221704107922,0.92685,0.00184118273807898,20000,0.102922498274782,0.000136786044987161,0.019344467996422,0.101966163989412,0.089479723735154,0.115571344327463,0.128435119130106,0.136215723907106,0.102922498274782,0.97033629627985,1.00251749041671,0,0,0,2e-05
"centered_gamma05_phi050_N4096_M256_Q16","centered_gamma05_phi050_N4096","centered_gamma05","fixed_N_distribution_dependence","centered_gamma05_phi_0.5","centered_gamma05, phi = 0.5",0.5,4096,256,16,256,NA,NA,"Fixed N=4096 distribution/dependence block comparison","Centered Gamma(1/2)",5,2.82842712474619,12,"inside formal moment assumptions","extreme","phi = 0.5",0.666666666666667,17,1877132003,"centered_gamma05_phi050_N4096","centered_gamma05","Centered Gamma(1/2)","inside formal moment assumptions","extreme",0.5,"phi = 0.5",4096,256,16,17,100000,20000,"V_feasible",0.92521,-0.02479,0.000831844071325871,NA,NA,0.07479,1.23273108053136,0.92685,0.00184118273807898,20000,0.102952229650124,0.000137398361819433,0.0194310626732888,0.101964559387148,0.0894485618762156,0.115701554496226,0.128548215132271,0.136489509779114,0.102952229650124,0.97061659877072,1.00280708913705,0,0,0,2e-05
"centered_gamma05_phi050_N4096_M256_Q16","centered_gamma05_phi050_N4096","centered_gamma05","fixed_N_distribution_dependence","centered_gamma05_phi_0.5","centered_gamma05, phi = 0.5",0.5,4096,256,16,256,NA,NA,"Fixed N=4096 distribution/dependence block comparison","Centered Gamma(1/2)",5,2.82842712474619,12,"inside formal moment assumptions","extreme","phi = 0.5",0.666666666666667,17,1877132003,"centered_gamma05_phi050_N4096","centered_gamma05","Centered Gamma(1/2)","inside formal moment assumptions","extreme",0.5,"phi = 0.5",4096,256,16,17,100000,20000,"VK_asym_full_oracle",0.93746,-0.01254,0.000765694119084116,NA,NA,0.06254,1.11769947427319,0.9395,0.00168581953363935,20000,0.108210861878044,0.000144074471454504,0.0203752071522694,0.107192778435654,0.0940269504086048,0.121533558923958,0.135100716476189,0.143248563762268,0.108210861878044,1.02019411394058,1.05402884213108,0,0,0,2e-05
"centered_gamma05_phi050_N4096_M256_Q16","centered_gamma05_phi050_N4096","centered_gamma05","fixed_N_distribution_dependence","centered_gamma05_phi_0.5","centered_gamma05, phi = 0.5",0.5,4096,256,16,256,NA,NA,"Fixed N=4096 distribution/dependence block comparison","Centered Gamma(1/2)",5,2.82842712474619,12,"inside formal moment assumptions","extreme","phi = 0.5",0.666666666666667,17,1877132003,"centered_gamma05_phi050_N4096","centered_gamma05","Centered Gamma(1/2)","inside formal moment assumptions","extreme",0.5,"phi = 0.5",4096,256,16,17,100000,20000,"VK_leading_oracle",0.93762,-0.0123799999999999,0.00076477928580735,NA,NA,0.06238,1.11669669347805,0.93975,0.0016825566483777,20000,0.108260779722952,0.00014414347429737,0.0203849656278919,0.107241106282337,0.0940707396143964,0.121590611213946,0.135163739180812,0.143315452820281,0.108260779722952,1.02066473112883,1.05451506733395,0,0,0,2e-05
"centered_gamma05_phi050_N4096_M256_Q16","centered_gamma05_phi050_N4096","centered_gamma05","fixed_N_distribution_dependence","centered_gamma05_phi_0.5","centered_gamma05, phi = 0.5",0.5,4096,256,16,256,NA,NA,"Fixed N=4096 distribution/dependence block comparison","Centered Gamma(1/2)",5,2.82842712474619,12,"inside formal moment assumptions","extreme","phi = 0.5",0.666666666666667,17,1877132003,"centered_gamma05_phi050_N4096","centered_gamma05","Centered Gamma(1/2)","inside formal moment assumptions","extreme",0.5,"phi = 0.5",4096,256,16,17,100000,20000,"VK_asym_full_feasible",0.93735,-0.0126499999999999,0.000766322239661619,NA,NA,0.06265,1.11816574085307,0.9395,0.00168581953363935,20000,0.108247548131148,0.000144735611908439,0.0204687065319283,0.107219895530549,0.094033431167434,0.12159812275346,0.135252101890485,0.143540952911048,0.108247548131148,1.02053998586905,1.05438618489881,0,0,0,2e-05
"centered_gamma05_phi050_N4096_M16_Q256","centered_gamma05_phi050_N4096","centered_gamma05","fixed_N_distribution_dependence","centered_gamma05_phi_0.5","centered_gamma05, phi = 0.5",0.5,4096,16,256,16,NA,NA,"Fixed N=4096 distribution/dependence block comparison","Centered Gamma(1/2)",5,2.82842712474619,12,"inside formal moment assumptions","extreme","phi = 0.5",0.333333333333333,8,1877132003,"centered_gamma05_phi050_N4096","centered_gamma05","Centered Gamma(1/2)","inside formal moment assumptions","extreme",0.5,"phi = 0.5",4096,16,256,8,100000,20000,"K_asym_full",0.93851,-0.01149,0.000759664267291809,NA,NA,0.06149,1.09202248518082,0.9411,0.00166479413141685,20000,0.101984204838638,3.79593111810825e-05,0.00536825726906275,0.101891977819239,0.0983397893077578,0.105549581440092,0.108955294421712,0.110935586560808,0.101984204838638,0.961490220903598,1.00255676831308,0,0,0,0
"centered_gamma05_phi050_N4096_M16_Q256","centered_gamma05_phi050_N4096","centered_gamma05","fixed_N_distribution_dependence","centered_gamma05_phi_0.5","centered_gamma05, phi = 0.5",0.5,4096,16,256,16,NA,NA,"Fixed N=4096 distribution/dependence block comparison","Centered Gamma(1/2)",5,2.82842712474619,12,"inside formal moment assumptions","extreme","phi = 0.5",0.333333333333333,8,1877132003,"centered_gamma05_phi050_N4096","centered_gamma05","Centered Gamma(1/2)","inside formal moment assumptions","extreme",0.5,"phi = 0.5",4096,16,256,8,100000,20000,"K_leading",0.93861,-0.0113899999999999,0.000759086740102868,NA,NA,0.0613899999999999,1.09112928831743,0.94115,0.00166413156781548,20000,0.102026341160546,3.79753162503196e-05,0.00537052072766094,0.101933996867528,0.0983805914545879,0.10559360592788,0.109000174526807,0.110981608711437,0.102026341160546,0.961887475179621,1.00297098985638,0,0,0,0
"centered_gamma05_phi050_N4096_M16_Q256","centered_gamma05_phi050_N4096","centered_gamma05","fixed_N_distribution_dependence","centered_gamma05_phi_0.5","centered_gamma05, phi = 0.5",0.5,4096,16,256,16,NA,NA,"Fixed N=4096 distribution/dependence block comparison","Centered Gamma(1/2)",5,2.82842712474619,12,"inside formal moment assumptions","extreme","phi = 0.5",0.333333333333333,8,1877132003,"centered_gamma05_phi050_N4096","centered_gamma05","Centered Gamma(1/2)","inside formal moment assumptions","extreme",0.5,"phi = 0.5",4096,16,256,8,100000,20000,"V_oracle",0.94906,-0.000939999999999941,0.000695306525210284,NA,NA,0.05094,1.0064259551584,0.951,0.00152641737411496,20000,0.106276271149147,3.95920926241807e-05,0.00559916743518481,0.106179705287085,0.102477167503971,0.109997742494296,0.11353790580311,0.115622054681366,0.106276271149147,1.00195511241845,1.04474997005896,0,0,0,0
"centered_gamma05_phi050_N4096_M16_Q256","centered_gamma05_phi050_N4096","centered_gamma05","fixed_N_distribution_dependence","centered_gamma05_phi_0.5","centered_gamma05, phi = 0.5",0.5,4096,16,256,16,NA,NA,"Fixed N=4096 distribution/dependence block comparison","Centered Gamma(1/2)",5,2.82842712474619,12,"inside formal moment assumptions","extreme","phi = 0.5",0.333333333333333,8,1877132003,"centered_gamma05_phi050_N4096","centered_gamma05","Centered Gamma(1/2)","inside formal moment assumptions","extreme",0.5,"phi = 0.5",4096,16,256,8,100000,20000,"V_feasible",0.94857,-0.00142999999999993,0.000698462276003507,NA,NA,0.05143,1.00869750341467,0.9505,0.00153378209012884,20000,0.106306012902586,4.39275519188131e-05,0.00621229396854337,0.106190208295139,0.102065080461826,0.110431096270518,0.114345843734771,0.116683664882698,0.106306012902586,1.0022355127523,1.04504234667021,0,0,0,0
"centered_gamma05_phi050_N4096_M16_Q256","centered_gamma05_phi050_N4096","centered_gamma05","fixed_N_distribution_dependence","centered_gamma05_phi_0.5","centered_gamma05, phi = 0.5",0.5,4096,16,256,16,NA,NA,"Fixed N=4096 distribution/dependence block comparison","Centered Gamma(1/2)",5,2.82842712474619,12,"inside formal moment assumptions","extreme","phi = 0.5",0.333333333333333,8,1877132003,"centered_gamma05_phi050_N4096","centered_gamma05","Centered Gamma(1/2)","inside formal moment assumptions","extreme",0.5,"phi = 0.5",4096,16,256,8,100000,20000,"raw",0.93782,-0.01218,0.000763633731575551,NA,NA,0.06218,1.09756030573384,0.9404,0.00167403464719223,20000,0.101724119832375,3.78605298303242e-05,0.00535428747646756,0.101632276335631,0.0980885312674643,0.1052783117197,0.108677855762733,0.110651518886518,0.101724119832375,0.959038182467627,1,0,0,0,0
"centered_gamma05_phi050_N4096_M16_Q256","centered_gamma05_phi050_N4096","centered_gamma05","fixed_N_distribution_dependence","centered_gamma05_phi_0.5","centered_gamma05, phi = 0.5",0.5,4096,16,256,16,NA,NA,"Fixed N=4096 distribution/dependence block comparison","Centered Gamma(1/2)",5,2.82842712474619,12,"inside formal moment assumptions","extreme","phi = 0.5",0.333333333333333,8,1877132003,"centered_gamma05_phi050_N4096","centered_gamma05","Centered Gamma(1/2)","inside formal moment assumptions","extreme",0.5,"phi = 0.5",4096,16,256,8,100000,20000,"VK_asym_full_oracle",0.94957,-0.00042999999999993,0.000692002999270957,NA,NA,0.05043,1.00134795961642,0.95155,0.00151826541651979,20000,0.106548242012411,3.96957274867318e-05,0.00561382361800026,0.106451693140144,0.102739660632405,0.110279341051287,0.11382933176404,0.115918429509832,0.106548242012411,1.00451920874898,1.0474235824108,0,0,0,0
"centered_gamma05_phi050_N4096_M16_Q256","centered_gamma05_phi050_N4096","centered_gamma05","fixed_N_distribution_dependence","centered_gamma05_phi_0.5","centered_gamma05, phi = 0.5",0.5,4096,16,256,16,NA,NA,"Fixed N=4096 distribution/dependence block comparison","Centered Gamma(1/2)",5,2.82842712474619,12,"inside formal moment assumptions","extreme","phi = 0.5",0.333333333333333,8,1877132003,"centered_gamma05_phi050_N4096","centered_gamma05","Centered Gamma(1/2)","inside formal moment assumptions","extreme",0.5,"phi = 0.5",4096,16,256,8,100000,20000,"VK_leading_oracle",0.94969,-0.000309999999999921,0.000691222857694969,NA,NA,0.05031,1.00052892807739,0.9516,0.00151752166376629,20000,0.106592304197842,3.97125195813925e-05,0.00561619837880123,0.106495533826999,0.10278220235313,0.110324985701905,0.113876396422815,0.11596652680248,0.106592304197842,1.00493461974787,1.04785673617515,0,0,0,0
"centered_gamma05_phi050_N4096_M16_Q256","centered_gamma05_phi050_N4096","centered_gamma05","fixed_N_distribution_dependence","centered_gamma05_phi_0.5","centered_gamma05, phi = 0.5",0.5,4096,16,256,16,NA,NA,"Fixed N=4096 distribution/dependence block comparison","Centered Gamma(1/2)",5,2.82842712474619,12,"inside formal moment assumptions","extreme","phi = 0.5",0.333333333333333,8,1877132003,"centered_gamma05_phi050_N4096","centered_gamma05","Centered Gamma(1/2)","inside formal moment assumptions","extreme",0.5,"phi = 0.5",4096,16,256,8,100000,20000,"VK_asym_full_feasible",0.9493,-0.000699999999999923,0.000693754351337705,NA,NA,0.0507,1.00360804661033,0.9515,0.00151900872281893,20000,0.10657894078475,4.40427799105879e-05,0.00622858966741666,0.106463582991061,0.102327217598896,0.110715394777244,0.114639956180655,0.116983219073978,0.10657894078475,1.00480863169879,1.04772536700613,0,0,0,0
"centered_gamma05_phi050_N4096_M16_Q256","centered_gamma05_phi050_N4096","centered_gamma05","fixed_N_distribution_dependence","centered_gamma05_phi_0.5","centered_gamma05, phi = 0.5",0.5,4096,16,256,16,NA,NA,"Fixed N=4096 distribution/dependence block comparison","Centered Gamma(1/2)",5,2.82842712474619,12,"inside formal moment assumptions","extreme","phi = 0.5",0.333333333333333,8,1877132003,"centered_gamma05_phi050_N4096","centered_gamma05","Centered Gamma(1/2)","inside formal moment assumptions","extreme",0.5,"phi = 0.5",4096,16,256,8,100000,20000,"F_feasible_leading",0.94943,-0.000569999999999959,0.000692911791644507,NA,NA,0.05057,1.0027871664806,0.95155,0.00151826541651979,20000,0.106623158646274,4.40614501749167e-05,0.00623123004151936,0.106507871183791,0.102369851143642,0.110761487962451,0.114687652454049,0.117031776109831,0.106623158646274,1.00522551038615,1.04816005114591,0,0,0,0
"centered_gamma05_phi050_N4096_M64_Q64","centered_gamma05_phi050_N4096","centered_gamma05","fixed_N_distribution_dependence","centered_gamma05_phi_0.5","centered_gamma05, phi = 0.5",0.5,4096,64,64,64,NA,NA,"Fixed N=4096 distribution/dependence block comparison","Centered Gamma(1/2)",5,2.82842712474619,12,"inside formal moment assumptions","extreme","phi = 0.5",0.5,17,1877132003,"centered_gamma05_phi050_N4096","centered_gamma05","Centered Gamma(1/2)","inside formal moment assumptions","extreme",0.5,"phi = 0.5",4096,64,64,17,100000,20000,"VK_asym_full_oracle",0.94869,-0.00130999999999992,0.000697691077053448,NA,NA,0.05131,1.00782585506958,0.9523,0.00150706187663281,20000,0.107535812312815,7.14993623831686e-05,0.0101115367983306,0.107264811460254,0.100597420691522,0.114212614817542,0.120632497489791,0.124612649706899,0.107535812312815,1.01382985825393,1.02264972459061,0,0,0,0
"centered_gamma05_phi050_N4096_M64_Q64","centered_gamma05_phi050_N4096","centered_gamma05","fixed_N_distribution_dependence","centered_gamma05_phi_0.5","centered_gamma05, phi = 0.5",0.5,4096,64,64,64,NA,NA,"Fixed N=4096 distribution/dependence block comparison","Centered Gamma(1/2)",5,2.82842712474619,12,"inside formal moment assumptions","extreme","phi = 0.5",0.5,17,1877132003,"centered_gamma05_phi050_N4096","centered_gamma05","Centered Gamma(1/2)","inside formal moment assumptions","extreme",0.5,"phi = 0.5",4096,64,64,17,100000,20000,"VK_leading_oracle",0.94877,-0.00122999999999995,0.000697176355737915,NA,NA,0.05123,1.00698669948667,0.95235,0.00150631134729843,20000,0.107581851905237,7.15308588608204e-05,0.0101159910729168,0.107309970987012,0.100641076258164,0.114261815035255,0.120684844208308,0.124665246496751,0.107581851905237,1.01426391191899,1.02308755432843,0,0,0,0
"centered_gamma05_phi050_N4096_M64_Q64","centered_gamma05_phi050_N4096","centered_gamma05","fixed_N_distribution_dependence","centered_gamma05_phi_0.5","centered_gamma05, phi = 0.5",0.5,4096,64,64,64,NA,NA,"Fixed N=4096 distribution/dependence block comparison","Centered Gamma(1/2)",5,2.82842712474619,12,"inside formal moment assumptions","extreme","phi = 0.5",0.5,17,1877132003,"centered_gamma05_phi050_N4096","centered_gamma05","Centered Gamma(1/2)","inside formal moment assumptions","extreme",0.5,"phi = 0.5",4096,64,64,17,100000,20000,"VK_asym_full_feasible",0.94836,-0.00163999999999997,0.000699809334033207,NA,NA,0.05164,1.00928514055704,0.9521,0.00151005943591635,20000,0.107669368830012,7.5308770938397e-05,0.010650268522673,0.107343852052822,0.100395053613623,0.114661095955986,0.121493781722541,0.12566337444381,0.107669368830012,1.0150890070155,1.02391982738326,0,0,0,0
"centered_gamma05_phi050_N4096_M64_Q64","centered_gamma05_phi050_N4096","centered_gamma05","fixed_N_distribution_dependence","centered_gamma05_phi_0.5","centered_gamma05, phi = 0.5",0.5,4096,64,64,64,NA,NA,"Fixed N=4096 distribution/dependence block comparison","Centered Gamma(1/2)",5,2.82842712474619,12,"inside formal moment assumptions","extreme","phi = 0.5",0.5,17,1877132003,"centered_gamma05_phi050_N4096","centered_gamma05","Centered Gamma(1/2)","inside formal moment assumptions","extreme",0.5,"phi = 0.5",4096,64,64,17,100000,20000,"F_feasible_leading",0.94843,-0.00156999999999996,0.000699360673043602,NA,NA,0.05157,1.00844476991545,0.9521,0.00151005943591635,20000,0.107715653858775,7.53421454974363e-05,0.0106549883980761,0.107390209203957,0.10043877247418,0.114709744916783,0.121545790446938,0.125717487251647,0.107715653858775,1.0155253746138,1.02435999118451,0,0,0,0
"centered_gamma05_phi050_N4096_M64_Q64","centered_gamma05_phi050_N4096","centered_gamma05","fixed_N_distribution_dependence","centered_gamma05_phi_0.5","centered_gamma05, phi = 0.5",0.5,4096,64,64,64,NA,NA,"Fixed N=4096 distribution/dependence block comparison","Centered Gamma(1/2)",5,2.82842712474619,12,"inside formal moment assumptions","extreme","phi = 0.5",0.5,17,1877132003,"centered_gamma05_phi050_N4096","centered_gamma05","Centered Gamma(1/2)","inside formal moment assumptions","extreme",0.5,"phi = 0.5",4096,64,64,17,100000,20000,"raw",0.9434,-0.00659999999999994,0.000730728677417275,NA,NA,0.0566,1.052751031191,0.9459,0.00159958103889737,20000,0.105154100888126,6.98719255026571e-05,0.00988138246749802,0.104889102461604,0.0983807087154357,0.111679393185029,0.11794088510683,0.12183313462375,0.105154100888126,0.991375476739883,1,0,0,0,0
"centered_gamma05_phi050_N4096_M64_Q64","centered_gamma05_phi050_N4096","centered_gamma05","fixed_N_distribution_dependence","centered_gamma05_phi_0.5","centered_gamma05, phi = 0.5",0.5,4096,64,64,64,NA,NA,"Fixed N=4096 distribution/dependence block comparison","Centered Gamma(1/2)",5,2.82842712474619,12,"inside formal moment assumptions","extreme","phi = 0.5",0.5,17,1877132003,"centered_gamma05_phi050_N4096","centered_gamma05","Centered Gamma(1/2)","inside formal moment assumptions","extreme",0.5,"phi = 0.5",4096,64,64,17,100000,20000,"K_asym_full",0.94581,-0.00418999999999992,0.000715915106000704,NA,NA,0.05419,1.02893390987988,0.94935,0.00155055760131638,20000,0.106396825015359,7.07206165230862e-05,0.0100014055026335,0.106132976759309,0.0995370565779339,0.112996914067784,0.119343832277002,0.123292503595854,0.106396825015359,1.00309167433643,1.01181812327563,0,0,0,0
"centered_gamma05_phi050_N4096_M64_Q64","centered_gamma05_phi050_N4096","centered_gamma05","fixed_N_distribution_dependence","centered_gamma05_phi_0.5","centered_gamma05, phi = 0.5",0.5,4096,64,64,64,NA,NA,"Fixed N=4096 distribution/dependence block comparison","Centered Gamma(1/2)",5,2.82842712474619,12,"inside formal moment assumptions","extreme","phi = 0.5",0.5,17,1877132003,"centered_gamma05_phi050_N4096","centered_gamma05","Centered Gamma(1/2)","inside formal moment assumptions","extreme",0.5,"phi = 0.5",4096,64,64,17,100000,20000,"K_leading",0.94592,-0.00407999999999997,0.000715229708555231,NA,NA,0.05408,1.02807717889746,0.9495,0.00154838222025442,20000,0.106442351731286,7.07517273964924e-05,0.0100058052445444,0.10617858252594,0.0995790887723744,0.113045257685428,0.119394971999959,0.123345767003304,0.106442351731286,1.00352089268669,1.01225107563357,0,0,0,0
"centered_gamma05_phi050_N4096_M64_Q64","centered_gamma05_phi050_N4096","centered_gamma05","fixed_N_distribution_dependence","centered_gamma05_phi_0.5","centered_gamma05, phi = 0.5",0.5,4096,64,64,64,NA,NA,"Fixed N=4096 distribution/dependence block comparison","Centered Gamma(1/2)",5,2.82842712474619,12,"inside formal moment assumptions","extreme","phi = 0.5",0.5,17,1877132003,"centered_gamma05_phi050_N4096","centered_gamma05","Centered Gamma(1/2)","inside formal moment assumptions","extreme",0.5,"phi = 0.5",4096,64,64,17,100000,20000,"V_oracle",0.94554,-0.00445999999999991,0.000717593954824035,NA,NA,0.05446,1.03115438027435,0.94895,0.00155634021826849,20000,0.106279100380907,7.06401755192703e-05,0.00999002942677679,0.106015307192982,0.0994284378914931,0.11287116741886,0.119211464507544,0.123154778367367,0.106279100380907,1.00198178594769,1.0106985793543,0,0,0,0
"centered_gamma05_phi050_N4096_M64_Q64","centered_gamma05_phi050_N4096","centered_gamma05","fixed_N_distribution_dependence","centered_gamma05_phi_0.5","centered_gamma05, phi = 0.5",0.5,4096,64,64,64,NA,NA,"Fixed N=4096 distribution/dependence block comparison","Centered Gamma(1/2)",5,2.82842712474619,12,"inside formal moment assumptions","extreme","phi = 0.5",0.5,17,1877132003,"centered_gamma05_phi050_N4096","centered_gamma05","Centered Gamma(1/2)","inside formal moment assumptions","extreme",0.5,"phi = 0.5",4096,64,64,17,100000,20000,"V_feasible",0.94553,-0.00446999999999997,0.000717656039478524,NA,NA,0.05447,1.03264744439342,0.94885,0.00155778171609504,20000,0.106406050798559,7.43984420830331e-05,0.0105215285813255,0.106083901692844,0.0992234059970276,0.113310624370369,0.120071215269067,0.124185100011835,0.106406050798559,1.00317865349502,1.011905859114,0,0,0,0
"centered_gamma05_phi080_N4096_M64_Q64","centered_gamma05_phi080_N4096","centered_gamma05","fixed_N_distribution_dependence","centered_gamma05_phi_0.8","centered_gamma05, phi = 0.8",0.8,4096,64,64,64,NA,NA,"Fixed N=4096 distribution/dependence block comparison","Centered Gamma(1/2)",5,2.82842712474619,12,"inside formal moment assumptions","extreme","phi = 0.8",0.5,17,1907153003,"centered_gamma05_phi080_N4096","centered_gamma05","Centered Gamma(1/2)","inside formal moment assumptions","extreme",0.8,"phi = 0.8",4096,64,64,17,100000,20000,"V_feasible",0.94616,-0.00383999999999995,0.00071373142287558,NA,NA,0.05384,1.03243891066884,0.94675,0.00158767813961143,20000,0.183583731871632,0.000126596063581395,0.0179033870059855,0.183029246800367,0.171378246164353,0.195217507684183,0.206901292825646,0.214002143583064,0.183583731871632,0.999655993670496,1.03474185617038,0,0,0,0
"centered_gamma05_phi080_N4096_M64_Q64","centered_gamma05_phi080_N4096","centered_gamma05","fixed_N_distribution_dependence","centered_gamma05_phi_0.8","centered_gamma05, phi = 0.8",0.8,4096,64,64,64,NA,NA,"Fixed N=4096 distribution/dependence block comparison","Centered Gamma(1/2)",5,2.82842712474619,12,"inside formal moment assumptions","extreme","phi = 0.8",0.5,17,1907153003,"centered_gamma05_phi080_N4096","centered_gamma05","Centered Gamma(1/2)","inside formal moment assumptions","extreme",0.8,"phi = 0.8",4096,64,64,17,100000,20000,"VK_asym_full_oracle",0.94919,-0.000809999999999977,0.000694466297958368,NA,NA,0.05081,1.00618014749935,0.94995,0.00154183328378914,20000,0.185809333294405,0.000123993792390089,0.0175353702848137,0.185287458568775,0.173861763041195,0.197218637265857,0.20856147421609,0.21552011522047,0.185809333294405,1.01177490954128,1.04728612097978,0,0,0,0
"centered_gamma05_phi080_N4096_M64_Q64","centered_gamma05_phi080_N4096","centered_gamma05","fixed_N_distribution_dependence","centered_gamma05_phi_0.8","centered_gamma05, phi = 0.8",0.8,4096,64,64,64,NA,NA,"Fixed N=4096 distribution/dependence block comparison","Centered Gamma(1/2)",5,2.82842712474619,12,"inside formal moment assumptions","extreme","phi = 0.8",0.5,17,1907153003,"centered_gamma05_phi080_N4096","centered_gamma05","Centered Gamma(1/2)","inside formal moment assumptions","extreme",0.8,"phi = 0.8",4096,64,64,17,100000,20000,"VK_leading_oracle",0.94988,-0.000120000000000009,0.000689985402744145,NA,NA,0.0501200000000001,1.00145107298802,0.9507,0.00153084143528976,20000,0.186260377841754,0.000124304253656137,0.0175792761381174,0.185738145761175,0.174283904646361,0.197694674496134,0.209068387949156,0.216040962047133,0.186260377841754,1.0142309517002,1.04982836515023,0,0,0,0
"centered_gamma05_phi080_N4096_M64_Q64","centered_gamma05_phi080_N4096","centered_gamma05","fixed_N_distribution_dependence","centered_gamma05_phi_0.8","centered_gamma05, phi = 0.8",0.8,4096,64,64,64,NA,NA,"Fixed N=4096 distribution/dependence block comparison","Centered Gamma(1/2)",5,2.82842712474619,12,"inside formal moment assumptions","extreme","phi = 0.8",0.5,17,1907153003,"centered_gamma05_phi080_N4096","centered_gamma05","Centered Gamma(1/2)","inside formal moment assumptions","extreme",0.8,"phi = 0.8",4096,64,64,17,100000,20000,"VK_asym_full_feasible",0.94841,-0.00158999999999998,0.000699488898410833,NA,NA,0.05159,1.01300226233973,0.949,0.00155561884791873,20000,0.185392098438182,0.000127882728677423,0.018085348928889,0.184836755005122,0.173054319913776,0.197138684769001,0.20893756979559,0.216133779167636,0.185392098438182,1.0095029689911,1.04493444000464,0,0,0,0
"centered_gamma05_phi080_N4096_M64_Q64","centered_gamma05_phi080_N4096","centered_gamma05","fixed_N_distribution_dependence","centered_gamma05_phi_0.8","centered_gamma05, phi = 0.8",0.8,4096,64,64,64,NA,NA,"Fixed N=4096 distribution/dependence block comparison","Centered Gamma(1/2)",5,2.82842712474619,12,"inside formal moment assumptions","extreme","phi = 0.8",0.5,17,1907153003,"centered_gamma05_phi080_N4096","centered_gamma05","Centered Gamma(1/2)","inside formal moment assumptions","extreme",0.8,"phi = 0.8",4096,64,64,17,100000,20000,"F_feasible_leading",0.94905,-0.000950000000000006,0.0006953711059571,NA,NA,0.0509500000000001,1.00824112370003,0.9499,0.00154256264054333,20000,0.185843273916982,0.000128203968099051,0.0181307790435725,0.1852891476978,0.173473353794133,0.197617947517075,0.209440751251324,0.216662012541464,0.185843273916982,1.01195972410214,1.04747742215035,0,0,0,0
"centered_gamma05_phi080_N4096_M64_Q64","centered_gamma05_phi080_N4096","centered_gamma05","fixed_N_distribution_dependence","centered_gamma05_phi_0.8","centered_gamma05, phi = 0.8",0.8,4096,64,64,64,NA,NA,"Fixed N=4096 distribution/dependence block comparison","Centered Gamma(1/2)",5,2.82842712474619,12,"inside formal moment assumptions","extreme","phi = 0.8",0.5,17,1907153003,"centered_gamma05_phi080_N4096","centered_gamma05","Centered Gamma(1/2)","inside formal moment assumptions","extreme",0.8,"phi = 0.8",4096,64,64,17,100000,20000,"raw",0.93839,-0.01161,0.000760356547285548,NA,NA,0.0616100000000001,1.10081888311113,0.9385,0.00169879001056634,20000,0.177419837398945,0.000118234535320729,0.0167208883391455,0.176905478315922,0.166018200154489,0.18829375223013,0.199148768898058,0.205740332009836,0.177419837398945,0.966092158840718,1,0,0,0,0
"centered_gamma05_phi080_N4096_M64_Q64","centered_gamma05_phi080_N4096","centered_gamma05","fixed_N_distribution_dependence","centered_gamma05_phi_0.8","centered_gamma05, phi = 0.8",0.8,4096,64,64,64,NA,NA,"Fixed N=4096 distribution/dependence block comparison","Centered Gamma(1/2)",5,2.82842712474619,12,"inside formal moment assumptions","extreme","phi = 0.8",0.5,17,1907153003,"centered_gamma05_phi080_N4096","centered_gamma05","Centered Gamma(1/2)","inside formal moment assumptions","extreme",0.8,"phi = 0.8",4096,64,64,17,100000,20000,"K_asym_full",0.94055,-0.00944999999999996,0.000747767995437087,NA,NA,0.05945,1.08009491650742,0.9408,0.00166876241568415,20000,0.179159723887104,0.000119426597246514,0.016889471353409,0.178645394084517,0.167653514784755,0.190144485877652,0.201093826747302,0.207756749786376,0.179159723887104,0.975566244253744,1.00980660626042,0,0,0,0
"centered_gamma05_phi080_N4096_M64_Q64","centered_gamma05_phi080_N4096","centered_gamma05","fixed_N_distribution_dependence","centered_gamma05_phi_0.8","centered_gamma05, phi = 0.8",0.8,4096,64,64,64,NA,NA,"Fixed N=4096 distribution/dependence block comparison","Centered Gamma(1/2)",5,2.82842712474619,12,"inside formal moment assumptions","extreme","phi = 0.8",0.5,17,1907153003,"centered_gamma05_phi080_N4096","centered_gamma05","Centered Gamma(1/2)","inside formal moment assumptions","extreme",0.8,"phi = 0.8",4096,64,64,17,100000,20000,"K_leading",0.94102,-0.00897999999999999,0.00074499234626941,NA,NA,0.05898,1.07501844053821,0.94115,0.00166413156781548,20000,0.179593779492591,0.000119724172277337,0.0169315548178502,0.179081244541847,0.168057008549694,0.19060307498588,0.201578205842913,0.208267383628208,0.179593779492591,0.977929777684443,1.01225309483717,0,0,0,0
"centered_gamma05_phi080_N4096_M64_Q64","centered_gamma05_phi080_N4096","centered_gamma05","fixed_N_distribution_dependence","centered_gamma05_phi_0.8","centered_gamma05, phi = 0.8",0.8,4096,64,64,64,NA,NA,"Fixed N=4096 distribution/dependence block comparison","Centered Gamma(1/2)",5,2.82842712474619,12,"inside formal moment assumptions","extreme","phi = 0.8",0.5,17,1907153003,"centered_gamma05_phi080_N4096","centered_gamma05","Centered Gamma(1/2)","inside formal moment assumptions","extreme",0.8,"phi = 0.8",4096,64,64,17,100000,20000,"V_oracle",0.94688,-0.0031199999999999,0.000709212701521906,NA,NA,0.0531199999999999,1.02548589873973,0.94765,0.0015749520230788,20000,0.184001407588191,0.00012275023189783,0.0173595042734354,0.183482796576406,0.172170928171911,0.195298737687914,0.206529470390565,0.213400662166447,0.184001407588191,1.00193033480743,1.03709602198792,0,0,0,0
"centered_gamma05_phi080_N4096_M256_Q16","centered_gamma05_phi080_N4096","centered_gamma05","fixed_N_distribution_dependence","centered_gamma05_phi_0.8","centered_gamma05, phi = 0.8",0.8,4096,256,16,256,NA,NA,"Fixed N=4096 distribution/dependence block comparison","Centered Gamma(1/2)",5,2.82842712474619,12,"inside formal moment assumptions","extreme","phi = 0.8",0.666666666666667,17,1907153003,"centered_gamma05_phi080_N4096","centered_gamma05","Centered Gamma(1/2)","inside formal moment assumptions","extreme",0.8,"phi = 0.8",4096,256,16,17,100000,20000,"raw",0.9244,-0.0256,0.000835970334401885,NA,NA,0.0756,1.24164793762576,0.92125,0.00190457918580457,20000,0.176441692036901,0.000232224649868259,0.0328415249361035,0.17534274907158,0.153682980813802,0.197734015487472,0.219272387359378,0.231997418739422,0.176441692036901,0.960765930509479,1,0,0,0,5e-05
"centered_gamma05_phi080_N4096_M256_Q16","centered_gamma05_phi080_N4096","centered_gamma05","fixed_N_distribution_dependence","centered_gamma05_phi_0.8","centered_gamma05, phi = 0.8",0.8,4096,256,16,256,NA,NA,"Fixed N=4096 distribution/dependence block comparison","Centered Gamma(1/2)",5,2.82842712474619,12,"inside formal moment assumptions","extreme","phi = 0.8",0.666666666666667,17,1907153003,"centered_gamma05_phi080_N4096","centered_gamma05","Centered Gamma(1/2)","inside formal moment assumptions","extreme",0.8,"phi = 0.8",4096,256,16,17,100000,20000,"K_asym_full",0.93603,-0.0139699999999999,0.000773807722241126,NA,NA,0.06397,1.13096935898431,0.9343,0.00175190624749157,20000,0.185109310954125,0.000244047446786309,0.0345135209107725,0.183943016762167,0.161179572027768,0.207473904291371,0.23018720999731,0.243424780286925,0.185109310954125,1.00796312556113,1.04912455110333,0,0,0,5e-05
"centered_gamma05_phi080_N4096_M256_Q16","centered_gamma05_phi080_N4096","centered_gamma05","fixed_N_distribution_dependence","centered_gamma05_phi_0.8","centered_gamma05, phi = 0.8",0.8,4096,256,16,256,NA,NA,"Fixed N=4096 distribution/dependence block comparison","Centered Gamma(1/2)",5,2.82842712474619,12,"inside formal moment assumptions","extreme","phi = 0.8",0.666666666666667,17,1907153003,"centered_gamma05_phi080_N4096","centered_gamma05","Centered Gamma(1/2)","inside formal moment assumptions","extreme",0.8,"phi = 0.8",4096,256,16,17,100000,20000,"K_leading",0.93657,-0.0134299999999999,0.000770756998670787,NA,NA,0.06343,1.12524344347334,0.93485,0.00174507130943122,20000,0.185592672088706,0.000244708790569075,0.0346070490454703,0.184422678992332,0.161605095216056,0.20802859858286,0.230794960903992,0.244074016907943,0.185592672088706,1.01059513903185,1.05186404611157,0,0,0,5e-05
"centered_gamma05_phi080_N4096_M256_Q16","centered_gamma05_phi080_N4096","centered_gamma05","fixed_N_distribution_dependence","centered_gamma05_phi_0.8","centered_gamma05, phi = 0.8",0.8,4096,256,16,256,NA,NA,"Fixed N=4096 distribution/dependence block comparison","Centered Gamma(1/2)",5,2.82842712474619,12,"inside formal moment assumptions","extreme","phi = 0.8",0.666666666666667,17,1907153003,"centered_gamma05_phi080_N4096","centered_gamma05","Centered Gamma(1/2)","inside formal moment assumptions","extreme",0.8,"phi = 0.8",4096,256,16,17,100000,20000,"V_oracle",0.92631,-0.02369,0.000826194794827467,NA,NA,0.07369,1.22141687194644,0.92325,0.00188227837340814,20000,0.177936458448171,0.000234258685954259,0.0331291810780212,0.176802729064767,0.154981825747116,0.199398239646223,0.221179130247888,0.23395458087883,0.177936458448171,0.968905280259756,1.00847173020172,0,0,0,5e-05
"centered_gamma05_phi080_N4096_M256_Q16","centered_gamma05_phi080_N4096","centered_gamma05","fixed_N_distribution_dependence","centered_gamma05_phi_0.8","centered_gamma05, phi = 0.8",0.8,4096,256,16,256,NA,NA,"Fixed N=4096 distribution/dependence block comparison","Centered Gamma(1/2)",5,2.82842712474619,12,"inside formal moment assumptions","extreme","phi = 0.8",0.666666666666667,17,1907153003,"centered_gamma05_phi080_N4096","centered_gamma05","Centered Gamma(1/2)","inside formal moment assumptions","extreme",0.8,"phi = 0.8",4096,256,16,17,100000,20000,"F_feasible_leading",0.93854,-0.0114599999999999,0.000759491069071914,NA,NA,0.06146,1.10864254004399,0.9369,0.00171927877320695,20000,0.18707774089597,0.000247395081588348,0.034986947964664,0.185874048642631,0.162836716806142,0.209748980490371,0.232777354365899,0.246254563369784,0.18707774089597,1.0186816830794,1.06028081422414,0,0,0,5e-05
"centered_gamma05_phi080_N4096_M256_Q16","centered_gamma05_phi080_N4096","centered_gamma05","fixed_N_distribution_dependence","centered_gamma05_phi_0.8","centered_gamma05, phi = 0.8",0.8,4096,256,16,256,NA,NA,"Fixed N=4096 distribution/dependence block comparison","Centered Gamma(1/2)",5,2.82842712474619,12,"inside formal moment assumptions","extreme","phi = 0.8",0.666666666666667,17,1907153003,"centered_gamma05_phi080_N4096","centered_gamma05","Centered Gamma(1/2)","inside formal moment assumptions","extreme",0.8,"phi = 0.8",4096,256,16,17,100000,20000,"V_feasible",0.92617,-0.0238299999999999,0.000826916749739658,NA,NA,0.07383,1.22332969935889,0.923,0.00188508620492539,20000,0.177846971996166,0.00023474784792842,0.0331983590278269,0.17668441081862,0.15481255982536,0.199354396503323,0.221179915394477,0.234008350841253,0.177846971996166,0.968418005776406,1.00796455725992,0,0,0,5e-05
"centered_gamma05_phi080_N4096_M256_Q16","centered_gamma05_phi080_N4096","centered_gamma05","fixed_N_distribution_dependence","centered_gamma05_phi_0.8","centered_gamma05, phi = 0.8",0.8,4096,256,16,256,NA,NA,"Fixed N=4096 distribution/dependence block comparison","Centered Gamma(1/2)",5,2.82842712474619,12,"inside formal moment assumptions","extreme","phi = 0.8",0.666666666666667,17,1907153003,"centered_gamma05_phi080_N4096","centered_gamma05","Centered Gamma(1/2)","inside formal moment assumptions","extreme",0.8,"phi = 0.8",4096,256,16,17,100000,20000,"VK_asym_full_oracle",0.93812,-0.01188,0.000761911186425295,NA,NA,0.06188,1.11254165923984,0.93655,0.00172371832820795,20000,0.186678363013245,0.0002461950490834,0.0348172377402853,0.185509209568152,0.162547108241212,0.20924343526422,0.232198491458516,0.245490790824455,0.186678363013245,1.01650697789101,1.05801730224965,0,0,0,5e-05
"centered_gamma05_phi080_N4096_M256_Q16","centered_gamma05_phi080_N4096","centered_gamma05","fixed_N_distribution_dependence","centered_gamma05_phi_0.8","centered_gamma05, phi = 0.8",0.8,4096,256,16,256,NA,NA,"Fixed N=4096 distribution/dependence block comparison","Centered Gamma(1/2)",5,2.82842712474619,12,"inside formal moment assumptions","extreme","phi = 0.8",0.666666666666667,17,1907153003,"centered_gamma05_phi080_N4096","centered_gamma05","Centered Gamma(1/2)","inside formal moment assumptions","extreme",0.8,"phi = 0.8",4096,256,16,17,100000,20000,"VK_leading_oracle",0.93876,-0.0112399999999999,0.000758219377225351,NA,NA,0.06124,1.10690904020146,0.93715,0.0017160984456027,20000,0.187165856125261,0.000246862762989895,0.0349116667465205,0.185997331468628,0.16298757035953,0.209778912839693,0.232794259881732,0.246141768757048,0.187165856125261,1.01916149093709,1.06078021563134,0,0,0,5e-05
"centered_gamma05_phi080_N4096_M256_Q16","centered_gamma05_phi080_N4096","centered_gamma05","fixed_N_distribution_dependence","centered_gamma05_phi_0.8","centered_gamma05, phi = 0.8",0.8,4096,256,16,256,NA,NA,"Fixed N=4096 distribution/dependence block comparison","Centered Gamma(1/2)",5,2.82842712474619,12,"inside formal moment assumptions","extreme","phi = 0.8",0.666666666666667,17,1907153003,"centered_gamma05_phi080_N4096","centered_gamma05","Centered Gamma(1/2)","inside formal moment assumptions","extreme",0.8,"phi = 0.8",4096,256,16,17,100000,20000,"VK_asym_full_feasible",0.93788,-0.0121199999999999,0.000763289627860879,NA,NA,0.06212,1.11428398017233,0.93615,0.00172877380677751,20000,0.186590152589744,0.00024672502502075,0.0348921876561185,0.185393988223513,0.162419257662064,0.209201851507418,0.232176957310683,0.245611877357196,0.186590152589744,1.01602665167878,1.05751736132025,0,0,0,5e-05
"centered_gamma05_phi080_N4096_M16_Q256","centered_gamma05_phi080_N4096","centered_gamma05","fixed_N_distribution_dependence","centered_gamma05_phi_0.8","centered_gamma05, phi = 0.8",0.8,4096,16,256,16,NA,NA,"Fixed N=4096 distribution/dependence block comparison","Centered Gamma(1/2)",5,2.82842712474619,12,"inside formal moment assumptions","extreme","phi = 0.8",0.333333333333333,8,1907153003,"centered_gamma05_phi080_N4096","centered_gamma05","Centered Gamma(1/2)","inside formal moment assumptions","extreme",0.8,"phi = 0.8",4096,16,256,8,100000,20000,"K_asym_full",0.9064,-0.0436,0.000921081103920822,NA,NA,0.0936,1.36651673793175,0.9031,0.00209177424690142,20000,0.157187025563325,5.97422106051856e-05,0.00844882444840032,0.15694322083568,0.151381763475677,0.162711219637417,0.168102499499828,0.171645198115426,0.157187025563325,0.855919806344756,1.00063046459729,0,0,0,0
"centered_gamma05_phi080_N4096_M16_Q256","centered_gamma05_phi080_N4096","centered_gamma05","fixed_N_distribution_dependence","centered_gamma05_phi_0.8","centered_gamma05, phi = 0.8",0.8,4096,16,256,16,NA,NA,"Fixed N=4096 distribution/dependence block comparison","Centered Gamma(1/2)",5,2.82842712474619,12,"inside formal moment assumptions","extreme","phi = 0.8",0.333333333333333,8,1907153003,"centered_gamma05_phi080_N4096","centered_gamma05","Centered Gamma(1/2)","inside formal moment assumptions","extreme",0.8,"phi = 0.8",4096,16,256,8,100000,20000,"K_leading",0.90718,-0.04282,0.000917629814249733,NA,NA,0.09282,1.3602071109708,0.9039,0.00208404402544668,20000,0.157554669332657,5.98847325604083e-05,0.00846898009660151,0.157309952909584,0.151736619686615,0.163092499463106,0.168495854553851,0.172047747157553,0.157554669332657,0.857921711926484,1.00297083304943,0,0,0,0
"centered_gamma05_phi080_N4096_M16_Q256","centered_gamma05_phi080_N4096","centered_gamma05","fixed_N_distribution_dependence","centered_gamma05_phi_0.8","centered_gamma05, phi = 0.8",0.8,4096,16,256,16,NA,NA,"Fixed N=4096 distribution/dependence block comparison","Centered Gamma(1/2)",5,2.82842712474619,12,"inside formal moment assumptions","extreme","phi = 0.8",0.333333333333333,8,1907153003,"centered_gamma05_phi080_N4096","centered_gamma05","Centered Gamma(1/2)","inside formal moment assumptions","extreme",0.8,"phi = 0.8",4096,16,256,8,100000,20000,"V_oracle",0.95007,7.00000000000145e-05,0.000688745200346253,NA,NA,0.04993,0.999944623243687,0.9497,0.00154547581669853,20000,0.184078712825086,7.0233987555418e-05,0.00993258577404152,0.183797477015416,0.177268188213518,0.190586953484684,0.196918371988622,0.201072235254389,0.184078712825086,1.00235127974965,1.17181915795227,0,0,0,0
"centered_gamma05_phi080_N4096_M16_Q256","centered_gamma05_phi080_N4096","centered_gamma05","fixed_N_distribution_dependence","centered_gamma05_phi_0.8","centered_gamma05, phi = 0.8",0.8,4096,16,256,16,NA,NA,"Fixed N=4096 distribution/dependence block comparison","Centered Gamma(1/2)",5,2.82842712474619,12,"inside formal moment assumptions","extreme","phi = 0.8",0.333333333333333,8,1907153003,"centered_gamma05_phi080_N4096","centered_gamma05","Centered Gamma(1/2)","inside formal moment assumptions","extreme",0.8,"phi = 0.8",4096,16,256,8,100000,20000,"V_feasible",0.93627,-0.0137299999999999,0.000772453798618403,NA,NA,0.06373,1.11751956081504,0.93565,0.00173506595695956,20000,0.174102618038687,6.98143436655261e-05,0.00987323916599631,0.173822894941534,0.167299188327833,0.180539191684063,0.186836793025053,0.191013968914272,0.174102618038687,0.948029130150786,1.10831274369699,0,0,0,0
"centered_gamma05_phi080_N4096_M16_Q256","centered_gamma05_phi080_N4096","centered_gamma05","fixed_N_distribution_dependence","centered_gamma05_phi_0.8","centered_gamma05, phi = 0.8",0.8,4096,16,256,16,NA,NA,"Fixed N=4096 distribution/dependence block comparison","Centered Gamma(1/2)",5,2.82842712474619,12,"inside formal moment assumptions","extreme","phi = 0.8",0.333333333333333,8,1907153003,"centered_gamma05_phi080_N4096","centered_gamma05","Centered Gamma(1/2)","inside formal moment assumptions","extreme",0.8,"phi = 0.8",4096,16,256,8,100000,20000,"VK_asym_full_oracle",0.95016,0.000160000000000049,0.000688156772835958,NA,NA,0.04984,0.998696862483345,0.9497,0.00154547581669853,20000,0.184195199055545,7.02797591225192e-05,0.0099390588511381,0.183913048443272,0.177380383081916,0.190707450665212,0.197043904758221,0.201200390259035,0.184195199055545,1.00298557428802,1.17256069288804,0,0,0,0
"centered_gamma05_phi080_N4096_M16_Q256","centered_gamma05_phi080_N4096","centered_gamma05","fixed_N_distribution_dependence","centered_gamma05_phi_0.8","centered_gamma05, phi = 0.8",0.8,4096,16,256,16,NA,NA,"Fixed N=4096 distribution/dependence block comparison","Centered Gamma(1/2)",5,2.82842712474619,12,"inside formal moment assumptions","extreme","phi = 0.8",0.333333333333333,8,1907153003,"centered_gamma05_phi080_N4096","centered_gamma05","Centered Gamma(1/2)","inside formal moment assumptions","extreme",0.8,"phi = 0.8",4096,16,256,8,100000,20000,"VK_leading_oracle",0.9507,0.000700000000000034,0.000684613102416248,NA,NA,0.0493,0.994085572716868,0.95045,0.00153451616967694,20000,0.184627619219601,7.04496988424958e-05,0.00996309195681577,0.184343034337669,0.177797538299592,0.191153772697197,0.197506868291714,0.201676131583386,0.184627619219601,1.00534020236086,1.17531341874508,0,0,0,0
"centered_gamma05_phi080_N4096_M16_Q256","centered_gamma05_phi080_N4096","centered_gamma05","fixed_N_distribution_dependence","centered_gamma05_phi_0.8","centered_gamma05, phi = 0.8",0.8,4096,16,256,16,NA,NA,"Fixed N=4096 distribution/dependence block comparison","Centered Gamma(1/2)",5,2.82842712474619,12,"inside formal moment assumptions","extreme","phi = 0.8",0.333333333333333,8,1907153003,"centered_gamma05_phi080_N4096","centered_gamma05","Centered Gamma(1/2)","inside formal moment assumptions","extreme",0.8,"phi = 0.8",4096,16,256,8,100000,20000,"VK_asym_full_feasible",0.93642,-0.0135799999999999,0.000771606010863057,NA,NA,0.06358,1.11612508653668,0.93585,0.00173255270482603,20000,0.174212816286466,6.98596168925441e-05,0.00987964176716245,0.173932731199226,0.167404887595601,0.18065291755856,0.186955833394756,0.191134605861329,0.174212816286466,0.94862918516525,1.10901425022068,0,0,0,0
"centered_gamma05_phi080_N4096_M16_Q256","centered_gamma05_phi080_N4096","centered_gamma05","fixed_N_distribution_dependence","centered_gamma05_phi_0.8","centered_gamma05, phi = 0.8",0.8,4096,16,256,16,NA,NA,"Fixed N=4096 distribution/dependence block comparison","Centered Gamma(1/2)",5,2.82842712474619,12,"inside formal moment assumptions","extreme","phi = 0.8",0.333333333333333,8,1907153003,"centered_gamma05_phi080_N4096","centered_gamma05","Centered Gamma(1/2)","inside formal moment assumptions","extreme",0.8,"phi = 0.8",4096,16,256,8,100000,20000,"F_feasible_leading",0.937,-0.0129999999999999,0.000768316341099159,NA,NA,0.0629999999999999,1.11097159463839,0.93645,0.00172498402166513,20000,0.174621894467582,7.00277024672417e-05,0.00990341265710011,0.174340338208541,0.167796639588042,0.181075597501527,0.187399157257558,0.191582444617828,0.174621894467582,0.950856710727914,1.1116183843021,0,0,0,0
"centered_gamma05_phi080_N4096_M16_Q256","centered_gamma05_phi080_N4096","centered_gamma05","fixed_N_distribution_dependence","centered_gamma05_phi_0.8","centered_gamma05, phi = 0.8",0.8,4096,16,256,16,NA,NA,"Fixed N=4096 distribution/dependence block comparison","Centered Gamma(1/2)",5,2.82842712474619,12,"inside formal moment assumptions","extreme","phi = 0.8",0.333333333333333,8,1907153003,"centered_gamma05_phi080_N4096","centered_gamma05","Centered Gamma(1/2)","inside formal moment assumptions","extreme",0.8,"phi = 0.8",4096,16,256,8,100000,20000,"raw",0.90616,-0.04384,0.000922139113149421,NA,NA,0.09384,1.36822404875648,0.9029,0.00209369995462578,20000,0.157087987148767,5.97038207877443e-05,0.00844339530835208,0.15684462156945,0.15128614398921,0.162608719557548,0.167996537257262,0.171537177360709,0.157087987148767,0.855380519210179,1,0,0,0,0
"student_t5_phi080_N4096_M64_Q64","student_t5_phi080_N4096","student_t5","fixed_N_distribution_dependence","student_t5_phi_0.8","student_t5, phi = 0.8",0.8,4096,64,64,64,NA,NA,"Fixed N=4096 distribution/dependence block comparison","Standardized t(5)",6,0,6,"outside formal 8+delta moment assumption","extreme","phi = 0.8",0.5,17,1907153104,"student_t5_phi080_N4096","student_t5","Standardized t(5)","outside formal 8+delta moment assumption","extreme",0.8,"phi = 0.8",4096,64,64,17,100000,20000,"V_feasible",0.94485,-0.00514999999999999,0.000721862019363812,NA,NA,0.05515,1.03941052015416,0.94515,0.00160999188662552,20000,0.183556947178454,0.000122238937093181,0.0172871962687248,0.183121543820712,0.171729515295822,0.194861331845289,0.206050273227473,0.212512633945675,0.183556947178454,0.999510144804688,1.03476961675967,0,0,0,0
"student_t5_phi080_N4096_M64_Q64","student_t5_phi080_N4096","student_t5","fixed_N_distribution_dependence","student_t5_phi_0.8","student_t5, phi = 0.8",0.8,4096,64,64,64,NA,NA,"Fixed N=4096 distribution/dependence block comparison","Standardized t(5)",6,0,6,"outside formal 8+delta moment assumption","extreme","phi = 0.8",0.5,17,1907153104,"student_t5_phi080_N4096","student_t5","Standardized t(5)","outside formal 8+delta moment assumption","extreme",0.8,"phi = 0.8",4096,64,64,17,100000,20000,"VK_asym_full_oracle",0.94783,-0.00217000000000001,0.000703194788803217,NA,NA,0.05217,1.01313503012109,0.94775,0.00157353006803175,20000,0.18577867283721,0.000119513541862919,0.0169017671789785,0.185402979972943,0.174180656479612,0.196869080665002,0.207725660706121,0.214172599762987,0.18577867283721,1.0116079562416,1.04729419969589,0,0,0,0
"student_t5_phi080_N4096_M64_Q64","student_t5_phi080_N4096","student_t5","fixed_N_distribution_dependence","student_t5_phi_0.8","student_t5, phi = 0.8",0.8,4096,64,64,64,NA,NA,"Fixed N=4096 distribution/dependence block comparison","Standardized t(5)",6,0,6,"outside formal 8+delta moment assumption","extreme","phi = 0.8",0.5,17,1907153104,"student_t5_phi080_N4096","student_t5","Standardized t(5)","outside formal 8+delta moment assumption","extreme",0.8,"phi = 0.8",4096,64,64,17,100000,20000,"VK_leading_oracle",0.94832,-0.0016799999999999,0.000700065551216455,NA,NA,0.0516799999999999,1.0082896382484,0.9482,0.00156711135532865,20000,0.186238124029613,0.000119818028551962,0.0169448280994992,0.185860759084715,0.174606293384997,0.197358547821858,0.208242469166855,0.21470120083556,0.186238124029613,1.01410977453237,1.0498842740112,0,0,0,0
"student_t5_phi080_N4096_M64_Q64","student_t5_phi080_N4096","student_t5","fixed_N_distribution_dependence","student_t5_phi_0.8","student_t5, phi = 0.8",0.8,4096,64,64,64,NA,NA,"Fixed N=4096 distribution/dependence block comparison","Standardized t(5)",6,0,6,"outside formal 8+delta moment assumption","extreme","phi = 0.8",0.5,17,1907153104,"student_t5_phi080_N4096","student_t5","Standardized t(5)","outside formal 8+delta moment assumption","extreme",0.8,"phi = 0.8",4096,64,64,17,100000,20000,"VK_asym_full_feasible",0.94722,-0.00278,0.000707066274121458,NA,NA,0.05278,1.01992721206425,0.9475,0.00157708195728694,20000,0.18535912869387,0.000123475465306408,0.0174620677656651,0.184917402208674,0.173415475642824,0.196773681395147,0.208074642714493,0.214620644471384,0.18535912869387,1.00932344108754,1.04492909426626,0,0,0,0
"student_t5_phi080_N4096_M64_Q64","student_t5_phi080_N4096","student_t5","fixed_N_distribution_dependence","student_t5_phi_0.8","student_t5, phi = 0.8",0.8,4096,64,64,64,NA,NA,"Fixed N=4096 distribution/dependence block comparison","Standardized t(5)",6,0,6,"outside formal 8+delta moment assumption","extreme","phi = 0.8",0.5,17,1907153104,"student_t5_phi080_N4096","student_t5","Standardized t(5)","outside formal 8+delta moment assumption","extreme",0.8,"phi = 0.8",4096,64,64,17,100000,20000,"F_feasible_leading",0.94776,-0.00223999999999991,0.000703640408163147,NA,NA,0.05224,1.01504933608804,0.94775,0.00157353006803175,20000,0.18581869312944,0.000123791009013593,0.0175066923846873,0.185387703343969,0.173839734065903,0.197258886481647,0.208592292443214,0.215171232287832,0.18581869312944,1.01182587601362,1.04751980696976,0,0,0,0
"student_t5_phi080_N4096_M64_Q64","student_t5_phi080_N4096","student_t5","fixed_N_distribution_dependence","student_t5_phi_0.8","student_t5, phi = 0.8",0.8,4096,64,64,64,NA,NA,"Fixed N=4096 distribution/dependence block comparison","Standardized t(5)",6,0,6,"outside formal 8+delta moment assumption","extreme","phi = 0.8",0.5,17,1907153104,"student_t5_phi080_N4096","student_t5","Standardized t(5)","outside formal 8+delta moment assumption","extreme",0.8,"phi = 0.8",4096,64,64,17,100000,20000,"raw",0.93686,-0.0131399999999999,0.000769112088059991,NA,NA,0.06314,1.10833599700223,0.93745,0.00171227184611556,20000,0.177389192923207,0.000113968740095764,0.0161176137930004,0.177029517028029,0.166324788583628,0.187931712399182,0.19834894479924,0.204396751606013,0.177389192923207,0.965925292563773,1,0,0,0,0
"student_t5_phi080_N4096_M64_Q64","student_t5_phi080_N4096","student_t5","fixed_N_distribution_dependence","student_t5_phi_0.8","student_t5, phi = 0.8",0.8,4096,64,64,64,NA,NA,"Fixed N=4096 distribution/dependence block comparison","Standardized t(5)",6,0,6,"outside formal 8+delta moment assumption","extreme","phi = 0.8",0.5,17,1907153104,"student_t5_phi080_N4096","student_t5","Standardized t(5)","outside formal 8+delta moment assumption","extreme",0.8,"phi = 0.8",4096,64,64,17,100000,20000,"K_asym_full",0.93917,-0.01083,0.000755841988116564,NA,NA,0.0608300000000001,1.08756071016606,0.93965,0.00168386278389897,20000,0.179122963713703,0.000115112349648088,0.016279344606896,0.178751767423893,0.16796133996971,0.189774134628516,0.200290346189733,0.20640964532344,0.179122963713703,0.975366076584777,1.0097738242219,0,0,0,0
"student_t5_phi080_N4096_M64_Q64","student_t5_phi080_N4096","student_t5","fixed_N_distribution_dependence","student_t5_phi_0.8","student_t5, phi = 0.8",0.8,4096,64,64,64,NA,NA,"Fixed N=4096 distribution/dependence block comparison","Standardized t(5)",6,0,6,"outside formal 8+delta moment assumption","extreme","phi = 0.8",0.5,17,1907153104,"student_t5_phi080_N4096","student_t5","Standardized t(5)","outside formal 8+delta moment assumption","extreme",0.8,"phi = 0.8",4096,64,64,17,100000,20000,"K_leading",0.93966,-0.0103399999999999,0.000752987944126597,NA,NA,0.0603399999999999,1.08235937207249,0.94015,0.00167731895446275,20000,0.179565047239348,0.000115404137172635,0.0163206095943505,0.179194287039591,0.168378092099529,0.190249104744254,0.20078854983806,0.206933390195457,0.179565047239348,0.97777332390244,1.01226599140729,0,0,0,0
"student_t5_phi080_N4096_M64_Q64","student_t5_phi080_N4096","student_t5","fixed_N_distribution_dependence","student_t5_phi_0.8","student_t5, phi = 0.8",0.8,4096,64,64,64,NA,NA,"Fixed N=4096 distribution/dependence block comparison","Standardized t(5)",6,0,6,"outside formal 8+delta moment assumption","extreme","phi = 0.8",0.5,17,1907153104,"student_t5_phi080_N4096","student_t5","Standardized t(5)","outside formal 8+delta moment assumption","extreme",0.8,"phi = 0.8",4096,64,64,17,100000,20000,"V_oracle",0.94565,-0.00434999999999997,0.000716910576710931,NA,NA,0.05435,1.03248858956636,0.9458,0.00160097407849097,20000,0.183976852894065,0.000118320289614505,0.0167330158276745,0.183600407514917,0.172495342878548,0.194939631122296,0.205722433054411,0.212084950351788,0.183976852894065,1.00179662880361,1.03713676048862,0,0,0,0
"student_t5_phi080_N4096_M16_Q256","student_t5_phi080_N4096","student_t5","fixed_N_distribution_dependence","student_t5_phi_0.8","student_t5, phi = 0.8",0.8,4096,16,256,16,NA,NA,"Fixed N=4096 distribution/dependence block comparison","Standardized t(5)",6,0,6,"outside formal 8+delta moment assumption","extreme","phi = 0.8",0.333333333333333,8,1907153104,"student_t5_phi080_N4096","student_t5","Standardized t(5)","outside formal 8+delta moment assumption","extreme",0.8,"phi = 0.8",4096,16,256,8,100000,20000,"VK_asym_full_oracle",0.9487,-0.00129999999999997,0.000697626762674713,NA,NA,0.0513,1.00480254285184,0.9479,0.00157139412624586,20000,0.184290808475149,6.54621787970634e-05,0.00925775010772995,0.184071621556094,0.177992631382279,0.190357248463733,0.196122510233473,0.199876364961002,0.184290808475149,1.00350618974987,1.17256067989262,0,0,0,0
"student_t5_phi080_N4096_M16_Q256","student_t5_phi080_N4096","student_t5","fixed_N_distribution_dependence","student_t5_phi_0.8","student_t5, phi = 0.8",0.8,4096,16,256,16,NA,NA,"Fixed N=4096 distribution/dependence block comparison","Standardized t(5)",6,0,6,"outside formal 8+delta moment assumption","extreme","phi = 0.8",0.333333333333333,8,1907153104,"student_t5_phi080_N4096","student_t5","Standardized t(5)","outside formal 8+delta moment assumption","extreme",0.8,"phi = 0.8",4096,16,256,8,100000,20000,"VK_leading_oracle",0.94924,-0.000759999999999983,0.000694142797989002,NA,NA,0.05076,1.00008157275561,0.9483,0.00156568052296757,20000,0.18473121807658,6.56253335353165e-05,0.00928082367209025,0.184512521291756,0.178418331234508,0.19081148424592,0.196594629431789,0.200356049214279,0.18473121807658,1.005904322162,1.17536281086137,0,0,0,0
"student_t5_phi080_N4096_M16_Q256","student_t5_phi080_N4096","student_t5","fixed_N_distribution_dependence","student_t5_phi_0.8","student_t5, phi = 0.8",0.8,4096,16,256,16,NA,NA,"Fixed N=4096 distribution/dependence block comparison","Standardized t(5)",6,0,6,"outside formal 8+delta moment assumption","extreme","phi = 0.8",0.333333333333333,8,1907153104,"student_t5_phi080_N4096","student_t5","Standardized t(5)","outside formal 8+delta moment assumption","extreme",0.8,"phi = 0.8",4096,16,256,8,100000,20000,"VK_asym_full_feasible",0.93539,-0.0146099999999999,0.000777403035111132,NA,NA,0.0646099999999999,1.12292602075083,0.9356,0.00173569352133376,20000,0.174299944251886,6.55302595961384e-05,0.00926737818666886,0.174077392917855,0.167996873754092,0.180387532920988,0.186175004590872,0.189959880514593,0.174299944251886,0.949103617142205,1.10899324186749,0,0,0,0
"student_t5_phi080_N4096_M16_Q256","student_t5_phi080_N4096","student_t5","fixed_N_distribution_dependence","student_t5_phi_0.8","student_t5, phi = 0.8",0.8,4096,16,256,16,NA,NA,"Fixed N=4096 distribution/dependence block comparison","Standardized t(5)",6,0,6,"outside formal 8+delta moment assumption","extreme","phi = 0.8",0.333333333333333,8,1907153104,"student_t5_phi080_N4096","student_t5","Standardized t(5)","outside formal 8+delta moment assumption","extreme",0.8,"phi = 0.8",4096,16,256,8,100000,20000,"F_feasible_leading",0.93606,-0.01394,0.000773638652085067,NA,NA,0.06394,1.1176500586208,0.9361,0.00172940437723512,20000,0.174716547265505,6.56921931199578e-05,0.00929027904522768,0.174493273783337,0.168398266699929,0.180819341191994,0.186621324307863,0.190412044877073,0.174716547265505,0.951372117162875,1.11164390207641,0,0,0,0
"student_t5_phi080_N4096_M16_Q256","student_t5_phi080_N4096","student_t5","fixed_N_distribution_dependence","student_t5_phi_0.8","student_t5, phi = 0.8",0.8,4096,16,256,16,NA,NA,"Fixed N=4096 distribution/dependence block comparison","Standardized t(5)",6,0,6,"outside formal 8+delta moment assumption","extreme","phi = 0.8",0.333333333333333,8,1907153104,"student_t5_phi080_N4096","student_t5","Standardized t(5)","outside formal 8+delta moment assumption","extreme",0.8,"phi = 0.8",4096,16,256,8,100000,20000,"raw",0.90508,-0.04492,0.00092687751941667,NA,NA,0.09492,1.37647673008947,0.90575,0.00206599779162515,20000,0.157169527884925,5.55173603797786e-05,0.00785134039962376,0.156980911255476,0.151820990742111,0.162317393502068,0.167211108614495,0.170401569031046,0.157169527884925,0.855824527428103,1,0,0,0,0
"student_t5_phi080_N4096_M16_Q256","student_t5_phi080_N4096","student_t5","fixed_N_distribution_dependence","student_t5_phi_0.8","student_t5, phi = 0.8",0.8,4096,16,256,16,NA,NA,"Fixed N=4096 distribution/dependence block comparison","Standardized t(5)",6,0,6,"outside formal 8+delta moment assumption","extreme","phi = 0.8",0.333333333333333,8,1907153104,"student_t5_phi080_N4096","student_t5","Standardized t(5)","outside formal 8+delta moment assumption","extreme",0.8,"phi = 0.8",4096,16,256,8,100000,20000,"K_asym_full",0.90526,-0.04474,0.000926090343325099,NA,NA,0.09474,1.3748711392856,0.90585,0.00206501546604378,20000,0.157262169171098,5.55510175920195e-05,0.00785610024822604,0.157073107476552,0.151910062426831,0.162412996535538,0.167309567551328,0.170501728897126,0.157262169171098,0.856328980715116,1.00058943541678,0,0,0,0
"student_t5_phi080_N4096_M16_Q256","student_t5_phi080_N4096","student_t5","fixed_N_distribution_dependence","student_t5_phi_0.8","student_t5, phi = 0.8",0.8,4096,16,256,16,NA,NA,"Fixed N=4096 distribution/dependence block comparison","Standardized t(5)",6,0,6,"outside formal 8+delta moment assumption","extreme","phi = 0.8",0.333333333333333,8,1907153104,"student_t5_phi080_N4096","student_t5","Standardized t(5)","outside formal 8+delta moment assumption","extreme",0.8,"phi = 0.8",4096,16,256,8,100000,20000,"K_leading",0.90612,-0.0438799999999999,0.000922315269308711,NA,NA,0.09388,1.3684114367491,0.9066,0.0020576253303262,20000,0.157636551765223,5.56870546874839e-05,0.0078753387987652,0.157445939415334,0.152270319228591,0.162799510939059,0.167707459725805,0.170906846727009,0.157636551765223,0.858367580760592,1.00297146582154,0,0,0,0
"student_t5_phi080_N4096_M16_Q256","student_t5_phi080_N4096","student_t5","fixed_N_distribution_dependence","student_t5_phi_0.8","student_t5, phi = 0.8",0.8,4096,16,256,16,NA,NA,"Fixed N=4096 distribution/dependence block comparison","Standardized t(5)",6,0,6,"outside formal 8+delta moment assumption","extreme","phi = 0.8",0.333333333333333,8,1907153104,"student_t5_phi080_N4096","student_t5","Standardized t(5)","outside formal 8+delta moment assumption","extreme",0.8,"phi = 0.8",4096,16,256,8,100000,20000,"V_oracle",0.94856,-0.00144,0.000698526494844684,NA,NA,0.05144,1.00597596316478,0.9477,0.00157424124580701,20000,0.184181830638589,6.54218155267759e-05,0.00925204187930372,0.183962064909097,0.17788726084305,0.19024513987226,0.196006570141685,0.199757804688709,0.184181830638589,1.00291278015751,1.17186730225112,0,0,0,0
"student_t5_phi080_N4096_M16_Q256","student_t5_phi080_N4096","student_t5","fixed_N_distribution_dependence","student_t5_phi_0.8","student_t5, phi = 0.8",0.8,4096,16,256,16,NA,NA,"Fixed N=4096 distribution/dependence block comparison","Standardized t(5)",6,0,6,"outside formal 8+delta moment assumption","extreme","phi = 0.8",0.333333333333333,8,1907153104,"student_t5_phi080_N4096","student_t5","Standardized t(5)","outside formal 8+delta moment assumption","extreme",0.8,"phi = 0.8",4096,16,256,8,100000,20000,"V_feasible",0.93521,-0.01479,0.000778410276782109,NA,NA,0.06479,1.1242373870606,0.9354,0.00173820079392457,20000,0.174196857296411,6.54901965793988e-05,0.00926171242050658,0.173974468866621,0.167897549452878,0.180280901560191,0.186064765936861,0.18984799085995,0.174196857296411,0.948542284763467,1.10833734528969,0,0,0,0
"student_t5_phi080_N4096_M256_Q16","student_t5_phi080_N4096","student_t5","fixed_N_distribution_dependence","student_t5_phi_0.8","student_t5, phi = 0.8",0.8,4096,256,16,256,NA,NA,"Fixed N=4096 distribution/dependence block comparison","Standardized t(5)",6,0,6,"outside formal 8+delta moment assumption","extreme","phi = 0.8",0.666666666666667,17,1907153104,"student_t5_phi080_N4096","student_t5","Standardized t(5)","outside formal 8+delta moment assumption","extreme",0.8,"phi = 0.8",4096,256,16,17,100000,20000,"raw",0.92316,-0.02684,0.00084223283241631,NA,NA,0.07684,1.25553839135586,0.9235,0.0018794646844248,20000,0.176573941193878,0.000234408687362036,0.0331503944805466,0.175125496905556,0.153434724799413,0.198320331602567,0.219625284536419,0.232771137614213,0.176573941193878,0.961486057838204,1,0,0,0,2e-05
"student_t5_phi080_N4096_M256_Q16","student_t5_phi080_N4096","student_t5","fixed_N_distribution_dependence","student_t5_phi_0.8","student_t5, phi = 0.8",0.8,4096,256,16,256,NA,NA,"Fixed N=4096 distribution/dependence block comparison","Standardized t(5)",6,0,6,"outside formal 8+delta moment assumption","extreme","phi = 0.8",0.666666666666667,17,1907153104,"student_t5_phi080_N4096","student_t5","Standardized t(5)","outside formal 8+delta moment assumption","extreme",0.8,"phi = 0.8",4096,256,16,17,100000,20000,"K_asym_full",0.93502,-0.01498,0.000779471613338164,NA,NA,0.06498,1.14372381510745,0.9351,0.00174195278351625,20000,0.185247862478134,0.000246317740162422,0.034834588879079,0.183720308746118,0.160934251121903,0.20807953497525,0.230485633324976,0.244209512954331,0.185247862478134,1.00871757073988,1.04912345063835,0,0,0,2e-05
"student_t5_phi080_N4096_M256_Q16","student_t5_phi080_N4096","student_t5","fixed_N_distribution_dependence","student_t5_phi_0.8","student_t5, phi = 0.8",0.8,4096,256,16,256,NA,NA,"Fixed N=4096 distribution/dependence block comparison","Standardized t(5)",6,0,6,"outside formal 8+delta moment assumption","extreme","phi = 0.8",0.666666666666667,17,1907153104,"student_t5_phi080_N4096","student_t5","Standardized t(5)","outside formal 8+delta moment assumption","extreme",0.8,"phi = 0.8",4096,256,16,17,100000,20000,"K_leading",0.93566,-0.0143399999999999,0.000775888937928619,NA,NA,0.06434,1.13783166716625,0.93565,0.00173506595695956,20000,0.18574058634633,0.000246996234162085,0.0349305424207101,0.184209248523417,0.161372252428775,0.20863547020827,0.231101872062908,0.244859544656799,0.18574058634633,1.01140056646638,1.05191391827397,0,0,0,2e-05
"student_t5_phi080_N4096_M256_Q16","student_t5_phi080_N4096","student_t5","fixed_N_distribution_dependence","student_t5_phi_0.8","student_t5, phi = 0.8",0.8,4096,256,16,256,NA,NA,"Fixed N=4096 distribution/dependence block comparison","Standardized t(5)",6,0,6,"outside formal 8+delta moment assumption","extreme","phi = 0.8",0.666666666666667,17,1907153104,"student_t5_phi080_N4096","student_t5","Standardized t(5)","outside formal 8+delta moment assumption","extreme",0.8,"phi = 0.8",4096,256,16,17,100000,20000,"V_oracle",0.92525,-0.0247499999999999,0.000831639570366875,NA,NA,0.07475,1.23508099849214,0.9255,0.00185674109665295,20000,0.178071201040763,0.000236459697111087,0.0334404510609133,0.176620265104736,0.154705159649352,0.200016451383552,0.221475523400517,0.234769507911415,0.178071201040763,0.969638984923639,1.00847950630066,0,0,0,2e-05
"student_t5_phi080_N4096_M256_Q16","student_t5_phi080_N4096","student_t5","fixed_N_distribution_dependence","student_t5_phi_0.8","student_t5, phi = 0.8",0.8,4096,256,16,256,NA,NA,"Fixed N=4096 distribution/dependence block comparison","Standardized t(5)",6,0,6,"outside formal 8+delta moment assumption","extreme","phi = 0.8",0.666666666666667,17,1907153104,"student_t5_phi080_N4096","student_t5","Standardized t(5)","outside formal 8+delta moment assumption","extreme",0.8,"phi = 0.8",4096,256,16,17,100000,20000,"V_feasible",0.92505,-0.0249499999999999,0.000832661380754506,NA,NA,0.07495,1.23699733448202,0.92525,0.00185960261211905,20000,0.177982263463553,0.000236966497615824,0.0335121234756351,0.176535034453848,0.15458543684697,0.19995313085909,0.221580942983479,0.234798626425233,0.177982263463553,0.969154699190831,1.0079758216878,0,0,0,2e-05
"student_t5_phi080_N4096_M256_Q16","student_t5_phi080_N4096","student_t5","fixed_N_distribution_dependence","student_t5_phi_0.8","student_t5, phi = 0.8",0.8,4096,256,16,256,NA,NA,"Fixed N=4096 distribution/dependence block comparison","Standardized t(5)",6,0,6,"outside formal 8+delta moment assumption","extreme","phi = 0.8",0.666666666666667,17,1907153104,"student_t5_phi080_N4096","student_t5","Standardized t(5)","outside formal 8+delta moment assumption","extreme",0.8,"phi = 0.8",4096,256,16,17,100000,20000,"VK_asym_full_oracle",0.93705,-0.0129499999999999,0.000768031884103778,NA,NA,0.06295,1.1250882978072,0.9369,0.00171927877320695,20000,0.186819614523848,0.000248482848702511,0.0351407814652192,0.185271256648963,0.162294170922032,0.209854344947556,0.232442275841354,0.246347271169967,0.186819614523848,1.01727612512291,1.05802483232065,0,0,0,2e-05
"student_t5_phi080_N4096_M256_Q16","student_t5_phi080_N4096","student_t5","fixed_N_distribution_dependence","student_t5_phi_0.8","student_t5, phi = 0.8",0.8,4096,256,16,256,NA,NA,"Fixed N=4096 distribution/dependence block comparison","Standardized t(5)",6,0,6,"outside formal 8+delta moment assumption","extreme","phi = 0.8",0.666666666666667,17,1907153104,"student_t5_phi080_N4096","student_t5","Standardized t(5)","outside formal 8+delta moment assumption","extreme",0.8,"phi = 0.8",4096,256,16,17,100000,20000,"VK_leading_oracle",0.93764,-0.0123599999999999,0.000764664831151531,NA,NA,0.06236,1.1192921548835,0.93735,0.00171354862055327,20000,0.187316559197928,0.000249167860516437,0.0352376567649833,0.185771732982473,0.162734553169284,0.210418174441287,0.233076389829528,0.246997988967176,0.187316559197928,1.01998210411626,1.06083920385656,0,0,0,2e-05
"student_t5_phi080_N4096_M256_Q16","student_t5_phi080_N4096","student_t5","fixed_N_distribution_dependence","student_t5_phi_0.8","student_t5, phi = 0.8",0.8,4096,256,16,256,NA,NA,"Fixed N=4096 distribution/dependence block comparison","Standardized t(5)",6,0,6,"outside formal 8+delta moment assumption","extreme","phi = 0.8",0.666666666666667,17,1907153104,"student_t5_phi080_N4096","student_t5","Standardized t(5)","outside formal 8+delta moment assumption","extreme",0.8,"phi = 0.8",4096,256,16,17,100000,20000,"VK_asym_full_feasible",0.93681,-0.0131899999999999,0.000769396022214828,NA,NA,0.06319,1.12683397051977,0.9366,0.00172308502401942,20000,0.18673198318662,0.000249031623406725,0.035218389928158,0.18520271527935,0.162153356359334,0.209801750915178,0.232470193710703,0.246365984086522,0.18673198318662,1.01679895216972,1.05752854540178,0,0,0,2e-05
"student_t5_phi080_N4096_M256_Q16","student_t5_phi080_N4096","student_t5","fixed_N_distribution_dependence","student_t5_phi_0.8","student_t5, phi = 0.8",0.8,4096,256,16,256,NA,NA,"Fixed N=4096 distribution/dependence block comparison","Standardized t(5)",6,0,6,"outside formal 8+delta moment assumption","extreme","phi = 0.8",0.666666666666667,17,1907153104,"student_t5_phi080_N4096","student_t5","Standardized t(5)","outside formal 8+delta moment assumption","extreme",0.8,"phi = 0.8",4096,256,16,17,100000,20000,"F_feasible_leading",0.93744,-0.0125599999999999,0.000765808372897554,NA,NA,0.0625599999999999,1.12102883437433,0.93725,0.00171482415279235,20000,0.187229026592415,0.000249719087803587,0.035315612075527,0.185714936508525,0.162585983833915,0.210365596951281,0.233108996076657,0.247043316954775,0.187229026592415,1.01950546878016,1.06034347608993,0,0,0,2e-05
"student_t5_phi050_N4096_M64_Q64","student_t5_phi050_N4096","student_t5","fixed_N_distribution_dependence","student_t5_phi_0.5","student_t5, phi = 0.5",0.5,4096,64,64,64,NA,NA,"Fixed N=4096 distribution/dependence block comparison","Standardized t(5)",6,0,6,"outside formal 8+delta moment assumption","extreme","phi = 0.5",0.5,17,1877132104,"student_t5_phi050_N4096","student_t5","Standardized t(5)","outside formal 8+delta moment assumption","extreme",0.5,"phi = 0.5",4096,64,64,17,100000,20000,"V_feasible",0.94675,-0.00324999999999998,0.00071003124931231,NA,NA,0.05325,1.02671795103997,0.9447,0.00161619785298707,20000,0.106354199267761,7.33607145120841e-05,0.010374771740837,0.10611919702262,0.0992581991844952,0.113222990806997,0.119729463140776,0.123770127279554,0.106354199267761,1.00268980583592,1.01183132635541,0,0,0,0
"student_t5_phi050_N4096_M64_Q64","student_t5_phi050_N4096","student_t5","fixed_N_distribution_dependence","student_t5_phi_0.5","student_t5, phi = 0.5",0.5,4096,64,64,64,NA,NA,"Fixed N=4096 distribution/dependence block comparison","Standardized t(5)",6,0,6,"outside formal 8+delta moment assumption","extreme","phi = 0.5",0.5,17,1877132104,"student_t5_phi050_N4096","student_t5","Standardized t(5)","outside formal 8+delta moment assumption","extreme",0.5,"phi = 0.5",4096,64,64,17,100000,20000,"VK_asym_full_oracle",0.94935,-0.000649999999999928,0.000693430439914488,NA,NA,0.05065,1.00219918702339,0.9479,0.00157139412624586,20000,0.10748972018824,7.03537846694663e-05,0.00994952764438355,0.10731608341177,0.10068544283043,0.114110905606476,0.120282575093162,0.124088009711711,0.10748972018824,1.01339530932442,1.02263443189316,0,0,0,0
"student_t5_phi050_N4096_M64_Q64","student_t5_phi050_N4096","student_t5","fixed_N_distribution_dependence","student_t5_phi_0.5","student_t5, phi = 0.5",0.5,4096,64,64,64,NA,NA,"Fixed N=4096 distribution/dependence block comparison","Standardized t(5)",6,0,6,"outside formal 8+delta moment assumption","extreme","phi = 0.5",0.5,17,1877132104,"student_t5_phi050_N4096","student_t5","Standardized t(5)","outside formal 8+delta moment assumption","extreme",0.5,"phi = 0.5",4096,64,64,17,100000,20000,"VK_leading_oracle",0.94941,-0.000589999999999979,0.00069304149875747,NA,NA,0.05059,1.00128134578975,0.94795,0.00157068134101096,20000,0.107540405699145,7.03879332827094e-05,0.00995435698758202,0.107367066293143,0.100733379643746,0.114165920942538,0.120339000054145,0.124148108476468,0.107540405699145,1.01387316394077,1.02311664310888,0,0,0,0
"student_t5_phi050_N4096_M64_Q64","student_t5_phi050_N4096","student_t5","fixed_N_distribution_dependence","student_t5_phi_0.5","student_t5, phi = 0.5",0.5,4096,64,64,64,NA,NA,"Fixed N=4096 distribution/dependence block comparison","Standardized t(5)",6,0,6,"outside formal 8+delta moment assumption","extreme","phi = 0.5",0.5,17,1877132104,"student_t5_phi050_N4096","student_t5","Standardized t(5)","outside formal 8+delta moment assumption","extreme",0.5,"phi = 0.5",4096,64,64,17,100000,20000,"VK_asym_full_feasible",0.94932,-0.000679999999999903,0.000693624809244882,NA,NA,0.0506799999999999,1.00357334879078,0.94775,0.00157353006803175,20000,0.107613835118828,7.42561384989103e-05,0.0105014038154614,0.10737480229099,0.100426566129497,0.114565891158641,0.121146861330139,0.125245855202118,0.107613835118828,1.01456544436854,1.02381523505562,0,0,0,0
"student_t5_phi050_N4096_M64_Q64","student_t5_phi050_N4096","student_t5","fixed_N_distribution_dependence","student_t5_phi_0.5","student_t5, phi = 0.5",0.5,4096,64,64,64,NA,NA,"Fixed N=4096 distribution/dependence block comparison","Standardized t(5)",6,0,6,"outside formal 8+delta moment assumption","extreme","phi = 0.5",0.5,17,1877132104,"student_t5_phi050_N4096","student_t5","Standardized t(5)","outside formal 8+delta moment assumption","extreme",0.5,"phi = 0.5",4096,64,64,17,100000,20000,"F_feasible_leading",0.94942,-0.000579999999999914,0.000692976648957235,NA,NA,0.05058,1.00265424906247,0.94785,0.0015721065087964,20000,0.107664784822375,7.42923813178143e-05,0.0105065293240647,0.107425657890248,0.100473865901407,0.114619839310823,0.121204227480292,0.125305002480033,0.107664784822375,1.01504578974944,1.02429995974419,0,0,0,0
"student_t5_phi050_N4096_M64_Q64","student_t5_phi050_N4096","student_t5","fixed_N_distribution_dependence","student_t5_phi_0.5","student_t5, phi = 0.5",0.5,4096,64,64,64,NA,NA,"Fixed N=4096 distribution/dependence block comparison","Standardized t(5)",6,0,6,"outside formal 8+delta moment assumption","extreme","phi = 0.5",0.5,17,1877132104,"student_t5_phi050_N4096","student_t5","Standardized t(5)","outside formal 8+delta moment assumption","extreme",0.5,"phi = 0.5",4096,64,64,17,100000,20000,"raw",0.94429,-0.00570999999999999,0.000725302667167301,NA,NA,0.05571,1.04678638737713,0.94325,0.00163599262681713,20000,0.105110601438726,6.87528674385245e-05,0.00972312375836009,0.104947097243421,0.0984442944766508,0.111577896399992,0.11761254152409,0.121332985133667,0.105110601438726,0.990965371123252,1,0,0,0,0
"student_t5_phi050_N4096_M64_Q64","student_t5_phi050_N4096","student_t5","fixed_N_distribution_dependence","student_t5_phi_0.5","student_t5, phi = 0.5",0.5,4096,64,64,64,NA,NA,"Fixed N=4096 distribution/dependence block comparison","Standardized t(5)",6,0,6,"outside formal 8+delta moment assumption","extreme","phi = 0.5",0.5,17,1877132104,"student_t5_phi050_N4096","student_t5","Standardized t(5)","outside formal 8+delta moment assumption","extreme",0.5,"phi = 0.5",4096,64,64,17,100000,20000,"K_asym_full",0.9472,-0.00279999999999991,0.000707192760143937,NA,NA,0.0528,1.02318939606012,0.9459,0.00159958103889737,20000,0.106349794182361,6.95862453042449e-05,0.00984098118638842,0.106180650866311,0.0996088442496932,0.112892072009758,0.119000980228677,0.122776502006072,0.106349794182361,1.00264827541911,1.01178941730589,0,0,0,0
"student_t5_phi050_N4096_M64_Q64","student_t5_phi050_N4096","student_t5","fixed_N_distribution_dependence","student_t5_phi_0.5","student_t5, phi = 0.5",0.5,4096,64,64,64,NA,NA,"Fixed N=4096 distribution/dependence block comparison","Standardized t(5)",6,0,6,"outside formal 8+delta moment assumption","extreme","phi = 0.5",0.5,17,1877132104,"student_t5_phi050_N4096","student_t5","Standardized t(5)","outside formal 8+delta moment assumption","extreme",0.5,"phi = 0.5",4096,64,64,17,100000,20000,"K_leading",0.94725,-0.00274999999999992,0.000706876492040865,NA,NA,0.05275,1.02225233142298,0.946,0.00159818647222407,20000,0.106399912801746,6.9619972546162e-05,0.00984575093868249,0.106230758980309,0.0996567339080431,0.112944542862967,0.119057788558656,0.122833271342209,0.106399912801746,1.00312078547595,1.01226623523576,0,0,0,0
"student_t5_phi050_N4096_M64_Q64","student_t5_phi050_N4096","student_t5","fixed_N_distribution_dependence","student_t5_phi_0.5","student_t5, phi = 0.5",0.5,4096,64,64,64,NA,NA,"Fixed N=4096 distribution/dependence block comparison","Standardized t(5)",6,0,6,"outside formal 8+delta moment assumption","extreme","phi = 0.5",0.5,17,1877132104,"student_t5_phi050_N4096","student_t5","Standardized t(5)","outside formal 8+delta moment assumption","extreme",0.5,"phi = 0.5",4096,64,64,17,100000,20000,"V_oracle",0.94696,-0.00303999999999993,0.000708708391371232,NA,NA,0.05304,1.02531209808871,0.9456,0.0016037555923519,20000,0.106236523447579,6.95100258953304e-05,0.00983020213420814,0.106068697627742,0.0995025734991022,0.112773495751292,0.118873296311749,0.122643988691447,0.106236523447579,1.00158037766005,1.01071178352556,0,0,0,0
"student_t5_phi050_N4096_M256_Q16","student_t5_phi050_N4096","student_t5","fixed_N_distribution_dependence","student_t5_phi_0.5","student_t5, phi = 0.5",0.5,4096,256,16,256,NA,NA,"Fixed N=4096 distribution/dependence block comparison","Standardized t(5)",6,0,6,"outside formal 8+delta moment assumption","extreme","phi = 0.5",0.666666666666667,17,1877132104,"student_t5_phi050_N4096","student_t5","Standardized t(5)","outside formal 8+delta moment assumption","extreme",0.5,"phi = 0.5",4096,256,16,17,100000,20000,"raw",0.92453,-0.02547,0.000835309996947241,NA,NA,0.07547,1.23688490285604,0.9242,0.00187155496846873,20000,0.102496869762491,0.000136415573881272,0.0192920754701804,0.101771643017698,0.0890596838482675,0.115113715541853,0.127474849422128,0.135230124408468,0.102496869762491,0.966323541040426,1,0,0,0,3e-05
"student_t5_phi050_N4096_M256_Q16","student_t5_phi050_N4096","student_t5","fixed_N_distribution_dependence","student_t5_phi_0.5","student_t5, phi = 0.5",0.5,4096,256,16,256,NA,NA,"Fixed N=4096 distribution/dependence block comparison","Standardized t(5)",6,0,6,"outside formal 8+delta moment assumption","extreme","phi = 0.5",0.666666666666667,17,1877132104,"student_t5_phi050_N4096","student_t5","Standardized t(5)","outside formal 8+delta moment assumption","extreme",0.5,"phi = 0.5",4096,256,16,17,100000,20000,"K_asym_full",0.93646,-0.01354,0.000771379727501313,NA,NA,0.06354,1.12203418067516,0.9356,0.00173569352133376,20000,0.107761915422526,0.000143664742926444,0.0203172627881421,0.106968792967412,0.0936077661091659,0.121040653668035,0.134108419320311,0.142280295871733,0.107761915422526,1.01596152098785,1.0513678678406,0,0,0,3e-05
"student_t5_phi050_N4096_M256_Q16","student_t5_phi050_N4096","student_t5","fixed_N_distribution_dependence","student_t5_phi_0.5","student_t5, phi = 0.5",0.5,4096,256,16,256,NA,NA,"Fixed N=4096 distribution/dependence block comparison","Standardized t(5)",6,0,6,"outside formal 8+delta moment assumption","extreme","phi = 0.5",0.666666666666667,17,1877132104,"student_t5_phi050_N4096","student_t5","Standardized t(5)","outside formal 8+delta moment assumption","extreme",0.5,"phi = 0.5",4096,256,16,17,100000,20000,"K_leading",0.93659,-0.0134099999999999,0.000770643704314776,NA,NA,0.06341,1.12092694321329,0.93565,0.00173506595695956,20000,0.107816633159325,0.000143740300806076,0.0203279482859541,0.107025331092806,0.093653532167695,0.121100319663965,0.134177452496042,0.142350973655522,0.107816633159325,1.01647739076323,1.05190171572225,0,0,0,3e-05
"student_t5_phi050_N4096_M256_Q16","student_t5_phi050_N4096","student_t5","fixed_N_distribution_dependence","student_t5_phi_0.5","student_t5, phi = 0.5",0.5,4096,256,16,256,NA,NA,"Fixed N=4096 distribution/dependence block comparison","Standardized t(5)",6,0,6,"outside formal 8+delta moment assumption","extreme","phi = 0.5",0.666666666666667,17,1877132104,"student_t5_phi050_N4096","student_t5","Standardized t(5)","outside formal 8+delta moment assumption","extreme",0.5,"phi = 0.5",4096,256,16,17,100000,20000,"V_oracle",0.92512,-0.0248799999999999,0.000832303944481822,NA,NA,0.0748799999999999,1.23084345917554,0.92465,0.00186644551889414,20000,0.102755076144048,0.000136770123393062,0.0193422163429911,0.102024661139691,0.0892801495810665,0.115405504187288,0.127799725239658,0.135586773253134,0.102755076144048,0.968757868113274,1.00251916358182,0,0,0,3e-05
"student_t5_phi050_N4096_M256_Q16","student_t5_phi050_N4096","student_t5","fixed_N_distribution_dependence","student_t5_phi_0.5","student_t5, phi = 0.5",0.5,4096,256,16,256,NA,NA,"Fixed N=4096 distribution/dependence block comparison","Standardized t(5)",6,0,6,"outside formal 8+delta moment assumption","extreme","phi = 0.5",0.666666666666667,17,1877132104,"student_t5_phi050_N4096","student_t5","Standardized t(5)","outside formal 8+delta moment assumption","extreme",0.5,"phi = 0.5",4096,256,16,17,100000,20000,"F_feasible_leading",0.93699,-0.01301,0.000768373215956933,NA,NA,0.06301,1.11585536933161,0.93595,0.00173129427741213,20000,0.108123054837396,0.000144776236161979,0.0204744516689601,0.107343486558061,0.0938837045172299,0.121503887276198,0.134647291824678,0.142987972399796,0.108123054837396,1.01936628367957,1.05489128680653,0,0,0,3e-05
"student_t5_phi050_N4096_M256_Q16","student_t5_phi050_N4096","student_t5","fixed_N_distribution_dependence","student_t5_phi_0.5","student_t5, phi = 0.5",0.5,4096,256,16,256,NA,NA,"Fixed N=4096 distribution/dependence block comparison","Standardized t(5)",6,0,6,"outside formal 8+delta moment assumption","extreme","phi = 0.5",0.666666666666667,17,1877132104,"student_t5_phi050_N4096","student_t5","Standardized t(5)","outside formal 8+delta moment assumption","extreme",0.5,"phi = 0.5",4096,256,16,17,100000,20000,"V_feasible",0.9251,-0.0248999999999999,0.000832406090799436,NA,NA,0.0749,1.23128868340039,0.92455,0.00186758262869411,20000,0.102782817733921,0.000137381595896939,0.0194286916137911,0.102028568899914,0.0892828231051375,0.115454410042586,0.127961422299873,0.135803001826344,0.102782817733921,0.969019411235735,1.00278982150472,0,0,0,3e-05
"student_t5_phi050_N4096_M256_Q16","student_t5_phi050_N4096","student_t5","fixed_N_distribution_dependence","student_t5_phi_0.5","student_t5, phi = 0.5",0.5,4096,256,16,256,NA,NA,"Fixed N=4096 distribution/dependence block comparison","Standardized t(5)",6,0,6,"outside formal 8+delta moment assumption","extreme","phi = 0.5",0.666666666666667,17,1877132104,"student_t5_phi050_N4096","student_t5","Standardized t(5)","outside formal 8+delta moment assumption","extreme",0.5,"phi = 0.5",4096,256,16,17,100000,20000,"VK_asym_full_oracle",0.937,-0.0129999999999999,0.000768316341099159,NA,NA,0.0629999999999999,1.1165537141463,0.9359,0.00173192364150386,20000,0.108033555689546,0.000144039887161861,0.0203703161946994,0.107239237687383,0.0938430072808209,0.121336841584621,0.134446035105662,0.142637453502568,0.108033555689546,1.01852250051165,1.05401809772224,0,0,0,3e-05
"student_t5_phi050_N4096_M256_Q16","student_t5_phi050_N4096","student_t5","fixed_N_distribution_dependence","student_t5_phi_0.5","student_t5, phi = 0.5",0.5,4096,256,16,256,NA,NA,"Fixed N=4096 distribution/dependence block comparison","Standardized t(5)",6,0,6,"outside formal 8+delta moment assumption","extreme","phi = 0.5",0.666666666666667,17,1877132104,"student_t5_phi050_N4096","student_t5","Standardized t(5)","outside formal 8+delta moment assumption","extreme",0.5,"phi = 0.5",4096,256,16,17,100000,20000,"VK_leading_oracle",0.93709,-0.01291,0.000767804219186115,NA,NA,0.06291,1.11545188487783,0.9359,0.00173192364150386,20000,0.108088412701929,0.000144115660291584,0.0203810321334712,0.107292045376224,0.0938886405798717,0.121396650616447,0.134512213776081,0.142709995778522,0.108088412701929,1.01903968335421,1.05455330443158,0,0,0,3e-05
"student_t5_phi050_N4096_M256_Q16","student_t5_phi050_N4096","student_t5","fixed_N_distribution_dependence","student_t5_phi_0.5","student_t5, phi = 0.5",0.5,4096,256,16,256,NA,NA,"Fixed N=4096 distribution/dependence block comparison","Standardized t(5)",6,0,6,"outside formal 8+delta moment assumption","extreme","phi = 0.5",0.666666666666667,17,1877132104,"student_t5_phi050_N4096","student_t5","Standardized t(5)","outside formal 8+delta moment assumption","extreme",0.5,"phi = 0.5",4096,256,16,17,100000,20000,"VK_asym_full_feasible",0.9369,-0.0131,0.000768884841832638,NA,NA,0.0631,1.11695759715692,0.9359,0.00173192364150386,20000,0.108068122838394,0.000144699945876718,0.0204636625933508,0.107288063133174,0.0938364623459355,0.121439658641309,0.134576684336611,0.142914787541615,0.108068122838394,1.01884839387558,1.05435534849808,0,0,0,3e-05
"student_t5_phi050_N4096_M16_Q256","student_t5_phi050_N4096","student_t5","fixed_N_distribution_dependence","student_t5_phi_0.5","student_t5, phi = 0.5",0.5,4096,16,256,16,NA,NA,"Fixed N=4096 distribution/dependence block comparison","Standardized t(5)",6,0,6,"outside formal 8+delta moment assumption","extreme","phi = 0.5",0.333333333333333,8,1877132104,"student_t5_phi050_N4096","student_t5","Standardized t(5)","outside formal 8+delta moment assumption","extreme",0.5,"phi = 0.5",4096,16,256,8,100000,20000,"K_asym_full",0.94001,-0.00998999999999994,0.000750940742668821,NA,NA,0.05999,1.08452372823542,0.9406,0.00167140120856723,20000,0.102015213851383,3.5441696809748e-05,0.00501221283018608,0.101908038383635,0.0986196337114426,0.105293026669694,0.108293198821853,0.110250081107933,0.102015213851383,0.961782568748646,1.00251624143128,0,0,0,0
"student_t5_phi050_N4096_M16_Q256","student_t5_phi050_N4096","student_t5","fixed_N_distribution_dependence","student_t5_phi_0.5","student_t5, phi = 0.5",0.5,4096,16,256,16,NA,NA,"Fixed N=4096 distribution/dependence block comparison","Standardized t(5)",6,0,6,"outside formal 8+delta moment assumption","extreme","phi = 0.5",0.333333333333333,8,1877132104,"student_t5_phi050_N4096","student_t5","Standardized t(5)","outside formal 8+delta moment assumption","extreme",0.5,"phi = 0.5",4096,16,256,8,100000,20000,"K_leading",0.94012,-0.00988,0.000750295845650234,NA,NA,0.05988,1.08354803828608,0.9407,0.00167008248299298,20000,0.102061593020153,3.54584851955621e-05,0.00501458706647696,0.101954385906641,0.0986645524071411,0.105340790779987,0.108342423923219,0.110300112611346,0.102061593020153,0.962219823883366,1.00297201531245,0,0,0,0
"student_t5_phi050_N4096_M16_Q256","student_t5_phi050_N4096","student_t5","fixed_N_distribution_dependence","student_t5_phi_0.5","student_t5, phi = 0.5",0.5,4096,16,256,16,NA,NA,"Fixed N=4096 distribution/dependence block comparison","Standardized t(5)",6,0,6,"outside formal 8+delta moment assumption","extreme","phi = 0.5",0.333333333333333,8,1877132104,"student_t5_phi050_N4096","student_t5","Standardized t(5)","outside formal 8+delta moment assumption","extreme",0.5,"phi = 0.5",4096,16,256,8,100000,20000,"V_oracle",0.94938,-0.000619999999999954,0.000693236003104282,NA,NA,0.05062,0.999433230386191,0.9504,0.00153524981680507,20000,0.106314563244217,3.70024980226971e-05,0.00523294345453819,0.106202811044221,0.102772646314902,0.109728582148436,0.112857467670833,0.114920629143065,0.106314563244217,1.00231612395946,1.04476648461739,0,0,0,0
"student_t5_phi050_N4096_M16_Q256","student_t5_phi050_N4096","student_t5","fixed_N_distribution_dependence","student_t5_phi_0.5","student_t5, phi = 0.5",0.5,4096,16,256,16,NA,NA,"Fixed N=4096 distribution/dependence block comparison","Standardized t(5)",6,0,6,"outside formal 8+delta moment assumption","extreme","phi = 0.5",0.333333333333333,8,1877132104,"student_t5_phi050_N4096","student_t5","Standardized t(5)","outside formal 8+delta moment assumption","extreme",0.5,"phi = 0.5",4096,16,256,8,100000,20000,"V_feasible",0.94917,-0.000829999999999997,0.000694595645681716,NA,NA,0.05083,1.00178306268914,0.94985,0.0015432915716092,20000,0.106319636744026,4.1635139028929e-05,0.00588809782860008,0.106227061720283,0.102342440135215,0.110175045515671,0.113722141163364,0.115961931056813,0.106319636744026,1.0023639560768,1.04481634253335,0,0,0,0
"student_t5_phi050_N4096_M16_Q256","student_t5_phi050_N4096","student_t5","fixed_N_distribution_dependence","student_t5_phi_0.5","student_t5, phi = 0.5",0.5,4096,16,256,16,NA,NA,"Fixed N=4096 distribution/dependence block comparison","Standardized t(5)",6,0,6,"outside formal 8+delta moment assumption","extreme","phi = 0.5",0.333333333333333,8,1877132104,"student_t5_phi050_N4096","student_t5","Standardized t(5)","outside formal 8+delta moment assumption","extreme",0.5,"phi = 0.5",4096,16,256,8,100000,20000,"VK_asym_full_oracle",0.94985,-0.000149999999999983,0.000690180972644132,NA,NA,0.05015,0.994471851231441,0.9508,0.00152936849712553,20000,0.106582329336718,3.71000128379994e-05,0.00524673413197148,0.10647104518428,0.103030875941308,0.110005767632382,0.113141448325602,0.115209960163617,0.106582329336718,1.00484057840647,1.04739785543457,0,0,0,0
"student_t5_phi050_N4096_M16_Q256","student_t5_phi050_N4096","student_t5","fixed_N_distribution_dependence","student_t5_phi_0.5","student_t5, phi = 0.5",0.5,4096,16,256,16,NA,NA,"Fixed N=4096 distribution/dependence block comparison","Standardized t(5)",6,0,6,"outside formal 8+delta moment assumption","extreme","phi = 0.5",0.333333333333333,8,1877132104,"student_t5_phi050_N4096","student_t5","Standardized t(5)","outside formal 8+delta moment assumption","extreme",0.5,"phi = 0.5",4096,16,256,8,100000,20000,"VK_leading_oracle",0.94996,-3.9999999999929e-05,0.000689463547984953,NA,NA,0.05004,0.993577176301896,0.9509,0.00152789381175525,20000,0.106630830707054,3.71176806011534e-05,0.00524923273099839,0.106519478954129,0.103077650704043,0.110055764140939,0.113192822618663,0.115262366931661,0.106630830707054,1.00529784130666,1.04787448445545,0,0,0,0
"student_t5_phi050_N4096_M16_Q256","student_t5_phi050_N4096","student_t5","fixed_N_distribution_dependence","student_t5_phi_0.5","student_t5, phi = 0.5",0.5,4096,16,256,16,NA,NA,"Fixed N=4096 distribution/dependence block comparison","Standardized t(5)",6,0,6,"outside formal 8+delta moment assumption","extreme","phi = 0.5",0.333333333333333,8,1877132104,"student_t5_phi050_N4096","student_t5","Standardized t(5)","outside formal 8+delta moment assumption","extreme",0.5,"phi = 0.5",4096,16,256,8,100000,20000,"VK_asym_full_feasible",0.94968,-0.000319999999999987,0.000691287911076131,NA,NA,0.05032,0.99681001851401,0.95055,0.00153304757753959,20000,0.106588273145453,4.17444652814793e-05,0.00590355889550809,0.106494883853588,0.102601569667347,0.110453900258498,0.114009210071556,0.116253748241995,0.106588273145453,1.00489661565246,1.04745626598499,0,0,0,0
"student_t5_phi050_N4096_M16_Q256","student_t5_phi050_N4096","student_t5","fixed_N_distribution_dependence","student_t5_phi_0.5","student_t5, phi = 0.5",0.5,4096,16,256,16,NA,NA,"Fixed N=4096 distribution/dependence block comparison","Standardized t(5)",6,0,6,"outside formal 8+delta moment assumption","extreme","phi = 0.5",0.333333333333333,8,1877132104,"student_t5_phi050_N4096","student_t5","Standardized t(5)","outside formal 8+delta moment assumption","extreme",0.5,"phi = 0.5",4096,16,256,8,100000,20000,"F_feasible_leading",0.9498,-0.000199999999999978,0.000690506770422999,NA,NA,0.0502,0.9959132400562,0.9506,0.00153231263128645,20000,0.106636932906663,4.17642721851173e-05,0.00590636001468343,0.106543399634861,0.102648427345937,0.110504303197608,0.114061203983354,0.116306607293725,0.106636932906663,1.00535537183562,1.04793445153277,0,0,0,0
"student_t5_phi050_N4096_M16_Q256","student_t5_phi050_N4096","student_t5","fixed_N_distribution_dependence","student_t5_phi_0.5","student_t5, phi = 0.5",0.5,4096,16,256,16,NA,NA,"Fixed N=4096 distribution/dependence block comparison","Standardized t(5)",6,0,6,"outside formal 8+delta moment assumption","extreme","phi = 0.5",0.333333333333333,8,1877132104,"student_t5_phi050_N4096","student_t5","Standardized t(5)","outside formal 8+delta moment assumption","extreme",0.5,"phi = 0.5",4096,16,256,8,100000,20000,"raw",0.93949,-0.0105099999999999,0.000753979707286608,NA,NA,0.06051,1.08993437249995,0.94,0.00167928556237467,20000,0.101759163228854,3.5349028434196e-05,0.00499910754283522,0.10165241646597,0.098372057211184,0.105029343495151,0.108021785494583,0.109973323853673,0.101759163228854,0.959368565815476,1,0,0,0,0
