"design_id","scenario_id_module","innovation_module","module","panel","series","phi_module","N_module","M_module","Q_module","x_order","alpha_nominal","C_nominal","note","innovation_label_module","dist_code","skewness","excess_kurtosis","assumption_status_module","severity_group_module","phi_label_module","alpha_effective","L_module","seed","scenario_id_result","innovation_result","innovation_label_result","assumption_status_result","severity_group_result","phi_result","phi_label_result","N_result","M_result","Q_result","L_result","B_point","B_CI","statistic","coverage","coverage_error","coverage_mcse","gaussian_paired_coverage_error","gaussian_paired_error_mcse","rejection","mean_statistic_finite","ci_subset_coverage","ci_subset_coverage_mcse","n_finite_lengths","mean_length","mean_length_mcse","sd_length","median_length","q25_length","q75_length","q90_length","q95_length","mean_component_length","normalized_mean_length","relative_mean_length_to_raw","disconnected_rate","nonregular_rate","interval_failure_rate","convex_failure_rate"
"gaussian_phi050_N64_M4_Q16","gaussian_phi050_N64","gaussian","constant_sensitivity","N_64","N = 64",0.5,64,4,16,0.5,0.5,0.5,"M = C sqrt(N)","Gaussian",1,0,0,"inside formal moment assumptions","regular","phi = 0.5",0.333333333333333,2,2140086795,"gaussian_phi050_N64","gaussian","Gaussian","inside formal moment assumptions","regular",0.5,"phi = 0.5",64,4,16,2,100000,20000,"raw",0.86366,-0.08634,0.00108513319182486,-0.08602,0.000907752078564605,0.13634,1.8352971360172,0.8587,0.00246307034004309,20000,0.672378199848869,0.00090491648311576,0.127974516323727,0.667673573627405,0.583151516799262,0.755651146086165,0.839598047779854,0.889369570988802,0.672378199848869,0.800638715224887,1,0,0,0,9e-05
"gaussian_phi050_N64_M4_Q16","gaussian_phi050_N64","gaussian","constant_sensitivity","N_64","N = 64",0.5,64,4,16,0.5,0.5,0.5,"M = C sqrt(N)","Gaussian",1,0,0,"inside formal moment assumptions","regular","phi = 0.5",0.333333333333333,2,2140086795,"gaussian_phi050_N64","gaussian","Gaussian","inside formal moment assumptions","regular",0.5,"phi = 0.5",64,4,16,2,100000,20000,"K_asym_full",0.8618,-0.0881999999999999,0.00109133294644668,-0.08788,0.000915412167165347,0.1382,1.85441481451738,0.85665,0.00247791018299695,20000,0.668813135082489,0.000899993920841443,0.127278360890731,0.664210163531083,0.580049421443816,0.751646359914843,0.835187474561975,0.884538836118515,0.668813135082489,0.796393591163921,0.994697828146152,0,0,0,9e-05
"gaussian_phi050_N64_M4_Q16","gaussian_phi050_N64","gaussian","constant_sensitivity","N_64","N = 64",0.5,64,4,16,0.5,0.5,0.5,"M = C sqrt(N)","Gaussian",1,0,0,"inside formal moment assumptions","regular","phi = 0.5",0.333333333333333,2,2140086795,"gaussian_phi050_N64","gaussian","Gaussian","inside formal moment assumptions","regular",0.5,"phi = 0.5",64,4,16,2,100000,20000,"K_leading",0.88115,-0.06885,0.00102335075853785,-0.06853,0.000839370857508387,0.11885,1.66323802951559,0.8772,0.00232077745594014,20000,0.707218059852454,0.00095316096547878,0.134797316450472,0.702287336446838,0.613548493806497,0.795011033061125,0.883242740163798,0.935624626285577,0.707218059852454,0.842124505154059,1.05181586793179,0,0,0,9e-05
"gaussian_phi050_N64_M4_Q16","gaussian_phi050_N64","gaussian","constant_sensitivity","N_64","N = 64",0.5,64,4,16,0.5,0.5,0.5,"M = C sqrt(N)","Gaussian",1,0,0,"inside formal moment assumptions","regular","phi = 0.5",0.333333333333333,2,2140086795,"gaussian_phi050_N64","gaussian","Gaussian","inside formal moment assumptions","regular",0.5,"phi = 0.5",64,4,16,2,100000,20000,"V_oracle",0.91924,-0.03076,0.000861613732481093,-0.03044,0.000687850852574854,0.0807600000000001,1.28861288273548,0.9184,0.00193573551912445,20000,0.806215601576024,0.00109171576659258,0.154391924337177,0.800055596332171,0.699199436522666,0.906527687255376,1.00743414043029,1.06867385904074,0.806215601576024,0.960006471930789,1.19905077493178,0,0,0,9e-05
"gaussian_phi050_N64_M4_Q16","gaussian_phi050_N64","gaussian","constant_sensitivity","N_64","N = 64",0.5,64,4,16,0.5,0.5,0.5,"M = C sqrt(N)","Gaussian",1,0,0,"inside formal moment assumptions","regular","phi = 0.5",0.333333333333333,2,2140086795,"gaussian_phi050_N64","gaussian","Gaussian","inside formal moment assumptions","regular",0.5,"phi = 0.5",64,4,16,2,100000,20000,"V_feasible",0.89818,-0.05182,0.000956308985631736,-0.0515,0.000785419422243102,0.10182,1.49517594102487,0.8954,0.0021640106284397,20000,0.754008305267618,0.00110501219743891,0.15627232362058,0.747595801241178,0.645596754853373,0.856588721250619,0.957615249623207,1.01909025202883,0.754008305267618,0.897840294248165,1.12140504471605,0,0,0,9e-05
"gaussian_phi050_N64_M4_Q16","gaussian_phi050_N64","gaussian","constant_sensitivity","N_64","N = 64",0.5,64,4,16,0.5,0.5,0.5,"M = C sqrt(N)","Gaussian",1,0,0,"inside formal moment assumptions","regular","phi = 0.5",0.333333333333333,2,2140086795,"gaussian_phi050_N64","gaussian","Gaussian","inside formal moment assumptions","regular",0.5,"phi = 0.5",64,4,16,2,100000,20000,"VK_asym_full_oracle",0.91768,-0.0323199999999999,0.000869157164153871,-0.032,0.000693804593274026,0.0823199999999999,1.30203593359731,0.91625,0.0019587743297787,20000,0.801939378395868,0.00108568352388474,0.153538836392282,0.795847621404526,0.695506643397525,0.901667456134337,1.00205307784118,1.06299977607412,0.801939378395868,0.954914531362601,1.19269092688627,0,0,0,9e-05
"gaussian_phi050_N64_M4_Q16","gaussian_phi050_N64","gaussian","constant_sensitivity","N_64","N = 64",0.5,64,4,16,0.5,0.5,0.5,"M = C sqrt(N)","Gaussian",1,0,0,"inside formal moment assumptions","regular","phi = 0.5",0.333333333333333,2,2140086795,"gaussian_phi050_N64","gaussian","Gaussian","inside formal moment assumptions","regular",0.5,"phi = 0.5",64,4,16,2,100000,20000,"VK_leading_oracle",0.93135,-0.0186499999999999,0.000799607262973517,-0.01833,0.000651877565531753,0.06865,1.16780542497903,0.9311,0.00179098841425622,20000,0.847970580437064,0.00115085213605546,0.162755069909567,0.841702225894258,0.735034889172477,0.953710119888886,1.06055812762793,1.12504004825439,0.847970580437064,1.00972648462165,1.26115121017853,0,0,0,9e-05
"gaussian_phi050_N64_M4_Q16","gaussian_phi050_N64","gaussian","constant_sensitivity","N_64","N = 64",0.5,64,4,16,0.5,0.5,0.5,"M = C sqrt(N)","Gaussian",1,0,0,"inside formal moment assumptions","regular","phi = 0.5",0.333333333333333,2,2140086795,"gaussian_phi050_N64","gaussian","Gaussian","inside formal moment assumptions","regular",0.5,"phi = 0.5",64,4,16,2,100000,20000,"VK_asym_full_feasible",0.89683,-0.0531699999999999,0.000961904106967009,-0.05285,0.000791312224567754,0.10317,1.51075069041055,0.89385,0.00217809753569485,20000,0.749896428073319,0.00109897184870749,0.155418089310836,0.743525218091003,0.642016222617841,0.851872674469122,0.952441866641265,1.01359355878697,0.749896428073319,0.892944049731692,1.11528962158778,0,0,0,9e-05
"gaussian_phi050_N64_M4_Q16","gaussian_phi050_N64","gaussian","constant_sensitivity","N_64","N = 64",0.5,64,4,16,0.5,0.5,0.5,"M = C sqrt(N)","Gaussian",1,0,0,"inside formal moment assumptions","regular","phi = 0.5",0.333333333333333,2,2140086795,"gaussian_phi050_N64","gaussian","Gaussian","inside formal moment assumptions","regular",0.5,"phi = 0.5",64,4,16,2,100000,20000,"F_feasible_leading",0.91224,-0.0377599999999999,0.000894752381388281,-0.03744,0.000728139935642634,0.0877599999999999,1.35500319655379,0.9111,0.00201242130280913,20000,0.794241528246778,0.00116418160133788,0.164640140967725,0.787410421936984,0.680231718533024,0.90206645592755,1.00846659996425,1.0738178510169,0.794241528246778,0.945748266223806,1.18124223602922,0,0,0,9e-05
"gaussian_phi050_N64_M8_Q8","gaussian_phi050_N64","gaussian","constant_sensitivity","N_64","N = 64",0.5,64,8,8,1,0.5,1,"M = C sqrt(N)","Gaussian",1,0,0,"inside formal moment assumptions","regular","phi = 0.5",0.5,4,2140086795,"gaussian_phi050_N64","gaussian","Gaussian","inside formal moment assumptions","regular",0.5,"phi = 0.5",64,8,8,4,100000,20000,"raw",0.8513,-0.0987,0.00112511470526342,-0.09838,0.000993188612619075,0.1487,2.02673952658195,0.85005,0.00252452963440717,20000,0.681536741717155,0.0013146097490365,0.18591389363153,0.674626082672711,0.551522341300691,0.802777269480435,0.923677533890547,0.999346329914532,0.681536741717155,0.811544308529973,1,0,0,0,0.01142
"gaussian_phi050_N64_M8_Q8","gaussian_phi050_N64","gaussian","constant_sensitivity","N_64","N = 64",0.5,64,8,8,1,0.5,1,"M = C sqrt(N)","Gaussian",1,0,0,"inside formal moment assumptions","regular","phi = 0.5",0.5,4,2140086795,"gaussian_phi050_N64","gaussian","Gaussian","inside formal moment assumptions","regular",0.5,"phi = 0.5",64,8,8,4,100000,20000,"K_asym_full",0.86438,-0.0856199999999999,0.00108271517768987,-0.0853,0.000952600742431867,0.13562,1.85784456603346,0.863,0.00243136792773122,20000,0.710293560285201,0.00137153646172955,0.193964546546714,0.702987887103822,0.574472936689101,0.836539048136924,0.962842173813959,1.04195913468011,0.710293560285201,0.845786677300184,1.04219408405715,0,0,0,0.01142
"gaussian_phi050_N64_M8_Q8","gaussian_phi050_N64","gaussian","constant_sensitivity","N_64","N = 64",0.5,64,8,8,1,0.5,1,"M = C sqrt(N)","Gaussian",1,0,0,"inside formal moment assumptions","regular","phi = 0.5",0.5,4,2140086795,"gaussian_phi050_N64","gaussian","Gaussian","inside formal moment assumptions","regular",0.5,"phi = 0.5",64,8,8,4,100000,20000,"K_leading",0.88136,-0.0686399999999999,0.00102256809259824,-0.06832,0.0009011836091047,0.11864,1.64672586534784,0.87985,0.00229906478268882,20000,0.751756031591543,0.00145397754622,0.205623476525028,0.743938549002559,0.607883963835545,0.885451932022185,1.0186656752147,1.10345738069154,0.751756031591543,0.895158384717557,1.10303082075585,0,0,0,0.01142
"gaussian_phi050_N64_M8_Q8","gaussian_phi050_N64","gaussian","constant_sensitivity","N_64","N = 64",0.5,64,8,8,1,0.5,1,"M = C sqrt(N)","Gaussian",1,0,0,"inside formal moment assumptions","regular","phi = 0.5",0.5,4,2140086795,"gaussian_phi050_N64","gaussian","Gaussian","inside formal moment assumptions","regular",0.5,"phi = 0.5",64,8,8,4,100000,20000,"V_oracle",0.87537,-0.07463,0.00104449683149352,-0.07431,0.000919287055215562,0.12463,1.72623226964859,0.87385,0.00234772419057265,20000,0.735329875265007,0.00142126475582423,0.200997189340951,0.727528761577237,0.594680505758917,0.866134018173481,0.996704692709444,1.07924018654038,0.735329875265007,0.875598832221184,1.07892917616198,0,0,0,0.01142
"gaussian_phi050_N64_M8_Q8","gaussian_phi050_N64","gaussian","constant_sensitivity","N_64","N = 64",0.5,64,8,8,1,0.5,1,"M = C sqrt(N)","Gaussian",1,0,0,"inside formal moment assumptions","regular","phi = 0.5",0.5,4,2140086795,"gaussian_phi050_N64","gaussian","Gaussian","inside formal moment assumptions","regular",0.5,"phi = 0.5",64,8,8,4,100000,20000,"V_feasible",0.86867,-0.0813299999999999,0.00106809377444118,-0.08101,0.000956495137378899,0.13133,1.80259752604213,0.86715,0.00240000914060759,20000,0.734050684836774,0.00154317127546343,0.218237374682496,0.726066075329856,0.581389070451977,0.876500361380584,1.0177100043502,1.10555189277475,0.734050684836774,0.874075627897757,1.07705225544746,0,0,0,0.01142
"gaussian_phi050_N64_M8_Q8","gaussian_phi050_N64","gaussian","constant_sensitivity","N_64","N = 64",0.5,64,8,8,1,0.5,1,"M = C sqrt(N)","Gaussian",1,0,0,"inside formal moment assumptions","regular","phi = 0.5",0.5,4,2140086795,"gaussian_phi050_N64","gaussian","Gaussian","inside formal moment assumptions","regular",0.5,"phi = 0.5",64,8,8,4,100000,20000,"VK_asym_full_oracle",0.88699,-0.06301,0.00100119298788995,-0.06269,0.000881820511824346,0.11301,1.58237958051121,0.8852,0.00225411800933314,20000,0.765858066037323,0.00148211740129876,0.209603052994587,0.758016289352,0.619183437785307,0.902192986898942,1.0382612965809,1.12478307809229,0.765858066037323,0.911950473966233,1.12372234563278,0,0,0,0.01142
"gaussian_phi050_N64_M8_Q8","gaussian_phi050_N64","gaussian","constant_sensitivity","N_64","N = 64",0.5,64,8,8,1,0.5,1,"M = C sqrt(N)","Gaussian",1,0,0,"inside formal moment assumptions","regular","phi = 0.5",0.5,4,2140086795,"gaussian_phi050_N64","gaussian","Gaussian","inside formal moment assumptions","regular",0.5,"phi = 0.5",64,8,8,4,100000,20000,"VK_leading_oracle",0.90145,-0.04855,0.000942538580112241,-0.04823,0.000837523543225416,0.09855,1.40256371908948,0.90025,0.00211896127265224,20000,0.809716440389474,0.00156996920545936,0.222027174286873,0.80086412663412,0.654832095982302,0.954071237907053,1.09785592485432,1.18988042844956,0.809716440389474,0.96417511852052,1.18807452456542,0,0,0,0.01142
"gaussian_phi050_N64_M8_Q8","gaussian_phi050_N64","gaussian","constant_sensitivity","N_64","N = 64",0.5,64,8,8,1,0.5,1,"M = C sqrt(N)","Gaussian",1,0,0,"inside formal moment assumptions","regular","phi = 0.5",0.5,4,2140086795,"gaussian_phi050_N64","gaussian","Gaussian","inside formal moment assumptions","regular",0.5,"phi = 0.5",64,8,8,4,100000,20000,"VK_asym_full_feasible",0.8811,-0.0689,0.00102353695585455,-0.06858,0.000915628865732289,0.1189,1.65238106553862,0.8802,0.00229617028985221,20000,0.765813033136898,0.00160802292528424,0.227408782954382,0.757460873844776,0.606639830688089,0.914178137761709,1.06154543138475,1.15405361313053,0.765813033136898,0.911896850747118,1.12365627010424,0,0,0,0.01142
"gaussian_phi050_N64_M8_Q8","gaussian_phi050_N64","gaussian","constant_sensitivity","N_64","N = 64",0.5,64,8,8,1,0.5,1,"M = C sqrt(N)","Gaussian",1,0,0,"inside formal moment assumptions","regular","phi = 0.5",0.5,4,2140086795,"gaussian_phi050_N64","gaussian","Gaussian","inside formal moment assumptions","regular",0.5,"phi = 0.5",64,8,8,4,100000,20000,"F_feasible_leading",0.89645,-0.05355,0.000963469758217662,-0.05323,0.000869697208649279,0.10355,1.46461048990923,0.8947,0.00217039063304282,20000,0.811544650248529,0.00170112783951997,0.240575806197958,0.802674544720616,0.643144807187218,0.968503661816293,1.12469261539691,1.22192919616258,0.811544650248529,0.966352071302517,1.190757006297,0,0,0,0.01142
"gaussian_phi050_N64_M16_Q4","gaussian_phi050_N64","gaussian","constant_sensitivity","N_64","N = 64",0.5,64,16,4,2,0.5,2,"M = C sqrt(N)","Gaussian",1,0,0,"inside formal moment assumptions","regular","phi = 0.5",0.666666666666667,5,2140086795,"gaussian_phi050_N64","gaussian","Gaussian","inside formal moment assumptions","regular",0.5,"phi = 0.5",64,16,4,5,100000,20000,"raw",0.74495,-0.20505,0.00137840305244874,-0.20473,0.00130605257502648,0.25505,1.85291897900496,0.74105,0.00309753851872741,20000,0.564319664449905,0.00167887022924711,0.23742810476657,0.54743822481711,0.390008865911246,0.716308198859934,0.879428125989754,0.989723521848419,0.564319664449905,0.671967311288299,1,0,0,0,0.13618
"gaussian_phi050_N64_M16_Q4","gaussian_phi050_N64","gaussian","constant_sensitivity","N_64","N = 64",0.5,64,16,4,2,0.5,2,"M = C sqrt(N)","Gaussian",1,0,0,"inside formal moment assumptions","regular","phi = 0.5",0.666666666666667,5,2140086795,"gaussian_phi050_N64","gaussian","Gaussian","inside formal moment assumptions","regular",0.5,"phi = 0.5",64,16,4,5,100000,20000,"K_asym_full",0.78292,-0.16708,0.00130367278716709,-0.16676,0.001233015096121,0.21708,1.35108675552445,0.78005,0.00292892469602754,20000,0.630940822302832,0.00188045451411213,0.265936427728309,0.611474360819471,0.435935946484095,0.800112408866338,0.983514257224332,1.10588940362783,0.630940822302832,0.751296888365829,1.11805570858118,0,0,0,0.13618
"gaussian_phi050_N64_M16_Q4","gaussian_phi050_N64","gaussian","constant_sensitivity","N_64","N = 64",0.5,64,16,4,2,0.5,2,"M = C sqrt(N)","Gaussian",1,0,0,"inside formal moment assumptions","regular","phi = 0.5",0.666666666666667,5,2140086795,"gaussian_phi050_N64","gaussian","Gaussian","inside formal moment assumptions","regular",0.5,"phi = 0.5",64,16,4,5,100000,20000,"K_leading",0.79844,-0.15156,0.0012685959419768,-0.15124,0.00120194803165141,0.20156,1.1580743618781,0.7958,0.00285045926124195,20000,0.662628765426856,0.0019768266782917,0.279565509890108,0.64234097762072,0.457718463353778,0.840093686414295,1.03328977412434,1.16243311391499,0.662628765426856,0.789029512767752,1.17420817875057,0,0,0,0.13618
"gaussian_phi050_N64_M16_Q4","gaussian_phi050_N64","gaussian","constant_sensitivity","N_64","N = 64",0.5,64,16,4,2,0.5,2,"M = C sqrt(N)","Gaussian",1,0,0,"inside formal moment assumptions","regular","phi = 0.5",0.666666666666667,5,2140086795,"gaussian_phi050_N64","gaussian","Gaussian","inside formal moment assumptions","regular",0.5,"phi = 0.5",64,16,4,5,100000,20000,"V_oracle",0.75334,-0.19666,0.00136315385925434,-0.19634,0.00129101615451826,0.24666,1.73464996105144,0.7506,0.00305940876641223,20000,0.57827035661248,0.00172097417215187,0.243382501475099,0.560952434340654,0.399614049980064,0.733955004284568,0.901258241206689,1.01392823328755,0.57827035661248,0.688579188728783,1.02472125825382,0,0,0,0.13618
"gaussian_phi050_N64_M16_Q4","gaussian_phi050_N64","gaussian","constant_sensitivity","N_64","N = 64",0.5,64,16,4,2,0.5,2,"M = C sqrt(N)","Gaussian",1,0,0,"inside formal moment assumptions","regular","phi = 0.5",0.666666666666667,5,2140086795,"gaussian_phi050_N64","gaussian","Gaussian","inside formal moment assumptions","regular",0.5,"phi = 0.5",64,16,4,5,100000,20000,"V_feasible",0.75019,-0.19981,0.0013689593270072,-0.19949,0.00129982856352018,0.24981,1.78136240310304,0.7474,0.00307240329384018,20000,0.578310746773846,0.00177202566432666,0.250602272736395,0.559535516584467,0.39391780207547,0.738271106138571,0.911613043048421,1.0303145709913,0.578310746773846,0.688627283576163,1.02479283144879,0,0,0,0.13618
"gaussian_phi050_N64_M16_Q4","gaussian_phi050_N64","gaussian","constant_sensitivity","N_64","N = 64",0.5,64,16,4,2,0.5,2,"M = C sqrt(N)","Gaussian",1,0,0,"inside formal moment assumptions","regular","phi = 0.5",0.666666666666667,5,2140086795,"gaussian_phi050_N64","gaussian","Gaussian","inside formal moment assumptions","regular",0.5,"phi = 0.5",64,16,4,5,100000,20000,"VK_asym_full_oracle",0.78994,-0.16006,0.00128815680877757,-0.15974,0.00121919899461158,0.21006,1.26484892993334,0.7873,0.00289360251244016,20000,0.644618660936503,0.00192201181380685,0.271813517412696,0.624725933249526,0.445329920975504,0.817462523332986,1.00526462695402,1.1299339289009,0.644618660936503,0.767583863691884,1.14229345802591,0,0,0,0.13618
"gaussian_phi050_N64_M16_Q4","gaussian_phi050_N64","gaussian","constant_sensitivity","N_64","N = 64",0.5,64,16,4,2,0.5,2,"M = C sqrt(N)","Gaussian",1,0,0,"inside formal moment assumptions","regular","phi = 0.5",0.666666666666667,5,2140086795,"gaussian_phi050_N64","gaussian","Gaussian","inside formal moment assumptions","regular",0.5,"phi = 0.5",64,16,4,5,100000,20000,"VK_leading_oracle",0.80461,-0.14539,0.00125384507775084,-0.14507,0.00118998366022863,0.19539,1.08415622565715,0.80165,0.00281963896181763,20000,0.675830448168046,0.00201707730791519,0.285257808520867,0.654889490302697,0.466688066059977,0.857121673289212,1.05432423111745,1.18619188147795,0.675830448168046,0.804749502367486,1.19760215839163,0,0,0,0.13618
"gaussian_phi050_N64_M16_Q4","gaussian_phi050_N64","gaussian","constant_sensitivity","N_64","N = 64",0.5,64,16,4,2,0.5,2,"M = C sqrt(N)","Gaussian",1,0,0,"inside formal moment assumptions","regular","phi = 0.5",0.666666666666667,5,2140086795,"gaussian_phi050_N64","gaussian","Gaussian","inside formal moment assumptions","regular",0.5,"phi = 0.5",64,16,4,5,100000,20000,"VK_asym_full_feasible",0.7873,-0.1627,0.00129405838353608,-0.16238,0.00122830877364954,0.2127,1.29891008559597,0.7847,0.0029064231453799,20000,0.645671684992274,0.00197333133251475,0.279071193349813,0.624569409280187,0.440421801822285,0.823212317088139,1.0170231791995,1.14704443927424,0.645671684992274,0.768837758936113,1.14415946433777,0,0,0,0.13618
"gaussian_phi050_N64_M16_Q4","gaussian_phi050_N64","gaussian","constant_sensitivity","N_64","N = 64",0.5,64,16,4,2,0.5,2,"M = C sqrt(N)","Gaussian",1,0,0,"inside formal moment assumptions","regular","phi = 0.5",0.666666666666667,5,2140086795,"gaussian_phi050_N64","gaussian","Gaussian","inside formal moment assumptions","regular",0.5,"phi = 0.5",64,16,4,5,100000,20000,"F_feasible_leading",0.80226,-0.14774,0.0012595193225989,-0.14742,0.00119945313492367,0.19774,1.1133515019394,0.79915,0.00283292496812041,20000,0.677280371403183,0.00206699877878876,0.292317770637169,0.65534350299864,0.462766732639104,0.863204988317586,1.06609838123027,1.20170853779532,0.677280371403183,0.806476007891336,1.20017148802247,0,0,0,0.13618
"gaussian_phi050_N4096_M64_Q64","gaussian_phi050_N4096","gaussian","constant_sensitivity","N_4096","N = 4096",0.5,4096,64,64,1,0.5,1,"M = C sqrt(N)","Gaussian",1,0,0,"inside formal moment assumptions","regular","phi = 0.5",0.5,17,1877131599,"gaussian_phi050_N4096","gaussian","Gaussian","inside formal moment assumptions","regular",0.5,"phi = 0.5",4096,64,64,17,100000,20000,"V_oracle",0.94647,-0.00352999999999992,0.000711790271779546,-0.00314,0.000410491277655068,0.05353,1.03776354865385,0.9453,0.00160791650902651,20000,0.10607556822232,6.72485961875941e-05,0.00951038767790472,0.106012849920338,0.0995085061014322,0.112499471320281,0.118296989732635,0.121880365983374,0.10607556822232,1.00006291840903,1.0106906810227,0,0,0,0
"gaussian_phi050_N4096_M64_Q64","gaussian_phi050_N4096","gaussian","constant_sensitivity","N_4096","N = 4096",0.5,4096,64,64,1,0.5,1,"M = C sqrt(N)","Gaussian",1,0,0,"inside formal moment assumptions","regular","phi = 0.5",0.5,17,1877131599,"gaussian_phi050_N4096","gaussian","Gaussian","inside formal moment assumptions","regular",0.5,"phi = 0.5",4096,64,64,17,100000,20000,"raw",0.94372,-0.00627999999999995,0.000728783655140536,-0.00589,0.000417558166664509,0.05628,1.05949862297739,0.94285,0.00164139997410747,20000,0.104953543367972,6.65266476058983e-05,0.0094082887303477,0.104890359407834,0.0984608481821328,0.111307609775007,0.11704617821346,0.120591567752841,0.104953543367972,0.989484653600538,1,0,0,0,0
"gaussian_phi050_N4096_M64_Q64","gaussian_phi050_N4096","gaussian","constant_sensitivity","N_4096","N = 4096",0.5,4096,64,64,1,0.5,1,"M = C sqrt(N)","Gaussian",1,0,0,"inside formal moment assumptions","regular","phi = 0.5",0.5,17,1877131599,"gaussian_phi050_N4096","gaussian","Gaussian","inside formal moment assumptions","regular",0.5,"phi = 0.5",4096,64,64,17,100000,20000,"K_asym_full",0.94662,-0.00337999999999994,0.000710848616795447,-0.00299,0.000410380656370194,0.05338,1.03639106837469,0.9455,0.00160514407453038,20000,0.106147632870317,6.72949834985334e-05,0.00951694783432995,0.106084712178341,0.099575490525028,0.112576291532546,0.118376464299781,0.121963519566645,0.106147632870317,1.000742331995,1.01137731480069,0,0,0,0
"gaussian_phi050_N4096_M64_Q64","gaussian_phi050_N4096","gaussian","constant_sensitivity","N_4096","N = 4096",0.5,4096,64,64,1,0.5,1,"M = C sqrt(N)","Gaussian",1,0,0,"inside formal moment assumptions","regular","phi = 0.5",0.5,17,1877131599,"gaussian_phi050_N4096","gaussian","Gaussian","inside formal moment assumptions","regular",0.5,"phi = 0.5",4096,64,64,17,100000,20000,"K_leading",0.94678,-0.00322,0.000709842458577958,-0.00283,0.000409416154072934,0.05322,1.03466662400135,0.94565,0.00160306078331422,20000,0.106238386577035,6.73534040078399e-05,0.00952520974198815,0.10617473063791,0.0996602242000278,0.112672757966782,0.118478083566477,0.122068240019259,0.106238386577035,1.0015979429365,1.01224201840007,0,0,0,0
"gaussian_phi050_N4096_M64_Q64","gaussian_phi050_N4096","gaussian","constant_sensitivity","N_4096","N = 4096",0.5,4096,64,64,1,0.5,1,"M = C sqrt(N)","Gaussian",1,0,0,"inside formal moment assumptions","regular","phi = 0.5",0.5,17,1877131599,"gaussian_phi050_N4096","gaussian","Gaussian","inside formal moment assumptions","regular",0.5,"phi = 0.5",4096,64,64,17,100000,20000,"VK_asym_full_feasible",0.94874,-0.00125999999999993,0.000697369431506716,-0.00087,0.000416045865189908,0.05126,1.01655811895425,0.94775,0.00157353006803175,20000,0.107403390543087,7.19963663212514e-05,0.0101818237693095,0.107271875303624,0.100322631323977,0.114235064489882,0.1205136492267,0.124416270253963,0.107403390543087,1.01258140770387,1.02334220547968,0,0,0,0
"gaussian_phi050_N4096_M64_Q64","gaussian_phi050_N4096","gaussian","constant_sensitivity","N_4096","N = 4096",0.5,4096,64,64,1,0.5,1,"M = C sqrt(N)","Gaussian",1,0,0,"inside formal moment assumptions","regular","phi = 0.5",0.5,17,1877131599,"gaussian_phi050_N4096","gaussian","Gaussian","inside formal moment assumptions","regular",0.5,"phi = 0.5",4096,64,64,17,100000,20000,"V_feasible",0.94616,-0.00383999999999995,0.00071373142287558,-0.00345,0.000422590535657873,0.05384,1.03922347468468,0.9455,0.00160514407453038,20000,0.106189756594876,7.11684461769043e-05,0.0100647381796398,0.106061156496337,0.0991943769777841,0.112943773559799,0.119153110033716,0.122984431034481,0.106189756594876,1.0011394675053,1.01177867070738,0,0,0,0
"gaussian_phi050_N4096_M64_Q64","gaussian_phi050_N4096","gaussian","constant_sensitivity","N_4096","N = 4096",0.5,4096,64,64,1,0.5,1,"M = C sqrt(N)","Gaussian",1,0,0,"inside formal moment assumptions","regular","phi = 0.5",0.5,17,1877131599,"gaussian_phi050_N4096","gaussian","Gaussian","inside formal moment assumptions","regular",0.5,"phi = 0.5",4096,64,64,17,100000,20000,"VK_asym_full_oracle",0.94871,-0.0012899999999999,0.000697562440932709,-9e-04,0.000405701301372647,0.0512899999999999,1.01513003375808,0.9479,0.00157139412624586,20000,0.107283080285439,6.80261609777859e-05,0.00962035194509602,0.107210946555298,0.100639302422544,0.113781626791544,0.11964677748842,0.1232833108741,0.107283080285439,1.01144714248715,1.02219588631991,0,0,0,0
"gaussian_phi050_N4096_M64_Q64","gaussian_phi050_N4096","gaussian","constant_sensitivity","N_4096","N = 4096",0.5,4096,64,64,1,0.5,1,"M = C sqrt(N)","Gaussian",1,0,0,"inside formal moment assumptions","regular","phi = 0.5",0.5,17,1877131599,"gaussian_phi050_N4096","gaussian","Gaussian","inside formal moment assumptions","regular",0.5,"phi = 0.5",4096,64,64,17,100000,20000,"VK_leading_oracle",0.94885,-0.00114999999999998,0.000696661162258957,-0.00076,0.000405210890720696,0.05115,1.01344096548228,0.94795,0.00157068134101096,20000,0.107374855002772,6.80852848735613e-05,0.00962871332662261,0.107302672314843,0.100724476154422,0.113878680936531,0.11974763921006,0.123390713901735,0.107374855002772,1.01231237934791,1.0230703181341,0,0,0,0
"gaussian_phi050_N4096_M64_Q64","gaussian_phi050_N4096","gaussian","constant_sensitivity","N_4096","N = 4096",0.5,4096,64,64,1,0.5,1,"M = C sqrt(N)","Gaussian",1,0,0,"inside formal moment assumptions","regular","phi = 0.5",0.5,17,1877131599,"gaussian_phi050_N4096","gaussian","Gaussian","inside formal moment assumptions","regular",0.5,"phi = 0.5",4096,64,64,17,100000,20000,"F_feasible_leading",0.9489,-0.00109999999999999,0.000696338926098491,-0.00071,0.000415808475102275,0.0511,1.01486667449676,0.9479,0.00157139412624586,20000,0.107495637243125,7.20593250034748e-05,0.0101907274715365,0.107365721600864,0.100409161179009,0.114333656732884,0.120617893765065,0.124521922924367,0.107495637243125,1.01345109433953,1.02422113435694,0,0,0,0
"gaussian_phi050_N4096_M32_Q128","gaussian_phi050_N4096","gaussian","constant_sensitivity","N_4096","N = 4096",0.5,4096,32,128,0.5,0.5,0.5,"M = C sqrt(N)","Gaussian",1,0,0,"inside formal moment assumptions","regular","phi = 0.5",0.416666666666667,16,1877131599,"gaussian_phi050_N4096","gaussian","Gaussian","inside formal moment assumptions","regular",0.5,"phi = 0.5",4096,32,128,16,100000,20000,"F_feasible_leading",0.94946,-0.000539999999999985,0.000692717174610245,-0.00015,0.000364556036859959,0.05054,1.01032222312017,0.94965,0.00154620305102532,20000,0.107053562061835,5.62922337754025e-05,0.0079609240461451,0.106986963143377,0.101639795729101,0.112338580593168,0.117153363338041,0.120358320855097,0.107053562061835,1.00928328262411,1.02984247582113,0,0,0,0
"gaussian_phi050_N4096_M32_Q128","gaussian_phi050_N4096","gaussian","constant_sensitivity","N_4096","N = 4096",0.5,4096,32,128,0.5,0.5,0.5,"M = C sqrt(N)","Gaussian",1,0,0,"inside formal moment assumptions","regular","phi = 0.5",0.416666666666667,16,1877131599,"gaussian_phi050_N4096","gaussian","Gaussian","inside formal moment assumptions","regular",0.5,"phi = 0.5",4096,32,128,16,100000,20000,"K_asym_full",0.94452,-0.00547999999999993,0.000723892047200409,-0.00509,0.000351912144464459,0.05548,1.05351614365171,0.9445,0.00161894641665498,20000,0.104487572414086,4.69723802457747e-05,0.00664289772005207,0.104422800210831,0.0999688213206014,0.108876679438835,0.112953025050146,0.115448329773446,0.104487572414086,0.985091556492068,1.00515796200511,0,0,0,0
"gaussian_phi050_N4096_M32_Q128","gaussian_phi050_N4096","gaussian","constant_sensitivity","N_4096","N = 4096",0.5,4096,32,128,0.5,0.5,0.5,"M = C sqrt(N)","Gaussian",1,0,0,"inside formal moment assumptions","regular","phi = 0.5",0.416666666666667,16,1877131599,"gaussian_phi050_N4096","gaussian","Gaussian","inside formal moment assumptions","regular",0.5,"phi = 0.5",4096,32,128,16,100000,20000,"K_leading",0.94467,-0.00532999999999995,0.000722970200630704,-0.00494,0.000350652525403619,0.05533,1.05178395663485,0.9446,0.00161757287316522,20000,0.10457483232568,4.70118526289833e-05,0.00664847995801934,0.104510039548418,0.100052158516741,0.108967546355202,0.113047243376809,0.115545178723667,0.10457483232568,0.985914228510812,1.00599739192846,0,0,0,0
"gaussian_phi050_N4096_M32_Q128","gaussian_phi050_N4096","gaussian","constant_sensitivity","N_4096","N = 4096",0.5,4096,32,128,0.5,0.5,0.5,"M = C sqrt(N)","Gaussian",1,0,0,"inside formal moment assumptions","regular","phi = 0.5",0.416666666666667,16,1877131599,"gaussian_phi050_N4096","gaussian","Gaussian","inside formal moment assumptions","regular",0.5,"phi = 0.5",4096,32,128,16,100000,20000,"V_oracle",0.94809,-0.00190999999999997,0.000701536541457393,-0.00152,0.000344061157035777,0.05191,1.02024382615552,0.94805,0.00156925456029288,20000,0.106202935261761,4.77485096459579e-05,0.00675265899244162,0.10613657563322,0.101605004887155,0.110662866568494,0.114804943459315,0.117352450607386,0.106202935261761,1.00126371379771,1.02165954764092,0,0,0,0
"gaussian_phi050_N4096_M32_Q128","gaussian_phi050_N4096","gaussian","constant_sensitivity","N_4096","N = 4096",0.5,4096,32,128,0.5,0.5,0.5,"M = C sqrt(N)","Gaussian",1,0,0,"inside formal moment assumptions","regular","phi = 0.5",0.416666666666667,16,1877131599,"gaussian_phi050_N4096","gaussian","Gaussian","inside formal moment assumptions","regular",0.5,"phi = 0.5",4096,32,128,16,100000,20000,"raw",0.9433,-0.00669999999999993,0.000731335148888661,-0.00631,0.000356234624975002,0.0567,1.06425570315621,0.94325,0.00163599262681713,20000,0.103951395067947,4.67298597670282e-05,0.00660860014503241,0.10388910179981,0.0994564280223819,0.108316654431013,0.112374084297108,0.114854902421436,0.103951395067947,0.980036565125529,1,0,0,0,0
"gaussian_phi050_N4096_M32_Q128","gaussian_phi050_N4096","gaussian","constant_sensitivity","N_4096","N = 4096",0.5,4096,32,128,0.5,0.5,0.5,"M = C sqrt(N)","Gaussian",1,0,0,"inside formal moment assumptions","regular","phi = 0.5",0.416666666666667,16,1877131599,"gaussian_phi050_N4096","gaussian","Gaussian","inside formal moment assumptions","regular",0.5,"phi = 0.5",4096,32,128,16,100000,20000,"VK_asym_full_oracle",0.9494,-0.000599999999999934,0.000693106341047317,-0.00021,0.000340148079528843,0.0506,1.00994839692023,0.9496,0.00154692986266346,20000,0.106751081769965,4.79966042142485e-05,0.00678774486276439,0.106682443796269,0.102128581644041,0.111233807456724,0.115396960453389,0.117961745761847,0.106751081769965,1.00643154844518,1.02693265155497,0,0,0,0
"gaussian_phi050_N4096_M32_Q128","gaussian_phi050_N4096","gaussian","constant_sensitivity","N_4096","N = 4096",0.5,4096,32,128,0.5,0.5,0.5,"M = C sqrt(N)","Gaussian",1,0,0,"inside formal moment assumptions","regular","phi = 0.5",0.416666666666667,16,1877131599,"gaussian_phi050_N4096","gaussian","Gaussian","inside formal moment assumptions","regular",0.5,"phi = 0.5",4096,32,128,16,100000,20000,"VK_leading_oracle",0.94962,-0.000379999999999936,0.000691678072516398,1e-05,0.000339560233259904,0.05038,1.00828784381776,0.94965,0.00154620305102532,20000,0.106840290128972,4.8036984308474e-05,0.00679345547045474,0.106771808434753,0.102214640217252,0.111327270532764,0.115493278782715,0.118061250369474,0.106840290128972,1.00727259010397,1.02779082530962,0,0,0,0
"gaussian_phi050_N4096_M32_Q128","gaussian_phi050_N4096","gaussian","constant_sensitivity","N_4096","N = 4096",0.5,4096,32,128,0.5,0.5,0.5,"M = C sqrt(N)","Gaussian",1,0,0,"inside formal moment assumptions","regular","phi = 0.5",0.416666666666667,16,1877131599,"gaussian_phi050_N4096","gaussian","Gaussian","inside formal moment assumptions","regular",0.5,"phi = 0.5",4096,32,128,16,100000,20000,"VK_asym_full_feasible",0.94929,-0.000709999999999988,0.000693819111152179,-0.00032,0.00036496617377927,0.05071,1.01198612664968,0.9494,0.00154983289421795,20000,0.10696354665779,5.62446020588644e-05,0.00795418790419238,0.106896878615921,0.101554866312664,0.112243807413019,0.117054914362498,0.120256976692993,0.10696354665779,1.00843463227814,1.02897653838964,0,0,0,0
"gaussian_phi050_N4096_M32_Q128","gaussian_phi050_N4096","gaussian","constant_sensitivity","N_4096","N = 4096",0.5,4096,32,128,0.5,0.5,0.5,"M = C sqrt(N)","Gaussian",1,0,0,"inside formal moment assumptions","regular","phi = 0.5",0.416666666666667,16,1877131599,"gaussian_phi050_N4096","gaussian","Gaussian","inside formal moment assumptions","regular",0.5,"phi = 0.5",4096,32,128,16,100000,20000,"V_feasible",0.94818,-0.00181999999999993,0.000700961394086721,-0.00143,0.000366170577475742,0.05182,1.02230232853266,0.94785,0.0015721065087964,20000,0.106410475681102,5.59519696277296e-05,0.00791280342890227,0.10634515954598,0.101031245442936,0.111661565330501,0.116450036377638,0.119634305460786,0.106410475681102,1.00322037055602,1.02365606167717,0,0,0,0
"gaussian_phi050_N4096_M128_Q32","gaussian_phi050_N4096","gaussian","constant_sensitivity","N_4096","N = 4096",0.5,4096,128,32,2,0.5,2,"M = C sqrt(N)","Gaussian",1,0,0,"inside formal moment assumptions","regular","phi = 0.5",0.583333333333333,17,1877131599,"gaussian_phi050_N4096","gaussian","Gaussian","inside formal moment assumptions","regular",0.5,"phi = 0.5",4096,128,32,17,100000,20000,"VK_asym_full_oracle",0.94636,-0.00363999999999998,0.000712479827082845,-0.00325,0.000496987771447598,0.05364,1.03483523891447,0.9446,0.00161757287316522,20000,0.108119787896077,9.85107313323165e-05,0.0139315212289454,0.107658940094232,0.0985917594722534,0.117509196317623,0.126083574706286,0.131389667077195,0.108119787896077,1.01933548349699,1.02972003446348,0,0,0,0
"gaussian_phi050_N4096_M128_Q32","gaussian_phi050_N4096","gaussian","constant_sensitivity","N_4096","N = 4096",0.5,4096,128,32,2,0.5,2,"M = C sqrt(N)","Gaussian",1,0,0,"inside formal moment assumptions","regular","phi = 0.5",0.583333333333333,17,1877131599,"gaussian_phi050_N4096","gaussian","Gaussian","inside formal moment assumptions","regular",0.5,"phi = 0.5",4096,128,32,17,100000,20000,"VK_leading_oracle",0.94658,-0.00341999999999998,0.000711099877654328,-0.00303,0.000495591209674335,0.05342,1.03307111474312,0.9448,0.0016148213523483,20000,0.108215626559053,9.86005160935127e-05,0.0139442187116432,0.107752934216048,0.0986795818556471,0.117612544363163,0.126195837966015,0.131502655888779,0.108215626559053,1.02023903456533,1.03063279052103,0,0,0,0
"gaussian_phi050_N4096_M128_Q32","gaussian_phi050_N4096","gaussian","constant_sensitivity","N_4096","N = 4096",0.5,4096,128,32,2,0.5,2,"M = C sqrt(N)","Gaussian",1,0,0,"inside formal moment assumptions","regular","phi = 0.5",0.583333333333333,17,1877131599,"gaussian_phi050_N4096","gaussian","Gaussian","inside formal moment assumptions","regular",0.5,"phi = 0.5",4096,128,32,17,100000,20000,"VK_asym_full_feasible",0.9463,-0.00369999999999993,0.000712855595474988,-0.00331,0.000498791466375748,0.0537,1.03565922449493,0.9447,0.00161619785298707,20000,0.108183678483527,0.000100119516710919,0.0141590378390822,0.107723661241107,0.0984785575930302,0.11772705566112,0.126429403836924,0.131873462221672,0.108183678483527,1.01993783339164,1.03032852083949,0,0,0,0
"gaussian_phi050_N4096_M128_Q32","gaussian_phi050_N4096","gaussian","constant_sensitivity","N_4096","N = 4096",0.5,4096,128,32,2,0.5,2,"M = C sqrt(N)","Gaussian",1,0,0,"inside formal moment assumptions","regular","phi = 0.5",0.583333333333333,17,1877131599,"gaussian_phi050_N4096","gaussian","Gaussian","inside formal moment assumptions","regular",0.5,"phi = 0.5",4096,128,32,17,100000,20000,"F_feasible_leading",0.94642,-0.00357999999999992,0.000712103809847974,-0.00319,0.000498197471899658,0.05358,1.03389369564308,0.94475,0.00161550978796168,20000,0.108279772848167,0.000100211143701526,0.0141719958523617,0.107817561494456,0.0985648116599421,0.117831860211238,0.126545461116236,0.131989102054822,0.108279772848167,1.02084379517299,1.03124371216935,0,0,0,0
"gaussian_phi050_N4096_M128_Q32","gaussian_phi050_N4096","gaussian","constant_sensitivity","N_4096","N = 4096",0.5,4096,128,32,2,0.5,2,"M = C sqrt(N)","Gaussian",1,0,0,"inside formal moment assumptions","regular","phi = 0.5",0.583333333333333,17,1877131599,"gaussian_phi050_N4096","gaussian","Gaussian","inside formal moment assumptions","regular",0.5,"phi = 0.5",4096,128,32,17,100000,20000,"raw",0.93957,-0.0104299999999999,0.000753513205590984,-0.01004,0.000514387626159786,0.06043,1.09493059305475,0.93755,0.00171099382669839,20000,0.104999207820999,9.55921983610121e-05,0.0135187783379202,0.104590482127091,0.0957637339333472,0.114125041405419,0.122435525766932,0.127566210218186,0.104999207820999,0.989915170513404,1,0,0,0,0
"gaussian_phi050_N4096_M128_Q32","gaussian_phi050_N4096","gaussian","constant_sensitivity","N_4096","N = 4096",0.5,4096,128,32,2,0.5,2,"M = C sqrt(N)","Gaussian",1,0,0,"inside formal moment assumptions","regular","phi = 0.5",0.583333333333333,17,1877131599,"gaussian_phi050_N4096","gaussian","Gaussian","inside formal moment assumptions","regular",0.5,"phi = 0.5",4096,128,32,17,100000,20000,"K_asym_full",0.9453,-0.00469999999999993,0.000719082123265486,-0.00431,0.000497711478838053,0.0547,1.04538783510077,0.9435,0.00163260145167153,20000,0.107551748381178,9.79787613818812e-05,0.0138562893170774,0.107098542144484,0.098074912148551,0.116896176211432,0.125420919874634,0.130697207938978,0.107551748381178,1.01398010087154,1.02431009350595,0,0,0,0
"gaussian_phi050_N4096_M128_Q32","gaussian_phi050_N4096","gaussian","constant_sensitivity","N_4096","N = 4096",0.5,4096,128,32,2,0.5,2,"M = C sqrt(N)","Gaussian",1,0,0,"inside formal moment assumptions","regular","phi = 0.5",0.583333333333333,17,1877131599,"gaussian_phi050_N4096","gaussian","Gaussian","inside formal moment assumptions","regular",0.5,"phi = 0.5",4096,128,32,17,100000,20000,"K_leading",0.9455,-0.00449999999999995,0.000717842252866185,-0.00411,0.000498330776026951,0.0545,1.0436057215053,0.9437,0.00162988205094725,20000,0.107647053026131,9.8067991967347e-05,0.0138689084274918,0.107190581541239,0.0981611806566431,0.116999640241685,0.12553181718429,0.130812012612265,0.107647053026131,1.01487861730626,1.02521776363919,0,0,0,0
"gaussian_phi050_N4096_M128_Q32","gaussian_phi050_N4096","gaussian","constant_sensitivity","N_4096","N = 4096",0.5,4096,128,32,2,0.5,2,"M = C sqrt(N)","Gaussian",1,0,0,"inside formal moment assumptions","regular","phi = 0.5",0.583333333333333,17,1877131599,"gaussian_phi050_N4096","gaussian","Gaussian","inside formal moment assumptions","regular",0.5,"phi = 0.5",4096,128,32,17,100000,20000,"V_oracle",0.94105,-0.0089499999999999,0.00074481472528408,-0.00856,0.000509774325264255,0.0589499999999999,1.08387789087803,0.939,0.00169232089155692,20000,0.105552965957452,9.61094151736864e-05,0.0135919238410374,0.105133187089652,0.0962607061605373,0.114726030371337,0.123075437166956,0.128246261020195,0.105552965957452,0.995135910664175,1.00527392680331,0,0,0,0
"gaussian_phi050_N4096_M128_Q32","gaussian_phi050_N4096","gaussian","constant_sensitivity","N_4096","N = 4096",0.5,4096,128,32,2,0.5,2,"M = C sqrt(N)","Gaussian",1,0,0,"inside formal moment assumptions","regular","phi = 0.5",0.583333333333333,17,1877131599,"gaussian_phi050_N4096","gaussian","Gaussian","inside formal moment assumptions","regular",0.5,"phi = 0.5",4096,128,32,17,100000,20000,"V_feasible",0.9411,-0.00889999999999991,0.000744518569278161,-0.00851,0.000514371893462743,0.0589,1.08474092657635,0.9391,0.00169102321095838,20000,0.105610204679357,9.76692551407121e-05,0.0138125185246873,0.105154263022113,0.096148298895034,0.11493119894969,0.123384996115031,0.128722023103437,0.105610204679357,0.995675547870311,1.00581906160092,0,0,0,0
"gaussian_phi050_N1024_M16_Q64","gaussian_phi050_N1024","gaussian","constant_sensitivity","N_1024","N = 1024",0.5,1024,16,64,0.5,0.5,0.5,"M = C sqrt(N)","Gaussian",1,0,0,"inside formal moment assumptions","regular","phi = 0.5",0.4,8,952606029,"gaussian_phi050_N1024","gaussian","Gaussian","inside formal moment assumptions","regular",0.5,"phi = 0.5",1024,16,64,8,100000,20000,"raw",0.93545,-0.01455,0.000777066905098911,-0.01442,0.000459698541685192,0.06455,1.12826923422771,0.93475,0.00174631665942921,20000,0.203156573810523,0.000128032277225616,0.0181064982873978,0.202782448617112,0.190784087491293,0.21533154743381,0.226601209545217,0.233398194002228,0.203156573810523,0.958131398028759,1,0,0,0,0
"gaussian_phi050_N1024_M16_Q64","gaussian_phi050_N1024","gaussian","constant_sensitivity","N_1024","N = 1024",0.5,1024,16,64,0.5,0.5,0.5,"M = C sqrt(N)","Gaussian",1,0,0,"inside formal moment assumptions","regular","phi = 0.5",0.4,8,952606029,"gaussian_phi050_N1024","gaussian","Gaussian","inside formal moment assumptions","regular",0.5,"phi = 0.5",1024,16,64,8,100000,20000,"K_asym_full",0.93757,-0.0124299999999999,0.000765065324661888,-0.0123,0.000447089587097473,0.06243,1.1091709268775,0.9368,0.00172054874967262,20000,0.204943948226328,0.00012917392030431,0.0182679509999256,0.2045658957508,0.192466394755036,0.217218291967112,0.228600108530169,0.23545273595915,0.204943948226328,0.966561051648602,1.00879801417341,0,0,0,0
"gaussian_phi050_N1024_M16_Q64","gaussian_phi050_N1024","gaussian","constant_sensitivity","N_1024","N = 1024",0.5,1024,16,64,0.5,0.5,0.5,"M = C sqrt(N)","Gaussian",1,0,0,"inside formal moment assumptions","regular","phi = 0.5",0.4,8,952606029,"gaussian_phi050_N1024","gaussian","Gaussian","inside formal moment assumptions","regular",0.5,"phi = 0.5",1024,16,64,8,100000,20000,"K_leading",0.93835,-0.0116499999999999,0.000760587125186852,-0.01152,0.00044348039725407,0.06165,1.1018254240505,0.93775,0.001708434041747,20000,0.205644067976593,0.000129621286260745,0.0183312181002191,0.205262683566226,0.193122562493114,0.217961635831813,0.22937776729986,0.236264122259365,0.205644067976593,0.9698629714562,1.01224422187977,0,0,0,0
"gaussian_phi050_N1024_M16_Q64","gaussian_phi050_N1024","gaussian","constant_sensitivity","N_1024","N = 1024",0.5,1024,16,64,0.5,0.5,0.5,"M = C sqrt(N)","Gaussian",1,0,0,"inside formal moment assumptions","regular","phi = 0.5",0.4,8,952606029,"gaussian_phi050_N1024","gaussian","Gaussian","inside formal moment assumptions","regular",0.5,"phi = 0.5",1024,16,64,8,100000,20000,"V_oracle",0.94562,-0.00437999999999994,0.000717097033880353,-0.00425,0.000414874795825153,0.05438,1.03559666586928,0.9458,0.00160097407849097,20000,0.212298423819905,0.00013387861618333,0.0189332954718208,0.211874637153857,0.199333194216593,0.225015262362707,0.236815012916096,0.243930335432355,0.212298423819905,1.00124638744686,1.04499903615183,0,0,0,0
"gaussian_phi050_N1024_M16_Q64","gaussian_phi050_N1024","gaussian","constant_sensitivity","N_1024","N = 1024",0.5,1024,16,64,0.5,0.5,0.5,"M = C sqrt(N)","Gaussian",1,0,0,"inside formal moment assumptions","regular","phi = 0.5",0.4,8,952606029,"gaussian_phi050_N1024","gaussian","Gaussian","inside formal moment assumptions","regular",0.5,"phi = 0.5",1024,16,64,8,100000,20000,"V_feasible",0.94543,-0.00456999999999996,0.00071827651430351,-0.00444,0.000439095424763138,0.05457,1.0401962331094,0.9453,0.00160791650902651,20000,0.212916878521352,0.000154233696798577,0.0218119385787487,0.212373234189849,0.19790750253647,0.227564400378529,0.241310296126196,0.249012661596941,0.212916878521352,1.00416315679673,1.04804326302496,0,0,0,0
"gaussian_phi050_N1024_M16_Q64","gaussian_phi050_N1024","gaussian","constant_sensitivity","N_1024","N = 1024",0.5,1024,16,64,0.5,0.5,0.5,"M = C sqrt(N)","Gaussian",1,0,0,"inside formal moment assumptions","regular","phi = 0.5",0.4,8,952606029,"gaussian_phi050_N1024","gaussian","Gaussian","inside formal moment assumptions","regular",0.5,"phi = 0.5",1024,16,64,8,100000,20000,"VK_asym_full_oracle",0.94751,-0.00248999999999999,0.00070522904009974,-0.00236,0.000410787039060283,0.05249,1.01806703480638,0.9476,0.00157566240038912,20000,0.214170581263045,0.000135078185526121,0.019102940195179,0.213724978222398,0.201081560510081,0.226995833628777,0.238891861134032,0.246074854623667,0.214170581263045,1.0100758966017,1.05421437882091,0,0,0,0
"gaussian_phi050_N1024_M16_Q64","gaussian_phi050_N1024","gaussian","constant_sensitivity","N_1024","N = 1024",0.5,1024,16,64,0.5,0.5,0.5,"M = C sqrt(N)","Gaussian",1,0,0,"inside formal moment assumptions","regular","phi = 0.5",0.4,8,952606029,"gaussian_phi050_N1024","gaussian","Gaussian","inside formal moment assumptions","regular",0.5,"phi = 0.5",1024,16,64,8,100000,20000,"VK_leading_oracle",0.94822,-0.00178,0.000700705584393332,-0.00165,0.000408991989829235,0.05178,1.01132486901296,0.94835,0.00156496449640239,20000,0.214903940693212,0.00013554830302078,0.0191694248488646,0.21445820958999,0.201768856631022,0.22778180259506,0.239709999453594,0.24691486083104,0.214903940693212,1.01353458210178,1.05782420259581,0,0,0,0
"gaussian_phi050_N1024_M16_Q64","gaussian_phi050_N1024","gaussian","constant_sensitivity","N_1024","N = 1024",0.5,1024,16,64,0.5,0.5,0.5,"M = C sqrt(N)","Gaussian",1,0,0,"inside formal moment assumptions","regular","phi = 0.5",0.4,8,952606029,"gaussian_phi050_N1024","gaussian","Gaussian","inside formal moment assumptions","regular",0.5,"phi = 0.5",1024,16,64,8,100000,20000,"VK_asym_full_feasible",0.94729,-0.00270999999999999,0.000706623350166127,-0.00258,0.000434896915778065,0.05271,1.02258874478854,0.94745,0.00157779113795204,20000,0.214818232093189,0.000155627779214253,0.0220090916046802,0.214274099950332,0.199666192548437,0.229604221122335,0.243458673417691,0.251232568922297,0.214818232093189,1.01313036136098,1.05740231814277,0,0,0,0
"gaussian_phi050_N1024_M16_Q64","gaussian_phi050_N1024","gaussian","constant_sensitivity","N_1024","N = 1024",0.5,1024,16,64,0.5,0.5,0.5,"M = C sqrt(N)","Gaussian",1,0,0,"inside formal moment assumptions","regular","phi = 0.5",0.4,8,952606029,"gaussian_phi050_N1024","gaussian","Gaussian","inside formal moment assumptions","regular",0.5,"phi = 0.5",1024,16,64,8,100000,20000,"F_feasible_leading",0.94799,-0.00200999999999996,0.000702174906273359,-0.00188,0.000434242491777828,0.05201,1.0158166338959,0.9479,0.00157139412624586,20000,0.215563196006544,0.000156174194361836,0.0220863663759201,0.215021771236676,0.200358271812782,0.230395678830328,0.244301747781882,0.252098784724641,0.215563196006544,1.01664377617398,1.06106926280216,0,0,0,0
"gaussian_phi050_N1024_M64_Q16","gaussian_phi050_N1024","gaussian","constant_sensitivity","N_1024","N = 1024",0.5,1024,64,16,2,0.5,2,"M = C sqrt(N)","Gaussian",1,0,0,"inside formal moment assumptions","regular","phi = 0.5",0.6,13,952606029,"gaussian_phi050_N1024","gaussian","Gaussian","inside formal moment assumptions","regular",0.5,"phi = 0.5",1024,64,16,13,100000,20000,"V_feasible",0.92409,-0.02591,0.000837542069988129,-0.02578,0.000668848555043588,0.07591,1.24125059198768,0.9259,0.00185214996693032,20000,0.206509827899478,0.000279567053080935,0.0395367518059737,0.205095403792549,0.179178686813894,0.232332461536162,0.258197537862066,0.273842581556351,0.206509827899478,0.97394608700453,1.01247370168987,0,0,0,3e-05
"gaussian_phi050_N1024_M64_Q16","gaussian_phi050_N1024","gaussian","constant_sensitivity","N_1024","N = 1024",0.5,1024,64,16,2,0.5,2,"M = C sqrt(N)","Gaussian",1,0,0,"inside formal moment assumptions","regular","phi = 0.5",0.6,13,952606029,"gaussian_phi050_N1024","gaussian","Gaussian","inside formal moment assumptions","regular",0.5,"phi = 0.5",1024,64,16,13,100000,20000,"VK_asym_full_oracle",0.93582,-0.01418,0.000774989855417476,-0.01405,0.000625243859864967,0.06418,1.12939873674119,0.93615,0.00172877380677751,20000,0.215937635974677,0.000283563613465056,0.0401019507957804,0.214758485612311,0.188281249952661,0.242257196861283,0.268442312975475,0.283870009905076,0.215937635974677,1.01840971799617,1.05869623665496,0,0,0,3e-05
"gaussian_phi050_N1024_M64_Q16","gaussian_phi050_N1024","gaussian","constant_sensitivity","N_1024","N = 1024",0.5,1024,64,16,2,0.5,2,"M = C sqrt(N)","Gaussian",1,0,0,"inside formal moment assumptions","regular","phi = 0.5",0.6,13,952606029,"gaussian_phi050_N1024","gaussian","Gaussian","inside formal moment assumptions","regular",0.5,"phi = 0.5",1024,64,16,13,100000,20000,"VK_leading_oracle",0.93669,-0.0133099999999999,0.000770076904601092,-0.01318,0.000622307599718569,0.06331,1.12134311094417,0.93685,0.00171991391499691,20000,0.216733399325185,0.000284648093785278,0.0402553194734788,0.215538032629023,0.188970944887624,0.243162810208801,0.269450657653447,0.284888104690928,0.216733399325185,1.02216271420605,1.06259769487297,0,0,0,3e-05
"gaussian_phi050_N1024_M64_Q16","gaussian_phi050_N1024","gaussian","constant_sensitivity","N_1024","N = 1024",0.5,1024,64,16,2,0.5,2,"M = C sqrt(N)","Gaussian",1,0,0,"inside formal moment assumptions","regular","phi = 0.5",0.6,13,952606029,"gaussian_phi050_N1024","gaussian","Gaussian","inside formal moment assumptions","regular",0.5,"phi = 0.5",1024,64,16,13,100000,20000,"VK_asym_full_feasible",0.93556,-0.01444,0.000776450168394599,-0.01431,0.000635024622800341,0.0644400000000001,1.13296440753042,0.9359,0.00173192364150386,20000,0.216507832902011,0.000293619088228552,0.0415240096744441,0.21503020838189,0.187777177954341,0.243649366638059,0.27071103186149,0.287280283435099,0.216507832902011,1.021098892995,1.06149179074351,0,0,0,3e-05
"gaussian_phi050_N1024_M64_Q16","gaussian_phi050_N1024","gaussian","constant_sensitivity","N_1024","N = 1024",0.5,1024,64,16,2,0.5,2,"M = C sqrt(N)","Gaussian",1,0,0,"inside formal moment assumptions","regular","phi = 0.5",0.6,13,952606029,"gaussian_phi050_N1024","gaussian","Gaussian","inside formal moment assumptions","regular",0.5,"phi = 0.5",1024,64,16,13,100000,20000,"F_feasible_leading",0.93637,-0.0136299999999999,0.000771888742630698,-0.0135,0.000631649815811655,0.06363,1.12488334898883,0.93675,0.00172118327757389,20000,0.217312512884008,0.00029475347745856,0.0416844365378528,0.215826466012737,0.188462628441795,0.24455680755463,0.271698281983823,0.288374782588083,0.217312512884008,1.02489394201386,1.06543696530655,0,0,0,3e-05
"gaussian_phi050_N1024_M64_Q16","gaussian_phi050_N1024","gaussian","constant_sensitivity","N_1024","N = 1024",0.5,1024,64,16,2,0.5,2,"M = C sqrt(N)","Gaussian",1,0,0,"inside formal moment assumptions","regular","phi = 0.5",0.6,13,952606029,"gaussian_phi050_N1024","gaussian","Gaussian","inside formal moment assumptions","regular",0.5,"phi = 0.5",1024,64,16,13,100000,20000,"raw",0.92195,-0.0280499999999999,0.000848281778066699,-0.02792,0.00066858747078603,0.07805,1.26202518869286,0.9233,0.00188171610504879,20000,0.203965621580889,0.000267307395023663,0.0378029743365087,0.202862822736312,0.177868520432234,0.228729563630611,0.253380972627724,0.267981604346529,0.203965621580889,0.961947046504976,1,0,0,0,3e-05
"gaussian_phi050_N1024_M64_Q16","gaussian_phi050_N1024","gaussian","constant_sensitivity","N_1024","N = 1024",0.5,1024,64,16,2,0.5,2,"M = C sqrt(N)","Gaussian",1,0,0,"inside formal moment assumptions","regular","phi = 0.5",0.6,13,952606029,"gaussian_phi050_N1024","gaussian","Gaussian","inside formal moment assumptions","regular",0.5,"phi = 0.5",1024,64,16,13,100000,20000,"K_asym_full",0.93344,-0.0165599999999999,0.000788224374147361,-0.01643,0.000631192945972426,0.06656,1.15192663707512,0.93385,0.00175747229707896,20000,0.213757267189089,0.000280594728937713,0.0396820871194117,0.212615374069067,0.186378207497707,0.239783315020832,0.26567133591968,0.281005472773168,0.213757267189089,1.00812661588645,1.04800635289568,0,0,0,3e-05
"gaussian_phi050_N1024_M64_Q16","gaussian_phi050_N1024","gaussian","constant_sensitivity","N_1024","N = 1024",0.5,1024,64,16,2,0.5,2,"M = C sqrt(N)","Gaussian",1,0,0,"inside formal moment assumptions","regular","phi = 0.5",0.6,13,952606029,"gaussian_phi050_N1024","gaussian","Gaussian","inside formal moment assumptions","regular",0.5,"phi = 0.5",1024,64,16,13,100000,20000,"K_leading",0.9343,-0.0156999999999999,0.000783476291919545,-0.01557,0.000628235384069521,0.0657,1.1437103272529,0.93485,0.00174507130943122,20000,0.214544927080985,0.000281666809305938,0.0398337021790813,0.21340675955359,0.187060371105579,0.240684992369993,0.266683952212136,0.28202649123024,0.214544927080985,1.01184139439073,1.05186808158207,0,0,0,3e-05
"gaussian_phi050_N1024_M64_Q16","gaussian_phi050_N1024","gaussian","constant_sensitivity","N_1024","N = 1024",0.5,1024,64,16,2,0.5,2,"M = C sqrt(N)","Gaussian",1,0,0,"inside formal moment assumptions","regular","phi = 0.5",0.6,13,952606029,"gaussian_phi050_N1024","gaussian","Gaussian","inside formal moment assumptions","regular",0.5,"phi = 0.5",1024,64,16,13,100000,20000,"V_oracle",0.92471,-0.0252899999999999,0.000834394486439118,-0.02516,0.000660207620935284,0.07529,1.23734412242116,0.926,0.00185099972987572,20000,0.206044993137673,0.00027012300132061,0.0382011611976532,0.20491640736147,0.179643526170562,0.23105261278739,0.255978215578895,0.270769627863991,0.206044993137673,0.971753823314377,1.01019471585784,0,0,0,3e-05
"gaussian_phi050_N1024_M32_Q32","gaussian_phi050_N1024","gaussian","constant_sensitivity","N_1024","N = 1024",0.5,1024,32,32,1,0.5,1,"M = C sqrt(N)","Gaussian",1,0,0,"inside formal moment assumptions","regular","phi = 0.5",0.5,13,952606029,"gaussian_phi050_N1024","gaussian","Gaussian","inside formal moment assumptions","regular",0.5,"phi = 0.5",1024,32,32,13,100000,20000,"VK_asym_full_oracle",0.94558,-0.00441999999999998,0.000717345548532923,-0.00429,0.000500318360831003,0.05442,1.03844830405679,0.94555,0.00160445002259341,20000,0.215893459116253,0.000196059536050075,0.0277270054914593,0.215197970492675,0.19685892445251,0.234535108268605,0.251780863196576,0.262333878092682,0.215893459116253,1.01820137014737,1.04374888785812,0,0,0,0
"gaussian_phi050_N1024_M32_Q32","gaussian_phi050_N1024","gaussian","constant_sensitivity","N_1024","N = 1024",0.5,1024,32,32,1,0.5,1,"M = C sqrt(N)","Gaussian",1,0,0,"inside formal moment assumptions","regular","phi = 0.5",0.5,13,952606029,"gaussian_phi050_N1024","gaussian","Gaussian","inside formal moment assumptions","regular",0.5,"phi = 0.5",1024,32,32,13,100000,20000,"VK_leading_oracle",0.94632,-0.00367999999999991,0.000712730366969164,-0.00355,0.000497570548530063,0.0536799999999999,1.03140320023008,0.9464,0.00159259285443581,20000,0.216659068268396,0.000196777187065811,0.0278284966714098,0.215968344443772,0.197557870834264,0.235356203198261,0.252683453128682,0.263297554214559,0.216659068268396,1.02181215247908,1.04745026771628,0,0,0,0
"gaussian_phi050_N1024_M32_Q32","gaussian_phi050_N1024","gaussian","constant_sensitivity","N_1024","N = 1024",0.5,1024,32,32,1,0.5,1,"M = C sqrt(N)","Gaussian",1,0,0,"inside formal moment assumptions","regular","phi = 0.5",0.5,13,952606029,"gaussian_phi050_N1024","gaussian","Gaussian","inside formal moment assumptions","regular",0.5,"phi = 0.5",1024,32,32,13,100000,20000,"VK_asym_full_feasible",0.94485,-0.00514999999999999,0.000721862019363812,-0.00502,0.000526071063172681,0.05515,1.04420463540265,0.9457,0.00160236559498761,20000,0.217042682782344,0.000219813847945911,0.0310863724962524,0.216220498234431,0.195889727211354,0.238039815945115,0.257270294771182,0.269356448694191,0.217042682782344,1.02362136349136,1.0493048733349,0,0,0,0
"gaussian_phi050_N1024_M32_Q32","gaussian_phi050_N1024","gaussian","constant_sensitivity","N_1024","N = 1024",0.5,1024,32,32,1,0.5,1,"M = C sqrt(N)","Gaussian",1,0,0,"inside formal moment assumptions","regular","phi = 0.5",0.5,13,952606029,"gaussian_phi050_N1024","gaussian","Gaussian","inside formal moment assumptions","regular",0.5,"phi = 0.5",1024,32,32,13,100000,20000,"F_feasible_leading",0.94577,-0.00422999999999996,0.000716164136912761,-0.0041,0.000523865101287004,0.05423,1.03712047912448,0.94655,0.00159048887924437,20000,0.217826158064744,0.000220629009345713,0.0312016537269648,0.216996625432497,0.196594647440745,0.238906311730086,0.258202543120842,0.270310659609168,0.217826158064744,1.02731640645042,1.05309262798952,0,0,0,0
"gaussian_phi050_N1024_M32_Q32","gaussian_phi050_N1024","gaussian","constant_sensitivity","N_1024","N = 1024",0.5,1024,32,32,1,0.5,1,"M = C sqrt(N)","Gaussian",1,0,0,"inside formal moment assumptions","regular","phi = 0.5",0.5,13,952606029,"gaussian_phi050_N1024","gaussian","Gaussian","inside formal moment assumptions","regular",0.5,"phi = 0.5",1024,32,32,13,100000,20000,"raw",0.93509,-0.01491,0.000779080816732128,-0.01478,0.000530488765369543,0.06491,1.12770670644115,0.93515,0.00174132819278848,20000,0.206844253083986,0.00018760097617094,0.0265307844815375,0.206194232576583,0.188670973938416,0.22465362877941,0.241120034879267,0.251199880416822,0.206844253083986,0.975523310244509,1,0,0,0,0
"gaussian_phi050_N1024_M32_Q32","gaussian_phi050_N1024","gaussian","constant_sensitivity","N_1024","N = 1024",0.5,1024,32,32,1,0.5,1,"M = C sqrt(N)","Gaussian",1,0,0,"inside formal moment assumptions","regular","phi = 0.5",0.5,13,952606029,"gaussian_phi050_N1024","gaussian","Gaussian","inside formal moment assumptions","regular",0.5,"phi = 0.5",1024,32,32,13,100000,20000,"K_asym_full",0.94057,-0.00942999999999994,0.000747650152812129,-0.0093,0.000510428942534662,0.05943,1.08218729511345,0.9405,0.00167271859558026,20000,0.211314464558398,0.00019177400729986,0.0271209402034099,0.210644367094928,0.192737925174201,0.22951640908297,0.2463728247428,0.25672763476726,0.211314464558398,0.996605817638323,1.0216114850075,0,0,0,0
"gaussian_phi050_N1024_M32_Q32","gaussian_phi050_N1024","gaussian","constant_sensitivity","N_1024","N = 1024",0.5,1024,32,32,1,0.5,1,"M = C sqrt(N)","Gaussian",1,0,0,"inside formal moment assumptions","regular","phi = 0.5",0.5,13,952606029,"gaussian_phi050_N1024","gaussian","Gaussian","inside formal moment assumptions","regular",0.5,"phi = 0.5",1024,32,32,13,100000,20000,"K_leading",0.94146,-0.00853999999999999,0.000742381764323451,-0.00841,0.000509701203601845,0.05854,1.07484545457672,0.94165,0.00165748721714528,20000,0.212062843157135,0.00019247365471372,0.0272198852895659,0.211374139822126,0.193411847106168,0.230337209560488,0.247255487978733,0.257629805700945,0.212062843157135,1.00013533686388,1.02522956280072,0,0,0,0
"gaussian_phi050_N1024_M32_Q32","gaussian_phi050_N1024","gaussian","constant_sensitivity","N_1024","N = 1024",0.5,1024,32,32,1,0.5,1,"M = C sqrt(N)","Gaussian",1,0,0,"inside formal moment assumptions","regular","phi = 0.5",0.5,13,952606029,"gaussian_phi050_N1024","gaussian","Gaussian","inside formal moment assumptions","regular",0.5,"phi = 0.5",1024,32,32,13,100000,20000,"V_oracle",0.94057,-0.00942999999999994,0.000747650152812129,-0.0093,0.000510428942534662,0.05943,1.08212794778238,0.9405,0.00167271859558026,20000,0.211320482428335,0.000191779632217622,0.0271217356869085,0.210650267155783,0.192743489370003,0.229523147487419,0.24637993542164,0.256734697428623,0.211320482428335,0.996634199245809,1.02164057873308,0,0,0,0
"gaussian_phi050_N1024_M32_Q32","gaussian_phi050_N1024","gaussian","constant_sensitivity","N_1024","N = 1024",0.5,1024,32,32,1,0.5,1,"M = C sqrt(N)","Gaussian",1,0,0,"inside formal moment assumptions","regular","phi = 0.5",0.5,13,952606029,"gaussian_phi050_N1024","gaussian","Gaussian","inside formal moment assumptions","regular",0.5,"phi = 0.5",1024,32,32,13,100000,20000,"V_feasible",0.93996,-0.0100399999999999,0.000751233641419232,-0.00991,0.00053769955384778,0.06004,1.08812640432732,0.94045,0.00167337678811438,20000,0.212365870365345,0.000214954115908022,0.0303991026005043,0.211552954377149,0.191691790531995,0.232896172937245,0.251698391125894,0.263484643267428,0.212365870365345,1.00156448029349,1.02669456462548,0,0,0,0
"gaussian_phi050_N100_M5_Q20","gaussian_phi050_N100","gaussian","constant_sensitivity","N_100","N = 100",0.5,100,5,20,0.5,0.5,0.5,"M = C sqrt(N)","Gaussian",1,0,0,"inside formal moment assumptions","regular","phi = 0.5",0.349485002168009,2,28603257,"gaussian_phi050_N100","gaussian","Gaussian","inside formal moment assumptions","regular",0.5,"phi = 0.5",100,5,20,2,100000,20000,"raw",0.88842,-0.06158,0.000995640013257804,-0.06203,0.000796385040851053,0.11158,1.56392197617628,0.88825,0.00222780090560176,20000,0.569035540976502,0.000673617219672402,0.0952638607908768,0.56598984984395,0.503601721644681,0.631173166773979,0.692203569238163,0.730255326720788,0.569035540976502,0.843753233753341,1,0,0,0,2e-05
"gaussian_phi050_N100_M5_Q20","gaussian_phi050_N100","gaussian","constant_sensitivity","N_100","N = 100",0.5,100,5,20,0.5,0.5,0.5,"M = C sqrt(N)","Gaussian",1,0,0,"inside formal moment assumptions","regular","phi = 0.5",0.349485002168009,2,28603257,"gaussian_phi050_N100","gaussian","Gaussian","inside formal moment assumptions","regular",0.5,"phi = 0.5",100,5,20,2,100000,20000,"K_asym_full",0.88978,-0.0602199999999999,0.000990310817874873,-0.06067,0.000789998577199681,0.11022,1.55088929304148,0.88985,0.00221378609513205,20000,0.571503110258624,0.000676617604705363,0.0956881793114722,0.568412788847208,0.505788020947191,0.633912720078643,0.695137612388721,0.733372100656297,0.571503110258624,0.847412090558187,1.00433640626012,0,0,0,2e-05
"gaussian_phi050_N100_M5_Q20","gaussian_phi050_N100","gaussian","constant_sensitivity","N_100","N = 100",0.5,100,5,20,0.5,0.5,0.5,"M = C sqrt(N)","Gaussian",1,0,0,"inside formal moment assumptions","regular","phi = 0.5",0.349485002168009,2,28603257,"gaussian_phi050_N100","gaussian","Gaussian","inside formal moment assumptions","regular",0.5,"phi = 0.5",100,5,20,2,100000,20000,"K_leading",0.90156,-0.0484399999999999,0.000942069882758174,-0.04889,0.000738784905795571,0.09844,1.44662782796306,0.901,0.00211185937031801,20000,0.592459230808509,0.00070215485435498,0.0992996917914918,0.589232202992707,0.524126643973478,0.657246017117448,0.720840134308742,0.760330223565492,0.592459230808509,0.878485359638264,1.04116384328439,0,0,0,2e-05
"gaussian_phi050_N100_M5_Q20","gaussian_phi050_N100","gaussian","constant_sensitivity","N_100","N = 100",0.5,100,5,20,0.5,0.5,0.5,"M = C sqrt(N)","Gaussian",1,0,0,"inside formal moment assumptions","regular","phi = 0.5",0.349485002168009,2,28603257,"gaussian_phi050_N100","gaussian","Gaussian","inside formal moment assumptions","regular",0.5,"phi = 0.5",100,5,20,2,100000,20000,"V_oracle",0.9311,-0.0188999999999999,0.000800954368238291,-0.01935,0.000621417441496749,0.0689,1.1755832422271,0.93135,0.00178797619531134,20000,0.659784330610154,0.000784922561088934,0.111004813130459,0.656116120656053,0.583589701792783,0.731761781343996,0.803330964167428,0.847630251597171,0.659784330610154,0.978313519005819,1.15947824537976,0,0,0,2e-05
"gaussian_phi050_N100_M5_Q20","gaussian_phi050_N100","gaussian","constant_sensitivity","N_100","N = 100",0.5,100,5,20,0.5,0.5,0.5,"M = C sqrt(N)","Gaussian",1,0,0,"inside formal moment assumptions","regular","phi = 0.5",0.349485002168009,2,28603257,"gaussian_phi050_N100","gaussian","Gaussian","inside formal moment assumptions","regular",0.5,"phi = 0.5",100,5,20,2,100000,20000,"V_feasible",0.91419,-0.03581,0.000885701100258998,-0.03626,0.000697608049387266,0.0858100000000001,1.32901154780159,0.914,0.00198247320284537,20000,0.622727491078087,0.000786452872849646,0.111221231895125,0.619293584088692,0.546078689912114,0.695125408707549,0.76660228474787,0.811124046486903,0.622727491078087,0.923366462211784,1.09435605728501,0,0,0,2e-05
"gaussian_phi050_N100_M5_Q20","gaussian_phi050_N100","gaussian","constant_sensitivity","N_100","N = 100",0.5,100,5,20,0.5,0.5,0.5,"M = C sqrt(N)","Gaussian",1,0,0,"inside formal moment assumptions","regular","phi = 0.5",0.349485002168009,2,28603257,"gaussian_phi050_N100","gaussian","Gaussian","inside formal moment assumptions","regular",0.5,"phi = 0.5",100,5,20,2,100000,20000,"VK_asym_full_oracle",0.93216,-0.01784,0.000795221569123977,-0.01829,0.000617380409946498,0.06784,1.16578671520854,0.93205,0.00177950551418083,20000,0.662660073198027,0.000788483964877555,0.111508471684355,0.659012253673133,0.586123618695247,0.734896731460962,0.806744317543093,0.851402355040409,0.662660073198027,0.982577606102726,1.1645319588665,0,0,0,2e-05
"gaussian_phi050_N100_M5_Q20","gaussian_phi050_N100","gaussian","constant_sensitivity","N_100","N = 100",0.5,100,5,20,0.5,0.5,0.5,"M = C sqrt(N)","Gaussian",1,0,0,"inside formal moment assumptions","regular","phi = 0.5",0.349485002168009,2,28603257,"gaussian_phi050_N100","gaussian","Gaussian","inside formal moment assumptions","regular",0.5,"phi = 0.5",100,5,20,2,100000,20000,"VK_leading_oracle",0.94023,-0.00976999999999995,0.00074965023244177,-0.01022,0.000596455424646919,0.05977,1.08741449906007,0.93995,0.00167994043793225,20000,0.68708086572557,0.000818817669406889,0.115798305318595,0.683117333911455,0.607720254586875,0.762259359246075,0.837066645840821,0.882938376667821,0.68708086572557,1.01878821366965,1.20744807002124,0,0,0,2e-05
"gaussian_phi050_N100_M5_Q20","gaussian_phi050_N100","gaussian","constant_sensitivity","N_100","N = 100",0.5,100,5,20,0.5,0.5,0.5,"M = C sqrt(N)","Gaussian",1,0,0,"inside formal moment assumptions","regular","phi = 0.5",0.349485002168009,2,28603257,"gaussian_phi050_N100","gaussian","Gaussian","inside formal moment assumptions","regular",0.5,"phi = 0.5",100,5,20,2,100000,20000,"VK_asym_full_feasible",0.91554,-0.0344599999999999,0.00087935492493077,-0.03491,0.000692327749102347,0.08446,1.31793645156991,0.9154,0.00196777590187501,20000,0.625479242578731,0.00078999761998879,0.111722534843061,0.622002467624566,0.548492386844987,0.698276214565699,0.769952101828363,0.814697892890623,0.625479242578731,0.927446698084519,1.0991918738597,0,0,0,2e-05
"gaussian_phi050_N100_M5_Q20","gaussian_phi050_N100","gaussian","constant_sensitivity","N_100","N = 100",0.5,100,5,20,0.5,0.5,0.5,"M = C sqrt(N)","Gaussian",1,0,0,"inside formal moment assumptions","regular","phi = 0.5",0.349485002168009,2,28603257,"gaussian_phi050_N100","gaussian","Gaussian","inside formal moment assumptions","regular",0.5,"phi = 0.5",100,5,20,2,100000,20000,"F_feasible_leading",0.92548,-0.02452,0.000830462338700558,-0.02497,0.000654270029645801,0.07452,1.22933568171647,0.92565,0.00185502125998599,20000,0.648866843298221,0.000820178351988218,0.115990734894655,0.645109274826708,0.569017054322104,0.724245641093463,0.798690437216146,0.845012564823976,0.648866843298221,0.962125311836725,1.14029229560024,0,0,0,2e-05
"gaussian_phi050_N100_M10_Q10","gaussian_phi050_N100","gaussian","constant_sensitivity","N_100","N = 100",0.5,100,10,10,1,0.5,1,"M = C sqrt(N)","Gaussian",1,0,0,"inside formal moment assumptions","regular","phi = 0.5",0.5,5,28603257,"gaussian_phi050_N100","gaussian","Gaussian","inside formal moment assumptions","regular",0.5,"phi = 0.5",100,10,10,5,100000,20000,"raw",0.88049,-0.06951,0.00102580387940386,-0.06996,0.000882305938231001,0.11951,1.75258330905801,0.88195,0.00228160247961822,20000,0.581375296951422,0.000984317907704123,0.139203573476188,0.57525586783131,0.483292013458695,0.671764377558109,0.763345037245132,0.818277141470456,0.581375296951422,0.862050349237023,1,0,0,0,0.00272
"gaussian_phi050_N100_M10_Q10","gaussian_phi050_N100","gaussian","constant_sensitivity","N_100","N = 100",0.5,100,10,10,1,0.5,1,"M = C sqrt(N)","Gaussian",1,0,0,"inside formal moment assumptions","regular","phi = 0.5",0.5,5,28603257,"gaussian_phi050_N100","gaussian","Gaussian","inside formal moment assumptions","regular",0.5,"phi = 0.5",100,10,10,5,100000,20000,"K_asym_full",0.89362,-0.05638,0.000975004079991464,-0.05683,0.00083869574048367,0.10638,1.60653469996984,0.8944,0.00217311573552814,20000,0.606856017324117,0.00102875231298272,0.145487547334286,0.600503840102699,0.504253726165672,0.701492976485378,0.797100648882258,0.85504252119139,0.606856017324117,0.89983259421935,1.04382835064769,0,0,0,0.00272
"gaussian_phi050_N100_M10_Q10","gaussian_phi050_N100","gaussian","constant_sensitivity","N_100","N = 100",0.5,100,10,10,1,0.5,1,"M = C sqrt(N)","Gaussian",1,0,0,"inside formal moment assumptions","regular","phi = 0.5",0.5,5,28603257,"gaussian_phi050_N100","gaussian","Gaussian","inside formal moment assumptions","regular",0.5,"phi = 0.5",100,10,10,5,100000,20000,"K_leading",0.90388,-0.0461199999999999,0.000932099488252193,-0.04657,0.000804374801437869,0.09612,1.48969581269931,0.90375,0.00208549679333247,20000,0.629776544781151,0.00106888478081161,0.151163135363797,0.623336806946411,0.522965147965546,0.728100190224036,0.827600704447603,0.887485667027407,0.629776544781151,0.933818642134772,1.08325301760073,0,0,0,0.00272
"gaussian_phi050_N100_M10_Q10","gaussian_phi050_N100","gaussian","constant_sensitivity","N_100","N = 100",0.5,100,10,10,1,0.5,1,"M = C sqrt(N)","Gaussian",1,0,0,"inside formal moment assumptions","regular","phi = 0.5",0.5,5,28603257,"gaussian_phi050_N100","gaussian","Gaussian","inside formal moment assumptions","regular",0.5,"phi = 0.5",100,10,10,5,100000,20000,"V_oracle",0.89945,-0.05055,0.000950997883804165,-0.051,0.000818166666374853,0.10055,1.53966256973173,0.89935,0.00212743481098717,20000,0.619668870754405,0.0010511675529204,0.148657540966657,0.613237640491733,0.514740491141243,0.716300580350103,0.814265430302572,0.873167052859411,0.619668870754405,0.918831208078972,1.06586721865168,0,0,0,0.00272
"gaussian_phi050_N100_M10_Q10","gaussian_phi050_N100","gaussian","constant_sensitivity","N_100","N = 100",0.5,100,10,10,1,0.5,1,"M = C sqrt(N)","Gaussian",1,0,0,"inside formal moment assumptions","regular","phi = 0.5",0.5,5,28603257,"gaussian_phi050_N100","gaussian","Gaussian","inside formal moment assumptions","regular",0.5,"phi = 0.5",100,10,10,5,100000,20000,"V_feasible",0.89535,-0.05465,0.000967979222400977,-0.0551,0.000852553322949178,0.10465,1.58001001527693,0.89535,0.00216446734209597,20000,0.623632438641673,0.00116609219030598,0.164910339050806,0.617668684098978,0.507937518223292,0.730207281674771,0.839115598520047,0.905079215038594,0.623632438641673,0.924708298315451,1.07268479055067,0,0,0,0.00272
"gaussian_phi050_N100_M10_Q10","gaussian_phi050_N100","gaussian","constant_sensitivity","N_100","N = 100",0.5,100,10,10,1,0.5,1,"M = C sqrt(N)","Gaussian",1,0,0,"inside formal moment assumptions","regular","phi = 0.5",0.5,5,28603257,"gaussian_phi050_N100","gaussian","Gaussian","inside formal moment assumptions","regular",0.5,"phi = 0.5",100,10,10,5,100000,20000,"VK_asym_full_oracle",0.91043,-0.03957,0.000903034966654116,-0.04002,0.000781530616099612,0.08957,1.41135735558742,0.91045,0.00201904429743381,20000,0.646640342631165,0.00109851327742157,0.15535323753765,0.639891827604305,0.536752646118753,0.747891411884912,0.850098207675231,0.911345120558772,0.646640342631165,0.95882390620825,1.11225975032303,0,0,0,0.00272
"gaussian_phi050_N100_M10_Q10","gaussian_phi050_N100","gaussian","constant_sensitivity","N_100","N = 100",0.5,100,10,10,1,0.5,1,"M = C sqrt(N)","Gaussian",1,0,0,"inside formal moment assumptions","regular","phi = 0.5",0.5,5,28603257,"gaussian_phi050_N100","gaussian","Gaussian","inside formal moment assumptions","regular",0.5,"phi = 0.5",100,10,10,5,100000,20000,"VK_leading_oracle",0.91929,-0.0307099999999999,0.000861370395938936,-0.03116,0.000755312020930747,0.0807099999999999,1.30871318427197,0.9194,0.00192488493162578,20000,0.670867183163895,0.00114123131645798,0.161394480553978,0.663781575723783,0.556709502960138,0.775651371002522,0.882628815804538,0.946152620073901,0.670867183163895,0.994746926074529,1.15393135326139,0,0,0,0.00272
"gaussian_phi050_N100_M10_Q10","gaussian_phi050_N100","gaussian","constant_sensitivity","N_100","N = 100",0.5,100,10,10,1,0.5,1,"M = C sqrt(N)","Gaussian",1,0,0,"inside formal moment assumptions","regular","phi = 0.5",0.5,5,28603257,"gaussian_phi050_N100","gaussian","Gaussian","inside formal moment assumptions","regular",0.5,"phi = 0.5",100,10,10,5,100000,20000,"VK_asym_full_feasible",0.90705,-0.0429499999999999,0.000918206390197759,-0.0434,0.000815580193304446,0.09295,1.44834251400385,0.90655,0.00205811925674874,20000,0.651931418307206,0.00121811361351215,0.172267279274018,0.645638110265641,0.530844463382535,0.76351554748352,0.877143455031409,0.945740284672507,0.651931418307206,0.966669395444357,1.12136071437118,0,0,0,0.00272
"gaussian_phi050_N100_M10_Q10","gaussian_phi050_N100","gaussian","constant_sensitivity","N_100","N = 100",0.5,100,10,10,1,0.5,1,"M = C sqrt(N)","Gaussian",1,0,0,"inside formal moment assumptions","regular","phi = 0.5",0.5,5,28603257,"gaussian_phi050_N100","gaussian","Gaussian","inside formal moment assumptions","regular",0.5,"phi = 0.5",100,10,10,5,100000,20000,"F_feasible_leading",0.91603,-0.0339699999999999,0.000877034999871727,-0.03442,0.000788390037727847,0.08397,1.34300851298539,0.91625,0.0019587743297787,20000,0.67741325030938,0.00126489694833232,0.178883441933591,0.670749903843995,0.551618457883605,0.793180323046191,0.911063718338419,0.982990146254672,0.67741325030938,1.00445328872613,1.16519097708753,0,0,0,0.00272
"gaussian_phi050_N100_M20_Q5","gaussian_phi050_N100","gaussian","constant_sensitivity","N_100","N = 100",0.5,100,20,5,2,0.5,2,"M = C sqrt(N)","Gaussian",1,0,0,"inside formal moment assumptions","regular","phi = 0.5",0.650514997831991,7,28603257,"gaussian_phi050_N100","gaussian","Gaussian","inside formal moment assumptions","regular",0.5,"phi = 0.5",100,20,5,7,100000,20000,"raw",0.80242,-0.14758,0.00125913519369447,-0.14803,0.00116943784223389,0.19758,1.94579111817406,0.79965,0.0028302815893476,20000,0.507936392221776,0.00130898516756141,0.185118457691056,0.49619376441342,0.374224302189714,0.62603325364027,0.753765208500524,0.833911234925763,0.507936392221776,0.753156776012039,1,0,0,0,0.06733
"gaussian_phi050_N100_M20_Q5","gaussian_phi050_N100","gaussian","constant_sensitivity","N_100","N = 100",0.5,100,20,5,2,0.5,2,"M = C sqrt(N)","Gaussian",1,0,0,"inside formal moment assumptions","regular","phi = 0.5",0.650514997831991,7,28603257,"gaussian_phi050_N100","gaussian","Gaussian","inside formal moment assumptions","regular",0.5,"phi = 0.5",100,20,5,7,100000,20000,"K_asym_full",0.83686,-0.11314,0.00116844058642278,-0.11359,0.00108530405778702,0.16314,1.49177319060011,0.8351,0.00262400447789252,20000,0.565522471909406,0.00146034916581668,0.206524559609818,0.552519238646271,0.416664927423787,0.697144752327313,0.839934971568061,0.929387380129712,0.565522471909406,0.838544133139566,1.11337262021282,0,0,0,0.06733
"gaussian_phi050_N100_M20_Q5","gaussian_phi050_N100","gaussian","constant_sensitivity","N_100","N = 100",0.5,100,20,5,2,0.5,2,"M = C sqrt(N)","Gaussian",1,0,0,"inside formal moment assumptions","regular","phi = 0.5",0.650514997831991,7,28603257,"gaussian_phi050_N100","gaussian","Gaussian","inside formal moment assumptions","regular",0.5,"phi = 0.5",100,20,5,7,100000,20000,"K_leading",0.84748,-0.10252,0.00113691534249477,-0.10297,0.0010608878573301,0.15252,1.36205378272184,0.84505,0.00255871547363125,20000,0.585638299657343,0.00151348109017499,0.214038548412069,0.572164669146408,0.431137075733211,0.72176365031334,0.869781000566532,0.962448649965094,0.585638299657343,0.868371434757353,1.15297566511368,0,0,0,0.06733
"gaussian_phi050_N100_M20_Q5","gaussian_phi050_N100","gaussian","constant_sensitivity","N_100","N = 100",0.5,100,20,5,2,0.5,2,"M = C sqrt(N)","Gaussian",1,0,0,"inside formal moment assumptions","regular","phi = 0.5",0.650514997831991,7,28603257,"gaussian_phi050_N100","gaussian","Gaussian","inside formal moment assumptions","regular",0.5,"phi = 0.5",100,20,5,7,100000,20000,"V_oracle",0.81005,-0.13995,0.00124043942818664,-0.1404,0.00115147369006703,0.18995,1.84061334527621,0.80705,0.00279034314646066,20000,0.519781850031909,0.00134003523549002,0.189509600408781,0.507833030946823,0.382986365160184,0.640796482187579,0.771439662820236,0.853344883310161,0.519781850031909,0.77072095717977,1.02332075037648,0,0,0,0.06733
"gaussian_phi050_N100_M20_Q5","gaussian_phi050_N100","gaussian","constant_sensitivity","N_100","N = 100",0.5,100,20,5,2,0.5,2,"M = C sqrt(N)","Gaussian",1,0,0,"inside formal moment assumptions","regular","phi = 0.5",0.650514997831991,7,28603257,"gaussian_phi050_N100","gaussian","Gaussian","inside formal moment assumptions","regular",0.5,"phi = 0.5",100,20,5,7,100000,20000,"V_feasible",0.8067,-0.1433,0.00124873980476319,-0.14375,0.00116647888181905,0.1933,1.88695424616082,0.8045,0.00280428021067796,20000,0.522189272840219,0.00141047603851152,0.199471434306527,0.50819670302513,0.37728229195271,0.650216799088226,0.787971762866509,0.875424847383897,0.522189272840219,0.774290630132073,1.02806036511009,0,0,0,0.06733
"gaussian_phi050_N100_M20_Q5","gaussian_phi050_N100","gaussian","constant_sensitivity","N_100","N = 100",0.5,100,20,5,2,0.5,2,"M = C sqrt(N)","Gaussian",1,0,0,"inside formal moment assumptions","regular","phi = 0.5",0.650514997831991,7,28603257,"gaussian_phi050_N100","gaussian","Gaussian","inside formal moment assumptions","regular",0.5,"phi = 0.5",100,20,5,7,100000,20000,"VK_asym_full_oracle",0.84319,-0.10681,0.00114987227073271,-0.10726,0.00107049725998894,0.15681,1.41113689804509,0.8416,0.00258175754090116,20000,0.577796797409995,0.00149275275567171,0.211107119234075,0.564496830803229,0.425509262766525,0.712324946830869,0.858414323636262,0.949475091799722,0.577796797409995,0.856744229772354,1.13753770404724,0,0,0,0.06733
"gaussian_phi050_N100_M20_Q5","gaussian_phi050_N100","gaussian","constant_sensitivity","N_100","N = 100",0.5,100,20,5,2,0.5,2,"M = C sqrt(N)","Gaussian",1,0,0,"inside formal moment assumptions","regular","phi = 0.5",0.650514997831991,7,28603257,"gaussian_phi050_N100","gaussian","Gaussian","inside formal moment assumptions","regular",0.5,"phi = 0.5",100,20,5,7,100000,20000,"VK_leading_oracle",0.85362,-0.0963799999999999,0.00111782331161951,-0.09683,0.00104458145805113,0.14638,1.28842934169335,0.85165,0.00251338693300494,20000,0.597966553064206,0.00154611339360255,0.218653453019942,0.583962986784708,0.44029125547786,0.737008867255122,0.88773733318486,0.983436305770346,0.597966553064206,0.886651494489159,1.17724691953775,0,0,0,0.06733
"gaussian_phi050_N100_M20_Q5","gaussian_phi050_N100","gaussian","constant_sensitivity","N_100","N = 100",0.5,100,20,5,2,0.5,2,"M = C sqrt(N)","Gaussian",1,0,0,"inside formal moment assumptions","regular","phi = 0.5",0.650514997831991,7,28603257,"gaussian_phi050_N100","gaussian","Gaussian","inside formal moment assumptions","regular",0.5,"phi = 0.5",100,20,5,7,100000,20000,"VK_asym_full_feasible",0.84106,-0.10894,0.0011561923559685,-0.10939,0.00108482719706895,0.15894,1.44666492205663,0.83855,0.00260176764431415,20000,0.581711465011152,0.00156722530781441,0.221639128560549,0.566262224678472,0.421108854814393,0.72328785478684,0.876351250148355,0.973429666957077,0.581711465011152,0.862548811753081,1.14524470764277,0,0,0,0.06733
"gaussian_phi050_N100_M20_Q5","gaussian_phi050_N100","gaussian","constant_sensitivity","N_100","N = 100",0.5,100,20,5,2,0.5,2,"M = C sqrt(N)","Gaussian",1,0,0,"inside formal moment assumptions","regular","phi = 0.5",0.650514997831991,7,28603257,"gaussian_phi050_N100","gaussian","Gaussian","inside formal moment assumptions","regular",0.5,"phi = 0.5",100,20,5,7,100000,20000,"F_feasible_leading",0.85112,-0.09888,0.00112567644374394,-0.09933,0.00105973899686074,0.14888,1.32086797231257,0.84895,0.0025321324757998,20000,0.602374803824682,0.00162129667691101,0.229285974911799,0.586698026717899,0.436194971365829,0.748216177133156,0.90726097434401,1.00714710281462,0.602374803824682,0.893187950591645,1.18592566519957,0,0,0,0.06733
"gaussian_phi050_N400_M20_Q20","gaussian_phi050_N400","gaussian","constant_sensitivity","N_400","N = 400",0.5,400,20,20,1,0.5,1,"M = C sqrt(N)","Gaussian",1,0,0,"inside formal moment assumptions","regular","phi = 0.5",0.5,10,328604157,"gaussian_phi050_N400","gaussian","Gaussian","inside formal moment assumptions","regular",0.5,"phi = 0.5",400,20,20,10,100000,20000,"F_feasible_leading",0.93962,-0.0103799999999999,0.00075322145216397,-0.0099,0.000622433750882568,0.06038,1.09637615945051,0.93925,0.0016890742656852,20000,0.350384523267013,0.000471791687702809,0.0667214203364205,0.349231413318583,0.304161044893375,0.394490009935082,0.437067282661943,0.462909395943019,0.350384523267013,1.03385880216946,1.09004886721364,0,0,0,0
"gaussian_phi050_N400_M20_Q20","gaussian_phi050_N400","gaussian","constant_sensitivity","N_400","N = 400",0.5,400,20,20,1,0.5,1,"M = C sqrt(N)","Gaussian",1,0,0,"inside formal moment assumptions","regular","phi = 0.5",0.5,10,328604157,"gaussian_phi050_N400","gaussian","Gaussian","inside formal moment assumptions","regular",0.5,"phi = 0.5",400,20,20,10,100000,20000,"raw",0.92143,-0.02857,0.000850862827369959,-0.02809,0.000644370755960194,0.07857,1.25127563114258,0.92125,0.00190457918580457,20000,0.321439280206455,0.000376367867930367,0.0532264543268571,0.320375271934234,0.284707926568075,0.356250792290407,0.390784569412979,0.411562100512526,0.321439280206455,0.948451792635857,1,0,0,0,0
"gaussian_phi050_N400_M20_Q20","gaussian_phi050_N400","gaussian","constant_sensitivity","N_400","N = 400",0.5,400,20,20,1,0.5,1,"M = C sqrt(N)","Gaussian",1,0,0,"inside formal moment assumptions","regular","phi = 0.5",0.5,10,328604157,"gaussian_phi050_N400","gaussian","Gaussian","inside formal moment assumptions","regular",0.5,"phi = 0.5",400,20,20,10,100000,20000,"K_asym_full",0.92984,-0.02016,0.000807697804875066,-0.01968,0.000611825726254783,0.07016,1.17828455265926,0.9305,0.00179819006225705,20000,0.331603315319445,0.000388669193276424,0.0549661244408129,0.330415336023403,0.293687021747983,0.367569391470326,0.403181874303362,0.424856671819928,0.331603315319445,0.978442207364069,1.03162038910261,0,0,0,0
"gaussian_phi050_N400_M20_Q20","gaussian_phi050_N400","gaussian","constant_sensitivity","N_400","N = 400",0.5,400,20,20,1,0.5,1,"M = C sqrt(N)","Gaussian",1,0,0,"inside formal moment assumptions","regular","phi = 0.5",0.5,10,328604157,"gaussian_phi050_N400","gaussian","Gaussian","inside formal moment assumptions","regular",0.5,"phi = 0.5",400,20,20,10,100000,20000,"K_leading",0.93211,-0.01789,0.00079549323001519,-0.01741,0.000605534958302043,0.06789,1.15742995880688,0.9332,0.00176547104196019,20000,0.334687057955521,0.000392410507051837,0.055495226109041,0.333485055975438,0.296387097646744,0.37101955001893,0.406909377769378,0.428767408911639,0.334687057955521,0.987541223605441,1.04121393546102,0,0,0,0
"gaussian_phi050_N400_M20_Q20","gaussian_phi050_N400","gaussian","constant_sensitivity","N_400","N = 400",0.5,400,20,20,1,0.5,1,"M = C sqrt(N)","Gaussian",1,0,0,"inside formal moment assumptions","regular","phi = 0.5",0.5,10,328604157,"gaussian_phi050_N400","gaussian","Gaussian","inside formal moment assumptions","regular",0.5,"phi = 0.5",400,20,20,10,100000,20000,"V_oracle",0.93056,-0.0194399999999999,0.000803853757844049,-0.01896,0.000609104994306352,0.0694399999999999,1.17176321266258,0.93115,0.00179038651553233,20000,0.332558541650611,0.000389827650121574,0.0551299549789963,0.331378249781712,0.29452733247451,0.368644816556065,0.404329753079177,0.426082568336941,0.332558541650611,0.98126073696501,1.03459210534884,0,0,0,0
"gaussian_phi050_N400_M20_Q20","gaussian_phi050_N400","gaussian","constant_sensitivity","N_400","N = 400",0.5,400,20,20,1,0.5,1,"M = C sqrt(N)","Gaussian",1,0,0,"inside formal moment assumptions","regular","phi = 0.5",0.5,10,328604157,"gaussian_phi050_N400","gaussian","Gaussian","inside formal moment assumptions","regular",0.5,"phi = 0.5",400,20,20,10,100000,20000,"V_feasible",0.92901,-0.02099,0.000812098638713303,-0.02051,0.0006504595529134,0.07099,1.18527152373028,0.9283,0.00182426848352977,20000,0.335994193320752,0.000452169371882608,0.0639464058206108,0.334841711473639,0.29168414692412,0.378221352243618,0.41903514145938,0.443527658566808,0.335994193320752,0.991398110292019,1.04528044333894,0,0,0,0
"gaussian_phi050_N400_M20_Q20","gaussian_phi050_N400","gaussian","constant_sensitivity","N_400","N = 400",0.5,400,20,20,1,0.5,1,"M = C sqrt(N)","Gaussian",1,0,0,"inside formal moment assumptions","regular","phi = 0.5",0.5,10,328604157,"gaussian_phi050_N400","gaussian","Gaussian","inside formal moment assumptions","regular",0.5,"phi = 0.5",400,20,20,10,100000,20000,"VK_asym_full_oracle",0.93809,-0.01191,0.000762083669290978,-0.01143,0.000591436428511543,0.06191,1.10341035859059,0.9388,0.00169491238711622,20000,0.343088048295716,0.000402624998874677,0.056939773395902,0.341877564366673,0.30376210561273,0.380377542572532,0.417245583673431,0.439753239470702,0.343088048295716,1.01232952683633,1.0673494791158,0,0,0,0
"gaussian_phi050_N400_M20_Q20","gaussian_phi050_N400","gaussian","constant_sensitivity","N_400","N = 400",0.5,400,20,20,1,0.5,1,"M = C sqrt(N)","Gaussian",1,0,0,"inside formal moment assumptions","regular","phi = 0.5",0.5,10,328604157,"gaussian_phi050_N400","gaussian","Gaussian","inside formal moment assumptions","regular",0.5,"phi = 0.5",400,20,20,10,100000,20000,"VK_leading_oracle",0.94001,-0.00998999999999994,0.000750940742668821,-0.00951,0.000586002587869994,0.05999,1.08388097171288,0.9403,0.00167534936655015,20000,0.346282679279851,0.000406517864888388,0.0574903077872112,0.345074313987608,0.306611673927641,0.383954968534068,0.42112090123171,0.443804670768644,0.346282679279851,1.02175573474025,1.07728799995271,0,0,0,0
"gaussian_phi050_N400_M20_Q20","gaussian_phi050_N400","gaussian","constant_sensitivity","N_400","N = 400",0.5,400,20,20,1,0.5,1,"M = C sqrt(N)","Gaussian",1,0,0,"inside formal moment assumptions","regular","phi = 0.5",0.5,10,328604157,"gaussian_phi050_N400","gaussian","Gaussian","inside formal moment assumptions","regular",0.5,"phi = 0.5",400,20,20,10,100000,20000,"VK_asym_full_feasible",0.93714,-0.01286,0.000767519513758445,-0.01238,0.000628387861685,0.06286,1.11613068484601,0.93635,0.00172624849746495,20000,0.347030092275662,0.000467214191457187,0.0660740646091933,0.345873327187331,0.301236598880531,0.390706804963347,0.432846118322995,0.458349163429734,0.347030092275662,1.02396108187536,1.0796132073615,0,0,0,0
"gaussian_phi050_N400_M10_Q40","gaussian_phi050_N400","gaussian","constant_sensitivity","N_400","N = 400",0.5,400,10,40,0.5,0.5,0.5,"M = C sqrt(N)","Gaussian",1,0,0,"inside formal moment assumptions","regular","phi = 0.5",0.38431089342012,5,328604157,"gaussian_phi050_N400","gaussian","Gaussian","inside formal moment assumptions","regular",0.5,"phi = 0.5",400,10,40,5,100000,20000,"VK_asym_full_oracle",0.945,-0.005,0.000720936890441875,-0.00452,0.000481038470374356,0.055,1.04321660870722,0.94485,0.00161413254567275,20000,0.341941190947268,0.000278707174091182,0.0394151465530429,0.341103118680105,0.314984646969355,0.368362148023999,0.392834635549091,0.40794959605422,0.341941190947268,1.00894556297437,1.08684747220062,0,0,0,0
"gaussian_phi050_N400_M10_Q40","gaussian_phi050_N400","gaussian","constant_sensitivity","N_400","N = 400",0.5,400,10,40,0.5,0.5,0.5,"M = C sqrt(N)","Gaussian",1,0,0,"inside formal moment assumptions","regular","phi = 0.5",0.38431089342012,5,328604157,"gaussian_phi050_N400","gaussian","Gaussian","inside formal moment assumptions","regular",0.5,"phi = 0.5",400,10,40,5,100000,20000,"VK_leading_oracle",0.94703,-0.00296999999999992,0.000708266751302078,-0.00249,0.000476697253403787,0.05297,1.02545973026114,0.94705,0.00158345030708261,20000,0.345006821825878,0.000281278291918513,0.03977875752323,0.344139337593901,0.317811214707316,0.371676422408228,0.396368617632432,0.411664208342149,0.345006821825878,1.01799113792871,1.09659146695565,0,0,0,0
"gaussian_phi050_N400_M10_Q40","gaussian_phi050_N400","gaussian","constant_sensitivity","N_400","N = 400",0.5,400,10,40,0.5,0.5,0.5,"M = C sqrt(N)","Gaussian",1,0,0,"inside formal moment assumptions","regular","phi = 0.5",0.38431089342012,5,328604157,"gaussian_phi050_N400","gaussian","Gaussian","inside formal moment assumptions","regular",0.5,"phi = 0.5",400,10,40,5,100000,20000,"VK_asym_full_feasible",0.9433,-0.00669999999999993,0.000731335148888661,-0.00622,0.000509524986783888,0.0567,1.06126182136674,0.943,0.00163937488086161,20000,0.341342958223693,0.000312765736671527,0.0442317546646486,0.340408533416584,0.311148610658777,0.370993937656733,0.398101790862528,0.415560427297747,0.341342958223693,1.00718039320817,1.08494601153832,0,0,0,0
"gaussian_phi050_N400_M10_Q40","gaussian_phi050_N400","gaussian","constant_sensitivity","N_400","N = 400",0.5,400,10,40,0.5,0.5,0.5,"M = C sqrt(N)","Gaussian",1,0,0,"inside formal moment assumptions","regular","phi = 0.5",0.38431089342012,5,328604157,"gaussian_phi050_N400","gaussian","Gaussian","inside formal moment assumptions","regular",0.5,"phi = 0.5",400,10,40,5,100000,20000,"F_feasible_leading",0.94534,-0.00466,0.000718834364787884,-0.00418,0.000503217456253341,0.05466,1.04319779036475,0.9454,0.00160653104545166,20000,0.3444569630676,0.000315674291244942,0.0446430863971112,0.343513353583459,0.313928782399249,0.374351111714477,0.401753582232782,0.419430756992656,0.3444569630676,1.01636870234881,1.09484376115908,0,0,0,0
"gaussian_phi050_N400_M10_Q40","gaussian_phi050_N400","gaussian","constant_sensitivity","N_400","N = 400",0.5,400,10,40,0.5,0.5,0.5,"M = C sqrt(N)","Gaussian",1,0,0,"inside formal moment assumptions","regular","phi = 0.5",0.38431089342012,5,328604157,"gaussian_phi050_N400","gaussian","Gaussian","inside formal moment assumptions","regular",0.5,"phi = 0.5",400,10,40,5,100000,20000,"V_feasible",0.94073,-0.00927,0.000746706549455675,-0.00879,0.000514519199155933,0.05927,1.08384186011922,0.94075,0.00166942261725424,20000,0.337566212259372,0.000309241188738437,0.0437333083158276,0.33666049613701,0.307749710399695,0.366887366303351,0.393749322964372,0.410902045507679,0.337566212259372,0.996036573206178,1.07294176369356,0,0,0,0
"gaussian_phi050_N400_M10_Q40","gaussian_phi050_N400","gaussian","constant_sensitivity","N_400","N = 400",0.5,400,10,40,0.5,0.5,0.5,"M = C sqrt(N)","Gaussian",1,0,0,"inside formal moment assumptions","regular","phi = 0.5",0.38431089342012,5,328604157,"gaussian_phi050_N400","gaussian","Gaussian","inside formal moment assumptions","regular",0.5,"phi = 0.5",400,10,40,5,100000,20000,"raw",0.92401,-0.02599,0.000837947014434684,-0.02551,0.000562845953130756,0.07599,1.22504056221431,0.92435,0.00186985397157104,20000,0.314617459849186,0.000255907783988568,0.0361908258833478,0.31387345661087,0.28987568279836,0.338816596223425,0.361402829830644,0.375219234792088,0.314617459849186,0.92832305248084,1,0,0,0,0
"gaussian_phi050_N400_M10_Q40","gaussian_phi050_N400","gaussian","constant_sensitivity","N_400","N = 400",0.5,400,10,40,0.5,0.5,0.5,"M = C sqrt(N)","Gaussian",1,0,0,"inside formal moment assumptions","regular","phi = 0.5",0.38431089342012,5,328604157,"gaussian_phi050_N400","gaussian","Gaussian","inside formal moment assumptions","regular",0.5,"phi = 0.5",400,10,40,5,100000,20000,"K_asym_full",0.92665,-0.02335,0.000824437853934425,-0.02287,0.000547971380389831,0.07335,1.19951888383484,0.9276,0.00183246064077786,20000,0.318061936878739,0.000258770971803157,0.0365957417872491,0.317297807286606,0.293039314281877,0.342552422128958,0.36534338139918,0.379377024940529,0.318061936878739,0.938486466271694,1.01094814328233,0,0,0,0
"gaussian_phi050_N400_M10_Q40","gaussian_phi050_N400","gaussian","constant_sensitivity","N_400","N = 400",0.5,400,10,40,0.5,0.5,0.5,"M = C sqrt(N)","Gaussian",1,0,0,"inside formal moment assumptions","regular","phi = 0.5",0.38431089342012,5,328604157,"gaussian_phi050_N400","gaussian","Gaussian","inside formal moment assumptions","regular",0.5,"phi = 0.5",400,10,40,5,100000,20000,"K_leading",0.92915,-0.0208499999999999,0.000811358598278221,-0.02037,0.000536053639606192,0.07085,1.17910154113127,0.9304,0.00179938656213722,20000,0.320900294072663,0.000261132594992339,0.0369297257415847,0.320130048007299,0.295636575939154,0.345632544086278,0.368624421555528,0.382751851917993,0.320900294072663,0.946861438263259,1.01996975700741,0,0,0,0
"gaussian_phi050_N400_M10_Q40","gaussian_phi050_N400","gaussian","constant_sensitivity","N_400","N = 400",0.5,400,10,40,0.5,0.5,0.5,"M = C sqrt(N)","Gaussian",1,0,0,"inside formal moment assumptions","regular","phi = 0.5",0.38431089342012,5,328604157,"gaussian_phi050_N400","gaussian","Gaussian","inside formal moment assumptions","regular",0.5,"phi = 0.5",400,10,40,5,100000,20000,"V_oracle",0.94258,-0.00741999999999998,0.000735682972482033,-0.00694,0.000487360994753778,0.05742,1.06541270676482,0.94255,0.00164544063247508,20000,0.338221313641377,0.000275591063299472,0.0389744619386935,0.337366040273803,0.311549183341139,0.36435348037359,0.388567792021561,0.403445724003235,0.338221313641377,0.997969541945162,1.07502397929061,0,0,0,0
"gaussian_phi050_N400_M40_Q10","gaussian_phi050_N400","gaussian","constant_sensitivity","N_400","N = 400",0.5,400,40,10,2,0.5,2,"M = C sqrt(N)","Gaussian",1,0,0,"inside formal moment assumptions","regular","phi = 0.5",0.61568910657988,10,328604157,"gaussian_phi050_N400","gaussian","Gaussian","inside formal moment assumptions","regular",0.5,"phi = 0.5",400,40,10,10,100000,20000,"raw",0.8943,-0.0557,0.000972252590636816,-0.05522,0.000830610868664835,0.1057,1.59150415928881,0.89485,0.00216902601989925,20000,0.308072226842653,0.000522386328274497,0.0738765830244078,0.304574196731779,0.256938548178338,0.356555978123402,0.405584958519863,0.434450513288711,0.308072226842653,0.909010422194093,1,0,0,0,0.00187
"gaussian_phi050_N400_M40_Q10","gaussian_phi050_N400","gaussian","constant_sensitivity","N_400","N = 400",0.5,400,40,10,2,0.5,2,"M = C sqrt(N)","Gaussian",1,0,0,"inside formal moment assumptions","regular","phi = 0.5",0.61568910657988,10,328604157,"gaussian_phi050_N400","gaussian","Gaussian","inside formal moment assumptions","regular",0.5,"phi = 0.5",400,40,10,10,100000,20000,"K_asym_full",0.91338,-0.03662,0.000889477237482781,-0.03614,0.000768469198764072,0.08662,1.37930360471697,0.91465,0.00197566922206122,20000,0.330568753327682,0.000561701066302839,0.0794365265964904,0.326764840111034,0.275472828886248,0.382639292886519,0.435551480331835,0.466292597167455,0.330568753327682,0.975389586741441,1.07302354618457,0,0,0,0.00187
"gaussian_phi050_N400_M40_Q10","gaussian_phi050_N400","gaussian","constant_sensitivity","N_400","N = 400",0.5,400,40,10,2,0.5,2,"M = C sqrt(N)","Gaussian",1,0,0,"inside formal moment assumptions","regular","phi = 0.5",0.61568910657988,10,328604157,"gaussian_phi050_N400","gaussian","Gaussian","inside formal moment assumptions","regular",0.5,"phi = 0.5",400,40,10,10,100000,20000,"K_leading",0.91576,-0.0342399999999999,0.000878314422060802,-0.03376,0.000759215640041669,0.08424,1.35277853539549,0.9174,0.00194649993578217,20000,0.333732130595345,0.0005672513632375,0.08022145711651,0.329927145867491,0.278118829069642,0.386346004836729,0.439710040529511,0.470842699406893,0.333732130595345,0.984723576160444,1.08329184365522,0,0,0,0.00187
"gaussian_phi050_N400_M40_Q10","gaussian_phi050_N400","gaussian","constant_sensitivity","N_400","N = 400",0.5,400,40,10,2,0.5,2,"M = C sqrt(N)","Gaussian",1,0,0,"inside formal moment assumptions","regular","phi = 0.5",0.61568910657988,10,328604157,"gaussian_phi050_N400","gaussian","Gaussian","inside formal moment assumptions","regular",0.5,"phi = 0.5",400,40,10,10,100000,20000,"V_oracle",0.89882,-0.05118,0.000953638336058278,-0.0507,0.00081615057496617,0.10118,1.54359935181862,0.89975,0.00212367532240689,20000,0.312757128404,0.000530551380193297,0.0750312957405125,0.30919218751884,0.260828661537314,0.361898397172676,0.411897697713689,0.441067351938914,0.312757128404,0.922833882977505,1.01520715323598,0,0,0,0.00187
"gaussian_phi050_N400_M40_Q10","gaussian_phi050_N400","gaussian","constant_sensitivity","N_400","N = 400",0.5,400,40,10,2,0.5,2,"M = C sqrt(N)","Gaussian",1,0,0,"inside formal moment assumptions","regular","phi = 0.5",0.61568910657988,10,328604157,"gaussian_phi050_N400","gaussian","Gaussian","inside formal moment assumptions","regular",0.5,"phi = 0.5",400,40,10,10,100000,20000,"V_feasible",0.89783,-0.0521699999999999,0.000957764538391352,-0.05169,0.000828244105854662,0.10217,1.55429023727374,0.89895,0.00213118391393141,20000,0.313999710855207,0.00055525832360911,0.0785253851868552,0.310300761471132,0.258943058836846,0.365487641041832,0.417730329027412,0.448998368739229,0.313999710855207,0.926500297214706,1.01924056599747,0,0,0,0.00187
"gaussian_phi050_N400_M40_Q10","gaussian_phi050_N400","gaussian","constant_sensitivity","N_400","N = 400",0.5,400,40,10,2,0.5,2,"M = C sqrt(N)","Gaussian",1,0,0,"inside formal moment assumptions","regular","phi = 0.5",0.61568910657988,10,328604157,"gaussian_phi050_N400","gaussian","Gaussian","inside formal moment assumptions","regular",0.5,"phi = 0.5",400,40,10,10,100000,20000,"VK_asym_full_oracle",0.91711,-0.03289,0.000871890175996954,-0.03241,0.000755381774347416,0.08289,1.33778610490947,0.91885,0.00193086350501531,20000,0.33555972613924,0.000570460490836545,0.0806752962939054,0.331727668466416,0.279698552574328,0.388491304127819,0.442192001776715,0.47342242583514,0.33555972613924,0.990116153784146,1.08922420426631,0,0,0,0.00187
"gaussian_phi050_N400_M40_Q10","gaussian_phi050_N400","gaussian","constant_sensitivity","N_400","N = 400",0.5,400,40,10,2,0.5,2,"M = C sqrt(N)","Gaussian",1,0,0,"inside formal moment assumptions","regular","phi = 0.5",0.61568910657988,10,328604157,"gaussian_phi050_N400","gaussian","Gaussian","inside formal moment assumptions","regular",0.5,"phi = 0.5",400,40,10,10,100000,20000,"VK_leading_oracle",0.91957,-0.03043,0.000860005901723936,-0.02995,0.000747352366929819,0.08043,1.31205944904583,0.92155,0.00190125744574479,20000,0.338765125074102,0.00057609343162765,0.081471914420188,0.3349088806947,0.282275669097461,0.392219095464822,0.446343513580726,0.477958789852517,0.338765125074102,0.999574134040729,1.09962890373472,0,0,0,0.00187
"gaussian_phi050_N400_M40_Q10","gaussian_phi050_N400","gaussian","constant_sensitivity","N_400","N = 400",0.5,400,40,10,2,0.5,2,"M = C sqrt(N)","Gaussian",1,0,0,"inside formal moment assumptions","regular","phi = 0.5",0.61568910657988,10,328604157,"gaussian_phi050_N400","gaussian","Gaussian","inside formal moment assumptions","regular",0.5,"phi = 0.5",400,40,10,10,100000,20000,"VK_asym_full_feasible",0.91632,-0.0336799999999999,0.000875657796173825,-0.0332,0.000766800808446886,0.08368,1.34705153897058,0.91775,0.00194274210203002,20000,0.337239486799383,0.000597378758047924,0.0844821141504969,0.333165322426273,0.277985980359807,0.392401634363183,0.449112304867438,0.482337002895953,0.337239486799383,0.995072523796822,1.09467669401963,0,0,0,0.00187
"gaussian_phi050_N400_M40_Q10","gaussian_phi050_N400","gaussian","constant_sensitivity","N_400","N = 400",0.5,400,40,10,2,0.5,2,"M = C sqrt(N)","Gaussian",1,0,0,"inside formal moment assumptions","regular","phi = 0.5",0.61568910657988,10,328604157,"gaussian_phi050_N400","gaussian","Gaussian","inside formal moment assumptions","regular",0.5,"phi = 0.5",400,40,10,10,100000,20000,"F_feasible_leading",0.91861,-0.0313899999999999,0.000864671428347207,-0.03091,0.000759573227881871,0.08139,1.32114670168268,0.92025,0.00191559308700987,20000,0.34051012878274,0.000603322782036525,0.085322726084472,0.336472084523271,0.280644496666074,0.396163260814935,0.453428486990032,0.486993811417098,0.34051012878274,1.00472301284157,1.10529317190496,0,0,0,0.00187
"gaussian_phi050_N8100_M90_Q90","gaussian_phi050_N8100","gaussian","constant_sensitivity","N_8100","N = 8100",0.5,8100,90,90,1,0.5,1,"M = C sqrt(N)","Gaussian",1,0,0,"inside formal moment assumptions","regular","phi = 0.5",0.5,19,1586176319,"gaussian_phi050_N8100","gaussian","Gaussian","inside formal moment assumptions","regular",0.5,"phi = 0.5",8100,90,90,19,100000,20000,"V_feasible",0.94731,-0.00268999999999997,0.000706496736722825,-0.00225,0.000384253629141632,0.05269,1.02565859231048,0.95055,0.00153304757753959,20000,0.0755805642873212,4.13840214737688e-05,0.00585258444337432,0.0754942434786927,0.071532346810503,0.0794470855784595,0.0831410800898824,0.0854224426597939,0.0755805642873212,1.00195835898845,1.00804154568391,0,0,0,0
"gaussian_phi050_N8100_M90_Q90","gaussian_phi050_N8100","gaussian","constant_sensitivity","N_8100","N = 8100",0.5,8100,90,90,1,0.5,1,"M = C sqrt(N)","Gaussian",1,0,0,"inside formal moment assumptions","regular","phi = 0.5",0.5,19,1586176319,"gaussian_phi050_N8100","gaussian","Gaussian","inside formal moment assumptions","regular",0.5,"phi = 0.5",8100,90,90,19,100000,20000,"VK_asym_full_oracle",0.9492,-0.000799999999999912,0.000694401612901352,-0.00036,0.000376829038160861,0.0508,1.00864245343197,0.95215,0.00150931072844527,20000,0.0761620634986771,4.01506653279414e-05,0.00567816154450779,0.0760655319511015,0.0722364067246615,0.0799381852500705,0.0834724431608282,0.0857124196162233,0.0761620634986771,1.00966719261594,1.01579718192924,0,0,0,0
"gaussian_phi050_N8100_M90_Q90","gaussian_phi050_N8100","gaussian","constant_sensitivity","N_8100","N = 8100",0.5,8100,90,90,1,0.5,1,"M = C sqrt(N)","Gaussian",1,0,0,"inside formal moment assumptions","regular","phi = 0.5",0.5,19,1586176319,"gaussian_phi050_N8100","gaussian","Gaussian","inside formal moment assumptions","regular",0.5,"phi = 0.5",8100,90,90,19,100000,20000,"VK_leading_oracle",0.94925,-0.000749999999999917,0.000694078075579397,-0.00031,0.000376696771959331,0.05075,1.00779893057734,0.95215,0.00150931072844527,20000,0.0761945798537697,4.01679674815935e-05,0.0056806084385431,0.0760981222334698,0.0722671859369889,0.079972402017109,0.0835079564341245,0.0857489343322571,0.0761945798537697,1.01009825626433,1.01623086269303,0,0,0,0
"gaussian_phi050_N8100_M90_Q90","gaussian_phi050_N8100","gaussian","constant_sensitivity","N_8100","N = 8100",0.5,8100,90,90,1,0.5,1,"M = C sqrt(N)","Gaussian",1,0,0,"inside formal moment assumptions","regular","phi = 0.5",0.5,19,1586176319,"gaussian_phi050_N8100","gaussian","Gaussian","inside formal moment assumptions","regular",0.5,"phi = 0.5",8100,90,90,19,100000,20000,"VK_asym_full_feasible",0.94921,-0.000789999999999957,0.000694336920377996,-0.00035,0.000384578020696113,0.05079,1.0094084458891,0.9524,0.00150556036079594,20000,0.0761999119726686,4.17268474445661e-05,0.00590106735711785,0.0761133672220418,0.0721173048787576,0.0800972165447382,0.0838289195595504,0.0861265928872264,0.0761999119726686,1.01016894323461,1.0163019788249,0,0,0,0
"gaussian_phi050_N8100_M90_Q90","gaussian_phi050_N8100","gaussian","constant_sensitivity","N_8100","N = 8100",0.5,8100,90,90,1,0.5,1,"M = C sqrt(N)","Gaussian",1,0,0,"inside formal moment assumptions","regular","phi = 0.5",0.5,19,1586176319,"gaussian_phi050_N8100","gaussian","Gaussian","inside formal moment assumptions","regular",0.5,"phi = 0.5",8100,90,90,19,100000,20000,"F_feasible_leading",0.9493,-0.000699999999999923,0.000693754351337705,-0.00026,0.000384188495413384,0.0507,1.00856428243864,0.9525,0.00150405701354703,20000,0.0762325034593661,4.17448916893609e-05,0.00590361919868901,0.0761459174547327,0.0721483412597456,0.0801314373449043,0.0838649610532148,0.0861633660461184,0.0762325034593661,1.01060100288958,1.01673666164232,0,0,0,0
"gaussian_phi050_N8100_M90_Q90","gaussian_phi050_N8100","gaussian","constant_sensitivity","N_8100","N = 8100",0.5,8100,90,90,1,0.5,1,"M = C sqrt(N)","Gaussian",1,0,0,"inside formal moment assumptions","regular","phi = 0.5",0.5,19,1586176319,"gaussian_phi050_N8100","gaussian","Gaussian","inside formal moment assumptions","regular",0.5,"phi = 0.5",8100,90,90,19,100000,20000,"raw",0.94572,-0.00427999999999995,0.000716475272427458,-0.00384,0.000383476224217546,0.05428,1.04012076026112,0.9486,0.00156137823732752,20000,0.0749776282643621,3.95206571795665e-05,0.00558906493772406,0.0748851994945091,0.0711146899981728,0.0786954972109149,0.0821708106015333,0.0843902554664697,0.0749776282643621,0.993965341288253,1,0,0,0,0
"gaussian_phi050_N8100_M90_Q90","gaussian_phi050_N8100","gaussian","constant_sensitivity","N_8100","N = 8100",0.5,8100,90,90,1,0.5,1,"M = C sqrt(N)","Gaussian",1,0,0,"inside formal moment assumptions","regular","phi = 0.5",0.5,19,1586176319,"gaussian_phi050_N8100","gaussian","Gaussian","inside formal moment assumptions","regular",0.5,"phi = 0.5",8100,90,90,19,100000,20000,"K_asym_full",0.94752,-0.00247999999999993,0.000705165580555375,-0.00204,0.0003773059866979,0.05248,1.02364148072612,0.9506,0.00153231263128645,20000,0.0755907423922046,3.98467191555331e-05,0.00563517706458267,0.0754963604450702,0.0716932625156021,0.0793400354198936,0.0828407290712179,0.085074189854699,0.0755907423922046,1.00209328834975,1.00817729424143,0,0,0,0
"gaussian_phi050_N8100_M90_Q90","gaussian_phi050_N8100","gaussian","constant_sensitivity","N_8100","N = 8100",0.5,8100,90,90,1,0.5,1,"M = C sqrt(N)","Gaussian",1,0,0,"inside formal moment assumptions","regular","phi = 0.5",0.5,19,1586176319,"gaussian_phi050_N8100","gaussian","Gaussian","inside formal moment assumptions","regular",0.5,"phi = 0.5",8100,90,90,19,100000,20000,"K_leading",0.94761,-0.00239,0.000704594123591732,-0.00195,0.000377972755147823,0.05239,1.02278541425677,0.9507,0.00153084143528976,20000,0.0756230049751844,3.98638801812668e-05,0.00563760400011635,0.0755289038526998,0.0717238687756228,0.0793738237325145,0.0828765777725834,0.0851101749183991,0.0756230049751844,1.0025209877855,1.00860759036745,0,0,0,0
"gaussian_phi050_N8100_M90_Q90","gaussian_phi050_N8100","gaussian","constant_sensitivity","N_8100","N = 8100",0.5,8100,90,90,1,0.5,1,"M = C sqrt(N)","Gaussian",1,0,0,"inside formal moment assumptions","regular","phi = 0.5",0.5,19,1586176319,"gaussian_phi050_N8100","gaussian","Gaussian","inside formal moment assumptions","regular",0.5,"phi = 0.5",8100,90,90,19,100000,20000,"V_oracle",0.94736,-0.00263999999999998,0.000706180079016677,-0.0022,0.000377826716273843,0.05264,1.02488026838373,0.9504,0.00153524981680507,20000,0.075544129233517,3.982192539975e-05,0.0056316706980136,0.0754497199016776,0.071649310759552,0.0792909556262044,0.0827898612403808,0.0850221981451509,0.075544129233517,1.00147534583469,1.00755560001388,0,0,0,0
"gaussian_phi050_N8100_M180_Q45","gaussian_phi050_N8100","gaussian","constant_sensitivity","N_8100","N = 8100",0.5,8100,180,45,2,0.5,2,"M = C sqrt(N)","Gaussian",1,0,0,"inside formal moment assumptions","regular","phi = 0.5",0.577019610977132,19,1586176319,"gaussian_phi050_N8100","gaussian","Gaussian","inside formal moment assumptions","regular",0.5,"phi = 0.5",8100,180,45,19,100000,20000,"raw",0.94299,-0.00700999999999996,0.000733211155807111,-0.00657,0.000464833853871593,0.05701,1.06174648159507,0.94435,0.00162100397130914,20000,0.0751221245196089,5.70897089908141e-05,0.00807370407267425,0.0749357457201224,0.0696219709628451,0.0804972241214314,0.085522072002533,0.0885684746387556,0.0751221245196089,0.995880902942921,1,0,0,0,0
"gaussian_phi050_N8100_M180_Q45","gaussian_phi050_N8100","gaussian","constant_sensitivity","N_8100","N = 8100",0.5,8100,180,45,2,0.5,2,"M = C sqrt(N)","Gaussian",1,0,0,"inside formal moment assumptions","regular","phi = 0.5",0.577019610977132,19,1586176319,"gaussian_phi050_N8100","gaussian","Gaussian","inside formal moment assumptions","regular",0.5,"phi = 0.5",8100,180,45,19,100000,20000,"K_asym_full",0.94702,-0.00297999999999998,0.00070832986383464,-0.00254,0.000453141851273278,0.05298,1.02722879762552,0.94865,0.00156065975632102,20000,0.0764152414447001,5.80924359849885e-05,0.00821551108412615,0.0762267617418953,0.0708122895077347,0.0818877525037953,0.0869920781339327,0.0900847101097934,0.0764152414447001,1.0130235284904,1.0172135297472,0,0,0,0
"gaussian_phi050_N8100_M180_Q45","gaussian_phi050_N8100","gaussian","constant_sensitivity","N_8100","N = 8100",0.5,8100,180,45,2,0.5,2,"M = C sqrt(N)","Gaussian",1,0,0,"inside formal moment assumptions","regular","phi = 0.5",0.577019610977132,19,1586176319,"gaussian_phi050_N8100","gaussian","Gaussian","inside formal moment assumptions","regular",0.5,"phi = 0.5",8100,180,45,19,100000,20000,"K_leading",0.94706,-0.00293999999999994,0.000708077371478569,-0.0025,0.000452923339424581,0.05294,1.02635493220857,0.9487,0.00155994086426377,20000,0.0764488494882173,5.81185178403951e-05,0.00821919961549095,0.0762609035072546,0.0708433159418987,0.0819247478030383,0.087029919051627,0.0901245585844288,0.0764488494882173,1.01346906446183,1.0176609085152,0,0,0,0
"gaussian_phi050_N8100_M180_Q45","gaussian_phi050_N8100","gaussian","constant_sensitivity","N_8100","N = 8100",0.5,8100,180,45,2,0.5,2,"M = C sqrt(N)","Gaussian",1,0,0,"inside formal moment assumptions","regular","phi = 0.5",0.577019610977132,19,1586176319,"gaussian_phi050_N8100","gaussian","Gaussian","inside formal moment assumptions","regular",0.5,"phi = 0.5",8100,180,45,19,100000,20000,"V_oracle",0.9438,-0.00619999999999998,0.000728296368245785,-0.00576,0.000462461201295446,0.0562,1.0540551998713,0.9453,0.00160791650902651,20000,0.0754045798135855,5.73086012042903e-05,0.00810466010637385,0.0752193522643295,0.0698830331239039,0.0808066562850012,0.0858428820420818,0.0889028728193484,0.0754045798135855,0.99962536351303,1.00375994816152,0,0,0,0
"gaussian_phi050_N8100_M180_Q45","gaussian_phi050_N8100","gaussian","constant_sensitivity","N_8100","N = 8100",0.5,8100,180,45,2,0.5,2,"M = C sqrt(N)","Gaussian",1,0,0,"inside formal moment assumptions","regular","phi = 0.5",0.577019610977132,19,1586176319,"gaussian_phi050_N8100","gaussian","Gaussian","inside formal moment assumptions","regular",0.5,"phi = 0.5",8100,180,45,19,100000,20000,"F_feasible_leading",0.94791,-0.00208999999999993,0.000702685078111098,-0.00165,0.000455932948741959,0.05209,1.01932632946278,0.9497,0.00154547581669853,20000,0.0767565229385209,5.89573364773947e-05,0.00833782648477256,0.0765479480406887,0.071044073435406,0.0822917168539608,0.0874960741786732,0.0906981838045358,0.0767565229385209,1.01754783773215,1.02175655213912,0,0,0,0
"gaussian_phi050_N8100_M180_Q45","gaussian_phi050_N8100","gaussian","constant_sensitivity","N_8100","N = 8100",0.5,8100,180,45,2,0.5,2,"M = C sqrt(N)","Gaussian",1,0,0,"inside formal moment assumptions","regular","phi = 0.5",0.577019610977132,19,1586176319,"gaussian_phi050_N8100","gaussian","Gaussian","inside formal moment assumptions","regular",0.5,"phi = 0.5",8100,180,45,19,100000,20000,"V_feasible",0.94375,-0.00624999999999998,0.000728600971039704,-0.00581,0.000464935049922036,0.05625,1.05447551323736,0.94515,0.00160999188662552,20000,0.075422948977561,5.79110158221039e-05,0.00818985439864222,0.0752215833416297,0.0698146419095696,0.0808590211969889,0.0859746805908778,0.0891084652098505,0.075422948977561,0.999868880316145,1.00400447218281,0,0,0,0
"gaussian_phi050_N8100_M180_Q45","gaussian_phi050_N8100","gaussian","constant_sensitivity","N_8100","N = 8100",0.5,8100,180,45,2,0.5,2,"M = C sqrt(N)","Gaussian",1,0,0,"inside formal moment assumptions","regular","phi = 0.5",0.577019610977132,19,1586176319,"gaussian_phi050_N8100","gaussian","Gaussian","inside formal moment assumptions","regular",0.5,"phi = 0.5",8100,180,45,19,100000,20000,"VK_asym_full_oracle",0.94785,-0.00214999999999999,0.000703067404307724,-0.00171,0.000453952442143665,0.05215,1.01978756168618,0.94955,0.00154765625220848,20000,0.076702848976701,5.83156717467784e-05,0.00824708138831916,0.0765115822880799,0.0710774466468717,0.0821957581021787,0.0873258254078548,0.0904309981436242,0.076702848976701,1.01683629138141,1.02104206273718,0,0,0,0
"gaussian_phi050_N8100_M180_Q45","gaussian_phi050_N8100","gaussian","constant_sensitivity","N_8100","N = 8100",0.5,8100,180,45,2,0.5,2,"M = C sqrt(N)","Gaussian",1,0,0,"inside formal moment assumptions","regular","phi = 0.5",0.577019610977132,19,1586176319,"gaussian_phi050_N8100","gaussian","Gaussian","inside formal moment assumptions","regular",0.5,"phi = 0.5",8100,180,45,19,100000,20000,"VK_leading_oracle",0.94792,-0.00207999999999997,0.000702621331870874,-0.00164,0.000454065155844024,0.05208,1.01892002654226,0.94965,0.00154620305102532,20000,0.0767365910911413,5.83418669932359e-05,0.00825078595560014,0.0765449419422156,0.0711089851930528,0.0822321122744016,0.087364304342699,0.090471192356339,0.0767365910911413,1.01728360470769,1.02149122621141,0,0,0,0
"gaussian_phi050_N8100_M180_Q45","gaussian_phi050_N8100","gaussian","constant_sensitivity","N_8100","N = 8100",0.5,8100,180,45,2,0.5,2,"M = C sqrt(N)","Gaussian",1,0,0,"inside formal moment assumptions","regular","phi = 0.5",0.577019610977132,19,1586176319,"gaussian_phi050_N8100","gaussian","Gaussian","inside formal moment assumptions","regular",0.5,"phi = 0.5",8100,180,45,19,100000,20000,"VK_asym_full_feasible",0.94777,-0.00222999999999995,0.000703576769798435,-0.00179,0.000455927667180198,0.05223,1.02019421054364,0.9495,0.00154838222025442,20000,0.0767227404214391,5.89308090017397e-05,0.00833407493318787,0.0765131046064947,0.0710130113202849,0.0822556115659803,0.0874564800410446,0.0906577390971763,0.0767227404214391,1.0170999887951,1.02130685083876,0,0,0,0
"gaussian_phi050_N8100_M45_Q180","gaussian_phi050_N8100","gaussian","constant_sensitivity","N_8100","N = 8100",0.5,8100,45,180,0.5,0.5,0.5,"M = C sqrt(N)","Gaussian",1,0,0,"inside formal moment assumptions","regular","phi = 0.5",0.422980389022868,19,1586176319,"gaussian_phi050_N8100","gaussian","Gaussian","inside formal moment assumptions","regular",0.5,"phi = 0.5",8100,45,180,19,100000,20000,"K_asym_full",0.94585,-0.00414999999999999,0.000715665966076353,-0.00371,0.00032274355242825,0.05415,1.0365265634112,0.949,0.00155561884791873,20000,0.0747010646188435,2.77905718547172e-05,0.0039301803623045,0.0746552169350188,0.072030129303382,0.0773484688837785,0.0797561165900227,0.0812192375013945,0.0747010646188435,0.990298985274208,1.00381608010883,0,0,0,0
"gaussian_phi050_N8100_M45_Q180","gaussian_phi050_N8100","gaussian","constant_sensitivity","N_8100","N = 8100",0.5,8100,45,180,0.5,0.5,0.5,"M = C sqrt(N)","Gaussian",1,0,0,"inside formal moment assumptions","regular","phi = 0.5",0.422980389022868,19,1586176319,"gaussian_phi050_N8100","gaussian","Gaussian","inside formal moment assumptions","regular",0.5,"phi = 0.5",8100,45,180,19,100000,20000,"K_leading",0.94591,-0.00408999999999993,0.000715292051542585,-0.00365,0.000322130117620391,0.05409,1.0356669995564,0.9491,0.00155417486146186,20000,0.0747323839730375,2.78022524903853e-05,0.0039318322536424,0.074686533598536,0.0720601846530582,0.0773808575226996,0.0797895163490786,0.081253226219779,0.0747323839730375,0.990714180490448,1.00423694253587,0,0,0,0
"gaussian_phi050_N8100_M45_Q180","gaussian_phi050_N8100","gaussian","constant_sensitivity","N_8100","N = 8100",0.5,8100,45,180,0.5,0.5,0.5,"M = C sqrt(N)","Gaussian",1,0,0,"inside formal moment assumptions","regular","phi = 0.5",0.422980389022868,19,1586176319,"gaussian_phi050_N8100","gaussian","Gaussian","inside formal moment assumptions","regular",0.5,"phi = 0.5",8100,45,180,19,100000,20000,"V_oracle",0.94831,-0.00168999999999997,0.00070012958729081,-0.00125,0.000314778280466837,0.05169,1.01359263133704,0.9513,0.00152197749654849,20000,0.0755504413453824,2.81073735075259e-05,0.00397498288170293,0.0755042718094789,0.0728475047598872,0.07822906220633,0.0806668706751895,0.0821419158476352,0.0755504413453824,1.00155902440081,1.01522981323995,0,0,0,0
"gaussian_phi050_N8100_M45_Q180","gaussian_phi050_N8100","gaussian","constant_sensitivity","N_8100","N = 8100",0.5,8100,45,180,0.5,0.5,0.5,"M = C sqrt(N)","Gaussian",1,0,0,"inside formal moment assumptions","regular","phi = 0.5",0.422980389022868,19,1586176319,"gaussian_phi050_N8100","gaussian","Gaussian","inside formal moment assumptions","regular",0.5,"phi = 0.5",8100,45,180,19,100000,20000,"V_feasible",0.94841,-0.00158999999999998,0.000699488898410833,-0.00115,0.000335093864281307,0.05159,1.01490664399715,0.9515,0.00151900872281893,20000,0.075624222103955,3.18574055534731e-05,0.00450531749957416,0.0755509471135387,0.0725600170863501,0.0786678841998158,0.0814497892385452,0.0830776809893158,0.075624222103955,1.00253712304934,1.0162212624547,0,0,0,0
"gaussian_phi050_N8100_M45_Q180","gaussian_phi050_N8100","gaussian","constant_sensitivity","N_8100","N = 8100",0.5,8100,45,180,0.5,0.5,0.5,"M = C sqrt(N)","Gaussian",1,0,0,"inside formal moment assumptions","regular","phi = 0.5",0.422980389022868,19,1586176319,"gaussian_phi050_N8100","gaussian","Gaussian","inside formal moment assumptions","regular",0.5,"phi = 0.5",8100,45,180,19,100000,20000,"VK_asym_full_oracle",0.94925,-0.000749999999999917,0.000694078075579397,-0.00031,0.000313528343216718,0.05075,1.00598025869428,0.95215,0.00150931072844527,20000,0.0758388430450943,2.82149532733797e-05,0.00399019695809368,0.0757930955729368,0.0731251100088847,0.0785267934719253,0.080976309312098,0.0824557637173841,0.0758388430450943,1.00538231543466,1.01910529031887,0,0,0,0
"gaussian_phi050_N8100_M45_Q180","gaussian_phi050_N8100","gaussian","constant_sensitivity","N_8100","N = 8100",0.5,8100,45,180,0.5,0.5,0.5,"M = C sqrt(N)","Gaussian",1,0,0,"inside formal moment assumptions","regular","phi = 0.5",0.422980389022868,19,1586176319,"gaussian_phi050_N8100","gaussian","Gaussian","inside formal moment assumptions","regular",0.5,"phi = 0.5",8100,45,180,19,100000,20000,"VK_leading_oracle",0.94936,-0.000639999999999974,0.000693365635144979,-2e-04,0.000314961254769408,0.05064,1.00514602607589,0.95225,0.00150781194948176,20000,0.075870649972861,2.82268182675829e-05,0.00399187492166564,0.0758247407385575,0.0731557243749903,0.0785596216632064,0.0810103499540489,0.0824903092303144,0.075870649972861,1.00580397432871,1.01953270464976,0,0,0,0
"gaussian_phi050_N8100_M45_Q180","gaussian_phi050_N8100","gaussian","constant_sensitivity","N_8100","N = 8100",0.5,8100,45,180,0.5,0.5,0.5,"M = C sqrt(N)","Gaussian",1,0,0,"inside formal moment assumptions","regular","phi = 0.5",0.422980389022868,19,1586176319,"gaussian_phi050_N8100","gaussian","Gaussian","inside formal moment assumptions","regular",0.5,"phi = 0.5",8100,45,180,19,100000,20000,"VK_asym_full_feasible",0.94935,-0.000649999999999928,0.000693430439914488,-0.00021,0.000335112939181435,0.05065,1.00728440274079,0.9527,0.00150104480279571,20000,0.0759139415086941,3.19798704053017e-05,0.00452263664501116,0.0758404527498625,0.0728371559558199,0.0789694571430225,0.0817617047756498,0.0833958325593091,0.0759139415086941,1.00637788266891,1.02011444655697,0,0,0,0
"gaussian_phi050_N8100_M45_Q180","gaussian_phi050_N8100","gaussian","constant_sensitivity","N_8100","N = 8100",0.5,8100,45,180,0.5,0.5,0.5,"M = C sqrt(N)","Gaussian",1,0,0,"inside formal moment assumptions","regular","phi = 0.5",0.422980389022868,19,1586176319,"gaussian_phi050_N8100","gaussian","Gaussian","inside formal moment assumptions","regular",0.5,"phi = 0.5",8100,45,180,19,100000,20000,"F_feasible_leading",0.94949,-0.00051000000000001,0.000692522489887513,-7e-05,0.000334814981759658,0.0505100000000001,1.00644908863051,0.95285,0.00149878079618068,20000,0.0759458944592795,3.19933773366454e-05,0.0045245468135604,0.0758723655595176,0.0728676417011018,0.0790026426779739,0.0817961244536677,0.0834309244050438,0.0759458944592795,1.00680147736201,1.02054382310961,0,0,0,0
"gaussian_phi050_N8100_M45_Q180","gaussian_phi050_N8100","gaussian","constant_sensitivity","N_8100","N = 8100",0.5,8100,45,180,0.5,0.5,0.5,"M = C sqrt(N)","Gaussian",1,0,0,"inside formal moment assumptions","regular","phi = 0.5",0.422980389022868,19,1586176319,"gaussian_phi050_N8100","gaussian","Gaussian","inside formal moment assumptions","regular",0.5,"phi = 0.5",8100,45,180,19,100000,20000,"raw",0.94507,-0.00492999999999999,0.00072050465022788,-0.00449,0.000323572937673193,0.05493,1.04437008358628,0.9483,0.00156568052296757,20000,0.0744170830683893,2.76846629631327e-05,0.00391520258321903,0.0743704789138959,0.0717566287228499,0.0770521884923399,0.0794533256177914,0.0809115216651577,0.0744170830683893,0.986534291388167,1,0,0,0,0
