"design_id","scenario_id_module","innovation_module","module","panel","series","phi_module","N_module","M_module","Q_module","x_order","alpha_nominal","C_nominal","note","innovation_label_module","dist_code","skewness","excess_kurtosis","assumption_status_module","severity_group_module","phi_label_module","alpha_effective","L_module","seed","scenario_id_result","innovation_result","innovation_label_result","assumption_status_result","severity_group_result","phi_result","phi_label_result","N_result","M_result","Q_result","L_result","B_point","B_CI","statistic","coverage","coverage_error","coverage_mcse","gaussian_paired_coverage_error","gaussian_paired_error_mcse","rejection","mean_statistic_finite","ci_subset_coverage","ci_subset_coverage_mcse","n_finite_lengths","mean_length","mean_length_mcse","sd_length","median_length","q25_length","q75_length","q90_length","q95_length","mean_component_length","normalized_mean_length","relative_mean_length_to_raw","disconnected_rate","nonregular_rate","interval_failure_rate","convex_failure_rate"
"contaminated_normal_phi080_N4096_M64_Q64","contaminated_normal_phi080_N4096","contaminated_normal","extreme_distribution_dependence","contaminated_normal_phi_0.8","contaminated_normal, phi = 0.8",0.8,4096,64,64,4096,0.5,NA,"Balanced extreme-distribution design","Contaminated normal",4,0,16.9586776859504,"inside formal moment assumptions","extreme","phi = 0.8",0.5,17,1907152902,"contaminated_normal_phi080_N4096","contaminated_normal","Contaminated normal","inside formal moment assumptions","extreme",0.8,"phi = 0.8",4096,64,64,17,100000,20000,"V_feasible",0.94486,-0.00513999999999992,0.000721800390689836,NA,NA,0.05514,1.04313421608958,0.9435,0.00163260145167153,20000,0.184037151392864,0.000128450188625668,0.0181655998843802,0.183604664471157,0.171539816931503,0.196017278214918,0.207644637631864,0.214738233172203,0.184037151392864,1.00212496811298,1.03499729751956,0,0,0,0
"contaminated_normal_phi080_N4096_M64_Q64","contaminated_normal_phi080_N4096","contaminated_normal","extreme_distribution_dependence","contaminated_normal_phi_0.8","contaminated_normal, phi = 0.8",0.8,4096,64,64,4096,0.5,NA,"Balanced extreme-distribution design","Contaminated normal",4,0,16.9586776859504,"inside formal moment assumptions","extreme","phi = 0.8",0.5,17,1907152902,"contaminated_normal_phi080_N4096","contaminated_normal","Contaminated normal","inside formal moment assumptions","extreme",0.8,"phi = 0.8",4096,64,64,17,100000,20000,"VK_asym_full_oracle",0.94827,-0.00173000000000001,0.000700385658762371,NA,NA,0.0517300000000001,1.01543678887399,0.94735,0.00157920830639913,20000,0.186387472687046,0.000125998036227,0.0178188131664599,0.186055390173889,0.174142239551534,0.198159619016898,0.209456253868032,0.216587931034446,0.186387472687046,1.0149230126065,1.04821515146574,0,0,0,0
"contaminated_normal_phi080_N4096_M64_Q64","contaminated_normal_phi080_N4096","contaminated_normal","extreme_distribution_dependence","contaminated_normal_phi_0.8","contaminated_normal, phi = 0.8",0.8,4096,64,64,4096,0.5,NA,"Balanced extreme-distribution design","Contaminated normal",4,0,16.9586776859504,"inside formal moment assumptions","extreme","phi = 0.8",0.5,17,1907152902,"contaminated_normal_phi080_N4096","contaminated_normal","Contaminated normal","inside formal moment assumptions","extreme",0.8,"phi = 0.8",4096,64,64,17,100000,20000,"VK_leading_oracle",0.94864,-0.00135999999999992,0.000698012538569329,NA,NA,0.05136,1.01195997688728,0.9478,0.00157281848920974,20000,0.186718441236284,0.00012623136645879,0.0178518110442909,0.186384431343353,0.174451134574739,0.198512442674036,0.209826701355017,0.216968991506752,0.186718441236284,1.01672521310972,1.05007646887601,0,0,0,0
"contaminated_normal_phi080_N4096_M64_Q64","contaminated_normal_phi080_N4096","contaminated_normal","extreme_distribution_dependence","contaminated_normal_phi_0.8","contaminated_normal, phi = 0.8",0.8,4096,64,64,4096,0.5,NA,"Balanced extreme-distribution design","Contaminated normal",4,0,16.9586776859504,"inside formal moment assumptions","extreme","phi = 0.8",0.5,17,1907152902,"contaminated_normal_phi080_N4096","contaminated_normal","Contaminated normal","inside formal moment assumptions","extreme",0.8,"phi = 0.8",4096,64,64,17,100000,20000,"VK_asym_full_feasible",0.94742,-0.00257999999999992,0.000705799855483125,NA,NA,0.05258,1.02218567779271,0.9464,0.00159259285443581,20000,0.185982644369653,0.000129866292767612,0.0183658672527071,0.18555084563498,0.173344058488118,0.198101922276155,0.209857925241194,0.216988034097536,0.185982644369653,1.01271862853737,1.0459384578129,0,0,0,0
"contaminated_normal_phi080_N4096_M64_Q64","contaminated_normal_phi080_N4096","contaminated_normal","extreme_distribution_dependence","contaminated_normal_phi_0.8","contaminated_normal, phi = 0.8",0.8,4096,64,64,4096,0.5,NA,"Balanced extreme-distribution design","Contaminated normal",4,0,16.9586776859504,"inside formal moment assumptions","extreme","phi = 0.8",0.5,17,1907152902,"contaminated_normal_phi080_N4096","contaminated_normal","Contaminated normal","inside formal moment assumptions","extreme",0.8,"phi = 0.8",4096,64,64,17,100000,20000,"F_feasible_leading",0.94786,-0.00213999999999992,0.000703003701270484,NA,NA,0.05214,1.01868575789998,0.94715,0.00158203788671447,20000,0.186313732462129,0.000130107508361619,0.0183999802891572,0.185887820614079,0.173650863826864,0.19845396980968,0.210230908234755,0.217370084642379,0.186313732462129,1.01452147998125,1.0478004475164,0,0,0,0
"contaminated_normal_phi080_N4096_M64_Q64","contaminated_normal_phi080_N4096","contaminated_normal","extreme_distribution_dependence","contaminated_normal_phi_0.8","contaminated_normal, phi = 0.8",0.8,4096,64,64,4096,0.5,NA,"Balanced extreme-distribution design","Contaminated normal",4,0,16.9586776859504,"inside formal moment assumptions","extreme","phi = 0.8",0.5,17,1907152902,"contaminated_normal_phi080_N4096","contaminated_normal","Contaminated normal","inside formal moment assumptions","extreme",0.8,"phi = 0.8",4096,64,64,17,100000,20000,"raw",0.93677,-0.01323,0.000769623070730082,NA,NA,0.06323,1.11237052069497,0.93485,0.00174507130943122,20000,0.177814137132455,0.000119975054895328,0.0169670349779429,0.177490280448522,0.166156607413038,0.189031670552702,0.199799998818735,0.206550320618869,0.177814137132455,0.968239212328994,1,0,0,0,0
"contaminated_normal_phi080_N4096_M64_Q64","contaminated_normal_phi080_N4096","contaminated_normal","extreme_distribution_dependence","contaminated_normal_phi_0.8","contaminated_normal, phi = 0.8",0.8,4096,64,64,4096,0.5,NA,"Balanced extreme-distribution design","Contaminated normal",4,0,16.9586776859504,"inside formal moment assumptions","extreme","phi = 0.8",0.5,17,1907152902,"contaminated_normal_phi080_N4096","contaminated_normal","Contaminated normal","inside formal moment assumptions","extreme",0.8,"phi = 0.8",4096,64,64,17,100000,20000,"K_asym_full",0.93936,-0.01064,0.000754736976701155,NA,NA,0.06064,1.0900315578907,0.93815,0.00170329940850104,20000,0.179684855247591,0.000121285878893623,0.0171524134855702,0.179363604306047,0.167903345097606,0.191013663265808,0.201932491925473,0.208728085313452,0.179684855247591,0.978425706291165,1.0105206377024,0,0,0,0
"contaminated_normal_phi080_N4096_M64_Q64","contaminated_normal_phi080_N4096","contaminated_normal","extreme_distribution_dependence","contaminated_normal_phi_0.8","contaminated_normal, phi = 0.8",0.8,4096,64,64,4096,0.5,NA,"Balanced extreme-distribution design","Contaminated normal",4,0,16.9586776859504,"inside formal moment assumptions","extreme","phi = 0.8",0.5,17,1907152902,"contaminated_normal_phi080_N4096","contaminated_normal","Contaminated normal","inside formal moment assumptions","extreme",0.8,"phi = 0.8",4096,64,64,17,100000,20000,"K_leading",0.93979,-0.0102099999999999,0.000752228395502323,NA,NA,0.06021,1.08629933661618,0.9385,0.00169879001056634,20000,0.180003190710876,0.000121509123877634,0.0171839850939823,0.179677756098514,0.168197884618646,0.191347843747024,0.202294136487101,0.209095129148267,0.180003190710876,0.980159116711719,1.01231090853473,0,0,0,0
"contaminated_normal_phi080_N4096_M64_Q64","contaminated_normal_phi080_N4096","contaminated_normal","extreme_distribution_dependence","contaminated_normal_phi_0.8","contaminated_normal, phi = 0.8",0.8,4096,64,64,4096,0.5,NA,"Balanced extreme-distribution design","Contaminated normal",4,0,16.9586776859504,"inside formal moment assumptions","extreme","phi = 0.8",0.5,17,1907152902,"contaminated_normal_phi080_N4096","contaminated_normal","Contaminated normal","inside formal moment assumptions","extreme",0.8,"phi = 0.8",4096,64,64,17,100000,20000,"V_oracle",0.94563,-0.00436999999999999,0.00071703488827253,NA,NA,0.05437,1.03624701633257,0.94405,0.00162510918863934,20000,0.184442591028907,0.000124628160069806,0.0176250834224325,0.184122322054594,0.172335521487487,0.196081299960047,0.207269172931378,0.214319036634489,0.184442591028907,1.00433268095392,1.03727742913666,0,0,0,0
"contaminated_normal_phi050_N225_M15_Q15","contaminated_normal_phi050_N225","contaminated_normal","extreme_distribution_dependence","contaminated_normal_phi_0.5","contaminated_normal, phi = 0.5",0.5,225,15,15,225,0.5,NA,"Balanced extreme-distribution design","Contaminated normal",4,0,16.9586776859504,"inside formal moment assumptions","extreme","phi = 0.5",0.5,7,153603935,"contaminated_normal_phi050_N225","contaminated_normal","Contaminated normal","inside formal moment assumptions","extreme",0.5,"phi = 0.5",225,15,15,7,100000,20000,"raw",0.89976,-0.05024,0.000949694384525885,NA,NA,0.10024,1.47224637863778,0.9024,0.00209850232308663,20000,0.418125508329245,0.000715460064898966,0.101181332711645,0.409501506557298,0.346337849997266,0.480062000835344,0.550537485410963,0.598528183353788,0.418125508329245,0.926509409777419,1,0,0,0,0.00011
"contaminated_normal_phi050_N225_M15_Q15","contaminated_normal_phi050_N225","contaminated_normal","extreme_distribution_dependence","contaminated_normal_phi_0.5","contaminated_normal, phi = 0.5",0.5,225,15,15,225,0.5,NA,"Balanced extreme-distribution design","Contaminated normal",4,0,16.9586776859504,"inside formal moment assumptions","extreme","phi = 0.5",0.5,7,153603935,"contaminated_normal_phi050_N225","contaminated_normal","Contaminated normal","inside formal moment assumptions","extreme",0.5,"phi = 0.5",225,15,15,7,100000,20000,"K_asym_full",0.91637,-0.0336299999999999,0.000875420031185031,NA,NA,0.08363,1.31316085167522,0.91755,0.00194489071029711,20000,0.443812390788044,0.000762517214817681,0.107836218673812,0.434569392460844,0.367481983806643,0.509682051553167,0.584960345268374,0.636148153804628,0.443812390788044,0.983428057006144,1.06143342596207,0,0,0,0.00011
"contaminated_normal_phi050_N225_M15_Q15","contaminated_normal_phi050_N225","contaminated_normal","extreme_distribution_dependence","contaminated_normal_phi_0.5","contaminated_normal, phi = 0.5",0.5,225,15,15,225,0.5,NA,"Balanced extreme-distribution design","Contaminated normal",4,0,16.9586776859504,"inside formal moment assumptions","extreme","phi = 0.5",0.5,7,153603935,"contaminated_normal_phi050_N225","contaminated_normal","Contaminated normal","inside formal moment assumptions","extreme",0.5,"phi = 0.5",225,15,15,7,100000,20000,"K_leading",0.91517,-0.0348299999999999,0.000881100851775777,NA,NA,0.08483,1.325021740774,0.91635,0.00195771138705377,20000,0.441735688545796,0.000758697163063317,0.107295981773813,0.432574638771256,0.365810628248121,0.507311992092956,0.582203996475238,0.633063704170691,0.441735688545796,0.978826366531825,1.0564667300756,0,0,0,0.00011
"contaminated_normal_phi050_N225_M15_Q15","contaminated_normal_phi050_N225","contaminated_normal","extreme_distribution_dependence","contaminated_normal_phi_0.5","contaminated_normal, phi = 0.5",0.5,225,15,15,225,0.5,NA,"Balanced extreme-distribution design","Contaminated normal",4,0,16.9586776859504,"inside formal moment assumptions","extreme","phi = 0.5",0.5,7,153603935,"contaminated_normal_phi050_N225","contaminated_normal","Contaminated normal","inside formal moment assumptions","extreme",0.5,"phi = 0.5",225,15,15,7,100000,20000,"V_oracle",0.91255,-0.03745,0.000893322436189756,NA,NA,0.08745,1.34938035562723,0.91375,0.00198508107517048,20000,0.437558615695703,0.000751021830602781,0.106210525847672,0.428472715859218,0.362376602881237,0.502536669339771,0.576565015342174,0.626964199957795,0.437558615695703,0.969570539695523,1.04647673241489,0,0,0,0.00011
"contaminated_normal_phi050_N225_M15_Q15","contaminated_normal_phi050_N225","contaminated_normal","extreme_distribution_dependence","contaminated_normal_phi_0.5","contaminated_normal, phi = 0.5",0.5,225,15,15,225,0.5,NA,"Balanced extreme-distribution design","Contaminated normal",4,0,16.9586776859504,"inside formal moment assumptions","extreme","phi = 0.5",0.5,7,153603935,"contaminated_normal_phi050_N225","contaminated_normal","Contaminated normal","inside formal moment assumptions","extreme",0.5,"phi = 0.5",225,15,15,7,100000,20000,"V_feasible",0.91086,-0.03914,0.000901077468367731,NA,NA,0.08914,1.36550177814251,0.9122,0.00200113917556976,20000,0.442185997779446,0.000818343081846103,0.115731188502095,0.43257661347061,0.360412100084215,0.513460961190907,0.59369177831784,0.647747463154997,0.442185997779446,0.97982419071135,1.0575437015224,0,0,0,0.00011
"contaminated_normal_phi050_N225_M15_Q15","contaminated_normal_phi050_N225","contaminated_normal","extreme_distribution_dependence","contaminated_normal_phi_0.5","contaminated_normal, phi = 0.5",0.5,225,15,15,225,0.5,NA,"Balanced extreme-distribution design","Contaminated normal",4,0,16.9586776859504,"inside formal moment assumptions","extreme","phi = 0.5",0.5,7,153603935,"contaminated_normal_phi050_N225","contaminated_normal","Contaminated normal","inside formal moment assumptions","extreme",0.5,"phi = 0.5",225,15,15,7,100000,20000,"VK_asym_full_oracle",0.92776,-0.0222399999999999,0.000818665880564226,NA,NA,0.07224,1.20357127906049,0.9287,0.0018195646457326,20000,0.464457432651582,0.000800641927983171,0.113227867315834,0.454731257689114,0.384241466527722,0.533540119824265,0.612479916177379,0.666409874961909,0.464457432651582,1.02917466937679,1.11080865290298,0,0,0,0.00011
"contaminated_normal_phi050_N225_M15_Q15","contaminated_normal_phi050_N225","contaminated_normal","extreme_distribution_dependence","contaminated_normal_phi_0.5","contaminated_normal, phi = 0.5",0.5,225,15,15,225,0.5,NA,"Balanced extreme-distribution design","Contaminated normal",4,0,16.9586776859504,"inside formal moment assumptions","extreme","phi = 0.5",0.5,7,153603935,"contaminated_normal_phi050_N225","contaminated_normal","Contaminated normal","inside formal moment assumptions","extreme",0.5,"phi = 0.5",225,15,15,7,100000,20000,"VK_leading_oracle",0.92644,-0.0235599999999999,0.000825523630188742,NA,NA,0.07356,1.2144423200645,0.9275,0.00183362687044011,20000,0.462283147867408,0.000796614051903632,0.11265823961791,0.452614386551479,0.382446665582869,0.531008033645667,0.60959439162782,0.663274176423804,0.462283147867408,1.02435674922616,1.10560857603405,0,0,0,0.00011
"contaminated_normal_phi050_N225_M15_Q15","contaminated_normal_phi050_N225","contaminated_normal","extreme_distribution_dependence","contaminated_normal_phi_0.5","contaminated_normal, phi = 0.5",0.5,225,15,15,225,0.5,NA,"Balanced extreme-distribution design","Contaminated normal",4,0,16.9586776859504,"inside formal moment assumptions","extreme","phi = 0.5",0.5,7,153603935,"contaminated_normal_phi050_N225","contaminated_normal","Contaminated normal","inside formal moment assumptions","extreme",0.5,"phi = 0.5",225,15,15,7,100000,20000,"VK_asym_full_feasible",0.92619,-0.02381,0.00082681366643277,NA,NA,0.07381,1.21795067997297,0.9272,0.00183711948441031,20000,0.470427823308694,0.000873614820881162,0.123547792798028,0.459944610270669,0.383228281130821,0.546236210659823,0.631718063687172,0.690309929521368,0.470427823308694,1.04240424521866,1.12508759675639,0,0,0,0.00011
"contaminated_normal_phi050_N225_M15_Q15","contaminated_normal_phi050_N225","contaminated_normal","extreme_distribution_dependence","contaminated_normal_phi_0.5","contaminated_normal, phi = 0.5",0.5,225,15,15,225,0.5,NA,"Balanced extreme-distribution design","Contaminated normal",4,0,16.9586776859504,"inside formal moment assumptions","extreme","phi = 0.5",0.5,7,153603935,"contaminated_normal_phi050_N225","contaminated_normal","Contaminated normal","inside formal moment assumptions","extreme",0.5,"phi = 0.5",225,15,15,7,100000,20000,"F_feasible_leading",0.92508,-0.0249199999999999,0.00083250821977924,NA,NA,0.07492,1.22895160032826,0.9261,0.0018498485073108,20000,0.468139984769061,0.000869124794634975,0.122912807196751,0.457663002744238,0.381334206022481,0.543539582367986,0.628555345164571,0.686733893198041,0.468139984769061,1.03733470534894,1.11961594172923,0,0,0,0.00011
"contaminated_normal_phi050_N400_M20_Q20","contaminated_normal_phi050_N400","contaminated_normal","extreme_distribution_dependence","contaminated_normal_phi_0.5","contaminated_normal, phi = 0.5",0.5,400,20,20,400,0.5,NA,"Balanced extreme-distribution design","Contaminated normal",4,0,16.9586776859504,"inside formal moment assumptions","extreme","phi = 0.5",0.5,10,328604460,"contaminated_normal_phi050_N400","contaminated_normal","Contaminated normal","inside formal moment assumptions","extreme",0.5,"phi = 0.5",400,20,20,10,100000,20000,"raw",0.91697,-0.03303,0.000872559563009884,NA,NA,0.08303,1.29976593381787,0.91865,0.0019330310072526,20000,0.323466241580016,0.000455936419452028,0.0644791467968886,0.318887107311,0.277870912571839,0.364043099381056,0.407724152582278,0.436207211474511,0.323466241580016,0.954432627172081,1,0,0,0,0
"contaminated_normal_phi050_N400_M20_Q20","contaminated_normal_phi050_N400","contaminated_normal","extreme_distribution_dependence","contaminated_normal_phi_0.5","contaminated_normal, phi = 0.5",0.5,400,20,20,400,0.5,NA,"Balanced extreme-distribution design","Contaminated normal",4,0,16.9586776859504,"inside formal moment assumptions","extreme","phi = 0.5",0.5,10,328604460,"contaminated_normal_phi050_N400","contaminated_normal","Contaminated normal","inside formal moment assumptions","extreme",0.5,"phi = 0.5",400,20,20,10,100000,20000,"K_asym_full",0.92753,-0.02247,0.000819866447050982,NA,NA,0.07247,1.19639336492167,0.93095,0.00179279247962501,20000,0.337895571272383,0.00047775054498599,0.0675641300150324,0.333104373174195,0.290117283972835,0.38029117060109,0.426183022174361,0.455902560743534,0.337895571272383,0.997008393284017,1.04460845627007,0,0,0,0
"contaminated_normal_phi050_N400_M20_Q20","contaminated_normal_phi050_N400","contaminated_normal","extreme_distribution_dependence","contaminated_normal_phi_0.5","contaminated_normal, phi = 0.5",0.5,400,20,20,400,0.5,NA,"Balanced extreme-distribution design","Contaminated normal",4,0,16.9586776859504,"inside formal moment assumptions","extreme","phi = 0.5",0.5,10,328604460,"contaminated_normal_phi050_N400","contaminated_normal","Contaminated normal","inside formal moment assumptions","extreme",0.5,"phi = 0.5",400,20,20,10,100000,20000,"K_leading",0.92703,-0.0229699999999999,0.000822468109412152,NA,NA,0.07297,1.20228348878153,0.93045,0.00179878844642721,20000,0.337021830549215,0.000476425031241321,0.0673766740635501,0.332246040533747,0.289375507120544,0.379285785942183,0.425073395077512,0.454766920570217,0.337021830549215,0.994430298426862,1.04190727571132,0,0,0,0
"contaminated_normal_phi050_N400_M20_Q20","contaminated_normal_phi050_N400","contaminated_normal","extreme_distribution_dependence","contaminated_normal_phi_0.5","contaminated_normal, phi = 0.5",0.5,400,20,20,400,0.5,NA,"Balanced extreme-distribution design","Contaminated normal",4,0,16.9586776859504,"inside formal moment assumptions","extreme","phi = 0.5",0.5,10,328604460,"contaminated_normal_phi050_N400","contaminated_normal","Contaminated normal","inside formal moment assumptions","extreme",0.5,"phi = 0.5",400,20,20,10,100000,20000,"V_oracle",0.92551,-0.0244899999999999,0.000830308616720313,NA,NA,0.0744899999999999,1.21717219484974,0.9289,0.00181720651000375,20000,0.334842629209098,0.000473121648217764,0.0669095051561874,0.330108567588334,0.287546745608188,0.376835210683161,0.422323169336329,0.451899467362343,0.334842629209098,0.988000258463419,1.03517024705117,0,0,0,0
"contaminated_normal_phi050_N400_M20_Q20","contaminated_normal_phi050_N400","contaminated_normal","extreme_distribution_dependence","contaminated_normal_phi_0.5","contaminated_normal, phi = 0.5",0.5,400,20,20,400,0.5,NA,"Balanced extreme-distribution design","Contaminated normal",4,0,16.9586776859504,"inside formal moment assumptions","extreme","phi = 0.5",0.5,10,328604460,"contaminated_normal_phi050_N400","contaminated_normal","Contaminated normal","inside formal moment assumptions","extreme",0.5,"phi = 0.5",400,20,20,10,100000,20000,"V_feasible",0.92457,-0.02543,0.000835106670431987,NA,NA,0.07543,1.22901034758556,0.9269,0.00184060302618463,20000,0.338758784429814,0.000530642986367788,0.0750442508099488,0.333647961651273,0.285668366261531,0.386354719928065,0.436609948372686,0.469215370725151,0.338758784429814,0.999555425078222,1.04727709072545,0,0,0,0
"contaminated_normal_phi050_N400_M20_Q20","contaminated_normal_phi050_N400","contaminated_normal","extreme_distribution_dependence","contaminated_normal_phi_0.5","contaminated_normal, phi = 0.5",0.5,400,20,20,400,0.5,NA,"Balanced extreme-distribution design","Contaminated normal",4,0,16.9586776859504,"inside formal moment assumptions","extreme","phi = 0.5",0.5,10,328604460,"contaminated_normal_phi050_N400","contaminated_normal","Contaminated normal","inside formal moment assumptions","extreme",0.5,"phi = 0.5",400,20,20,10,100000,20000,"VK_asym_full_oracle",0.93556,-0.01444,0.000776450168394599,NA,NA,0.0644400000000001,1.12036844480756,0.93885,0.0016942649955069,20000,0.349807915657355,0.000495881545193698,0.0701282406543455,0.344824839661069,0.300209900437134,0.393736000672601,0.441681460822444,0.47240515697972,0.349807915657355,1.0321574403425,1.08143562044889,0,0,0,0
"contaminated_normal_phi050_N400_M20_Q20","contaminated_normal_phi050_N400","contaminated_normal","extreme_distribution_dependence","contaminated_normal_phi_0.5","contaminated_normal, phi = 0.5",0.5,400,20,20,400,0.5,NA,"Balanced extreme-distribution design","Contaminated normal",4,0,16.9586776859504,"inside formal moment assumptions","extreme","phi = 0.5",0.5,10,328604460,"contaminated_normal_phi050_N400","contaminated_normal","Contaminated normal","inside formal moment assumptions","extreme",0.5,"phi = 0.5",400,20,20,10,100000,20000,"VK_leading_oracle",0.93502,-0.01498,0.000779471613338164,NA,NA,0.06498,1.12588428023601,0.9382,0.00170265616023905,20000,0.348901712698973,0.000494498386969318,0.0699326325423629,0.343939304859459,0.299445459164253,0.392644447609736,0.44050468353335,0.471189126116823,0.348901712698973,1.02948356109596,1.07863408247709,0,0,0,0
"contaminated_normal_phi050_N400_M20_Q20","contaminated_normal_phi050_N400","contaminated_normal","extreme_distribution_dependence","contaminated_normal_phi_0.5","contaminated_normal, phi = 0.5",0.5,400,20,20,400,0.5,NA,"Balanced extreme-distribution design","Contaminated normal",4,0,16.9586776859504,"inside formal moment assumptions","extreme","phi = 0.5",0.5,10,328604460,"contaminated_normal_phi050_N400","contaminated_normal","Contaminated normal","inside formal moment assumptions","extreme",0.5,"phi = 0.5",400,20,20,10,100000,20000,"VK_asym_full_feasible",0.93461,-0.0153899999999999,0.000781755383096272,NA,NA,0.0653899999999999,1.13126508936299,0.937,0.00171800756692164,20000,0.354509197320598,0.000556814659108272,0.078745484263907,0.349095172884051,0.298877057973474,0.404313278896602,0.457400860896245,0.491450679274966,0.354509197320598,1.04602923291971,1.09596969250624,0,0,0,0
"contaminated_normal_phi050_N400_M20_Q20","contaminated_normal_phi050_N400","contaminated_normal","extreme_distribution_dependence","contaminated_normal_phi_0.5","contaminated_normal, phi = 0.5",0.5,400,20,20,400,0.5,NA,"Balanced extreme-distribution design","Contaminated normal",4,0,16.9586776859504,"inside formal moment assumptions","extreme","phi = 0.5",0.5,10,328604460,"contaminated_normal_phi050_N400","contaminated_normal","Contaminated normal","inside formal moment assumptions","extreme",0.5,"phi = 0.5",400,20,20,10,100000,20000,"F_feasible_leading",0.93407,-0.01593,0.000784749865243697,NA,NA,0.06593,1.13683457151665,0.93625,0.00172751175828126,20000,0.353553572199806,0.000555222563927826,0.0785203280042295,0.348180046876645,0.298057975714682,0.403188081656752,0.456158966037558,0.490149085574704,0.353553572199806,1.0432095266339,1.09301536529075,0,0,0,0
"contaminated_normal_phi050_N1024_M32_Q32","contaminated_normal_phi050_N1024","contaminated_normal","extreme_distribution_dependence","contaminated_normal_phi_0.5","contaminated_normal, phi = 0.5",0.5,1024,32,32,1024,0.5,NA,"Balanced extreme-distribution design","Contaminated normal",4,0,16.9586776859504,"inside formal moment assumptions","extreme","phi = 0.5",0.5,13,952606332,"contaminated_normal_phi050_N1024","contaminated_normal","Contaminated normal","inside formal moment assumptions","extreme",0.5,"phi = 0.5",1024,32,32,13,100000,20000,"raw",0.93476,-0.0152399999999999,0.000780920882036074,NA,NA,0.06524,1.13850763011649,0.933,0.00176792250961404,20000,0.207724234398183,0.000215177575139766,0.0304307045081212,0.206038236809851,0.186366484363916,0.227580655902778,0.247380950007821,0.260283841150956,0.207724234398183,0.979673497024077,1,0,0,0,0
"contaminated_normal_phi050_N1024_M32_Q32","contaminated_normal_phi050_N1024","contaminated_normal","extreme_distribution_dependence","contaminated_normal_phi_0.5","contaminated_normal, phi = 0.5",0.5,1024,32,32,1024,0.5,NA,"Balanced extreme-distribution design","Contaminated normal",4,0,16.9586776859504,"inside formal moment assumptions","extreme","phi = 0.5",0.5,13,952606332,"contaminated_normal_phi050_N1024","contaminated_normal","Contaminated normal","inside formal moment assumptions","extreme",0.5,"phi = 0.5",1024,32,32,13,100000,20000,"K_asym_full",0.94021,-0.00978999999999997,0.000749767670015186,NA,NA,0.05979,1.08312471278327,0.93835,0.00170072451472894,20000,0.213238062564526,0.000221282982885664,0.031294139551928,0.211532878330641,0.191270522807905,0.233630263497639,0.254072280564628,0.267401482848934,0.213238062564526,1.00567793188148,1.02654398116964,0,0,0,0
"contaminated_normal_phi050_N1024_M32_Q32","contaminated_normal_phi050_N1024","contaminated_normal","extreme_distribution_dependence","contaminated_normal_phi_0.5","contaminated_normal, phi = 0.5",0.5,1024,32,32,1024,0.5,NA,"Balanced extreme-distribution design","Contaminated normal",4,0,16.9586776859504,"inside formal moment assumptions","extreme","phi = 0.5",0.5,13,952606332,"contaminated_normal_phi050_N1024","contaminated_normal","Contaminated normal","inside formal moment assumptions","extreme",0.5,"phi = 0.5",1024,32,32,13,100000,20000,"K_leading",0.93999,-0.01001,0.000751057919870365,NA,NA,0.06001,1.08514008495478,0.938,0.00170522725758182,20000,0.213029718138513,0.000221051732966766,0.0312614358747676,0.211326070249686,0.191086077671508,0.233399415439159,0.253817152035443,0.267138357253169,0.213029718138513,1.00469533342344,1.02554099552082,0,0,0,0
"contaminated_normal_phi050_N1024_M32_Q32","contaminated_normal_phi050_N1024","contaminated_normal","extreme_distribution_dependence","contaminated_normal_phi_0.5","contaminated_normal, phi = 0.5",0.5,1024,32,32,1024,0.5,NA,"Balanced extreme-distribution design","Contaminated normal",4,0,16.9586776859504,"inside formal moment assumptions","extreme","phi = 0.5",0.5,13,952606332,"contaminated_normal_phi050_N1024","contaminated_normal","Contaminated normal","inside formal moment assumptions","extreme",0.5,"phi = 0.5",1024,32,32,13,100000,20000,"V_oracle",0.93925,-0.0107499999999999,0.00075537697542353,NA,NA,0.06075,1.09249232825844,0.9375,0.00171163299220364,20000,0.212274768765646,0.000220214149082621,0.0311429836259094,0.21057274934492,0.190408843293344,0.232571033497706,0.252883526616887,0.266170677983637,0.212274768765646,1.00113482497176,1.0219066127775,0,0,0,0
"contaminated_normal_phi050_N1024_M32_Q32","contaminated_normal_phi050_N1024","contaminated_normal","extreme_distribution_dependence","contaminated_normal_phi_0.5","contaminated_normal, phi = 0.5",0.5,1024,32,32,1024,0.5,NA,"Balanced extreme-distribution design","Contaminated normal",4,0,16.9586776859504,"inside formal moment assumptions","extreme","phi = 0.5",0.5,13,952606332,"contaminated_normal_phi050_N1024","contaminated_normal","Contaminated normal","inside formal moment assumptions","extreme",0.5,"phi = 0.5",1024,32,32,13,100000,20000,"V_feasible",0.93888,-0.0111199999999999,0.000757524558017758,NA,NA,0.06112,1.09796143384521,0.9376,0.00171035434925047,20000,0.213401849393949,0.000242310960630781,0.0342679446835703,0.211628491444365,0.189412499357685,0.235612934491878,0.258107398015267,0.272908237054882,0.213401849393949,1.00645038684521,1.02733246321603,0,0,0,0
"contaminated_normal_phi050_N1024_M32_Q32","contaminated_normal_phi050_N1024","contaminated_normal","extreme_distribution_dependence","contaminated_normal_phi_0.5","contaminated_normal, phi = 0.5",0.5,1024,32,32,1024,0.5,NA,"Balanced extreme-distribution design","Contaminated normal",4,0,16.9586776859504,"inside formal moment assumptions","extreme","phi = 0.5",0.5,13,952606332,"contaminated_normal_phi050_N1024","contaminated_normal","Contaminated normal","inside formal moment assumptions","extreme",0.5,"phi = 0.5",1024,32,32,13,100000,20000,"VK_asym_full_oracle",0.94508,-0.00491999999999992,0.000720442874904041,NA,NA,0.05492,1.03934783391989,0.94405,0.00162510918863934,20000,0.217918835660971,0.000226489914943505,0.0320305109453834,0.216169406277165,0.195470072303526,0.238809317203321,0.259758752276902,0.273373149694811,0.217918835660971,1.02775349452084,1.04907757292895,0,0,0,0
"contaminated_normal_phi050_N1024_M32_Q32","contaminated_normal_phi050_N1024","contaminated_normal","extreme_distribution_dependence","contaminated_normal_phi_0.5","contaminated_normal, phi = 0.5",0.5,1024,32,32,1024,0.5,NA,"Balanced extreme-distribution design","Contaminated normal",4,0,16.9586776859504,"inside formal moment assumptions","extreme","phi = 0.5",0.5,13,952606332,"contaminated_normal_phi050_N1024","contaminated_normal","Contaminated normal","inside formal moment assumptions","extreme",0.5,"phi = 0.5",1024,32,32,13,100000,20000,"VK_leading_oracle",0.94489,-0.00510999999999995,0.00072161546477331,NA,NA,0.05511,1.04128175037132,0.94375,0.00162920129971713,20000,0.217705561413464,0.000226252183567235,0.031996890651731,0.215959068656491,0.195283750445678,0.23857329873764,0.259511856279855,0.273092277264424,0.217705561413464,1.02674764593275,1.04805085475076,0,0,0,0
"contaminated_normal_phi050_N1024_M32_Q32","contaminated_normal_phi050_N1024","contaminated_normal","extreme_distribution_dependence","contaminated_normal_phi_0.5","contaminated_normal, phi = 0.5",0.5,1024,32,32,1024,0.5,NA,"Balanced extreme-distribution design","Contaminated normal",4,0,16.9586776859504,"inside formal moment assumptions","extreme","phi = 0.5",0.5,13,952606332,"contaminated_normal_phi050_N1024","contaminated_normal","Contaminated normal","inside formal moment assumptions","extreme",0.5,"phi = 0.5",1024,32,32,13,100000,20000,"VK_asym_full_feasible",0.94473,-0.00527,0.000722601045529274,NA,NA,0.05527,1.04455089383899,0.94355,0.00163192214121875,20000,0.219181692819406,0.000249325900994684,0.0352600070637574,0.217282881506737,0.19447159013141,0.242048534237147,0.265179093817113,0.280431317421442,0.219181692819406,1.03370940858272,1.05515706173821,0,0,0,0
"contaminated_normal_phi050_N1024_M32_Q32","contaminated_normal_phi050_N1024","contaminated_normal","extreme_distribution_dependence","contaminated_normal_phi_0.5","contaminated_normal, phi = 0.5",0.5,1024,32,32,1024,0.5,NA,"Balanced extreme-distribution design","Contaminated normal",4,0,16.9586776859504,"inside formal moment assumptions","extreme","phi = 0.5",0.5,13,952606332,"contaminated_normal_phi050_N1024","contaminated_normal","Contaminated normal","inside formal moment assumptions","extreme",0.5,"phi = 0.5",1024,32,32,13,100000,20000,"F_feasible_leading",0.94447,-0.00552999999999992,0.000724198999585059,NA,NA,0.05553,1.04649449163371,0.94325,0.00163599262681713,20000,0.21896314440859,0.000249060027569855,0.0352224068834306,0.217065965409727,0.19427539167558,0.241814346523893,0.264915305407969,0.280155466842365,0.21896314440859,1.03267868587233,1.0541049533434,0,0,0,0
"contaminated_normal_phi050_N4096_M64_Q64","contaminated_normal_phi050_N4096","contaminated_normal","extreme_distribution_dependence","contaminated_normal_phi_0.5","contaminated_normal, phi = 0.5",0.5,4096,64,64,4096,0.5,NA,"Balanced extreme-distribution design","Contaminated normal",4,0,16.9586776859504,"inside formal moment assumptions","extreme","phi = 0.5",0.5,17,1877131902,"contaminated_normal_phi050_N4096","contaminated_normal","Contaminated normal","inside formal moment assumptions","extreme",0.5,"phi = 0.5",4096,64,64,17,100000,20000,"V_feasible",0.94629,-0.00370999999999999,0.000712918199374936,NA,NA,0.05371,1.03533358829153,0.9438,0.00162852018716379,20000,0.106603137638884,7.59233550854912e-05,0.010737183846277,0.106285534261893,0.0992278542591708,0.113605397266857,0.120585046901055,0.124907883902178,0.106603137638884,1.00503675563879,1.01193056723595,0,0,0,0
"contaminated_normal_phi050_N4096_M64_Q64","contaminated_normal_phi050_N4096","contaminated_normal","extreme_distribution_dependence","contaminated_normal_phi_0.5","contaminated_normal, phi = 0.5",0.5,4096,64,64,4096,0.5,NA,"Balanced extreme-distribution design","Contaminated normal",4,0,16.9586776859504,"inside formal moment assumptions","extreme","phi = 0.5",0.5,17,1877131902,"contaminated_normal_phi050_N4096","contaminated_normal","Contaminated normal","inside formal moment assumptions","extreme",0.5,"phi = 0.5",4096,64,64,17,100000,20000,"VK_asym_full_oracle",0.94934,-0.000659999999999994,0.000693495237186241,NA,NA,0.05066,1.00925809733401,0.94685,0.00158627042934047,20000,0.10781609618461,7.31065768874901e-05,0.010338831253296,0.107510005350539,0.100740899239084,0.114553065806952,0.121246188453782,0.125433197432485,0.10781609618461,1.01647232825439,1.02344457945356,0,0,0,0
"contaminated_normal_phi050_N4096_M64_Q64","contaminated_normal_phi050_N4096","contaminated_normal","extreme_distribution_dependence","contaminated_normal_phi_0.5","contaminated_normal, phi = 0.5",0.5,4096,64,64,4096,0.5,NA,"Balanced extreme-distribution design","Contaminated normal",4,0,16.9586776859504,"inside formal moment assumptions","extreme","phi = 0.5",0.5,17,1877131902,"contaminated_normal_phi050_N4096","contaminated_normal","Contaminated normal","inside formal moment assumptions","extreme",0.5,"phi = 0.5",4096,64,64,17,100000,20000,"VK_leading_oracle",0.9493,-0.000699999999999923,0.000693754351337705,NA,NA,0.0507,1.00971566820845,0.94685,0.00158627042934047,20000,0.107790857175475,7.30888105165667e-05,0.0103363187090246,0.107484541836207,0.100717280001133,0.114526462099845,0.121218377908823,0.125403530962085,0.107790857175475,1.01623437904935,1.0232049980923,0,0,0,0
"contaminated_normal_phi050_N4096_M64_Q64","contaminated_normal_phi050_N4096","contaminated_normal","extreme_distribution_dependence","contaminated_normal_phi_0.5","contaminated_normal, phi = 0.5",0.5,4096,64,64,4096,0.5,NA,"Balanced extreme-distribution design","Contaminated normal",4,0,16.9586776859504,"inside formal moment assumptions","extreme","phi = 0.5",0.5,17,1877131902,"contaminated_normal_phi050_N4096","contaminated_normal","Contaminated normal","inside formal moment assumptions","extreme",0.5,"phi = 0.5",4096,64,64,17,100000,20000,"VK_asym_full_feasible",0.94918,-0.000819999999999932,0.000694530975551127,NA,NA,0.05082,1.01060977362731,0.94655,0.00159048887924437,20000,0.107947298186414,7.69183692553678e-05,0.0108779000996563,0.107621007127988,0.100477577590799,0.115039840185031,0.122098327035189,0.126494343118065,0.107947298186414,1.01770927903415,1.02469001480424,0,0,0,0
"contaminated_normal_phi050_N4096_M64_Q64","contaminated_normal_phi050_N4096","contaminated_normal","extreme_distribution_dependence","contaminated_normal_phi_0.5","contaminated_normal, phi = 0.5",0.5,4096,64,64,4096,0.5,NA,"Balanced extreme-distribution design","Contaminated normal",4,0,16.9586776859504,"inside formal moment assumptions","extreme","phi = 0.5",0.5,17,1877131902,"contaminated_normal_phi050_N4096","contaminated_normal","Contaminated normal","inside formal moment assumptions","extreme",0.5,"phi = 0.5",4096,64,64,17,100000,20000,"F_feasible_leading",0.94911,-0.000889999999999946,0.000694983509876313,NA,NA,0.05089,1.01106795731595,0.94655,0.00159048887924437,20000,0.107921924202924,7.68995702721826e-05,0.0108752415219583,0.107595878521117,0.100454038883738,0.115012106188425,0.122069421170092,0.126462909553441,0.107921924202924,1.0174700573132,1.02444915219854,0,0,0,0
"contaminated_normal_phi050_N4096_M64_Q64","contaminated_normal_phi050_N4096","contaminated_normal","extreme_distribution_dependence","contaminated_normal_phi_0.5","contaminated_normal, phi = 0.5",0.5,4096,64,64,4096,0.5,NA,"Balanced extreme-distribution design","Contaminated normal",4,0,16.9586776859504,"inside formal moment assumptions","extreme","phi = 0.5",0.5,17,1877131902,"contaminated_normal_phi050_N4096","contaminated_normal","Contaminated normal","inside formal moment assumptions","extreme",0.5,"phi = 0.5",4096,64,64,17,100000,20000,"raw",0.94399,-0.00600999999999996,0.000727137400358419,NA,NA,0.05601,1.05560402283171,0.9415,0.00165948410658252,20000,0.105346296564661,7.13706780786465e-05,0.0100933380894586,0.105050262037354,0.0984373687731512,0.111936643740873,0.118461641160817,0.122530751344975,0.105346296564661,0.993187465800165,1,0,0,0,0
"contaminated_normal_phi050_N4096_M64_Q64","contaminated_normal_phi050_N4096","contaminated_normal","extreme_distribution_dependence","contaminated_normal_phi_0.5","contaminated_normal, phi = 0.5",0.5,4096,64,64,4096,0.5,NA,"Balanced extreme-distribution design","Contaminated normal",4,0,16.9586776859504,"inside formal moment assumptions","extreme","phi = 0.5",0.5,17,1877131902,"contaminated_normal_phi050_N4096","contaminated_normal","Contaminated normal","inside formal moment assumptions","extreme",0.5,"phi = 0.5",4096,64,64,17,100000,20000,"K_asym_full",0.94692,-0.00307999999999997,0.000708960602572527,NA,NA,0.05308,1.03039614923961,0.9445,0.00161894641665498,20000,0.106668319312217,7.22991973441208e-05,0.0102246505432744,0.106366550502476,0.0996705463394982,0.113339435001606,0.119951521583186,0.124083681229049,0.106668319312217,1.00565127767768,1.01254930444322,0,0,0,0
"contaminated_normal_phi050_N4096_M64_Q64","contaminated_normal_phi050_N4096","contaminated_normal","extreme_distribution_dependence","contaminated_normal_phi_0.5","contaminated_normal, phi = 0.5",0.5,4096,64,64,4096,0.5,NA,"Balanced extreme-distribution design","Contaminated normal",4,0,16.9586776859504,"inside formal moment assumptions","extreme","phi = 0.5",0.5,17,1877131902,"contaminated_normal_phi050_N4096","contaminated_normal","Contaminated normal","inside formal moment assumptions","extreme",0.5,"phi = 0.5",4096,64,64,17,100000,20000,"K_leading",0.94688,-0.0031199999999999,0.000709212701521906,NA,NA,0.0531199999999999,1.03086330354659,0.94445,0.00161963263581591,20000,0.106643365376843,7.22816568979552e-05,0.0102221699495887,0.106342088391483,0.0996473766088565,0.113312822670352,0.119923312734296,0.124053557139642,0.106643365376843,1.00541601610092,1.01231242914539,0,0,0,0
"contaminated_normal_phi050_N4096_M64_Q64","contaminated_normal_phi050_N4096","contaminated_normal","extreme_distribution_dependence","contaminated_normal_phi_0.5","contaminated_normal, phi = 0.5",0.5,4096,64,64,4096,0.5,NA,"Balanced extreme-distribution design","Contaminated normal",4,0,16.9586776859504,"inside formal moment assumptions","extreme","phi = 0.5",0.5,17,1877131902,"contaminated_normal_phi050_N4096","contaminated_normal","Contaminated normal","inside formal moment assumptions","extreme",0.5,"phi = 0.5",4096,64,64,17,100000,20000,"V_oracle",0.94658,-0.00341999999999998,0.000711099877654328,NA,NA,0.05342,1.03394884424545,0.94405,0.00162510918863934,20000,0.106478983902205,7.21661248096608e-05,0.0102058312449732,0.106180539406199,0.0994943726982114,0.113137981559488,0.11973843969232,0.123857503788635,0.106478983902205,1.00386625473726,1.01075203756069,0,0,0,0
"contaminated_normal_phi080_N64_M8_Q8","contaminated_normal_phi080_N64","contaminated_normal","extreme_distribution_dependence","contaminated_normal_phi_0.8","contaminated_normal, phi = 0.8",0.8,64,8,8,64,0.5,NA,"Balanced extreme-distribution design","Contaminated normal",4,0,16.9586776859504,"inside formal moment assumptions","extreme","phi = 0.8",0.5,4,22624452,"contaminated_normal_phi080_N64","contaminated_normal","Contaminated normal","inside formal moment assumptions","extreme",0.8,"phi = 0.8",64,8,8,4,100000,20000,"raw",0.73274,-0.21726,0.00139940020151492,NA,NA,0.26726,3.29834556436593,0.7356,0.00311843422249051,20000,0.890715896707532,0.00238223282384645,0.336898596821401,0.841075360476024,0.645636309934858,1.08184295436548,1.34228262861999,1.51994032285469,0.890715896707532,0.628143233141914,1,0,0,0,0.03537
"contaminated_normal_phi080_N64_M8_Q8","contaminated_normal_phi080_N64","contaminated_normal","extreme_distribution_dependence","contaminated_normal_phi_0.8","contaminated_normal, phi = 0.8",0.8,64,8,8,64,0.5,NA,"Balanced extreme-distribution design","Contaminated normal",4,0,16.9586776859504,"inside formal moment assumptions","extreme","phi = 0.8",0.5,4,22624452,"contaminated_normal_phi080_N64","contaminated_normal","Contaminated normal","inside formal moment assumptions","extreme",0.8,"phi = 0.8",64,8,8,4,100000,20000,"K_asym_full",0.72755,-0.22245,0.00140790978936862,NA,NA,0.27245,3.3881679341026,0.7303,0.00313816753854857,20000,0.879291725603945,0.00235075336261589,0.332446728720555,0.830132686609579,0.63744706833185,1.06820432746665,1.32513284349007,1.50010711997794,0.879291725603945,0.620086774511839,0.987174169512617,0,0,0,0.03537
"contaminated_normal_phi080_N64_M8_Q8","contaminated_normal_phi080_N64","contaminated_normal","extreme_distribution_dependence","contaminated_normal_phi_0.8","contaminated_normal, phi = 0.8",0.8,64,8,8,64,0.5,NA,"Balanced extreme-distribution design","Contaminated normal",4,0,16.9586776859504,"inside formal moment assumptions","extreme","phi = 0.8",0.5,4,22624452,"contaminated_normal_phi080_N64","contaminated_normal","Contaminated normal","inside formal moment assumptions","extreme",0.8,"phi = 0.8",64,8,8,4,100000,20000,"K_leading",0.77274,-0.17726,0.00132519014635636,NA,NA,0.22726,2.67990577104732,0.7734,0.00296017263010116,20000,0.98317057068159,0.00263814843390571,0.37309052947828,0.927215384082531,0.712001375471174,1.19558884084289,1.48239008928791,1.68090679803792,0.98317057068159,0.693343346942302,1.10379816315821,0,0,0,0.03537
"contaminated_normal_phi080_N64_M8_Q8","contaminated_normal_phi080_N64","contaminated_normal","extreme_distribution_dependence","contaminated_normal_phi_0.8","contaminated_normal, phi = 0.8",0.8,64,8,8,64,0.5,NA,"Balanced extreme-distribution design","Contaminated normal",4,0,16.9586776859504,"inside formal moment assumptions","extreme","phi = 0.8",0.5,4,22624452,"contaminated_normal_phi080_N64","contaminated_normal","Contaminated normal","inside formal moment assumptions","extreme",0.8,"phi = 0.8",64,8,8,4,100000,20000,"V_oracle",0.83183,-0.11817,0.00118274617353006,NA,NA,0.16817,1.90569961893998,0.83195,0.00264394778219994,20000,1.15028715474334,0.00310595352895785,0.439248160475277,1.08284760684884,0.830552440814404,1.39792614354417,1.73816866511316,1.9721776843506,1.15028715474334,0.811195910045991,1.29141868804105,0,0,0,0.03537
"contaminated_normal_phi080_N64_M8_Q8","contaminated_normal_phi080_N64","contaminated_normal","extreme_distribution_dependence","contaminated_normal_phi_0.8","contaminated_normal, phi = 0.8",0.8,64,8,8,64,0.5,NA,"Balanced extreme-distribution design","Contaminated normal",4,0,16.9586776859504,"inside formal moment assumptions","extreme","phi = 0.8",0.5,4,22624452,"contaminated_normal_phi080_N64","contaminated_normal","Contaminated normal","inside formal moment assumptions","extreme",0.8,"phi = 0.8",64,8,8,4,100000,20000,"V_feasible",0.77547,-0.17453,0.0013195312770071,NA,NA,0.22453,2.63231947466384,0.77635,0.00294644427658152,20000,0.995669627102657,0.00272908270115935,0.385950576881735,0.938024877440724,0.715513476446921,1.21329672573393,1.51096657404035,1.71506366397773,0.995669627102657,0.70215782722785,1.11783075926126,0,0,0,0.03537
"contaminated_normal_phi080_N64_M8_Q8","contaminated_normal_phi080_N64","contaminated_normal","extreme_distribution_dependence","contaminated_normal_phi_0.8","contaminated_normal, phi = 0.8",0.8,64,8,8,64,0.5,NA,"Balanced extreme-distribution design","Contaminated normal",4,0,16.9586776859504,"inside formal moment assumptions","extreme","phi = 0.8",0.5,4,22624452,"contaminated_normal_phi080_N64","contaminated_normal","Contaminated normal","inside formal moment assumptions","extreme",0.8,"phi = 0.8",64,8,8,4,100000,20000,"VK_asym_full_oracle",0.82744,-0.12256,0.00119491860141183,NA,NA,0.17256,1.9575966844351,0.82735,0.00267247055643276,20000,1.13648017769475,0.00306705105589716,0.433746519974049,1.0703306062792,0.820977225011845,1.38108731430731,1.71706904981219,1.94762014257186,1.13648017769475,0.801459068887906,1.27591769934237,0,0,0,0.03537
"contaminated_normal_phi080_N64_M8_Q8","contaminated_normal_phi080_N64","contaminated_normal","extreme_distribution_dependence","contaminated_normal_phi_0.8","contaminated_normal, phi = 0.8",0.8,64,8,8,64,0.5,NA,"Balanced extreme-distribution design","Contaminated normal",4,0,16.9586776859504,"inside formal moment assumptions","extreme","phi = 0.8",0.5,4,22624452,"contaminated_normal_phi080_N64","contaminated_normal","Contaminated normal","inside formal moment assumptions","extreme",0.8,"phi = 0.8",64,8,8,4,100000,20000,"VK_leading_oracle",0.86277,-0.0872299999999999,0.00108810811549221,NA,NA,0.13723,1.54838094038873,0.8624,0.00243583907514433,20000,1.26006922059069,0.00341686458998945,0.483217624395546,1.18516575158217,0.908465442404693,1.53230904843453,1.90620537182249,2.16552671307969,1.26006922059069,0.888615502575161,1.41467018299376,0,0,0,0.03537
"contaminated_normal_phi080_N64_M8_Q8","contaminated_normal_phi080_N64","contaminated_normal","extreme_distribution_dependence","contaminated_normal_phi_0.8","contaminated_normal, phi = 0.8",0.8,64,8,8,64,0.5,NA,"Balanced extreme-distribution design","Contaminated normal",4,0,16.9586776859504,"inside formal moment assumptions","extreme","phi = 0.8",0.5,4,22624452,"contaminated_normal_phi080_N64","contaminated_normal","Contaminated normal","inside formal moment assumptions","extreme",0.8,"phi = 0.8",64,8,8,4,100000,20000,"VK_asym_full_feasible",0.77044,-0.17956,0.00132989550867728,NA,NA,0.22956,2.70400425374602,0.77125,0.00297004576984935,20000,0.982954383926133,0.00269356630679782,0.380927800222468,0.926392607743975,0.706649222354262,1.19766013290633,1.49229861112007,1.69292194925637,0.982954383926133,0.693190889522335,1.10355545192306,0,0,0,0.03537
"contaminated_normal_phi080_N64_M8_Q8","contaminated_normal_phi080_N64","contaminated_normal","extreme_distribution_dependence","contaminated_normal_phi_0.8","contaminated_normal, phi = 0.8",0.8,64,8,8,64,0.5,NA,"Balanced extreme-distribution design","Contaminated normal",4,0,16.9586776859504,"inside formal moment assumptions","extreme","phi = 0.8",0.5,4,22624452,"contaminated_normal_phi080_N64","contaminated_normal","Contaminated normal","inside formal moment assumptions","extreme",0.8,"phi = 0.8",64,8,8,4,100000,20000,"F_feasible_leading",0.8128,-0.1372,0.0012335159504441,NA,NA,0.1872,2.13875957316437,0.8126,0.00275935898353223,20000,1.09804963962783,0.00301587022745456,0.426508457802347,1.03359377603694,0.788038183179378,1.33884299429567,1.66727572324863,1.89242291549059,1.09804963962783,0.774357405470911,1.23277202493713,0,0,0,0.03537
"contaminated_normal_phi080_N100_M10_Q10","contaminated_normal_phi080_N100","contaminated_normal","extreme_distribution_dependence","contaminated_normal_phi_0.8","contaminated_normal, phi = 0.8",0.8,100,10,10,100,0.5,NA,"Balanced extreme-distribution design","Contaminated normal",4,0,16.9586776859504,"inside formal moment assumptions","extreme","phi = 0.8",0.5,5,58624560,"contaminated_normal_phi080_N100","contaminated_normal","Contaminated normal","inside formal moment assumptions","extreme",0.8,"phi = 0.8",100,10,10,5,100000,20000,"raw",0.78553,-0.16447,0.00129797002700371,NA,NA,0.21447,2.81870822411915,0.7824,0.00291762094864977,20000,0.806758513971116,0.00184573447941657,0.261026273333055,0.775635882978145,0.617842856731035,0.961760951163905,1.15329225951742,1.28418298669972,0.806758513971116,0.701804655832008,1,0,0,0,0.00969
"contaminated_normal_phi080_N100_M10_Q10","contaminated_normal_phi080_N100","contaminated_normal","extreme_distribution_dependence","contaminated_normal_phi_0.8","contaminated_normal, phi = 0.8",0.8,100,10,10,100,0.5,NA,"Balanced extreme-distribution design","Contaminated normal",4,0,16.9586776859504,"inside formal moment assumptions","extreme","phi = 0.8",0.5,5,58624560,"contaminated_normal_phi080_N100","contaminated_normal","Contaminated normal","inside formal moment assumptions","extreme",0.8,"phi = 0.8",100,10,10,5,100000,20000,"K_asym_full",0.78817,-0.16183,0.00129212248297133,NA,NA,0.21183,2.78327377454322,0.78515,0.00290421656819873,20000,0.811870917073417,0.00185791437215078,0.262748770282353,0.780554656885445,0.621669271657201,0.967730330544321,1.16095613178454,1.2925524332996,0.811870917073417,0.706251969665765,1.00633696826717,0,0,0,0.00969
"contaminated_normal_phi080_N100_M10_Q10","contaminated_normal_phi080_N100","contaminated_normal","extreme_distribution_dependence","contaminated_normal_phi_0.8","contaminated_normal, phi = 0.8",0.8,100,10,10,100,0.5,NA,"Balanced extreme-distribution design","Contaminated normal",4,0,16.9586776859504,"inside formal moment assumptions","extreme","phi = 0.8",0.5,5,58624560,"contaminated_normal_phi080_N100","contaminated_normal","Contaminated normal","inside formal moment assumptions","extreme",0.8,"phi = 0.8",100,10,10,5,100000,20000,"K_leading",0.81636,-0.13364,0.00122440332570604,NA,NA,0.18364,2.39590199050128,0.81385,0.00275225523434873,20000,0.874733024181723,0.00200829056918841,0.284015176013224,0.840575016555575,0.668783303593246,1.04290134656114,1.25213161443013,1.39436361207698,0.874733024181723,0.760936139315072,1.08425632829831,0,0,0,0.00969
"contaminated_normal_phi080_N100_M10_Q10","contaminated_normal_phi080_N100","contaminated_normal","extreme_distribution_dependence","contaminated_normal_phi_0.8","contaminated_normal, phi = 0.8",0.8,100,10,10,100,0.5,NA,"Balanced extreme-distribution design","Contaminated normal",4,0,16.9586776859504,"inside formal moment assumptions","extreme","phi = 0.8",0.5,5,58624560,"contaminated_normal_phi080_N100","contaminated_normal","Contaminated normal","inside formal moment assumptions","extreme",0.8,"phi = 0.8",100,10,10,5,100000,20000,"V_oracle",0.86728,-0.0827199999999999,0.00107287185441692,NA,NA,0.13272,1.7795543121403,0.86585,0.00240991470284738,20000,1.01227614520887,0.00234122747130445,0.331099564251921,0.971853293912894,0.771555841786485,1.20696568857532,1.4528538104146,1.62143363297836,1.01227614520887,0.880585825116805,1.25474491769059,0,0,0,0.00969
"contaminated_normal_phi080_N100_M10_Q10","contaminated_normal_phi080_N100","contaminated_normal","extreme_distribution_dependence","contaminated_normal_phi_0.8","contaminated_normal, phi = 0.8",0.8,100,10,10,100,0.5,NA,"Balanced extreme-distribution design","Contaminated normal",4,0,16.9586776859504,"inside formal moment assumptions","extreme","phi = 0.8",0.5,5,58624560,"contaminated_normal_phi080_N100","contaminated_normal","Contaminated normal","inside formal moment assumptions","extreme",0.8,"phi = 0.8",100,10,10,5,100000,20000,"V_feasible",0.82613,-0.12387,0.00119849582018462,NA,NA,0.17387,2.26641511415119,0.8238,0.00269400779508895,20000,0.90376979174649,0.00213274672503306,0.301615934364855,0.868542248770709,0.685704876046195,1.08146433529262,1.3032449321982,1.45763349928616,0.90376979174649,0.786195418658723,1.12024822309944,0,0,0,0.00969
"contaminated_normal_phi080_N100_M10_Q10","contaminated_normal_phi080_N100","contaminated_normal","extreme_distribution_dependence","contaminated_normal_phi_0.8","contaminated_normal, phi = 0.8",0.8,100,10,10,100,0.5,NA,"Balanced extreme-distribution design","Contaminated normal",4,0,16.9586776859504,"inside formal moment assumptions","extreme","phi = 0.8",0.5,5,58624560,"contaminated_normal_phi080_N100","contaminated_normal","Contaminated normal","inside formal moment assumptions","extreme",0.8,"phi = 0.8",100,10,10,5,100000,20000,"VK_asym_full_oracle",0.86905,-0.08095,0.0010667806592735,NA,NA,0.13095,1.75718323910705,0.86765,0.00239617901564136,20000,1.01850607343133,0.00235643264255379,0.333249900191824,0.97768909347502,0.776260149649737,1.21434629758057,1.46176523649423,1.63141964292638,1.01850607343133,0.886005281566671,1.26246708995723,0,0,0,0.00969
"contaminated_normal_phi080_N100_M10_Q10","contaminated_normal_phi080_N100","contaminated_normal","extreme_distribution_dependence","contaminated_normal_phi_0.8","contaminated_normal, phi = 0.8",0.8,100,10,10,100,0.5,NA,"Balanced extreme-distribution design","Contaminated normal",4,0,16.9586776859504,"inside formal moment assumptions","extreme","phi = 0.8",0.5,5,58624560,"contaminated_normal_phi080_N100","contaminated_normal","Contaminated normal","inside formal moment assumptions","extreme",0.8,"phi = 0.8",100,10,10,5,100000,20000,"VK_leading_oracle",0.8911,-0.0589,0.000985092838264496,NA,NA,0.1089,1.51262116531925,0.8907,0.00220628092046321,20000,1.09461235910211,0.00254303464597227,0.359639408591864,1.05022697370455,0.832664145361201,1.30524808097671,1.57261657965091,1.75555318094463,1.09461235910211,0.952210651199431,1.3568029839736,0,0,0,0.00969
"contaminated_normal_phi080_N100_M10_Q10","contaminated_normal_phi080_N100","contaminated_normal","extreme_distribution_dependence","contaminated_normal_phi_0.8","contaminated_normal, phi = 0.8",0.8,100,10,10,100,0.5,NA,"Balanced extreme-distribution design","Contaminated normal",4,0,16.9586776859504,"inside formal moment assumptions","extreme","phi = 0.8",0.5,5,58624560,"contaminated_normal_phi080_N100","contaminated_normal","Contaminated normal","inside formal moment assumptions","extreme",0.8,"phi = 0.8",100,10,10,5,100000,20000,"VK_asym_full_feasible",0.82824,-0.12176,0.00119272168757007,NA,NA,0.17176,2.23792363305594,0.82525,0.00268526011309892,20000,0.909539725618085,0.00214680226590537,0.303603688017667,0.874077086919217,0.690056023879225,1.08836393781671,1.31169290354891,1.46709984122141,0.909539725618085,0.791214722929832,1.12740021935566,0,0,0,0.00969
"contaminated_normal_phi080_N100_M10_Q10","contaminated_normal_phi080_N100","contaminated_normal","extreme_distribution_dependence","contaminated_normal_phi_0.8","contaminated_normal, phi = 0.8",0.8,100,10,10,100,0.5,NA,"Balanced extreme-distribution design","Contaminated normal",4,0,16.9586776859504,"inside formal moment assumptions","extreme","phi = 0.8",0.5,5,58624560,"contaminated_normal_phi080_N100","contaminated_normal","Contaminated normal","inside formal moment assumptions","extreme",0.8,"phi = 0.8",100,10,10,5,100000,20000,"F_feasible_leading",0.85444,-0.09556,0.00111522323505207,NA,NA,0.14556,1.92645284702851,0.85155,0.0025140862902852,20000,0.980374029331049,0.00231985783498968,0.328077441301989,0.940904669973855,0.74261067374029,1.1735574785645,1.41543912026782,1.58220911718405,0.980374029331049,0.852833960009437,1.21520134259922,0,0,0,0.00969
"contaminated_normal_phi080_N225_M15_Q15","contaminated_normal_phi080_N225","contaminated_normal","extreme_distribution_dependence","contaminated_normal_phi_0.8","contaminated_normal, phi = 0.8",0.8,225,15,15,225,0.5,NA,"Balanced extreme-distribution design","Contaminated normal",4,0,16.9586776859504,"inside formal moment assumptions","extreme","phi = 0.8",0.5,7,183624935,"contaminated_normal_phi080_N225","contaminated_normal","Contaminated normal","inside formal moment assumptions","extreme",0.8,"phi = 0.8",225,15,15,7,100000,20000,"raw",0.85995,-0.09005,0.00109743335788557,NA,NA,0.14005,1.904004275543,0.8571,0.00247466755343016,20000,0.632230674361264,0.00109409767528687,0.154728777095157,0.618085435705412,0.522186092741459,0.728180365141791,0.837568888063548,0.9087411960888,0.632230674361264,0.814516223237818,1,0,0,0,0.00037
"contaminated_normal_phi080_N225_M15_Q15","contaminated_normal_phi080_N225","contaminated_normal","extreme_distribution_dependence","contaminated_normal_phi_0.8","contaminated_normal, phi = 0.8",0.8,225,15,15,225,0.5,NA,"Balanced extreme-distribution design","Contaminated normal",4,0,16.9586776859504,"inside formal moment assumptions","extreme","phi = 0.8",0.5,7,183624935,"contaminated_normal_phi080_N225","contaminated_normal","Contaminated normal","inside formal moment assumptions","extreme",0.8,"phi = 0.8",225,15,15,7,100000,20000,"K_asym_full",0.86718,-0.08282,0.00107321408675064,NA,NA,0.13282,1.82989944226592,0.8638,0.00242538203176324,20000,0.645419623764427,0.00111827975926867,0.158148640208508,0.63081190969051,0.532957535349144,0.743643574616569,0.855448724140057,0.928192831395268,0.645419623764427,0.831507827239303,1.02086097675739,0,0,0,0.00037
"contaminated_normal_phi080_N225_M15_Q15","contaminated_normal_phi080_N225","contaminated_normal","extreme_distribution_dependence","contaminated_normal_phi_0.8","contaminated_normal, phi = 0.8",0.8,225,15,15,225,0.5,NA,"Balanced extreme-distribution design","Contaminated normal",4,0,16.9586776859504,"inside formal moment assumptions","extreme","phi = 0.8",0.5,7,183624935,"contaminated_normal_phi080_N225","contaminated_normal","Contaminated normal","inside formal moment assumptions","extreme",0.8,"phi = 0.8",225,15,15,7,100000,20000,"K_leading",0.87818,-0.07182,0.00103431082175524,NA,NA,0.12182,1.7136038479887,0.8747,0.00234093902099136,20000,0.667851761122895,0.00115956530242481,0.163987297714642,0.652630042467834,0.551131937573611,0.769925137780233,0.885848583200919,0.961513687377886,0.667851761122895,0.860407626855686,1.05634191475701,0,0,0,0.00037
"contaminated_normal_phi080_N225_M15_Q15","contaminated_normal_phi080_N225","contaminated_normal","extreme_distribution_dependence","contaminated_normal_phi_0.8","contaminated_normal, phi = 0.8",0.8,225,15,15,225,0.5,NA,"Balanced extreme-distribution design","Contaminated normal",4,0,16.9586776859504,"inside formal moment assumptions","extreme","phi = 0.8",0.5,7,183624935,"contaminated_normal_phi080_N225","contaminated_normal","Contaminated normal","inside formal moment assumptions","extreme",0.8,"phi = 0.8",225,15,15,7,100000,20000,"V_oracle",0.91079,-0.03921,0.000901396560344003,NA,NA,0.08921,1.38710368240929,0.9082,0.0020417242712962,20000,0.745544465565545,0.00130406602129067,0.184422785353919,0.727720466368822,0.614736392993553,0.859723150052328,0.9904579607744,1.07612422389968,0.745544465565545,0.960500790256358,1.17922855660042,0,0,0,0.00037
"contaminated_normal_phi080_N225_M15_Q15","contaminated_normal_phi080_N225","contaminated_normal","extreme_distribution_dependence","contaminated_normal_phi_0.8","contaminated_normal, phi = 0.8",0.8,225,15,15,225,0.5,NA,"Balanced extreme-distribution design","Contaminated normal",4,0,16.9586776859504,"inside formal moment assumptions","extreme","phi = 0.8",0.5,7,183624935,"contaminated_normal_phi080_N225","contaminated_normal","Contaminated normal","inside formal moment assumptions","extreme",0.8,"phi = 0.8",225,15,15,7,100000,20000,"V_feasible",0.89114,-0.0588599999999999,0.000984934009972242,NA,NA,0.10886,1.58343911010032,0.88825,0.00222780090560176,20000,0.700405747031052,0.00126227323982244,0.178512393517751,0.683763719012537,0.573778080333996,0.811352432807641,0.936811352785918,1.01932866941523,0.700405747031052,0.90234761921692,1.10783259249271,0,0,0,0.00037
"contaminated_normal_phi080_N225_M15_Q15","contaminated_normal_phi080_N225","contaminated_normal","extreme_distribution_dependence","contaminated_normal_phi_0.8","contaminated_normal, phi = 0.8",0.8,225,15,15,225,0.5,NA,"Balanced extreme-distribution design","Contaminated normal",4,0,16.9586776859504,"inside formal moment assumptions","extreme","phi = 0.8",0.5,7,183624935,"contaminated_normal_phi080_N225","contaminated_normal","Contaminated normal","inside formal moment assumptions","extreme",0.8,"phi = 0.8",225,15,15,7,100000,20000,"VK_asym_full_oracle",0.91602,-0.03398,0.00087708243398212,NA,NA,0.0839800000000001,1.33311688813402,0.9136,0.00198664340031119,20000,0.761110399123552,0.00133329606550246,0.188556537849227,0.742865732891243,0.62746136632438,0.878027869033815,1.01129513805766,1.09882972084523,0.761110399123552,0.980554713495132,1.20384921198658,0,0,0,0.00037
"contaminated_normal_phi080_N225_M15_Q15","contaminated_normal_phi080_N225","contaminated_normal","extreme_distribution_dependence","contaminated_normal_phi_0.8","contaminated_normal, phi = 0.8",0.8,225,15,15,225,0.5,NA,"Balanced extreme-distribution design","Contaminated normal",4,0,16.9586776859504,"inside formal moment assumptions","extreme","phi = 0.8",0.5,7,183624935,"contaminated_normal_phi080_N225","contaminated_normal","Contaminated normal","inside formal moment assumptions","extreme",0.8,"phi = 0.8",225,15,15,7,100000,20000,"VK_leading_oracle",0.9244,-0.0256,0.000835970334401885,NA,NA,0.0756,1.24839331416836,0.92225,0.00189347481498963,20000,0.787561805490612,0.00138317743916798,0.195610829363985,0.768323899033254,0.64901784785408,0.908588057307751,1.04683808772279,1.1383647761842,0.787561805490612,1.01463262285186,1.2456874324965,0,0,0,0.00037
"contaminated_normal_phi080_N225_M15_Q15","contaminated_normal_phi080_N225","contaminated_normal","extreme_distribution_dependence","contaminated_normal_phi_0.8","contaminated_normal, phi = 0.8",0.8,225,15,15,225,0.5,NA,"Balanced extreme-distribution design","Contaminated normal",4,0,16.9586776859504,"inside formal moment assumptions","extreme","phi = 0.8",0.5,7,183624935,"contaminated_normal_phi080_N225","contaminated_normal","Contaminated normal","inside formal moment assumptions","extreme",0.8,"phi = 0.8",225,15,15,7,100000,20000,"VK_asym_full_feasible",0.89711,-0.05289,0.000960747874835016,NA,NA,0.10289,1.52181083921584,0.8945,0.00217220797807208,20000,0.715286485079332,0.00129063014159631,0.182522665025301,0.698246747871578,0.585731797884703,0.828604348936171,0.956906726596081,1.04164726809781,0.715286485079332,0.921518790508667,1.13136947333658,0,0,0,0.00037
"contaminated_normal_phi080_N225_M15_Q15","contaminated_normal_phi080_N225","contaminated_normal","extreme_distribution_dependence","contaminated_normal_phi_0.8","contaminated_normal, phi = 0.8",0.8,225,15,15,225,0.5,NA,"Balanced extreme-distribution design","Contaminated normal",4,0,16.9586776859504,"inside formal moment assumptions","extreme","phi = 0.8",0.5,7,183624935,"contaminated_normal_phi080_N225","contaminated_normal","Contaminated normal","inside formal moment assumptions","extreme",0.8,"phi = 0.8",225,15,15,7,100000,20000,"F_feasible_leading",0.9068,-0.0431999999999999,0.000919313657028981,NA,NA,0.0931999999999999,1.42509519909029,0.9043,0.00208016237346992,20000,0.740609606094721,0.00133904661013591,0.189369787670393,0.722361812625489,0.606216970288025,0.858073901037679,0.991461914738627,1.0791113555769,0.740609606094721,0.954143105851936,1.17142308358093,0,0,0,0.00037
"contaminated_normal_phi050_N64_M8_Q8","contaminated_normal_phi050_N64","contaminated_normal","extreme_distribution_dependence","contaminated_normal_phi_0.5","contaminated_normal, phi = 0.5",0.5,64,8,8,64,0.5,NA,"Balanced extreme-distribution design","Contaminated normal",4,0,16.9586776859504,"inside formal moment assumptions","extreme","phi = 0.5",0.5,4,2140087098,"contaminated_normal_phi050_N64","contaminated_normal","Contaminated normal","inside formal moment assumptions","extreme",0.5,"phi = 0.5",64,8,8,4,100000,20000,"raw",0.83266,-0.11734,0.00118041231948841,NA,NA,0.16734,2.20324854387368,0.83195,0.00264394778219994,20000,0.670727598644353,0.00175849386542848,0.248688587383884,0.633823931169905,0.49059317430855,0.81219720575337,1.00015505499084,1.13355732232198,0.670727598644353,0.79867325110361,1,0,0,0,0.01228
"contaminated_normal_phi050_N64_M8_Q8","contaminated_normal_phi050_N64","contaminated_normal","extreme_distribution_dependence","contaminated_normal_phi_0.5","contaminated_normal, phi = 0.5",0.5,64,8,8,64,0.5,NA,"Balanced extreme-distribution design","Contaminated normal",4,0,16.9586776859504,"inside formal moment assumptions","extreme","phi = 0.5",0.5,4,2140087098,"contaminated_normal_phi050_N64","contaminated_normal","Contaminated normal","inside formal moment assumptions","extreme",0.5,"phi = 0.5",64,8,8,4,100000,20000,"K_asym_full",0.87169,-0.07831,0.00105757526398834,NA,NA,0.12831,1.72773682731967,0.8718,0.00236394543084226,20000,0.753501540773696,0.00198640184671186,0.280919643194288,0.711511063367256,0.550136080993915,0.913024139395688,1.12711610081322,1.27645235579689,0.753501540773696,0.897236861130574,1.12340917877338,0,0,0,0.01228
"contaminated_normal_phi050_N64_M8_Q8","contaminated_normal_phi050_N64","contaminated_normal","extreme_distribution_dependence","contaminated_normal_phi_0.5","contaminated_normal, phi = 0.5",0.5,64,8,8,64,0.5,NA,"Balanced extreme-distribution design","Contaminated normal",4,0,16.9586776859504,"inside formal moment assumptions","extreme","phi = 0.5",0.5,4,2140087098,"contaminated_normal_phi050_N64","contaminated_normal","Contaminated normal","inside formal moment assumptions","extreme",0.5,"phi = 0.5",64,8,8,4,100000,20000,"K_leading",0.86643,-0.0835699999999999,0.00107577439595856,NA,NA,0.13357,1.79013944189736,0.86665,0.00240382796285425,20000,0.740938677360402,0.00195163783670743,0.276003269751213,0.69967347146256,0.541073051494534,0.897642495045903,1.10773928084888,1.25417850996702,0.740938677360402,0.882277549800988,1.10467897676785,0,0,0,0.01228
"contaminated_normal_phi050_N64_M8_Q8","contaminated_normal_phi050_N64","contaminated_normal","extreme_distribution_dependence","contaminated_normal_phi_0.5","contaminated_normal, phi = 0.5",0.5,64,8,8,64,0.5,NA,"Balanced extreme-distribution design","Contaminated normal",4,0,16.9586776859504,"inside formal moment assumptions","extreme","phi = 0.5",0.5,4,2140087098,"contaminated_normal_phi050_N64","contaminated_normal","Contaminated normal","inside formal moment assumptions","extreme",0.5,"phi = 0.5",64,8,8,4,100000,20000,"V_oracle",0.85917,-0.09083,0.00109998595945585,NA,NA,0.14083,1.87657006961581,0.85935,0.00245832847174661,20000,0.724496523951701,0.00190623231687777,0.269581959556243,0.684152284493997,0.52923947271064,0.87794268610103,1.08208702082015,1.22594850655663,0.724496523951701,0.862698948674968,1.0801650706129,0,0,0,0.01228
"contaminated_normal_phi050_N64_M8_Q8","contaminated_normal_phi050_N64","contaminated_normal","extreme_distribution_dependence","contaminated_normal_phi_0.5","contaminated_normal, phi = 0.5",0.5,64,8,8,64,0.5,NA,"Balanced extreme-distribution design","Contaminated normal",4,0,16.9586776859504,"inside formal moment assumptions","extreme","phi = 0.5",0.5,4,2140087098,"contaminated_normal_phi050_N64","contaminated_normal","Contaminated normal","inside formal moment assumptions","extreme",0.5,"phi = 0.5",64,8,8,4,100000,20000,"V_feasible",0.85289,-0.0971099999999999,0.00112012788510955,NA,NA,0.14711,1.95189206423586,0.8526,0.00250672335928798,20000,0.72458073419708,0.00199820625557832,0.282589038705762,0.683491686593041,0.520393818050308,0.884718435792333,1.10030829686206,1.24897858132924,0.72458073419708,0.862799222572431,1.08029062120237,0,0,0,0.01228
"contaminated_normal_phi050_N64_M8_Q8","contaminated_normal_phi050_N64","contaminated_normal","extreme_distribution_dependence","contaminated_normal_phi_0.5","contaminated_normal, phi = 0.5",0.5,64,8,8,64,0.5,NA,"Balanced extreme-distribution design","Contaminated normal",4,0,16.9586776859504,"inside formal moment assumptions","extreme","phi = 0.5",0.5,4,2140087098,"contaminated_normal_phi050_N64","contaminated_normal","Contaminated normal","inside formal moment assumptions","extreme",0.5,"phi = 0.5",64,8,8,4,100000,20000,"VK_asym_full_oracle",0.89385,-0.0561499999999999,0.000974074830287694,NA,NA,0.10615,1.4715630823115,0.89245,0.00219069620782983,20000,0.812317614644797,0.00214996811140903,0.304051406182432,0.766095737787401,0.592239086946129,0.984210960029452,1.21671201917398,1.3781283300531,0.812317614644797,0.967272483685432,1.21109913515803,0,0,0,0.01228
"contaminated_normal_phi050_N64_M8_Q8","contaminated_normal_phi050_N64","contaminated_normal","extreme_distribution_dependence","contaminated_normal_phi_0.5","contaminated_normal, phi = 0.5",0.5,64,8,8,64,0.5,NA,"Balanced extreme-distribution design","Contaminated normal",4,0,16.9586776859504,"inside formal moment assumptions","extreme","phi = 0.5",0.5,4,2140087098,"contaminated_normal_phi050_N64","contaminated_normal","Contaminated normal","inside formal moment assumptions","extreme",0.5,"phi = 0.5",64,8,8,4,100000,20000,"VK_leading_oracle",0.88938,-0.06062,0.000991883136261526,NA,NA,0.11062,1.52471318156285,0.88815,0.00222867199807419,20000,0.799039334301722,0.00211292592920756,0.298812850537511,0.753529956142468,0.582737050743902,0.967912122293604,1.1965142683562,1.35504987023374,0.799039334301722,0.951461284992992,1.1913023050143,0,0,0,0.01228
"contaminated_normal_phi050_N64_M8_Q8","contaminated_normal_phi050_N64","contaminated_normal","extreme_distribution_dependence","contaminated_normal_phi_0.5","contaminated_normal, phi = 0.5",0.5,64,8,8,64,0.5,NA,"Balanced extreme-distribution design","Contaminated normal",4,0,16.9586776859504,"inside formal moment assumptions","extreme","phi = 0.5",0.5,4,2140087098,"contaminated_normal_phi050_N64","contaminated_normal","Contaminated normal","inside formal moment assumptions","extreme",0.5,"phi = 0.5",64,8,8,4,100000,20000,"VK_asym_full_feasible",0.8893,-0.0607,0.0009921971074338,NA,NA,0.1107,1.53062885787917,0.8883,0.00222736514743317,20000,0.816311723420698,0.00225628369531772,0.31908670024796,0.768796878665764,0.585277251086698,0.997633111214608,1.24027054319551,1.41004560313291,0.816311723420698,0.972028494691625,1.21705402471971,0,0,0,0.01228
"contaminated_normal_phi050_N64_M8_Q8","contaminated_normal_phi050_N64","contaminated_normal","extreme_distribution_dependence","contaminated_normal_phi_0.5","contaminated_normal, phi = 0.5",0.5,64,8,8,64,0.5,NA,"Balanced extreme-distribution design","Contaminated normal",4,0,16.9586776859504,"inside formal moment assumptions","extreme","phi = 0.5",0.5,4,2140087098,"contaminated_normal_phi050_N64","contaminated_normal","Contaminated normal","inside formal moment assumptions","extreme",0.5,"phi = 0.5",64,8,8,4,100000,20000,"F_feasible_leading",0.8841,-0.0659,0.00101226078655651,NA,NA,0.1159,1.58591230219164,0.8834,0.00226941005549901,20000,0.802418454735748,0.00221715797884164,0.313553488360157,0.755618829697409,0.575186364497581,0.980605295602561,1.21893516411293,1.38607442884086,0.802418454735748,0.955484994630658,1.19634029724968,0,0,0,0.01228
"contaminated_normal_phi050_N100_M10_Q10","contaminated_normal_phi050_N100","contaminated_normal","extreme_distribution_dependence","contaminated_normal_phi_0.5","contaminated_normal, phi = 0.5",0.5,100,10,10,100,0.5,NA,"Balanced extreme-distribution design","Contaminated normal",4,0,16.9586776859504,"inside formal moment assumptions","extreme","phi = 0.5",0.5,5,28603560,"contaminated_normal_phi050_N100","contaminated_normal","Contaminated normal","inside formal moment assumptions","extreme",0.5,"phi = 0.5",100,10,10,5,100000,20000,"raw",0.86554,-0.08446,0.00107879798108821,NA,NA,0.13446,1.88711489055335,0.86635,0.00240611385329124,20000,0.578572256624567,0.00128595922204942,0.181862097248104,0.555526028982925,0.447569755180606,0.686944828134601,0.824041816641222,0.911096993938476,0.578572256624567,0.85789406343444,1,0,0,0,0.00327
"contaminated_normal_phi050_N100_M10_Q10","contaminated_normal_phi050_N100","contaminated_normal","extreme_distribution_dependence","contaminated_normal_phi_0.5","contaminated_normal, phi = 0.5",0.5,100,10,10,100,0.5,NA,"Balanced extreme-distribution design","Contaminated normal",4,0,16.9586776859504,"inside formal moment assumptions","extreme","phi = 0.5",0.5,5,28603560,"contaminated_normal_phi050_N100","contaminated_normal","Contaminated normal","inside formal moment assumptions","extreme",0.5,"phi = 0.5",100,10,10,5,100000,20000,"K_asym_full",0.89302,-0.0569799999999999,0.000977421503753626,NA,NA,0.10698,1.56984045041431,0.8946,0.00217129961083219,20000,0.634398472321412,0.00141763823411349,0.200484321722195,0.608786251668078,0.489990216836765,0.753649838195603,0.904719926786254,1.00144557377766,0.634398472321412,0.94067193341,1.09648961742919,0,0,0,0.00327
"contaminated_normal_phi050_N100_M10_Q10","contaminated_normal_phi050_N100","contaminated_normal","extreme_distribution_dependence","contaminated_normal_phi_0.5","contaminated_normal, phi = 0.5",0.5,100,10,10,100,0.5,NA,"Balanced extreme-distribution design","Contaminated normal",4,0,16.9586776859504,"inside formal moment assumptions","extreme","phi = 0.5",0.5,5,28603560,"contaminated_normal_phi050_N100","contaminated_normal","Contaminated normal","inside formal moment assumptions","extreme",0.5,"phi = 0.5",100,10,10,5,100000,20000,"K_leading",0.89003,-0.05997,0.000989326028668002,NA,NA,0.10997,1.60404765697034,0.89195,0.00219516739111167,20000,0.627617185371946,0.00140156378867734,0.198211051847851,0.602366400892598,0.484809594002698,0.745427961478589,0.8948928324836,0.990630536035128,0.627617185371946,0.930616792068911,1.0847688913283,0,0,0,0.00327
"contaminated_normal_phi050_N100_M10_Q10","contaminated_normal_phi050_N100","contaminated_normal","extreme_distribution_dependence","contaminated_normal_phi_0.5","contaminated_normal, phi = 0.5",0.5,100,10,10,100,0.5,NA,"Balanced extreme-distribution design","Contaminated normal",4,0,16.9586776859504,"inside formal moment assumptions","extreme","phi = 0.5",0.5,5,28603560,"contaminated_normal_phi050_N100","contaminated_normal","Contaminated normal","inside formal moment assumptions","extreme",0.5,"phi = 0.5",100,10,10,5,100000,20000,"V_oracle",0.88535,-0.06465,0.00100749877171141,NA,NA,0.11465,1.6578499559773,0.8877,0.00223258493679412,20000,0.617364685918285,0.00137730246639847,0.194779982747064,0.592600053290116,0.477025630195181,0.733400847160879,0.880035679882576,0.974042569573966,0.617364685918285,0.915414614093813,1.06704854726363,0,0,0,0.00327
"contaminated_normal_phi050_N100_M10_Q10","contaminated_normal_phi050_N100","contaminated_normal","extreme_distribution_dependence","contaminated_normal_phi_0.5","contaminated_normal, phi = 0.5",0.5,100,10,10,100,0.5,NA,"Balanced extreme-distribution design","Contaminated normal",4,0,16.9586776859504,"inside formal moment assumptions","extreme","phi = 0.5",0.5,5,28603560,"contaminated_normal_phi050_N100","contaminated_normal","Contaminated normal","inside formal moment assumptions","extreme",0.5,"phi = 0.5",100,10,10,5,100000,20000,"V_feasible",0.88168,-0.0683199999999999,0.00102137347527729,NA,NA,0.11832,1.69704203314561,0.8835,0.00226856507510805,20000,0.622282231615787,0.00147354801050104,0.208391158125846,0.596479337900263,0.472257619688523,0.746836909531341,0.901995611199723,1.00187014759642,0.622282231615787,0.922706241392307,1.07554799679858,0,0,0,0.00327
"contaminated_normal_phi050_N100_M10_Q10","contaminated_normal_phi050_N100","contaminated_normal","extreme_distribution_dependence","contaminated_normal_phi_0.5","contaminated_normal, phi = 0.5",0.5,100,10,10,100,0.5,NA,"Balanced extreme-distribution design","Contaminated normal",4,0,16.9586776859504,"inside formal moment assumptions","extreme","phi = 0.5",0.5,5,28603560,"contaminated_normal_phi050_N100","contaminated_normal","Contaminated normal","inside formal moment assumptions","extreme",0.5,"phi = 0.5",100,10,10,5,100000,20000,"VK_asym_full_oracle",0.91064,-0.03936,0.000902079765874393,NA,NA,0.08936,1.37912107770376,0.91185,0.00200473910397338,20000,0.676526721917028,0.00151798161530199,0.214675018779309,0.648642308508283,0.521818877184687,0.804037305221451,0.965531565771625,1.06954068091296,0.676526721917028,1.00313876415957,1.16930377177768,0,0,0,0.00327
"contaminated_normal_phi050_N100_M10_Q10","contaminated_normal_phi050_N100","contaminated_normal","extreme_distribution_dependence","contaminated_normal_phi_0.5","contaminated_normal, phi = 0.5",0.5,100,10,10,100,0.5,NA,"Balanced extreme-distribution design","Contaminated normal",4,0,16.9586776859504,"inside formal moment assumptions","extreme","phi = 0.5",0.5,5,28603560,"contaminated_normal_phi050_N100","contaminated_normal","Contaminated normal","inside formal moment assumptions","extreme",0.5,"phi = 0.5",100,10,10,5,100000,20000,"VK_leading_oracle",0.90814,-0.04186,0.000913355026263063,NA,NA,0.0918600000000001,1.40917246258071,0.91005,0.00202310401981707,20000,0.669350907188621,0.00150083169078308,0.212249653194477,0.641961680884382,0.516518913412483,0.795503199729349,0.955284353897921,1.05752427970052,0.669350907188621,0.99249862580983,1.15690114678789,0,0,0,0.00327
"contaminated_normal_phi050_N100_M10_Q10","contaminated_normal_phi050_N100","contaminated_normal","extreme_distribution_dependence","contaminated_normal_phi_0.5","contaminated_normal, phi = 0.5",0.5,100,10,10,100,0.5,NA,"Balanced extreme-distribution design","Contaminated normal",4,0,16.9586776859504,"inside formal moment assumptions","extreme","phi = 0.5",0.5,5,28603560,"contaminated_normal_phi050_N100","contaminated_normal","Contaminated normal","inside formal moment assumptions","extreme",0.5,"phi = 0.5",100,10,10,5,100000,20000,"VK_asym_full_feasible",0.90786,-0.04214,0.000914604944224554,NA,NA,0.09214,1.41172391941868,0.91,0.00202361063448481,20000,0.684660049012966,0.00162646516689469,0.230016909774989,0.6558316122282,0.51944579729248,0.82190806853838,0.993153625413505,1.10570577497314,0.684660049012966,1.0151986805342,1.18336135404646,0,0,0,0.00327
"contaminated_normal_phi050_N100_M10_Q10","contaminated_normal_phi050_N100","contaminated_normal","extreme_distribution_dependence","contaminated_normal_phi_0.5","contaminated_normal, phi = 0.5",0.5,100,10,10,100,0.5,NA,"Balanced extreme-distribution design","Contaminated normal",4,0,16.9586776859504,"inside formal moment assumptions","extreme","phi = 0.5",0.5,5,28603560,"contaminated_normal_phi050_N100","contaminated_normal","Contaminated normal","inside formal moment assumptions","extreme",0.5,"phi = 0.5",100,10,10,5,100000,20000,"F_feasible_leading",0.90486,-0.04514,0.000927838242367709,NA,NA,0.09514,1.44248572817377,0.90745,0.00204920103332982,20000,0.677076527670572,0.00160784048902415,0.227382982571054,0.648691880403754,0.513634702808045,0.812787541876546,0.982008541230203,1.09297387763211,0.677076527670572,1.00395400389256,1.17025405196697,0,0,0,0.00327
"contaminated_normal_phi080_N1024_M32_Q32","contaminated_normal_phi080_N1024","contaminated_normal","extreme_distribution_dependence","contaminated_normal_phi_0.8","contaminated_normal, phi = 0.8",0.8,1024,32,32,1024,0.5,NA,"Balanced extreme-distribution design","Contaminated normal",4,0,16.9586776859504,"inside formal moment assumptions","extreme","phi = 0.8",0.5,13,982627332,"contaminated_normal_phi080_N1024","contaminated_normal","Contaminated normal","inside formal moment assumptions","extreme",0.8,"phi = 0.8",1024,32,32,13,100000,20000,"raw",0.91975,-0.03025,0.000859127100608519,NA,NA,0.08025,1.27056862039765,0.9174,0.00194649993578217,20000,0.340073533225249,0.000353527415387942,0.0499963265512335,0.338171976789686,0.305202770506364,0.372674542021158,0.404689410558891,0.425144580089732,0.340073533225249,0.927401942215822,1,0,0,0,0
"contaminated_normal_phi080_N1024_M32_Q32","contaminated_normal_phi080_N1024","contaminated_normal","extreme_distribution_dependence","contaminated_normal_phi_0.8","contaminated_normal, phi = 0.8",0.8,1024,32,32,1024,0.5,NA,"Balanced extreme-distribution design","Contaminated normal",4,0,16.9586776859504,"inside formal moment assumptions","extreme","phi = 0.8",0.5,13,982627332,"contaminated_normal_phi080_N1024","contaminated_normal","Contaminated normal","inside formal moment assumptions","extreme",0.8,"phi = 0.8",1024,32,32,13,100000,20000,"K_asym_full",0.92413,-0.0258699999999999,0.000837339495664692,NA,NA,0.07587,1.22806274402692,0.92255,0.0018901256241319,20000,0.346203174644447,0.000360303330338277,0.0509545856332585,0.344249767977402,0.310643943427766,0.379434629269445,0.412033721076062,0.432977799131451,0.346203174644447,0.944117860397805,1.01802445889001,0,0,0,0
"contaminated_normal_phi080_N1024_M32_Q32","contaminated_normal_phi080_N1024","contaminated_normal","extreme_distribution_dependence","contaminated_normal_phi_0.8","contaminated_normal, phi = 0.8",0.8,1024,32,32,1024,0.5,NA,"Balanced extreme-distribution design","Contaminated normal",4,0,16.9586776859504,"inside formal moment assumptions","extreme","phi = 0.8",0.5,13,982627332,"contaminated_normal_phi080_N1024","contaminated_normal","Contaminated normal","inside formal moment assumptions","extreme",0.8,"phi = 0.8",1024,32,32,13,100000,20000,"K_leading",0.926,-0.0239999999999999,0.000827792244467173,NA,NA,0.074,1.21101071631651,0.92495,0.00186302841497386,20000,0.348756383253274,0.000363132122314808,0.0513546372310928,0.346766105776737,0.312914628877382,0.382217917570597,0.415111765756217,0.436133021009966,0.348756383253274,0.951080621069745,1.02553227222853,0,0,0,0
"contaminated_normal_phi080_N1024_M32_Q32","contaminated_normal_phi080_N1024","contaminated_normal","extreme_distribution_dependence","contaminated_normal_phi_0.8","contaminated_normal, phi = 0.8",0.8,1024,32,32,1024,0.5,NA,"Balanced extreme-distribution design","Contaminated normal",4,0,16.9586776859504,"inside formal moment assumptions","extreme","phi = 0.8",0.5,13,982627332,"contaminated_normal_phi080_N1024","contaminated_normal","Contaminated normal","inside formal moment assumptions","extreme",0.8,"phi = 0.8",1024,32,32,13,100000,20000,"V_oracle",0.93852,-0.0114799999999999,0.000759606540256204,NA,NA,0.06148,1.09901057989703,0.93785,0.00170715227059568,20000,0.367045291338466,0.000383506868891595,0.0542360615249734,0.364895696244,0.32916092289577,0.402306987555971,0.437007541884957,0.459339508097429,0.367045291338466,1.00095562521474,1.07931154729219,0,0,0,0
"contaminated_normal_phi080_N1024_M32_Q32","contaminated_normal_phi080_N1024","contaminated_normal","extreme_distribution_dependence","contaminated_normal_phi_0.8","contaminated_normal, phi = 0.8",0.8,1024,32,32,1024,0.5,NA,"Balanced extreme-distribution design","Contaminated normal",4,0,16.9586776859504,"inside formal moment assumptions","extreme","phi = 0.8",0.5,13,982627332,"contaminated_normal_phi080_N1024","contaminated_normal","Contaminated normal","inside formal moment assumptions","extreme",0.8,"phi = 0.8",1024,32,32,13,100000,20000,"V_feasible",0.93532,-0.0146799999999999,0.000777794944699437,NA,NA,0.06468,1.12851932904498,0.9347,0.00174693889418033,20000,0.363597702117369,0.000399915177203865,0.0565565467400545,0.361436123549288,0.32407582724808,0.400279916495621,0.436705927049751,0.459568648151687,0.363597702117369,0.991553832286949,1.06917377153411,0,0,0,0
"contaminated_normal_phi080_N1024_M32_Q32","contaminated_normal_phi080_N1024","contaminated_normal","extreme_distribution_dependence","contaminated_normal_phi_0.8","contaminated_normal, phi = 0.8",0.8,1024,32,32,1024,0.5,NA,"Balanced extreme-distribution design","Contaminated normal",4,0,16.9586776859504,"inside formal moment assumptions","extreme","phi = 0.8",0.5,13,982627332,"contaminated_normal_phi080_N1024","contaminated_normal","Contaminated normal","inside formal moment assumptions","extreme",0.8,"phi = 0.8",1024,32,32,13,100000,20000,"VK_asym_full_oracle",0.9425,-0.00749999999999995,0.000736164044218407,NA,NA,0.0575,1.06224404317538,0.9414,0.00166081365601322,20000,0.373700632270446,0.00039097075340365,0.0552916141954669,0.371522185294995,0.335091159011159,0.409664385939908,0.444946715301687,0.467879928920793,0.373700632270446,1.01910515907552,1.09888184689434,0,0,0,0
"contaminated_normal_phi080_N1024_M32_Q32","contaminated_normal_phi080_N1024","contaminated_normal","extreme_distribution_dependence","contaminated_normal_phi_0.8","contaminated_normal, phi = 0.8",0.8,1024,32,32,1024,0.5,NA,"Balanced extreme-distribution design","Contaminated normal",4,0,16.9586776859504,"inside formal moment assumptions","extreme","phi = 0.8",0.5,13,982627332,"contaminated_normal_phi080_N1024","contaminated_normal","Contaminated normal","inside formal moment assumptions","extreme",0.8,"phi = 0.8",1024,32,32,13,100000,20000,"VK_leading_oracle",0.94407,-0.00592999999999999,0.000726648712239966,NA,NA,0.05593,1.04749445896436,0.94265,0.00164409515387644,20000,0.376473203834489,0.000394088073964828,0.0557324698970552,0.374249273757074,0.33755400085621,0.412647751428232,0.448316195742829,0.47145865751522,0.376473203834489,1.02666613634135,1.10703470588854,0,0,0,0
"contaminated_normal_phi080_N1024_M32_Q32","contaminated_normal_phi080_N1024","contaminated_normal","extreme_distribution_dependence","contaminated_normal_phi_0.8","contaminated_normal, phi = 0.8",0.8,1024,32,32,1024,0.5,NA,"Balanced extreme-distribution design","Contaminated normal",4,0,16.9586776859504,"inside formal moment assumptions","extreme","phi = 0.8",0.5,13,982627332,"contaminated_normal_phi080_N1024","contaminated_normal","Contaminated normal","inside formal moment assumptions","extreme",0.8,"phi = 0.8",1024,32,32,13,100000,20000,"VK_asym_full_feasible",0.93922,-0.0107799999999999,0.000755551398648695,NA,NA,0.0607799999999999,1.09076560027167,0.93855,0.00169814453890121,20000,0.370256815790659,0.000407744461063382,0.0576637746818343,0.367988202176535,0.329990285596073,0.407608211497441,0.444755558134997,0.468155845932681,0.370256815790659,1.00971365465088,1.0887551650349,0,0,0,0
"contaminated_normal_phi080_N1024_M32_Q32","contaminated_normal_phi080_N1024","contaminated_normal","extreme_distribution_dependence","contaminated_normal_phi_0.8","contaminated_normal, phi = 0.8",0.8,1024,32,32,1024,0.5,NA,"Balanced extreme-distribution design","Contaminated normal",4,0,16.9586776859504,"inside formal moment assumptions","extreme","phi = 0.8",0.5,13,982627332,"contaminated_normal_phi080_N1024","contaminated_normal","Contaminated normal","inside formal moment assumptions","extreme",0.8,"phi = 0.8",1024,32,32,13,100000,20000,"F_feasible_leading",0.94105,-0.0089499999999999,0.00074481472528408,NA,NA,0.0589499999999999,1.075619985496,0.93995,0.00167994043793225,20000,0.373031981805083,0.000411015106377334,0.0581263137779046,0.370737003489601,0.332441087869302,0.410695038266077,0.448073285831969,0.471673100383324,0.373031981805083,1.01728170714629,1.09691565311554,0,0,0,0
"contaminated_normal_phi080_N400_M20_Q20","contaminated_normal_phi080_N400","contaminated_normal","extreme_distribution_dependence","contaminated_normal_phi_0.8","contaminated_normal, phi = 0.8",0.8,400,20,20,400,0.5,NA,"Balanced extreme-distribution design","Contaminated normal",4,0,16.9586776859504,"inside formal moment assumptions","extreme","phi = 0.8",0.5,10,358625460,"contaminated_normal_phi080_N400","contaminated_normal","Contaminated normal","inside formal moment assumptions","extreme",0.8,"phi = 0.8",400,20,20,10,100000,20000,"raw",0.88883,-0.0611699999999999,0.000994038385073736,NA,NA,0.11117,1.56136978992998,0.8912,0.00220184649782858,20000,0.508601743570325,0.000723675841459821,0.102343218975424,0.502008562320417,0.435960304533503,0.572922235651626,0.643655454704611,0.686585853813981,0.508601743570325,0.869830737344739,1,0,0,0,0
"contaminated_normal_phi080_N400_M20_Q20","contaminated_normal_phi080_N400","contaminated_normal","extreme_distribution_dependence","contaminated_normal_phi_0.8","contaminated_normal, phi = 0.8",0.8,400,20,20,400,0.5,NA,"Balanced extreme-distribution design","Contaminated normal",4,0,16.9586776859504,"inside formal moment assumptions","extreme","phi = 0.8",0.5,10,358625460,"contaminated_normal_phi080_N400","contaminated_normal","Contaminated normal","inside formal moment assumptions","extreme",0.8,"phi = 0.8",400,20,20,10,100000,20000,"K_asym_full",0.89559,-0.05441,0.000966998200101738,NA,NA,0.10441,1.49791136302245,0.8977,0.00214283352129838,20000,0.5198138048813,0.000740722210476527,0.104753939600688,0.513071499941635,0.445447196966158,0.585677680272312,0.657920132057312,0.701950342125024,0.5198138048813,0.889006046278635,1.022044873917,0,0,0,0
"contaminated_normal_phi080_N400_M20_Q20","contaminated_normal_phi080_N400","contaminated_normal","extreme_distribution_dependence","contaminated_normal_phi_0.8","contaminated_normal, phi = 0.8",0.8,400,20,20,400,0.5,NA,"Balanced extreme-distribution design","Contaminated normal",4,0,16.9586776859504,"inside formal moment assumptions","extreme","phi = 0.8",0.5,10,358625460,"contaminated_normal_phi080_N400","contaminated_normal","Contaminated normal","inside formal moment assumptions","extreme",0.8,"phi = 0.8",400,20,20,10,100000,20000,"K_leading",0.90138,-0.04862,0.000942836653933225,NA,NA,0.09862,1.44426705568523,0.90355,0.00208743140605865,20000,0.529883785555509,0.000756084282249974,0.106926464625504,0.522984894605805,0.454023147575652,0.597049217934547,0.670769078335025,0.715909828602233,0.529883785555509,0.906228123917234,1.04184421751248,0,0,0,0
"contaminated_normal_phi080_N400_M20_Q20","contaminated_normal_phi080_N400","contaminated_normal","extreme_distribution_dependence","contaminated_normal_phi_0.8","contaminated_normal, phi = 0.8",0.8,400,20,20,400,0.5,NA,"Balanced extreme-distribution design","Contaminated normal",4,0,16.9586776859504,"inside formal moment assumptions","extreme","phi = 0.8",0.5,10,358625460,"contaminated_normal_phi080_N400","contaminated_normal","Contaminated normal","inside formal moment assumptions","extreme",0.8,"phi = 0.8",400,20,20,10,100000,20000,"V_oracle",0.92424,-0.02576,0.000836782064817358,NA,NA,0.07576,1.23208890625381,0.9264,0.00184638890811226,20000,0.576210365608958,0.000827394443221207,0.117011244303557,0.568442872930452,0.493186835244104,0.649436099237095,0.730247622038151,0.779756660950472,0.576210365608958,0.98545766608057,1.13293037802825,0,0,0,0
"contaminated_normal_phi080_N400_M20_Q20","contaminated_normal_phi080_N400","contaminated_normal","extreme_distribution_dependence","contaminated_normal_phi_0.8","contaminated_normal, phi = 0.8",0.8,400,20,20,400,0.5,NA,"Balanced extreme-distribution design","Contaminated normal",4,0,16.9586776859504,"inside formal moment assumptions","extreme","phi = 0.8",0.5,10,358625460,"contaminated_normal_phi080_N400","contaminated_normal","Contaminated normal","inside formal moment assumptions","extreme",0.8,"phi = 0.8",400,20,20,10,100000,20000,"V_feasible",0.91533,-0.03467,0.000880346472134693,NA,NA,0.08467,1.31705309044229,0.91725,0.00194810725449088,20000,0.560862444828685,0.000846947033544278,0.119776398144998,0.553068871966916,0.475681111132814,0.635776329144829,0.718804035346545,0.769823146317363,0.560862444828685,0.959209047357211,1.10275368088889,0,0,0,0
"contaminated_normal_phi080_N400_M20_Q20","contaminated_normal_phi080_N400","contaminated_normal","extreme_distribution_dependence","contaminated_normal_phi_0.8","contaminated_normal, phi = 0.8",0.8,400,20,20,400,0.5,NA,"Balanced extreme-distribution design","Contaminated normal",4,0,16.9586776859504,"inside formal moment assumptions","extreme","phi = 0.8",0.5,10,358625460,"contaminated_normal_phi080_N400","contaminated_normal","Contaminated normal","inside formal moment assumptions","extreme",0.8,"phi = 0.8",400,20,20,10,100000,20000,"VK_asym_full_oracle",0.92974,-0.0202599999999999,0.000808229747039788,NA,NA,0.07026,1.18201337366355,0.93185,0.00178193122061431,20000,0.588994220435555,0.000847257119405507,0.119820250908043,0.581050087867802,0.503944919937728,0.664104277505578,0.746476493949247,0.797492097702209,0.588994220435555,1.00732111820299,1.15806567295834,0,0,0,0
"contaminated_normal_phi080_N400_M20_Q20","contaminated_normal_phi080_N400","contaminated_normal","extreme_distribution_dependence","contaminated_normal_phi_0.8","contaminated_normal, phi = 0.8",0.8,400,20,20,400,0.5,NA,"Balanced extreme-distribution design","Contaminated normal",4,0,16.9586776859504,"inside formal moment assumptions","extreme","phi = 0.8",0.5,10,358625460,"contaminated_normal_phi080_N400","contaminated_normal","Contaminated normal","inside formal moment assumptions","extreme",0.8,"phi = 0.8",400,20,20,10,100000,20000,"VK_leading_oracle",0.93429,-0.01571,0.000783531721757326,NA,NA,0.06571,1.13968223828478,0.93645,0.00172498402166513,20000,0.600475638680832,0.000865164081396564,0.122352677758908,0.592390036835843,0.513574785340718,0.67705203215576,0.761481569937912,0.8132871739773,0.600475638680832,1.02695709197678,1.18064014972808,0,0,0,0
"contaminated_normal_phi080_N400_M20_Q20","contaminated_normal_phi080_N400","contaminated_normal","extreme_distribution_dependence","contaminated_normal_phi_0.8","contaminated_normal, phi = 0.8",0.8,400,20,20,400,0.5,NA,"Balanced extreme-distribution design","Contaminated normal",4,0,16.9586776859504,"inside formal moment assumptions","extreme","phi = 0.8",0.5,10,358625460,"contaminated_normal_phi080_N400","contaminated_normal","Contaminated normal","inside formal moment assumptions","extreme",0.8,"phi = 0.8",400,20,20,10,100000,20000,"VK_asym_full_feasible",0.92135,-0.02865,0.000851258935342238,NA,NA,0.07865,1.26352437622468,0.9231,0.00188396377353706,20000,0.573545869516878,0.000867398795743201,0.122668714092613,0.565414004815507,0.486286096140695,0.650210925402447,0.735571041902038,0.787260574112096,0.573545869516878,0.980900739900655,1.12769151259815,0,0,0,0
"contaminated_normal_phi080_N400_M20_Q20","contaminated_normal_phi080_N400","contaminated_normal","extreme_distribution_dependence","contaminated_normal_phi_0.8","contaminated_normal, phi = 0.8",0.8,400,20,20,400,0.5,NA,"Balanced extreme-distribution design","Contaminated normal",4,0,16.9586776859504,"inside formal moment assumptions","extreme","phi = 0.8",0.5,10,358625460,"contaminated_normal_phi080_N400","contaminated_normal","Contaminated normal","inside formal moment assumptions","extreme",0.8,"phi = 0.8",400,20,20,10,100000,20000,"F_feasible_leading",0.92594,-0.02406,0.000828100938291945,NA,NA,0.07406,1.21827410865912,0.92795,0.00182837082535245,20000,0.584948969718005,0.000885843852370918,0.125277239016778,0.576604303828402,0.495863681588673,0.663232650005566,0.75040441817761,0.803194418936821,0.584948969718005,1.00040277107014,1.15011200239254,0,0,0,0
"centered_gamma05_phi050_N4096_M64_Q64","centered_gamma05_phi050_N4096","centered_gamma05","extreme_distribution_dependence","centered_gamma05_phi_0.5","centered_gamma05, phi = 0.5",0.5,4096,64,64,4096,0.5,NA,"Balanced extreme-distribution design","Centered Gamma(1/2)",5,2.82842712474619,12,"inside formal moment assumptions","extreme","phi = 0.5",0.5,17,1877132003,"centered_gamma05_phi050_N4096","centered_gamma05","Centered Gamma(1/2)","inside formal moment assumptions","extreme",0.5,"phi = 0.5",4096,64,64,17,100000,20000,"VK_asym_full_oracle",0.94869,-0.00130999999999992,0.000697691077053448,NA,NA,0.05131,1.00782585506958,0.9523,0.00150706187663281,20000,0.107535812312815,7.14993623831686e-05,0.0101115367983306,0.107264811460254,0.100597420691522,0.114212614817542,0.120632497489791,0.124612649706899,0.107535812312815,1.01382985825393,1.02264972459061,0,0,0,0
"centered_gamma05_phi050_N4096_M64_Q64","centered_gamma05_phi050_N4096","centered_gamma05","extreme_distribution_dependence","centered_gamma05_phi_0.5","centered_gamma05, phi = 0.5",0.5,4096,64,64,4096,0.5,NA,"Balanced extreme-distribution design","Centered Gamma(1/2)",5,2.82842712474619,12,"inside formal moment assumptions","extreme","phi = 0.5",0.5,17,1877132003,"centered_gamma05_phi050_N4096","centered_gamma05","Centered Gamma(1/2)","inside formal moment assumptions","extreme",0.5,"phi = 0.5",4096,64,64,17,100000,20000,"VK_leading_oracle",0.94877,-0.00122999999999995,0.000697176355737915,NA,NA,0.05123,1.00698669948667,0.95235,0.00150631134729843,20000,0.107581851905237,7.15308588608204e-05,0.0101159910729168,0.107309970987012,0.100641076258164,0.114261815035255,0.120684844208308,0.124665246496751,0.107581851905237,1.01426391191899,1.02308755432843,0,0,0,0
"centered_gamma05_phi050_N4096_M64_Q64","centered_gamma05_phi050_N4096","centered_gamma05","extreme_distribution_dependence","centered_gamma05_phi_0.5","centered_gamma05, phi = 0.5",0.5,4096,64,64,4096,0.5,NA,"Balanced extreme-distribution design","Centered Gamma(1/2)",5,2.82842712474619,12,"inside formal moment assumptions","extreme","phi = 0.5",0.5,17,1877132003,"centered_gamma05_phi050_N4096","centered_gamma05","Centered Gamma(1/2)","inside formal moment assumptions","extreme",0.5,"phi = 0.5",4096,64,64,17,100000,20000,"VK_asym_full_feasible",0.94836,-0.00163999999999997,0.000699809334033207,NA,NA,0.05164,1.00928514055704,0.9521,0.00151005943591635,20000,0.107669368830012,7.5308770938397e-05,0.010650268522673,0.107343852052822,0.100395053613623,0.114661095955986,0.121493781722541,0.12566337444381,0.107669368830012,1.0150890070155,1.02391982738326,0,0,0,0
"centered_gamma05_phi050_N4096_M64_Q64","centered_gamma05_phi050_N4096","centered_gamma05","extreme_distribution_dependence","centered_gamma05_phi_0.5","centered_gamma05, phi = 0.5",0.5,4096,64,64,4096,0.5,NA,"Balanced extreme-distribution design","Centered Gamma(1/2)",5,2.82842712474619,12,"inside formal moment assumptions","extreme","phi = 0.5",0.5,17,1877132003,"centered_gamma05_phi050_N4096","centered_gamma05","Centered Gamma(1/2)","inside formal moment assumptions","extreme",0.5,"phi = 0.5",4096,64,64,17,100000,20000,"F_feasible_leading",0.94843,-0.00156999999999996,0.000699360673043602,NA,NA,0.05157,1.00844476991545,0.9521,0.00151005943591635,20000,0.107715653858775,7.53421454974363e-05,0.0106549883980761,0.107390209203957,0.10043877247418,0.114709744916783,0.121545790446938,0.125717487251647,0.107715653858775,1.0155253746138,1.02435999118451,0,0,0,0
"centered_gamma05_phi050_N4096_M64_Q64","centered_gamma05_phi050_N4096","centered_gamma05","extreme_distribution_dependence","centered_gamma05_phi_0.5","centered_gamma05, phi = 0.5",0.5,4096,64,64,4096,0.5,NA,"Balanced extreme-distribution design","Centered Gamma(1/2)",5,2.82842712474619,12,"inside formal moment assumptions","extreme","phi = 0.5",0.5,17,1877132003,"centered_gamma05_phi050_N4096","centered_gamma05","Centered Gamma(1/2)","inside formal moment assumptions","extreme",0.5,"phi = 0.5",4096,64,64,17,100000,20000,"raw",0.9434,-0.00659999999999994,0.000730728677417275,NA,NA,0.0566,1.052751031191,0.9459,0.00159958103889737,20000,0.105154100888126,6.98719255026571e-05,0.00988138246749802,0.104889102461604,0.0983807087154357,0.111679393185029,0.11794088510683,0.12183313462375,0.105154100888126,0.991375476739883,1,0,0,0,0
"centered_gamma05_phi050_N4096_M64_Q64","centered_gamma05_phi050_N4096","centered_gamma05","extreme_distribution_dependence","centered_gamma05_phi_0.5","centered_gamma05, phi = 0.5",0.5,4096,64,64,4096,0.5,NA,"Balanced extreme-distribution design","Centered Gamma(1/2)",5,2.82842712474619,12,"inside formal moment assumptions","extreme","phi = 0.5",0.5,17,1877132003,"centered_gamma05_phi050_N4096","centered_gamma05","Centered Gamma(1/2)","inside formal moment assumptions","extreme",0.5,"phi = 0.5",4096,64,64,17,100000,20000,"K_asym_full",0.94581,-0.00418999999999992,0.000715915106000704,NA,NA,0.05419,1.02893390987988,0.94935,0.00155055760131638,20000,0.106396825015359,7.07206165230862e-05,0.0100014055026335,0.106132976759309,0.0995370565779339,0.112996914067784,0.119343832277002,0.123292503595854,0.106396825015359,1.00309167433643,1.01181812327563,0,0,0,0
"centered_gamma05_phi050_N4096_M64_Q64","centered_gamma05_phi050_N4096","centered_gamma05","extreme_distribution_dependence","centered_gamma05_phi_0.5","centered_gamma05, phi = 0.5",0.5,4096,64,64,4096,0.5,NA,"Balanced extreme-distribution design","Centered Gamma(1/2)",5,2.82842712474619,12,"inside formal moment assumptions","extreme","phi = 0.5",0.5,17,1877132003,"centered_gamma05_phi050_N4096","centered_gamma05","Centered Gamma(1/2)","inside formal moment assumptions","extreme",0.5,"phi = 0.5",4096,64,64,17,100000,20000,"K_leading",0.94592,-0.00407999999999997,0.000715229708555231,NA,NA,0.05408,1.02807717889746,0.9495,0.00154838222025442,20000,0.106442351731286,7.07517273964924e-05,0.0100058052445444,0.10617858252594,0.0995790887723744,0.113045257685428,0.119394971999959,0.123345767003304,0.106442351731286,1.00352089268669,1.01225107563357,0,0,0,0
"centered_gamma05_phi050_N4096_M64_Q64","centered_gamma05_phi050_N4096","centered_gamma05","extreme_distribution_dependence","centered_gamma05_phi_0.5","centered_gamma05, phi = 0.5",0.5,4096,64,64,4096,0.5,NA,"Balanced extreme-distribution design","Centered Gamma(1/2)",5,2.82842712474619,12,"inside formal moment assumptions","extreme","phi = 0.5",0.5,17,1877132003,"centered_gamma05_phi050_N4096","centered_gamma05","Centered Gamma(1/2)","inside formal moment assumptions","extreme",0.5,"phi = 0.5",4096,64,64,17,100000,20000,"V_oracle",0.94554,-0.00445999999999991,0.000717593954824035,NA,NA,0.05446,1.03115438027435,0.94895,0.00155634021826849,20000,0.106279100380907,7.06401755192703e-05,0.00999002942677679,0.106015307192982,0.0994284378914931,0.11287116741886,0.119211464507544,0.123154778367367,0.106279100380907,1.00198178594769,1.0106985793543,0,0,0,0
"centered_gamma05_phi050_N4096_M64_Q64","centered_gamma05_phi050_N4096","centered_gamma05","extreme_distribution_dependence","centered_gamma05_phi_0.5","centered_gamma05, phi = 0.5",0.5,4096,64,64,4096,0.5,NA,"Balanced extreme-distribution design","Centered Gamma(1/2)",5,2.82842712474619,12,"inside formal moment assumptions","extreme","phi = 0.5",0.5,17,1877132003,"centered_gamma05_phi050_N4096","centered_gamma05","Centered Gamma(1/2)","inside formal moment assumptions","extreme",0.5,"phi = 0.5",4096,64,64,17,100000,20000,"V_feasible",0.94553,-0.00446999999999997,0.000717656039478524,NA,NA,0.05447,1.03264744439342,0.94885,0.00155778171609504,20000,0.106406050798559,7.43984420830331e-05,0.0105215285813255,0.106083901692844,0.0992234059970276,0.113310624370369,0.120071215269067,0.124185100011835,0.106406050798559,1.00317865349502,1.011905859114,0,0,0,0
"centered_gamma05_phi080_N400_M20_Q20","centered_gamma05_phi080_N400","centered_gamma05","extreme_distribution_dependence","centered_gamma05_phi_0.8","centered_gamma05, phi = 0.8",0.8,400,20,20,400,0.5,NA,"Balanced extreme-distribution design","Centered Gamma(1/2)",5,2.82842712474619,12,"inside formal moment assumptions","extreme","phi = 0.8",0.5,10,358625561,"centered_gamma05_phi080_N400","centered_gamma05","Centered Gamma(1/2)","inside formal moment assumptions","extreme",0.8,"phi = 0.8",400,20,20,10,100000,20000,"raw",0.89323,-0.05677,0.00097657650545157,NA,NA,0.10677,1.5208020492875,0.8916,0.00219828842511623,20000,0.505493377961766,0.00067494471783673,0.0954515973816786,0.499423796959103,0.438660802260987,0.565892012520447,0.630199105065097,0.671827112852008,0.505493377961766,0.864514688032265,1,0,0,0,2e-05
"centered_gamma05_phi080_N400_M20_Q20","centered_gamma05_phi080_N400","centered_gamma05","extreme_distribution_dependence","centered_gamma05_phi_0.8","centered_gamma05, phi = 0.8",0.8,400,20,20,400,0.5,NA,"Balanced extreme-distribution design","Centered Gamma(1/2)",5,2.82842712474619,12,"inside formal moment assumptions","extreme","phi = 0.8",0.5,10,358625561,"centered_gamma05_phi080_N400","centered_gamma05","Centered Gamma(1/2)","inside formal moment assumptions","extreme",0.8,"phi = 0.8",400,20,20,10,100000,20000,"K_asym_full",0.89762,-0.05238,0.000958636195853255,NA,NA,0.10238,1.47855754791841,0.8956,0.00216218223098794,20000,0.512909523854952,0.000685228044819871,0.0969058794302661,0.506822749284618,0.445043927131597,0.574199065550209,0.639681308603139,0.681791799159669,0.512909523854952,0.877198072885102,1.01467110394816,0,0,0,2e-05
"centered_gamma05_phi080_N400_M20_Q20","centered_gamma05_phi080_N400","centered_gamma05","extreme_distribution_dependence","centered_gamma05_phi_0.8","centered_gamma05, phi = 0.8",0.8,400,20,20,400,0.5,NA,"Balanced extreme-distribution design","Centered Gamma(1/2)",5,2.82842712474619,12,"inside formal moment assumptions","extreme","phi = 0.8",0.5,10,358625561,"centered_gamma05_phi080_N400","centered_gamma05","Centered Gamma(1/2)","inside formal moment assumptions","extreme",0.8,"phi = 0.8",400,20,20,10,100000,20000,"K_leading",0.90541,-0.0445899999999999,0.000925433584326828,NA,NA,0.09459,1.40674189559094,0.90405,0.00208258970395035,20000,0.526293965758077,0.000703830126574979,0.0995366110609108,0.519874078194164,0.456555961145913,0.589160689391713,0.656464145537885,0.700050092814907,0.526293965758077,0.90008867268489,1.04114908068664,0,0,0,2e-05
"centered_gamma05_phi080_N400_M20_Q20","centered_gamma05_phi080_N400","centered_gamma05","extreme_distribution_dependence","centered_gamma05_phi_0.8","centered_gamma05, phi = 0.8",0.8,400,20,20,400,0.5,NA,"Balanced extreme-distribution design","Centered Gamma(1/2)",5,2.82842712474619,12,"inside formal moment assumptions","extreme","phi = 0.8",0.5,10,358625561,"centered_gamma05_phi080_N400","centered_gamma05","Centered Gamma(1/2)","inside formal moment assumptions","extreme",0.8,"phi = 0.8",400,20,20,10,100000,20000,"V_oracle",0.92855,-0.02145,0.000814523771906014,NA,NA,0.07145,1.20007659019663,0.9282,0.00182544186431669,20000,0.571472264395978,0.000767041389041389,0.108476033528383,0.564344256864744,0.495409064947204,0.639698854206567,0.713317965391634,0.761119841283752,0.571472264395978,0.977354378736786,1.13052374039053,0,0,0,2e-05
"centered_gamma05_phi080_N400_M20_Q20","centered_gamma05_phi080_N400","centered_gamma05","extreme_distribution_dependence","centered_gamma05_phi_0.8","centered_gamma05, phi = 0.8",0.8,400,20,20,400,0.5,NA,"Balanced extreme-distribution design","Centered Gamma(1/2)",5,2.82842712474619,12,"inside formal moment assumptions","extreme","phi = 0.8",0.5,10,358625561,"centered_gamma05_phi080_N400","centered_gamma05","Centered Gamma(1/2)","inside formal moment assumptions","extreme",0.8,"phi = 0.8",400,20,20,10,100000,20000,"V_feasible",0.91925,-0.0307499999999999,0.000861565072992168,NA,NA,0.08075,1.28097995739005,0.91835,0.0019362757745218,20000,0.556366427492032,0.000789741834604872,0.111686361327162,0.549282665949475,0.478150638611151,0.626652008140502,0.703414176899031,0.752078867946446,0.556366427492032,0.951519781395198,1.10064038768499,0,0,0,2e-05
"centered_gamma05_phi080_N400_M20_Q20","centered_gamma05_phi080_N400","centered_gamma05","extreme_distribution_dependence","centered_gamma05_phi_0.8","centered_gamma05, phi = 0.8",0.8,400,20,20,400,0.5,NA,"Balanced extreme-distribution design","Centered Gamma(1/2)",5,2.82842712474619,12,"inside formal moment assumptions","extreme","phi = 0.8",0.5,10,358625561,"centered_gamma05_phi080_N400","centered_gamma05","Centered Gamma(1/2)","inside formal moment assumptions","extreme",0.8,"phi = 0.8",400,20,20,10,100000,20000,"VK_asym_full_oracle",0.93231,-0.01769,0.00079440584023533,NA,NA,0.06769,1.16674112935783,0.9319,0.00178132520893856,20000,0.579890715469572,0.000778893795424551,0.110152216913766,0.572605038374916,0.502649781474945,0.64903994729922,0.723991751574909,0.772653316672664,0.579890715469572,0.991751945393244,1.14717766987925,0,0,0,2e-05
"centered_gamma05_phi080_N400_M20_Q20","centered_gamma05_phi080_N400","centered_gamma05","extreme_distribution_dependence","centered_gamma05_phi_0.8","centered_gamma05, phi = 0.8",0.8,400,20,20,400,0.5,NA,"Balanced extreme-distribution design","Centered Gamma(1/2)",5,2.82842712474619,12,"inside formal moment assumptions","extreme","phi = 0.8",0.5,10,358625561,"centered_gamma05_phi080_N400","centered_gamma05","Centered Gamma(1/2)","inside formal moment assumptions","extreme",0.8,"phi = 0.8",400,20,20,10,100000,20000,"VK_leading_oracle",0.93865,-0.01135,0.00075885556926203,NA,NA,0.06135,1.11007084593188,0.9381,0.00170394234057376,20000,0.595083199461988,0.00080034338437984,0.113185646874555,0.58755203193439,0.515793989129708,0.665969450213012,0.743113570538733,0.793048772074046,0.595083199461988,1.01773472999885,1.17723243351172,0,0,0,2e-05
"centered_gamma05_phi080_N400_M20_Q20","centered_gamma05_phi080_N400","centered_gamma05","extreme_distribution_dependence","centered_gamma05_phi_0.8","centered_gamma05, phi = 0.8",0.8,400,20,20,400,0.5,NA,"Balanced extreme-distribution design","Centered Gamma(1/2)",5,2.82842712474619,12,"inside formal moment assumptions","extreme","phi = 0.8",0.5,10,358625561,"centered_gamma05_phi080_N400","centered_gamma05","Centered Gamma(1/2)","inside formal moment assumptions","extreme",0.8,"phi = 0.8",400,20,20,10,100000,20000,"VK_asym_full_feasible",0.92331,-0.02669,0.00084147872165611,NA,NA,0.07669,1.24539718079588,0.9227,0.00188844790767445,20000,0.56471843760999,0.000802016594756429,0.113422274555283,0.557402808810956,0.485228238578971,0.636123956454239,0.714010036818972,0.763498663634328,0.56471843760999,0.965803718112,1.11716287933786,0,0,0,2e-05
"centered_gamma05_phi080_N400_M20_Q20","centered_gamma05_phi080_N400","centered_gamma05","extreme_distribution_dependence","centered_gamma05_phi_0.8","centered_gamma05, phi = 0.8",0.8,400,20,20,400,0.5,NA,"Balanced extreme-distribution design","Centered Gamma(1/2)",5,2.82842712474619,12,"inside formal moment assumptions","extreme","phi = 0.8",0.5,10,358625561,"centered_gamma05_phi080_N400","centered_gamma05","Centered Gamma(1/2)","inside formal moment assumptions","extreme",0.8,"phi = 0.8",400,20,20,10,100000,20000,"F_feasible_leading",0.93034,-0.01966,0.000805030958410918,NA,NA,0.0696600000000001,1.1849064605858,0.9301,0.00180296963368771,20000,0.579806106101486,0.000824235901391179,0.116564559034222,0.572181491431915,0.498061349480991,0.65298431182196,0.733260537175914,0.784209528444277,0.579806106101486,0.991607243118903,1.14701029010382,0,0,0,2e-05
"centered_gamma05_phi080_N4096_M64_Q64","centered_gamma05_phi080_N4096","centered_gamma05","extreme_distribution_dependence","centered_gamma05_phi_0.8","centered_gamma05, phi = 0.8",0.8,4096,64,64,4096,0.5,NA,"Balanced extreme-distribution design","Centered Gamma(1/2)",5,2.82842712474619,12,"inside formal moment assumptions","extreme","phi = 0.8",0.5,17,1907153003,"centered_gamma05_phi080_N4096","centered_gamma05","Centered Gamma(1/2)","inside formal moment assumptions","extreme",0.8,"phi = 0.8",4096,64,64,17,100000,20000,"V_feasible",0.94616,-0.00383999999999995,0.00071373142287558,NA,NA,0.05384,1.03243891066884,0.94675,0.00158767813961143,20000,0.183583731871632,0.000126596063581395,0.0179033870059855,0.183029246800367,0.171378246164353,0.195217507684183,0.206901292825646,0.214002143583064,0.183583731871632,0.999655993670496,1.03474185617038,0,0,0,0
"centered_gamma05_phi080_N4096_M64_Q64","centered_gamma05_phi080_N4096","centered_gamma05","extreme_distribution_dependence","centered_gamma05_phi_0.8","centered_gamma05, phi = 0.8",0.8,4096,64,64,4096,0.5,NA,"Balanced extreme-distribution design","Centered Gamma(1/2)",5,2.82842712474619,12,"inside formal moment assumptions","extreme","phi = 0.8",0.5,17,1907153003,"centered_gamma05_phi080_N4096","centered_gamma05","Centered Gamma(1/2)","inside formal moment assumptions","extreme",0.8,"phi = 0.8",4096,64,64,17,100000,20000,"VK_asym_full_oracle",0.94919,-0.000809999999999977,0.000694466297958368,NA,NA,0.05081,1.00618014749935,0.94995,0.00154183328378914,20000,0.185809333294405,0.000123993792390089,0.0175353702848137,0.185287458568775,0.173861763041195,0.197218637265857,0.20856147421609,0.21552011522047,0.185809333294405,1.01177490954128,1.04728612097978,0,0,0,0
"centered_gamma05_phi080_N4096_M64_Q64","centered_gamma05_phi080_N4096","centered_gamma05","extreme_distribution_dependence","centered_gamma05_phi_0.8","centered_gamma05, phi = 0.8",0.8,4096,64,64,4096,0.5,NA,"Balanced extreme-distribution design","Centered Gamma(1/2)",5,2.82842712474619,12,"inside formal moment assumptions","extreme","phi = 0.8",0.5,17,1907153003,"centered_gamma05_phi080_N4096","centered_gamma05","Centered Gamma(1/2)","inside formal moment assumptions","extreme",0.8,"phi = 0.8",4096,64,64,17,100000,20000,"VK_leading_oracle",0.94988,-0.000120000000000009,0.000689985402744145,NA,NA,0.0501200000000001,1.00145107298802,0.9507,0.00153084143528976,20000,0.186260377841754,0.000124304253656137,0.0175792761381174,0.185738145761175,0.174283904646361,0.197694674496134,0.209068387949156,0.216040962047133,0.186260377841754,1.0142309517002,1.04982836515023,0,0,0,0
"centered_gamma05_phi080_N4096_M64_Q64","centered_gamma05_phi080_N4096","centered_gamma05","extreme_distribution_dependence","centered_gamma05_phi_0.8","centered_gamma05, phi = 0.8",0.8,4096,64,64,4096,0.5,NA,"Balanced extreme-distribution design","Centered Gamma(1/2)",5,2.82842712474619,12,"inside formal moment assumptions","extreme","phi = 0.8",0.5,17,1907153003,"centered_gamma05_phi080_N4096","centered_gamma05","Centered Gamma(1/2)","inside formal moment assumptions","extreme",0.8,"phi = 0.8",4096,64,64,17,100000,20000,"VK_asym_full_feasible",0.94841,-0.00158999999999998,0.000699488898410833,NA,NA,0.05159,1.01300226233973,0.949,0.00155561884791873,20000,0.185392098438182,0.000127882728677423,0.018085348928889,0.184836755005122,0.173054319913776,0.197138684769001,0.20893756979559,0.216133779167636,0.185392098438182,1.0095029689911,1.04493444000464,0,0,0,0
"centered_gamma05_phi080_N4096_M64_Q64","centered_gamma05_phi080_N4096","centered_gamma05","extreme_distribution_dependence","centered_gamma05_phi_0.8","centered_gamma05, phi = 0.8",0.8,4096,64,64,4096,0.5,NA,"Balanced extreme-distribution design","Centered Gamma(1/2)",5,2.82842712474619,12,"inside formal moment assumptions","extreme","phi = 0.8",0.5,17,1907153003,"centered_gamma05_phi080_N4096","centered_gamma05","Centered Gamma(1/2)","inside formal moment assumptions","extreme",0.8,"phi = 0.8",4096,64,64,17,100000,20000,"F_feasible_leading",0.94905,-0.000950000000000006,0.0006953711059571,NA,NA,0.0509500000000001,1.00824112370003,0.9499,0.00154256264054333,20000,0.185843273916982,0.000128203968099051,0.0181307790435725,0.1852891476978,0.173473353794133,0.197617947517075,0.209440751251324,0.216662012541464,0.185843273916982,1.01195972410214,1.04747742215035,0,0,0,0
"centered_gamma05_phi080_N4096_M64_Q64","centered_gamma05_phi080_N4096","centered_gamma05","extreme_distribution_dependence","centered_gamma05_phi_0.8","centered_gamma05, phi = 0.8",0.8,4096,64,64,4096,0.5,NA,"Balanced extreme-distribution design","Centered Gamma(1/2)",5,2.82842712474619,12,"inside formal moment assumptions","extreme","phi = 0.8",0.5,17,1907153003,"centered_gamma05_phi080_N4096","centered_gamma05","Centered Gamma(1/2)","inside formal moment assumptions","extreme",0.8,"phi = 0.8",4096,64,64,17,100000,20000,"raw",0.93839,-0.01161,0.000760356547285548,NA,NA,0.0616100000000001,1.10081888311113,0.9385,0.00169879001056634,20000,0.177419837398945,0.000118234535320729,0.0167208883391455,0.176905478315922,0.166018200154489,0.18829375223013,0.199148768898058,0.205740332009836,0.177419837398945,0.966092158840718,1,0,0,0,0
"centered_gamma05_phi080_N4096_M64_Q64","centered_gamma05_phi080_N4096","centered_gamma05","extreme_distribution_dependence","centered_gamma05_phi_0.8","centered_gamma05, phi = 0.8",0.8,4096,64,64,4096,0.5,NA,"Balanced extreme-distribution design","Centered Gamma(1/2)",5,2.82842712474619,12,"inside formal moment assumptions","extreme","phi = 0.8",0.5,17,1907153003,"centered_gamma05_phi080_N4096","centered_gamma05","Centered Gamma(1/2)","inside formal moment assumptions","extreme",0.8,"phi = 0.8",4096,64,64,17,100000,20000,"K_asym_full",0.94055,-0.00944999999999996,0.000747767995437087,NA,NA,0.05945,1.08009491650742,0.9408,0.00166876241568415,20000,0.179159723887104,0.000119426597246514,0.016889471353409,0.178645394084517,0.167653514784755,0.190144485877652,0.201093826747302,0.207756749786376,0.179159723887104,0.975566244253744,1.00980660626042,0,0,0,0
"centered_gamma05_phi080_N4096_M64_Q64","centered_gamma05_phi080_N4096","centered_gamma05","extreme_distribution_dependence","centered_gamma05_phi_0.8","centered_gamma05, phi = 0.8",0.8,4096,64,64,4096,0.5,NA,"Balanced extreme-distribution design","Centered Gamma(1/2)",5,2.82842712474619,12,"inside formal moment assumptions","extreme","phi = 0.8",0.5,17,1907153003,"centered_gamma05_phi080_N4096","centered_gamma05","Centered Gamma(1/2)","inside formal moment assumptions","extreme",0.8,"phi = 0.8",4096,64,64,17,100000,20000,"K_leading",0.94102,-0.00897999999999999,0.00074499234626941,NA,NA,0.05898,1.07501844053821,0.94115,0.00166413156781548,20000,0.179593779492591,0.000119724172277337,0.0169315548178502,0.179081244541847,0.168057008549694,0.19060307498588,0.201578205842913,0.208267383628208,0.179593779492591,0.977929777684443,1.01225309483717,0,0,0,0
"centered_gamma05_phi080_N4096_M64_Q64","centered_gamma05_phi080_N4096","centered_gamma05","extreme_distribution_dependence","centered_gamma05_phi_0.8","centered_gamma05, phi = 0.8",0.8,4096,64,64,4096,0.5,NA,"Balanced extreme-distribution design","Centered Gamma(1/2)",5,2.82842712474619,12,"inside formal moment assumptions","extreme","phi = 0.8",0.5,17,1907153003,"centered_gamma05_phi080_N4096","centered_gamma05","Centered Gamma(1/2)","inside formal moment assumptions","extreme",0.8,"phi = 0.8",4096,64,64,17,100000,20000,"V_oracle",0.94688,-0.0031199999999999,0.000709212701521906,NA,NA,0.0531199999999999,1.02548589873973,0.94765,0.0015749520230788,20000,0.184001407588191,0.00012275023189783,0.0173595042734354,0.183482796576406,0.172170928171911,0.195298737687914,0.206529470390565,0.213400662166447,0.184001407588191,1.00193033480743,1.03709602198792,0,0,0,0
"centered_gamma05_phi050_N64_M8_Q8","centered_gamma05_phi050_N64","centered_gamma05","extreme_distribution_dependence","centered_gamma05_phi_0.5","centered_gamma05, phi = 0.5",0.5,64,8,8,64,0.5,NA,"Balanced extreme-distribution design","Centered Gamma(1/2)",5,2.82842712474619,12,"inside formal moment assumptions","extreme","phi = 0.5",0.5,4,2140087199,"centered_gamma05_phi050_N64","centered_gamma05","Centered Gamma(1/2)","inside formal moment assumptions","extreme",0.5,"phi = 0.5",64,8,8,4,100000,20000,"raw",0.84109,-0.10891,0.00115610385303397,NA,NA,0.15891,2.1122561256951,0.8402,0.00259098398296863,20000,0.665912882996303,0.00158590865789268,0.224281353267675,0.638352979946136,0.508262653455761,0.791386270442081,0.960038696864305,1.07612640182,0.665912882996303,0.792940097126436,1,0,0,0,0.0168
"centered_gamma05_phi050_N64_M8_Q8","centered_gamma05_phi050_N64","centered_gamma05","extreme_distribution_dependence","centered_gamma05_phi_0.5","centered_gamma05, phi = 0.5",0.5,64,8,8,64,0.5,NA,"Balanced extreme-distribution design","Centered Gamma(1/2)",5,2.82842712474619,12,"inside formal moment assumptions","extreme","phi = 0.5",0.5,4,2140087199,"centered_gamma05_phi050_N64","centered_gamma05","Centered Gamma(1/2)","inside formal moment assumptions","extreme",0.5,"phi = 0.5",64,8,8,4,100000,20000,"K_asym_full",0.86251,-0.08749,0.00108897428757524,NA,NA,0.13749,1.82622144200722,0.862,0.00243881118580344,20000,0.713154912702506,0.00170048962542938,0.240485549095697,0.683743288214971,0.543862607915272,0.847366068489204,1.02866595498727,1.15194945980648,0.713154912702506,0.849193851303909,1.07094325836382,0,0,0,0.0168
"centered_gamma05_phi050_N64_M8_Q8","centered_gamma05_phi050_N64","centered_gamma05","extreme_distribution_dependence","centered_gamma05_phi_0.5","centered_gamma05, phi = 0.5",0.5,64,8,8,64,0.5,NA,"Balanced extreme-distribution design","Centered Gamma(1/2)",5,2.82842712474619,12,"inside formal moment assumptions","extreme","phi = 0.5",0.5,4,2140087199,"centered_gamma05_phi050_N64","centered_gamma05","Centered Gamma(1/2)","inside formal moment assumptions","extreme",0.5,"phi = 0.5",64,8,8,4,100000,20000,"K_leading",0.87101,-0.07899,0.00105996028180305,NA,NA,0.12899,1.71620810212727,0.86945,0.00238229613503443,20000,0.734113872042731,0.00175148793693373,0.247697799474455,0.703815088972813,0.559667092042949,0.872411021182021,1.05876003852915,1.18543217551956,0.734113872042731,0.874150868474276,1.10241728428433,0,0,0,0.0168
"centered_gamma05_phi050_N64_M8_Q8","centered_gamma05_phi050_N64","centered_gamma05","extreme_distribution_dependence","centered_gamma05_phi_0.5","centered_gamma05, phi = 0.5",0.5,64,8,8,64,0.5,NA,"Balanced extreme-distribution design","Centered Gamma(1/2)",5,2.82842712474619,12,"inside formal moment assumptions","extreme","phi = 0.5",0.5,4,2140087199,"centered_gamma05_phi050_N64","centered_gamma05","Centered Gamma(1/2)","inside formal moment assumptions","extreme",0.5,"phi = 0.5",64,8,8,4,100000,20000,"V_oracle",0.86469,-0.08531,0.0010816709476546,NA,NA,0.13531,1.79906921344111,0.8635,0.00242763001711546,20000,0.718165337408554,0.00171267182519755,0.242208372308866,0.688623576344754,0.547676124640748,0.853430089191457,1.03607333057843,1.15997708944929,0.718165337408554,0.855160047114962,1.07846740278869,0,0,0,0.0168
"centered_gamma05_phi050_N64_M8_Q8","centered_gamma05_phi050_N64","centered_gamma05","extreme_distribution_dependence","centered_gamma05_phi_0.5","centered_gamma05, phi = 0.5",0.5,64,8,8,64,0.5,NA,"Balanced extreme-distribution design","Centered Gamma(1/2)",5,2.82842712474619,12,"inside formal moment assumptions","extreme","phi = 0.5",0.5,4,2140087199,"centered_gamma05_phi050_N64","centered_gamma05","Centered Gamma(1/2)","inside formal moment assumptions","extreme",0.5,"phi = 0.5",64,8,8,4,100000,20000,"V_feasible",0.85934,-0.09066,0.0010994305999016,NA,NA,0.14066,1.85134751175081,0.85875,0.00246270620964012,20000,0.717857243584386,0.00180474898529844,0.255230049168814,0.686644133209479,0.538841524580446,0.86012253695324,1.05309554602694,1.18124153995613,0.717857243584386,0.854793182389714,1.07800473892975,0,0,0,0.0168
"centered_gamma05_phi050_N64_M8_Q8","centered_gamma05_phi050_N64","centered_gamma05","extreme_distribution_dependence","centered_gamma05_phi_0.5","centered_gamma05, phi = 0.5",0.5,64,8,8,64,0.5,NA,"Balanced extreme-distribution design","Centered Gamma(1/2)",5,2.82842712474619,12,"inside formal moment assumptions","extreme","phi = 0.5",0.5,4,2140087199,"centered_gamma05_phi050_N64","centered_gamma05","Centered Gamma(1/2)","inside formal moment assumptions","extreme",0.5,"phi = 0.5",64,8,8,4,100000,20000,"VK_asym_full_oracle",0.88341,-0.0665899999999999,0.0010148732526774,NA,NA,0.11659,1.55544525745429,0.8809,0.00229036230758367,20000,0.76823273608453,0.00183473274102031,0.259470392568089,0.736259733889651,0.585321873907152,0.913605406602036,1.10855125203931,1.24195876835328,0.76823273608453,0.914778127771944,1.15365351189458,0,0,0,0.0168
"centered_gamma05_phi050_N64_M8_Q8","centered_gamma05_phi050_N64","centered_gamma05","extreme_distribution_dependence","centered_gamma05_phi_0.5","centered_gamma05, phi = 0.5",0.5,64,8,8,64,0.5,NA,"Balanced extreme-distribution design","Centered Gamma(1/2)",5,2.82842712474619,12,"inside formal moment assumptions","extreme","phi = 0.5",0.5,4,2140087199,"centered_gamma05_phi050_N64","centered_gamma05","Centered Gamma(1/2)","inside formal moment assumptions","extreme",0.5,"phi = 0.5",64,8,8,4,100000,20000,"VK_leading_oracle",0.89089,-0.05911,0.000985926000772878,NA,NA,0.10911,1.4617437359209,0.8888,0.00222299977507871,20000,0.790364190072465,0.00188888323532041,0.267128428912929,0.757095306098823,0.602160468636148,0.940216268858362,1.14104055499474,1.27698888565271,0.790364190072465,0.941131300571034,1.18688827060409,0,0,0,0.0168
"centered_gamma05_phi050_N64_M8_Q8","centered_gamma05_phi050_N64","centered_gamma05","extreme_distribution_dependence","centered_gamma05_phi_0.5","centered_gamma05, phi = 0.5",0.5,64,8,8,64,0.5,NA,"Balanced extreme-distribution design","Centered Gamma(1/2)",5,2.82842712474619,12,"inside formal moment assumptions","extreme","phi = 0.5",0.5,4,2140087199,"centered_gamma05_phi050_N64","centered_gamma05","Centered Gamma(1/2)","inside formal moment assumptions","extreme",0.5,"phi = 0.5",64,8,8,4,100000,20000,"VK_asym_full_feasible",0.87956,-0.0704399999999999,0.00102924344253437,NA,NA,0.12044,1.60064420286789,0.8779,0.00231507656460861,20000,0.770019968401994,0.00193391311521931,0.273496615599434,0.736463271720774,0.578151325122283,0.922109443799088,1.12942596441261,1.26544539868645,0.770019968401994,0.916906286279735,1.15633739497163,0,0,0,0.0168
"centered_gamma05_phi050_N64_M8_Q8","centered_gamma05_phi050_N64","centered_gamma05","extreme_distribution_dependence","centered_gamma05_phi_0.5","centered_gamma05, phi = 0.5",0.5,64,8,8,64,0.5,NA,"Balanced extreme-distribution design","Centered Gamma(1/2)",5,2.82842712474619,12,"inside formal moment assumptions","extreme","phi = 0.5",0.5,4,2140087199,"centered_gamma05_phi050_N64","centered_gamma05","Centered Gamma(1/2)","inside formal moment assumptions","extreme",0.5,"phi = 0.5",64,8,8,4,100000,20000,"F_feasible_leading",0.88702,-0.0629799999999999,0.0010010770180161,NA,NA,0.11298,1.50421985329753,0.88555,0.00225112413584858,20000,0.793120745370275,0.00199103899994641,0.281575435693798,0.758255723500464,0.595337685046133,0.949509215213264,1.16325414308654,1.30429053677123,0.793120745370275,0.944413686723025,1.1910277839972,0,0,0,0.0168
"centered_gamma05_phi050_N100_M10_Q10","centered_gamma05_phi050_N100","centered_gamma05","extreme_distribution_dependence","centered_gamma05_phi_0.5","centered_gamma05, phi = 0.5",0.5,100,10,10,100,0.5,NA,"Balanced extreme-distribution design","Centered Gamma(1/2)",5,2.82842712474619,12,"inside formal moment assumptions","extreme","phi = 0.5",0.5,5,28603661,"centered_gamma05_phi050_N100","centered_gamma05","Centered Gamma(1/2)","inside formal moment assumptions","extreme",0.5,"phi = 0.5",100,10,10,5,100000,20000,"raw",0.87066,-0.07934,0.00106118407639768,NA,NA,0.12934,1.87131381696145,0.86975,0.00237996783066494,20000,0.57221785911337,0.0011658488818813,0.164875930043404,0.555763237956735,0.455129221330061,0.670170412281208,0.786564950574305,0.867912276973887,0.57221785911337,0.848471904250102,1,0,0,0,0.00459
"centered_gamma05_phi050_N100_M10_Q10","centered_gamma05_phi050_N100","centered_gamma05","extreme_distribution_dependence","centered_gamma05_phi_0.5","centered_gamma05, phi = 0.5",0.5,100,10,10,100,0.5,NA,"Balanced extreme-distribution design","Centered Gamma(1/2)",5,2.82842712474619,12,"inside formal moment assumptions","extreme","phi = 0.5",0.5,5,28603661,"centered_gamma05_phi050_N100","centered_gamma05","Centered Gamma(1/2)","inside formal moment assumptions","extreme",0.5,"phi = 0.5",100,10,10,5,100000,20000,"K_asym_full",0.88928,-0.06072,0.000992275574626323,NA,NA,0.11072,1.65299387164928,0.88765,0.00223301900462132,20000,0.608115637858193,0.00124091487553146,0.175491864672711,0.590172763408978,0.483879709682066,0.712075140374584,0.835854431146671,0.92390757600542,0.608115637858193,0.901700331508844,1.06273446061338,0,0,0,0.00459
"centered_gamma05_phi050_N100_M10_Q10","centered_gamma05_phi050_N100","centered_gamma05","extreme_distribution_dependence","centered_gamma05_phi_0.5","centered_gamma05, phi = 0.5",0.5,100,10,10,100,0.5,NA,"Balanced extreme-distribution design","Centered Gamma(1/2)",5,2.82842712474619,12,"inside formal moment assumptions","extreme","phi = 0.5",0.5,5,28603661,"centered_gamma05_phi050_N100","centered_gamma05","Centered Gamma(1/2)","inside formal moment assumptions","extreme",0.5,"phi = 0.5",100,10,10,5,100000,20000,"K_leading",0.89439,-0.0556099999999999,0.00097188748268511,NA,NA,0.10561,1.59061674441723,0.89325,0.00218351136360679,20000,0.619647952335901,0.00126510805472146,0.178913296885454,0.601400054891677,0.492918212928486,0.725734467725741,0.851375297550615,0.941839601951082,0.619647952335901,0.918800190713646,1.08288817356386,0,0,0,0.00459
"centered_gamma05_phi050_N100_M10_Q10","centered_gamma05_phi050_N100","centered_gamma05","extreme_distribution_dependence","centered_gamma05_phi_0.5","centered_gamma05, phi = 0.5",0.5,100,10,10,100,0.5,NA,"Balanced extreme-distribution design","Centered Gamma(1/2)",5,2.82842712474619,12,"inside formal moment assumptions","extreme","phi = 0.5",0.5,5,28603661,"centered_gamma05_phi050_N100","centered_gamma05","Centered Gamma(1/2)","inside formal moment assumptions","extreme",0.5,"phi = 0.5",100,10,10,5,100000,20000,"V_oracle",0.88999,-0.06001,0.000989483703251347,NA,NA,0.11001,1.64396854934443,0.88815,0.00222867199807419,20000,0.609745380697272,0.00124433151641719,0.175975050660547,0.591732120152807,0.485173442548682,0.713959933260271,0.838101577117966,0.926365643231465,0.609745380697272,0.904116877913484,1.06558257661173,0,0,0,0.00459
"centered_gamma05_phi050_N100_M10_Q10","centered_gamma05_phi050_N100","centered_gamma05","extreme_distribution_dependence","centered_gamma05_phi_0.5","centered_gamma05, phi = 0.5",0.5,100,10,10,100,0.5,NA,"Balanced extreme-distribution design","Centered Gamma(1/2)",5,2.82842712474619,12,"inside formal moment assumptions","extreme","phi = 0.5",0.5,5,28603661,"centered_gamma05_phi050_N100","centered_gamma05","Centered Gamma(1/2)","inside formal moment assumptions","extreme",0.5,"phi = 0.5",100,10,10,5,100000,20000,"V_feasible",0.88659,-0.06341,0.00100273711360456,NA,NA,0.11341,1.66748698915932,0.88495,0.00225625239612061,20000,0.613891731719705,0.00134096589491889,0.189641215527407,0.594635686808565,0.479956958873086,0.725461964918371,0.860593841295799,0.953193863259375,0.613891731719705,0.910264994914138,1.07282868219267,0,0,0,0.00459
"centered_gamma05_phi050_N100_M10_Q10","centered_gamma05_phi050_N100","centered_gamma05","extreme_distribution_dependence","centered_gamma05_phi_0.5","centered_gamma05, phi = 0.5",0.5,100,10,10,100,0.5,NA,"Balanced extreme-distribution design","Centered Gamma(1/2)",5,2.82842712474619,12,"inside formal moment assumptions","extreme","phi = 0.5",0.5,5,28603661,"centered_gamma05_phi050_N100","centered_gamma05","Centered Gamma(1/2)","inside formal moment assumptions","extreme",0.5,"phi = 0.5",100,10,10,5,100000,20000,"VK_asym_full_oracle",0.90655,-0.04345,0.000920418912778307,NA,NA,0.09345,1.45217221858758,0.9065,0.00205861300394222,20000,0.647713269479411,0.00132414768324451,0.18726276122293,0.62844620230348,0.515406419609673,0.759019421454014,0.890772481183351,0.984283842845548,0.647713269479411,0.960414818256088,1.13193473283588,0,0,0,0.00459
"centered_gamma05_phi050_N100_M10_Q10","centered_gamma05_phi050_N100","centered_gamma05","extreme_distribution_dependence","centered_gamma05_phi_0.5","centered_gamma05, phi = 0.5",0.5,100,10,10,100,0.5,NA,"Balanced extreme-distribution design","Centered Gamma(1/2)",5,2.82842712474619,12,"inside formal moment assumptions","extreme","phi = 0.5",0.5,5,28603661,"centered_gamma05_phi050_N100","centered_gamma05","Centered Gamma(1/2)","inside formal moment assumptions","extreme",0.5,"phi = 0.5",100,10,10,5,100000,20000,"VK_leading_oracle",0.9112,-0.0387999999999999,0.000899525208095915,NA,NA,0.0888,1.39737326694277,0.9115,0.0020083295297336,20000,0.659893012826755,0.00134984240926168,0.190896544224424,0.640262914303108,0.524950110286542,0.773373980047294,0.907819020355544,1.00272240866809,0.659893012826755,0.97847467057739,1.15321988350597,0,0,0,0.00459
"centered_gamma05_phi050_N100_M10_Q10","centered_gamma05_phi050_N100","centered_gamma05","extreme_distribution_dependence","centered_gamma05_phi_0.5","centered_gamma05, phi = 0.5",0.5,100,10,10,100,0.5,NA,"Balanced extreme-distribution design","Centered Gamma(1/2)",5,2.82842712474619,12,"inside formal moment assumptions","extreme","phi = 0.5",0.5,5,28603661,"centered_gamma05_phi050_N100","centered_gamma05","Centered Gamma(1/2)","inside formal moment assumptions","extreme",0.5,"phi = 0.5",100,10,10,5,100000,20000,"VK_asym_full_feasible",0.90374,-0.04626,0.000932705807851543,NA,NA,0.09626,1.47294684042406,0.9032,0.00209081036921094,20000,0.653782347707947,0.00142781345756069,0.201923315622115,0.633110406964916,0.511029790245033,0.772967676668482,0.916289998261907,1.01556743431287,0.653782347707947,0.969413912359142,1.14254096983439,0,0,0,0.00459
"centered_gamma05_phi050_N100_M10_Q10","centered_gamma05_phi050_N100","centered_gamma05","extreme_distribution_dependence","centered_gamma05_phi_0.5","centered_gamma05, phi = 0.5",0.5,100,10,10,100,0.5,NA,"Balanced extreme-distribution design","Centered Gamma(1/2)",5,2.82842712474619,12,"inside formal moment assumptions","extreme","phi = 0.5",0.5,5,28603661,"centered_gamma05_phi050_N100","centered_gamma05","Centered Gamma(1/2)","inside formal moment assumptions","extreme",0.5,"phi = 0.5",100,10,10,5,100000,20000,"F_feasible_leading",0.90906,-0.04094,0.000909229984107432,NA,NA,0.09094,1.41736394078542,0.909,0.00203370351821498,20000,0.666608687978078,0.00145572686866106,0.205870868077139,0.645670785721129,0.521189551816097,0.787957582783458,0.934016349318663,1.03511951797462,0.666608687978078,0.988432524204673,1.16495610432531,0,0,0,0.00459
"centered_gamma05_phi050_N225_M15_Q15","centered_gamma05_phi050_N225","centered_gamma05","extreme_distribution_dependence","centered_gamma05_phi_0.5","centered_gamma05, phi = 0.5",0.5,225,15,15,225,0.5,NA,"Balanced extreme-distribution design","Centered Gamma(1/2)",5,2.82842712474619,12,"inside formal moment assumptions","extreme","phi = 0.5",0.5,7,153604036,"centered_gamma05_phi050_N225","centered_gamma05","Centered Gamma(1/2)","inside formal moment assumptions","extreme",0.5,"phi = 0.5",225,15,15,7,100000,20000,"raw",0.90399,-0.04601,0.00093162266986157,NA,NA,0.09601,1.44888602244511,0.90215,0.00210089715954875,20000,0.413809238422021,0.000656796585581607,0.092885063904985,0.406240685567987,0.348578406640941,0.469645517927598,0.535773902903467,0.578967883253516,0.413809238422021,0.916945141143914,1,0,0,0,0.00023
"centered_gamma05_phi050_N225_M15_Q15","centered_gamma05_phi050_N225","centered_gamma05","extreme_distribution_dependence","centered_gamma05_phi_0.5","centered_gamma05, phi = 0.5",0.5,225,15,15,225,0.5,NA,"Balanced extreme-distribution design","Centered Gamma(1/2)",5,2.82842712474619,12,"inside formal moment assumptions","extreme","phi = 0.5",0.5,7,153604036,"centered_gamma05_phi050_N225","centered_gamma05","Centered Gamma(1/2)","inside formal moment assumptions","extreme",0.5,"phi = 0.5",225,15,15,7,100000,20000,"K_asym_full",0.91592,-0.03408,0.000877556571395828,NA,NA,0.08408,1.3254623983109,0.9153,0.00196883099833378,20000,0.433079886260163,0.000688605931484975,0.0973835847436611,0.425041166640956,0.364852831444552,0.491617202030494,0.560947972651168,0.605986864802522,0.433079886260163,0.959646282784109,1.04656891642059,0,0,0,0.00023
"centered_gamma05_phi050_N225_M15_Q15","centered_gamma05_phi050_N225","centered_gamma05","extreme_distribution_dependence","centered_gamma05_phi_0.5","centered_gamma05, phi = 0.5",0.5,225,15,15,225,0.5,NA,"Balanced extreme-distribution design","Centered Gamma(1/2)",5,2.82842712474619,12,"inside formal moment assumptions","extreme","phi = 0.5",0.5,7,153604036,"centered_gamma05_phi050_N225","centered_gamma05","Centered Gamma(1/2)","inside formal moment assumptions","extreme",0.5,"phi = 0.5",225,15,15,7,100000,20000,"K_leading",0.91815,-0.0318499999999999,0.000866894327470194,NA,NA,0.08185,1.3039974202006,0.91735,0.0019470359203158,20000,0.436709733382928,0.000694615350705965,0.098233444960092,0.428600066643947,0.367873970458862,0.495686108758834,0.565627132451478,0.611071988886119,0.436709733382928,0.967689531637147,1.05534070493021,0,0,0,0.00023
"centered_gamma05_phi050_N225_M15_Q15","centered_gamma05_phi050_N225","centered_gamma05","extreme_distribution_dependence","centered_gamma05_phi_0.5","centered_gamma05, phi = 0.5",0.5,225,15,15,225,0.5,NA,"Balanced extreme-distribution design","Centered Gamma(1/2)",5,2.82842712474619,12,"inside formal moment assumptions","extreme","phi = 0.5",0.5,7,153604036,"centered_gamma05_phi050_N225","centered_gamma05","Centered Gamma(1/2)","inside formal moment assumptions","extreme",0.5,"phi = 0.5",225,15,15,7,100000,20000,"V_oracle",0.91571,-0.0342899999999999,0.00087855105656985,NA,NA,0.08429,1.32796953322398,0.91515,0.00197041210791042,20000,0.43266170119294,0.000687913966991504,0.0972857261865263,0.42463790063389,0.364506255786524,0.491170872541476,0.560382153668291,0.605404071056219,0.43266170119294,0.958719641399902,1.04555834191332,0,0,0,0.00023
"centered_gamma05_phi050_N225_M15_Q15","centered_gamma05_phi050_N225","centered_gamma05","extreme_distribution_dependence","centered_gamma05_phi_0.5","centered_gamma05, phi = 0.5",0.5,225,15,15,225,0.5,NA,"Balanced extreme-distribution design","Centered Gamma(1/2)",5,2.82842712474619,12,"inside formal moment assumptions","extreme","phi = 0.5",0.5,7,153604036,"centered_gamma05_phi050_N225","centered_gamma05","Centered Gamma(1/2)","inside formal moment assumptions","extreme",0.5,"phi = 0.5",225,15,15,7,100000,20000,"V_feasible",0.91464,-0.0353599999999999,0.000883593064707957,NA,NA,0.08536,1.33855903206709,0.91445,0.00197776638534484,20000,0.436934268395612,0.000754419173307408,0.106690982660564,0.428693129347297,0.361755018883964,0.500623650273105,0.576851486153952,0.626473531841856,0.436934268395612,0.968187070768179,1.05588331005314,0,0,0,0.00023
"centered_gamma05_phi050_N225_M15_Q15","centered_gamma05_phi050_N225","centered_gamma05","extreme_distribution_dependence","centered_gamma05_phi_0.5","centered_gamma05, phi = 0.5",0.5,225,15,15,225,0.5,NA,"Balanced extreme-distribution design","Centered Gamma(1/2)",5,2.82842712474619,12,"inside formal moment assumptions","extreme","phi = 0.5",0.5,7,153604036,"centered_gamma05_phi050_N225","centered_gamma05","Centered Gamma(1/2)","inside formal moment assumptions","extreme",0.5,"phi = 0.5",225,15,15,7,100000,20000,"VK_asym_full_oracle",0.9272,-0.0227999999999999,0.000821584809986163,NA,NA,0.0728,1.21484620261601,0.9259,0.00185214996693032,20000,0.45280726819716,0.000721334643493592,0.10201212358382,0.444354893556376,0.381198574576723,0.513879716711654,0.586878293982103,0.634109089279326,0.45280726819716,1.00335948523362,1.09424156387578,0,0,0,0.00023
"centered_gamma05_phi050_N225_M15_Q15","centered_gamma05_phi050_N225","centered_gamma05","extreme_distribution_dependence","centered_gamma05_phi_0.5","centered_gamma05, phi = 0.5",0.5,225,15,15,225,0.5,NA,"Balanced extreme-distribution design","Centered Gamma(1/2)",5,2.82842712474619,12,"inside formal moment assumptions","extreme","phi = 0.5",0.5,7,153604036,"centered_gamma05_phi050_N225","centered_gamma05","Centered Gamma(1/2)","inside formal moment assumptions","extreme",0.5,"phi = 0.5",225,15,15,7,100000,20000,"VK_leading_oracle",0.9292,-0.0207999999999999,0.000811094075924612,NA,NA,0.0708,1.19517257990158,0.92805,0.0018272000095775,20000,0.456601191387728,0.000727648448295361,0.102905030421904,0.448064361174991,0.384369444804318,0.518237997868458,0.591875774183886,0.63945628162581,0.456601191387728,1.01176630439679,1.10340985408853,0,0,0,0.00023
"centered_gamma05_phi050_N225_M15_Q15","centered_gamma05_phi050_N225","centered_gamma05","extreme_distribution_dependence","centered_gamma05_phi_0.5","centered_gamma05, phi = 0.5",0.5,225,15,15,225,0.5,NA,"Balanced extreme-distribution design","Centered Gamma(1/2)",5,2.82842712474619,12,"inside formal moment assumptions","extreme","phi = 0.5",0.5,7,153604036,"centered_gamma05_phi050_N225","centered_gamma05","Centered Gamma(1/2)","inside formal moment assumptions","extreme",0.5,"phi = 0.5",225,15,15,7,100000,20000,"VK_asym_full_feasible",0.92641,-0.02359,0.000825678580926017,NA,NA,0.07359,1.22453363303915,0.9254,0.00185788643355831,20000,0.458029278931479,0.000791795444635494,0.111976785642875,0.449242425278815,0.379003650969654,0.524802816487664,0.605424016529484,0.657113498479562,0.458029278931479,1.01493075268065,1.10686093108526,0,0,0,0.00023
"centered_gamma05_phi050_N225_M15_Q15","centered_gamma05_phi050_N225","centered_gamma05","extreme_distribution_dependence","centered_gamma05_phi_0.5","centered_gamma05, phi = 0.5",0.5,225,15,15,225,0.5,NA,"Balanced extreme-distribution design","Centered Gamma(1/2)",5,2.82842712474619,12,"inside formal moment assumptions","extreme","phi = 0.5",0.5,7,153604036,"centered_gamma05_phi050_N225","centered_gamma05","Centered Gamma(1/2)","inside formal moment assumptions","extreme",0.5,"phi = 0.5",225,15,15,7,100000,20000,"F_feasible_leading",0.92862,-0.02138,0.0008141553635517,NA,NA,0.07138,1.20470312886038,0.92725,0.00183653801349169,20000,0.462010252178027,0.000798859996266828,0.112975864115787,0.45315522661509,0.382346892244353,0.529423233901139,0.610681626482003,0.662878358435296,0.462010252178027,1.02375204939545,1.11648124130773,0,0,0,0.00023
"centered_gamma05_phi050_N400_M20_Q20","centered_gamma05_phi050_N400","centered_gamma05","extreme_distribution_dependence","centered_gamma05_phi_0.5","centered_gamma05, phi = 0.5",0.5,400,20,20,400,0.5,NA,"Balanced extreme-distribution design","Centered Gamma(1/2)",5,2.82842712474619,12,"inside formal moment assumptions","extreme","phi = 0.5",0.5,10,328604561,"centered_gamma05_phi050_N400","centered_gamma05","Centered Gamma(1/2)","inside formal moment assumptions","extreme",0.5,"phi = 0.5",400,20,20,10,100000,20000,"raw",0.92119,-0.02881,0.000852050373510863,NA,NA,0.07881,1.26999690955654,0.91655,0.00195558300130677,20000,0.3205292569761,0.000423578975298898,0.0599031131603799,0.316541304609108,0.27877262317144,0.35729546732709,0.398861885815119,0.426225491185637,0.3205292569761,0.945766641139698,1,0,0,0,0
"centered_gamma05_phi050_N400_M20_Q20","centered_gamma05_phi050_N400","centered_gamma05","extreme_distribution_dependence","centered_gamma05_phi_0.5","centered_gamma05, phi = 0.5",0.5,400,20,20,400,0.5,NA,"Balanced extreme-distribution design","Centered Gamma(1/2)",5,2.82842712474619,12,"inside formal moment assumptions","extreme","phi = 0.5",0.5,10,328604561,"centered_gamma05_phi050_N400","centered_gamma05","Centered Gamma(1/2)","inside formal moment assumptions","extreme",0.5,"phi = 0.5",400,20,20,10,100000,20000,"K_asym_full",0.93009,-0.01991,0.000806365871673647,NA,NA,0.06991,1.18533044891943,0.92605,0.00185042424189698,20000,0.332174779425327,0.000439660795793979,0.0621774260255593,0.327979648465101,0.288916662341962,0.370241614427672,0.413607666963867,0.441665888424662,0.332174779425327,0.980128392559925,1.03633216686393,0,0,0,0
"centered_gamma05_phi050_N400_M20_Q20","centered_gamma05_phi050_N400","centered_gamma05","extreme_distribution_dependence","centered_gamma05_phi_0.5","centered_gamma05, phi = 0.5",0.5,400,20,20,400,0.5,NA,"Balanced extreme-distribution design","Centered Gamma(1/2)",5,2.82842712474619,12,"inside formal moment assumptions","extreme","phi = 0.5",0.5,10,328604561,"centered_gamma05_phi050_N400","centered_gamma05","Centered Gamma(1/2)","inside formal moment assumptions","extreme",0.5,"phi = 0.5",400,20,20,10,100000,20000,"K_leading",0.93121,-0.01879,0.000800362017464597,NA,NA,0.06879,1.1747471413398,0.9275,0.00183362687044011,20000,0.333720484374116,0.00044180075369713,0.0624800617745136,0.329484419949177,0.290290402930803,0.372028055357979,0.415569321047815,0.443747357832552,0.333720484374116,0.984689212347174,1.04115451900542,0,0,0,0
"centered_gamma05_phi050_N400_M20_Q20","centered_gamma05_phi050_N400","centered_gamma05","extreme_distribution_dependence","centered_gamma05_phi_0.5","centered_gamma05, phi = 0.5",0.5,400,20,20,400,0.5,NA,"Balanced extreme-distribution design","Centered Gamma(1/2)",5,2.82842712474619,12,"inside formal moment assumptions","extreme","phi = 0.5",0.5,10,328604561,"centered_gamma05_phi050_N400","centered_gamma05","Centered Gamma(1/2)","inside formal moment assumptions","extreme",0.5,"phi = 0.5",400,20,20,10,100000,20000,"V_oracle",0.92973,-0.02027,0.000808282915197396,NA,NA,0.0702700000000001,1.18929484581639,0.9257,0.00185444749184225,20000,0.331601219168639,0.000438867053625132,0.0620651739315382,0.327411397164342,0.288429089381491,0.369574674677142,0.412897031482466,0.440934251191719,0.331601219168639,0.978436022376385,1.03454275062749,0,0,0,0
"centered_gamma05_phi050_N400_M20_Q20","centered_gamma05_phi050_N400","centered_gamma05","extreme_distribution_dependence","centered_gamma05_phi_0.5","centered_gamma05, phi = 0.5",0.5,400,20,20,400,0.5,NA,"Balanced extreme-distribution design","Centered Gamma(1/2)",5,2.82842712474619,12,"inside formal moment assumptions","extreme","phi = 0.5",0.5,10,328604561,"centered_gamma05_phi050_N400","centered_gamma05","Centered Gamma(1/2)","inside formal moment assumptions","extreme",0.5,"phi = 0.5",400,20,20,10,100000,20000,"V_feasible",0.92858,-0.02142,0.000814365910386726,NA,NA,0.07142,1.19844838996376,0.92435,0.00186985397157104,20000,0.335335387735424,0.00049597995467053,0.0701421578560257,0.330487188027374,0.286307220138078,0.378351912958156,0.427229269981777,0.458878299407216,0.335335387735424,0.989454211780294,1.04619275912285,0,0,0,0
"centered_gamma05_phi050_N400_M20_Q20","centered_gamma05_phi050_N400","centered_gamma05","extreme_distribution_dependence","centered_gamma05_phi_0.5","centered_gamma05, phi = 0.5",0.5,400,20,20,400,0.5,NA,"Balanced extreme-distribution design","Centered Gamma(1/2)",5,2.82842712474619,12,"inside formal moment assumptions","extreme","phi = 0.5",0.5,10,328604561,"centered_gamma05_phi050_N400","centered_gamma05","Centered Gamma(1/2)","inside formal moment assumptions","extreme",0.5,"phi = 0.5",400,20,20,10,100000,20000,"VK_asym_full_oracle",0.93814,-0.01186,0.00076179616958869,NA,NA,0.06186,1.11000852276196,0.93515,0.00174132819278848,20000,0.343663562387773,0.000455597339013355,0.064431193581378,0.339294058361937,0.298880923826115,0.383124321359501,0.428122758890655,0.457245561602528,0.343663562387773,1.01402766208585,1.072175331606,0,0,0,0
"centered_gamma05_phi050_N400_M20_Q20","centered_gamma05_phi050_N400","centered_gamma05","extreme_distribution_dependence","centered_gamma05_phi_0.5","centered_gamma05, phi = 0.5",0.5,400,20,20,400,0.5,NA,"Balanced extreme-distribution design","Centered Gamma(1/2)",5,2.82842712474619,12,"inside formal moment assumptions","extreme","phi = 0.5",0.5,10,328604561,"centered_gamma05_phi050_N400","centered_gamma05","Centered Gamma(1/2)","inside formal moment assumptions","extreme",0.5,"phi = 0.5",400,20,20,10,100000,20000,"VK_leading_oracle",0.93932,-0.0106799999999999,0.000754969784825856,NA,NA,0.06068,1.10009773238016,0.93635,0.00172624849746495,20000,0.345264586269837,0.000457823880784256,0.0647460741383378,0.340910745883066,0.300287097476763,0.38490204076836,0.430145823560502,0.459381634860633,0.345264586269837,1.01875170816391,1.07717026996878,0,0,0,0
"centered_gamma05_phi050_N400_M20_Q20","centered_gamma05_phi050_N400","centered_gamma05","extreme_distribution_dependence","centered_gamma05_phi_0.5","centered_gamma05, phi = 0.5",0.5,400,20,20,400,0.5,NA,"Balanced extreme-distribution design","Centered Gamma(1/2)",5,2.82842712474619,12,"inside formal moment assumptions","extreme","phi = 0.5",0.5,10,328604561,"centered_gamma05_phi050_N400","centered_gamma05","Centered Gamma(1/2)","inside formal moment assumptions","extreme",0.5,"phi = 0.5",400,20,20,10,100000,20000,"VK_asym_full_feasible",0.93699,-0.01301,0.000768373215956933,NA,NA,0.06301,1.11855183063284,0.93395,0.00175623741988377,20000,0.348001102695392,0.000515351974579898,0.0728817751846646,0.342801314746436,0.297026506800516,0.392523481119501,0.443655480606961,0.476031775551755,0.348001102695392,1.02682618464895,1.08570776339877,0,0,0,0
"centered_gamma05_phi050_N400_M20_Q20","centered_gamma05_phi050_N400","centered_gamma05","extreme_distribution_dependence","centered_gamma05_phi_0.5","centered_gamma05, phi = 0.5",0.5,400,20,20,400,0.5,NA,"Balanced extreme-distribution design","Centered Gamma(1/2)",5,2.82842712474619,12,"inside formal moment assumptions","extreme","phi = 0.5",0.5,10,328604561,"centered_gamma05_phi050_N400","centered_gamma05","Centered Gamma(1/2)","inside formal moment assumptions","extreme",0.5,"phi = 0.5",400,20,20,10,100000,20000,"F_feasible_leading",0.93798,-0.0120199999999999,0.000762715671793887,NA,NA,0.06202,1.10856476071648,0.9347,0.00174693889418033,20000,0.349685335623682,0.000517932377360084,0.073246699245477,0.344439505810651,0.298454030269484,0.394448267844284,0.445843228482857,0.478296535489495,0.349685335623682,1.03179575071763,1.09096230067309,0,0,0,0
"centered_gamma05_phi050_N1024_M32_Q32","centered_gamma05_phi050_N1024","centered_gamma05","extreme_distribution_dependence","centered_gamma05_phi_0.5","centered_gamma05, phi = 0.5",0.5,1024,32,32,1024,0.5,NA,"Balanced extreme-distribution design","Centered Gamma(1/2)",5,2.82842712474619,12,"inside formal moment assumptions","extreme","phi = 0.5",0.5,13,952606433,"centered_gamma05_phi050_N1024","centered_gamma05","Centered Gamma(1/2)","inside formal moment assumptions","extreme",0.5,"phi = 0.5",1024,32,32,13,100000,20000,"raw",0.93333,-0.01667,0.000788828949139165,NA,NA,0.06667,1.14077259953661,0.93285,0.00176975814025533,20000,0.206404012790703,0.000206233635805634,0.0291658404773841,0.205043758926184,0.186209435935228,0.224819450125968,0.24472272569989,0.256656831273278,0.206404012790703,0.973447039515188,1,0,0,0,0
"centered_gamma05_phi050_N1024_M32_Q32","centered_gamma05_phi050_N1024","centered_gamma05","extreme_distribution_dependence","centered_gamma05_phi_0.5","centered_gamma05, phi = 0.5",0.5,1024,32,32,1024,0.5,NA,"Balanced extreme-distribution design","Centered Gamma(1/2)",5,2.82842712474619,12,"inside formal moment assumptions","extreme","phi = 0.5",0.5,13,952606433,"centered_gamma05_phi050_N1024","centered_gamma05","Centered Gamma(1/2)","inside formal moment assumptions","extreme",0.5,"phi = 0.5",1024,32,32,13,100000,20000,"K_asym_full",0.93939,-0.01061,0.000754562309554354,NA,NA,0.0606100000000001,1.09101233640578,0.9389,0.0016936172826232,20000,0.211235465636197,0.000211265732651564,0.0298774864380531,0.209834040753312,0.190566080593563,0.230065391700957,0.250550124994925,0.26269518076917,0.211235465636197,0.996233241224224,1.02340774668171,0,0,0,0
"centered_gamma05_phi050_N1024_M32_Q32","centered_gamma05_phi050_N1024","centered_gamma05","extreme_distribution_dependence","centered_gamma05_phi_0.5","centered_gamma05, phi = 0.5",0.5,1024,32,32,1024,0.5,NA,"Balanced extreme-distribution design","Centered Gamma(1/2)",5,2.82842712474619,12,"inside formal moment assumptions","extreme","phi = 0.5",0.5,13,952606433,"centered_gamma05_phi050_N1024","centered_gamma05","Centered Gamma(1/2)","inside formal moment assumptions","extreme",0.5,"phi = 0.5",1024,32,32,13,100000,20000,"K_leading",0.93979,-0.0102099999999999,0.000752228395502323,NA,NA,0.06021,1.08729888393333,0.93935,0.00168777334823133,20000,0.21160970534569,0.000211656150242543,0.0299326998232681,0.210208649790723,0.190906066413698,0.230474414746556,0.250999410009371,0.263161633559271,0.21160970534569,0.997998238582314,1.02522088831803,0,0,0,0
"centered_gamma05_phi050_N1024_M32_Q32","centered_gamma05_phi050_N1024","centered_gamma05","extreme_distribution_dependence","centered_gamma05_phi_0.5","centered_gamma05, phi = 0.5",0.5,1024,32,32,1024,0.5,NA,"Balanced extreme-distribution design","Centered Gamma(1/2)",5,2.82842712474619,12,"inside formal moment assumptions","extreme","phi = 0.5",0.5,13,952606433,"centered_gamma05_phi050_N1024","centered_gamma05","Centered Gamma(1/2)","inside formal moment assumptions","extreme",0.5,"phi = 0.5",1024,32,32,13,100000,20000,"V_oracle",0.93899,-0.01101,0.000756886912953316,NA,NA,0.06101,1.09466575393409,0.93855,0.00169814453890121,20000,0.210869197724768,0.000210883720694627,0.0298234617890041,0.209472596680958,0.190243304229596,0.229669614512669,0.250115624946842,0.2622400542273,0.210869197724768,0.994505840631427,1.02163322734715,0,0,0,0
"centered_gamma05_phi050_N1024_M32_Q32","centered_gamma05_phi050_N1024","centered_gamma05","extreme_distribution_dependence","centered_gamma05_phi_0.5","centered_gamma05, phi = 0.5",0.5,1024,32,32,1024,0.5,NA,"Balanced extreme-distribution design","Centered Gamma(1/2)",5,2.82842712474619,12,"inside formal moment assumptions","extreme","phi = 0.5",0.5,13,952606433,"centered_gamma05_phi050_N1024","centered_gamma05","Centered Gamma(1/2)","inside formal moment assumptions","extreme",0.5,"phi = 0.5",1024,32,32,13,100000,20000,"V_feasible",0.93842,-0.0115799999999999,0.000760183554149917,NA,NA,0.06158,1.10043170036354,0.9375,0.00171163299220364,20000,0.211881924501383,0.000232926570324269,0.0329407914789632,0.210234215414203,0.188984900338744,0.232719315479722,0.255272698464064,0.268892982373459,0.211881924501383,0.999282084412759,1.02653975393509,0,0,0,0
"centered_gamma05_phi050_N1024_M32_Q32","centered_gamma05_phi050_N1024","centered_gamma05","extreme_distribution_dependence","centered_gamma05_phi_0.5","centered_gamma05, phi = 0.5",0.5,1024,32,32,1024,0.5,NA,"Balanced extreme-distribution design","Centered Gamma(1/2)",5,2.82842712474619,12,"inside formal moment assumptions","extreme","phi = 0.5",0.5,13,952606433,"centered_gamma05_phi050_N1024","centered_gamma05","Centered Gamma(1/2)","inside formal moment assumptions","extreme",0.5,"phi = 0.5",1024,32,32,13,100000,20000,"VK_asym_full_oracle",0.94407,-0.00592999999999999,0.000726648712239966,NA,NA,0.05593,1.04691666180285,0.9436,0.00163124247124699,20000,0.215811480264352,0.000216045937689877,0.0305535095176637,0.214368471952855,0.1946805701647,0.235064819647045,0.256011109459251,0.268451482268557,0.215811480264352,1.0178147397248,1.04557792916162,0,0,0,0
"centered_gamma05_phi050_N1024_M32_Q32","centered_gamma05_phi050_N1024","centered_gamma05","extreme_distribution_dependence","centered_gamma05_phi_0.5","centered_gamma05, phi = 0.5",0.5,1024,32,32,1024,0.5,NA,"Balanced extreme-distribution design","Centered Gamma(1/2)",5,2.82842712474619,12,"inside formal moment assumptions","extreme","phi = 0.5",0.5,13,952606433,"centered_gamma05_phi050_N1024","centered_gamma05","Centered Gamma(1/2)","inside formal moment assumptions","extreme",0.5,"phi = 0.5",1024,32,32,13,100000,20000,"VK_leading_oracle",0.94449,-0.0055099999999999,0.000724076238389301,NA,NA,0.0555099999999999,1.04335329671843,0.944,0.00162579211463213,20000,0.21619431703644,0.000216446491368249,0.0306101563621048,0.214742017295023,0.195027621578874,0.235483511011946,0.256467657981326,0.26892543303781,0.21619431703644,1.0196202827342,1.0474327224232,0,0,0,0
"centered_gamma05_phi050_N1024_M32_Q32","centered_gamma05_phi050_N1024","centered_gamma05","extreme_distribution_dependence","centered_gamma05_phi_0.5","centered_gamma05, phi = 0.5",0.5,1024,32,32,1024,0.5,NA,"Balanced extreme-distribution design","Centered Gamma(1/2)",5,2.82842712474619,12,"inside formal moment assumptions","extreme","phi = 0.5",0.5,13,952606433,"centered_gamma05_phi050_N1024","centered_gamma05","Centered Gamma(1/2)","inside formal moment assumptions","extreme",0.5,"phi = 0.5",1024,32,32,13,100000,20000,"VK_asym_full_feasible",0.94402,-0.00597999999999999,0.000726954191128987,NA,NA,0.05598,1.05243109885029,0.94325,0.00163599262681713,20000,0.216937930783899,0.000238723389793063,0.0337605855501029,0.215278628031739,0.193483184171416,0.238270945720383,0.261407120324045,0.275330433662388,0.216937930783899,1.02312732986579,1.05103543216419,0,0,0,0
"centered_gamma05_phi050_N1024_M32_Q32","centered_gamma05_phi050_N1024","centered_gamma05","extreme_distribution_dependence","centered_gamma05_phi_0.5","centered_gamma05, phi = 0.5",0.5,1024,32,32,1024,0.5,NA,"Balanced extreme-distribution design","Centered Gamma(1/2)",5,2.82842712474619,12,"inside formal moment assumptions","extreme","phi = 0.5",0.5,13,952606433,"centered_gamma05_phi050_N1024","centered_gamma05","Centered Gamma(1/2)","inside formal moment assumptions","extreme",0.5,"phi = 0.5",1024,32,32,13,100000,20000,"F_feasible_leading",0.94434,-0.00566,0.000724996306197487,NA,NA,0.05566,1.048848964409,0.94355,0.00163192214121875,20000,0.217329824112088,0.000239173429463311,0.03382423077063,0.21567306799013,0.193820245618101,0.238712574629987,0.261889027794485,0.275847765716144,0.217329824112088,1.02497558559965,1.05293410323599,0,0,0,0
"centered_gamma05_phi080_N64_M8_Q8","centered_gamma05_phi080_N64","centered_gamma05","extreme_distribution_dependence","centered_gamma05_phi_0.8","centered_gamma05, phi = 0.8",0.8,64,8,8,64,0.5,NA,"Balanced extreme-distribution design","Centered Gamma(1/2)",5,2.82842712474619,12,"inside formal moment assumptions","extreme","phi = 0.8",0.5,4,22624553,"centered_gamma05_phi080_N64","centered_gamma05","Centered Gamma(1/2)","inside formal moment assumptions","extreme",0.8,"phi = 0.8",64,8,8,4,100000,20000,"raw",0.74673,-0.20327,0.0013752247347252,NA,NA,0.25327,3.14594713420923,0.7439,0.00308636347503012,20000,0.883640773675005,0.0021934692996475,0.310203403221051,0.844398159433789,0.662302273999438,1.06169191612868,1.29281995673377,1.45426860437835,0.883640773675005,0.623153773906981,1,0,0,0,0.03862
"centered_gamma05_phi080_N64_M8_Q8","centered_gamma05_phi080_N64","centered_gamma05","extreme_distribution_dependence","centered_gamma05_phi_0.8","centered_gamma05, phi = 0.8",0.8,64,8,8,64,0.5,NA,"Balanced extreme-distribution design","Centered Gamma(1/2)",5,2.82842712474619,12,"inside formal moment assumptions","extreme","phi = 0.8",0.5,4,22624553,"centered_gamma05_phi080_N64","centered_gamma05","Centered Gamma(1/2)","inside formal moment assumptions","extreme",0.8,"phi = 0.8",64,8,8,4,100000,20000,"K_asym_full",0.72636,-0.22364,0.00140982676382597,NA,NA,0.27364,3.4845733882387,0.7229,0.00316477163473133,20000,0.841703785330634,0.00208839443285043,0.295343573052154,0.804446472342101,0.631180968416529,1.0112560381718,1.23156338525226,1.38399775514211,0.841703785330634,0.593579320880779,0.952540682148518,0,0,0,0.03862
"centered_gamma05_phi080_N64_M8_Q8","centered_gamma05_phi080_N64","centered_gamma05","extreme_distribution_dependence","centered_gamma05_phi_0.8","centered_gamma05, phi = 0.8",0.8,64,8,8,64,0.5,NA,"Balanced extreme-distribution design","Centered Gamma(1/2)",5,2.82842712474619,12,"inside formal moment assumptions","extreme","phi = 0.8",0.5,4,22624553,"centered_gamma05_phi080_N64","centered_gamma05","Centered Gamma(1/2)","inside formal moment assumptions","extreme",0.8,"phi = 0.8",64,8,8,4,100000,20000,"K_leading",0.78567,-0.16433,0.00129766194018319,NA,NA,0.21433,2.556082046545,0.78235,0.00291786289516831,20000,0.974046276539338,0.00242077186101532,0.342348839725902,0.930663041028887,0.730054562335953,1.17014710819378,1.4274075056008,1.60444244931963,0.974046276539338,0.686908788354275,1.10231024366196,0,0,0,0.03862
"centered_gamma05_phi080_N64_M8_Q8","centered_gamma05_phi080_N64","centered_gamma05","extreme_distribution_dependence","centered_gamma05_phi_0.8","centered_gamma05, phi = 0.8",0.8,64,8,8,64,0.5,NA,"Balanced extreme-distribution design","Centered Gamma(1/2)",5,2.82842712474619,12,"inside formal moment assumptions","extreme","phi = 0.8",0.5,4,22624553,"centered_gamma05_phi080_N64","centered_gamma05","Centered Gamma(1/2)","inside formal moment assumptions","extreme",0.8,"phi = 0.8",64,8,8,4,100000,20000,"V_oracle",0.83954,-0.11046,0.00116065752226917,NA,NA,0.16046,1.81764770788059,0.8373,0.00260987269804487,20000,1.13690950219146,0.00283331514697925,0.400691270733517,1.08528605449137,0.851219417371052,1.36553653081353,1.66655903637168,1.87552919366231,1.13690950219146,0.801761833527484,1.28661955860539,0,0,0,0.03862
"centered_gamma05_phi080_N64_M8_Q8","centered_gamma05_phi080_N64","centered_gamma05","extreme_distribution_dependence","centered_gamma05_phi_0.8","centered_gamma05, phi = 0.8",0.8,64,8,8,64,0.5,NA,"Balanced extreme-distribution design","Centered Gamma(1/2)",5,2.82842712474619,12,"inside formal moment assumptions","extreme","phi = 0.8",0.5,4,22624553,"centered_gamma05_phi080_N64","centered_gamma05","Centered Gamma(1/2)","inside formal moment assumptions","extreme",0.8,"phi = 0.8",64,8,8,4,100000,20000,"V_feasible",0.78839,-0.16161,0.0012916315569852,NA,NA,0.21161,2.50442212400904,0.7844,0.00290789133221996,20000,0.985846338951032,0.00250818088142634,0.354710341939804,0.940390975412301,0.733033742566892,1.18979198907041,1.45586308256326,1.63945554417816,0.985846338951032,0.695230329916468,1.11566415711099,0,0,0,0.03862
"centered_gamma05_phi080_N64_M8_Q8","centered_gamma05_phi080_N64","centered_gamma05","extreme_distribution_dependence","centered_gamma05_phi_0.8","centered_gamma05, phi = 0.8",0.8,64,8,8,64,0.5,NA,"Balanced extreme-distribution design","Centered Gamma(1/2)",5,2.82842712474619,12,"inside formal moment assumptions","extreme","phi = 0.8",0.5,4,22624553,"centered_gamma05_phi080_N64","centered_gamma05","Centered Gamma(1/2)","inside formal moment assumptions","extreme",0.8,"phi = 0.8",64,8,8,4,100000,20000,"VK_asym_full_oracle",0.82421,-0.12579,0.00120369379785725,NA,NA,0.17579,2.01329728754829,0.82115,0.00270982174229229,20000,1.08631879693235,0.00270471596488404,0.382504599990604,1.03744587052356,0.813460084638676,1.30477859067423,1.59285943278672,1.78992821669615,1.08631879693235,0.766084678459462,1.22936698859472,0,0,0,0.03862
"centered_gamma05_phi080_N64_M8_Q8","centered_gamma05_phi080_N64","centered_gamma05","extreme_distribution_dependence","centered_gamma05_phi_0.8","centered_gamma05, phi = 0.8",0.8,64,8,8,64,0.5,NA,"Balanced extreme-distribution design","Centered Gamma(1/2)",5,2.82842712474619,12,"inside formal moment assumptions","extreme","phi = 0.8",0.5,4,22624553,"centered_gamma05_phi080_N64","centered_gamma05","Centered Gamma(1/2)","inside formal moment assumptions","extreme",0.8,"phi = 0.8",64,8,8,4,100000,20000,"VK_leading_oracle",0.86777,-0.0822299999999999,0.00107119198606039,NA,NA,0.13223,1.47683876265298,0.86565,0.00241143191382216,20000,1.24355431851745,0.00310580968071822,0.439227817262136,1.18638045932759,0.930399232243022,1.49333303020872,1.82477395974525,2.05309112698382,1.24355431851745,0.876969001124304,1.40730753442442,0,0,0,0.03862
"centered_gamma05_phi080_N64_M8_Q8","centered_gamma05_phi080_N64","centered_gamma05","extreme_distribution_dependence","centered_gamma05_phi_0.8","centered_gamma05, phi = 0.8",0.8,64,8,8,64,0.5,NA,"Balanced extreme-distribution design","Centered Gamma(1/2)",5,2.82842712474619,12,"inside formal moment assumptions","extreme","phi = 0.8",0.5,4,22624553,"centered_gamma05_phi080_N64","centered_gamma05","Centered Gamma(1/2)","inside formal moment assumptions","extreme",0.8,"phi = 0.8",64,8,8,4,100000,20000,"VK_asym_full_feasible",0.76932,-0.18068,0.00133216642203593,NA,NA,0.23068,2.77399533874613,0.7658,0.00299458143986768,20000,0.939268959600476,0.00239024118196686,0.338031149688023,0.896269525737796,0.698310066126407,1.13367114200663,1.38645587311319,1.56116740077766,0.939268959600476,0.662383419061185,1.06295339416505,0,0,0,0.03862
"centered_gamma05_phi080_N64_M8_Q8","centered_gamma05_phi080_N64","centered_gamma05","extreme_distribution_dependence","centered_gamma05_phi_0.8","centered_gamma05, phi = 0.8",0.8,64,8,8,64,0.5,NA,"Balanced extreme-distribution design","Centered Gamma(1/2)",5,2.82842712474619,12,"inside formal moment assumptions","extreme","phi = 0.8",0.5,4,22624553,"centered_gamma05_phi080_N64","centered_gamma05","Centered Gamma(1/2)","inside formal moment assumptions","extreme",0.8,"phi = 0.8",64,8,8,4,100000,20000,"F_feasible_leading",0.82239,-0.12761,0.00120857224815068,NA,NA,0.17761,2.03484297575735,0.81885,0.00272336811228302,20000,1.08561950519503,0.00276111224192523,0.390480237976504,1.03515064087469,0.807385196496417,1.30924912697271,1.60377349963631,1.80781237835708,1.08561950519503,0.765591529774889,1.22857561300619,0,0,0,0.03862
"centered_gamma05_phi080_N100_M10_Q10","centered_gamma05_phi080_N100","centered_gamma05","extreme_distribution_dependence","centered_gamma05_phi_0.8","centered_gamma05, phi = 0.8",0.8,100,10,10,100,0.5,NA,"Balanced extreme-distribution design","Centered Gamma(1/2)",5,2.82842712474619,12,"inside formal moment assumptions","extreme","phi = 0.8",0.5,5,58624661,"centered_gamma05_phi080_N100","centered_gamma05","Centered Gamma(1/2)","inside formal moment assumptions","extreme",0.8,"phi = 0.8",100,10,10,5,100000,20000,"raw",0.79982,-0.15018,0.00126533777150609,NA,NA,0.20018,2.69182815189836,0.79535,0.00285279141806757,20000,0.801196953991668,0.0016931415708937,0.239446377257556,0.774594442355393,0.631434435341403,0.940940065048645,1.1177406480827,1.23669624510588,0.801196953991668,0.696966617410755,1,0,0,0,0.01153
"centered_gamma05_phi080_N100_M10_Q10","centered_gamma05_phi080_N100","centered_gamma05","extreme_distribution_dependence","centered_gamma05_phi_0.8","centered_gamma05, phi = 0.8",0.8,100,10,10,100,0.5,NA,"Balanced extreme-distribution design","Centered Gamma(1/2)",5,2.82842712474619,12,"inside formal moment assumptions","extreme","phi = 0.8",0.5,5,58624661,"centered_gamma05_phi080_N100","centered_gamma05","Centered Gamma(1/2)","inside formal moment assumptions","extreme",0.8,"phi = 0.8",100,10,10,5,100000,20000,"K_asym_full",0.79225,-0.15775,0.00128292609880694,NA,NA,0.20775,2.79651035780552,0.78815,0.00288937343986547,20000,0.786298152188241,0.00166115848969834,0.23492328653826,0.760465615503664,0.619673833650117,0.923452063474298,1.09694947812894,1.2138909702186,0.786298152188241,0.684006049544547,0.981404320461779,0,0,0,0.01153
"centered_gamma05_phi080_N100_M10_Q10","centered_gamma05_phi080_N100","centered_gamma05","extreme_distribution_dependence","centered_gamma05_phi_0.8","centered_gamma05, phi = 0.8",0.8,100,10,10,100,0.5,NA,"Balanced extreme-distribution design","Centered Gamma(1/2)",5,2.82842712474619,12,"inside formal moment assumptions","extreme","phi = 0.8",0.5,5,58624661,"centered_gamma05_phi080_N100","centered_gamma05","Centered Gamma(1/2)","inside formal moment assumptions","extreme",0.8,"phi = 0.8",100,10,10,5,100000,20000,"K_leading",0.82908,-0.12092,0.00119040477821622,NA,NA,0.17092,2.2880539291136,0.82515,0.00268586557277165,20000,0.867558284182249,0.00183603436234635,0.259654469621325,0.838438332431246,0.683492484343015,1.01843433710902,1.21118610980505,1.34047880153719,0.867558284182249,0.754694784747607,1.08282773650094,0,0,0,0.01153
"centered_gamma05_phi080_N100_M10_Q10","centered_gamma05_phi080_N100","centered_gamma05","extreme_distribution_dependence","centered_gamma05_phi_0.8","centered_gamma05, phi = 0.8",0.8,100,10,10,100,0.5,NA,"Balanced extreme-distribution design","Centered Gamma(1/2)",5,2.82842712474619,12,"inside formal moment assumptions","extreme","phi = 0.8",0.5,5,58624661,"centered_gamma05_phi080_N100","centered_gamma05","Centered Gamma(1/2)","inside formal moment assumptions","extreme",0.8,"phi = 0.8",100,10,10,5,100000,20000,"V_oracle",0.87654,-0.07346,0.00104027702272039,NA,NA,0.12346,1.69945024967894,0.8736,0.00234971317398528,20000,1.0013620943286,0.00212648164876127,0.300729918781568,0.967572820332264,0.788372539481565,1.17558083013807,1.39940135244272,1.55044853617525,1.0013620943286,0.871091618871541,1.24983262771991,0,0,0,0.01153
"centered_gamma05_phi080_N100_M10_Q10","centered_gamma05_phi080_N100","centered_gamma05","extreme_distribution_dependence","centered_gamma05_phi_0.8","centered_gamma05, phi = 0.8",0.8,100,10,10,100,0.5,NA,"Balanced extreme-distribution design","Centered Gamma(1/2)",5,2.82842712474619,12,"inside formal moment assumptions","extreme","phi = 0.8",0.5,5,58624661,"centered_gamma05_phi080_N100","centered_gamma05","Centered Gamma(1/2)","inside formal moment assumptions","extreme",0.8,"phi = 0.8",100,10,10,5,100000,20000,"V_feasible",0.83856,-0.11144,0.00116351676567207,NA,NA,0.16144,2.15862339218953,0.835,0.00262464283284412,20000,0.895535546094323,0.00195239946179883,0.276110979804583,0.864627417314723,0.700587130140766,1.05593267756622,1.25986454712113,1.39669803428403,0.895535546094323,0.779032393000017,1.11774706784973,0,0,0,0.01153
"centered_gamma05_phi080_N100_M10_Q10","centered_gamma05_phi080_N100","centered_gamma05","extreme_distribution_dependence","centered_gamma05_phi_0.8","centered_gamma05, phi = 0.8",0.8,100,10,10,100,0.5,NA,"Balanced extreme-distribution design","Centered Gamma(1/2)",5,2.82842712474619,12,"inside formal moment assumptions","extreme","phi = 0.8",0.5,5,58624661,"centered_gamma05_phi080_N100","centered_gamma05","Centered Gamma(1/2)","inside formal moment assumptions","extreme",0.8,"phi = 0.8",100,10,10,5,100000,20000,"VK_asym_full_oracle",0.87094,-0.0790599999999999,0.00106020524616699,NA,NA,0.12906,1.7655399816109,0.8683,0.00239118286628187,20000,0.983300744556441,0.00208708441789803,0.295158308960895,0.950010422236148,0.77427095741833,1.15453133284744,1.37349480087747,1.52267827337194,0.983300744556441,0.855379929262819,1.22728966911008,0,0,0,0.01153
"centered_gamma05_phi080_N100_M10_Q10","centered_gamma05_phi080_N100","centered_gamma05","extreme_distribution_dependence","centered_gamma05_phi_0.8","centered_gamma05, phi = 0.8",0.8,100,10,10,100,0.5,NA,"Balanced extreme-distribution design","Centered Gamma(1/2)",5,2.82842712474619,12,"inside formal moment assumptions","extreme","phi = 0.8",0.5,5,58624661,"centered_gamma05_phi080_N100","centered_gamma05","Centered Gamma(1/2)","inside formal moment assumptions","extreme",0.8,"phi = 0.8",100,10,10,5,100000,20000,"VK_leading_oracle",0.89911,-0.05089,0.000952424316678234,NA,NA,0.10089,1.4445327122271,0.89665,0.00215254242118477,20000,1.08118614902995,0.00230134826851237,0.325459793307403,1.04383930746859,0.851417120181607,1.26933873214704,1.51230473575515,1.67430525410642,1.08118614902995,0.940531100781741,1.34946362894084,0,0,0,0.01153
"centered_gamma05_phi080_N100_M10_Q10","centered_gamma05_phi080_N100","centered_gamma05","extreme_distribution_dependence","centered_gamma05_phi_0.8","centered_gamma05, phi = 0.8",0.8,100,10,10,100,0.5,NA,"Balanced extreme-distribution design","Centered Gamma(1/2)",5,2.82842712474619,12,"inside formal moment assumptions","extreme","phi = 0.8",0.5,5,58624661,"centered_gamma05_phi080_N100","centered_gamma05","Centered Gamma(1/2)","inside formal moment assumptions","extreme",0.8,"phi = 0.8",100,10,10,5,100000,20000,"VK_asym_full_feasible",0.83178,-0.11822,0.00118288643410938,NA,NA,0.16822,2.24256985744135,0.82835,0.00266632966360126,20000,0.878784453370652,0.00191573842547049,0.270926326325964,0.848454502478847,0.687315576029216,1.0362866359806,1.23607239565988,1.37011277626708,0.878784453370652,0.764460504807751,1.0968394837155,0,0,0,0.01153
"centered_gamma05_phi080_N100_M10_Q10","centered_gamma05_phi080_N100","centered_gamma05","extreme_distribution_dependence","centered_gamma05_phi_0.8","centered_gamma05, phi = 0.8",0.8,100,10,10,100,0.5,NA,"Balanced extreme-distribution design","Centered Gamma(1/2)",5,2.82842712474619,12,"inside formal moment assumptions","extreme","phi = 0.8",0.5,5,58624661,"centered_gamma05_phi080_N100","centered_gamma05","Centered Gamma(1/2)","inside formal moment assumptions","extreme",0.8,"phi = 0.8",100,10,10,5,100000,20000,"F_feasible_leading",0.86486,-0.08514,0.00108109749976586,NA,NA,0.13514,1.8348298833611,0.8621,0.00243806880542777,20000,0.970006408650598,0.00211563771181859,0.299196354512183,0.936037369567712,0.758879373553533,1.14296275741548,1.36577281900723,1.51453521445511,0.970006408650598,0.843815097069119,1.21069657568953,0,0,0,0.01153
"centered_gamma05_phi080_N225_M15_Q15","centered_gamma05_phi080_N225","centered_gamma05","extreme_distribution_dependence","centered_gamma05_phi_0.8","centered_gamma05, phi = 0.8",0.8,225,15,15,225,0.5,NA,"Balanced extreme-distribution design","Centered Gamma(1/2)",5,2.82842712474619,12,"inside formal moment assumptions","extreme","phi = 0.8",0.5,7,183625036,"centered_gamma05_phi080_N225","centered_gamma05","Centered Gamma(1/2)","inside formal moment assumptions","extreme",0.8,"phi = 0.8",225,15,15,7,100000,20000,"raw",0.86254,-0.08746,0.00108887441149106,NA,NA,0.13746,1.88577696725411,0.8622,0.0024373259937891,20000,0.627825172807089,0.00100479915278409,0.142100058932825,0.615383690039703,0.52744477700145,0.715212779120888,0.813574032577332,0.880910727582988,0.627825172807089,0.808840521895107,1,0,0,0,0.00043
"centered_gamma05_phi080_N225_M15_Q15","centered_gamma05_phi080_N225","centered_gamma05","extreme_distribution_dependence","centered_gamma05_phi_0.8","centered_gamma05, phi = 0.8",0.8,225,15,15,225,0.5,NA,"Balanced extreme-distribution design","Centered Gamma(1/2)",5,2.82842712474619,12,"inside formal moment assumptions","extreme","phi = 0.8",0.5,7,183625036,"centered_gamma05_phi080_N225","centered_gamma05","Centered Gamma(1/2)","inside formal moment assumptions","extreme",0.8,"phi = 0.8",225,15,15,7,100000,20000,"K_asym_full",0.86539,-0.08461,0.00107930601730927,NA,NA,0.13461,1.85551141098954,0.8653,0.00241408274506074,20000,0.633035060523319,0.00101341311990753,0.143318257846006,0.620492081424886,0.531768082039984,0.72117172502938,0.820541788202207,0.888096823658515,0.633035060523319,0.815552531037029,1.00829830969175,0,0,0,0.00043
"centered_gamma05_phi080_N225_M15_Q15","centered_gamma05_phi080_N225","centered_gamma05","extreme_distribution_dependence","centered_gamma05_phi_0.8","centered_gamma05, phi = 0.8",0.8,225,15,15,225,0.5,NA,"Balanced extreme-distribution design","Centered Gamma(1/2)",5,2.82842712474619,12,"inside formal moment assumptions","extreme","phi = 0.8",0.5,7,183625036,"centered_gamma05_phi080_N225","centered_gamma05","Centered Gamma(1/2)","inside formal moment assumptions","extreme",0.8,"phi = 0.8",225,15,15,7,100000,20000,"K_leading",0.88099,-0.0690099999999999,0.00102394638482686,NA,NA,0.11901,1.6971992705287,0.88035,0.00229492785834326,20000,0.662536788338288,0.00106232343310821,0.150235220672837,0.649405058769447,0.556415092672909,0.754796270356875,0.859350210031277,0.929725914572958,0.662536788338288,0.853560234385362,1.05528866479819,0,0,0,0.00043
"centered_gamma05_phi080_N225_M15_Q15","centered_gamma05_phi080_N225","centered_gamma05","extreme_distribution_dependence","centered_gamma05_phi_0.8","centered_gamma05, phi = 0.8",0.8,225,15,15,225,0.5,NA,"Balanced extreme-distribution design","Centered Gamma(1/2)",5,2.82842712474619,12,"inside formal moment assumptions","extreme","phi = 0.8",0.5,7,183625036,"centered_gamma05_phi080_N225","centered_gamma05","Centered Gamma(1/2)","inside formal moment assumptions","extreme",0.8,"phi = 0.8",225,15,15,7,100000,20000,"V_oracle",0.91309,-0.03691,0.000890823506088608,NA,NA,0.08691,1.37382473825318,0.914,0.00198247320284537,20000,0.738016425330845,0.00118852035050198,0.168082159883633,0.723276047507362,0.618995496756781,0.840375433097521,0.957724271090273,1.03627830422447,0.738016425330845,0.950802255925444,1.17551263838479,0,0,0,0.00043
"centered_gamma05_phi080_N225_M15_Q15","centered_gamma05_phi080_N225","centered_gamma05","extreme_distribution_dependence","centered_gamma05_phi_0.8","centered_gamma05, phi = 0.8",0.8,225,15,15,225,0.5,NA,"Balanced extreme-distribution design","Centered Gamma(1/2)",5,2.82842712474619,12,"inside formal moment assumptions","extreme","phi = 0.8",0.5,7,183625036,"centered_gamma05_phi080_N225","centered_gamma05","Centered Gamma(1/2)","inside formal moment assumptions","extreme",0.8,"phi = 0.8",225,15,15,7,100000,20000,"V_feasible",0.8935,-0.0565,0.000975488339243479,NA,NA,0.1065,1.56507789034408,0.89375,0.00217900134809504,20000,0.693956789862301,0.00115762395911569,0.163712750310944,0.679622296737175,0.578180504924647,0.794598859747844,0.907787035531615,0.984983522242686,0.693956789862301,0.8940392905484,1.10533444646625,0,0,0,0.00043
"centered_gamma05_phi080_N225_M15_Q15","centered_gamma05_phi080_N225","centered_gamma05","extreme_distribution_dependence","centered_gamma05_phi_0.8","centered_gamma05, phi = 0.8",0.8,225,15,15,225,0.5,NA,"Balanced extreme-distribution design","Centered Gamma(1/2)",5,2.82842712474619,12,"inside formal moment assumptions","extreme","phi = 0.8",0.5,7,183625036,"centered_gamma05_phi080_N225","centered_gamma05","Centered Gamma(1/2)","inside formal moment assumptions","extreme",0.8,"phi = 0.8",225,15,15,7,100000,20000,"VK_asym_full_oracle",0.91563,-0.0343699999999999,0.000878929480106339,NA,NA,0.0843699999999999,1.35177569924417,0.91665,0.00195451755556199,20000,0.744129454501033,0.00119880959789933,0.169537279205227,0.729217120850722,0.624188027783331,0.847295719024455,0.965832942944446,1.04495185648929,0.744129454501033,0.958677801409336,1.18524947187755,0,0,0,0.00043
"centered_gamma05_phi080_N225_M15_Q15","centered_gamma05_phi080_N225","centered_gamma05","extreme_distribution_dependence","centered_gamma05_phi_0.8","centered_gamma05, phi = 0.8",0.8,225,15,15,225,0.5,NA,"Balanced extreme-distribution design","Centered Gamma(1/2)",5,2.82842712474619,12,"inside formal moment assumptions","extreme","phi = 0.8",0.5,7,183625036,"centered_gamma05_phi080_N225","centered_gamma05","Centered Gamma(1/2)","inside formal moment assumptions","extreme",0.8,"phi = 0.8",225,15,15,7,100000,20000,"VK_leading_oracle",0.9272,-0.0227999999999999,0.000821584809986163,NA,NA,0.0728,1.23644226442786,0.9272,0.00183711948441031,20000,0.778714158865087,0.00125721954369906,0.177797692957973,0.762787213022255,0.653060544539078,0.887021723131537,1.0118647136886,1.09379454047752,0.778714158865087,1.00323401154398,1.24033599255562,0,0,0,0.00043
"centered_gamma05_phi080_N225_M15_Q15","centered_gamma05_phi080_N225","centered_gamma05","extreme_distribution_dependence","centered_gamma05_phi_0.8","centered_gamma05, phi = 0.8",0.8,225,15,15,225,0.5,NA,"Balanced extreme-distribution design","Centered Gamma(1/2)",5,2.82842712474619,12,"inside formal moment assumptions","extreme","phi = 0.8",0.5,7,183625036,"centered_gamma05_phi080_N225","centered_gamma05","Centered Gamma(1/2)","inside formal moment assumptions","extreme",0.8,"phi = 0.8",225,15,15,7,100000,20000,"VK_asym_full_feasible",0.89595,-0.0540499999999999,0.000965523679150335,NA,NA,0.10405,1.53995935630152,0.8961,0.00215760040322577,20000,0.699807907230569,0.00116766577988981,0.165132878223912,0.685217429669515,0.58306681654263,0.801295600565932,0.915688098078535,0.993073772986086,0.699807907230569,0.90157740948788,1.1146541068139,0,0,0,0.00043
"centered_gamma05_phi080_N225_M15_Q15","centered_gamma05_phi080_N225","centered_gamma05","extreme_distribution_dependence","centered_gamma05_phi_0.8","centered_gamma05, phi = 0.8",0.8,225,15,15,225,0.5,NA,"Balanced extreme-distribution design","Centered Gamma(1/2)",5,2.82842712474619,12,"inside formal moment assumptions","extreme","phi = 0.8",0.5,7,183625036,"centered_gamma05_phi080_N225","centered_gamma05","Centered Gamma(1/2)","inside formal moment assumptions","extreme",0.8,"phi = 0.8",225,15,15,7,100000,20000,"F_feasible_leading",0.90939,-0.0406099999999999,0.000907743509478311,NA,NA,0.09061,1.40857010130967,0.91095,0.00201395255033479,20000,0.732956610367557,0.00122468523255235,0.173196646551359,0.717510969601257,0.610624506859959,0.839116362789166,0.959727431917531,1.04023860639973,0.732956610367557,0.944283588702688,1.1674533645894,0,0,0,0.00043
"centered_gamma05_phi080_N1024_M32_Q32","centered_gamma05_phi080_N1024","centered_gamma05","extreme_distribution_dependence","centered_gamma05_phi_0.8","centered_gamma05, phi = 0.8",0.8,1024,32,32,1024,0.5,NA,"Balanced extreme-distribution design","Centered Gamma(1/2)",5,2.82842712474619,12,"inside formal moment assumptions","extreme","phi = 0.8",0.5,13,982627433,"centered_gamma05_phi080_N1024","centered_gamma05","Centered Gamma(1/2)","inside formal moment assumptions","extreme",0.8,"phi = 0.8",1024,32,32,13,100000,20000,"raw",0.92005,-0.0299499999999999,0.000857659591562993,NA,NA,0.07995,1.25962502371769,0.9189,0.00193032108728056,20000,0.337991534006886,0.000338707939164452,0.0479005361249809,0.335992573987481,0.305235492507433,0.368762537848946,0.400048045009937,0.419833783223975,0.337991534006886,0.921724199227448,1,0,0,0,0
"centered_gamma05_phi080_N1024_M32_Q32","centered_gamma05_phi080_N1024","centered_gamma05","extreme_distribution_dependence","centered_gamma05_phi_0.8","centered_gamma05, phi = 0.8",0.8,1024,32,32,1024,0.5,NA,"Balanced extreme-distribution design","Centered Gamma(1/2)",5,2.82842712474619,12,"inside formal moment assumptions","extreme","phi = 0.8",0.5,13,982627433,"centered_gamma05_phi080_N1024","centered_gamma05","Centered Gamma(1/2)","inside formal moment assumptions","extreme",0.8,"phi = 0.8",1024,32,32,13,100000,20000,"K_asym_full",0.92465,-0.02535,0.000834699811309431,NA,NA,0.07535,1.22381537135071,0.9236,0.00187833756284647,20000,0.343087815664383,0.00034403798101914,0.0486543178728725,0.341012603267347,0.309856129510147,0.374325035481744,0.406110513799551,0.426175018038949,0.343087815664383,0.935622080260462,1.01507813404993,0,0,0,0
"centered_gamma05_phi080_N1024_M32_Q32","centered_gamma05_phi080_N1024","centered_gamma05","extreme_distribution_dependence","centered_gamma05_phi_0.8","centered_gamma05, phi = 0.8",0.8,1024,32,32,1024,0.5,NA,"Balanced extreme-distribution design","Centered Gamma(1/2)",5,2.82842712474619,12,"inside formal moment assumptions","extreme","phi = 0.8",0.5,13,982627433,"centered_gamma05_phi080_N1024","centered_gamma05","Centered Gamma(1/2)","inside formal moment assumptions","extreme",0.8,"phi = 0.8",1024,32,32,13,100000,20000,"K_leading",0.92702,-0.02298,0.00082252002771969,NA,NA,0.07298,1.20058010073092,0.9257,0.00185444749184225,20000,0.34651993618573,0.000347633571705395,0.049162811184197,0.344413616800758,0.312928467074091,0.378086878712027,0.410309646582207,0.43046021367341,0.34651993618573,0.944981689069855,1.02523259111771,0,0,0,0
"centered_gamma05_phi080_N1024_M32_Q32","centered_gamma05_phi080_N1024","centered_gamma05","extreme_distribution_dependence","centered_gamma05_phi_0.8","centered_gamma05, phi = 0.8",0.8,1024,32,32,1024,0.5,NA,"Balanced extreme-distribution design","Centered Gamma(1/2)",5,2.82842712474619,12,"inside formal moment assumptions","extreme","phi = 0.8",0.5,13,982627433,"centered_gamma05_phi080_N1024","centered_gamma05","Centered Gamma(1/2)","inside formal moment assumptions","extreme",0.8,"phi = 0.8",1024,32,32,13,100000,20000,"V_oracle",0.94023,-0.00976999999999995,0.00074965023244177,NA,NA,0.05977,1.08954463816014,0.9383,0.00170136871371258,20000,0.364463538119414,0.000366513024923628,0.0518327690633382,0.362176029137425,0.328950223895242,0.39754756052748,0.431867918640535,0.453164139948959,0.364463538119414,0.99391502159304,1.0783215005379,0,0,0,0
"centered_gamma05_phi080_N1024_M32_Q32","centered_gamma05_phi080_N1024","centered_gamma05","extreme_distribution_dependence","centered_gamma05_phi_0.8","centered_gamma05, phi = 0.8",0.8,1024,32,32,1024,0.5,NA,"Balanced extreme-distribution design","Centered Gamma(1/2)",5,2.82842712474619,12,"inside formal moment assumptions","extreme","phi = 0.8",0.5,13,982627433,"centered_gamma05_phi080_N1024","centered_gamma05","Centered Gamma(1/2)","inside formal moment assumptions","extreme",0.8,"phi = 0.8",1024,32,32,13,100000,20000,"V_feasible",0.93682,-0.01318,0.000769339246366647,NA,NA,0.06318,1.11859128314411,0.9345,0.00174942490550466,20000,0.361016707006802,0.000383263396747701,0.0542016293641779,0.358539768715733,0.323761893420963,0.395868838451223,0.431541655641166,0.453419641640883,0.361016707006802,0.984515296074829,1.06812351992061,0,0,0,0
"centered_gamma05_phi080_N1024_M32_Q32","centered_gamma05_phi080_N1024","centered_gamma05","extreme_distribution_dependence","centered_gamma05_phi_0.8","centered_gamma05, phi = 0.8",0.8,1024,32,32,1024,0.5,NA,"Balanced extreme-distribution design","Centered Gamma(1/2)",5,2.82842712474619,12,"inside formal moment assumptions","extreme","phi = 0.8",0.5,13,982627433,"centered_gamma05_phi080_N1024","centered_gamma05","Centered Gamma(1/2)","inside formal moment assumptions","extreme",0.8,"phi = 0.8",1024,32,32,13,100000,20000,"VK_asym_full_oracle",0.94384,-0.00615999999999994,0.000728052569530525,NA,NA,0.05616,1.05857017036522,0.941,0.00166611824310281,20000,0.369984413579081,0.000372349939480218,0.0526582334361726,0.367654059743484,0.333905101677409,0.403568870694626,0.438429682223541,0.460114453146499,0.369984413579081,1.00897079666459,1.09465586073391,0,0,0,0
"centered_gamma05_phi080_N1024_M32_Q32","centered_gamma05_phi080_N1024","centered_gamma05","extreme_distribution_dependence","centered_gamma05_phi_0.8","centered_gamma05, phi = 0.8",0.8,1024,32,32,1024,0.5,NA,"Balanced extreme-distribution design","Centered Gamma(1/2)",5,2.82842712474619,12,"inside formal moment assumptions","extreme","phi = 0.8",0.5,13,982627433,"centered_gamma05_phi080_N1024","centered_gamma05","Centered Gamma(1/2)","inside formal moment assumptions","extreme",0.8,"phi = 0.8",1024,32,32,13,100000,20000,"VK_leading_oracle",0.94597,-0.00402999999999998,0.000714917891089599,NA,NA,0.05403,1.03847223324638,0.94315,0.00163734659586784,20000,0.373702899923846,0.000376288912356749,0.0532152883225536,0.371347379170075,0.337200965679389,0.407594546511464,0.442868149528559,0.464928392892308,0.373702899923846,1.01911134310916,1.10565757518717,0,0,0,0
"centered_gamma05_phi080_N1024_M32_Q32","centered_gamma05_phi080_N1024","centered_gamma05","extreme_distribution_dependence","centered_gamma05_phi_0.8","centered_gamma05, phi = 0.8",0.8,1024,32,32,1024,0.5,NA,"Balanced extreme-distribution design","Centered Gamma(1/2)",5,2.82842712474619,12,"inside formal moment assumptions","extreme","phi = 0.8",0.5,13,982627433,"centered_gamma05_phi080_N1024","centered_gamma05","Centered Gamma(1/2)","inside formal moment assumptions","extreme",0.8,"phi = 0.8",1024,32,32,13,100000,20000,"VK_asym_full_feasible",0.94037,-0.00962999999999992,0.000748827504169017,NA,NA,0.05963,1.08679105352348,0.93825,0.0017020125954293,20000,0.366539957087823,0.000389406572500649,0.0550704056107639,0.363976798274294,0.328675761629701,0.401892419460112,0.438171968282812,0.460414964508164,0.366539957087823,0.999577546888359,1.08446490579955,0,0,0,0
"centered_gamma05_phi080_N1024_M32_Q32","centered_gamma05_phi080_N1024","centered_gamma05","extreme_distribution_dependence","centered_gamma05_phi_0.8","centered_gamma05, phi = 0.8",0.8,1024,32,32,1024,0.5,NA,"Balanced extreme-distribution design","Centered Gamma(1/2)",5,2.82842712474619,12,"inside formal moment assumptions","extreme","phi = 0.8",0.5,13,982627433,"centered_gamma05_phi080_N1024","centered_gamma05","Centered Gamma(1/2)","inside formal moment assumptions","extreme",0.8,"phi = 0.8",1024,32,32,13,100000,20000,"F_feasible_leading",0.94301,-0.00698999999999994,0.000733090307533799,NA,NA,0.05699,1.06615731674673,0.94055,0.00167206006919608,20000,0.370261376013928,0.000393553152667682,0.0556568206017325,0.367659758944579,0.332016735509788,0.405960826582009,0.442677611677777,0.465143590864658,0.370261376013928,1.00972609066693,1.09547529674629,0,0,0,0
"student_t5_phi080_N4096_M64_Q64","student_t5_phi080_N4096","student_t5","extreme_distribution_dependence","student_t5_phi_0.8","student_t5, phi = 0.8",0.8,4096,64,64,4096,0.5,NA,"Balanced extreme-distribution design","Standardized t(5)",6,0,6,"outside formal 8+delta moment assumption","extreme","phi = 0.8",0.5,17,1907153104,"student_t5_phi080_N4096","student_t5","Standardized t(5)","outside formal 8+delta moment assumption","extreme",0.8,"phi = 0.8",4096,64,64,17,100000,20000,"V_feasible",0.94485,-0.00514999999999999,0.000721862019363812,NA,NA,0.05515,1.03941052015416,0.94515,0.00160999188662552,20000,0.183556947178454,0.000122238937093181,0.0172871962687248,0.183121543820712,0.171729515295822,0.194861331845289,0.206050273227473,0.212512633945675,0.183556947178454,0.999510144804688,1.03476961675967,0,0,0,0
"student_t5_phi080_N4096_M64_Q64","student_t5_phi080_N4096","student_t5","extreme_distribution_dependence","student_t5_phi_0.8","student_t5, phi = 0.8",0.8,4096,64,64,4096,0.5,NA,"Balanced extreme-distribution design","Standardized t(5)",6,0,6,"outside formal 8+delta moment assumption","extreme","phi = 0.8",0.5,17,1907153104,"student_t5_phi080_N4096","student_t5","Standardized t(5)","outside formal 8+delta moment assumption","extreme",0.8,"phi = 0.8",4096,64,64,17,100000,20000,"VK_asym_full_oracle",0.94783,-0.00217000000000001,0.000703194788803217,NA,NA,0.05217,1.01313503012109,0.94775,0.00157353006803175,20000,0.18577867283721,0.000119513541862919,0.0169017671789785,0.185402979972943,0.174180656479612,0.196869080665002,0.207725660706121,0.214172599762987,0.18577867283721,1.0116079562416,1.04729419969589,0,0,0,0
"student_t5_phi080_N4096_M64_Q64","student_t5_phi080_N4096","student_t5","extreme_distribution_dependence","student_t5_phi_0.8","student_t5, phi = 0.8",0.8,4096,64,64,4096,0.5,NA,"Balanced extreme-distribution design","Standardized t(5)",6,0,6,"outside formal 8+delta moment assumption","extreme","phi = 0.8",0.5,17,1907153104,"student_t5_phi080_N4096","student_t5","Standardized t(5)","outside formal 8+delta moment assumption","extreme",0.8,"phi = 0.8",4096,64,64,17,100000,20000,"VK_leading_oracle",0.94832,-0.0016799999999999,0.000700065551216455,NA,NA,0.0516799999999999,1.0082896382484,0.9482,0.00156711135532865,20000,0.186238124029613,0.000119818028551962,0.0169448280994992,0.185860759084715,0.174606293384997,0.197358547821858,0.208242469166855,0.21470120083556,0.186238124029613,1.01410977453237,1.0498842740112,0,0,0,0
"student_t5_phi080_N4096_M64_Q64","student_t5_phi080_N4096","student_t5","extreme_distribution_dependence","student_t5_phi_0.8","student_t5, phi = 0.8",0.8,4096,64,64,4096,0.5,NA,"Balanced extreme-distribution design","Standardized t(5)",6,0,6,"outside formal 8+delta moment assumption","extreme","phi = 0.8",0.5,17,1907153104,"student_t5_phi080_N4096","student_t5","Standardized t(5)","outside formal 8+delta moment assumption","extreme",0.8,"phi = 0.8",4096,64,64,17,100000,20000,"VK_asym_full_feasible",0.94722,-0.00278,0.000707066274121458,NA,NA,0.05278,1.01992721206425,0.9475,0.00157708195728694,20000,0.18535912869387,0.000123475465306408,0.0174620677656651,0.184917402208674,0.173415475642824,0.196773681395147,0.208074642714493,0.214620644471384,0.18535912869387,1.00932344108754,1.04492909426626,0,0,0,0
"student_t5_phi080_N4096_M64_Q64","student_t5_phi080_N4096","student_t5","extreme_distribution_dependence","student_t5_phi_0.8","student_t5, phi = 0.8",0.8,4096,64,64,4096,0.5,NA,"Balanced extreme-distribution design","Standardized t(5)",6,0,6,"outside formal 8+delta moment assumption","extreme","phi = 0.8",0.5,17,1907153104,"student_t5_phi080_N4096","student_t5","Standardized t(5)","outside formal 8+delta moment assumption","extreme",0.8,"phi = 0.8",4096,64,64,17,100000,20000,"F_feasible_leading",0.94776,-0.00223999999999991,0.000703640408163147,NA,NA,0.05224,1.01504933608804,0.94775,0.00157353006803175,20000,0.18581869312944,0.000123791009013593,0.0175066923846873,0.185387703343969,0.173839734065903,0.197258886481647,0.208592292443214,0.215171232287832,0.18581869312944,1.01182587601362,1.04751980696976,0,0,0,0
"student_t5_phi080_N4096_M64_Q64","student_t5_phi080_N4096","student_t5","extreme_distribution_dependence","student_t5_phi_0.8","student_t5, phi = 0.8",0.8,4096,64,64,4096,0.5,NA,"Balanced extreme-distribution design","Standardized t(5)",6,0,6,"outside formal 8+delta moment assumption","extreme","phi = 0.8",0.5,17,1907153104,"student_t5_phi080_N4096","student_t5","Standardized t(5)","outside formal 8+delta moment assumption","extreme",0.8,"phi = 0.8",4096,64,64,17,100000,20000,"raw",0.93686,-0.0131399999999999,0.000769112088059991,NA,NA,0.06314,1.10833599700223,0.93745,0.00171227184611556,20000,0.177389192923207,0.000113968740095764,0.0161176137930004,0.177029517028029,0.166324788583628,0.187931712399182,0.19834894479924,0.204396751606013,0.177389192923207,0.965925292563773,1,0,0,0,0
"student_t5_phi080_N4096_M64_Q64","student_t5_phi080_N4096","student_t5","extreme_distribution_dependence","student_t5_phi_0.8","student_t5, phi = 0.8",0.8,4096,64,64,4096,0.5,NA,"Balanced extreme-distribution design","Standardized t(5)",6,0,6,"outside formal 8+delta moment assumption","extreme","phi = 0.8",0.5,17,1907153104,"student_t5_phi080_N4096","student_t5","Standardized t(5)","outside formal 8+delta moment assumption","extreme",0.8,"phi = 0.8",4096,64,64,17,100000,20000,"K_asym_full",0.93917,-0.01083,0.000755841988116564,NA,NA,0.0608300000000001,1.08756071016606,0.93965,0.00168386278389897,20000,0.179122963713703,0.000115112349648088,0.016279344606896,0.178751767423893,0.16796133996971,0.189774134628516,0.200290346189733,0.20640964532344,0.179122963713703,0.975366076584777,1.0097738242219,0,0,0,0
"student_t5_phi080_N4096_M64_Q64","student_t5_phi080_N4096","student_t5","extreme_distribution_dependence","student_t5_phi_0.8","student_t5, phi = 0.8",0.8,4096,64,64,4096,0.5,NA,"Balanced extreme-distribution design","Standardized t(5)",6,0,6,"outside formal 8+delta moment assumption","extreme","phi = 0.8",0.5,17,1907153104,"student_t5_phi080_N4096","student_t5","Standardized t(5)","outside formal 8+delta moment assumption","extreme",0.8,"phi = 0.8",4096,64,64,17,100000,20000,"K_leading",0.93966,-0.0103399999999999,0.000752987944126597,NA,NA,0.0603399999999999,1.08235937207249,0.94015,0.00167731895446275,20000,0.179565047239348,0.000115404137172635,0.0163206095943505,0.179194287039591,0.168378092099529,0.190249104744254,0.20078854983806,0.206933390195457,0.179565047239348,0.97777332390244,1.01226599140729,0,0,0,0
"student_t5_phi080_N4096_M64_Q64","student_t5_phi080_N4096","student_t5","extreme_distribution_dependence","student_t5_phi_0.8","student_t5, phi = 0.8",0.8,4096,64,64,4096,0.5,NA,"Balanced extreme-distribution design","Standardized t(5)",6,0,6,"outside formal 8+delta moment assumption","extreme","phi = 0.8",0.5,17,1907153104,"student_t5_phi080_N4096","student_t5","Standardized t(5)","outside formal 8+delta moment assumption","extreme",0.8,"phi = 0.8",4096,64,64,17,100000,20000,"V_oracle",0.94565,-0.00434999999999997,0.000716910576710931,NA,NA,0.05435,1.03248858956636,0.9458,0.00160097407849097,20000,0.183976852894065,0.000118320289614505,0.0167330158276745,0.183600407514917,0.172495342878548,0.194939631122296,0.205722433054411,0.212084950351788,0.183976852894065,1.00179662880361,1.03713676048862,0,0,0,0
"student_t5_phi050_N64_M8_Q8","student_t5_phi050_N64","student_t5","extreme_distribution_dependence","student_t5_phi_0.5","student_t5, phi = 0.5",0.5,64,8,8,64,0.5,NA,"Balanced extreme-distribution design","Standardized t(5)",6,0,6,"outside formal 8+delta moment assumption","extreme","phi = 0.5",0.5,4,2140087300,"student_t5_phi050_N64","student_t5","Standardized t(5)","outside formal 8+delta moment assumption","extreme",0.5,"phi = 0.5",64,8,8,4,100000,20000,"raw",0.8474,-0.1026,0.00113715979527945,NA,NA,0.1526,2.06239150541834,0.84915,0.00253075361799603,20000,0.678646078524162,0.00144568723411199,0.204451049343082,0.660121921441598,0.533594181804416,0.803937600057351,0.946290651643815,1.04121148520774,0.678646078524162,0.808102232529434,1,0,0,0,0.01179
"student_t5_phi050_N64_M8_Q8","student_t5_phi050_N64","student_t5","extreme_distribution_dependence","student_t5_phi_0.5","student_t5, phi = 0.5",0.5,64,8,8,64,0.5,NA,"Balanced extreme-distribution design","Standardized t(5)",6,0,6,"outside formal 8+delta moment assumption","extreme","phi = 0.5",0.5,4,2140087300,"student_t5_phi050_N64","student_t5","Standardized t(5)","outside formal 8+delta moment assumption","extreme",0.5,"phi = 0.5",64,8,8,4,100000,20000,"K_asym_full",0.86819,-0.0818099999999999,0.00106974821289872,NA,NA,0.13181,1.793850944817,0.86895,0.00238616740297071,20000,0.725221180984646,0.00154862713402982,0.219008949600394,0.705213116199109,0.570024081614852,0.859161048148902,1.01196324136658,1.114870391645,0.725221180984646,0.863561838750771,1.06862944314328,0,0,0,0.01179
"student_t5_phi050_N64_M8_Q8","student_t5_phi050_N64","student_t5","extreme_distribution_dependence","student_t5_phi_0.5","student_t5, phi = 0.5",0.5,64,8,8,64,0.5,NA,"Balanced extreme-distribution design","Standardized t(5)",6,0,6,"outside formal 8+delta moment assumption","extreme","phi = 0.5",0.5,4,2140087300,"student_t5_phi050_N64","student_t5","Standardized t(5)","outside formal 8+delta moment assumption","extreme",0.5,"phi = 0.5",64,8,8,4,100000,20000,"K_leading",0.87754,-0.07246,0.00103664626753777,NA,NA,0.12246,1.6756930981524,0.8777,0.00231670790131169,20000,0.748878581698994,0.00160117122720044,0.226439806518843,0.728463208475566,0.588309260668366,0.88740983058975,1.04567409137292,1.15106323421475,0.748878581698994,0.891732042540473,1.10348914610627,0,0,0,0.01179
"student_t5_phi050_N64_M8_Q8","student_t5_phi050_N64","student_t5","extreme_distribution_dependence","student_t5_phi_0.5","student_t5, phi = 0.5",0.5,64,8,8,64,0.5,NA,"Balanced extreme-distribution design","Standardized t(5)",6,0,6,"outside formal 8+delta moment assumption","extreme","phi = 0.5",0.5,4,2140087300,"student_t5_phi050_N64","student_t5","Standardized t(5)","outside formal 8+delta moment assumption","extreme",0.5,"phi = 0.5",64,8,8,4,100000,20000,"V_oracle",0.87115,-0.07885,0.001059470044409,NA,NA,0.12885,1.75659808406975,0.87155,0.00236590994651107,20000,0.732444381889143,0.00156465169766006,0.221275165122095,0.712196777092351,0.5757451803178,0.867507719029227,1.02243027746598,1.1259375347901,0.732444381889143,0.87216291221402,1.07927298936432,0,0,0,0.01179
"student_t5_phi050_N64_M8_Q8","student_t5_phi050_N64","student_t5","extreme_distribution_dependence","student_t5_phi_0.5","student_t5, phi = 0.5",0.5,64,8,8,64,0.5,NA,"Balanced extreme-distribution design","Standardized t(5)",6,0,6,"outside formal 8+delta moment assumption","extreme","phi = 0.5",0.5,4,2140087300,"student_t5_phi050_N64","student_t5","Standardized t(5)","outside formal 8+delta moment assumption","extreme",0.5,"phi = 0.5",64,8,8,4,100000,20000,"V_feasible",0.86453,-0.0854699999999999,0.00108221014179317,NA,NA,0.13547,1.83250479020129,0.8647,0.00241861437604261,20000,0.731603446824211,0.0016768096199578,0.237136690606199,0.712084699513069,0.564435657248258,0.877372079228636,1.04362014772424,1.15168974123608,0.731603446824211,0.871161563315251,1.07803385295501,0,0,0,0.01179
"student_t5_phi050_N64_M8_Q8","student_t5_phi050_N64","student_t5","extreme_distribution_dependence","student_t5_phi_0.5","student_t5, phi = 0.5",0.5,64,8,8,64,0.5,NA,"Balanced extreme-distribution design","Standardized t(5)",6,0,6,"outside formal 8+delta moment assumption","extreme","phi = 0.5",0.5,4,2140087300,"student_t5_phi050_N64","student_t5","Standardized t(5)","outside formal 8+delta moment assumption","extreme",0.5,"phi = 0.5",64,8,8,4,100000,20000,"VK_asym_full_oracle",0.89028,-0.05972,0.000988339625837192,NA,NA,0.10972,1.5278743752065,0.8911,0.00220273455050762,20000,0.781874667341845,0.00167474929734466,0.236845316987962,0.760499980041906,0.614003487612849,0.926387689903593,1.0918056373042,1.20364933229906,0.781874667341845,0.931022346156028,1.15210960776812,0,0,0,0.01179
"student_t5_phi050_N64_M8_Q8","student_t5_phi050_N64","student_t5","extreme_distribution_dependence","student_t5_phi_0.5","student_t5, phi = 0.5",0.5,64,8,8,64,0.5,NA,"Balanced extreme-distribution design","Standardized t(5)",6,0,6,"outside formal 8+delta moment assumption","extreme","phi = 0.5",0.5,4,2140087300,"student_t5_phi050_N64","student_t5","Standardized t(5)","outside formal 8+delta moment assumption","extreme",0.5,"phi = 0.5",64,8,8,4,100000,20000,"VK_leading_oracle",0.89895,-0.0510499999999999,0.000953094420820938,NA,NA,0.10105,1.42723594330667,0.9012,0.0021099592413125,20000,0.806890481341926,0.00173076057958324,0.244766508486733,0.784824529401274,0.633252254504833,0.95619106585245,1.12675001063643,1.24192141413288,0.806890481341926,0.960810089402063,1.18897096273901,0,0,0,0.01179
"student_t5_phi050_N64_M8_Q8","student_t5_phi050_N64","student_t5","extreme_distribution_dependence","student_t5_phi_0.5","student_t5, phi = 0.5",0.5,64,8,8,64,0.5,NA,"Balanced extreme-distribution design","Standardized t(5)",6,0,6,"outside formal 8+delta moment assumption","extreme","phi = 0.5",0.5,4,2140087300,"student_t5_phi050_N64","student_t5","Standardized t(5)","outside formal 8+delta moment assumption","extreme",0.5,"phi = 0.5",64,8,8,4,100000,20000,"VK_asym_full_feasible",0.88493,-0.06507,0.00100910304280584,NA,NA,0.11507,1.59389739564383,0.88575,0.00224941033940008,20000,0.783096641288591,0.00179373246394888,0.253672077778541,0.761464168818428,0.604082722673151,0.938225724225876,1.1170456048956,1.23313748043034,0.783096641288591,0.932477419581938,1.15391021339367,0,0,0,0.01179
"student_t5_phi050_N64_M8_Q8","student_t5_phi050_N64","student_t5","extreme_distribution_dependence","student_t5_phi_0.5","student_t5, phi = 0.5",0.5,64,8,8,64,0.5,NA,"Balanced extreme-distribution design","Standardized t(5)",6,0,6,"outside formal 8+delta moment assumption","extreme","phi = 0.5",0.5,4,2140087300,"student_t5_phi050_N64","student_t5","Standardized t(5)","outside formal 8+delta moment assumption","extreme",0.5,"phi = 0.5",64,8,8,4,100000,20000,"F_feasible_leading",0.89378,-0.0562199999999999,0.000974357796705091,NA,NA,0.10622,1.48891014203855,0.8947,0.00217039063304282,20000,0.809209986709996,0.00185295792187606,0.262047822362379,0.786760181435562,0.624264975594126,0.96917380320374,1.15396688382384,1.27471480306099,0.809209986709996,0.96357205550725,1.19238880517776,0,0,0,0.01179
"student_t5_phi050_N100_M10_Q10","student_t5_phi050_N100","student_t5","extreme_distribution_dependence","student_t5_phi_0.5","student_t5, phi = 0.5",0.5,100,10,10,100,0.5,NA,"Balanced extreme-distribution design","Standardized t(5)",6,0,6,"outside formal 8+delta moment assumption","extreme","phi = 0.5",0.5,5,28603762,"student_t5_phi050_N100","student_t5","Standardized t(5)","outside formal 8+delta moment assumption","extreme",0.5,"phi = 0.5",100,10,10,5,100000,20000,"raw",0.87367,-0.07633,0.00105057475269492,NA,NA,0.12633,1.79741510949519,0.87155,0.00236590994651107,20000,0.57970097656506,0.00107745168758241,0.152374678938082,0.567823361265668,0.4727543286972,0.673045791526603,0.77595862959298,0.843872788469299,0.57970097656506,0.859567704237541,1,0,0,0,0.00305
"student_t5_phi050_N100_M10_Q10","student_t5_phi050_N100","student_t5","extreme_distribution_dependence","student_t5_phi_0.5","student_t5, phi = 0.5",0.5,100,10,10,100,0.5,NA,"Balanced extreme-distribution design","Standardized t(5)",6,0,6,"outside formal 8+delta moment assumption","extreme","phi = 0.5",0.5,5,28603762,"student_t5_phi050_N100","student_t5","Standardized t(5)","outside formal 8+delta moment assumption","extreme",0.5,"phi = 0.5",100,10,10,5,100000,20000,"K_asym_full",0.89257,-0.05743,0.000979228242546139,NA,NA,0.10743,1.59370806375241,0.89165,0.00219784300508476,20000,0.615241007132567,0.00114645809106177,0.162133658107192,0.602322817369118,0.501486321881351,0.714755512726218,0.823985664093217,0.896301136339013,0.615241007132567,0.91226567046223,1.06130752233349,0,0,0,0.00305
"student_t5_phi050_N100_M10_Q10","student_t5_phi050_N100","student_t5","extreme_distribution_dependence","student_t5_phi_0.5","student_t5, phi = 0.5",0.5,100,10,10,100,0.5,NA,"Balanced extreme-distribution design","Standardized t(5)",6,0,6,"outside formal 8+delta moment assumption","extreme","phi = 0.5",0.5,5,28603762,"student_t5_phi050_N100","student_t5","Standardized t(5)","outside formal 8+delta moment assumption","extreme",0.5,"phi = 0.5",100,10,10,5,100000,20000,"K_leading",0.8986,-0.0514,0.000954557698622771,NA,NA,0.1014,1.52780284307091,0.8982,0.00213818567949559,20000,0.628177160571984,0.00117169182061745,0.165702246363882,0.614943714460687,0.512065070037817,0.72989859074996,0.841615387281536,0.91507583278195,0.628177160571984,0.9314471108308,1.08362273994114,0,0,0,0.00305
"student_t5_phi050_N100_M10_Q10","student_t5_phi050_N100","student_t5","extreme_distribution_dependence","student_t5_phi_0.5","student_t5, phi = 0.5",0.5,100,10,10,100,0.5,NA,"Balanced extreme-distribution design","Standardized t(5)",6,0,6,"outside formal 8+delta moment assumption","extreme","phi = 0.5",0.5,5,28603762,"student_t5_phi050_N100","student_t5","Standardized t(5)","outside formal 8+delta moment assumption","extreme",0.5,"phi = 0.5",100,10,10,5,100000,20000,"V_oracle",0.89403,-0.05597,0.000973346593459904,NA,NA,0.10597,1.57904777025833,0.8933,0.00218306103900005,20000,0.618051228943009,0.00115193451002067,0.162908140703684,0.605079282189005,0.503748883123179,0.718040442378186,0.827777598354135,0.900433263318271,0.618051228943009,0.916432604808817,1.06615523162508,0,0,0,0.00305
"student_t5_phi050_N100_M10_Q10","student_t5_phi050_N100","student_t5","extreme_distribution_dependence","student_t5_phi_0.5","student_t5, phi = 0.5",0.5,100,10,10,100,0.5,NA,"Balanced extreme-distribution design","Standardized t(5)",6,0,6,"outside formal 8+delta moment assumption","extreme","phi = 0.5",0.5,5,28603762,"student_t5_phi050_N100","student_t5","Standardized t(5)","outside formal 8+delta moment assumption","extreme",0.5,"phi = 0.5",100,10,10,5,100000,20000,"V_feasible",0.89013,-0.05987,0.000988931661440769,NA,NA,0.10987,1.62009214783575,0.8888,0.00222299977507871,20000,0.622235531588288,0.00126100875268315,0.178333568031569,0.608255604399561,0.497495073580007,0.732358354299477,0.850791713166617,0.929400275173339,0.622235531588288,0.922636995631048,1.0733732678445,0,0,0,0.00305
"student_t5_phi050_N100_M10_Q10","student_t5_phi050_N100","student_t5","extreme_distribution_dependence","student_t5_phi_0.5","student_t5, phi = 0.5",0.5,100,10,10,100,0.5,NA,"Balanced extreme-distribution design","Standardized t(5)",6,0,6,"outside formal 8+delta moment assumption","extreme","phi = 0.5",0.5,5,28603762,"student_t5_phi050_N100","student_t5","Standardized t(5)","outside formal 8+delta moment assumption","extreme",0.5,"phi = 0.5",100,10,10,5,100000,20000,"VK_asym_full_oracle",0.91002,-0.0399799999999999,0.000904895571875562,NA,NA,0.0899799999999999,1.40008902296238,0.91125,0.00201088832981844,20000,0.655679321506086,0.00122554654367434,0.173318454338372,0.641839371818493,0.534229190244537,0.761930622172842,0.878932477323018,0.955443631917611,0.655679321506086,0.972226702881468,1.13106471786752,0,0,0,0.00305
"student_t5_phi050_N100_M10_Q10","student_t5_phi050_N100","student_t5","extreme_distribution_dependence","student_t5_phi_0.5","student_t5, phi = 0.5",0.5,100,10,10,100,0.5,NA,"Balanced extreme-distribution design","Standardized t(5)",6,0,6,"outside formal 8+delta moment assumption","extreme","phi = 0.5",0.5,5,28603762,"student_t5_phi050_N100","student_t5","Standardized t(5)","outside formal 8+delta moment assumption","extreme",0.5,"phi = 0.5",100,10,10,5,100000,20000,"VK_leading_oracle",0.91501,-0.03499,0.000881854295788142,NA,NA,0.08499,1.34219060471958,0.91625,0.0019587743297787,20000,0.669355729931135,0.00125243348656832,0.177120842267514,0.655390505807118,0.545155730006986,0.777907614688896,0.8972345151342,0.975612581018008,0.669355729931135,0.992505776865079,1.15465689552105,0,0,0,0.00305
"student_t5_phi050_N100_M10_Q10","student_t5_phi050_N100","student_t5","extreme_distribution_dependence","student_t5_phi_0.5","student_t5, phi = 0.5",0.5,100,10,10,100,0.5,NA,"Balanced extreme-distribution design","Standardized t(5)",6,0,6,"outside formal 8+delta moment assumption","extreme","phi = 0.5",0.5,5,28603762,"student_t5_phi050_N100","student_t5","Standardized t(5)","outside formal 8+delta moment assumption","extreme",0.5,"phi = 0.5",100,10,10,5,100000,20000,"VK_asym_full_feasible",0.90623,-0.04377,0.000921830717105912,NA,NA,0.09377,1.43648170441436,0.9064,0.00205959996115751,20000,0.661769951252451,0.00134154003929312,0.189722411803487,0.646733058754048,0.529383959258409,0.778918205174034,0.904994861188955,0.987694709173715,0.661769951252451,0.981257753095433,1.14157122034481,0,0,0,0.00305
"student_t5_phi050_N100_M10_Q10","student_t5_phi050_N100","student_t5","extreme_distribution_dependence","student_t5_phi_0.5","student_t5, phi = 0.5",0.5,100,10,10,100,0.5,NA,"Balanced extreme-distribution design","Standardized t(5)",6,0,6,"outside formal 8+delta moment assumption","extreme","phi = 0.5",0.5,5,28603762,"student_t5_phi050_N100","student_t5","Standardized t(5)","outside formal 8+delta moment assumption","extreme",0.5,"phi = 0.5",100,10,10,5,100000,20000,"F_feasible_leading",0.91176,-0.0382399999999999,0.000896959878701383,NA,NA,0.08824,1.37707832566038,0.912,0.00200319744408783,20000,0.676174110299232,0.0013708847896168,0.193872386192707,0.660833509542771,0.540957515939829,0.795984581769353,0.925026645377087,1.00982581142359,0.676174110299232,1.00261591950163,1.16641878767535,0,0,0,0.00305
"student_t5_phi050_N225_M15_Q15","student_t5_phi050_N225","student_t5","extreme_distribution_dependence","student_t5_phi_0.5","student_t5, phi = 0.5",0.5,225,15,15,225,0.5,NA,"Balanced extreme-distribution design","Standardized t(5)",6,0,6,"outside formal 8+delta moment assumption","extreme","phi = 0.5",0.5,7,153604137,"student_t5_phi050_N225","student_t5","Standardized t(5)","outside formal 8+delta moment assumption","extreme",0.5,"phi = 0.5",225,15,15,7,100000,20000,"raw",0.9073,-0.0427,0.000917097105000337,NA,NA,0.0927,1.40031886788671,0.9094,0.00202967534349708,20000,0.415948015303086,0.000614049546913475,0.086839719721409,0.410634657393876,0.355387188587525,0.469406179542253,0.528607689724437,0.565851549235813,0.415948015303086,0.92168438059773,1,0,0,0,9e-05
"student_t5_phi050_N225_M15_Q15","student_t5_phi050_N225","student_t5","extreme_distribution_dependence","student_t5_phi_0.5","student_t5, phi = 0.5",0.5,225,15,15,225,0.5,NA,"Balanced extreme-distribution design","Standardized t(5)",6,0,6,"outside formal 8+delta moment assumption","extreme","phi = 0.5",0.5,7,153604137,"student_t5_phi050_N225","student_t5","Standardized t(5)","outside formal 8+delta moment assumption","extreme",0.5,"phi = 0.5",225,15,15,7,100000,20000,"K_asym_full",0.91999,-0.03001,0.000857953378103962,NA,NA,0.08001,1.28310699227842,0.92085,0.0019089955146621,20000,0.435082224941776,0.000643841351833434,0.091052917177947,0.429442858082392,0.371610857829053,0.491020457463924,0.553037912317649,0.592732967334488,0.435082224941776,0.964083193695113,1.04600144473522,0,0,0,9e-05
"student_t5_phi050_N225_M15_Q15","student_t5_phi050_N225","student_t5","extreme_distribution_dependence","student_t5_phi_0.5","student_t5, phi = 0.5",0.5,225,15,15,225,0.5,NA,"Balanced extreme-distribution design","Standardized t(5)",6,0,6,"outside formal 8+delta moment assumption","extreme","phi = 0.5",0.5,7,153604137,"student_t5_phi050_N225","student_t5","Standardized t(5)","outside formal 8+delta moment assumption","extreme",0.5,"phi = 0.5",225,15,15,7,100000,20000,"K_leading",0.92236,-0.02764,0.000846238916618706,NA,NA,0.07764,1.26028698109804,0.923,0.00188508620492539,20000,0.439118399893014,0.000650150080409733,0.0919451061293403,0.433424382226171,0.375036039184282,0.4955944106717,0.558185056581507,0.598273121518557,0.439118399893014,0.973026809899665,1.05570500095557,0,0,0,9e-05
"student_t5_phi050_N225_M15_Q15","student_t5_phi050_N225","student_t5","extreme_distribution_dependence","student_t5_phi_0.5","student_t5, phi = 0.5",0.5,225,15,15,225,0.5,NA,"Balanced extreme-distribution design","Standardized t(5)",6,0,6,"outside formal 8+delta moment assumption","extreme","phi = 0.5",0.5,7,153604137,"student_t5_phi050_N225","student_t5","Standardized t(5)","outside formal 8+delta moment assumption","extreme",0.5,"phi = 0.5",225,15,15,7,100000,20000,"V_oracle",0.91994,-0.03006,0.000858198091351874,NA,NA,0.08006,1.28345554070157,0.92085,0.0019089955146621,20000,0.435021422235844,0.000643746379897513,0.0910394861179645,0.429382347844095,0.371557587247152,0.490954111948425,0.552960542878487,0.592649665410784,0.435021422235844,0.963948463146359,1.04585526611748,0,0,0,9e-05
"student_t5_phi050_N225_M15_Q15","student_t5_phi050_N225","student_t5","extreme_distribution_dependence","student_t5_phi_0.5","student_t5, phi = 0.5",0.5,225,15,15,225,0.5,NA,"Balanced extreme-distribution design","Standardized t(5)",6,0,6,"outside formal 8+delta moment assumption","extreme","phi = 0.5",0.5,7,153604137,"student_t5_phi050_N225","student_t5","Standardized t(5)","outside formal 8+delta moment assumption","extreme",0.5,"phi = 0.5",225,15,15,7,100000,20000,"V_feasible",0.91809,-0.03191,0.000867183670856411,NA,NA,0.08191,1.30058214773178,0.91805,0.00193951279320349,20000,0.43910614076879,0.000715622026677867,0.101204237566076,0.433077808289067,0.368371193528875,0.501996819970147,0.571217597543354,0.614309516426208,0.43910614076879,0.972999645343276,1.05567552822395,0,0,0,9e-05
"student_t5_phi050_N225_M15_Q15","student_t5_phi050_N225","student_t5","extreme_distribution_dependence","student_t5_phi_0.5","student_t5, phi = 0.5",0.5,225,15,15,225,0.5,NA,"Balanced extreme-distribution design","Standardized t(5)",6,0,6,"outside formal 8+delta moment assumption","extreme","phi = 0.5",0.5,7,153604137,"student_t5_phi050_N225","student_t5","Standardized t(5)","outside formal 8+delta moment assumption","extreme",0.5,"phi = 0.5",225,15,15,7,100000,20000,"VK_asym_full_oracle",0.93109,-0.01891,0.000801008189096716,NA,NA,0.06891,1.17602555840581,0.9306,0.00179699248746343,20000,0.455036705612399,0.000675114966345988,0.0954756741567551,0.449058398548977,0.388540943573426,0.513558268655578,0.578535968345814,0.620543258286679,0.455036705612399,1.00829961613351,1.0939749412696,0,0,0,9e-05
"student_t5_phi050_N225_M15_Q15","student_t5_phi050_N225","student_t5","extreme_distribution_dependence","student_t5_phi_0.5","student_t5, phi = 0.5",0.5,225,15,15,225,0.5,NA,"Balanced extreme-distribution design","Standardized t(5)",6,0,6,"outside formal 8+delta moment assumption","extreme","phi = 0.5",0.5,7,153604137,"student_t5_phi050_N225","student_t5","Standardized t(5)","outside formal 8+delta moment assumption","extreme",0.5,"phi = 0.5",225,15,15,7,100000,20000,"VK_leading_oracle",0.93315,-0.0168499999999999,0.000789816924989582,NA,NA,0.06685,1.15510998663142,0.9325,0.00177403142587723,20000,0.459257958508745,0.000681757765357563,0.096415107802184,0.45316038753437,0.392095672780046,0.518330023837982,0.583984600404336,0.62640407784762,0.459257958508745,1.0176533399595,1.10412345199941,0,0,0,9e-05
"student_t5_phi050_N225_M15_Q15","student_t5_phi050_N225","student_t5","extreme_distribution_dependence","student_t5_phi_0.5","student_t5, phi = 0.5",0.5,225,15,15,225,0.5,NA,"Balanced extreme-distribution design","Standardized t(5)",6,0,6,"outside formal 8+delta moment assumption","extreme","phi = 0.5",0.5,7,153604137,"student_t5_phi050_N225","student_t5","Standardized t(5)","outside formal 8+delta moment assumption","extreme",0.5,"phi = 0.5",225,15,15,7,100000,20000,"VK_asym_full_feasible",0.92946,-0.02054,0.000809716668965139,NA,NA,0.07054,1.19171860499571,0.92875,0.00181897550148428,20000,0.460052808503993,0.000750920315478849,0.106196169441167,0.453644633263721,0.385904018247053,0.525978790110589,0.598633366443836,0.64440240435993,0.460052808503993,1.01941461973145,1.10603438790006,0,0,0,9e-05
"student_t5_phi050_N225_M15_Q15","student_t5_phi050_N225","student_t5","extreme_distribution_dependence","student_t5_phi_0.5","student_t5, phi = 0.5",0.5,225,15,15,225,0.5,NA,"Balanced extreme-distribution design","Standardized t(5)",6,0,6,"outside formal 8+delta moment assumption","extreme","phi = 0.5",0.5,7,153604137,"student_t5_phi050_N225","student_t5","Standardized t(5)","outside formal 8+delta moment assumption","extreme",0.5,"phi = 0.5",225,15,15,7,100000,20000,"F_feasible_leading",0.93176,-0.0182399999999999,0.000797391386961259,NA,NA,0.06824,1.1705239329586,0.9309,0.00179339329205838,20000,0.464479836406933,0.000758395724071993,0.107253351862838,0.458100387055074,0.389532038066519,0.531080067193877,0.604521702299627,0.650682941916861,0.464479836406933,1.02922431305969,1.11667761190899,0,0,0,9e-05
"student_t5_phi050_N400_M20_Q20","student_t5_phi050_N400","student_t5","extreme_distribution_dependence","student_t5_phi_0.5","student_t5, phi = 0.5",0.5,400,20,20,400,0.5,NA,"Balanced extreme-distribution design","Standardized t(5)",6,0,6,"outside formal 8+delta moment assumption","extreme","phi = 0.5",0.5,10,328604662,"student_t5_phi050_N400","student_t5","Standardized t(5)","outside formal 8+delta moment assumption","extreme",0.5,"phi = 0.5",400,20,20,10,100000,20000,"raw",0.9215,-0.0285,0.000850516019837369,NA,NA,0.0785,1.25724627918347,0.9216,0.00190070302782944,20000,0.322801971097133,0.000404264621606442,0.0571716510663458,0.319923167744113,0.282946793524745,0.358713336064234,0.39757356137215,0.421645236353521,0.322801971097133,0.952472603711723,1,0,0,0,0
"student_t5_phi050_N400_M20_Q20","student_t5_phi050_N400","student_t5","extreme_distribution_dependence","student_t5_phi_0.5","student_t5, phi = 0.5",0.5,400,20,20,400,0.5,NA,"Balanced extreme-distribution design","Standardized t(5)",6,0,6,"outside formal 8+delta moment assumption","extreme","phi = 0.5",0.5,10,328604662,"student_t5_phi050_N400","student_t5","Standardized t(5)","outside formal 8+delta moment assumption","extreme",0.5,"phi = 0.5",400,20,20,10,100000,20000,"K_asym_full",0.93039,-0.0196099999999999,0.000804763616846587,NA,NA,0.0696099999999999,1.17447756580389,0.93,0.00180416185526687,20000,0.33443539814593,0.000419624080408765,0.0593438065612414,0.331435363579826,0.293089985919144,0.371708248840165,0.41206183270212,0.436918294327763,0.33443539814593,0.986798665952289,1.03603889718906,0,0,0,0
"student_t5_phi050_N400_M20_Q20","student_t5_phi050_N400","student_t5","extreme_distribution_dependence","student_t5_phi_0.5","student_t5, phi = 0.5",0.5,400,20,20,400,0.5,NA,"Balanced extreme-distribution design","Standardized t(5)",6,0,6,"outside formal 8+delta moment assumption","extreme","phi = 0.5",0.5,10,328604662,"student_t5_phi050_N400","student_t5","Standardized t(5)","outside formal 8+delta moment assumption","extreme",0.5,"phi = 0.5",400,20,20,10,100000,20000,"K_leading",0.93171,-0.0182899999999999,0.000797662058142419,NA,NA,0.06829,1.16295280824471,0.931,0.00179219139602889,20000,0.336155825765922,0.000421902519123296,0.0596660264543539,0.333149225416624,0.294578731293615,0.373654232963063,0.414180863355264,0.439217945308588,0.336155825765922,0.991875029548032,1.04136856606979,0,0,0,0
"student_t5_phi050_N400_M20_Q20","student_t5_phi050_N400","student_t5","extreme_distribution_dependence","student_t5_phi_0.5","student_t5, phi = 0.5",0.5,400,20,20,400,0.5,NA,"Balanced extreme-distribution design","Standardized t(5)",6,0,6,"outside formal 8+delta moment assumption","extreme","phi = 0.5",0.5,10,328604662,"student_t5_phi050_N400","student_t5","Standardized t(5)","outside formal 8+delta moment assumption","extreme",0.5,"phi = 0.5",400,20,20,10,100000,20000,"V_oracle",0.93012,-0.01988,0.00080620583972085,NA,NA,0.0698800000000001,1.17735445535599,0.9299,0.00180535301257123,20000,0.334009988234942,0.000419060970607061,0.0592641708093739,0.331003390079027,0.292728741174433,0.371244895977811,0.41154239004101,0.43636662717889,0.334009988234942,0.985543434194607,1.03472103066693,0,0,0,0
"student_t5_phi050_N400_M20_Q20","student_t5_phi050_N400","student_t5","extreme_distribution_dependence","student_t5_phi_0.5","student_t5, phi = 0.5",0.5,400,20,20,400,0.5,NA,"Balanced extreme-distribution design","Standardized t(5)",6,0,6,"outside formal 8+delta moment assumption","extreme","phi = 0.5",0.5,10,328604662,"student_t5_phi050_N400","student_t5","Standardized t(5)","outside formal 8+delta moment assumption","extreme",0.5,"phi = 0.5",400,20,20,10,100000,20000,"V_feasible",0.92891,-0.0210899999999999,0.000812626678739998,NA,NA,0.07109,1.19095678272209,0.92845,0.00182250648146996,20000,0.337671935904425,0.000479927006844893,0.0678719282029173,0.3341410713575,0.290338854222887,0.38066904794914,0.426228806242567,0.455329134760392,0.337671935904425,0.996348525686317,1.04606528503141,0,0,0,0
"student_t5_phi050_N400_M20_Q20","student_t5_phi050_N400","student_t5","extreme_distribution_dependence","student_t5_phi_0.5","student_t5, phi = 0.5",0.5,400,20,20,400,0.5,NA,"Balanced extreme-distribution design","Standardized t(5)",6,0,6,"outside formal 8+delta moment assumption","extreme","phi = 0.5",0.5,10,328604662,"student_t5_phi050_N400","student_t5","Standardized t(5)","outside formal 8+delta moment assumption","extreme",0.5,"phi = 0.5",400,20,20,10,100000,20000,"VK_asym_full_oracle",0.93839,-0.01161,0.000760356547285548,NA,NA,0.0616100000000001,1.09984528704506,0.93775,0.001708434041747,20000,0.346064887649424,0.000435061010865091,0.0615269182025161,0.342909955614152,0.303214949517492,0.38467441223311,0.426583758779191,0.452517692875555,0.346064887649424,1.0211131099118,1.07206559635688,0,0,0,0
"student_t5_phi050_N400_M20_Q20","student_t5_phi050_N400","student_t5","extreme_distribution_dependence","student_t5_phi_0.5","student_t5, phi = 0.5",0.5,400,20,20,400,0.5,NA,"Balanced extreme-distribution design","Standardized t(5)",6,0,6,"outside formal 8+delta moment assumption","extreme","phi = 0.5",0.5,10,328604662,"student_t5_phi050_N400","student_t5","Standardized t(5)","outside formal 8+delta moment assumption","extreme",0.5,"phi = 0.5",400,20,20,10,100000,20000,"VK_leading_oracle",0.93951,-0.01049,0.000753863116885287,NA,NA,0.06049,1.08905287120429,0.93865,0.0016968526379742,20000,0.347847651977091,0.000437434851468256,0.0618626299601068,0.344653527699843,0.30479958000235,0.386669119198689,0.428787728348747,0.454869140271313,0.347847651977091,1.02637340672847,1.07758837653572,0,0,0,0
"student_t5_phi050_N400_M20_Q20","student_t5_phi050_N400","student_t5","extreme_distribution_dependence","student_t5_phi_0.5","student_t5, phi = 0.5",0.5,400,20,20,400,0.5,NA,"Balanced extreme-distribution design","Standardized t(5)",6,0,6,"outside formal 8+delta moment assumption","extreme","phi = 0.5",0.5,10,328604662,"student_t5_phi050_N400","student_t5","Standardized t(5)","outside formal 8+delta moment assumption","extreme",0.5,"phi = 0.5",400,20,20,10,100000,20000,"VK_asym_full_feasible",0.9375,-0.0125,0.000765465544619743,NA,NA,0.0625,1.11255212785955,0.93735,0.00171354862055327,20000,0.350324064697011,0.000498566312605746,0.070507924102939,0.346506608426341,0.301147057684946,0.394887598320691,0.442245838141262,0.472633682437373,0.350324064697011,1.03368041065781,1.08525999239204,0,0,0,0
"student_t5_phi050_N400_M20_Q20","student_t5_phi050_N400","student_t5","extreme_distribution_dependence","student_t5_phi_0.5","student_t5, phi = 0.5",0.5,400,20,20,400,0.5,NA,"Balanced extreme-distribution design","Standardized t(5)",6,0,6,"outside formal 8+delta moment assumption","extreme","phi = 0.5",0.5,10,328604662,"student_t5_phi050_N400","student_t5","Standardized t(5)","outside formal 8+delta moment assumption","extreme",0.5,"phi = 0.5",400,20,20,10,100000,20000,"F_feasible_leading",0.9386,-0.0114,0.000759144518520683,NA,NA,0.0614,1.10163502401793,0.9385,0.00169879001056634,20000,0.352198655627961,0.000501333120216009,0.0708992097876301,0.348393977578906,0.302729898773971,0.397043765530271,0.444577414703506,0.475205718872137,0.352198655627961,1.03921165477887,1.09106723986509,0,0,0,0
"student_t5_phi050_N1024_M32_Q32","student_t5_phi050_N1024","student_t5","extreme_distribution_dependence","student_t5_phi_0.5","student_t5, phi = 0.5",0.5,1024,32,32,1024,0.5,NA,"Balanced extreme-distribution design","Standardized t(5)",6,0,6,"outside formal 8+delta moment assumption","extreme","phi = 0.5",0.5,13,952606534,"student_t5_phi050_N1024","student_t5","Standardized t(5)","outside formal 8+delta moment assumption","extreme",0.5,"phi = 0.5",1024,32,32,13,100000,20000,"raw",0.93491,-0.0150899999999999,0.000780085199833967,NA,NA,0.06509,1.12671288451424,0.9329,0.00176914654565415,20000,0.206901155634511,0.000197705809427316,0.0279598237052062,0.20594752221324,0.187672373514204,0.224864798392319,0.242800332437981,0.254802998564969,0.206901155634511,0.975791675275791,1,0,0,0,0
"student_t5_phi050_N1024_M32_Q32","student_t5_phi050_N1024","student_t5","extreme_distribution_dependence","student_t5_phi_0.5","student_t5, phi = 0.5",0.5,1024,32,32,1024,0.5,NA,"Balanced extreme-distribution design","Standardized t(5)",6,0,6,"outside formal 8+delta moment assumption","extreme","phi = 0.5",0.5,13,952606534,"student_t5_phi050_N1024","student_t5","Standardized t(5)","outside formal 8+delta moment assumption","extreme",0.5,"phi = 0.5",1024,32,32,13,100000,20000,"K_asym_full",0.94039,-0.00961000000000001,0.000748709876387376,NA,NA,0.0596100000000001,1.07793267174068,0.938,0.00170522725758182,20000,0.211724982755515,0.000202534467303992,0.0286426990509316,0.210719330823515,0.192022862319553,0.230091453079807,0.248458594996665,0.260793831250267,0.211724982755515,0.998541912379157,1.02331464561525,0,0,0,0
"student_t5_phi050_N1024_M32_Q32","student_t5_phi050_N1024","student_t5","extreme_distribution_dependence","student_t5_phi_0.5","student_t5, phi = 0.5",0.5,1024,32,32,1024,0.5,NA,"Balanced extreme-distribution design","Standardized t(5)",6,0,6,"outside formal 8+delta moment assumption","extreme","phi = 0.5",0.5,13,952606534,"student_t5_phi050_N1024","student_t5","Standardized t(5)","outside formal 8+delta moment assumption","extreme",0.5,"phi = 0.5",1024,32,32,13,100000,20000,"K_leading",0.94081,-0.00918999999999992,0.000746234171691433,NA,NA,0.05919,1.07389821805264,0.93855,0.00169814453890121,20000,0.212139139810991,0.000202949832132187,0.0287014405082681,0.211134183557339,0.192397000020823,0.23054082710551,0.248961948078173,0.261308776380574,0.212139139810991,1.00049516878196,1.0253163601741,0,0,0,0
"student_t5_phi050_N1024_M32_Q32","student_t5_phi050_N1024","student_t5","extreme_distribution_dependence","student_t5_phi_0.5","student_t5, phi = 0.5",0.5,1024,32,32,1024,0.5,NA,"Balanced extreme-distribution design","Standardized t(5)",6,0,6,"outside formal 8+delta moment assumption","extreme","phi = 0.5",0.5,13,952606534,"student_t5_phi050_N1024","student_t5","Standardized t(5)","outside formal 8+delta moment assumption","extreme",0.5,"phi = 0.5",1024,32,32,13,100000,20000,"V_oracle",0.94009,-0.00990999999999997,0.00075047179760468,NA,NA,0.05991,1.0811742933649,0.9378,0.00170779331302122,20000,0.211393956600609,0.000202202566953191,0.0285957612531857,0.210388750499467,0.191718157403976,0.229735624288143,0.248069311595928,0.260371602521615,0.211393956600609,0.996980719715611,1.02171472146842,0,0,0,0
"student_t5_phi050_N1024_M32_Q32","student_t5_phi050_N1024","student_t5","extreme_distribution_dependence","student_t5_phi_0.5","student_t5, phi = 0.5",0.5,1024,32,32,1024,0.5,NA,"Balanced extreme-distribution design","Standardized t(5)",6,0,6,"outside formal 8+delta moment assumption","extreme","phi = 0.5",0.5,13,952606534,"student_t5_phi050_N1024","student_t5","Standardized t(5)","outside formal 8+delta moment assumption","extreme",0.5,"phi = 0.5",1024,32,32,13,100000,20000,"V_feasible",0.93937,-0.0106299999999999,0.000754678760135728,NA,NA,0.06063,1.08717584902337,0.9367,0.0017218174990399,20000,0.212455469193476,0.000225005793024471,0.031820624410772,0.21138774513878,0.190545900534393,0.232868709275784,0.253522653659338,0.266989472889817,0.212455469193476,1.00198704821167,1.02684525150153,0,0,0,0
"student_t5_phi050_N1024_M32_Q32","student_t5_phi050_N1024","student_t5","extreme_distribution_dependence","student_t5_phi_0.5","student_t5, phi = 0.5",0.5,1024,32,32,1024,0.5,NA,"Balanced extreme-distribution design","Standardized t(5)",6,0,6,"outside formal 8+delta moment assumption","extreme","phi = 0.5",0.5,13,952606534,"student_t5_phi050_N1024","student_t5","Standardized t(5)","outside formal 8+delta moment assumption","extreme",0.5,"phi = 0.5",1024,32,32,13,100000,20000,"VK_asym_full_oracle",0.94522,-0.00478000000000001,0.000719577317596935,NA,NA,0.0547800000000001,1.03436564068992,0.94295,0.00164005026599797,20000,0.216329541353757,0.000207159623255743,0.0292967948784373,0.215278035080474,0.196155042374852,0.235112152531312,0.253962513054846,0.266469439419082,0.216329541353757,1.0202580305647,1.04556951695283,0,0,0,0
"student_t5_phi050_N1024_M32_Q32","student_t5_phi050_N1024","student_t5","extreme_distribution_dependence","student_t5_phi_0.5","student_t5, phi = 0.5",0.5,1024,32,32,1024,0.5,NA,"Balanced extreme-distribution design","Standardized t(5)",6,0,6,"outside formal 8+delta moment assumption","extreme","phi = 0.5",0.5,13,952606534,"student_t5_phi050_N1024","student_t5","Standardized t(5)","outside formal 8+delta moment assumption","extreme",0.5,"phi = 0.5",1024,32,32,13,100000,20000,"VK_leading_oracle",0.94561,-0.00439000000000001,0.000717159172708542,NA,NA,0.05439,1.03049424836342,0.94325,0.00163599262681713,20000,0.216753308822524,0.000207586084543797,0.0293571056121766,0.21569561203441,0.196527686030331,0.235566988749122,0.254463746535069,0.266995165184862,0.216753308822524,1.02225661180513,1.04761768080898,0,0,0,0
"student_t5_phi050_N1024_M32_Q32","student_t5_phi050_N1024","student_t5","extreme_distribution_dependence","student_t5_phi_0.5","student_t5, phi = 0.5",0.5,1024,32,32,1024,0.5,NA,"Balanced extreme-distribution design","Standardized t(5)",6,0,6,"outside formal 8+delta moment assumption","extreme","phi = 0.5",0.5,13,952606534,"student_t5_phi050_N1024","student_t5","Standardized t(5)","outside formal 8+delta moment assumption","extreme",0.5,"phi = 0.5",1024,32,32,13,100000,20000,"VK_asym_full_feasible",0.9446,-0.00539999999999996,0.000723400580591418,NA,NA,0.0554,1.0401073633723,0.9425,0.00164611284546352,20000,0.217504769293506,0.000230594800906063,0.0326110294854078,0.216428847617753,0.195088936350168,0.238393848555948,0.259549666085145,0.273337999494742,0.217504769293506,1.02580066582279,1.05124965893244,0,0,0,0
"student_t5_phi050_N1024_M32_Q32","student_t5_phi050_N1024","student_t5","extreme_distribution_dependence","student_t5_phi_0.5","student_t5, phi = 0.5",0.5,1024,32,32,1024,0.5,NA,"Balanced extreme-distribution design","Standardized t(5)",6,0,6,"outside formal 8+delta moment assumption","extreme","phi = 0.5",0.5,13,952606534,"student_t5_phi050_N1024","student_t5","Standardized t(5)","outside formal 8+delta moment assumption","extreme",0.5,"phi = 0.5",1024,32,32,13,100000,20000,"F_feasible_leading",0.94492,-0.00507999999999997,0.000721430478979091,NA,NA,0.05508,1.0362144811004,0.943,0.00163937488086161,20000,0.217938572000422,0.000231075824600473,0.0326790565086536,0.216852243071959,0.19547030946154,0.238861612180919,0.260057157905902,0.273870223918994,0.217938572000422,1.02784657546897,1.05334632536035,0,0,0,0
"student_t5_phi050_N4096_M64_Q64","student_t5_phi050_N4096","student_t5","extreme_distribution_dependence","student_t5_phi_0.5","student_t5, phi = 0.5",0.5,4096,64,64,4096,0.5,NA,"Balanced extreme-distribution design","Standardized t(5)",6,0,6,"outside formal 8+delta moment assumption","extreme","phi = 0.5",0.5,17,1877132104,"student_t5_phi050_N4096","student_t5","Standardized t(5)","outside formal 8+delta moment assumption","extreme",0.5,"phi = 0.5",4096,64,64,17,100000,20000,"V_feasible",0.94675,-0.00324999999999998,0.00071003124931231,NA,NA,0.05325,1.02671795103997,0.9447,0.00161619785298707,20000,0.106354199267761,7.33607145120841e-05,0.010374771740837,0.10611919702262,0.0992581991844952,0.113222990806997,0.119729463140776,0.123770127279554,0.106354199267761,1.00268980583592,1.01183132635541,0,0,0,0
"student_t5_phi050_N4096_M64_Q64","student_t5_phi050_N4096","student_t5","extreme_distribution_dependence","student_t5_phi_0.5","student_t5, phi = 0.5",0.5,4096,64,64,4096,0.5,NA,"Balanced extreme-distribution design","Standardized t(5)",6,0,6,"outside formal 8+delta moment assumption","extreme","phi = 0.5",0.5,17,1877132104,"student_t5_phi050_N4096","student_t5","Standardized t(5)","outside formal 8+delta moment assumption","extreme",0.5,"phi = 0.5",4096,64,64,17,100000,20000,"VK_asym_full_oracle",0.94935,-0.000649999999999928,0.000693430439914488,NA,NA,0.05065,1.00219918702339,0.9479,0.00157139412624586,20000,0.10748972018824,7.03537846694663e-05,0.00994952764438355,0.10731608341177,0.10068544283043,0.114110905606476,0.120282575093162,0.124088009711711,0.10748972018824,1.01339530932442,1.02263443189316,0,0,0,0
"student_t5_phi050_N4096_M64_Q64","student_t5_phi050_N4096","student_t5","extreme_distribution_dependence","student_t5_phi_0.5","student_t5, phi = 0.5",0.5,4096,64,64,4096,0.5,NA,"Balanced extreme-distribution design","Standardized t(5)",6,0,6,"outside formal 8+delta moment assumption","extreme","phi = 0.5",0.5,17,1877132104,"student_t5_phi050_N4096","student_t5","Standardized t(5)","outside formal 8+delta moment assumption","extreme",0.5,"phi = 0.5",4096,64,64,17,100000,20000,"VK_leading_oracle",0.94941,-0.000589999999999979,0.00069304149875747,NA,NA,0.05059,1.00128134578975,0.94795,0.00157068134101096,20000,0.107540405699145,7.03879332827094e-05,0.00995435698758202,0.107367066293143,0.100733379643746,0.114165920942538,0.120339000054145,0.124148108476468,0.107540405699145,1.01387316394077,1.02311664310888,0,0,0,0
"student_t5_phi050_N4096_M64_Q64","student_t5_phi050_N4096","student_t5","extreme_distribution_dependence","student_t5_phi_0.5","student_t5, phi = 0.5",0.5,4096,64,64,4096,0.5,NA,"Balanced extreme-distribution design","Standardized t(5)",6,0,6,"outside formal 8+delta moment assumption","extreme","phi = 0.5",0.5,17,1877132104,"student_t5_phi050_N4096","student_t5","Standardized t(5)","outside formal 8+delta moment assumption","extreme",0.5,"phi = 0.5",4096,64,64,17,100000,20000,"VK_asym_full_feasible",0.94932,-0.000679999999999903,0.000693624809244882,NA,NA,0.0506799999999999,1.00357334879078,0.94775,0.00157353006803175,20000,0.107613835118828,7.42561384989103e-05,0.0105014038154614,0.10737480229099,0.100426566129497,0.114565891158641,0.121146861330139,0.125245855202118,0.107613835118828,1.01456544436854,1.02381523505562,0,0,0,0
"student_t5_phi050_N4096_M64_Q64","student_t5_phi050_N4096","student_t5","extreme_distribution_dependence","student_t5_phi_0.5","student_t5, phi = 0.5",0.5,4096,64,64,4096,0.5,NA,"Balanced extreme-distribution design","Standardized t(5)",6,0,6,"outside formal 8+delta moment assumption","extreme","phi = 0.5",0.5,17,1877132104,"student_t5_phi050_N4096","student_t5","Standardized t(5)","outside formal 8+delta moment assumption","extreme",0.5,"phi = 0.5",4096,64,64,17,100000,20000,"F_feasible_leading",0.94942,-0.000579999999999914,0.000692976648957235,NA,NA,0.05058,1.00265424906247,0.94785,0.0015721065087964,20000,0.107664784822375,7.42923813178143e-05,0.0105065293240647,0.107425657890248,0.100473865901407,0.114619839310823,0.121204227480292,0.125305002480033,0.107664784822375,1.01504578974944,1.02429995974419,0,0,0,0
"student_t5_phi050_N4096_M64_Q64","student_t5_phi050_N4096","student_t5","extreme_distribution_dependence","student_t5_phi_0.5","student_t5, phi = 0.5",0.5,4096,64,64,4096,0.5,NA,"Balanced extreme-distribution design","Standardized t(5)",6,0,6,"outside formal 8+delta moment assumption","extreme","phi = 0.5",0.5,17,1877132104,"student_t5_phi050_N4096","student_t5","Standardized t(5)","outside formal 8+delta moment assumption","extreme",0.5,"phi = 0.5",4096,64,64,17,100000,20000,"raw",0.94429,-0.00570999999999999,0.000725302667167301,NA,NA,0.05571,1.04678638737713,0.94325,0.00163599262681713,20000,0.105110601438726,6.87528674385245e-05,0.00972312375836009,0.104947097243421,0.0984442944766508,0.111577896399992,0.11761254152409,0.121332985133667,0.105110601438726,0.990965371123252,1,0,0,0,0
"student_t5_phi050_N4096_M64_Q64","student_t5_phi050_N4096","student_t5","extreme_distribution_dependence","student_t5_phi_0.5","student_t5, phi = 0.5",0.5,4096,64,64,4096,0.5,NA,"Balanced extreme-distribution design","Standardized t(5)",6,0,6,"outside formal 8+delta moment assumption","extreme","phi = 0.5",0.5,17,1877132104,"student_t5_phi050_N4096","student_t5","Standardized t(5)","outside formal 8+delta moment assumption","extreme",0.5,"phi = 0.5",4096,64,64,17,100000,20000,"K_asym_full",0.9472,-0.00279999999999991,0.000707192760143937,NA,NA,0.0528,1.02318939606012,0.9459,0.00159958103889737,20000,0.106349794182361,6.95862453042449e-05,0.00984098118638842,0.106180650866311,0.0996088442496932,0.112892072009758,0.119000980228677,0.122776502006072,0.106349794182361,1.00264827541911,1.01178941730589,0,0,0,0
"student_t5_phi050_N4096_M64_Q64","student_t5_phi050_N4096","student_t5","extreme_distribution_dependence","student_t5_phi_0.5","student_t5, phi = 0.5",0.5,4096,64,64,4096,0.5,NA,"Balanced extreme-distribution design","Standardized t(5)",6,0,6,"outside formal 8+delta moment assumption","extreme","phi = 0.5",0.5,17,1877132104,"student_t5_phi050_N4096","student_t5","Standardized t(5)","outside formal 8+delta moment assumption","extreme",0.5,"phi = 0.5",4096,64,64,17,100000,20000,"K_leading",0.94725,-0.00274999999999992,0.000706876492040865,NA,NA,0.05275,1.02225233142298,0.946,0.00159818647222407,20000,0.106399912801746,6.9619972546162e-05,0.00984575093868249,0.106230758980309,0.0996567339080431,0.112944542862967,0.119057788558656,0.122833271342209,0.106399912801746,1.00312078547595,1.01226623523576,0,0,0,0
"student_t5_phi050_N4096_M64_Q64","student_t5_phi050_N4096","student_t5","extreme_distribution_dependence","student_t5_phi_0.5","student_t5, phi = 0.5",0.5,4096,64,64,4096,0.5,NA,"Balanced extreme-distribution design","Standardized t(5)",6,0,6,"outside formal 8+delta moment assumption","extreme","phi = 0.5",0.5,17,1877132104,"student_t5_phi050_N4096","student_t5","Standardized t(5)","outside formal 8+delta moment assumption","extreme",0.5,"phi = 0.5",4096,64,64,17,100000,20000,"V_oracle",0.94696,-0.00303999999999993,0.000708708391371232,NA,NA,0.05304,1.02531209808871,0.9456,0.0016037555923519,20000,0.106236523447579,6.95100258953304e-05,0.00983020213420814,0.106068697627742,0.0995025734991022,0.112773495751292,0.118873296311749,0.122643988691447,0.106236523447579,1.00158037766005,1.01071178352556,0,0,0,0
"student_t5_phi080_N64_M8_Q8","student_t5_phi080_N64","student_t5","extreme_distribution_dependence","student_t5_phi_0.8","student_t5, phi = 0.8",0.8,64,8,8,64,0.5,NA,"Balanced extreme-distribution design","Standardized t(5)",6,0,6,"outside formal 8+delta moment assumption","extreme","phi = 0.8",0.5,4,22624654,"student_t5_phi080_N64","student_t5","Standardized t(5)","outside formal 8+delta moment assumption","extreme",0.8,"phi = 0.8",64,8,8,4,100000,20000,"raw",0.7496,-0.2004,0.00137003591193808,NA,NA,0.2504,3.13817853367678,0.7488,0.00306674550623295,20000,0.897972924412718,0.00201675552384478,0.285212301381214,0.869619427456489,0.696695412426634,1.07019028770586,1.27201477698906,1.40628920107261,0.897972924412718,0.633260973672408,1,0,0,0,0.03247
"student_t5_phi080_N64_M8_Q8","student_t5_phi080_N64","student_t5","extreme_distribution_dependence","student_t5_phi_0.8","student_t5, phi = 0.8",0.8,64,8,8,64,0.5,NA,"Balanced extreme-distribution design","Standardized t(5)",6,0,6,"outside formal 8+delta moment assumption","extreme","phi = 0.8",0.5,4,22624654,"student_t5_phi080_N64","student_t5","Standardized t(5)","outside formal 8+delta moment assumption","extreme",0.8,"phi = 0.8",64,8,8,4,100000,20000,"K_asym_full",0.72773,-0.22227,0.00140761872358959,NA,NA,0.27227,3.49231326403961,0.72735,0.00314890439280077,20000,0.853191213659224,0.00191438949962385,0.27073555940327,0.826214394743628,0.66236155239691,1.01680921920984,1.20825231479267,1.33512627916912,0.853191213659224,0.601680389243295,0.950130221595733,0,0,0,0.03247
"student_t5_phi080_N64_M8_Q8","student_t5_phi080_N64","student_t5","extreme_distribution_dependence","student_t5_phi_0.8","student_t5, phi = 0.8",0.8,64,8,8,64,0.5,NA,"Balanced extreme-distribution design","Standardized t(5)",6,0,6,"outside formal 8+delta moment assumption","extreme","phi = 0.8",0.5,4,22624654,"student_t5_phi080_N64","student_t5","Standardized t(5)","outside formal 8+delta moment assumption","extreme",0.8,"phi = 0.8",64,8,8,4,100000,20000,"K_leading",0.78755,-0.16245,0.00129350298608082,NA,NA,0.21245,2.54977005861238,0.7898,0.0028811105497707,20000,0.990439141404264,0.00222919359499326,0.31525558151947,0.959579593627372,0.76763931810598,1.18076759353182,1.40362542530495,1.55457195921959,0.990439141404264,0.698469227743282,1.10297216595035,0,0,0,0.03247
"student_t5_phi080_N64_M8_Q8","student_t5_phi080_N64","student_t5","extreme_distribution_dependence","student_t5_phi_0.8","student_t5, phi = 0.8",0.8,64,8,8,64,0.5,NA,"Balanced extreme-distribution design","Standardized t(5)",6,0,6,"outside formal 8+delta moment assumption","extreme","phi = 0.8",0.5,4,22624654,"student_t5_phi080_N64","student_t5","Standardized t(5)","outside formal 8+delta moment assumption","extreme",0.8,"phi = 0.8",64,8,8,4,100000,20000,"V_oracle",0.84352,-0.10648,0.00114888645914207,NA,NA,0.15648,1.81315920939385,0.8447,0.00256107311492663,20000,1.15725593889494,0.00261636652882462,0.370010102920279,1.12106364620812,0.895037485077038,1.38118636629522,1.64394504966871,1.81819022331533,1.15725593889494,0.816110377862535,1.28874257500781,0,0,0,0.03247
"student_t5_phi080_N64_M8_Q8","student_t5_phi080_N64","student_t5","extreme_distribution_dependence","student_t5_phi_0.8","student_t5, phi = 0.8",0.8,64,8,8,64,0.5,NA,"Balanced extreme-distribution design","Standardized t(5)",6,0,6,"outside formal 8+delta moment assumption","extreme","phi = 0.8",0.5,4,22624654,"student_t5_phi080_N64","student_t5","Standardized t(5)","outside formal 8+delta moment assumption","extreme",0.8,"phi = 0.8",64,8,8,4,100000,20000,"V_feasible",0.79018,-0.15982,0.00128761627669116,NA,NA,0.20982,2.50718478078408,0.79165,0.00287176145858252,20000,1.00242342484678,0.00232543937930206,0.328866790868545,0.970192481162017,0.770638111491402,1.20151048086116,1.43495955671066,1.59087655500798,1.00242342484678,0.706920684123817,1.11631809556215,0,0,0,0.03247
"student_t5_phi080_N64_M8_Q8","student_t5_phi080_N64","student_t5","extreme_distribution_dependence","student_t5_phi_0.8","student_t5, phi = 0.8",0.8,64,8,8,64,0.5,NA,"Balanced extreme-distribution design","Standardized t(5)",6,0,6,"outside formal 8+delta moment assumption","extreme","phi = 0.8",0.5,4,22624654,"student_t5_phi080_N64","student_t5","Standardized t(5)","outside formal 8+delta moment assumption","extreme",0.8,"phi = 0.8",64,8,8,4,100000,20000,"VK_asym_full_oracle",0.8274,-0.1226,0.00119502820050407,NA,NA,0.1726,2.01776918962058,0.8285,0.00266540569144736,20000,1.10306234652123,0.00249001383380788,0.352141133426773,1.06824415395598,0.853266562497373,1.31659679265802,1.56576853233811,1.73064913903128,1.10306234652123,0.77789242480362,1.22839154336713,0,0,0,0.03247
"student_t5_phi080_N64_M8_Q8","student_t5_phi080_N64","student_t5","extreme_distribution_dependence","student_t5_phi_0.8","student_t5, phi = 0.8",0.8,64,8,8,64,0.5,NA,"Balanced extreme-distribution design","Standardized t(5)",6,0,6,"outside formal 8+delta moment assumption","extreme","phi = 0.8",0.5,4,22624654,"student_t5_phi080_N64","student_t5","Standardized t(5)","outside formal 8+delta moment assumption","extreme",0.8,"phi = 0.8",64,8,8,4,100000,20000,"VK_leading_oracle",0.87232,-0.07768,0.00105535689508336,NA,NA,0.12768,1.4731918576325,0.8733,0.00235209598018448,20000,1.26663890734412,0.0028731178056406,0.406320216703256,1.22581857653504,0.978293482786321,1.51088355699653,1.80075299513444,1.99387064851616,1.26663890734412,0.893248522254364,1.41055356226081,0,0,0,0.03247
"student_t5_phi080_N64_M8_Q8","student_t5_phi080_N64","student_t5","extreme_distribution_dependence","student_t5_phi_0.8","student_t5, phi = 0.8",0.8,64,8,8,64,0.5,NA,"Balanced extreme-distribution design","Standardized t(5)",6,0,6,"outside formal 8+delta moment assumption","extreme","phi = 0.8",0.5,4,22624654,"student_t5_phi080_N64","student_t5","Standardized t(5)","outside formal 8+delta moment assumption","extreme",0.8,"phi = 0.8",64,8,8,4,100000,20000,"VK_asym_full_feasible",0.76975,-0.18025,0.00133129612596146,NA,NA,0.23025,2.79011361889339,0.77035,0.0029741459068109,20000,0.952623385391908,0.0022100437524769,0.312547384819076,0.921378576804636,0.732544392532388,1.14149642200833,1.36357547682883,1.51211432905712,0.952623385391908,0.671801115797475,1.06085980934774,0,0,0,0.03247
"student_t5_phi080_N64_M8_Q8","student_t5_phi080_N64","student_t5","extreme_distribution_dependence","student_t5_phi_0.8","student_t5, phi = 0.8",0.8,64,8,8,64,0.5,NA,"Balanced extreme-distribution design","Standardized t(5)",6,0,6,"outside formal 8+delta moment assumption","extreme","phi = 0.8",0.5,4,22624654,"student_t5_phi080_N64","student_t5","Standardized t(5)","outside formal 8+delta moment assumption","extreme",0.8,"phi = 0.8",64,8,8,4,100000,20000,"F_feasible_leading",0.82576,-0.12424,0.00119950165652241,NA,NA,0.17424,2.03708763438706,0.8269,0.00267522326171107,20000,1.10459754256986,0.00256264364849492,0.362412540323079,1.06891075359347,0.849060158894655,1.32416739833399,1.58101370643277,1.75250644539048,1.10459754256986,0.778975062952391,1.23010116735121,0,0,0,0.03247
"student_t5_phi080_N100_M10_Q10","student_t5_phi080_N100","student_t5","extreme_distribution_dependence","student_t5_phi_0.8","student_t5, phi = 0.8",0.8,100,10,10,100,0.5,NA,"Balanced extreme-distribution design","Standardized t(5)",6,0,6,"outside formal 8+delta moment assumption","extreme","phi = 0.8",0.5,5,58624762,"student_t5_phi080_N100","student_t5","Standardized t(5)","outside formal 8+delta moment assumption","extreme",0.8,"phi = 0.8",100,10,10,5,100000,20000,"raw",0.80433,-0.14567,0.00125452481482034,NA,NA,0.19567,2.60450060038292,0.8009,0.00282364294839132,20000,0.809613484295022,0.0015828360620508,0.223846822596546,0.790346126332163,0.651824745212086,0.941018263849724,1.10329506576063,1.20420616336074,0.809613484295022,0.704288213713185,1,0,0,0,0.00879
"student_t5_phi080_N100_M10_Q10","student_t5_phi080_N100","student_t5","extreme_distribution_dependence","student_t5_phi_0.8","student_t5, phi = 0.8",0.8,100,10,10,100,0.5,NA,"Balanced extreme-distribution design","Standardized t(5)",6,0,6,"outside formal 8+delta moment assumption","extreme","phi = 0.8",0.5,5,58624762,"student_t5_phi080_N100","student_t5","Standardized t(5)","outside formal 8+delta moment assumption","extreme",0.8,"phi = 0.8",100,10,10,5,100000,20000,"K_asym_full",0.79647,-0.15353,0.00127320673537332,NA,NA,0.20353,2.7144684035102,0.7934,0.00286283460926404,20000,0.793205137809691,0.00154989240297414,0.219187885650506,0.774443160020226,0.638838696114305,0.922368529555432,1.08044304500292,1.17892823437328,0.793205137809691,0.690014482778227,0.979733111165239,0,0,0,0.00879
"student_t5_phi080_N100_M10_Q10","student_t5_phi080_N100","student_t5","extreme_distribution_dependence","student_t5_phi_0.8","student_t5, phi = 0.8",0.8,100,10,10,100,0.5,NA,"Balanced extreme-distribution design","Standardized t(5)",6,0,6,"outside formal 8+delta moment assumption","extreme","phi = 0.8",0.5,5,58624762,"student_t5_phi080_N100","student_t5","Standardized t(5)","outside formal 8+delta moment assumption","extreme",0.8,"phi = 0.8",100,10,10,5,100000,20000,"K_leading",0.83451,-0.11549,0.00117517258264478,NA,NA,0.16549,2.21382551032549,0.833,0.00263733767272983,20000,0.877127098481604,0.00171898740253942,0.243101529821974,0.856342779639193,0.705940984660047,1.01985465888568,1.19622607211604,1.30500257092179,0.877127098481604,0.763018760645951,1.08338993296952,0,0,0,0.00879
"student_t5_phi080_N100_M10_Q10","student_t5_phi080_N100","student_t5","extreme_distribution_dependence","student_t5_phi_0.8","student_t5, phi = 0.8",0.8,100,10,10,100,0.5,NA,"Balanced extreme-distribution design","Standardized t(5)",6,0,6,"outside formal 8+delta moment assumption","extreme","phi = 0.8",0.5,5,58624762,"student_t5_phi080_N100","student_t5","Standardized t(5)","outside formal 8+delta moment assumption","extreme",0.8,"phi = 0.8",100,10,10,5,100000,20000,"V_oracle",0.88274,-0.06726,0.00101739909769962,NA,NA,0.11726,1.64431715021934,0.8809,0.00229036230758367,20000,1.01344163199967,0.00199696209498457,0.282413087827216,0.988736148610935,0.814848672538483,1.17859775587407,1.38387362048632,1.51143732928036,1.01344163199967,0.881599689912685,1.25175982324718,0,0,0,0.00879
"student_t5_phi080_N100_M10_Q10","student_t5_phi080_N100","student_t5","extreme_distribution_dependence","student_t5_phi_0.8","student_t5, phi = 0.8",0.8,100,10,10,100,0.5,NA,"Balanced extreme-distribution design","Standardized t(5)",6,0,6,"outside formal 8+delta moment assumption","extreme","phi = 0.8",0.5,5,58624762,"student_t5_phi080_N100","student_t5","Standardized t(5)","outside formal 8+delta moment assumption","extreme",0.8,"phi = 0.8",100,10,10,5,100000,20000,"V_feasible",0.84331,-0.10669,0.00114951400121965,NA,NA,0.15669,2.09632225322105,0.8412,0.0025844008976937,20000,0.905410115337157,0.00184089649919274,0.260342079608352,0.883565129691563,0.722550988246864,1.05866970995417,1.2473398561826,1.36418617909925,0.905410115337157,0.787622347179545,1.11832390751934,0,0,0,0.00879
"student_t5_phi080_N100_M10_Q10","student_t5_phi080_N100","student_t5","extreme_distribution_dependence","student_t5_phi_0.8","student_t5, phi = 0.8",0.8,100,10,10,100,0.5,NA,"Balanced extreme-distribution design","Standardized t(5)",6,0,6,"outside formal 8+delta moment assumption","extreme","phi = 0.8",0.5,5,58624762,"student_t5_phi080_N100","student_t5","Standardized t(5)","outside formal 8+delta moment assumption","extreme",0.8,"phi = 0.8",100,10,10,5,100000,20000,"VK_asym_full_oracle",0.87684,-0.07316,0.00103919013852134,NA,NA,0.12316,1.71374387433971,0.87495,0.00233893669751877,20000,0.993493946490131,0.00195602116783055,0.276623166383482,0.96960230179901,0.798876623621661,1.1556533865295,1.35657092583527,1.48110610752439,0.993493946490131,0.864247064162564,1.22712129400269,0,0,0,0.00879
"student_t5_phi080_N100_M10_Q10","student_t5_phi080_N100","student_t5","extreme_distribution_dependence","student_t5_phi_0.8","student_t5, phi = 0.8",0.8,100,10,10,100,0.5,NA,"Balanced extreme-distribution design","Standardized t(5)",6,0,6,"outside formal 8+delta moment assumption","extreme","phi = 0.8",0.5,5,58624762,"student_t5_phi080_N100","student_t5","Standardized t(5)","outside formal 8+delta moment assumption","extreme",0.8,"phi = 0.8",100,10,10,5,100000,20000,"VK_leading_oracle",0.90402,-0.0459799999999999,0.000931492563577402,NA,NA,0.09598,1.39766957768644,0.9021,0.00210137562087315,20000,1.09487039312608,0.00216503781251422,0.306182583750819,1.06767120518001,0.880256021022235,1.27340957042889,1.49639921142352,1.63461920651995,1.09487039312608,0.952435116731865,1.35233715144882,0,0,0,0.00879
"student_t5_phi080_N100_M10_Q10","student_t5_phi080_N100","student_t5","extreme_distribution_dependence","student_t5_phi_0.8","student_t5, phi = 0.8",0.8,100,10,10,100,0.5,NA,"Balanced extreme-distribution design","Standardized t(5)",6,0,6,"outside formal 8+delta moment assumption","extreme","phi = 0.8",0.5,5,58624762,"student_t5_phi080_N100","student_t5","Standardized t(5)","outside formal 8+delta moment assumption","extreme",0.8,"phi = 0.8",100,10,10,5,100000,20000,"VK_asym_full_feasible",0.83594,-0.11406,0.00117108631791171,NA,NA,0.16406,2.18483363724594,0.834,0.00263100741162012,20000,0.886938567260393,0.00180292173085379,0.254971636367061,0.86551530323793,0.708047950203444,1.03669322436962,1.22167217090112,1.33547303619721,0.886938567260393,0.771553823307529,1.09550864019107,0,0,0,0.00879
"student_t5_phi080_N100_M10_Q10","student_t5_phi080_N100","student_t5","extreme_distribution_dependence","student_t5_phi_0.8","student_t5, phi = 0.8",0.8,100,10,10,100,0.5,NA,"Balanced extreme-distribution design","Standardized t(5)",6,0,6,"outside formal 8+delta moment assumption","extreme","phi = 0.8",0.5,5,58624762,"student_t5_phi080_N100","student_t5","Standardized t(5)","outside formal 8+delta moment assumption","extreme",0.8,"phi = 0.8",100,10,10,5,100000,20000,"F_feasible_leading",0.87072,-0.0792799999999999,0.00106097446529122,NA,NA,0.12928,1.7818739152379,0.86865,0.002388484639892,20000,0.981271332308305,0.0019972394393956,0.28245231024997,0.957446154205138,0.782670433435683,1.14794586374315,1.35130451413481,1.47985422905579,0.981271332308305,0.853614529902689,1.21202444295102,0,0,0,0.00879
"student_t5_phi080_N225_M15_Q15","student_t5_phi080_N225","student_t5","extreme_distribution_dependence","student_t5_phi_0.8","student_t5, phi = 0.8",0.8,225,15,15,225,0.5,NA,"Balanced extreme-distribution design","Standardized t(5)",6,0,6,"outside formal 8+delta moment assumption","extreme","phi = 0.8",0.5,7,183625137,"student_t5_phi080_N225","student_t5","Standardized t(5)","outside formal 8+delta moment assumption","extreme",0.8,"phi = 0.8",225,15,15,7,100000,20000,"raw",0.86604,-0.0839599999999999,0.00107710128771625,NA,NA,0.13396,1.83073770273541,0.8612,0.00244473475043817,20000,0.629264712559998,0.000945493148680877,0.133712923399534,0.621575093093133,0.53631957466801,0.711954643200568,0.801918376871912,0.861402330470234,0.629264712559998,0.810695111573036,1,0,0,0,0.00025
"student_t5_phi080_N225_M15_Q15","student_t5_phi080_N225","student_t5","extreme_distribution_dependence","student_t5_phi_0.8","student_t5, phi = 0.8",0.8,225,15,15,225,0.5,NA,"Balanced extreme-distribution design","Standardized t(5)",6,0,6,"outside formal 8+delta moment assumption","extreme","phi = 0.8",0.5,7,183625137,"student_t5_phi080_N225","student_t5","Standardized t(5)","outside formal 8+delta moment assumption","extreme",0.8,"phi = 0.8",225,15,15,7,100000,20000,"K_asym_full",0.86836,-0.0816399999999999,0.00106916280518918,NA,NA,0.13164,1.80406769669556,0.8635,0.00242763001711546,20000,0.634029538692688,0.00095298120163522,0.134771894003914,0.626288380617165,0.540343039046351,0.717427716101907,0.807968151680047,0.86792782621604,0.634029538692688,0.816833738411894,1.00757205360095,0,0,0,0.00025
"student_t5_phi080_N225_M15_Q15","student_t5_phi080_N225","student_t5","extreme_distribution_dependence","student_t5_phi_0.8","student_t5, phi = 0.8",0.8,225,15,15,225,0.5,NA,"Balanced extreme-distribution design","Standardized t(5)",6,0,6,"outside formal 8+delta moment assumption","extreme","phi = 0.8",0.5,7,183625137,"student_t5_phi080_N225","student_t5","Standardized t(5)","outside formal 8+delta moment assumption","extreme",0.8,"phi = 0.8",225,15,15,7,100000,20000,"K_leading",0.884,-0.0659999999999999,0.00101264011376204,NA,NA,0.116,1.64766393246187,0.87925,0.00230401212561913,20000,0.664290566027336,0.00100070660331846,0.141521285036928,0.65610094451933,0.565815639232902,0.751881762166318,0.846454663424976,0.909566768731207,0.664290566027336,0.855819663479221,1.0556615566839,0,0,0,0.00025
"student_t5_phi080_N225_M15_Q15","student_t5_phi080_N225","student_t5","extreme_distribution_dependence","student_t5_phi_0.8","student_t5, phi = 0.8",0.8,225,15,15,225,0.5,NA,"Balanced extreme-distribution design","Standardized t(5)",6,0,6,"outside formal 8+delta moment assumption","extreme","phi = 0.8",0.5,7,183625137,"student_t5_phi080_N225","student_t5","Standardized t(5)","outside formal 8+delta moment assumption","extreme",0.8,"phi = 0.8",225,15,15,7,100000,20000,"V_oracle",0.91585,-0.0341499999999999,0.00087788824744383,NA,NA,0.0841499999999999,1.3337275769854,0.9123,0.00200010887203672,20000,0.740541347294449,0.00112229068621864,0.15871587093754,0.730767855059759,0.629909370957309,0.838653400133568,0.945085917360588,1.01574728224321,0.740541347294449,0.954055166587905,1.17683596825532,0,0,0,0.00025
"student_t5_phi080_N225_M15_Q15","student_t5_phi080_N225","student_t5","extreme_distribution_dependence","student_t5_phi_0.8","student_t5, phi = 0.8",0.8,225,15,15,225,0.5,NA,"Balanced extreme-distribution design","Standardized t(5)",6,0,6,"outside formal 8+delta moment assumption","extreme","phi = 0.8",0.5,7,183625137,"student_t5_phi080_N225","student_t5","Standardized t(5)","outside formal 8+delta moment assumption","extreme",0.8,"phi = 0.8",225,15,15,7,100000,20000,"V_feasible",0.89676,-0.05324,0.000962192820592629,NA,NA,0.10324,1.52239267259954,0.8921,0.00219382759122042,20000,0.695792250207495,0.00109811408802545,0.155296783631856,0.686722099829595,0.587602293106335,0.792310727549525,0.896087371481973,0.964393718699316,0.695792250207495,0.896403953145293,1.10572265744387,0,0,0,0.00025
"student_t5_phi080_N225_M15_Q15","student_t5_phi080_N225","student_t5","extreme_distribution_dependence","student_t5_phi_0.8","student_t5, phi = 0.8",0.8,225,15,15,225,0.5,NA,"Balanced extreme-distribution design","Standardized t(5)",6,0,6,"outside formal 8+delta moment assumption","extreme","phi = 0.8",0.5,7,183625137,"student_t5_phi080_N225","student_t5","Standardized t(5)","outside formal 8+delta moment assumption","extreme",0.8,"phi = 0.8",225,15,15,7,100000,20000,"VK_asym_full_oracle",0.918,-0.0319999999999999,0.000867617427210864,NA,NA,0.082,1.31429796537006,0.91415,0.00198090607424986,20000,0.746145052435242,0.00113130215704111,0.159990285362947,0.736216719562232,0.634639482897238,0.844982504985033,0.952422746107526,1.02359066884533,0.746145052435242,0.961274539093089,1.18574113174048,0,0,0,0.00025
"student_t5_phi080_N225_M15_Q15","student_t5_phi080_N225","student_t5","extreme_distribution_dependence","student_t5_phi_0.8","student_t5, phi = 0.8",0.8,225,15,15,225,0.5,NA,"Balanced extreme-distribution design","Standardized t(5)",6,0,6,"outside formal 8+delta moment assumption","extreme","phi = 0.8",0.5,7,183625137,"student_t5_phi080_N225","student_t5","Standardized t(5)","outside formal 8+delta moment assumption","extreme",0.8,"phi = 0.8",225,15,15,7,100000,20000,"VK_leading_oracle",0.9296,-0.0204,0.000808973670770564,NA,NA,0.0704,1.20035481928686,0.92565,0.00185502125998599,20000,0.781702269379483,0.0011887283376885,0.168111573713631,0.770906538274366,0.664715218184524,0.885194212620865,0.998366260021181,1.07329283181226,0.781702269379483,1.00708365786691,1.24224710805621,0,0,0,0.00025
"student_t5_phi080_N225_M15_Q15","student_t5_phi080_N225","student_t5","extreme_distribution_dependence","student_t5_phi_0.8","student_t5, phi = 0.8",0.8,225,15,15,225,0.5,NA,"Balanced extreme-distribution design","Standardized t(5)",6,0,6,"outside formal 8+delta moment assumption","extreme","phi = 0.8",0.5,7,183625137,"student_t5_phi080_N225","student_t5","Standardized t(5)","outside formal 8+delta moment assumption","extreme",0.8,"phi = 0.8",225,15,15,7,100000,20000,"VK_asym_full_feasible",0.89891,-0.05109,0.000953261831292956,NA,NA,0.10109,1.50021460650488,0.8944,0.00217311573552814,20000,0.701149351909702,0.00110690382915097,0.156539840742801,0.69186740463823,0.592137961880397,0.798465893458269,0.903319928171885,0.971836203494692,0.701149351909702,0.903305621196105,1.11423592951408,0,0,0,0.00025
"student_t5_phi080_N225_M15_Q15","student_t5_phi080_N225","student_t5","extreme_distribution_dependence","student_t5_phi_0.8","student_t5, phi = 0.8",0.8,225,15,15,225,0.5,NA,"Balanced extreme-distribution design","Standardized t(5)",6,0,6,"outside formal 8+delta moment assumption","extreme","phi = 0.8",0.5,7,183625137,"student_t5_phi080_N225","student_t5","Standardized t(5)","outside formal 8+delta moment assumption","extreme",0.8,"phi = 0.8",225,15,15,7,100000,20000,"F_feasible_leading",0.9123,-0.0377,0.000894475880054907,NA,NA,0.0877,1.37015340533958,0.9087,0.00203671684335354,20000,0.735189394467782,0.00116292000854533,0.164461724803984,0.72542629461449,0.620479497328258,0.837154484841809,0.947263076058111,1.02015178545327,0.735189394467782,0.947160131942951,1.16833087855325,0,0,0,0.00025
"student_t5_phi080_N400_M20_Q20","student_t5_phi080_N400","student_t5","extreme_distribution_dependence","student_t5_phi_0.8","student_t5, phi = 0.8",0.8,400,20,20,400,0.5,NA,"Balanced extreme-distribution design","Standardized t(5)",6,0,6,"outside formal 8+delta moment assumption","extreme","phi = 0.8",0.5,10,358625662,"student_t5_phi080_N400","student_t5","Standardized t(5)","outside formal 8+delta moment assumption","extreme",0.8,"phi = 0.8",400,20,20,10,100000,20000,"raw",0.89484,-0.05516,0.000970058629155991,NA,NA,0.10516,1.50930790202966,0.8945,0.00217220797807208,20000,0.507139265240588,0.000631855755753462,0.0893578979250047,0.502895249847989,0.444657904851407,0.564068876390421,0.623392625667944,0.66114814641713,0.507139265240588,0.867329549293404,1,0,0,0,1e-05
"student_t5_phi080_N400_M20_Q20","student_t5_phi080_N400","student_t5","extreme_distribution_dependence","student_t5_phi_0.8","student_t5, phi = 0.8",0.8,400,20,20,400,0.5,NA,"Balanced extreme-distribution design","Standardized t(5)",6,0,6,"outside formal 8+delta moment assumption","extreme","phi = 0.8",0.5,10,358625662,"student_t5_phi080_N400","student_t5","Standardized t(5)","outside formal 8+delta moment assumption","extreme",0.8,"phi = 0.8",400,20,20,10,100000,20000,"K_asym_full",0.89927,-0.0507299999999999,0.000951753471756211,NA,NA,0.10073,1.46864043911386,0.8984,0.00213632207309666,20000,0.514385158787365,0.000641338678963673,0.0906989857864871,0.510102877057082,0.450970840400279,0.57207764170539,0.632330974210878,0.670628811655839,0.514385158787365,0.879721761876613,1.01428777861115,0,0,0,1e-05
"student_t5_phi080_N400_M20_Q20","student_t5_phi080_N400","student_t5","extreme_distribution_dependence","student_t5_phi_0.8","student_t5, phi = 0.8",0.8,400,20,20,400,0.5,NA,"Balanced extreme-distribution design","Standardized t(5)",6,0,6,"outside formal 8+delta moment assumption","extreme","phi = 0.8",0.5,10,358625662,"student_t5_phi080_N400","student_t5","Standardized t(5)","outside formal 8+delta moment assumption","extreme",0.8,"phi = 0.8",400,20,20,10,100000,20000,"K_leading",0.90702,-0.0429799999999999,0.000918339368643205,NA,NA,0.09298,1.39610980937743,0.9067,0.00205663693927732,20000,0.528107779352151,0.000659352031341448,0.0932464585101326,0.523713992104002,0.462864499811495,0.58743342388258,0.649262159827092,0.688668283391629,0.528107779352151,0.903190728145542,1.04134665869663,0,0,0,1e-05
"student_t5_phi080_N400_M20_Q20","student_t5_phi080_N400","student_t5","extreme_distribution_dependence","student_t5_phi_0.8","student_t5, phi = 0.8",0.8,400,20,20,400,0.5,NA,"Balanced extreme-distribution design","Standardized t(5)",6,0,6,"outside formal 8+delta moment assumption","extreme","phi = 0.8",0.5,10,358625662,"student_t5_phi080_N400","student_t5","Standardized t(5)","outside formal 8+delta moment assumption","extreme",0.8,"phi = 0.8",400,20,20,10,100000,20000,"V_oracle",0.9288,-0.0212,0.000813206984721602,NA,NA,0.0712,1.19100647021956,0.92875,0.00181897550148428,20000,0.573683620877267,0.000719700204104052,0.101780978948664,0.568606613998161,0.5021964188228,0.63843146134547,0.705777595395699,0.749240803472815,0.573683620877267,0.98113632770367,1.13121515172979,0,0,0,1e-05
"student_t5_phi080_N400_M20_Q20","student_t5_phi080_N400","student_t5","extreme_distribution_dependence","student_t5_phi_0.8","student_t5, phi = 0.8",0.8,400,20,20,400,0.5,NA,"Balanced extreme-distribution design","Standardized t(5)",6,0,6,"outside formal 8+delta moment assumption","extreme","phi = 0.8",0.5,10,358625662,"student_t5_phi080_N400","student_t5","Standardized t(5)","outside formal 8+delta moment assumption","extreme",0.8,"phi = 0.8",400,20,20,10,100000,20000,"V_feasible",0.92049,-0.0295099999999999,0.000855500788427457,NA,NA,0.07951,1.27266684045787,0.92005,0.00191778514828956,20000,0.558276708072772,0.00074551310879415,0.105431474938361,0.553412596876864,0.484410644099383,0.62571341935597,0.695441044634604,0.740033269212961,0.558276708072772,0.954786818496598,1.10083510849416,0,0,0,1e-05
"student_t5_phi080_N400_M20_Q20","student_t5_phi080_N400","student_t5","extreme_distribution_dependence","student_t5_phi_0.8","student_t5, phi = 0.8",0.8,400,20,20,400,0.5,NA,"Balanced extreme-distribution design","Standardized t(5)",6,0,6,"outside formal 8+delta moment assumption","extreme","phi = 0.8",0.5,10,358625662,"student_t5_phi080_N400","student_t5","Standardized t(5)","outside formal 8+delta moment assumption","extreme",0.8,"phi = 0.8",400,20,20,10,100000,20000,"VK_asym_full_oracle",0.9323,-0.0176999999999999,0.000794460257029891,NA,NA,0.0677,1.15891546254975,0.9326,0.00177281189075435,20000,0.58192070317641,0.000730694669880904,0.103335831209931,0.576691113384541,0.509405780451695,0.647580884193227,0.716048670918061,0.76042631872847,0.58192070317641,0.995223710337353,1.14745740087853,0,0,0,1e-05
"student_t5_phi080_N400_M20_Q20","student_t5_phi080_N400","student_t5","extreme_distribution_dependence","student_t5_phi_0.8","student_t5, phi = 0.8",0.8,400,20,20,400,0.5,NA,"Balanced extreme-distribution design","Standardized t(5)",6,0,6,"outside formal 8+delta moment assumption","extreme","phi = 0.8",0.5,10,358625662,"student_t5_phi080_N400","student_t5","Standardized t(5)","outside formal 8+delta moment assumption","extreme",0.8,"phi = 0.8",400,20,20,10,100000,20000,"VK_leading_oracle",0.93797,-0.01203,0.000762773092734661,NA,NA,0.06203,1.10168098495309,0.9384,0.00170007999811774,20000,0.597519908294932,0.000751590558521096,0.10629095612121,0.592127455749906,0.523007921306033,0.664903418373122,0.735540617004928,0.780982060081914,0.597519908294932,1.0219020854349,1.17821661474283,0,0,0,1e-05
"student_t5_phi080_N400_M20_Q20","student_t5_phi080_N400","student_t5","extreme_distribution_dependence","student_t5_phi_0.8","student_t5, phi = 0.8",0.8,400,20,20,400,0.5,NA,"Balanced extreme-distribution design","Standardized t(5)",6,0,6,"outside formal 8+delta moment assumption","extreme","phi = 0.8",0.5,10,358625662,"student_t5_phi080_N400","student_t5","Standardized t(5)","outside formal 8+delta moment assumption","extreme",0.8,"phi = 0.8",400,20,20,10,100000,20000,"VK_asym_full_feasible",0.9241,-0.0258999999999999,0.000837491432792002,NA,NA,0.0759,1.23837553947887,0.92345,0.00188002789208033,20000,0.566442896107538,0.000756910926802743,0.107043369819283,0.561524863677094,0.491423983925548,0.634897756673476,0.70561132709069,0.750961944981124,0.566442896107538,0.968752954966584,1.11693756514558,0,0,0,1e-05
"student_t5_phi080_N400_M20_Q20","student_t5_phi080_N400","student_t5","extreme_distribution_dependence","student_t5_phi_0.8","student_t5, phi = 0.8",0.8,400,20,20,400,0.5,NA,"Balanced extreme-distribution design","Standardized t(5)",6,0,6,"outside formal 8+delta moment assumption","extreme","phi = 0.8",0.5,10,358625662,"student_t5_phi080_N400","student_t5","Standardized t(5)","outside formal 8+delta moment assumption","extreme",0.8,"phi = 0.8",400,20,20,10,100000,20000,"F_feasible_leading",0.93032,-0.0196799999999999,0.000805137861487087,NA,NA,0.06968,1.17721682742353,0.93035,0.00179998440965471,20000,0.581923371874173,0.000778574337743859,0.110107038775302,0.576756681779341,0.50453344026707,0.652210768157925,0.725014394420544,0.771776746358802,0.581923371874173,0.995228274449395,1.14746266313674,0,0,0,1e-05
"student_t5_phi080_N1024_M32_Q32","student_t5_phi080_N1024","student_t5","extreme_distribution_dependence","student_t5_phi_0.8","student_t5, phi = 0.8",0.8,1024,32,32,1024,0.5,NA,"Balanced extreme-distribution design","Standardized t(5)",6,0,6,"outside formal 8+delta moment assumption","extreme","phi = 0.8",0.5,13,982627534,"student_t5_phi080_N1024","student_t5","Standardized t(5)","outside formal 8+delta moment assumption","extreme",0.8,"phi = 0.8",1024,32,32,13,100000,20000,"raw",0.92048,-0.02952,0.000855549937759334,NA,NA,0.07952,1.25758328592901,0.9209,0.0019084442616959,20000,0.339279616301183,0.000327895091928666,0.0463713686041093,0.337176525643834,0.307254256065309,0.369328163485946,0.399292013734437,0.4185880931995,0.339279616301183,0.925236880764689,1,0,0,0,0
"student_t5_phi080_N1024_M32_Q32","student_t5_phi080_N1024","student_t5","extreme_distribution_dependence","student_t5_phi_0.8","student_t5, phi = 0.8",0.8,1024,32,32,1024,0.5,NA,"Balanced extreme-distribution design","Standardized t(5)",6,0,6,"outside formal 8+delta moment assumption","extreme","phi = 0.8",0.5,13,982627534,"student_t5_phi080_N1024","student_t5","Standardized t(5)","outside formal 8+delta moment assumption","extreme",0.8,"phi = 0.8",1024,32,32,13,100000,20000,"K_asym_full",0.92443,-0.02557,0.000835818013086581,NA,NA,0.07557,1.2222410473162,0.92465,0.00186644551889414,20000,0.344351402316374,0.000333018860315291,0.0470959788783916,0.342197632449816,0.311854109856249,0.374835260692749,0.405203111065371,0.424925621089439,0.344351402316374,0.939067960638452,1.01494869061243,0,0,0,0
"student_t5_phi080_N1024_M32_Q32","student_t5_phi080_N1024","student_t5","extreme_distribution_dependence","student_t5_phi_0.8","student_t5, phi = 0.8",0.8,1024,32,32,1024,0.5,NA,"Balanced extreme-distribution design","Standardized t(5)",6,0,6,"outside formal 8+delta moment assumption","extreme","phi = 0.8",0.5,13,982627534,"student_t5_phi080_N1024","student_t5","Standardized t(5)","outside formal 8+delta moment assumption","extreme",0.8,"phi = 0.8",1024,32,32,13,100000,20000,"K_leading",0.92704,-0.02296,0.000822416186611134,NA,NA,0.07296,1.19863406940109,0.927,0.00183944285043053,20000,0.347867954003796,0.000336578056133701,0.0475993251781453,0.345690654917991,0.31503917698925,0.378656632660802,0.409349954433393,0.429316447770937,0.347867954003796,0.948657818555026,1.02531345029284,0,0,0,0
"student_t5_phi080_N1024_M32_Q32","student_t5_phi080_N1024","student_t5","extreme_distribution_dependence","student_t5_phi_0.8","student_t5, phi = 0.8",0.8,1024,32,32,1024,0.5,NA,"Balanced extreme-distribution design","Standardized t(5)",6,0,6,"outside formal 8+delta moment assumption","extreme","phi = 0.8",0.5,13,982627534,"student_t5_phi080_N1024","student_t5","Standardized t(5)","outside formal 8+delta moment assumption","extreme",0.8,"phi = 0.8",1024,32,32,13,100000,20000,"V_oracle",0.93952,-0.0104799999999999,0.000753804812932366,NA,NA,0.06048,1.08777858523304,0.9399,0.00168059498392682,20000,0.365944009472564,0.000354961145644233,0.0501990866285566,0.363614359642359,0.33131988780043,0.398314254980227,0.430843963537551,0.451873723056064,0.365944009472564,0.997952360210029,1.0785912029201,0,0,0,0
"student_t5_phi080_N1024_M32_Q32","student_t5_phi080_N1024","student_t5","extreme_distribution_dependence","student_t5_phi_0.8","student_t5, phi = 0.8",0.8,1024,32,32,1024,0.5,NA,"Balanced extreme-distribution design","Standardized t(5)",6,0,6,"outside formal 8+delta moment assumption","extreme","phi = 0.8",0.5,13,982627534,"student_t5_phi080_N1024","student_t5","Standardized t(5)","outside formal 8+delta moment assumption","extreme",0.8,"phi = 0.8",1024,32,32,13,100000,20000,"V_feasible",0.93657,-0.0134299999999999,0.000770756998670787,NA,NA,0.06343,1.11731673213392,0.93675,0.00172118327757389,20000,0.362474192517938,0.000373019408394664,0.0527529106380122,0.359970528199428,0.325834669390311,0.39645226483115,0.430617031300399,0.453152581879505,0.362474192517938,0.988489950853044,1.06836419019103,0,0,0,0
"student_t5_phi080_N1024_M32_Q32","student_t5_phi080_N1024","student_t5","extreme_distribution_dependence","student_t5_phi_0.8","student_t5, phi = 0.8",0.8,1024,32,32,1024,0.5,NA,"Balanced extreme-distribution design","Standardized t(5)",6,0,6,"outside formal 8+delta moment assumption","extreme","phi = 0.8",0.5,13,982627534,"student_t5_phi080_N1024","student_t5","Standardized t(5)","outside formal 8+delta moment assumption","extreme",0.8,"phi = 0.8",1024,32,32,13,100000,20000,"VK_asym_full_oracle",0.94274,-0.00725999999999993,0.000734719622713318,NA,NA,0.05726,1.05720841882947,0.9436,0.00163124247124699,20000,0.371442255499508,0.00036058276713955,0.0509941039646771,0.369088776551669,0.336287166000755,0.404295227858244,0.437373074116869,0.458665279927728,0.371442255499508,1.01294642339339,1.09479685089532,0,0,0,0
"student_t5_phi080_N1024_M32_Q32","student_t5_phi080_N1024","student_t5","extreme_distribution_dependence","student_t5_phi_0.8","student_t5, phi = 0.8",0.8,1024,32,32,1024,0.5,NA,"Balanced extreme-distribution design","Standardized t(5)",6,0,6,"outside formal 8+delta moment assumption","extreme","phi = 0.8",0.5,13,982627534,"student_t5_phi080_N1024","student_t5","Standardized t(5)","outside formal 8+delta moment assumption","extreme",0.8,"phi = 0.8",1024,32,32,13,100000,20000,"VK_leading_oracle",0.94487,-0.00512999999999997,0.000721738755367896,NA,NA,0.05513,1.03678896405024,0.94525,0.0016086086767763,20000,0.375254976712546,0.000364489472497602,0.0515465955348324,0.372840460365609,0.339742908047285,0.408451870008528,0.441954438961514,0.463396548263622,0.375254976712546,1.02334395425845,1.1060345469721,0,0,0,0
"student_t5_phi080_N1024_M32_Q32","student_t5_phi080_N1024","student_t5","extreme_distribution_dependence","student_t5_phi_0.8","student_t5, phi = 0.8",0.8,1024,32,32,1024,0.5,NA,"Balanced extreme-distribution design","Standardized t(5)",6,0,6,"outside formal 8+delta moment assumption","extreme","phi = 0.8",0.5,13,982627534,"student_t5_phi080_N1024","student_t5","Standardized t(5)","outside formal 8+delta moment assumption","extreme",0.8,"phi = 0.8",1024,32,32,13,100000,20000,"VK_asym_full_feasible",0.93961,-0.01039,0.00075327981454437,NA,NA,0.0603900000000001,1.08591644636757,0.93975,0.0016825566483777,20000,0.367973672502106,0.000378952481165569,0.0535919738359283,0.365469033112136,0.33071648779837,0.402429971995732,0.437222185804807,0.459979180700698,0.367973672502106,1.00348737911547,1.08457347515817,0,0,0,0
"student_t5_phi080_N1024_M32_Q32","student_t5_phi080_N1024","student_t5","extreme_distribution_dependence","student_t5_phi_0.8","student_t5, phi = 0.8",0.8,1024,32,32,1024,0.5,NA,"Balanced extreme-distribution design","Standardized t(5)",6,0,6,"outside formal 8+delta moment assumption","extreme","phi = 0.8",0.5,13,982627534,"student_t5_phi080_N1024","student_t5","Standardized t(5)","outside formal 8+delta moment assumption","extreme",0.8,"phi = 0.8",1024,32,32,13,100000,20000,"F_feasible_leading",0.94178,-0.00822000000000001,0.000740475736266895,NA,NA,0.05822,1.06494251031514,0.9419,0.00165415219976881,20000,0.371788598439856,0.000383076163595441,0.0541751505978528,0.369254710796314,0.33410365462506,0.406583641307809,0.441814267544659,0.464738407441992,0.371788598439856,1.01389092240366,1.09581766948774,0,0,0,0
