"design_id","scenario_id_module","innovation_module","module","panel","series","phi_module","N_module","M_module","Q_module","x_order","alpha_nominal","C_nominal","note","innovation_label_module","dist_code","skewness","excess_kurtosis","assumption_status_module","severity_group_module","phi_label_module","alpha_effective","L_module","seed","scenario_id_result","innovation_result","innovation_label_result","assumption_status_result","severity_group_result","phi_result","phi_label_result","N_result","M_result","Q_result","L_result","B_point","B_CI","statistic","coverage","coverage_error","coverage_mcse","gaussian_paired_coverage_error","gaussian_paired_error_mcse","rejection","mean_statistic_finite","ci_subset_coverage","ci_subset_coverage_mcse","n_finite_lengths","mean_length","mean_length_mcse","sd_length","median_length","q25_length","q75_length","q90_length","q95_length","mean_component_length","normalized_mean_length","relative_mean_length_to_raw","disconnected_rate","nonregular_rate","interval_failure_rate","convex_failure_rate"
"gaussian_phi050_N64_M4_Q16","gaussian_phi050_N64","gaussian","block_power","alpha_1_3","alpha = 1/3",0.5,64,4,16,64,0.333333333333333,NA,"M = N^(1/3)","Gaussian",1,0,0,"inside formal moment assumptions","regular","phi = 0.5",0.333333333333333,2,2140086795,"gaussian_phi050_N64","gaussian","Gaussian","inside formal moment assumptions","regular",0.5,"phi = 0.5",64,4,16,2,100000,20000,"raw",0.86366,-0.08634,0.00108513319182486,-0.08602,0.000907752078564605,0.13634,1.8352971360172,0.8587,0.00246307034004309,20000,0.672378199848869,0.00090491648311576,0.127974516323727,0.667673573627405,0.583151516799262,0.755651146086165,0.839598047779854,0.889369570988802,0.672378199848869,0.800638715224887,1,0,0,0,9e-05
"gaussian_phi050_N64_M4_Q16","gaussian_phi050_N64","gaussian","block_power","alpha_1_3","alpha = 1/3",0.5,64,4,16,64,0.333333333333333,NA,"M = N^(1/3)","Gaussian",1,0,0,"inside formal moment assumptions","regular","phi = 0.5",0.333333333333333,2,2140086795,"gaussian_phi050_N64","gaussian","Gaussian","inside formal moment assumptions","regular",0.5,"phi = 0.5",64,4,16,2,100000,20000,"K_asym_full",0.8618,-0.0881999999999999,0.00109133294644668,-0.08788,0.000915412167165347,0.1382,1.85441481451738,0.85665,0.00247791018299695,20000,0.668813135082489,0.000899993920841443,0.127278360890731,0.664210163531083,0.580049421443816,0.751646359914843,0.835187474561975,0.884538836118515,0.668813135082489,0.796393591163921,0.994697828146152,0,0,0,9e-05
"gaussian_phi050_N64_M4_Q16","gaussian_phi050_N64","gaussian","block_power","alpha_1_3","alpha = 1/3",0.5,64,4,16,64,0.333333333333333,NA,"M = N^(1/3)","Gaussian",1,0,0,"inside formal moment assumptions","regular","phi = 0.5",0.333333333333333,2,2140086795,"gaussian_phi050_N64","gaussian","Gaussian","inside formal moment assumptions","regular",0.5,"phi = 0.5",64,4,16,2,100000,20000,"K_leading",0.88115,-0.06885,0.00102335075853785,-0.06853,0.000839370857508387,0.11885,1.66323802951559,0.8772,0.00232077745594014,20000,0.707218059852454,0.00095316096547878,0.134797316450472,0.702287336446838,0.613548493806497,0.795011033061125,0.883242740163798,0.935624626285577,0.707218059852454,0.842124505154059,1.05181586793179,0,0,0,9e-05
"gaussian_phi050_N64_M4_Q16","gaussian_phi050_N64","gaussian","block_power","alpha_1_3","alpha = 1/3",0.5,64,4,16,64,0.333333333333333,NA,"M = N^(1/3)","Gaussian",1,0,0,"inside formal moment assumptions","regular","phi = 0.5",0.333333333333333,2,2140086795,"gaussian_phi050_N64","gaussian","Gaussian","inside formal moment assumptions","regular",0.5,"phi = 0.5",64,4,16,2,100000,20000,"V_oracle",0.91924,-0.03076,0.000861613732481093,-0.03044,0.000687850852574854,0.0807600000000001,1.28861288273548,0.9184,0.00193573551912445,20000,0.806215601576024,0.00109171576659258,0.154391924337177,0.800055596332171,0.699199436522666,0.906527687255376,1.00743414043029,1.06867385904074,0.806215601576024,0.960006471930789,1.19905077493178,0,0,0,9e-05
"gaussian_phi050_N64_M4_Q16","gaussian_phi050_N64","gaussian","block_power","alpha_1_3","alpha = 1/3",0.5,64,4,16,64,0.333333333333333,NA,"M = N^(1/3)","Gaussian",1,0,0,"inside formal moment assumptions","regular","phi = 0.5",0.333333333333333,2,2140086795,"gaussian_phi050_N64","gaussian","Gaussian","inside formal moment assumptions","regular",0.5,"phi = 0.5",64,4,16,2,100000,20000,"V_feasible",0.89818,-0.05182,0.000956308985631736,-0.0515,0.000785419422243102,0.10182,1.49517594102487,0.8954,0.0021640106284397,20000,0.754008305267618,0.00110501219743891,0.15627232362058,0.747595801241178,0.645596754853373,0.856588721250619,0.957615249623207,1.01909025202883,0.754008305267618,0.897840294248165,1.12140504471605,0,0,0,9e-05
"gaussian_phi050_N64_M4_Q16","gaussian_phi050_N64","gaussian","block_power","alpha_1_3","alpha = 1/3",0.5,64,4,16,64,0.333333333333333,NA,"M = N^(1/3)","Gaussian",1,0,0,"inside formal moment assumptions","regular","phi = 0.5",0.333333333333333,2,2140086795,"gaussian_phi050_N64","gaussian","Gaussian","inside formal moment assumptions","regular",0.5,"phi = 0.5",64,4,16,2,100000,20000,"VK_asym_full_oracle",0.91768,-0.0323199999999999,0.000869157164153871,-0.032,0.000693804593274026,0.0823199999999999,1.30203593359731,0.91625,0.0019587743297787,20000,0.801939378395868,0.00108568352388474,0.153538836392282,0.795847621404526,0.695506643397525,0.901667456134337,1.00205307784118,1.06299977607412,0.801939378395868,0.954914531362601,1.19269092688627,0,0,0,9e-05
"gaussian_phi050_N64_M4_Q16","gaussian_phi050_N64","gaussian","block_power","alpha_1_3","alpha = 1/3",0.5,64,4,16,64,0.333333333333333,NA,"M = N^(1/3)","Gaussian",1,0,0,"inside formal moment assumptions","regular","phi = 0.5",0.333333333333333,2,2140086795,"gaussian_phi050_N64","gaussian","Gaussian","inside formal moment assumptions","regular",0.5,"phi = 0.5",64,4,16,2,100000,20000,"VK_leading_oracle",0.93135,-0.0186499999999999,0.000799607262973517,-0.01833,0.000651877565531753,0.06865,1.16780542497903,0.9311,0.00179098841425622,20000,0.847970580437064,0.00115085213605546,0.162755069909567,0.841702225894258,0.735034889172477,0.953710119888886,1.06055812762793,1.12504004825439,0.847970580437064,1.00972648462165,1.26115121017853,0,0,0,9e-05
"gaussian_phi050_N64_M4_Q16","gaussian_phi050_N64","gaussian","block_power","alpha_1_3","alpha = 1/3",0.5,64,4,16,64,0.333333333333333,NA,"M = N^(1/3)","Gaussian",1,0,0,"inside formal moment assumptions","regular","phi = 0.5",0.333333333333333,2,2140086795,"gaussian_phi050_N64","gaussian","Gaussian","inside formal moment assumptions","regular",0.5,"phi = 0.5",64,4,16,2,100000,20000,"VK_asym_full_feasible",0.89683,-0.0531699999999999,0.000961904106967009,-0.05285,0.000791312224567754,0.10317,1.51075069041055,0.89385,0.00217809753569485,20000,0.749896428073319,0.00109897184870749,0.155418089310836,0.743525218091003,0.642016222617841,0.851872674469122,0.952441866641265,1.01359355878697,0.749896428073319,0.892944049731692,1.11528962158778,0,0,0,9e-05
"gaussian_phi050_N64_M4_Q16","gaussian_phi050_N64","gaussian","block_power","alpha_1_3","alpha = 1/3",0.5,64,4,16,64,0.333333333333333,NA,"M = N^(1/3)","Gaussian",1,0,0,"inside formal moment assumptions","regular","phi = 0.5",0.333333333333333,2,2140086795,"gaussian_phi050_N64","gaussian","Gaussian","inside formal moment assumptions","regular",0.5,"phi = 0.5",64,4,16,2,100000,20000,"F_feasible_leading",0.91224,-0.0377599999999999,0.000894752381388281,-0.03744,0.000728139935642634,0.0877599999999999,1.35500319655379,0.9111,0.00201242130280913,20000,0.794241528246778,0.00116418160133788,0.164640140967725,0.787410421936984,0.680231718533024,0.90206645592755,1.00846659996425,1.0738178510169,0.794241528246778,0.945748266223806,1.18124223602922,0,0,0,9e-05
"gaussian_phi050_N64_M8_Q8","gaussian_phi050_N64","gaussian","block_power","alpha_1_2","alpha = 1/2",0.5,64,8,8,64,0.5,NA,"M = Q = sqrt(N)","Gaussian",1,0,0,"inside formal moment assumptions","regular","phi = 0.5",0.5,4,2140086795,"gaussian_phi050_N64","gaussian","Gaussian","inside formal moment assumptions","regular",0.5,"phi = 0.5",64,8,8,4,100000,20000,"raw",0.8513,-0.0987,0.00112511470526342,-0.09838,0.000993188612619075,0.1487,2.02673952658195,0.85005,0.00252452963440717,20000,0.681536741717155,0.0013146097490365,0.18591389363153,0.674626082672711,0.551522341300691,0.802777269480435,0.923677533890547,0.999346329914532,0.681536741717155,0.811544308529973,1,0,0,0,0.01142
"gaussian_phi050_N64_M8_Q8","gaussian_phi050_N64","gaussian","block_power","alpha_1_2","alpha = 1/2",0.5,64,8,8,64,0.5,NA,"M = Q = sqrt(N)","Gaussian",1,0,0,"inside formal moment assumptions","regular","phi = 0.5",0.5,4,2140086795,"gaussian_phi050_N64","gaussian","Gaussian","inside formal moment assumptions","regular",0.5,"phi = 0.5",64,8,8,4,100000,20000,"K_asym_full",0.86438,-0.0856199999999999,0.00108271517768987,-0.0853,0.000952600742431867,0.13562,1.85784456603346,0.863,0.00243136792773122,20000,0.710293560285201,0.00137153646172955,0.193964546546714,0.702987887103822,0.574472936689101,0.836539048136924,0.962842173813959,1.04195913468011,0.710293560285201,0.845786677300184,1.04219408405715,0,0,0,0.01142
"gaussian_phi050_N64_M8_Q8","gaussian_phi050_N64","gaussian","block_power","alpha_1_2","alpha = 1/2",0.5,64,8,8,64,0.5,NA,"M = Q = sqrt(N)","Gaussian",1,0,0,"inside formal moment assumptions","regular","phi = 0.5",0.5,4,2140086795,"gaussian_phi050_N64","gaussian","Gaussian","inside formal moment assumptions","regular",0.5,"phi = 0.5",64,8,8,4,100000,20000,"K_leading",0.88136,-0.0686399999999999,0.00102256809259824,-0.06832,0.0009011836091047,0.11864,1.64672586534784,0.87985,0.00229906478268882,20000,0.751756031591543,0.00145397754622,0.205623476525028,0.743938549002559,0.607883963835545,0.885451932022185,1.0186656752147,1.10345738069154,0.751756031591543,0.895158384717557,1.10303082075585,0,0,0,0.01142
"gaussian_phi050_N64_M8_Q8","gaussian_phi050_N64","gaussian","block_power","alpha_1_2","alpha = 1/2",0.5,64,8,8,64,0.5,NA,"M = Q = sqrt(N)","Gaussian",1,0,0,"inside formal moment assumptions","regular","phi = 0.5",0.5,4,2140086795,"gaussian_phi050_N64","gaussian","Gaussian","inside formal moment assumptions","regular",0.5,"phi = 0.5",64,8,8,4,100000,20000,"V_oracle",0.87537,-0.07463,0.00104449683149352,-0.07431,0.000919287055215562,0.12463,1.72623226964859,0.87385,0.00234772419057265,20000,0.735329875265007,0.00142126475582423,0.200997189340951,0.727528761577237,0.594680505758917,0.866134018173481,0.996704692709444,1.07924018654038,0.735329875265007,0.875598832221184,1.07892917616198,0,0,0,0.01142
"gaussian_phi050_N64_M8_Q8","gaussian_phi050_N64","gaussian","block_power","alpha_1_2","alpha = 1/2",0.5,64,8,8,64,0.5,NA,"M = Q = sqrt(N)","Gaussian",1,0,0,"inside formal moment assumptions","regular","phi = 0.5",0.5,4,2140086795,"gaussian_phi050_N64","gaussian","Gaussian","inside formal moment assumptions","regular",0.5,"phi = 0.5",64,8,8,4,100000,20000,"V_feasible",0.86867,-0.0813299999999999,0.00106809377444118,-0.08101,0.000956495137378899,0.13133,1.80259752604213,0.86715,0.00240000914060759,20000,0.734050684836774,0.00154317127546343,0.218237374682496,0.726066075329856,0.581389070451977,0.876500361380584,1.0177100043502,1.10555189277475,0.734050684836774,0.874075627897757,1.07705225544746,0,0,0,0.01142
"gaussian_phi050_N64_M8_Q8","gaussian_phi050_N64","gaussian","block_power","alpha_1_2","alpha = 1/2",0.5,64,8,8,64,0.5,NA,"M = Q = sqrt(N)","Gaussian",1,0,0,"inside formal moment assumptions","regular","phi = 0.5",0.5,4,2140086795,"gaussian_phi050_N64","gaussian","Gaussian","inside formal moment assumptions","regular",0.5,"phi = 0.5",64,8,8,4,100000,20000,"VK_asym_full_oracle",0.88699,-0.06301,0.00100119298788995,-0.06269,0.000881820511824346,0.11301,1.58237958051121,0.8852,0.00225411800933314,20000,0.765858066037323,0.00148211740129876,0.209603052994587,0.758016289352,0.619183437785307,0.902192986898942,1.0382612965809,1.12478307809229,0.765858066037323,0.911950473966233,1.12372234563278,0,0,0,0.01142
"gaussian_phi050_N64_M8_Q8","gaussian_phi050_N64","gaussian","block_power","alpha_1_2","alpha = 1/2",0.5,64,8,8,64,0.5,NA,"M = Q = sqrt(N)","Gaussian",1,0,0,"inside formal moment assumptions","regular","phi = 0.5",0.5,4,2140086795,"gaussian_phi050_N64","gaussian","Gaussian","inside formal moment assumptions","regular",0.5,"phi = 0.5",64,8,8,4,100000,20000,"VK_leading_oracle",0.90145,-0.04855,0.000942538580112241,-0.04823,0.000837523543225416,0.09855,1.40256371908948,0.90025,0.00211896127265224,20000,0.809716440389474,0.00156996920545936,0.222027174286873,0.80086412663412,0.654832095982302,0.954071237907053,1.09785592485432,1.18988042844956,0.809716440389474,0.96417511852052,1.18807452456542,0,0,0,0.01142
"gaussian_phi050_N64_M8_Q8","gaussian_phi050_N64","gaussian","block_power","alpha_1_2","alpha = 1/2",0.5,64,8,8,64,0.5,NA,"M = Q = sqrt(N)","Gaussian",1,0,0,"inside formal moment assumptions","regular","phi = 0.5",0.5,4,2140086795,"gaussian_phi050_N64","gaussian","Gaussian","inside formal moment assumptions","regular",0.5,"phi = 0.5",64,8,8,4,100000,20000,"VK_asym_full_feasible",0.8811,-0.0689,0.00102353695585455,-0.06858,0.000915628865732289,0.1189,1.65238106553862,0.8802,0.00229617028985221,20000,0.765813033136898,0.00160802292528424,0.227408782954382,0.757460873844776,0.606639830688089,0.914178137761709,1.06154543138475,1.15405361313053,0.765813033136898,0.911896850747118,1.12365627010424,0,0,0,0.01142
"gaussian_phi050_N64_M8_Q8","gaussian_phi050_N64","gaussian","block_power","alpha_1_2","alpha = 1/2",0.5,64,8,8,64,0.5,NA,"M = Q = sqrt(N)","Gaussian",1,0,0,"inside formal moment assumptions","regular","phi = 0.5",0.5,4,2140086795,"gaussian_phi050_N64","gaussian","Gaussian","inside formal moment assumptions","regular",0.5,"phi = 0.5",64,8,8,4,100000,20000,"F_feasible_leading",0.89645,-0.05355,0.000963469758217662,-0.05323,0.000869697208649279,0.10355,1.46461048990923,0.8947,0.00217039063304282,20000,0.811544650248529,0.00170112783951997,0.240575806197958,0.802674544720616,0.643144807187218,0.968503661816293,1.12469261539691,1.22192919616258,0.811544650248529,0.966352071302517,1.190757006297,0,0,0,0.01142
"gaussian_phi050_N64_M16_Q4","gaussian_phi050_N64","gaussian","block_power","alpha_2_3","alpha = 2/3",0.5,64,16,4,64,0.666666666666667,NA,"M = N^(2/3); smallest Q values are boundary designs","Gaussian",1,0,0,"inside formal moment assumptions","regular","phi = 0.5",0.666666666666667,5,2140086795,"gaussian_phi050_N64","gaussian","Gaussian","inside formal moment assumptions","regular",0.5,"phi = 0.5",64,16,4,5,100000,20000,"raw",0.74495,-0.20505,0.00137840305244874,-0.20473,0.00130605257502648,0.25505,1.85291897900496,0.74105,0.00309753851872741,20000,0.564319664449905,0.00167887022924711,0.23742810476657,0.54743822481711,0.390008865911246,0.716308198859934,0.879428125989754,0.989723521848419,0.564319664449905,0.671967311288299,1,0,0,0,0.13618
"gaussian_phi050_N64_M16_Q4","gaussian_phi050_N64","gaussian","block_power","alpha_2_3","alpha = 2/3",0.5,64,16,4,64,0.666666666666667,NA,"M = N^(2/3); smallest Q values are boundary designs","Gaussian",1,0,0,"inside formal moment assumptions","regular","phi = 0.5",0.666666666666667,5,2140086795,"gaussian_phi050_N64","gaussian","Gaussian","inside formal moment assumptions","regular",0.5,"phi = 0.5",64,16,4,5,100000,20000,"K_asym_full",0.78292,-0.16708,0.00130367278716709,-0.16676,0.001233015096121,0.21708,1.35108675552445,0.78005,0.00292892469602754,20000,0.630940822302832,0.00188045451411213,0.265936427728309,0.611474360819471,0.435935946484095,0.800112408866338,0.983514257224332,1.10588940362783,0.630940822302832,0.751296888365829,1.11805570858118,0,0,0,0.13618
"gaussian_phi050_N64_M16_Q4","gaussian_phi050_N64","gaussian","block_power","alpha_2_3","alpha = 2/3",0.5,64,16,4,64,0.666666666666667,NA,"M = N^(2/3); smallest Q values are boundary designs","Gaussian",1,0,0,"inside formal moment assumptions","regular","phi = 0.5",0.666666666666667,5,2140086795,"gaussian_phi050_N64","gaussian","Gaussian","inside formal moment assumptions","regular",0.5,"phi = 0.5",64,16,4,5,100000,20000,"K_leading",0.79844,-0.15156,0.0012685959419768,-0.15124,0.00120194803165141,0.20156,1.1580743618781,0.7958,0.00285045926124195,20000,0.662628765426856,0.0019768266782917,0.279565509890108,0.64234097762072,0.457718463353778,0.840093686414295,1.03328977412434,1.16243311391499,0.662628765426856,0.789029512767752,1.17420817875057,0,0,0,0.13618
"gaussian_phi050_N64_M16_Q4","gaussian_phi050_N64","gaussian","block_power","alpha_2_3","alpha = 2/3",0.5,64,16,4,64,0.666666666666667,NA,"M = N^(2/3); smallest Q values are boundary designs","Gaussian",1,0,0,"inside formal moment assumptions","regular","phi = 0.5",0.666666666666667,5,2140086795,"gaussian_phi050_N64","gaussian","Gaussian","inside formal moment assumptions","regular",0.5,"phi = 0.5",64,16,4,5,100000,20000,"V_oracle",0.75334,-0.19666,0.00136315385925434,-0.19634,0.00129101615451826,0.24666,1.73464996105144,0.7506,0.00305940876641223,20000,0.57827035661248,0.00172097417215187,0.243382501475099,0.560952434340654,0.399614049980064,0.733955004284568,0.901258241206689,1.01392823328755,0.57827035661248,0.688579188728783,1.02472125825382,0,0,0,0.13618
"gaussian_phi050_N64_M16_Q4","gaussian_phi050_N64","gaussian","block_power","alpha_2_3","alpha = 2/3",0.5,64,16,4,64,0.666666666666667,NA,"M = N^(2/3); smallest Q values are boundary designs","Gaussian",1,0,0,"inside formal moment assumptions","regular","phi = 0.5",0.666666666666667,5,2140086795,"gaussian_phi050_N64","gaussian","Gaussian","inside formal moment assumptions","regular",0.5,"phi = 0.5",64,16,4,5,100000,20000,"V_feasible",0.75019,-0.19981,0.0013689593270072,-0.19949,0.00129982856352018,0.24981,1.78136240310304,0.7474,0.00307240329384018,20000,0.578310746773846,0.00177202566432666,0.250602272736395,0.559535516584467,0.39391780207547,0.738271106138571,0.911613043048421,1.0303145709913,0.578310746773846,0.688627283576163,1.02479283144879,0,0,0,0.13618
"gaussian_phi050_N64_M16_Q4","gaussian_phi050_N64","gaussian","block_power","alpha_2_3","alpha = 2/3",0.5,64,16,4,64,0.666666666666667,NA,"M = N^(2/3); smallest Q values are boundary designs","Gaussian",1,0,0,"inside formal moment assumptions","regular","phi = 0.5",0.666666666666667,5,2140086795,"gaussian_phi050_N64","gaussian","Gaussian","inside formal moment assumptions","regular",0.5,"phi = 0.5",64,16,4,5,100000,20000,"VK_asym_full_oracle",0.78994,-0.16006,0.00128815680877757,-0.15974,0.00121919899461158,0.21006,1.26484892993334,0.7873,0.00289360251244016,20000,0.644618660936503,0.00192201181380685,0.271813517412696,0.624725933249526,0.445329920975504,0.817462523332986,1.00526462695402,1.1299339289009,0.644618660936503,0.767583863691884,1.14229345802591,0,0,0,0.13618
"gaussian_phi050_N64_M16_Q4","gaussian_phi050_N64","gaussian","block_power","alpha_2_3","alpha = 2/3",0.5,64,16,4,64,0.666666666666667,NA,"M = N^(2/3); smallest Q values are boundary designs","Gaussian",1,0,0,"inside formal moment assumptions","regular","phi = 0.5",0.666666666666667,5,2140086795,"gaussian_phi050_N64","gaussian","Gaussian","inside formal moment assumptions","regular",0.5,"phi = 0.5",64,16,4,5,100000,20000,"VK_leading_oracle",0.80461,-0.14539,0.00125384507775084,-0.14507,0.00118998366022863,0.19539,1.08415622565715,0.80165,0.00281963896181763,20000,0.675830448168046,0.00201707730791519,0.285257808520867,0.654889490302697,0.466688066059977,0.857121673289212,1.05432423111745,1.18619188147795,0.675830448168046,0.804749502367486,1.19760215839163,0,0,0,0.13618
"gaussian_phi050_N64_M16_Q4","gaussian_phi050_N64","gaussian","block_power","alpha_2_3","alpha = 2/3",0.5,64,16,4,64,0.666666666666667,NA,"M = N^(2/3); smallest Q values are boundary designs","Gaussian",1,0,0,"inside formal moment assumptions","regular","phi = 0.5",0.666666666666667,5,2140086795,"gaussian_phi050_N64","gaussian","Gaussian","inside formal moment assumptions","regular",0.5,"phi = 0.5",64,16,4,5,100000,20000,"VK_asym_full_feasible",0.7873,-0.1627,0.00129405838353608,-0.16238,0.00122830877364954,0.2127,1.29891008559597,0.7847,0.0029064231453799,20000,0.645671684992274,0.00197333133251475,0.279071193349813,0.624569409280187,0.440421801822285,0.823212317088139,1.0170231791995,1.14704443927424,0.645671684992274,0.768837758936113,1.14415946433777,0,0,0,0.13618
"gaussian_phi050_N64_M16_Q4","gaussian_phi050_N64","gaussian","block_power","alpha_2_3","alpha = 2/3",0.5,64,16,4,64,0.666666666666667,NA,"M = N^(2/3); smallest Q values are boundary designs","Gaussian",1,0,0,"inside formal moment assumptions","regular","phi = 0.5",0.666666666666667,5,2140086795,"gaussian_phi050_N64","gaussian","Gaussian","inside formal moment assumptions","regular",0.5,"phi = 0.5",64,16,4,5,100000,20000,"F_feasible_leading",0.80226,-0.14774,0.0012595193225989,-0.14742,0.00119945313492367,0.19774,1.1133515019394,0.79915,0.00283292496812041,20000,0.677280371403183,0.00206699877878876,0.292317770637169,0.65534350299864,0.462766732639104,0.863204988317586,1.06609838123027,1.20170853779532,0.677280371403183,0.806476007891336,1.20017148802247,0,0,0,0.13618
"gaussian_phi050_N125_M25_Q5","gaussian_phi050_N125","gaussian","block_power","alpha_2_3","alpha = 2/3",0.5,125,25,5,125,0.666666666666667,NA,"M = N^(2/3); smallest Q values are boundary designs","Gaussian",1,0,0,"inside formal moment assumptions","regular","phi = 0.5",0.666666666666667,7,53603332,"gaussian_phi050_N125","gaussian","Gaussian","inside formal moment assumptions","regular",0.5,"phi = 0.5",125,25,5,7,100000,20000,"V_feasible",0.80899,-0.14101,0.0012430815737513,-0.14157,0.00115883250727955,0.19101,1.88520789968004,0.80305,0.00281212284137802,20000,0.465615448027178,0.00125166300909242,0.177011880297923,0.453370254505791,0.336170480210533,0.579478418194322,0.702769343908021,0.776345899789381,0.465615448027178,0.770854393944408,1.0214533404537,0,0,0,0.06654
"gaussian_phi050_N125_M25_Q5","gaussian_phi050_N125","gaussian","block_power","alpha_2_3","alpha = 2/3",0.5,125,25,5,125,0.666666666666667,NA,"M = N^(2/3); smallest Q values are boundary designs","Gaussian",1,0,0,"inside formal moment assumptions","regular","phi = 0.5",0.666666666666667,7,53603332,"gaussian_phi050_N125","gaussian","Gaussian","inside formal moment assumptions","regular",0.5,"phi = 0.5",125,25,5,7,100000,20000,"VK_asym_full_oracle",0.84645,-0.10355,0.00114005437370329,-0.10411,0.0010613775691164,0.15355,1.39623312264546,0.8417,0.00258109579442531,20000,0.519647925054933,0.00135331266778544,0.191387312891348,0.507112310521138,0.380215885374801,0.642710723972691,0.774845294932692,0.854594514564754,0.519647925054933,0.860308411222017,1.13998818371724,0,0,0,0.06654
"gaussian_phi050_N125_M25_Q5","gaussian_phi050_N125","gaussian","block_power","alpha_2_3","alpha = 2/3",0.5,125,25,5,125,0.666666666666667,NA,"M = N^(2/3); smallest Q values are boundary designs","Gaussian",1,0,0,"inside formal moment assumptions","regular","phi = 0.5",0.666666666666667,7,53603332,"gaussian_phi050_N125","gaussian","Gaussian","inside formal moment assumptions","regular",0.5,"phi = 0.5",125,25,5,7,100000,20000,"VK_leading_oracle",0.85394,-0.0960599999999999,0.00111681008412353,-0.09662,0.00104233229853354,0.14606,1.2973847599803,0.8483,0.00253660314199916,20000,0.534235358376744,0.00139211901613209,0.196875359305149,0.521278110118118,0.3908660597787,0.660419745088791,0.79672297034983,0.879200745080123,0.534235358376744,0.884458784926613,1.17198966167152,0,0,0,0.06654
"gaussian_phi050_N125_M25_Q5","gaussian_phi050_N125","gaussian","block_power","alpha_2_3","alpha = 2/3",0.5,125,25,5,125,0.666666666666667,NA,"M = N^(2/3); smallest Q values are boundary designs","Gaussian",1,0,0,"inside formal moment assumptions","regular","phi = 0.5",0.666666666666667,7,53603332,"gaussian_phi050_N125","gaussian","Gaussian","inside formal moment assumptions","regular",0.5,"phi = 0.5",125,25,5,7,100000,20000,"VK_asym_full_feasible",0.84467,-0.10533,0.00114543699564839,-0.10589,0.00107097364526187,0.15533,1.4201899510923,0.8391,0.00259818388494733,20000,0.522014056958313,0.00140149113651199,0.198200777280093,0.508261080020146,0.376924482480422,0.649062767158759,0.786834626582358,0.870590377494962,0.522014056958313,0.864225684976788,1.14517893360946,0,0,0,0.06654
"gaussian_phi050_N125_M25_Q5","gaussian_phi050_N125","gaussian","block_power","alpha_2_3","alpha = 2/3",0.5,125,25,5,125,0.666666666666667,NA,"M = N^(2/3); smallest Q values are boundary designs","Gaussian",1,0,0,"inside formal moment assumptions","regular","phi = 0.5",0.666666666666667,7,53603332,"gaussian_phi050_N125","gaussian","Gaussian","inside formal moment assumptions","regular",0.5,"phi = 0.5",125,25,5,7,100000,20000,"F_feasible_leading",0.85247,-0.09753,0.00112144950443611,-0.09809,0.00105161522333303,0.14753,1.31964552977603,0.8476,0.00254139961438574,20000,0.536854094380567,0.00144078226280914,0.203757381649129,0.522906745679383,0.387563420096143,0.667472534837358,0.809383346591785,0.894807596810844,0.536854094380567,0.888794259970837,1.17773456693659,0,0,0,0.06654
"gaussian_phi050_N125_M25_Q5","gaussian_phi050_N125","gaussian","block_power","alpha_2_3","alpha = 2/3",0.5,125,25,5,125,0.666666666666667,NA,"M = N^(2/3); smallest Q values are boundary designs","Gaussian",1,0,0,"inside formal moment assumptions","regular","phi = 0.5",0.666666666666667,7,53603332,"gaussian_phi050_N125","gaussian","Gaussian","inside formal moment assumptions","regular",0.5,"phi = 0.5",125,25,5,7,100000,20000,"raw",0.80511,-0.14489,0.00125262878739074,-0.14545,0.00116179020161332,0.19489,1.93694062432409,0.7988,0.00283477124297535,20000,0.455836238021764,0.00118444968202446,0.167506480426749,0.445081451584229,0.334092399441398,0.563669781373861,0.679037386928125,0.748516970051621,0.455836238021764,0.754664323288637,1,0,0,0,0.06654
"gaussian_phi050_N125_M25_Q5","gaussian_phi050_N125","gaussian","block_power","alpha_2_3","alpha = 2/3",0.5,125,25,5,125,0.666666666666667,NA,"M = N^(2/3); smallest Q values are boundary designs","Gaussian",1,0,0,"inside formal moment assumptions","regular","phi = 0.5",0.666666666666667,7,53603332,"gaussian_phi050_N125","gaussian","Gaussian","inside formal moment assumptions","regular",0.5,"phi = 0.5",125,25,5,7,100000,20000,"K_asym_full",0.84174,-0.10826,0.0011541827082399,-0.10882,0.00107321647114454,0.15826,1.45916193699081,0.8363,0.00261631716349528,20000,0.510914854562963,0.00133011830309867,0.188107134380282,0.498657603438906,0.374084439508175,0.631985067141054,0.761284114725467,0.839968865416516,0.510914854562963,0.845850287485177,1.12082983305634,0,0,0,0.06654
"gaussian_phi050_N125_M25_Q5","gaussian_phi050_N125","gaussian","block_power","alpha_2_3","alpha = 2/3",0.5,125,25,5,125,0.666666666666667,NA,"M = N^(2/3); smallest Q values are boundary designs","Gaussian",1,0,0,"inside formal moment assumptions","regular","phi = 0.5",0.666666666666667,7,53603332,"gaussian_phi050_N125","gaussian","Gaussian","inside formal moment assumptions","regular",0.5,"phi = 0.5",125,25,5,7,100000,20000,"K_leading",0.84938,-0.10062,0.0011310774314785,-0.10118,0.00105386772527287,0.15062,1.35585843702686,0.84445,0.00256275435323013,20000,0.525472853326005,0.00136879889933999,0.193577396760798,0.5127583904819,0.384445760394463,0.649634533456132,0.783403725608898,0.86434530022728,0.525472853326005,0.869951930506423,1.15276673834983,0,0,0,0.06654
"gaussian_phi050_N125_M25_Q5","gaussian_phi050_N125","gaussian","block_power","alpha_2_3","alpha = 2/3",0.5,125,25,5,125,0.666666666666667,NA,"M = N^(2/3); smallest Q values are boundary designs","Gaussian",1,0,0,"inside formal moment assumptions","regular","phi = 0.5",0.666666666666667,7,53603332,"gaussian_phi050_N125","gaussian","Gaussian","inside formal moment assumptions","regular",0.5,"phi = 0.5",125,25,5,7,100000,20000,"V_oracle",0.81138,-0.13862,0.00123710345404093,-0.13918,0.00114808643273256,0.18862,1.85340679997185,0.8053,0.00279992776692543,20000,0.464250103941103,0.00120663646857121,0.170644165870738,0.453323996284526,0.340092912420948,0.573993873200121,0.691342802673351,0.762388865849819,0.464250103941103,0.768593984646442,1.01845808915029,0,0,0,0.06654
"gaussian_phi050_N125_M5_Q25","gaussian_phi050_N125","gaussian","block_power","alpha_1_3","alpha = 1/3",0.5,125,5,25,125,0.333333333333333,NA,"M = N^(1/3)","Gaussian",1,0,0,"inside formal moment assumptions","regular","phi = 0.5",0.333333333333333,2,53603332,"gaussian_phi050_N125","gaussian","Gaussian","inside formal moment assumptions","regular",0.5,"phi = 0.5",125,5,25,2,100000,20000,"VK_asym_full_oracle",0.93773,-0.01227,0.000764149508277013,-0.01283,0.000565205365837105,0.06227,1.11495198515368,0.935,0.00174320107847603,20000,0.599067331287539,0.000632041254764639,0.0893841314467462,0.59637921031873,0.537314598482693,0.658564386324832,0.715824149190157,0.75059397322375,0.599067331287539,0.991792017529012,1.16587543885967,0,0,0,0
"gaussian_phi050_N125_M5_Q25","gaussian_phi050_N125","gaussian","block_power","alpha_1_3","alpha = 1/3",0.5,125,5,25,125,0.333333333333333,NA,"M = N^(1/3)","Gaussian",1,0,0,"inside formal moment assumptions","regular","phi = 0.5",0.333333333333333,2,53603332,"gaussian_phi050_N125","gaussian","Gaussian","inside formal moment assumptions","regular",0.5,"phi = 0.5",125,5,25,2,100000,20000,"VK_leading_oracle",0.94434,-0.00566,0.000724996306197487,-0.00622,0.000548102289870423,0.05566,1.05508879131993,0.94245,0.00164678470815101,20000,0.61661296608447,0.000651335666681868,0.092112773347882,0.613833466731173,0.552968204220373,0.677773677434946,0.736881198264778,0.772804710973807,0.61661296608447,1.02083987179387,1.20002189218901,0,0,0,0
"gaussian_phi050_N125_M5_Q25","gaussian_phi050_N125","gaussian","block_power","alpha_1_3","alpha = 1/3",0.5,125,5,25,125,0.333333333333333,NA,"M = N^(1/3)","Gaussian",1,0,0,"inside formal moment assumptions","regular","phi = 0.5",0.333333333333333,2,53603332,"gaussian_phi050_N125","gaussian","Gaussian","inside formal moment assumptions","regular",0.5,"phi = 0.5",125,5,25,2,100000,20000,"VK_asym_full_feasible",0.92171,-0.0282899999999999,0.000849474401615493,-0.02885,0.00063842059084001,0.07829,1.26140231785945,0.91825,0.00193735563978326,20000,0.564626826703061,0.000633236045834509,0.0895531004202673,0.562104581533076,0.502610962687383,0.624075817964119,0.681676106112556,0.71582737827515,0.564626826703061,0.934773689633977,1.09884901912371,0,0,0,0
"gaussian_phi050_N125_M5_Q25","gaussian_phi050_N125","gaussian","block_power","alpha_1_3","alpha = 1/3",0.5,125,5,25,125,0.333333333333333,NA,"M = N^(1/3)","Gaussian",1,0,0,"inside formal moment assumptions","regular","phi = 0.5",0.333333333333333,2,53603332,"gaussian_phi050_N125","gaussian","Gaussian","inside formal moment assumptions","regular",0.5,"phi = 0.5",125,5,25,2,100000,20000,"F_feasible_leading",0.92906,-0.02094,0.000811834443713742,-0.0215,0.000607931900636871,0.07094,1.19367601891398,0.9265,0.00184523372503323,20000,0.581339424635031,0.000652423172201724,0.0922665698534155,0.578639460562158,0.517448807934243,0.642585379534896,0.702089132842996,0.737355122499569,0.581339424635031,0.962442401238522,1.13137425699062,0,0,0,0
"gaussian_phi050_N125_M5_Q25","gaussian_phi050_N125","gaussian","block_power","alpha_1_3","alpha = 1/3",0.5,125,5,25,125,0.333333333333333,NA,"M = N^(1/3)","Gaussian",1,0,0,"inside formal moment assumptions","regular","phi = 0.5",0.333333333333333,2,53603332,"gaussian_phi050_N125","gaussian","Gaussian","inside formal moment assumptions","regular",0.5,"phi = 0.5",125,5,25,2,100000,20000,"raw",0.89432,-0.05568,0.000972171474586659,-0.05624,0.000757348242068071,0.10568,1.49725246599931,0.8891,0.00222037372980316,20000,0.513834764263909,0.000539433629536155,0.0762874354890175,0.511824611395735,0.461027319975578,0.564740206288954,0.613447646178234,0.643004559929402,0.513834764263909,0.850684373708973,1,0,0,0,0
"gaussian_phi050_N125_M5_Q25","gaussian_phi050_N125","gaussian","block_power","alpha_1_3","alpha = 1/3",0.5,125,5,25,125,0.333333333333333,NA,"M = N^(1/3)","Gaussian",1,0,0,"inside formal moment assumptions","regular","phi = 0.5",0.333333333333333,2,53603332,"gaussian_phi050_N125","gaussian","Gaussian","inside formal moment assumptions","regular",0.5,"phi = 0.5",125,5,25,2,100000,20000,"K_asym_full",0.89552,-0.05448,0.000967284495895597,-0.05504,0.0007513398892088,0.10448,1.48727078289265,0.8902,0.00221070079386605,20000,0.515619992266765,0.000541355796681097,0.07655927097357,0.513593164620561,0.462608531885835,0.566711302226354,0.615575393016966,0.645256713888093,0.515619992266765,0.853639926098881,1.00347432312295,0,0,0,0
"gaussian_phi050_N125_M5_Q25","gaussian_phi050_N125","gaussian","block_power","alpha_1_3","alpha = 1/3",0.5,125,5,25,125,0.333333333333333,NA,"M = N^(1/3)","Gaussian",1,0,0,"inside formal moment assumptions","regular","phi = 0.5",0.333333333333333,2,53603332,"gaussian_phi050_N125","gaussian","Gaussian","inside formal moment assumptions","regular",0.5,"phi = 0.5",125,5,25,2,100000,20000,"K_leading",0.90479,-0.04521,0.000928143609039032,-0.04577,0.000707923783016806,0.09521,1.40741731803935,0.89995,0.00212179166625755,20000,0.530600086741589,0.000557512681009916,0.0788441994679208,0.528423255809423,0.476045964609856,0.583246118639565,0.633507343814948,0.664150239400047,0.530600086741589,0.878440373971792,1.03262784779013,0,0,0,0
"gaussian_phi050_N125_M5_Q25","gaussian_phi050_N125","gaussian","block_power","alpha_1_3","alpha = 1/3",0.5,125,5,25,125,0.333333333333333,NA,"M = N^(1/3)","Gaussian",1,0,0,"inside formal moment assumptions","regular","phi = 0.5",0.333333333333333,2,53603332,"gaussian_phi050_N125","gaussian","Gaussian","inside formal moment assumptions","regular",0.5,"phi = 0.5",125,5,25,2,100000,20000,"V_oracle",0.93686,-0.0131399999999999,0.000769112088059991,-0.0137,0.000569145270790677,0.06314,1.1224348843829,0.9342,0.00175314517368072,20000,0.596976674265629,0.000629747790983916,0.0890597866883951,0.594303951068967,0.535427330302107,0.656291961228275,0.713265957552481,0.747948724883821,0.596976674265629,0.988330809018001,1.16180670476982,0,0,0,0
"gaussian_phi050_N125_M5_Q25","gaussian_phi050_N125","gaussian","block_power","alpha_1_3","alpha = 1/3",0.5,125,5,25,125,0.333333333333333,NA,"M = N^(1/3)","Gaussian",1,0,0,"inside formal moment assumptions","regular","phi = 0.5",0.333333333333333,2,53603332,"gaussian_phi050_N125","gaussian","Gaussian","inside formal moment assumptions","regular",0.5,"phi = 0.5",125,5,25,2,100000,20000,"V_feasible",0.92069,-0.0293099999999999,0.000854516962382842,-0.02987,0.000644190950588262,0.07931,1.26986810522763,0.9167,0.00195398451887419,20000,0.56263646672613,0.000630954546923022,0.0892304477499509,0.560090563578519,0.500853056453692,0.621849001210715,0.679316297755541,0.713252047787913,0.56263646672613,0.931478528916588,1.09497547822038,0,0,0,0
"gaussian_phi050_N216_M36_Q6","gaussian_phi050_N216","gaussian","block_power","alpha_2_3","alpha = 2/3",0.5,216,36,6,216,0.666666666666667,NA,"M = N^(2/3); smallest Q values are boundary designs","Gaussian",1,0,0,"inside formal moment assumptions","regular","phi = 0.5",0.666666666666667,9,144603605,"gaussian_phi050_N216","gaussian","Gaussian","inside formal moment assumptions","regular",0.5,"phi = 0.5",216,36,6,9,100000,20000,"V_feasible",0.84021,-0.10979,0.00115869390220196,-0.10899,0.00105447755700592,0.15979,1.88319354964039,0.838,0.00260534066870342,20000,0.382436509535742,0.000914579985475721,0.129341141933475,0.373475123171138,0.28837737979534,0.466337504890121,0.553350144696625,0.608999252096943,0.382436509535742,0.83040905570144,1.01783042764051,0,0,0,0.03397
"gaussian_phi050_N216_M36_Q6","gaussian_phi050_N216","gaussian","block_power","alpha_2_3","alpha = 2/3",0.5,216,36,6,216,0.666666666666667,NA,"M = N^(2/3); smallest Q values are boundary designs","Gaussian",1,0,0,"inside formal moment assumptions","regular","phi = 0.5",0.666666666666667,9,144603605,"gaussian_phi050_N216","gaussian","Gaussian","inside formal moment assumptions","regular",0.5,"phi = 0.5",216,36,6,9,100000,20000,"VK_asym_full_oracle",0.87382,-0.0761799999999999,0.00105004098777143,-0.07538,0.000955189865878402,0.12618,1.4540660077112,0.8715,0.00236630249545573,20000,0.424074293057403,0.000983220054353129,0.139048313566341,0.415128680060273,0.323507685947034,0.514409725180254,0.607471725767945,0.666936009493988,0.424074293057403,0.920819860197322,1.12864673819439,0,0,0,0.03397
"gaussian_phi050_N216_M36_Q6","gaussian_phi050_N216","gaussian","block_power","alpha_2_3","alpha = 2/3",0.5,216,36,6,216,0.666666666666667,NA,"M = N^(2/3); smallest Q values are boundary designs","Gaussian",1,0,0,"inside formal moment assumptions","regular","phi = 0.5",0.666666666666667,9,144603605,"gaussian_phi050_N216","gaussian","Gaussian","inside formal moment assumptions","regular",0.5,"phi = 0.5",216,36,6,9,100000,20000,"VK_leading_oracle",0.87855,-0.0714499999999999,0.00103295642454075,-0.07065,0.000942016267877837,0.12145,1.39659304297953,0.8761,0.00232968656690122,20000,0.431321121608511,0.00100050189889541,0.141492335459793,0.422214521162083,0.329053251124007,0.52331068917163,0.618286950405986,0.678510700079103,0.431321121608511,0.93655536636346,1.14793371111485,0,0,0,0.03397
"gaussian_phi050_N216_M36_Q6","gaussian_phi050_N216","gaussian","block_power","alpha_2_3","alpha = 2/3",0.5,216,36,6,216,0.666666666666667,NA,"M = N^(2/3); smallest Q values are boundary designs","Gaussian",1,0,0,"inside formal moment assumptions","regular","phi = 0.5",0.666666666666667,9,144603605,"gaussian_phi050_N216","gaussian","Gaussian","inside formal moment assumptions","regular",0.5,"phi = 0.5",216,36,6,9,100000,20000,"VK_asym_full_feasible",0.87262,-0.07738,0.00105429756520633,-0.07658,0.000965279417393501,0.12738,1.47051841993524,0.8702,0.00237646754659095,20000,0.426279926650841,0.00102013280041392,0.144268564176701,0.41618521804782,0.321624664586819,0.51966438225217,0.617232688392228,0.679153442338929,0.426279926650841,0.925609094655542,1.13451689161241,0,0,0,0.03397
"gaussian_phi050_N216_M36_Q6","gaussian_phi050_N216","gaussian","block_power","alpha_2_3","alpha = 2/3",0.5,216,36,6,216,0.666666666666667,NA,"M = N^(2/3); smallest Q values are boundary designs","Gaussian",1,0,0,"inside formal moment assumptions","regular","phi = 0.5",0.666666666666667,9,144603605,"gaussian_phi050_N216","gaussian","Gaussian","inside formal moment assumptions","regular",0.5,"phi = 0.5",216,36,6,9,100000,20000,"F_feasible_leading",0.87736,-0.0726399999999999,0.00103730145280916,-0.07184,0.000952889932779353,0.12264,1.41239516223029,0.87535,0.00233572662676949,20000,0.433664329397757,0.00103791743247071,0.146783690962354,0.423278845466526,0.327215685539343,0.528872288093098,0.627912589799452,0.690821110978058,0.433664329397757,0.941643324544916,1.15417000949827,0,0,0,0.03397
"gaussian_phi050_N216_M36_Q6","gaussian_phi050_N216","gaussian","block_power","alpha_2_3","alpha = 2/3",0.5,216,36,6,216,0.666666666666667,NA,"M = N^(2/3); smallest Q values are boundary designs","Gaussian",1,0,0,"inside formal moment assumptions","regular","phi = 0.5",0.666666666666667,9,144603605,"gaussian_phi050_N216","gaussian","Gaussian","inside formal moment assumptions","regular",0.5,"phi = 0.5",216,36,6,9,100000,20000,"raw",0.83776,-0.11224,0.00116583953612836,-0.11144,0.00105556733855499,0.16224,1.92180752068016,0.8358,0.00261952629305377,20000,0.375736958878593,0.000868591497579901,0.122837387603945,0.36794744729028,0.286892876309332,0.455589171647377,0.53766382585438,0.589944371921718,0.375736958878593,0.815861889319285,1,0,0,0,0.03397
"gaussian_phi050_N216_M36_Q6","gaussian_phi050_N216","gaussian","block_power","alpha_2_3","alpha = 2/3",0.5,216,36,6,216,0.666666666666667,NA,"M = N^(2/3); smallest Q values are boundary designs","Gaussian",1,0,0,"inside formal moment assumptions","regular","phi = 0.5",0.666666666666667,9,144603605,"gaussian_phi050_N216","gaussian","Gaussian","inside formal moment assumptions","regular",0.5,"phi = 0.5",216,36,6,9,100000,20000,"K_asym_full",0.86988,-0.08012,0.00106390218347365,-0.07932,0.00096772555041572,0.13012,1.50067068744469,0.86755,0.00239694594745063,20000,0.418445458731118,0.000969814557549009,0.137152490027267,0.409606693449768,0.319247329687616,0.507449133897396,0.599270348655785,0.657857418624869,0.418445458731118,0.908597609232673,1.11366595391625,0,0,0,0.03397
"gaussian_phi050_N216_M36_Q6","gaussian_phi050_N216","gaussian","block_power","alpha_2_3","alpha = 2/3",0.5,216,36,6,216,0.666666666666667,NA,"M = N^(2/3); smallest Q values are boundary designs","Gaussian",1,0,0,"inside formal moment assumptions","regular","phi = 0.5",0.666666666666667,9,144603605,"gaussian_phi050_N216","gaussian","Gaussian","inside formal moment assumptions","regular",0.5,"phi = 0.5",216,36,6,9,100000,20000,"K_leading",0.87473,-0.0752699999999999,0.00104679237244069,-0.07447,0.000952602364847293,0.12527,1.44135564051012,0.87235,0.00235961307739214,20000,0.425647168860145,0.000986968757170405,0.13957846020289,0.416660233307711,0.324709606609158,0.516357846791299,0.609771641186086,0.669552478125459,0.425647168860145,0.924235146859351,1.13283284702817,0,0,0,0.03397
"gaussian_phi050_N216_M36_Q6","gaussian_phi050_N216","gaussian","block_power","alpha_2_3","alpha = 2/3",0.5,216,36,6,216,0.666666666666667,NA,"M = N^(2/3); smallest Q values are boundary designs","Gaussian",1,0,0,"inside formal moment assumptions","regular","phi = 0.5",0.666666666666667,9,144603605,"gaussian_phi050_N216","gaussian","Gaussian","inside formal moment assumptions","regular",0.5,"phi = 0.5",216,36,6,9,100000,20000,"V_oracle",0.84233,-0.10767,0.00115243295293045,-0.10687,0.00104302392589485,0.15767,1.86212405730604,0.84005,0.00259196833989152,20000,0.381030749722267,0.000881092632287493,0.124605315028798,0.373107149127909,0.290915923251359,0.462076008097852,0.545341672759631,0.598413084666244,0.381030749722267,0.827356638763874,1.01408908737504,0,0,0,0.03397
"gaussian_phi050_N216_M6_Q36","gaussian_phi050_N216","gaussian","block_power","alpha_1_3","alpha = 1/3",0.5,216,6,36,216,0.333333333333333,NA,"M = N^(1/3)","Gaussian",1,0,0,"inside formal moment assumptions","regular","phi = 0.5",0.333333333333333,3,144603605,"gaussian_phi050_N216","gaussian","Gaussian","inside formal moment assumptions","regular",0.5,"phi = 0.5",216,6,36,3,100000,20000,"VK_asym_full_oracle",0.94182,-0.00817999999999997,0.000740237040413407,-0.00738,0.00049624370885502,0.05818,1.06704686770045,0.9413,0.00166214184111946,20000,0.462151753642355,0.000404905700430761,0.057262313303136,0.460674407995895,0.423127093056036,0.500118335737068,0.536236973583072,0.558594222366737,0.462151753642355,1.0034999059028,1.13973019435398,0,0,0,0
"gaussian_phi050_N216_M6_Q36","gaussian_phi050_N216","gaussian","block_power","alpha_1_3","alpha = 1/3",0.5,216,6,36,216,0.333333333333333,NA,"M = N^(1/3)","Gaussian",1,0,0,"inside formal moment assumptions","regular","phi = 0.5",0.333333333333333,3,144603605,"gaussian_phi050_N216","gaussian","Gaussian","inside formal moment assumptions","regular",0.5,"phi = 0.5",216,6,36,3,100000,20000,"VK_leading_oracle",0.94591,-0.00408999999999993,0.000715292051542585,-0.00329,0.000487231087823149,0.05409,1.03375367370044,0.9458,0.00160097407849097,20000,0.469870638958017,0.000411922081872761,0.0582545794825419,0.468402411592673,0.430176406501378,0.508532963635075,0.54517684561323,0.567900632870323,0.469870638958017,1.02026041936379,1.1587660339709,0,0,0,0
"gaussian_phi050_N216_M6_Q36","gaussian_phi050_N216","gaussian","block_power","alpha_1_3","alpha = 1/3",0.5,216,6,36,216,0.333333333333333,NA,"M = N^(1/3)","Gaussian",1,0,0,"inside formal moment assumptions","regular","phi = 0.5",0.333333333333333,3,144603605,"gaussian_phi050_N216","gaussian","Gaussian","inside formal moment assumptions","regular",0.5,"phi = 0.5",216,6,36,3,100000,20000,"VK_asym_full_feasible",0.93409,-0.01591,0.000784639228563038,-0.01511,0.000541313041777207,0.06591,1.13979984025786,0.9339,0.00175685500255428,20000,0.449377577385972,0.00043402751713192,0.0613807601171082,0.448058756628135,0.407650211051923,0.489998578176546,0.529106210414006,0.552148346626885,0.449377577385972,0.975762513216876,1.1082273075367,0,0,0,0
"gaussian_phi050_N216_M6_Q36","gaussian_phi050_N216","gaussian","block_power","alpha_1_3","alpha = 1/3",0.5,216,6,36,216,0.333333333333333,NA,"M = N^(1/3)","Gaussian",1,0,0,"inside formal moment assumptions","regular","phi = 0.5",0.333333333333333,3,144603605,"gaussian_phi050_N216","gaussian","Gaussian","inside formal moment assumptions","regular",0.5,"phi = 0.5",216,6,36,3,100000,20000,"F_feasible_leading",0.9378,-0.0122,0.000763748387887006,-0.0114,0.000528112856340281,0.0622,1.10423666271471,0.9372,0.00171546145395342,20000,0.456996540889452,0.000441545846302442,0.062444012425042,0.455701916522895,0.41449529121736,0.498369871756299,0.538021942485429,0.561585348092639,0.456996540889452,0.99230606000332,1.12701672613386,0,0,0,0
"gaussian_phi050_N216_M6_Q36","gaussian_phi050_N216","gaussian","block_power","alpha_1_3","alpha = 1/3",0.5,216,6,36,216,0.333333333333333,NA,"M = N^(1/3)","Gaussian",1,0,0,"inside formal moment assumptions","regular","phi = 0.5",0.333333333333333,3,144603605,"gaussian_phi050_N216","gaussian","Gaussian","inside formal moment assumptions","regular",0.5,"phi = 0.5",216,6,36,3,100000,20000,"raw",0.90685,-0.0431499999999999,0.00091909236478169,-0.04235,0.000666160050357365,0.09315,1.37221228390458,0.90565,0.00206697940846057,20000,0.405492243630795,0.000353883288516893,0.0500466546117781,0.404257553111719,0.371351799488949,0.438664028686684,0.470180597439139,0.490061880070554,0.405492243630795,0.880471457959054,1,0,0,0,0
"gaussian_phi050_N216_M6_Q36","gaussian_phi050_N216","gaussian","block_power","alpha_1_3","alpha = 1/3",0.5,216,6,36,216,0.333333333333333,NA,"M = N^(1/3)","Gaussian",1,0,0,"inside formal moment assumptions","regular","phi = 0.5",0.333333333333333,3,144603605,"gaussian_phi050_N216","gaussian","Gaussian","inside formal moment assumptions","regular",0.5,"phi = 0.5",216,6,36,3,100000,20000,"K_asym_full",0.90847,-0.04153,0.00091187860540754,-0.04073,0.000656441147514232,0.09153,1.35738900305993,0.90725,0.00205118791801239,20000,0.407779707690653,0.000355928111029655,0.0503358361847975,0.406528356071468,0.373418094405354,0.441130257782503,0.472833858900788,0.492811466429373,0.407779707690653,0.885438376186092,1.00564120299658,0,0,0,0
"gaussian_phi050_N216_M6_Q36","gaussian_phi050_N216","gaussian","block_power","alpha_1_3","alpha = 1/3",0.5,216,6,36,216,0.333333333333333,NA,"M = N^(1/3)","Gaussian",1,0,0,"inside formal moment assumptions","regular","phi = 0.5",0.333333333333333,3,144603605,"gaussian_phi050_N216","gaussian","Gaussian","inside formal moment assumptions","regular",0.5,"phi = 0.5",216,6,36,3,100000,20000,"K_leading",0.91362,-0.03638,0.000888360825340695,-0.03558,0.000629559051595634,0.08638,1.31503677207522,0.9125,0.00199804592039322,20000,0.414534242355574,0.000361973049506499,0.0511907195825639,0.413228993747575,0.379662441560546,0.448460625716996,0.480635616294556,0.500962161510538,0.414534242355574,0.900104932890128,1.0222988204258,0,0,0,0
"gaussian_phi050_N216_M6_Q36","gaussian_phi050_N216","gaussian","block_power","alpha_1_3","alpha = 1/3",0.5,216,6,36,216,0.333333333333333,NA,"M = N^(1/3)","Gaussian",1,0,0,"inside formal moment assumptions","regular","phi = 0.5",0.333333333333333,3,144603605,"gaussian_phi050_N216","gaussian","Gaussian","inside formal moment assumptions","regular",0.5,"phi = 0.5",216,6,36,3,100000,20000,"V_oracle",0.94057,-0.00942999999999994,0.000747650152812129,-0.00863,0.000500357606694798,0.05943,1.07869948560046,0.94,0.00167928556237467,20000,0.459538225623604,0.000402533833886094,0.0569268807195753,0.458082329586359,0.420719861041341,0.497273871715541,0.533219508200841,0.55539112409217,0.459538225623604,0.997824983974622,1.13328487250182,0,0,0,0
"gaussian_phi050_N216_M6_Q36","gaussian_phi050_N216","gaussian","block_power","alpha_1_3","alpha = 1/3",0.5,216,6,36,216,0.333333333333333,NA,"M = N^(1/3)","Gaussian",1,0,0,"inside formal moment assumptions","regular","phi = 0.5",0.333333333333333,3,144603605,"gaussian_phi050_N216","gaussian","Gaussian","inside formal moment assumptions","regular",0.5,"phi = 0.5",216,6,36,3,100000,20000,"V_feasible",0.93253,-0.01747,0.000793207407302781,-0.01667,0.00054655658283565,0.06747,1.15224695239796,0.9325,0.00177403142587723,20000,0.446799090096618,0.00043148575670852,0.0610213009108007,0.445475721241255,0.405339699958465,0.487186982603144,0.526003210507297,0.54888101302559,0.446799090096618,0.970163677484143,1.10186840097349,0,0,0,0
"gaussian_phi050_N512_M8_Q64","gaussian_phi050_N512","gaussian","block_power","alpha_1_3","alpha = 1/3",0.5,512,8,64,512,0.333333333333333,NA,"M = N^(1/3)","Gaussian",1,0,0,"inside formal moment assumptions","regular","phi = 0.5",0.333333333333333,4,440604493,"gaussian_phi050_N512","gaussian","Gaussian","inside formal moment assumptions","regular",0.5,"phi = 0.5",512,8,64,4,100000,20000,"raw",0.92273,-0.0272699999999999,0.000844389407204993,-0.02714,0.000544092974014225,0.0772699999999999,1.23454109676333,0.9218,0.00189848307867097,20000,0.273929893434679,0.000174288923692658,0.0246481759657566,0.273620697051486,0.256916683026553,0.290276793687381,0.3056822880694,0.315188470985815,0.273929893434679,0.914117283146199,1,0,0,0,0
"gaussian_phi050_N512_M8_Q64","gaussian_phi050_N512","gaussian","block_power","alpha_1_3","alpha = 1/3",0.5,512,8,64,512,0.333333333333333,NA,"M = N^(1/3)","Gaussian",1,0,0,"inside formal moment assumptions","regular","phi = 0.5",0.333333333333333,4,440604493,"gaussian_phi050_N512","gaussian","Gaussian","inside formal moment assumptions","regular",0.5,"phi = 0.5",512,8,64,4,100000,20000,"K_asym_full",0.92416,-0.02584,0.000837187520212766,-0.02571,0.000535250244211284,0.07584,1.22168129367205,0.923,0.00188508620492539,20000,0.275405287078912,0.000175240464964836,0.0247827442229838,0.275093907664939,0.258305226033817,0.291838773837354,0.307320354872731,0.316871878605464,0.275405287078912,0.919040742987426,1.00538602642353,0,0,0,0
"gaussian_phi050_N512_M8_Q64","gaussian_phi050_N512","gaussian","block_power","alpha_1_3","alpha = 1/3",0.5,512,8,64,512,0.333333333333333,NA,"M = N^(1/3)","Gaussian",1,0,0,"inside formal moment assumptions","regular","phi = 0.5",0.333333333333333,4,440604493,"gaussian_phi050_N512","gaussian","Gaussian","inside formal moment assumptions","regular",0.5,"phi = 0.5",512,8,64,4,100000,20000,"K_leading",0.9262,-0.0237999999999999,0.000826762118145238,-0.02367,0.000521823757604366,0.0738,1.20560653980794,0.9254,0.00185788643355831,20000,0.277283490209251,0.000176452280440429,0.0249541208110516,0.276980755484452,0.260074003712023,0.293828909607378,0.309421281921007,0.319043190126766,0.277283490209251,0.925308397536459,1.01224253670354,0,0,0,0
"gaussian_phi050_N512_M8_Q64","gaussian_phi050_N512","gaussian","block_power","alpha_1_3","alpha = 1/3",0.5,512,8,64,512,0.333333333333333,NA,"M = N^(1/3)","Gaussian",1,0,0,"inside formal moment assumptions","regular","phi = 0.5",0.333333333333333,4,440604493,"gaussian_phi050_N512","gaussian","Gaussian","inside formal moment assumptions","regular",0.5,"phi = 0.5",512,8,64,4,100000,20000,"V_oracle",0.94683,-0.00317000000000001,0.000709527667536651,-0.00304,0.000415342399825844,0.0531700000000001,1.03227620427796,0.9473,0.00157991629525111,20000,0.300327085242886,0.000191368141554168,0.0270635421192038,0.299945461427987,0.28169280865765,0.318293338197807,0.335266273671846,0.345638152278116,0.300327085242886,1.00220598699612,1.09636477230442,0,0,0,0
"gaussian_phi050_N512_M8_Q64","gaussian_phi050_N512","gaussian","block_power","alpha_1_3","alpha = 1/3",0.5,512,8,64,512,0.333333333333333,NA,"M = N^(1/3)","Gaussian",1,0,0,"inside formal moment assumptions","regular","phi = 0.5",0.333333333333333,4,440604493,"gaussian_phi050_N512","gaussian","Gaussian","inside formal moment assumptions","regular",0.5,"phi = 0.5",512,8,64,4,100000,20000,"V_feasible",0.94287,-0.00712999999999997,0.000733935713124794,-0.007,0.00045112308200795,0.05713,1.06451468155133,0.94295,0.00164005026599797,20000,0.296793056156627,0.000211275965703134,0.0298789336100845,0.29645768680073,0.276216343722103,0.31676573255435,0.335555675465903,0.346809694382316,0.296793056156627,0.990412761268232,1.08346355498218,0,0,0,0
"gaussian_phi050_N512_M8_Q64","gaussian_phi050_N512","gaussian","block_power","alpha_1_3","alpha = 1/3",0.5,512,8,64,512,0.333333333333333,NA,"M = N^(1/3)","Gaussian",1,0,0,"inside formal moment assumptions","regular","phi = 0.5",0.333333333333333,4,440604493,"gaussian_phi050_N512","gaussian","Gaussian","inside formal moment assumptions","regular",0.5,"phi = 0.5",512,8,64,4,100000,20000,"VK_asym_full_oracle",0.94815,-0.00184999999999991,0.000701153175133651,-0.00172,0.000413487757643751,0.05185,1.02152332715006,0.9488,0.0015585018447214,20000,0.301952820777563,0.000192424105301233,0.0272128779444512,0.301556821627147,0.283212132898342,0.320029832932887,0.337080683247087,0.347497533081025,0.301952820777563,1.00763114498614,1.10229963218514,0,0,0,0
"gaussian_phi050_N512_M8_Q64","gaussian_phi050_N512","gaussian","block_power","alpha_1_3","alpha = 1/3",0.5,512,8,64,512,0.333333333333333,NA,"M = N^(1/3)","Gaussian",1,0,0,"inside formal moment assumptions","regular","phi = 0.5",0.333333333333333,4,440604493,"gaussian_phi050_N512","gaussian","Gaussian","inside formal moment assumptions","regular",0.5,"phi = 0.5",512,8,64,4,100000,20000,"VK_leading_oracle",0.94957,-0.00042999999999993,0.000692002999270957,-3e-04,0.000413038504268137,0.05043,1.00808223074019,0.95045,0.00153451616967694,20000,0.304022594336399,0.000193769235238167,0.0274031080444478,0.303618207329558,0.285149504946759,0.32222955594053,0.339370010080872,0.34987356354438,0.304022594336399,1.01453807930648,1.10985548354874,0,0,0,0
"gaussian_phi050_N512_M8_Q64","gaussian_phi050_N512","gaussian","block_power","alpha_1_3","alpha = 1/3",0.5,512,8,64,512,0.333333333333333,NA,"M = N^(1/3)","Gaussian",1,0,0,"inside formal moment assumptions","regular","phi = 0.5",0.333333333333333,4,440604493,"gaussian_phi050_N512","gaussian","Gaussian","inside formal moment assumptions","regular",0.5,"phi = 0.5",512,8,64,4,100000,20000,"VK_asym_full_feasible",0.94419,-0.00580999999999998,0.000725914897904706,-0.00568,0.00044797252459702,0.05581,1.05342598695183,0.9443,0.00162168908857401,20000,0.298415501507887,0.000212446306970591,0.0300444448593887,0.298071124076656,0.277748110366494,0.318488049583619,0.337384524845322,0.348691561216825,0.298415501507887,0.9958269397573,1.08938640382104,0,0,0,0
"gaussian_phi050_N512_M8_Q64","gaussian_phi050_N512","gaussian","block_power","alpha_1_3","alpha = 1/3",0.5,512,8,64,512,0.333333333333333,NA,"M = N^(1/3)","Gaussian",1,0,0,"inside formal moment assumptions","regular","phi = 0.5",0.333333333333333,4,440604493,"gaussian_phi050_N512","gaussian","Gaussian","inside formal moment assumptions","regular",0.5,"phi = 0.5",512,8,64,4,100000,20000,"F_feasible_leading",0.94577,-0.00422999999999996,0.000716164136912761,-0.0041,0.000442982914273929,0.05423,1.03956511870247,0.94575,0.0016016700268782,20000,0.300481450144615,0.000213937183402964,0.0302552866264371,0.30012758287893,0.279672096472171,0.320702467315052,0.339729584737554,0.35112036871892,0.300481450144615,1.00272111012785,1.09692829204224,0,0,0,0
"gaussian_phi050_N512_M64_Q8","gaussian_phi050_N512","gaussian","block_power","alpha_2_3","alpha = 2/3",0.5,512,64,8,512,0.666666666666667,NA,"M = N^(2/3); smallest Q values are boundary designs","Gaussian",1,0,0,"inside formal moment assumptions","regular","phi = 0.5",0.666666666666667,11,440604493,"gaussian_phi050_N512","gaussian","Gaussian","inside formal moment assumptions","regular",0.5,"phi = 0.5",512,64,8,11,100000,20000,"raw",0.87576,-0.07424,0.0010430935835293,-0.07411,0.000916070669137872,0.12424,1.74134272793151,0.87765,0.00231711542116486,20000,0.263805141256553,0.000510443285243469,0.0721875816813593,0.260840150082471,0.212818769766638,0.310664455489924,0.358407458316082,0.389373079261578,0.263805141256553,0.880330496178371,1,0,0,0,0.00848
"gaussian_phi050_N512_M64_Q8","gaussian_phi050_N512","gaussian","block_power","alpha_2_3","alpha = 2/3",0.5,512,64,8,512,0.666666666666667,NA,"M = N^(2/3); smallest Q values are boundary designs","Gaussian",1,0,0,"inside formal moment assumptions","regular","phi = 0.5",0.666666666666667,11,440604493,"gaussian_phi050_N512","gaussian","Gaussian","inside formal moment assumptions","regular",0.5,"phi = 0.5",512,64,8,11,100000,20000,"K_asym_full",0.90217,-0.0478299999999999,0.000939464161636834,-0.0477,0.000835855302394419,0.09783,1.43751469988096,0.9026,0.00209658341117161,20000,0.288839097117438,0.000560283819018965,0.0792360975634813,0.28534252916112,0.232877458924322,0.340026876915641,0.392450677810988,0.426585460386541,0.288839097117438,0.963870015838029,1.09489563297229,0,0,0,0.00848
"gaussian_phi050_N512_M64_Q8","gaussian_phi050_N512","gaussian","block_power","alpha_2_3","alpha = 2/3",0.5,512,64,8,512,0.666666666666667,NA,"M = N^(2/3); smallest Q values are boundary designs","Gaussian",1,0,0,"inside formal moment assumptions","regular","phi = 0.5",0.666666666666667,11,440604493,"gaussian_phi050_N512","gaussian","Gaussian","inside formal moment assumptions","regular",0.5,"phi = 0.5",512,64,8,11,100000,20000,"K_leading",0.90418,-0.04582,0.000930798192950545,-0.04569,0.000830440326159173,0.09582,1.41484096644435,0.9047,0.00207626961158709,20000,0.290995900638684,0.000564596989703051,0.0798460720113078,0.287466643342756,0.234577322171815,0.342569661816277,0.395506517779252,0.429805324426378,0.290995900638684,0.971067373345824,1.10307137780794,0,0,0,0.00848
"gaussian_phi050_N512_M64_Q8","gaussian_phi050_N512","gaussian","block_power","alpha_2_3","alpha = 2/3",0.5,512,64,8,512,0.666666666666667,NA,"M = N^(2/3); smallest Q values are boundary designs","Gaussian",1,0,0,"inside formal moment assumptions","regular","phi = 0.5",0.666666666666667,11,440604493,"gaussian_phi050_N512","gaussian","Gaussian","inside formal moment assumptions","regular",0.5,"phi = 0.5",512,64,8,11,100000,20000,"V_oracle",0.87858,-0.0714199999999999,0.00103284647261827,-0.07129,0.000907240646055884,0.12142,1.7095166206325,0.88025,0.00229575627517383,20000,0.266134277329372,0.000515063515392089,0.0728409808951056,0.263105189435399,0.214718906639205,0.313350936530758,0.361543930022377,0.392735314959759,0.266134277329372,0.888102935733131,1.00882900182204,0,0,0,0.00848
"gaussian_phi050_N512_M64_Q8","gaussian_phi050_N512","gaussian","block_power","alpha_2_3","alpha = 2/3",0.5,512,64,8,512,0.666666666666667,NA,"M = N^(2/3); smallest Q values are boundary designs","Gaussian",1,0,0,"inside formal moment assumptions","regular","phi = 0.5",0.666666666666667,11,440604493,"gaussian_phi050_N512","gaussian","Gaussian","inside formal moment assumptions","regular",0.5,"phi = 0.5",512,64,8,11,100000,20000,"V_feasible",0.87772,-0.07228,0.00103599035516746,-0.07215,0.000913702426132948,0.12228,1.71773384641268,0.87905,0.0023056571460215,20000,0.266711378899107,0.000527104069374663,0.0745437723691697,0.263123563345527,0.213914717832325,0.315070145522202,0.364330648386736,0.397062976884686,0.266711378899107,0.890028751541007,1.01101660729094,0,0,0,0.00848
"gaussian_phi050_N512_M64_Q8","gaussian_phi050_N512","gaussian","block_power","alpha_2_3","alpha = 2/3",0.5,512,64,8,512,0.666666666666667,NA,"M = N^(2/3); smallest Q values are boundary designs","Gaussian",1,0,0,"inside formal moment assumptions","regular","phi = 0.5",0.666666666666667,11,440604493,"gaussian_phi050_N512","gaussian","Gaussian","inside formal moment assumptions","regular",0.5,"phi = 0.5",512,64,8,11,100000,20000,"VK_asym_full_oracle",0.90448,-0.04552,0.000929494107566046,-0.04539,0.000829158823171737,0.09552,1.41124158526173,0.90495,0.00207383096586969,20000,0.291342599914339,0.000565290607973186,0.0799441644477811,0.287820456507766,0.234840539434261,0.342979642130113,0.395972842602058,0.430335721882351,0.291342599914339,0.972224325571652,1.10438560267105,0,0,0,0.00848
"gaussian_phi050_N512_M64_Q8","gaussian_phi050_N512","gaussian","block_power","alpha_2_3","alpha = 2/3",0.5,512,64,8,512,0.666666666666667,NA,"M = N^(2/3); smallest Q values are boundary designs","Gaussian",1,0,0,"inside formal moment assumptions","regular","phi = 0.5",0.666666666666667,11,440604493,"gaussian_phi050_N512","gaussian","Gaussian","inside formal moment assumptions","regular",0.5,"phi = 0.5",512,64,8,11,100000,20000,"VK_leading_oracle",0.90636,-0.0436399999999999,0.000921257566590364,-0.04351,0.00082387838104654,0.0936399999999999,1.38898225426391,0.90665,0.00205713122454548,20000,0.293513584259151,0.000569635785130568,0.0805586652944696,0.289956044455497,0.23654071276008,0.345561370371888,0.39893730210236,0.433555703977585,0.293513584259151,0.979469005172515,1.11261510242405,0,0,0,0.00848
"gaussian_phi050_N512_M64_Q8","gaussian_phi050_N512","gaussian","block_power","alpha_2_3","alpha = 2/3",0.5,512,64,8,512,0.666666666666667,NA,"M = N^(2/3); smallest Q values are boundary designs","Gaussian",1,0,0,"inside formal moment assumptions","regular","phi = 0.5",0.666666666666667,11,440604493,"gaussian_phi050_N512","gaussian","Gaussian","inside formal moment assumptions","regular",0.5,"phi = 0.5",512,64,8,11,100000,20000,"VK_asym_full_feasible",0.90395,-0.0460499999999999,0.000931796101623096,-0.04592,0.00083565574204046,0.09605,1.41802507633547,0.9042,0.00208113382558643,20000,0.292187113545807,0.000578814443216298,0.0818567235693921,0.288184204447233,0.234206180852877,0.345000283942341,0.39958755760219,0.435245038440987,0.292187113545807,0.975042508343521,1.10758688080932,0,0,0,0.00848
"gaussian_phi050_N512_M64_Q8","gaussian_phi050_N512","gaussian","block_power","alpha_2_3","alpha = 2/3",0.5,512,64,8,512,0.666666666666667,NA,"M = N^(2/3); smallest Q values are boundary designs","Gaussian",1,0,0,"inside formal moment assumptions","regular","phi = 0.5",0.666666666666667,11,440604493,"gaussian_phi050_N512","gaussian","Gaussian","inside formal moment assumptions","regular",0.5,"phi = 0.5",512,64,8,11,100000,20000,"F_feasible_leading",0.90582,-0.04418,0.000923634817446809,-0.04405,0.000830724308076248,0.09418,1.3956587502103,0.9056,0.00206746995141405,20000,0.294382645602982,0.000583286777928653,0.0824892072099604,0.290360787182319,0.235953626359552,0.347532932274844,0.402626395841782,0.438623923602016,0.294382645602982,0.98236910484601,1.1159094330034,0,0,0,0.00848
"gaussian_phi050_N1000_M10_Q100","gaussian_phi050_N1000","gaussian","block_power","alpha_1_3","alpha = 1/3",0.5,1000,10,100,1000,0.333333333333333,NA,"M = N^(1/3)","Gaussian",1,0,0,"inside formal moment assumptions","regular","phi = 0.5",0.333333333333333,5,928605957,"gaussian_phi050_N1000","gaussian","Gaussian","inside formal moment assumptions","regular",0.5,"phi = 0.5",1000,10,100,5,100000,20000,"raw",0.93102,-0.01898,0.000801384798957405,-0.01936,0.00046438568080918,0.06898,1.17111674819726,0.9324,0.0017752498415716,20000,0.199954899075691,0.000102078413054007,0.01443606761665,0.199846313626556,0.189946252233023,0.209564645610904,0.218617052517037,0.224203218972045,0.199954899075691,0.931929496937284,1,0,0,0,0
"gaussian_phi050_N1000_M10_Q100","gaussian_phi050_N1000","gaussian","block_power","alpha_1_3","alpha = 1/3",0.5,1000,10,100,1000,0.333333333333333,NA,"M = N^(1/3)","Gaussian",1,0,0,"inside formal moment assumptions","regular","phi = 0.5",0.333333333333333,5,928605957,"gaussian_phi050_N1000","gaussian","Gaussian","inside formal moment assumptions","regular",0.5,"phi = 0.5",1000,10,100,5,100000,20000,"K_asym_full",0.93206,-0.01794,0.000795764766749572,-0.01832,0.000456339630602674,0.06794,1.16135744196228,0.93345,0.00176240031632998,20000,0.200808528024652,0.000102517762694511,0.0144982010386725,0.200696591485796,0.190761785831701,0.210464253075137,0.219553262317964,0.225159282918223,0.200808528024652,0.935908004093913,1.00426910744826,0,0,0,0
"gaussian_phi050_N1000_M10_Q100","gaussian_phi050_N1000","gaussian","block_power","alpha_1_3","alpha = 1/3",0.5,1000,10,100,1000,0.333333333333333,NA,"M = N^(1/3)","Gaussian",1,0,0,"inside formal moment assumptions","regular","phi = 0.5",0.333333333333333,5,928605957,"gaussian_phi050_N1000","gaussian","Gaussian","inside formal moment assumptions","regular",0.5,"phi = 0.5",1000,10,100,5,100000,20000,"K_leading",0.933,-0.0169999999999999,0.000790638982089803,-0.01738,0.000449200816799945,0.0669999999999999,1.1535499969743,0.9345,0.00174942490550466,20000,0.201499361918872,0.000102873378943971,0.0145484927709711,0.201384893434985,0.191421486417688,0.211189519933173,0.220314247674727,0.225934104342078,0.201499361918872,0.939127772584125,1.00772405602623,0,0,0,0
"gaussian_phi050_N1000_M10_Q100","gaussian_phi050_N1000","gaussian","block_power","alpha_1_3","alpha = 1/3",0.5,1000,10,100,1000,0.333333333333333,NA,"M = N^(1/3)","Gaussian",1,0,0,"inside formal moment assumptions","regular","phi = 0.5",0.333333333333333,5,928605957,"gaussian_phi050_N1000","gaussian","Gaussian","inside formal moment assumptions","regular",0.5,"phi = 0.5",1000,10,100,5,100000,20000,"V_oracle",0.94842,-0.00157999999999991,0.000699424789380531,-0.00196,0.000367100710472367,0.05158,1.01647563844881,0.9495,0.00154838222025442,20000,0.214922747257397,0.000109793703007954,0.0155271743857013,0.214790297395715,0.204139946690007,0.225262569493388,0.235013863666762,0.240958713315602,0.214922747257397,1.00169012441223,1.07485612130983,0,0,0,0
"gaussian_phi050_N1000_M10_Q100","gaussian_phi050_N1000","gaussian","block_power","alpha_1_3","alpha = 1/3",0.5,1000,10,100,1000,0.333333333333333,NA,"M = N^(1/3)","Gaussian",1,0,0,"inside formal moment assumptions","regular","phi = 0.5",0.333333333333333,5,928605957,"gaussian_phi050_N1000","gaussian","Gaussian","inside formal moment assumptions","regular",0.5,"phi = 0.5",1000,10,100,5,100000,20000,"V_feasible",0.94691,-0.00308999999999993,0.00070902363782881,-0.00347,0.000391639023606239,0.05309,1.03182822000553,0.94855,0.00156209630785045,20000,0.213886345651759,0.000123176710222405,0.0174198174165026,0.213758421895312,0.20187874585995,0.225571575549578,0.236384243976245,0.242846209770876,0.213886345651759,0.996859769009932,1.06967294445131,0,0,0,0
"gaussian_phi050_N1000_M10_Q100","gaussian_phi050_N1000","gaussian","block_power","alpha_1_3","alpha = 1/3",0.5,1000,10,100,1000,0.333333333333333,NA,"M = N^(1/3)","Gaussian",1,0,0,"inside formal moment assumptions","regular","phi = 0.5",0.333333333333333,5,928605957,"gaussian_phi050_N1000","gaussian","Gaussian","inside formal moment assumptions","regular",0.5,"phi = 0.5",1000,10,100,5,100000,20000,"VK_asym_full_oracle",0.94935,-0.000649999999999928,0.000693430439914488,-0.00103,0.000363167605806326,0.05065,1.0080050081284,0.95095,0.00152715581228636,20000,0.215842900943889,0.000110268862580318,0.0155943720968541,0.215710116294728,0.205013528473782,0.226222370778157,0.236022753033567,0.241987463257868,0.215842900943889,1.00597868331287,1.07945792747085,0,0,0,0
"gaussian_phi050_N1000_M10_Q100","gaussian_phi050_N1000","gaussian","block_power","alpha_1_3","alpha = 1/3",0.5,1000,10,100,1000,0.333333333333333,NA,"M = N^(1/3)","Gaussian",1,0,0,"inside formal moment assumptions","regular","phi = 0.5",0.333333333333333,5,928605957,"gaussian_phi050_N1000","gaussian","Gaussian","inside formal moment assumptions","regular",0.5,"phi = 0.5",1000,10,100,5,100000,20000,"VK_leading_oracle",0.9504,0.000400000000000067,0.000686584590564047,2e-05,0.000363044506931506,0.0496,1.00122850387208,0.952,0.0015115554902153,20000,0.216587597981161,0.000110653496764983,0.0156487675849046,0.21645469021102,0.20572109410858,0.227002215332924,0.236831330377666,0.242821036927588,0.216587597981161,1.00944949167277,1.08318225250972,0,0,0,0
"gaussian_phi050_N1000_M10_Q100","gaussian_phi050_N1000","gaussian","block_power","alpha_1_3","alpha = 1/3",0.5,1000,10,100,1000,0.333333333333333,NA,"M = N^(1/3)","Gaussian",1,0,0,"inside formal moment assumptions","regular","phi = 0.5",0.333333333333333,5,928605957,"gaussian_phi050_N1000","gaussian","Gaussian","inside formal moment assumptions","regular",0.5,"phi = 0.5",1000,10,100,5,100000,20000,"VK_asym_full_feasible",0.94792,-0.00207999999999997,0.000702621331870874,-0.00246,0.000388768562785051,0.05208,1.02322965150549,0.94935,0.00155055760131638,20000,0.214808499607392,0.000123712320591772,0.0174955641613532,0.21467857393837,0.202750751731331,0.226544249801598,0.237397026764348,0.243895172891067,0.214808499607392,1.00115765056194,1.07428475421389,0,0,0,0
"gaussian_phi050_N1000_M10_Q100","gaussian_phi050_N1000","gaussian","block_power","alpha_1_3","alpha = 1/3",0.5,1000,10,100,1000,0.333333333333333,NA,"M = N^(1/3)","Gaussian",1,0,0,"inside formal moment assumptions","regular","phi = 0.5",0.333333333333333,5,928605957,"gaussian_phi050_N1000","gaussian","Gaussian","inside formal moment assumptions","regular",0.5,"phi = 0.5",1000,10,100,5,100000,20000,"F_feasible_leading",0.94852,-0.00147999999999993,0.000698783296881086,-0.00186,0.000386997288968562,0.05148,1.01635079670545,0.94975,0.00154474815908613,20000,0.215554875221508,0.000124145905998925,0.0175568823976775,0.215420430356417,0.203453950206247,0.227328197435588,0.238216684305242,0.244733144033116,0.215554875221508,1.00463628226241,1.07801747403004,0,0,0,0
"gaussian_phi050_N1000_M100_Q10","gaussian_phi050_N1000","gaussian","block_power","alpha_2_3","alpha = 2/3",0.5,1000,100,10,1000,0.666666666666667,NA,"M = N^(2/3); smallest Q values are boundary designs","Gaussian",1,0,0,"inside formal moment assumptions","regular","phi = 0.5",0.666666666666667,13,928605957,"gaussian_phi050_N1000","gaussian","Gaussian","inside formal moment assumptions","regular",0.5,"phi = 0.5",1000,100,10,13,100000,20000,"raw",0.89851,-0.0514899999999999,0.000954933400295539,-0.05187,0.00081547635221189,0.10149,1.53175998215759,0.8993,0.00212790401569244,20000,0.197397469758956,0.000335808009426364,0.0474904241284276,0.195338783726838,0.164151905404233,0.228693278415178,0.258598468584493,0.278085758782513,0.197397469758956,0.920010089972939,1,0,0,0,0.00216
"gaussian_phi050_N1000_M100_Q10","gaussian_phi050_N1000","gaussian","block_power","alpha_2_3","alpha = 2/3",0.5,1000,100,10,1000,0.666666666666667,NA,"M = N^(2/3); smallest Q values are boundary designs","Gaussian",1,0,0,"inside formal moment assumptions","regular","phi = 0.5",0.666666666666667,13,928605957,"gaussian_phi050_N1000","gaussian","Gaussian","inside formal moment assumptions","regular",0.5,"phi = 0.5",1000,100,10,13,100000,20000,"K_asym_full",0.91903,-0.0309699999999999,0.000862634679919605,-0.03135,0.000748783935306987,0.08097,1.31220771804834,0.92025,0.00191559308700987,20000,0.21301193001627,0.000363241958291757,0.0513701703839165,0.210753120295673,0.177113020199555,0.246969363303572,0.279047540809131,0.300541154893878,0.21301193001627,0.992784381374706,1.07910162311797,0,0,0,0.00216
"gaussian_phi050_N1000_M100_Q10","gaussian_phi050_N1000","gaussian","block_power","alpha_2_3","alpha = 2/3",0.5,1000,100,10,1000,0.666666666666667,NA,"M = N^(2/3); smallest Q values are boundary designs","Gaussian",1,0,0,"inside formal moment assumptions","regular","phi = 0.5",0.666666666666667,13,928605957,"gaussian_phi050_N1000","gaussian","Gaussian","inside formal moment assumptions","regular",0.5,"phi = 0.5",1000,100,10,13,100000,20000,"K_leading",0.92,-0.0299999999999999,0.000857904423581089,-0.03038,0.000746442313753231,0.08,1.30199598483395,0.92145,0.00190236559972052,20000,0.213828941297482,0.000364683291816403,0.0515740057257622,0.211565522537375,0.177799906130993,0.247910569220783,0.280121020368279,0.301703926027057,0.213828941297482,0.99659222462242,1.08324053777686,0,0,0,0.00216
"gaussian_phi050_N1000_M100_Q10","gaussian_phi050_N1000","gaussian","block_power","alpha_2_3","alpha = 2/3",0.5,1000,100,10,1000,0.666666666666667,NA,"M = N^(2/3); smallest Q values are boundary designs","Gaussian",1,0,0,"inside formal moment assumptions","regular","phi = 0.5",0.666666666666667,13,928605957,"gaussian_phi050_N1000","gaussian","Gaussian","inside formal moment assumptions","regular",0.5,"phi = 0.5",1000,100,10,13,100000,20000,"V_oracle",0.90028,-0.04972,0.000947501565170211,-0.0501,0.000808892108420172,0.09972,1.51335432149081,0.90095,0.00211233398755973,20000,0.198579217043987,0.00033787695504821,0.0477830172242504,0.196527271378788,0.165113876542828,0.230110079145384,0.260109203124001,0.279784240515095,0.198579217043987,0.92551785776426,1.00598663846337,0,0,0,0.00216
"gaussian_phi050_N1000_M100_Q10","gaussian_phi050_N1000","gaussian","block_power","alpha_2_3","alpha = 2/3",0.5,1000,100,10,1000,0.666666666666667,NA,"M = N^(2/3); smallest Q values are boundary designs","Gaussian",1,0,0,"inside formal moment assumptions","regular","phi = 0.5",0.666666666666667,13,928605957,"gaussian_phi050_N1000","gaussian","Gaussian","inside formal moment assumptions","regular",0.5,"phi = 0.5",1000,100,10,13,100000,20000,"V_feasible",0.90002,-0.0499799999999999,0.000948598964789652,-0.05036,0.000812431722948485,0.09998,1.51665493259724,0.90065,0.0021151782135319,20000,0.198835927520366,0.000343005908911726,0.0485083608357073,0.196546887695356,0.164876008706959,0.230508696652456,0.261500266824302,0.281552740903768,0.198835927520366,0.926714307894846,1.00728711347297,0,0,0,0.00216
"gaussian_phi050_N1000_M100_Q10","gaussian_phi050_N1000","gaussian","block_power","alpha_2_3","alpha = 2/3",0.5,1000,100,10,1000,0.666666666666667,NA,"M = N^(2/3); smallest Q values are boundary designs","Gaussian",1,0,0,"inside formal moment assumptions","regular","phi = 0.5",0.666666666666667,13,928605957,"gaussian_phi050_N1000","gaussian","Gaussian","inside formal moment assumptions","regular",0.5,"phi = 0.5",1000,100,10,13,100000,20000,"VK_asym_full_oracle",0.9204,-0.0296,0.000855942988755676,-0.02998,0.000744592197229733,0.0796,1.29644020207713,0.92175,0.00189903840798442,20000,0.214277308319434,0.000365474533218872,0.0516859041580105,0.212010885698639,0.178158988969956,0.248422764294686,0.280702776700044,0.30232028743437,0.214277308319434,0.998681928126271,1.08551192971769,0,0,0,0.00216
"gaussian_phi050_N1000_M100_Q10","gaussian_phi050_N1000","gaussian","block_power","alpha_2_3","alpha = 2/3",0.5,1000,100,10,1000,0.666666666666667,NA,"M = N^(2/3); smallest Q values are boundary designs","Gaussian",1,0,0,"inside formal moment assumptions","regular","phi = 0.5",0.666666666666667,13,928605957,"gaussian_phi050_N1000","gaussian","Gaussian","inside formal moment assumptions","regular",0.5,"phi = 0.5",1000,100,10,13,100000,20000,"VK_leading_oracle",0.9215,-0.0285,0.000850516019837369,-0.02888,0.000741259030737236,0.0785,1.28635117326719,0.92275,0.00188788820511173,20000,0.215098593335858,0.000366924335956723,0.051890937227474,0.212835893358114,0.17881592621989,0.249382443238597,0.281796302187377,0.303501770101413,0.215098593335858,1.00250968996525,1.08967249478181,0,0,0,0.00216
"gaussian_phi050_N1000_M100_Q10","gaussian_phi050_N1000","gaussian","block_power","alpha_2_3","alpha = 2/3",0.5,1000,100,10,1000,0.666666666666667,NA,"M = N^(2/3); smallest Q values are boundary designs","Gaussian",1,0,0,"inside formal moment assumptions","regular","phi = 0.5",0.666666666666667,13,928605957,"gaussian_phi050_N1000","gaussian","Gaussian","inside formal moment assumptions","regular",0.5,"phi = 0.5",1000,100,10,13,100000,20000,"VK_asym_full_feasible",0.92034,-0.0296599999999999,0.000856237609545388,-0.03004,0.000746847750090752,0.07966,1.29926772559163,0.9217,0.00189959350914873,20000,0.214631157266212,0.000371192955347838,0.0524946111710264,0.212110573766631,0.17785122234016,0.249021372967565,0.282283717253098,0.304170469402729,0.214631157266212,1.00033111137953,1.08730450055059,0,0,0,0.00216
"gaussian_phi050_N1000_M100_Q10","gaussian_phi050_N1000","gaussian","block_power","alpha_2_3","alpha = 2/3",0.5,1000,100,10,1000,0.666666666666667,NA,"M = N^(2/3); smallest Q values are boundary designs","Gaussian",1,0,0,"inside formal moment assumptions","regular","phi = 0.5",0.666666666666667,13,928605957,"gaussian_phi050_N1000","gaussian","Gaussian","inside formal moment assumptions","regular",0.5,"phi = 0.5",1000,100,10,13,100000,20000,"F_feasible_leading",0.92144,-0.0285599999999999,0.000850813295617787,-0.02894,0.000744466457473447,0.07856,1.28915669270765,0.92275,0.00188788820511173,20000,0.21545788599321,0.000372674215654688,0.0527040930125615,0.212938992134338,0.178522254460668,0.249947860843566,0.283353946896297,0.305354106417525,0.21545788599321,1.00418424471218,1.09149264302277,0,0,0,0.00216
"gaussian_phi050_N4096_M64_Q64","gaussian_phi050_N4096","gaussian","block_power","alpha_1_2","alpha = 1/2",0.5,4096,64,64,4096,0.5,NA,"M = Q = sqrt(N)","Gaussian",1,0,0,"inside formal moment assumptions","regular","phi = 0.5",0.5,17,1877131599,"gaussian_phi050_N4096","gaussian","Gaussian","inside formal moment assumptions","regular",0.5,"phi = 0.5",4096,64,64,17,100000,20000,"V_oracle",0.94647,-0.00352999999999992,0.000711790271779546,-0.00314,0.000410491277655068,0.05353,1.03776354865385,0.9453,0.00160791650902651,20000,0.10607556822232,6.72485961875941e-05,0.00951038767790472,0.106012849920338,0.0995085061014322,0.112499471320281,0.118296989732635,0.121880365983374,0.10607556822232,1.00006291840903,1.0106906810227,0,0,0,0
"gaussian_phi050_N4096_M64_Q64","gaussian_phi050_N4096","gaussian","block_power","alpha_1_2","alpha = 1/2",0.5,4096,64,64,4096,0.5,NA,"M = Q = sqrt(N)","Gaussian",1,0,0,"inside formal moment assumptions","regular","phi = 0.5",0.5,17,1877131599,"gaussian_phi050_N4096","gaussian","Gaussian","inside formal moment assumptions","regular",0.5,"phi = 0.5",4096,64,64,17,100000,20000,"raw",0.94372,-0.00627999999999995,0.000728783655140536,-0.00589,0.000417558166664509,0.05628,1.05949862297739,0.94285,0.00164139997410747,20000,0.104953543367972,6.65266476058983e-05,0.0094082887303477,0.104890359407834,0.0984608481821328,0.111307609775007,0.11704617821346,0.120591567752841,0.104953543367972,0.989484653600538,1,0,0,0,0
"gaussian_phi050_N4096_M64_Q64","gaussian_phi050_N4096","gaussian","block_power","alpha_1_2","alpha = 1/2",0.5,4096,64,64,4096,0.5,NA,"M = Q = sqrt(N)","Gaussian",1,0,0,"inside formal moment assumptions","regular","phi = 0.5",0.5,17,1877131599,"gaussian_phi050_N4096","gaussian","Gaussian","inside formal moment assumptions","regular",0.5,"phi = 0.5",4096,64,64,17,100000,20000,"K_asym_full",0.94662,-0.00337999999999994,0.000710848616795447,-0.00299,0.000410380656370194,0.05338,1.03639106837469,0.9455,0.00160514407453038,20000,0.106147632870317,6.72949834985334e-05,0.00951694783432995,0.106084712178341,0.099575490525028,0.112576291532546,0.118376464299781,0.121963519566645,0.106147632870317,1.000742331995,1.01137731480069,0,0,0,0
"gaussian_phi050_N4096_M64_Q64","gaussian_phi050_N4096","gaussian","block_power","alpha_1_2","alpha = 1/2",0.5,4096,64,64,4096,0.5,NA,"M = Q = sqrt(N)","Gaussian",1,0,0,"inside formal moment assumptions","regular","phi = 0.5",0.5,17,1877131599,"gaussian_phi050_N4096","gaussian","Gaussian","inside formal moment assumptions","regular",0.5,"phi = 0.5",4096,64,64,17,100000,20000,"K_leading",0.94678,-0.00322,0.000709842458577958,-0.00283,0.000409416154072934,0.05322,1.03466662400135,0.94565,0.00160306078331422,20000,0.106238386577035,6.73534040078399e-05,0.00952520974198815,0.10617473063791,0.0996602242000278,0.112672757966782,0.118478083566477,0.122068240019259,0.106238386577035,1.0015979429365,1.01224201840007,0,0,0,0
"gaussian_phi050_N4096_M64_Q64","gaussian_phi050_N4096","gaussian","block_power","alpha_1_2","alpha = 1/2",0.5,4096,64,64,4096,0.5,NA,"M = Q = sqrt(N)","Gaussian",1,0,0,"inside formal moment assumptions","regular","phi = 0.5",0.5,17,1877131599,"gaussian_phi050_N4096","gaussian","Gaussian","inside formal moment assumptions","regular",0.5,"phi = 0.5",4096,64,64,17,100000,20000,"VK_asym_full_feasible",0.94874,-0.00125999999999993,0.000697369431506716,-0.00087,0.000416045865189908,0.05126,1.01655811895425,0.94775,0.00157353006803175,20000,0.107403390543087,7.19963663212514e-05,0.0101818237693095,0.107271875303624,0.100322631323977,0.114235064489882,0.1205136492267,0.124416270253963,0.107403390543087,1.01258140770387,1.02334220547968,0,0,0,0
"gaussian_phi050_N4096_M64_Q64","gaussian_phi050_N4096","gaussian","block_power","alpha_1_2","alpha = 1/2",0.5,4096,64,64,4096,0.5,NA,"M = Q = sqrt(N)","Gaussian",1,0,0,"inside formal moment assumptions","regular","phi = 0.5",0.5,17,1877131599,"gaussian_phi050_N4096","gaussian","Gaussian","inside formal moment assumptions","regular",0.5,"phi = 0.5",4096,64,64,17,100000,20000,"V_feasible",0.94616,-0.00383999999999995,0.00071373142287558,-0.00345,0.000422590535657873,0.05384,1.03922347468468,0.9455,0.00160514407453038,20000,0.106189756594876,7.11684461769043e-05,0.0100647381796398,0.106061156496337,0.0991943769777841,0.112943773559799,0.119153110033716,0.122984431034481,0.106189756594876,1.0011394675053,1.01177867070738,0,0,0,0
"gaussian_phi050_N4096_M64_Q64","gaussian_phi050_N4096","gaussian","block_power","alpha_1_2","alpha = 1/2",0.5,4096,64,64,4096,0.5,NA,"M = Q = sqrt(N)","Gaussian",1,0,0,"inside formal moment assumptions","regular","phi = 0.5",0.5,17,1877131599,"gaussian_phi050_N4096","gaussian","Gaussian","inside formal moment assumptions","regular",0.5,"phi = 0.5",4096,64,64,17,100000,20000,"VK_asym_full_oracle",0.94871,-0.0012899999999999,0.000697562440932709,-9e-04,0.000405701301372647,0.0512899999999999,1.01513003375808,0.9479,0.00157139412624586,20000,0.107283080285439,6.80261609777859e-05,0.00962035194509602,0.107210946555298,0.100639302422544,0.113781626791544,0.11964677748842,0.1232833108741,0.107283080285439,1.01144714248715,1.02219588631991,0,0,0,0
"gaussian_phi050_N4096_M64_Q64","gaussian_phi050_N4096","gaussian","block_power","alpha_1_2","alpha = 1/2",0.5,4096,64,64,4096,0.5,NA,"M = Q = sqrt(N)","Gaussian",1,0,0,"inside formal moment assumptions","regular","phi = 0.5",0.5,17,1877131599,"gaussian_phi050_N4096","gaussian","Gaussian","inside formal moment assumptions","regular",0.5,"phi = 0.5",4096,64,64,17,100000,20000,"VK_leading_oracle",0.94885,-0.00114999999999998,0.000696661162258957,-0.00076,0.000405210890720696,0.05115,1.01344096548228,0.94795,0.00157068134101096,20000,0.107374855002772,6.80852848735613e-05,0.00962871332662261,0.107302672314843,0.100724476154422,0.113878680936531,0.11974763921006,0.123390713901735,0.107374855002772,1.01231237934791,1.0230703181341,0,0,0,0
"gaussian_phi050_N4096_M64_Q64","gaussian_phi050_N4096","gaussian","block_power","alpha_1_2","alpha = 1/2",0.5,4096,64,64,4096,0.5,NA,"M = Q = sqrt(N)","Gaussian",1,0,0,"inside formal moment assumptions","regular","phi = 0.5",0.5,17,1877131599,"gaussian_phi050_N4096","gaussian","Gaussian","inside formal moment assumptions","regular",0.5,"phi = 0.5",4096,64,64,17,100000,20000,"F_feasible_leading",0.9489,-0.00109999999999999,0.000696338926098491,-0.00071,0.000415808475102275,0.0511,1.01486667449676,0.9479,0.00157139412624586,20000,0.107495637243125,7.20593250034748e-05,0.0101907274715365,0.107365721600864,0.100409161179009,0.114333656732884,0.120617893765065,0.124521922924367,0.107495637243125,1.01345109433953,1.02422113435694,0,0,0,0
"gaussian_phi050_N4096_M16_Q256","gaussian_phi050_N4096","gaussian","block_power","alpha_1_3","alpha = 1/3",0.5,4096,16,256,4096,0.333333333333333,NA,"M = N^(1/3)","Gaussian",1,0,0,"inside formal moment assumptions","regular","phi = 0.5",0.333333333333333,8,1877131599,"gaussian_phi050_N4096","gaussian","Gaussian","inside formal moment assumptions","regular",0.5,"phi = 0.5",4096,16,256,8,100000,20000,"V_feasible",0.94858,-0.00141999999999998,0.000698398049825456,-0.00103,0.000303463856007794,0.05142,1.01472637614598,0.9485,0.00156281396845562,20000,0.106181915799288,3.84341716048751e-05,0.00543541267421892,0.106118594857467,0.102551874021265,0.109810708545196,0.11314997149976,0.115158046882932,0.106181915799288,1.00106554578092,1.04486711418348,0,0,0,0
"gaussian_phi050_N4096_M16_Q256","gaussian_phi050_N4096","gaussian","block_power","alpha_1_3","alpha = 1/3",0.5,4096,16,256,4096,0.333333333333333,NA,"M = N^(1/3)","Gaussian",1,0,0,"inside formal moment assumptions","regular","phi = 0.5",0.333333333333333,8,1877131599,"gaussian_phi050_N4096","gaussian","Gaussian","inside formal moment assumptions","regular",0.5,"phi = 0.5",4096,16,256,8,100000,20000,"K_asym_full",0.93896,-0.0110399999999999,0.000757060885266172,-0.01065,0.000350666514897055,0.06104,1.0993740901208,0.939,0.00169232089155692,20000,0.101839724594618,3.20580622924792e-05,0.00453369464774256,0.101781699968587,0.0987910149418123,0.104862130853545,0.107624708312179,0.109352036035953,0.101839724594618,0.960128085051684,1.00213843709093,0,0,0,0
"gaussian_phi050_N4096_M16_Q256","gaussian_phi050_N4096","gaussian","block_power","alpha_1_3","alpha = 1/3",0.5,4096,16,256,4096,0.333333333333333,NA,"M = N^(1/3)","Gaussian",1,0,0,"inside formal moment assumptions","regular","phi = 0.5",0.333333333333333,8,1877131599,"gaussian_phi050_N4096","gaussian","Gaussian","inside formal moment assumptions","regular",0.5,"phi = 0.5",4096,16,256,8,100000,20000,"K_leading",0.93915,-0.0108499999999999,0.000755958183367307,-0.01046,0.000348291683895798,0.06085,1.09757713998984,0.9391,0.00169102321095838,20000,0.101923678605177,3.20845123338449e-05,0.00453743524846503,0.101865562559251,0.0988724043514996,0.104948467800385,0.107713369397491,0.109442180001239,0.101923678605177,0.960919589582076,1.00296457385892,0,0,0,0
"gaussian_phi050_N4096_M16_Q256","gaussian_phi050_N4096","gaussian","block_power","alpha_1_3","alpha = 1/3",0.5,4096,16,256,4096,0.333333333333333,NA,"M = N^(1/3)","Gaussian",1,0,0,"inside formal moment assumptions","regular","phi = 0.5",0.333333333333333,8,1877131599,"gaussian_phi050_N4096","gaussian","Gaussian","inside formal moment assumptions","regular",0.5,"phi = 0.5",4096,16,256,8,100000,20000,"V_oracle",0.94891,-0.00108999999999992,0.000696274456662026,-7e-04,0.00028177277008068,0.05109,1.01237326621274,0.94815,0.00156782616223866,20000,0.106159537752406,3.34191994856744e-05,0.00472618851562927,0.106094035496474,0.102982353716999,0.109310787936815,0.112192500230016,0.113979907009335,0.106159537752406,1.00085456925496,1.04464690639113,0,0,0,0
"gaussian_phi050_N4096_M16_Q256","gaussian_phi050_N4096","gaussian","block_power","alpha_1_3","alpha = 1/3",0.5,4096,16,256,4096,0.333333333333333,NA,"M = N^(1/3)","Gaussian",1,0,0,"inside formal moment assumptions","regular","phi = 0.5",0.333333333333333,8,1877131599,"gaussian_phi050_N4096","gaussian","Gaussian","inside formal moment assumptions","regular",0.5,"phi = 0.5",4096,16,256,8,100000,20000,"F_feasible_leading",0.94918,-0.000819999999999932,0.000694530975551127,-0.00043,0.00030182621156987,0.05082,1.00878071378575,0.94885,0.00155778171609504,20000,0.10649791829962,3.85486797193746e-05,0.00545160656707163,0.106435440700063,0.102856430995404,0.11013715093714,0.113486437477062,0.115500170824024,0.10649791829962,1.00404476510544,1.04797668908719,0,0,0,0
"gaussian_phi050_N4096_M16_Q256","gaussian_phi050_N4096","gaussian","block_power","alpha_1_3","alpha = 1/3",0.5,4096,16,256,4096,0.333333333333333,NA,"M = N^(1/3)","Gaussian",1,0,0,"inside formal moment assumptions","regular","phi = 0.5",0.333333333333333,8,1877131599,"gaussian_phi050_N4096","gaussian","Gaussian","inside formal moment assumptions","regular",0.5,"phi = 0.5",4096,16,256,8,100000,20000,"VK_asym_full_oracle",0.94937,-0.000629999999999908,0.000693300822875611,-0.00024,0.000281069767143569,0.05063,1.00808913455233,0.9487,0.00155994086426377,20000,0.106386711249392,3.34907898030781e-05,0.00473631291540996,0.106320643157158,0.103203067936416,0.10954422635175,0.112432158560839,0.114222904877132,0.106386711249392,1.00299632342312,1.04688237289621,0,0,0,0
"gaussian_phi050_N4096_M16_Q256","gaussian_phi050_N4096","gaussian","block_power","alpha_1_3","alpha = 1/3",0.5,4096,16,256,4096,0.333333333333333,NA,"M = N^(1/3)","Gaussian",1,0,0,"inside formal moment assumptions","regular","phi = 0.5",0.333333333333333,8,1877131599,"gaussian_phi050_N4096","gaussian","Gaussian","inside formal moment assumptions","regular",0.5,"phi = 0.5",4096,16,256,8,100000,20000,"VK_leading_oracle",0.94948,-0.000519999999999965,0.000692587392319554,-0.00013,0.000279822468729979,0.05052,1.00644139160602,0.94875,0.00155922156058721,20000,0.106474474847342,3.35184472901851e-05,0.00474022427474675,0.106408226674142,0.103288281288086,0.109634567399428,0.11252486615885,0.11431677577117,0.106474474847342,1.00382374411355,1.04774599733385,0,0,0,0
"gaussian_phi050_N4096_M16_Q256","gaussian_phi050_N4096","gaussian","block_power","alpha_1_3","alpha = 1/3",0.5,4096,16,256,4096,0.333333333333333,NA,"M = N^(1/3)","Gaussian",1,0,0,"inside formal moment assumptions","regular","phi = 0.5",0.333333333333333,8,1877131599,"gaussian_phi050_N4096","gaussian","Gaussian","inside formal moment assumptions","regular",0.5,"phi = 0.5",4096,16,256,8,100000,20000,"VK_asym_full_feasible",0.94905,-0.000950000000000006,0.0006953711059571,-0.00056,0.000301326686467893,0.0509500000000001,1.01043228666359,0.94885,0.00155778171609504,20000,0.106409856901285,3.85167692856094e-05,0.00544709375025043,0.106347144704424,0.102771403502929,0.110046343552566,0.113392726895956,0.115404830903183,0.106409856901285,1.00321453680221,1.04711013418981,0,0,0,0
"gaussian_phi050_N4096_M16_Q256","gaussian_phi050_N4096","gaussian","block_power","alpha_1_3","alpha = 1/3",0.5,4096,16,256,4096,0.333333333333333,NA,"M = N^(1/3)","Gaussian",1,0,0,"inside formal moment assumptions","regular","phi = 0.5",0.333333333333333,8,1877131599,"gaussian_phi050_N4096","gaussian","Gaussian","inside formal moment assumptions","regular",0.5,"phi = 0.5",4096,16,256,8,100000,20000,"raw",0.93843,-0.01157,0.000760125878391204,-0.01118,0.000354896232036007,0.06157,1.1040461604613,0.93855,0.00169814453890121,20000,0.10162241146068,3.19895975373209e-05,0.00452401226921361,0.101564927525776,0.098580334498143,0.104638654916165,0.107395213585895,0.109118788145488,0.10162241146068,0.958079292756002,1,0,0,0,0
"gaussian_phi050_N4096_M256_Q16","gaussian_phi050_N4096","gaussian","block_power","alpha_2_3","alpha = 2/3",0.5,4096,256,16,4096,0.666666666666667,NA,"M = N^(2/3); smallest Q values are boundary designs","Gaussian",1,0,0,"inside formal moment assumptions","regular","phi = 0.5",0.666666666666667,17,1877131599,"gaussian_phi050_N4096","gaussian","Gaussian","inside formal moment assumptions","regular",0.5,"phi = 0.5",4096,256,16,17,100000,20000,"VK_asym_full_feasible",0.93738,-0.01262,0.000766151000782483,-0.01223,0.000611398404544934,0.06262,1.1233631592098,0.93655,0.00172371832820795,20000,0.108166977149845,0.000143289433269753,0.020264185987484,0.107443223044111,0.0939506185508488,0.121571365011962,0.134506470606511,0.1427365072559,0.108166977149845,1.01978037597912,1.05390112142298,0,0,0,9e-05
"gaussian_phi050_N4096_M256_Q16","gaussian_phi050_N4096","gaussian","block_power","alpha_2_3","alpha = 2/3",0.5,4096,256,16,4096,0.666666666666667,NA,"M = N^(2/3); smallest Q values are boundary designs","Gaussian",1,0,0,"inside formal moment assumptions","regular","phi = 0.5",0.666666666666667,17,1877131599,"gaussian_phi050_N4096","gaussian","Gaussian","inside formal moment assumptions","regular",0.5,"phi = 0.5",4096,256,16,17,100000,20000,"K_asym_full",0.93682,-0.01318,0.000769339246366647,-0.01279,0.000611937826645025,0.06318,1.12841233474527,0.936,0.00173066461222271,20000,0.107860995126665,0.00014224753934774,0.0201168399359775,0.107157839839111,0.0937418351044051,0.121139775780907,0.133956622981888,0.142237600425261,0.107860995126665,1.01689562805639,1.05091985296322,0,0,0,9e-05
"gaussian_phi050_N4096_M256_Q16","gaussian_phi050_N4096","gaussian","block_power","alpha_2_3","alpha = 2/3",0.5,4096,256,16,4096,0.666666666666667,NA,"M = N^(2/3); smallest Q values are boundary designs","Gaussian",1,0,0,"inside formal moment assumptions","regular","phi = 0.5",0.666666666666667,17,1877131599,"gaussian_phi050_N4096","gaussian","Gaussian","inside formal moment assumptions","regular",0.5,"phi = 0.5",4096,256,16,17,100000,20000,"K_leading",0.93703,-0.0129699999999999,0.000768145683448133,-0.01258,0.000611245590750332,0.06297,1.12638936533913,0.93625,0.00172751175828126,20000,0.10796053021144,0.000142383637337099,0.0201360870982138,0.107257941665111,0.0938273131990305,0.121248707210241,0.13407815541514,0.142368532427863,0.10796053021144,1.01783402837828,1.05188965114219,0,0,0,9e-05
"gaussian_phi050_N4096_M256_Q16","gaussian_phi050_N4096","gaussian","block_power","alpha_2_3","alpha = 2/3",0.5,4096,256,16,4096,0.666666666666667,NA,"M = N^(2/3); smallest Q values are boundary designs","Gaussian",1,0,0,"inside formal moment assumptions","regular","phi = 0.5",0.666666666666667,17,1877131599,"gaussian_phi050_N4096","gaussian","Gaussian","inside formal moment assumptions","regular",0.5,"phi = 0.5",4096,256,16,17,100000,20000,"V_oracle",0.92529,-0.02471,0.000831434999864692,-0.02432,0.000650299627015154,0.0747100000000001,1.23684151871506,0.9231,0.00188396377353706,20000,0.102893341429273,0.000135474528752362,0.0191589915917694,0.102219470041555,0.0894648765989188,0.115523748966401,0.127780992721881,0.135557911108185,0.102893341429273,0.970061410361255,1.002518613135,0,0,0,9e-05
"gaussian_phi050_N4096_M256_Q16","gaussian_phi050_N4096","gaussian","block_power","alpha_2_3","alpha = 2/3",0.5,4096,256,16,4096,0.666666666666667,NA,"M = N^(2/3); smallest Q values are boundary designs","Gaussian",1,0,0,"inside formal moment assumptions","regular","phi = 0.5",0.666666666666667,17,1877131599,"gaussian_phi050_N4096","gaussian","Gaussian","inside formal moment assumptions","regular",0.5,"phi = 0.5",4096,256,16,17,100000,20000,"raw",0.92465,-0.02535,0.000834699811309431,-0.02496,0.000651900478403213,0.07535,1.24291240313283,0.92275,0.00188788820511173,20000,0.102634843963158,0.000135123114019328,0.019109294043622,0.101963766877842,0.0892395456529491,0.11523380484884,0.127451886571798,0.135207163676873,0.102634843963158,0.967624338991325,1,0,0,0,9e-05
"gaussian_phi050_N4096_M256_Q16","gaussian_phi050_N4096","gaussian","block_power","alpha_2_3","alpha = 2/3",0.5,4096,256,16,4096,0.666666666666667,NA,"M = N^(2/3); smallest Q values are boundary designs","Gaussian",1,0,0,"inside formal moment assumptions","regular","phi = 0.5",0.666666666666667,17,1877131599,"gaussian_phi050_N4096","gaussian","Gaussian","inside formal moment assumptions","regular",0.5,"phi = 0.5",4096,256,16,17,100000,20000,"V_feasible",0.92524,-0.02476,0.000831690702124294,-0.02437,0.000651433246505539,0.07476,1.23735088744802,0.92345,0.00188002789208033,20000,0.102920756964206,0.000136096573556241,0.0192469620115743,0.102234850282089,0.0894330242229521,0.115621077110643,0.127924758444238,0.135705115807114,0.102920756964206,0.970319879491655,1.0027857303622,0,0,0,9e-05
"gaussian_phi050_N4096_M256_Q16","gaussian_phi050_N4096","gaussian","block_power","alpha_2_3","alpha = 2/3",0.5,4096,256,16,4096,0.666666666666667,NA,"M = N^(2/3); smallest Q values are boundary designs","Gaussian",1,0,0,"inside formal moment assumptions","regular","phi = 0.5",0.666666666666667,17,1877131599,"gaussian_phi050_N4096","gaussian","Gaussian","inside formal moment assumptions","regular",0.5,"phi = 0.5",4096,256,16,17,100000,20000,"VK_asym_full_oracle",0.93745,-0.01255,0.000765751248774692,-0.01216,0.000610348317971544,0.06255,1.12290071474489,0.9367,0.0017218174990399,20000,0.108132819870926,0.0001426192521121,0.020169408059244,0.107432845436725,0.0939731373470331,0.121438578551012,0.134291264685167,0.142598883127209,0.108132819870926,1.01945834680113,1.05356831749792,0,0,0,9e-05
"gaussian_phi050_N4096_M256_Q16","gaussian_phi050_N4096","gaussian","block_power","alpha_2_3","alpha = 2/3",0.5,4096,256,16,4096,0.666666666666667,NA,"M = N^(2/3); smallest Q values are boundary designs","Gaussian",1,0,0,"inside formal moment assumptions","regular","phi = 0.5",0.666666666666667,17,1877131599,"gaussian_phi050_N4096","gaussian","Gaussian","inside formal moment assumptions","regular",0.5,"phi = 0.5",4096,256,16,17,100000,20000,"VK_leading_oracle",0.93763,-0.01237,0.000764722061274552,-0.01198,0.000610220058409421,0.06237,1.12088762633552,0.9368,0.00172054874967262,20000,0.108232608148214,0.000142755738849131,0.0201887101987032,0.10753530549903,0.094060120878615,0.121553086907927,0.13441778516812,0.142727942569459,0.108232608148214,1.02039913418016,1.05454058260239,0,0,0,9e-05
"gaussian_phi050_N4096_M256_Q16","gaussian_phi050_N4096","gaussian","block_power","alpha_2_3","alpha = 2/3",0.5,4096,256,16,4096,0.666666666666667,NA,"M = N^(2/3); smallest Q values are boundary designs","Gaussian",1,0,0,"inside formal moment assumptions","regular","phi = 0.5",0.666666666666667,17,1877131599,"gaussian_phi050_N4096","gaussian","Gaussian","inside formal moment assumptions","regular",0.5,"phi = 0.5",4096,256,16,17,100000,20000,"F_feasible_leading",0.9376,-0.0124,0.000764893718107294,-0.01201,0.000610951169581757,0.0624,1.12134924174977,0.93665,0.00172245141440913,20000,0.108266901195966,0.000143426858487649,0.02028362084818,0.107542182657607,0.0940384677958398,0.121681498659086,0.134637147736815,0.142872154202816,0.108266901195966,1.02072244336427,1.05487470936117,0,0,0,9e-05
"gaussian_phi050_N8000_M400_Q20","gaussian_phi050_N8000","gaussian","block_power","alpha_2_3","alpha = 2/3",0.5,8000,400,20,8000,0.666666666666667,NA,"M = N^(2/3); smallest Q values are boundary designs","Gaussian",1,0,0,"inside formal moment assumptions","regular","phi = 0.5",0.666666666666667,19,1486176019,"gaussian_phi050_N8000","gaussian","Gaussian","inside formal moment assumptions","regular",0.5,"phi = 0.5",8000,400,20,19,100000,20000,"V_feasible",0.93044,-0.0195599999999999,0.000804496155366823,-0.01885,0.000608892833349864,0.06956,1.16636616928924,0.9327,0.00177159123389116,20000,0.0747038149651431,8.71111991221315e-05,0.0123193839233102,0.0742797537861089,0.0660461476540697,0.0828624429620415,0.0906528945731622,0.095497206954807,0.0747038149651431,0.984204291872585,1.00176428378701,0,0,0,1e-05
"gaussian_phi050_N8000_M400_Q20","gaussian_phi050_N8000","gaussian","block_power","alpha_2_3","alpha = 2/3",0.5,8000,400,20,8000,0.666666666666667,NA,"M = N^(2/3); smallest Q values are boundary designs","Gaussian",1,0,0,"inside formal moment assumptions","regular","phi = 0.5",0.666666666666667,19,1486176019,"gaussian_phi050_N8000","gaussian","Gaussian","inside formal moment assumptions","regular",0.5,"phi = 0.5",8000,400,20,19,100000,20000,"VK_asym_full_oracle",0.9402,-0.00979999999999992,0.000749826379904041,-0.00909,0.000577993996310167,0.0598,1.07970802145617,0.9434,0.00163395899581354,20000,0.0777355459206839,9.05683575787433e-05,0.0128082999609715,0.0773145502081185,0.0687310661606036,0.0862574457739378,0.0943330843328479,0.0993286115223484,0.0777355459206839,1.02414659762549,1.04241923281109,0,0,0,1e-05
"gaussian_phi050_N8000_M400_Q20","gaussian_phi050_N8000","gaussian","block_power","alpha_2_3","alpha = 2/3",0.5,8000,400,20,8000,0.666666666666667,NA,"M = N^(2/3); smallest Q values are boundary designs","Gaussian",1,0,0,"inside formal moment assumptions","regular","phi = 0.5",0.666666666666667,19,1486176019,"gaussian_phi050_N8000","gaussian","Gaussian","inside formal moment assumptions","regular",0.5,"phi = 0.5",8000,400,20,19,100000,20000,"VK_leading_oracle",0.94033,-0.00966999999999996,0.000749062688297849,-0.00896,0.000577408449890699,0.05967,1.07873618705342,0.9435,0.00163260145167153,20000,0.0777718288204171,9.0612121266636e-05,0.0128144890810672,0.0773499022085899,0.0687632676018883,0.0862974581453134,0.0943772686612027,0.0993759516982306,0.0777718288204171,1.02462461585864,1.04290577975761,0,0,0,1e-05
"gaussian_phi050_N8000_M400_Q20","gaussian_phi050_N8000","gaussian","block_power","alpha_2_3","alpha = 2/3",0.5,8000,400,20,8000,0.666666666666667,NA,"M = N^(2/3); smallest Q values are boundary designs","Gaussian",1,0,0,"inside formal moment assumptions","regular","phi = 0.5",0.666666666666667,19,1486176019,"gaussian_phi050_N8000","gaussian","Gaussian","inside formal moment assumptions","regular",0.5,"phi = 0.5",8000,400,20,19,100000,20000,"VK_asym_full_feasible",0.94015,-0.00984999999999991,0.000750119840425515,-0.00914,0.000578418490091298,0.05985,1.07986067840029,0.9433,0.00163531510724998,20000,0.0777463219563102,9.07822978231478e-05,0.0128385556804889,0.0773073737012981,0.0687192435421843,0.08627996146181,0.0943936715944017,0.0993906851483928,0.0777463219563102,1.02428856923053,1.04256373744738,0,0,0,1e-05
"gaussian_phi050_N8000_M400_Q20","gaussian_phi050_N8000","gaussian","block_power","alpha_2_3","alpha = 2/3",0.5,8000,400,20,8000,0.666666666666667,NA,"M = N^(2/3); smallest Q values are boundary designs","Gaussian",1,0,0,"inside formal moment assumptions","regular","phi = 0.5",0.666666666666667,19,1486176019,"gaussian_phi050_N8000","gaussian","Gaussian","inside formal moment assumptions","regular",0.5,"phi = 0.5",8000,400,20,19,100000,20000,"F_feasible_leading",0.94026,-0.00973999999999997,0.000749474031571475,-0.00903,0.00057800340126968,0.05974,1.07888870659255,0.9434,0.00163395899581354,20000,0.0777826261748979,9.08262124930439e-05,0.0128447661526643,0.0773453766561358,0.0687518033136257,0.0863218064275263,0.0944383447551715,0.0994348300247611,0.0777826261748979,1.02476686833431,1.04305057027578,0,0,0,1e-05
"gaussian_phi050_N8000_M400_Q20","gaussian_phi050_N8000","gaussian","block_power","alpha_2_3","alpha = 2/3",0.5,8000,400,20,8000,0.666666666666667,NA,"M = N^(2/3); smallest Q values are boundary designs","Gaussian",1,0,0,"inside formal moment assumptions","regular","phi = 0.5",0.666666666666667,19,1486176019,"gaussian_phi050_N8000","gaussian","Gaussian","inside formal moment assumptions","regular",0.5,"phi = 0.5",8000,400,20,19,100000,20000,"raw",0.92997,-0.02003,0.000807005570612744,-0.01932,0.000610631725929015,0.07003,1.16990660510412,0.93205,0.00177950551418083,20000,0.0745722483564073,8.67626429761501e-05,0.0122700906404206,0.0741498948549602,0.0659372288816485,0.0827139372811997,0.0904654036594902,0.0952552136056388,0.0745722483564073,0.982470934331939,1,0,0,0,1e-05
"gaussian_phi050_N8000_M400_Q20","gaussian_phi050_N8000","gaussian","block_power","alpha_2_3","alpha = 2/3",0.5,8000,400,20,8000,0.666666666666667,NA,"M = N^(2/3); smallest Q values are boundary designs","Gaussian",1,0,0,"inside formal moment assumptions","regular","phi = 0.5",0.666666666666667,19,1486176019,"gaussian_phi050_N8000","gaussian","Gaussian","inside formal moment assumptions","regular",0.5,"phi = 0.5",8000,400,20,19,100000,20000,"K_asym_full",0.93975,-0.01025,0.00075246220835335,-0.00954,0.000579907964191275,0.06025,1.08313853189223,0.94295,0.00164005026599797,20000,0.077607870107233,9.0414378107335e-05,0.0127865239752922,0.0771860112104234,0.0686170337636106,0.0861186146855474,0.0941748825325232,0.09916207474051,0.077607870107233,1.02246450035074,1.0407071238662,0,0,0,1e-05
"gaussian_phi050_N8000_M400_Q20","gaussian_phi050_N8000","gaussian","block_power","alpha_2_3","alpha = 2/3",0.5,8000,400,20,8000,0.666666666666667,NA,"M = N^(2/3); smallest Q values are boundary designs","Gaussian",1,0,0,"inside formal moment assumptions","regular","phi = 0.5",0.666666666666667,19,1486176019,"gaussian_phi050_N8000","gaussian","Gaussian","inside formal moment assumptions","regular",0.5,"phi = 0.5",8000,400,20,19,100000,20000,"K_leading",0.93991,-0.0100899999999999,0.000751526392750115,-0.00938,0.000579589091715115,0.06009,1.08216360972131,0.9431,0.00163802304623592,20000,0.0776440911979283,9.04580581819823e-05,0.0127927012706894,0.0772221908041378,0.0686492727884703,0.0861577571003293,0.0942224502214629,0.0992093192697577,0.0776440911979283,1.02294170426509,1.04119284196501,0,0,0,1e-05
"gaussian_phi050_N8000_M400_Q20","gaussian_phi050_N8000","gaussian","block_power","alpha_2_3","alpha = 2/3",0.5,8000,400,20,8000,0.666666666666667,NA,"M = N^(2/3); smallest Q values are boundary designs","Gaussian",1,0,0,"inside formal moment assumptions","regular","phi = 0.5",0.666666666666667,19,1486176019,"gaussian_phi050_N8000","gaussian","Gaussian","inside formal moment assumptions","regular",0.5,"phi = 0.5",8000,400,20,19,100000,20000,"V_oracle",0.93046,-0.01954,0.000804389137171805,-0.01883,0.000608077304773074,0.06954,1.16620128330099,0.9327,0.00177159123389116,20000,0.0746947447186932,8.69096619661354e-05,0.012290882265377,0.0742691865192437,0.0660412502433532,0.0828540637265673,0.0906158464404743,0.0954142037780461,0.0746947447186932,0.984084793618199,1.00164265346675,0,0,0,1e-05
"gaussian_phi050_N8000_M20_Q400","gaussian_phi050_N8000","gaussian","block_power","alpha_1_3","alpha = 1/3",0.5,8000,20,400,8000,0.333333333333333,NA,"M = N^(1/3)","Gaussian",1,0,0,"inside formal moment assumptions","regular","phi = 0.5",0.333333333333333,10,1486176019,"gaussian_phi050_N8000","gaussian","Gaussian","inside formal moment assumptions","regular",0.5,"phi = 0.5",8000,20,400,10,100000,20000,"VK_asym_full_oracle",0.94895,-0.00105,0.000696016504833039,-0.00034,0.000261533034233307,0.05105,1.0095661056557,0.9498,0.00154402007758967,20000,0.0760871029295485,1.89167043067293e-05,0.00267522597859781,0.0760583051648147,0.0743061531028357,0.0778721731508706,0.0795695912497437,0.0805051299727426,0.0760871029295485,1.00242876878984,1.0367094521614,0,0,0,0
"gaussian_phi050_N8000_M20_Q400","gaussian_phi050_N8000","gaussian","block_power","alpha_1_3","alpha = 1/3",0.5,8000,20,400,8000,0.333333333333333,NA,"M = N^(1/3)","Gaussian",1,0,0,"inside formal moment assumptions","regular","phi = 0.5",0.333333333333333,10,1486176019,"gaussian_phi050_N8000","gaussian","Gaussian","inside formal moment assumptions","regular",0.5,"phi = 0.5",8000,20,400,10,100000,20000,"VK_leading_oracle",0.949,-0.001,0.000695693898205238,-0.00029,0.000260959460450086,0.051,1.00872233958327,0.94985,0.0015432915716092,20000,0.0761190825754031,1.89246594085433e-05,0.00267635099988535,0.0760902723910195,0.0743373971143204,0.0779048752003929,0.079603069158109,0.0805389843902624,0.0761190825754031,1.00285009271711,1.03714518436643,0,0,0,0
"gaussian_phi050_N8000_M20_Q400","gaussian_phi050_N8000","gaussian","block_power","alpha_1_3","alpha = 1/3",0.5,8000,20,400,8000,0.333333333333333,NA,"M = N^(1/3)","Gaussian",1,0,0,"inside formal moment assumptions","regular","phi = 0.5",0.333333333333333,10,1486176019,"gaussian_phi050_N8000","gaussian","Gaussian","inside formal moment assumptions","regular",0.5,"phi = 0.5",8000,20,400,10,100000,20000,"VK_asym_full_feasible",0.94873,-0.00126999999999999,0.00069743377535075,-0.00056,0.000281065213031673,0.05127,1.01040655699237,0.9494,0.00154983289421795,20000,0.0761231069926004,2.19206663526533e-05,0.00310005036521778,0.0760991172291739,0.0740499752964499,0.0781847358080972,0.080130634381584,0.0812349637832933,0.0761231069926004,1.00290311341866,1.03720001825006,0,0,0,0
"gaussian_phi050_N8000_M20_Q400","gaussian_phi050_N8000","gaussian","block_power","alpha_1_3","alpha = 1/3",0.5,8000,20,400,8000,0.333333333333333,NA,"M = N^(1/3)","Gaussian",1,0,0,"inside formal moment assumptions","regular","phi = 0.5",0.333333333333333,10,1486176019,"gaussian_phi050_N8000","gaussian","Gaussian","inside formal moment assumptions","regular",0.5,"phi = 0.5",8000,20,400,10,100000,20000,"F_feasible_leading",0.94884,-0.00115999999999994,0.000696725587301055,-0.00045,0.000280176301616678,0.05116,1.00956208849509,0.94955,0.00154765625220848,20000,0.0761551695042983,2.19299056145636e-05,0.00310135699416777,0.0761312110822324,0.0740811731690168,0.0782176876808308,0.0801643506856061,0.0812692061982841,0.0761551695042983,1.00332552908292,1.03763687952691,0,0,0,0
"gaussian_phi050_N8000_M20_Q400","gaussian_phi050_N8000","gaussian","block_power","alpha_1_3","alpha = 1/3",0.5,8000,20,400,8000,0.333333333333333,NA,"M = N^(1/3)","Gaussian",1,0,0,"inside formal moment assumptions","regular","phi = 0.5",0.333333333333333,10,1486176019,"gaussian_phi050_N8000","gaussian","Gaussian","inside formal moment assumptions","regular",0.5,"phi = 0.5",8000,20,400,10,100000,20000,"raw",0.9397,-0.0103,0.000752754342398634,-0.00959,0.000325854846233424,0.0603,1.08466121221478,0.9408,0.00166876241568415,20000,0.0733928901399687,1.82465334675095e-05,0.00258044950960465,0.0733661885848106,0.0716750897708807,0.0751147071227599,0.0767503859396759,0.0776530974213602,0.0733928901399687,0.966933181423126,1,0,0,0,0
"gaussian_phi050_N8000_M20_Q400","gaussian_phi050_N8000","gaussian","block_power","alpha_1_3","alpha = 1/3",0.5,8000,20,400,8000,0.333333333333333,NA,"M = N^(1/3)","Gaussian",1,0,0,"inside formal moment assumptions","regular","phi = 0.5",0.333333333333333,10,1486176019,"gaussian_phi050_N8000","gaussian","Gaussian","inside formal moment assumptions","regular",0.5,"phi = 0.5",8000,20,400,10,100000,20000,"K_asym_full",0.94015,-0.00984999999999991,0.000750119840425515,-0.00914,0.000321816158165491,0.05985,1.08149761701249,0.94125,0.00166280542307271,20000,0.0735006707097379,1.82733420212399e-05,0.00258424081163197,0.0734740073014017,0.0717803287591176,0.0752250379020774,0.076863177219687,0.077767134422267,0.0735006707097379,0.968353163781414,1.00146854238283,0,0,0,0
"gaussian_phi050_N8000_M20_Q400","gaussian_phi050_N8000","gaussian","block_power","alpha_1_3","alpha = 1/3",0.5,8000,20,400,8000,0.333333333333333,NA,"M = N^(1/3)","Gaussian",1,0,0,"inside formal moment assumptions","regular","phi = 0.5",0.333333333333333,10,1486176019,"gaussian_phi050_N8000","gaussian","Gaussian","inside formal moment assumptions","regular",0.5,"phi = 0.5",8000,20,400,10,100000,20000,"K_leading",0.94028,-0.00971999999999995,0.000749356534634883,-0.00901,0.000320139381976412,0.05972,1.08059373266898,0.9414,0.00166081365601322,20000,0.0735315524955205,1.82810232385781e-05,0.00258532709980549,0.0735049026633627,0.0718104812827203,0.0752566500934573,0.0768954999093438,0.0777998110413897,0.0735315524955205,0.968760023673671,1.00188931591721,0,0,0,0
"gaussian_phi050_N8000_M20_Q400","gaussian_phi050_N8000","gaussian","block_power","alpha_1_3","alpha = 1/3",0.5,8000,20,400,8000,0.333333333333333,NA,"M = N^(1/3)","Gaussian",1,0,0,"inside formal moment assumptions","regular","phi = 0.5",0.333333333333333,10,1486176019,"gaussian_phi050_N8000","gaussian","Gaussian","inside formal moment assumptions","regular",0.5,"phi = 0.5",8000,20,400,10,100000,20000,"V_oracle",0.94862,-0.00137999999999994,0.000698141071703993,-0.00067,0.000261335405106043,0.05138,1.01251928690918,0.9494,0.00154983289421795,20000,0.0759754907156369,1.88889399009442e-05,0.00267129949867656,0.0759468084027154,0.0741971071038507,0.0777580766484142,0.0794528539747739,0.0803869776975423,0.0759754907156369,1.00095830546734,1.03518870248525,0,0,0,0
"gaussian_phi050_N8000_M20_Q400","gaussian_phi050_N8000","gaussian","block_power","alpha_1_3","alpha = 1/3",0.5,8000,20,400,8000,0.333333333333333,NA,"M = N^(1/3)","Gaussian",1,0,0,"inside formal moment assumptions","regular","phi = 0.5",0.333333333333333,10,1486176019,"gaussian_phi050_N8000","gaussian","Gaussian","inside formal moment assumptions","regular",0.5,"phi = 0.5",8000,20,400,10,100000,20000,"V_feasible",0.94846,-0.00153999999999999,0.00069916828017295,-0.00083,0.000282301094470212,0.05154,1.01336219673284,0.9492,0.00155272921013292,20000,0.0760112062157341,2.18884206925526e-05,0.00309549014023358,0.0759871073881373,0.0739411421791153,0.0780697515540875,0.0800129667222099,0.0811154598619324,0.0760112062157341,1.00142884835057,1.03567533681767,0,0,0,0
"gaussian_phi050_N243_M27_Q9","gaussian_phi050_N243","gaussian","block_power","alpha_3_5","alpha = 3/5",0.5,243,27,9,243,0.6,NA,"M = N^(3/5)","Gaussian",1,0,0,"inside formal moment assumptions","regular","phi = 0.5",0.6,9,171603686,"gaussian_phi050_N243","gaussian","Gaussian","inside formal moment assumptions","regular",0.5,"phi = 0.5",243,27,9,9,100000,20000,"V_feasible",0.88906,-0.06094,0.00099313803874386,-0.0602,0.000872334345117798,0.11094,1.63189886180423,0.8883,0.00222736514743317,20000,0.397764066697612,0.000769347007509577,0.10880209721912,0.391478496549102,0.32103379118909,0.468203127728002,0.540287715171057,0.58517038161538,0.397764066697612,0.9157664544573,1.02919869574306,0,0,0,0.00429
"gaussian_phi050_N243_M27_Q9","gaussian_phi050_N243","gaussian","block_power","alpha_3_5","alpha = 3/5",0.5,243,27,9,243,0.6,NA,"M = N^(3/5)","Gaussian",1,0,0,"inside formal moment assumptions","regular","phi = 0.5",0.6,9,171603686,"gaussian_phi050_N243","gaussian","Gaussian","inside formal moment assumptions","regular",0.5,"phi = 0.5",243,27,9,9,100000,20000,"VK_asym_full_oracle",0.91033,-0.03967,0.000903489297667659,-0.03893,0.000791675955494535,0.08967,1.38578310007694,0.9093,0.00203068350562071,20000,0.424697106987123,0.000773163272179973,0.109341798544568,0.418943930848496,0.347509082656719,0.495933140069141,0.568470612066373,0.612558414641379,0.424697106987123,0.977774003350427,1.09888686583972,0,0,0,0.00429
"gaussian_phi050_N243_M27_Q9","gaussian_phi050_N243","gaussian","block_power","alpha_3_5","alpha = 3/5",0.5,243,27,9,243,0.6,NA,"M = N^(3/5)","Gaussian",1,0,0,"inside formal moment assumptions","regular","phi = 0.5",0.6,9,171603686,"gaussian_phi050_N243","gaussian","Gaussian","inside formal moment assumptions","regular",0.5,"phi = 0.5",243,27,9,9,100000,20000,"VK_leading_oracle",0.91404,-0.03596,0.000886402157037087,-0.03522,0.000779359730814917,0.08596,1.34161471441712,0.9129,0.00199391060481657,20000,0.431341518114662,0.00078566163255006,0.111109333618848,0.425471813951676,0.352874960968245,0.503827624368541,0.577347928286004,0.622209123745799,0.431341518114662,0.993071334933796,1.11607901525436,0,0,0,0.00429
"gaussian_phi050_N243_M27_Q9","gaussian_phi050_N243","gaussian","block_power","alpha_3_5","alpha = 3/5",0.5,243,27,9,243,0.6,NA,"M = N^(3/5)","Gaussian",1,0,0,"inside formal moment assumptions","regular","phi = 0.5",0.6,9,171603686,"gaussian_phi050_N243","gaussian","Gaussian","inside formal moment assumptions","regular",0.5,"phi = 0.5",243,27,9,9,100000,20000,"VK_asym_full_feasible",0.9085,-0.0415,0.000911744207549464,-0.04076,0.000811783723616173,0.0915,1.40468660601119,0.9081,0.00204272354957787,20000,0.428363908689491,0.000829007566412936,0.117239374373109,0.421490306471779,0.345477798467258,0.504363920115615,0.582146326464423,0.630434567525795,0.428363908689491,0.986216027845133,1.10837456934435,0,0,0,0.00429
"gaussian_phi050_N243_M27_Q9","gaussian_phi050_N243","gaussian","block_power","alpha_3_5","alpha = 3/5",0.5,243,27,9,243,0.6,NA,"M = N^(3/5)","Gaussian",1,0,0,"inside formal moment assumptions","regular","phi = 0.5",0.6,9,171603686,"gaussian_phi050_N243","gaussian","Gaussian","inside formal moment assumptions","regular",0.5,"phi = 0.5",243,27,9,9,100000,20000,"F_feasible_leading",0.9125,-0.0375,0.000893553300033076,-0.03676,0.000798557074312168,0.0875,1.3599157181702,0.91165,0.00200679193615083,20000,0.435233254795391,0.000842411611274996,0.119134992576567,0.428356084229021,0.351058268976199,0.512596358394198,0.59170073752217,0.640478260238929,0.435233254795391,1.002031223974,1.12614872906546,0,0,0,0.00429
"gaussian_phi050_N243_M27_Q9","gaussian_phi050_N243","gaussian","block_power","alpha_3_5","alpha = 3/5",0.5,243,27,9,243,0.6,NA,"M = N^(3/5)","Gaussian",1,0,0,"inside formal moment assumptions","regular","phi = 0.5",0.6,9,171603686,"gaussian_phi050_N243","gaussian","Gaussian","inside formal moment assumptions","regular",0.5,"phi = 0.5",243,27,9,9,100000,20000,"raw",0.88448,-0.0655199999999999,0.00101081714271178,-0.06478,0.000875467406835802,0.11552,1.68427821225272,0.88325,0.00227067652363783,20000,0.386479373072305,0.000701654415400432,0.0992289190358256,0.381364582686564,0.316559162515668,0.451141311427734,0.51670899941038,0.556785470705736,0.386479373072305,0.889785867631842,1,0,0,0,0.00429
"gaussian_phi050_N243_M27_Q9","gaussian_phi050_N243","gaussian","block_power","alpha_3_5","alpha = 3/5",0.5,243,27,9,243,0.6,NA,"M = N^(3/5)","Gaussian",1,0,0,"inside formal moment assumptions","regular","phi = 0.5",0.6,9,171603686,"gaussian_phi050_N243","gaussian","Gaussian","inside formal moment assumptions","regular",0.5,"phi = 0.5",243,27,9,9,100000,20000,"K_asym_full",0.90494,-0.04506,0.000927489064086472,-0.04432,0.000808309290828144,0.09506,1.44977308393495,0.904,0.00208307465060665,20000,0.415579009164595,0.000756044196965113,0.106920795710154,0.409952903856279,0.340220620463727,0.485287544182455,0.555957750732473,0.599374667898307,0.415579009164595,0.9567815386875,1.07529415052856,0,0,0,0.00429
"gaussian_phi050_N243_M27_Q9","gaussian_phi050_N243","gaussian","block_power","alpha_3_5","alpha = 3/5",0.5,243,27,9,243,0.6,NA,"M = N^(3/5)","Gaussian",1,0,0,"inside formal moment assumptions","regular","phi = 0.5",0.6,9,171603686,"gaussian_phi050_N243","gaussian","Gaussian","inside formal moment assumptions","regular",0.5,"phi = 0.5",243,27,9,9,100000,20000,"K_leading",0.90893,-0.0410699999999999,0.000909814569568986,-0.04033,0.000795261740191463,0.09107,1.40356517687727,0.90805,0.00204322291368318,20000,0.422104984976486,0.000768292814354561,0.108653011793401,0.416414812321079,0.345455315269606,0.492942678817276,0.564882457806289,0.608821312816692,0.422104984976486,0.971806198357607,1.09217985327645,0,0,0,0.00429
"gaussian_phi050_N243_M27_Q9","gaussian_phi050_N243","gaussian","block_power","alpha_3_5","alpha = 3/5",0.5,243,27,9,243,0.6,NA,"M = N^(3/5)","Gaussian",1,0,0,"inside formal moment assumptions","regular","phi = 0.5",0.6,9,171603686,"gaussian_phi050_N243","gaussian","Gaussian","inside formal moment assumptions","regular",0.5,"phi = 0.5",243,27,9,9,100000,20000,"V_oracle",0.89078,-0.0592199999999999,0.000986361959931546,-0.05848,0.000854639222176236,0.10922,1.60993765730054,0.89035,0.00220937635431359,20000,0.395049627954456,0.000717635030311181,0.10148891927001,0.389779637011088,0.32358623463596,0.461088982885272,0.528043316292926,0.569236069698896,0.395049627954456,0.909517041421327,1.02217519350133,0,0,0,0.00429
"gaussian_phi050_N243_M9_Q27","gaussian_phi050_N243","gaussian","block_power","alpha_2_5","alpha = 2/5",0.5,243,9,27,243,0.4,NA,"M = N^(2/5)","Gaussian",1,0,0,"inside formal moment assumptions","regular","phi = 0.5",0.4,4,171603686,"gaussian_phi050_N243","gaussian","Gaussian","inside formal moment assumptions","regular",0.5,"phi = 0.5",243,9,27,4,100000,20000,"VK_asym_full_oracle",0.94207,-0.00792999999999999,0.000738742953265884,-0.00719,0.000536270374772976,0.05793,1.07907929871012,0.9405,0.00167271859558026,20000,0.437036671317977,0.000442213628392803,0.0625384510739319,0.435237103845573,0.393767963796496,0.478155029367741,0.517796129649458,0.542915317098668,0.437036671317977,1.00618320373555,1.09989147275738,0,0,0,0
"gaussian_phi050_N243_M9_Q27","gaussian_phi050_N243","gaussian","block_power","alpha_2_5","alpha = 2/5",0.5,243,9,27,243,0.4,NA,"M = N^(2/5)","Gaussian",1,0,0,"inside formal moment assumptions","regular","phi = 0.5",0.4,4,171603686,"gaussian_phi050_N243","gaussian","Gaussian","inside formal moment assumptions","regular",0.5,"phi = 0.5",243,9,27,4,100000,20000,"VK_leading_oracle",0.94544,-0.00456000000000001,0.000718214497208181,-0.00382,0.000526741730422515,0.0545600000000001,1.04861834461809,0.9437,0.00162988205094725,20000,0.443616550682211,0.000449116762271515,0.063514701629347,0.441782714712115,0.399575622908403,0.48533415377613,0.525604708290212,0.551180987454419,0.443616550682211,1.02133196477414,1.11645107445549,0,0,0,0
"gaussian_phi050_N243_M9_Q27","gaussian_phi050_N243","gaussian","block_power","alpha_2_5","alpha = 2/5",0.5,243,9,27,243,0.4,NA,"M = N^(2/5)","Gaussian",1,0,0,"inside formal moment assumptions","regular","phi = 0.5",0.4,4,171603686,"gaussian_phi050_N243","gaussian","Gaussian","inside formal moment assumptions","regular",0.5,"phi = 0.5",243,9,27,4,100000,20000,"VK_asym_full_feasible",0.9386,-0.0114,0.000759144518520683,-0.01066,0.000567509352053908,0.0614,1.11086978970927,0.9374,0.00171291038878279,20000,0.433807942666751,0.000480042703446412,0.0678882901732162,0.43199897951313,0.386911468231213,0.478404475502344,0.521473867498722,0.5480992455143,0.433807942666751,0.998749748486849,1.09176572188933,0,0,0,0
"gaussian_phi050_N243_M9_Q27","gaussian_phi050_N243","gaussian","block_power","alpha_2_5","alpha = 2/5",0.5,243,9,27,243,0.4,NA,"M = N^(2/5)","Gaussian",1,0,0,"inside formal moment assumptions","regular","phi = 0.5",0.4,4,171603686,"gaussian_phi050_N243","gaussian","Gaussian","inside formal moment assumptions","regular",0.5,"phi = 0.5",243,9,27,4,100000,20000,"F_feasible_leading",0.94189,-0.00810999999999995,0.000739819085317485,-0.00737,0.000557279047335683,0.05811,1.07951143290732,0.9407,0.00167008248299298,20000,0.440457267467959,0.000487575833319977,0.0689536356166475,0.438542288785097,0.392827835096106,0.485656440960107,0.529467074528054,0.556487550829587,0.440457267467959,1.01405839275,1.10850009712239,0,0,0,0
"gaussian_phi050_N243_M9_Q27","gaussian_phi050_N243","gaussian","block_power","alpha_2_5","alpha = 2/5",0.5,243,9,27,243,0.4,NA,"M = N^(2/5)","Gaussian",1,0,0,"inside formal moment assumptions","regular","phi = 0.5",0.4,4,171603686,"gaussian_phi050_N243","gaussian","Gaussian","inside formal moment assumptions","regular",0.5,"phi = 0.5",243,9,27,4,100000,20000,"raw",0.91706,-0.03294,0.000872129327565585,-0.0322,0.000631692639149692,0.08294,1.29580588409146,0.91615,0.0019598364408797,20000,0.397345267367466,0.000400858150721395,0.0566899033337995,0.395802282171495,0.358116486981322,0.434679833157173,0.470597353792277,0.493093387982268,0.397345267367466,0.91480225882022,1,0,0,0,0
"gaussian_phi050_N243_M9_Q27","gaussian_phi050_N243","gaussian","block_power","alpha_2_5","alpha = 2/5",0.5,243,9,27,243,0.4,NA,"M = N^(2/5)","Gaussian",1,0,0,"inside formal moment assumptions","regular","phi = 0.5",0.4,4,171603686,"gaussian_phi050_N243","gaussian","Gaussian","inside formal moment assumptions","regular",0.5,"phi = 0.5",243,9,27,4,100000,20000,"K_asym_full",0.92097,-0.02903,0.000853136912224527,-0.02829,0.000613107264681458,0.07903,1.25936689832483,0.9199,0.00191942686758313,20000,0.403271581777946,0.000407003215315237,0.0575589467028266,0.401708645569939,0.36351549306971,0.441185356407666,0.477658105328177,0.500535080224664,0.403271581777946,0.928446326723947,1.01491477286176,0,0,0,0
"gaussian_phi050_N243_M9_Q27","gaussian_phi050_N243","gaussian","block_power","alpha_2_5","alpha = 2/5",0.5,243,9,27,243,0.4,NA,"M = N^(2/5)","Gaussian",1,0,0,"inside formal moment assumptions","regular","phi = 0.5",0.4,4,171603686,"gaussian_phi050_N243","gaussian","Gaussian","inside formal moment assumptions","regular",0.5,"phi = 0.5",243,9,27,4,100000,20000,"K_leading",0.92503,-0.0249699999999999,0.000832763466417686,-0.02423,0.000596517082174763,0.07497,1.2238166683086,0.92435,0.00186985397157104,20000,0.409314921542484,0.000413279999409332,0.0584466180222223,0.407702556784315,0.368899997303845,0.447771143618537,0.484812638497137,0.508063211373913,0.409314921542484,0.942359820406771,1.03012406377537,0,0,0,0
"gaussian_phi050_N243_M9_Q27","gaussian_phi050_N243","gaussian","block_power","alpha_2_5","alpha = 2/5",0.5,243,9,27,243,0.4,NA,"M = N^(2/5)","Gaussian",1,0,0,"inside formal moment assumptions","regular","phi = 0.5",0.4,4,171603686,"gaussian_phi050_N243","gaussian","Gaussian","inside formal moment assumptions","regular",0.5,"phi = 0.5",243,9,27,4,100000,20000,"V_oracle",0.93854,-0.0114599999999999,0.000759491069071914,-0.01072,0.00054868372177263,0.06146,1.11030177665445,0.9376,0.00171035434925047,20000,0.430584914876121,0.000435458484407882,0.0615831294500059,0.428809194224412,0.387947357283269,0.471053340357765,0.510133819953309,0.534844845281949,0.430584914876121,0.991329418246997,1.08365431839387,0,0,0,0
"gaussian_phi050_N243_M9_Q27","gaussian_phi050_N243","gaussian","block_power","alpha_2_5","alpha = 2/5",0.5,243,9,27,243,0.4,NA,"M = N^(2/5)","Gaussian",1,0,0,"inside formal moment assumptions","regular","phi = 0.5",0.4,4,171603686,"gaussian_phi050_N243","gaussian","Gaussian","inside formal moment assumptions","regular",0.5,"phi = 0.5",243,9,27,4,100000,20000,"V_feasible",0.93509,-0.01491,0.000779080816732128,-0.01417,0.000579047030865922,0.06491,1.14301210543128,0.93455,0.00174880384120118,20000,0.427292735373328,0.000472671776417247,0.0668458836760254,0.425528687893084,0.381125225259625,0.471191462175169,0.513637653558568,0.539709691666838,0.427292735373328,0.983749881020972,1.07536888058155,0,0,0,0
"gaussian_phi050_N1024_M16_Q64","gaussian_phi050_N1024","gaussian","block_power","alpha_2_5","alpha = 2/5",0.5,1024,16,64,1024,0.4,NA,"M = N^(2/5)","Gaussian",1,0,0,"inside formal moment assumptions","regular","phi = 0.5",0.4,8,952606029,"gaussian_phi050_N1024","gaussian","Gaussian","inside formal moment assumptions","regular",0.5,"phi = 0.5",1024,16,64,8,100000,20000,"raw",0.93545,-0.01455,0.000777066905098911,-0.01442,0.000459698541685192,0.06455,1.12826923422771,0.93475,0.00174631665942921,20000,0.203156573810523,0.000128032277225616,0.0181064982873978,0.202782448617112,0.190784087491293,0.21533154743381,0.226601209545217,0.233398194002228,0.203156573810523,0.958131398028759,1,0,0,0,0
"gaussian_phi050_N1024_M16_Q64","gaussian_phi050_N1024","gaussian","block_power","alpha_2_5","alpha = 2/5",0.5,1024,16,64,1024,0.4,NA,"M = N^(2/5)","Gaussian",1,0,0,"inside formal moment assumptions","regular","phi = 0.5",0.4,8,952606029,"gaussian_phi050_N1024","gaussian","Gaussian","inside formal moment assumptions","regular",0.5,"phi = 0.5",1024,16,64,8,100000,20000,"K_asym_full",0.93757,-0.0124299999999999,0.000765065324661888,-0.0123,0.000447089587097473,0.06243,1.1091709268775,0.9368,0.00172054874967262,20000,0.204943948226328,0.00012917392030431,0.0182679509999256,0.2045658957508,0.192466394755036,0.217218291967112,0.228600108530169,0.23545273595915,0.204943948226328,0.966561051648602,1.00879801417341,0,0,0,0
"gaussian_phi050_N1024_M16_Q64","gaussian_phi050_N1024","gaussian","block_power","alpha_2_5","alpha = 2/5",0.5,1024,16,64,1024,0.4,NA,"M = N^(2/5)","Gaussian",1,0,0,"inside formal moment assumptions","regular","phi = 0.5",0.4,8,952606029,"gaussian_phi050_N1024","gaussian","Gaussian","inside formal moment assumptions","regular",0.5,"phi = 0.5",1024,16,64,8,100000,20000,"K_leading",0.93835,-0.0116499999999999,0.000760587125186852,-0.01152,0.00044348039725407,0.06165,1.1018254240505,0.93775,0.001708434041747,20000,0.205644067976593,0.000129621286260745,0.0183312181002191,0.205262683566226,0.193122562493114,0.217961635831813,0.22937776729986,0.236264122259365,0.205644067976593,0.9698629714562,1.01224422187977,0,0,0,0
"gaussian_phi050_N1024_M16_Q64","gaussian_phi050_N1024","gaussian","block_power","alpha_2_5","alpha = 2/5",0.5,1024,16,64,1024,0.4,NA,"M = N^(2/5)","Gaussian",1,0,0,"inside formal moment assumptions","regular","phi = 0.5",0.4,8,952606029,"gaussian_phi050_N1024","gaussian","Gaussian","inside formal moment assumptions","regular",0.5,"phi = 0.5",1024,16,64,8,100000,20000,"V_oracle",0.94562,-0.00437999999999994,0.000717097033880353,-0.00425,0.000414874795825153,0.05438,1.03559666586928,0.9458,0.00160097407849097,20000,0.212298423819905,0.00013387861618333,0.0189332954718208,0.211874637153857,0.199333194216593,0.225015262362707,0.236815012916096,0.243930335432355,0.212298423819905,1.00124638744686,1.04499903615183,0,0,0,0
"gaussian_phi050_N1024_M16_Q64","gaussian_phi050_N1024","gaussian","block_power","alpha_2_5","alpha = 2/5",0.5,1024,16,64,1024,0.4,NA,"M = N^(2/5)","Gaussian",1,0,0,"inside formal moment assumptions","regular","phi = 0.5",0.4,8,952606029,"gaussian_phi050_N1024","gaussian","Gaussian","inside formal moment assumptions","regular",0.5,"phi = 0.5",1024,16,64,8,100000,20000,"V_feasible",0.94543,-0.00456999999999996,0.00071827651430351,-0.00444,0.000439095424763138,0.05457,1.0401962331094,0.9453,0.00160791650902651,20000,0.212916878521352,0.000154233696798577,0.0218119385787487,0.212373234189849,0.19790750253647,0.227564400378529,0.241310296126196,0.249012661596941,0.212916878521352,1.00416315679673,1.04804326302496,0,0,0,0
"gaussian_phi050_N1024_M16_Q64","gaussian_phi050_N1024","gaussian","block_power","alpha_2_5","alpha = 2/5",0.5,1024,16,64,1024,0.4,NA,"M = N^(2/5)","Gaussian",1,0,0,"inside formal moment assumptions","regular","phi = 0.5",0.4,8,952606029,"gaussian_phi050_N1024","gaussian","Gaussian","inside formal moment assumptions","regular",0.5,"phi = 0.5",1024,16,64,8,100000,20000,"VK_asym_full_oracle",0.94751,-0.00248999999999999,0.00070522904009974,-0.00236,0.000410787039060283,0.05249,1.01806703480638,0.9476,0.00157566240038912,20000,0.214170581263045,0.000135078185526121,0.019102940195179,0.213724978222398,0.201081560510081,0.226995833628777,0.238891861134032,0.246074854623667,0.214170581263045,1.0100758966017,1.05421437882091,0,0,0,0
"gaussian_phi050_N1024_M16_Q64","gaussian_phi050_N1024","gaussian","block_power","alpha_2_5","alpha = 2/5",0.5,1024,16,64,1024,0.4,NA,"M = N^(2/5)","Gaussian",1,0,0,"inside formal moment assumptions","regular","phi = 0.5",0.4,8,952606029,"gaussian_phi050_N1024","gaussian","Gaussian","inside formal moment assumptions","regular",0.5,"phi = 0.5",1024,16,64,8,100000,20000,"VK_leading_oracle",0.94822,-0.00178,0.000700705584393332,-0.00165,0.000408991989829235,0.05178,1.01132486901296,0.94835,0.00156496449640239,20000,0.214903940693212,0.00013554830302078,0.0191694248488646,0.21445820958999,0.201768856631022,0.22778180259506,0.239709999453594,0.24691486083104,0.214903940693212,1.01353458210178,1.05782420259581,0,0,0,0
"gaussian_phi050_N1024_M16_Q64","gaussian_phi050_N1024","gaussian","block_power","alpha_2_5","alpha = 2/5",0.5,1024,16,64,1024,0.4,NA,"M = N^(2/5)","Gaussian",1,0,0,"inside formal moment assumptions","regular","phi = 0.5",0.4,8,952606029,"gaussian_phi050_N1024","gaussian","Gaussian","inside formal moment assumptions","regular",0.5,"phi = 0.5",1024,16,64,8,100000,20000,"VK_asym_full_feasible",0.94729,-0.00270999999999999,0.000706623350166127,-0.00258,0.000434896915778065,0.05271,1.02258874478854,0.94745,0.00157779113795204,20000,0.214818232093189,0.000155627779214253,0.0220090916046802,0.214274099950332,0.199666192548437,0.229604221122335,0.243458673417691,0.251232568922297,0.214818232093189,1.01313036136098,1.05740231814277,0,0,0,0
"gaussian_phi050_N1024_M16_Q64","gaussian_phi050_N1024","gaussian","block_power","alpha_2_5","alpha = 2/5",0.5,1024,16,64,1024,0.4,NA,"M = N^(2/5)","Gaussian",1,0,0,"inside formal moment assumptions","regular","phi = 0.5",0.4,8,952606029,"gaussian_phi050_N1024","gaussian","Gaussian","inside formal moment assumptions","regular",0.5,"phi = 0.5",1024,16,64,8,100000,20000,"F_feasible_leading",0.94799,-0.00200999999999996,0.000702174906273359,-0.00188,0.000434242491777828,0.05201,1.0158166338959,0.9479,0.00157139412624586,20000,0.215563196006544,0.000156174194361836,0.0220863663759201,0.215021771236676,0.200358271812782,0.230395678830328,0.244301747781882,0.252098784724641,0.215563196006544,1.01664377617398,1.06106926280216,0,0,0,0
"gaussian_phi050_N1024_M64_Q16","gaussian_phi050_N1024","gaussian","block_power","alpha_3_5","alpha = 3/5",0.5,1024,64,16,1024,0.6,NA,"M = N^(3/5)","Gaussian",1,0,0,"inside formal moment assumptions","regular","phi = 0.5",0.6,13,952606029,"gaussian_phi050_N1024","gaussian","Gaussian","inside formal moment assumptions","regular",0.5,"phi = 0.5",1024,64,16,13,100000,20000,"V_feasible",0.92409,-0.02591,0.000837542069988129,-0.02578,0.000668848555043588,0.07591,1.24125059198768,0.9259,0.00185214996693032,20000,0.206509827899478,0.000279567053080935,0.0395367518059737,0.205095403792549,0.179178686813894,0.232332461536162,0.258197537862066,0.273842581556351,0.206509827899478,0.97394608700453,1.01247370168987,0,0,0,3e-05
"gaussian_phi050_N1024_M64_Q16","gaussian_phi050_N1024","gaussian","block_power","alpha_3_5","alpha = 3/5",0.5,1024,64,16,1024,0.6,NA,"M = N^(3/5)","Gaussian",1,0,0,"inside formal moment assumptions","regular","phi = 0.5",0.6,13,952606029,"gaussian_phi050_N1024","gaussian","Gaussian","inside formal moment assumptions","regular",0.5,"phi = 0.5",1024,64,16,13,100000,20000,"VK_asym_full_oracle",0.93582,-0.01418,0.000774989855417476,-0.01405,0.000625243859864967,0.06418,1.12939873674119,0.93615,0.00172877380677751,20000,0.215937635974677,0.000283563613465056,0.0401019507957804,0.214758485612311,0.188281249952661,0.242257196861283,0.268442312975475,0.283870009905076,0.215937635974677,1.01840971799617,1.05869623665496,0,0,0,3e-05
"gaussian_phi050_N1024_M64_Q16","gaussian_phi050_N1024","gaussian","block_power","alpha_3_5","alpha = 3/5",0.5,1024,64,16,1024,0.6,NA,"M = N^(3/5)","Gaussian",1,0,0,"inside formal moment assumptions","regular","phi = 0.5",0.6,13,952606029,"gaussian_phi050_N1024","gaussian","Gaussian","inside formal moment assumptions","regular",0.5,"phi = 0.5",1024,64,16,13,100000,20000,"VK_leading_oracle",0.93669,-0.0133099999999999,0.000770076904601092,-0.01318,0.000622307599718569,0.06331,1.12134311094417,0.93685,0.00171991391499691,20000,0.216733399325185,0.000284648093785278,0.0402553194734788,0.215538032629023,0.188970944887624,0.243162810208801,0.269450657653447,0.284888104690928,0.216733399325185,1.02216271420605,1.06259769487297,0,0,0,3e-05
"gaussian_phi050_N1024_M64_Q16","gaussian_phi050_N1024","gaussian","block_power","alpha_3_5","alpha = 3/5",0.5,1024,64,16,1024,0.6,NA,"M = N^(3/5)","Gaussian",1,0,0,"inside formal moment assumptions","regular","phi = 0.5",0.6,13,952606029,"gaussian_phi050_N1024","gaussian","Gaussian","inside formal moment assumptions","regular",0.5,"phi = 0.5",1024,64,16,13,100000,20000,"VK_asym_full_feasible",0.93556,-0.01444,0.000776450168394599,-0.01431,0.000635024622800341,0.0644400000000001,1.13296440753042,0.9359,0.00173192364150386,20000,0.216507832902011,0.000293619088228552,0.0415240096744441,0.21503020838189,0.187777177954341,0.243649366638059,0.27071103186149,0.287280283435099,0.216507832902011,1.021098892995,1.06149179074351,0,0,0,3e-05
"gaussian_phi050_N1024_M64_Q16","gaussian_phi050_N1024","gaussian","block_power","alpha_3_5","alpha = 3/5",0.5,1024,64,16,1024,0.6,NA,"M = N^(3/5)","Gaussian",1,0,0,"inside formal moment assumptions","regular","phi = 0.5",0.6,13,952606029,"gaussian_phi050_N1024","gaussian","Gaussian","inside formal moment assumptions","regular",0.5,"phi = 0.5",1024,64,16,13,100000,20000,"F_feasible_leading",0.93637,-0.0136299999999999,0.000771888742630698,-0.0135,0.000631649815811655,0.06363,1.12488334898883,0.93675,0.00172118327757389,20000,0.217312512884008,0.00029475347745856,0.0416844365378528,0.215826466012737,0.188462628441795,0.24455680755463,0.271698281983823,0.288374782588083,0.217312512884008,1.02489394201386,1.06543696530655,0,0,0,3e-05
"gaussian_phi050_N1024_M64_Q16","gaussian_phi050_N1024","gaussian","block_power","alpha_3_5","alpha = 3/5",0.5,1024,64,16,1024,0.6,NA,"M = N^(3/5)","Gaussian",1,0,0,"inside formal moment assumptions","regular","phi = 0.5",0.6,13,952606029,"gaussian_phi050_N1024","gaussian","Gaussian","inside formal moment assumptions","regular",0.5,"phi = 0.5",1024,64,16,13,100000,20000,"raw",0.92195,-0.0280499999999999,0.000848281778066699,-0.02792,0.00066858747078603,0.07805,1.26202518869286,0.9233,0.00188171610504879,20000,0.203965621580889,0.000267307395023663,0.0378029743365087,0.202862822736312,0.177868520432234,0.228729563630611,0.253380972627724,0.267981604346529,0.203965621580889,0.961947046504976,1,0,0,0,3e-05
"gaussian_phi050_N1024_M64_Q16","gaussian_phi050_N1024","gaussian","block_power","alpha_3_5","alpha = 3/5",0.5,1024,64,16,1024,0.6,NA,"M = N^(3/5)","Gaussian",1,0,0,"inside formal moment assumptions","regular","phi = 0.5",0.6,13,952606029,"gaussian_phi050_N1024","gaussian","Gaussian","inside formal moment assumptions","regular",0.5,"phi = 0.5",1024,64,16,13,100000,20000,"K_asym_full",0.93344,-0.0165599999999999,0.000788224374147361,-0.01643,0.000631192945972426,0.06656,1.15192663707512,0.93385,0.00175747229707896,20000,0.213757267189089,0.000280594728937713,0.0396820871194117,0.212615374069067,0.186378207497707,0.239783315020832,0.26567133591968,0.281005472773168,0.213757267189089,1.00812661588645,1.04800635289568,0,0,0,3e-05
"gaussian_phi050_N1024_M64_Q16","gaussian_phi050_N1024","gaussian","block_power","alpha_3_5","alpha = 3/5",0.5,1024,64,16,1024,0.6,NA,"M = N^(3/5)","Gaussian",1,0,0,"inside formal moment assumptions","regular","phi = 0.5",0.6,13,952606029,"gaussian_phi050_N1024","gaussian","Gaussian","inside formal moment assumptions","regular",0.5,"phi = 0.5",1024,64,16,13,100000,20000,"K_leading",0.9343,-0.0156999999999999,0.000783476291919545,-0.01557,0.000628235384069521,0.0657,1.1437103272529,0.93485,0.00174507130943122,20000,0.214544927080985,0.000281666809305938,0.0398337021790813,0.21340675955359,0.187060371105579,0.240684992369993,0.266683952212136,0.28202649123024,0.214544927080985,1.01184139439073,1.05186808158207,0,0,0,3e-05
"gaussian_phi050_N1024_M64_Q16","gaussian_phi050_N1024","gaussian","block_power","alpha_3_5","alpha = 3/5",0.5,1024,64,16,1024,0.6,NA,"M = N^(3/5)","Gaussian",1,0,0,"inside formal moment assumptions","regular","phi = 0.5",0.6,13,952606029,"gaussian_phi050_N1024","gaussian","Gaussian","inside formal moment assumptions","regular",0.5,"phi = 0.5",1024,64,16,13,100000,20000,"V_oracle",0.92471,-0.0252899999999999,0.000834394486439118,-0.02516,0.000660207620935284,0.07529,1.23734412242116,0.926,0.00185099972987572,20000,0.206044993137673,0.00027012300132061,0.0382011611976532,0.20491640736147,0.179643526170562,0.23105261278739,0.255978215578895,0.270769627863991,0.206044993137673,0.971753823314377,1.01019471585784,0,0,0,3e-05
"gaussian_phi050_N1024_M32_Q32","gaussian_phi050_N1024","gaussian","block_power","alpha_1_2","alpha = 1/2",0.5,1024,32,32,1024,0.5,NA,"M = Q = sqrt(N)","Gaussian",1,0,0,"inside formal moment assumptions","regular","phi = 0.5",0.5,13,952606029,"gaussian_phi050_N1024","gaussian","Gaussian","inside formal moment assumptions","regular",0.5,"phi = 0.5",1024,32,32,13,100000,20000,"VK_asym_full_oracle",0.94558,-0.00441999999999998,0.000717345548532923,-0.00429,0.000500318360831003,0.05442,1.03844830405679,0.94555,0.00160445002259341,20000,0.215893459116253,0.000196059536050075,0.0277270054914593,0.215197970492675,0.19685892445251,0.234535108268605,0.251780863196576,0.262333878092682,0.215893459116253,1.01820137014737,1.04374888785812,0,0,0,0
"gaussian_phi050_N1024_M32_Q32","gaussian_phi050_N1024","gaussian","block_power","alpha_1_2","alpha = 1/2",0.5,1024,32,32,1024,0.5,NA,"M = Q = sqrt(N)","Gaussian",1,0,0,"inside formal moment assumptions","regular","phi = 0.5",0.5,13,952606029,"gaussian_phi050_N1024","gaussian","Gaussian","inside formal moment assumptions","regular",0.5,"phi = 0.5",1024,32,32,13,100000,20000,"VK_leading_oracle",0.94632,-0.00367999999999991,0.000712730366969164,-0.00355,0.000497570548530063,0.0536799999999999,1.03140320023008,0.9464,0.00159259285443581,20000,0.216659068268396,0.000196777187065811,0.0278284966714098,0.215968344443772,0.197557870834264,0.235356203198261,0.252683453128682,0.263297554214559,0.216659068268396,1.02181215247908,1.04745026771628,0,0,0,0
"gaussian_phi050_N1024_M32_Q32","gaussian_phi050_N1024","gaussian","block_power","alpha_1_2","alpha = 1/2",0.5,1024,32,32,1024,0.5,NA,"M = Q = sqrt(N)","Gaussian",1,0,0,"inside formal moment assumptions","regular","phi = 0.5",0.5,13,952606029,"gaussian_phi050_N1024","gaussian","Gaussian","inside formal moment assumptions","regular",0.5,"phi = 0.5",1024,32,32,13,100000,20000,"VK_asym_full_feasible",0.94485,-0.00514999999999999,0.000721862019363812,-0.00502,0.000526071063172681,0.05515,1.04420463540265,0.9457,0.00160236559498761,20000,0.217042682782344,0.000219813847945911,0.0310863724962524,0.216220498234431,0.195889727211354,0.238039815945115,0.257270294771182,0.269356448694191,0.217042682782344,1.02362136349136,1.0493048733349,0,0,0,0
"gaussian_phi050_N1024_M32_Q32","gaussian_phi050_N1024","gaussian","block_power","alpha_1_2","alpha = 1/2",0.5,1024,32,32,1024,0.5,NA,"M = Q = sqrt(N)","Gaussian",1,0,0,"inside formal moment assumptions","regular","phi = 0.5",0.5,13,952606029,"gaussian_phi050_N1024","gaussian","Gaussian","inside formal moment assumptions","regular",0.5,"phi = 0.5",1024,32,32,13,100000,20000,"F_feasible_leading",0.94577,-0.00422999999999996,0.000716164136912761,-0.0041,0.000523865101287004,0.05423,1.03712047912448,0.94655,0.00159048887924437,20000,0.217826158064744,0.000220629009345713,0.0312016537269648,0.216996625432497,0.196594647440745,0.238906311730086,0.258202543120842,0.270310659609168,0.217826158064744,1.02731640645042,1.05309262798952,0,0,0,0
"gaussian_phi050_N1024_M32_Q32","gaussian_phi050_N1024","gaussian","block_power","alpha_1_2","alpha = 1/2",0.5,1024,32,32,1024,0.5,NA,"M = Q = sqrt(N)","Gaussian",1,0,0,"inside formal moment assumptions","regular","phi = 0.5",0.5,13,952606029,"gaussian_phi050_N1024","gaussian","Gaussian","inside formal moment assumptions","regular",0.5,"phi = 0.5",1024,32,32,13,100000,20000,"raw",0.93509,-0.01491,0.000779080816732128,-0.01478,0.000530488765369543,0.06491,1.12770670644115,0.93515,0.00174132819278848,20000,0.206844253083986,0.00018760097617094,0.0265307844815375,0.206194232576583,0.188670973938416,0.22465362877941,0.241120034879267,0.251199880416822,0.206844253083986,0.975523310244509,1,0,0,0,0
"gaussian_phi050_N1024_M32_Q32","gaussian_phi050_N1024","gaussian","block_power","alpha_1_2","alpha = 1/2",0.5,1024,32,32,1024,0.5,NA,"M = Q = sqrt(N)","Gaussian",1,0,0,"inside formal moment assumptions","regular","phi = 0.5",0.5,13,952606029,"gaussian_phi050_N1024","gaussian","Gaussian","inside formal moment assumptions","regular",0.5,"phi = 0.5",1024,32,32,13,100000,20000,"K_asym_full",0.94057,-0.00942999999999994,0.000747650152812129,-0.0093,0.000510428942534662,0.05943,1.08218729511345,0.9405,0.00167271859558026,20000,0.211314464558398,0.00019177400729986,0.0271209402034099,0.210644367094928,0.192737925174201,0.22951640908297,0.2463728247428,0.25672763476726,0.211314464558398,0.996605817638323,1.0216114850075,0,0,0,0
"gaussian_phi050_N1024_M32_Q32","gaussian_phi050_N1024","gaussian","block_power","alpha_1_2","alpha = 1/2",0.5,1024,32,32,1024,0.5,NA,"M = Q = sqrt(N)","Gaussian",1,0,0,"inside formal moment assumptions","regular","phi = 0.5",0.5,13,952606029,"gaussian_phi050_N1024","gaussian","Gaussian","inside formal moment assumptions","regular",0.5,"phi = 0.5",1024,32,32,13,100000,20000,"K_leading",0.94146,-0.00853999999999999,0.000742381764323451,-0.00841,0.000509701203601845,0.05854,1.07484545457672,0.94165,0.00165748721714528,20000,0.212062843157135,0.00019247365471372,0.0272198852895659,0.211374139822126,0.193411847106168,0.230337209560488,0.247255487978733,0.257629805700945,0.212062843157135,1.00013533686388,1.02522956280072,0,0,0,0
"gaussian_phi050_N1024_M32_Q32","gaussian_phi050_N1024","gaussian","block_power","alpha_1_2","alpha = 1/2",0.5,1024,32,32,1024,0.5,NA,"M = Q = sqrt(N)","Gaussian",1,0,0,"inside formal moment assumptions","regular","phi = 0.5",0.5,13,952606029,"gaussian_phi050_N1024","gaussian","Gaussian","inside formal moment assumptions","regular",0.5,"phi = 0.5",1024,32,32,13,100000,20000,"V_oracle",0.94057,-0.00942999999999994,0.000747650152812129,-0.0093,0.000510428942534662,0.05943,1.08212794778238,0.9405,0.00167271859558026,20000,0.211320482428335,0.000191779632217622,0.0271217356869085,0.210650267155783,0.192743489370003,0.229523147487419,0.24637993542164,0.256734697428623,0.211320482428335,0.996634199245809,1.02164057873308,0,0,0,0
"gaussian_phi050_N1024_M32_Q32","gaussian_phi050_N1024","gaussian","block_power","alpha_1_2","alpha = 1/2",0.5,1024,32,32,1024,0.5,NA,"M = Q = sqrt(N)","Gaussian",1,0,0,"inside formal moment assumptions","regular","phi = 0.5",0.5,13,952606029,"gaussian_phi050_N1024","gaussian","Gaussian","inside formal moment assumptions","regular",0.5,"phi = 0.5",1024,32,32,13,100000,20000,"V_feasible",0.93996,-0.0100399999999999,0.000751233641419232,-0.00991,0.00053769955384778,0.06004,1.08812640432732,0.94045,0.00167337678811438,20000,0.212365870365345,0.000214954115908022,0.0303991026005043,0.211552954377149,0.191691790531995,0.232896172937245,0.251698391125894,0.263484643267428,0.212365870365345,1.00156448029349,1.02669456462548,0,0,0,0
"gaussian_phi050_N3125_M25_Q125","gaussian_phi050_N3125","gaussian","block_power","alpha_2_5","alpha = 2/5",0.5,3125,25,125,3125,0.4,NA,"M = N^(2/5)","Gaussian",1,0,0,"inside formal moment assumptions","regular","phi = 0.5",0.4,12,906128686,"gaussian_phi050_N3125","gaussian","Gaussian","inside formal moment assumptions","regular",0.5,"phi = 0.5",3125,25,125,12,100000,20000,"raw",0.94199,-0.00800999999999996,0.000739221481695439,-0.00863,0.00037888872583737,0.05801,1.07073854410132,0.9433,0.00163531510724998,20000,0.118304489481881,5.32653743596086e-05,0.00753286148242385,0.118214101966118,0.11325345833137,0.123335259188372,0.127990317005437,0.130852316744943,0.118304489481881,0.974271933760043,1,0,0,0,0
"gaussian_phi050_N3125_M25_Q125","gaussian_phi050_N3125","gaussian","block_power","alpha_2_5","alpha = 2/5",0.5,3125,25,125,3125,0.4,NA,"M = N^(2/5)","Gaussian",1,0,0,"inside formal moment assumptions","regular","phi = 0.5",0.4,12,906128686,"gaussian_phi050_N3125","gaussian","Gaussian","inside formal moment assumptions","regular",0.5,"phi = 0.5",3125,25,125,12,100000,20000,"K_asym_full",0.94328,-0.00671999999999995,0.000731456366436167,-0.00734,0.000371298562650364,0.05672,1.06017392379952,0.9445,0.00161894641665498,20000,0.118901221785752,5.35351099370774e-05,0.00757100785361495,0.118811705838369,0.113821446926742,0.123958071610085,0.128638077725621,0.131512571643553,0.118901221785752,0.979186198114475,1.00504403769024,0,0,0,0
"gaussian_phi050_N3125_M25_Q125","gaussian_phi050_N3125","gaussian","block_power","alpha_2_5","alpha = 2/5",0.5,3125,25,125,3125,0.4,NA,"M = N^(2/5)","Gaussian",1,0,0,"inside formal moment assumptions","regular","phi = 0.5",0.4,12,906128686,"gaussian_phi050_N3125","gaussian","Gaussian","inside formal moment assumptions","regular",0.5,"phi = 0.5",3125,25,125,12,100000,20000,"K_leading",0.94354,-0.00645999999999991,0.000729878540580554,-0.00708,0.000368917466380992,0.05646,1.0578896815721,0.94475,0.00161550978796168,20000,0.119031436826745,5.35939737945729e-05,0.00757933246017532,0.118942448552765,0.113945312916,0.124093317409736,0.128779016456341,0.131656647104655,0.119031436826745,0.980258556909545,1.00614471477835,0,0,0,0
"gaussian_phi050_N3125_M25_Q125","gaussian_phi050_N3125","gaussian","block_power","alpha_2_5","alpha = 2/5",0.5,3125,25,125,3125,0.4,NA,"M = N^(2/5)","Gaussian",1,0,0,"inside formal moment assumptions","regular","phi = 0.5",0.4,12,906128686,"gaussian_phi050_N3125","gaussian","Gaussian","inside formal moment assumptions","regular",0.5,"phi = 0.5",3125,25,125,12,100000,20000,"V_oracle",0.94876,-0.00123999999999991,0.00069724072170234,-0.00186,0.000345784036164188,0.05124,1.01406515791852,0.9501,0.00153964265334525,20000,0.121615604685824,5.4762464448919e-05,0.00774458199326357,0.121528408088537,0.116417870144566,0.126784412960844,0.131575971961781,0.134508553072545,0.121615604685824,1.00153993201418,1.02798807736244,0,0,0,0
"gaussian_phi050_N3125_M25_Q125","gaussian_phi050_N3125","gaussian","block_power","alpha_2_5","alpha = 2/5",0.5,3125,25,125,3125,0.4,NA,"M = N^(2/5)","Gaussian",1,0,0,"inside formal moment assumptions","regular","phi = 0.5",0.4,12,906128686,"gaussian_phi050_N3125","gaussian","Gaussian","inside formal moment assumptions","regular",0.5,"phi = 0.5",3125,25,125,12,100000,20000,"V_feasible",0.94845,-0.00154999999999994,0.000699232418441822,-0.00217,0.000369126365277171,0.05155,1.01603813040691,0.9499,0.00154256264054333,20000,0.121822396555073,6.33995260834996e-05,0.00896604696353119,0.121703370210146,0.115784945848886,0.127743840770152,0.13329515524842,0.136780260390995,0.121822396555073,1.00324292329728,1.02973604035315,0,0,0,0
"gaussian_phi050_N3125_M25_Q125","gaussian_phi050_N3125","gaussian","block_power","alpha_2_5","alpha = 2/5",0.5,3125,25,125,3125,0.4,NA,"M = N^(2/5)","Gaussian",1,0,0,"inside formal moment assumptions","regular","phi = 0.5",0.4,12,906128686,"gaussian_phi050_N3125","gaussian","Gaussian","inside formal moment assumptions","regular",0.5,"phi = 0.5",3125,25,125,12,100000,20000,"VK_asym_full_oracle",0.94994,-5.9999999999949e-05,0.000689594057398989,-0.00068,0.000342923536616429,0.05006,1.00405971502705,0.9511,0.00152493917911502,20000,0.122229566806072,5.50401716381047e-05,0.00778385572059507,0.122143948504988,0.117009260815284,0.127420528133274,0.132239858099831,0.135186527581407,0.122229566806072,1.00659608892563,1.03317775463452,0,0,0,0
"gaussian_phi050_N3125_M25_Q125","gaussian_phi050_N3125","gaussian","block_power","alpha_2_5","alpha = 2/5",0.5,3125,25,125,3125,0.4,NA,"M = N^(2/5)","Gaussian",1,0,0,"inside formal moment assumptions","regular","phi = 0.5",0.4,12,906128686,"gaussian_phi050_N3125","gaussian","Gaussian","inside formal moment assumptions","regular",0.5,"phi = 0.5",3125,25,125,12,100000,20000,"VK_leading_oracle",0.95028,0.000280000000000058,0.000687371235941685,-0.00034,0.000341760167369048,0.04972,1.00189637602349,0.9515,0.00151900872281893,20000,0.122363542703216,5.51007763404314e-05,0.00779242651979247,0.122278296274159,0.117137155104288,0.127560367755116,0.1323840246217,0.135336051954888,0.122363542703216,1.00769941946667,1.03431022135434,0,0,0,0
"gaussian_phi050_N3125_M25_Q125","gaussian_phi050_N3125","gaussian","block_power","alpha_2_5","alpha = 2/5",0.5,3125,25,125,3125,0.4,NA,"M = N^(2/5)","Gaussian",1,0,0,"inside formal moment assumptions","regular","phi = 0.5",0.4,12,906128686,"gaussian_phi050_N3125","gaussian","Gaussian","inside formal moment assumptions","regular",0.5,"phi = 0.5",3125,25,125,12,100000,20000,"VK_asym_full_feasible",0.94986,-0.000139999999999918,0.0006901157902845,-0.00076,0.000367417438284766,0.05014,1.00601322085356,0.95135,0.00152123596953267,20000,0.122441343490632,6.37230208548801e-05,0.00901179603283551,0.122325401520898,0.116371661305608,0.128394809202707,0.133974633468964,0.137475148948406,0.122441343490632,1.00834013161492,1.03496785309559,0,0,0,0
"gaussian_phi050_N3125_M25_Q125","gaussian_phi050_N3125","gaussian","block_power","alpha_2_5","alpha = 2/5",0.5,3125,25,125,3125,0.4,NA,"M = N^(2/5)","Gaussian",1,0,0,"inside formal moment assumptions","regular","phi = 0.5",0.4,12,906128686,"gaussian_phi050_N3125","gaussian","Gaussian","inside formal moment assumptions","regular",0.5,"phi = 0.5",3125,25,125,12,100000,20000,"F_feasible_leading",0.95006,6.000000000006e-05,0.000688810542892601,-0.00056,0.000366876287026158,0.04994,1.00384567284203,0.95145,0.0015197515833188,20000,0.122576415021726,6.37936213592739e-05,0.00902178045191791,0.122460320859061,0.11649963320799,0.128536223044851,0.13412303809893,0.137625652465561,0.122576415021726,1.00945248502071,1.03610958095128,0,0,0,0
"gaussian_phi050_N3125_M125_Q25","gaussian_phi050_N3125","gaussian","block_power","alpha_3_5","alpha = 3/5",0.5,3125,125,25,3125,0.6,NA,"M = N^(3/5)","Gaussian",1,0,0,"inside formal moment assumptions","regular","phi = 0.5",0.6,16,906128686,"gaussian_phi050_N3125","gaussian","Gaussian","inside formal moment assumptions","regular",0.5,"phi = 0.5",3125,125,25,16,100000,20000,"raw",0.93601,-0.0139899999999999,0.000773920408698466,-0.01461,0.000567775221973473,0.06399,1.12146317644601,0.93645,0.00172498402166513,20000,0.119631047767179,0.000123303327592984,0.017437723816773,0.119120152794023,0.107628644029498,0.131265626996982,0.142253851755948,0.149108556184547,0.119631047767179,0.985196527674639,1,0,0,0,0
"gaussian_phi050_N3125_M125_Q25","gaussian_phi050_N3125","gaussian","block_power","alpha_3_5","alpha = 3/5",0.5,3125,125,25,3125,0.6,NA,"M = N^(3/5)","Gaussian",1,0,0,"inside formal moment assumptions","regular","phi = 0.5",0.6,16,906128686,"gaussian_phi050_N3125","gaussian","Gaussian","inside formal moment assumptions","regular",0.5,"phi = 0.5",3125,125,25,16,100000,20000,"K_asym_full",0.94349,-0.0065099999999999,0.000730182305318336,-0.00713,0.00054588882654448,0.0565099999999999,1.05656784063567,0.94355,0.00163192214121875,20000,0.123391123792382,0.000127310972123285,0.0180044903415653,0.122888037887255,0.111000101708265,0.135383380915608,0.146734042174999,0.153816882624853,0.123391123792382,1.01616184907709,1.0314306034711,0,0,0,0
"gaussian_phi050_N3125_M125_Q25","gaussian_phi050_N3125","gaussian","block_power","alpha_3_5","alpha = 3/5",0.5,3125,125,25,3125,0.6,NA,"M = N^(3/5)","Gaussian",1,0,0,"inside formal moment assumptions","regular","phi = 0.5",0.6,16,906128686,"gaussian_phi050_N3125","gaussian","Gaussian","inside formal moment assumptions","regular",0.5,"phi = 0.5",3125,125,25,16,100000,20000,"K_leading",0.94383,-0.00617000000000001,0.000728113528922517,-0.00679,0.000544281105146242,0.0561700000000001,1.05417538585925,0.9441,0.00162442589858694,20000,0.123536553919369,0.000127466289713114,0.0180264555657664,0.123031223171433,0.111132673325211,0.135544492608212,0.146903876138682,0.154000479532021,0.123536553919369,1.01735950853758,1.03264625885239,0,0,0,0
"gaussian_phi050_N3125_M125_Q25","gaussian_phi050_N3125","gaussian","block_power","alpha_3_5","alpha = 3/5",0.5,3125,125,25,3125,0.6,NA,"M = N^(3/5)","Gaussian",1,0,0,"inside formal moment assumptions","regular","phi = 0.5",0.6,16,906128686,"gaussian_phi050_N3125","gaussian","Gaussian","inside formal moment assumptions","regular",0.5,"phi = 0.5",3125,125,25,16,100000,20000,"V_oracle",0.93734,-0.01266,0.000766379308175789,-0.01328,0.000563595238088403,0.06266,1.10997449168037,0.93785,0.00170715227059568,20000,0.120271871636201,0.000123985258902152,0.0175341634673763,0.119760528004252,0.108199176199453,0.131969393516785,0.143007624965172,0.149918009357952,0.120271871636201,0.990473898912243,1.00535666853197,0,0,0,0
"gaussian_phi050_N3125_M125_Q25","gaussian_phi050_N3125","gaussian","block_power","alpha_3_5","alpha = 3/5",0.5,3125,125,25,3125,0.6,NA,"M = N^(3/5)","Gaussian",1,0,0,"inside formal moment assumptions","regular","phi = 0.5",0.6,16,906128686,"gaussian_phi050_N3125","gaussian","Gaussian","inside formal moment assumptions","regular",0.5,"phi = 0.5",3125,125,25,16,100000,20000,"V_feasible",0.93729,-0.01271,0.000766664567460894,-0.01333,0.000566856528817692,0.06271,1.11108177802923,0.93785,0.00170715227059568,20000,0.120345669567643,0.000125832675911658,0.0177954276863965,0.119813485164578,0.108100293407137,0.132184228189981,0.143457774395743,0.150331523358169,0.120345669567643,0.991081646375491,1.00597354795265,0,0,0,0
"gaussian_phi050_N3125_M125_Q25","gaussian_phi050_N3125","gaussian","block_power","alpha_3_5","alpha = 3/5",0.5,3125,125,25,3125,0.6,NA,"M = N^(3/5)","Gaussian",1,0,0,"inside formal moment assumptions","regular","phi = 0.5",0.6,16,906128686,"gaussian_phi050_N3125","gaussian","Gaussian","inside formal moment assumptions","regular",0.5,"phi = 0.5",3125,125,25,16,100000,20000,"VK_asym_full_oracle",0.94484,-0.00515999999999994,0.000721923641391525,-0.00578,0.000541173580922468,0.05516,1.0457439677618,0.9451,0.00161068292969163,20000,0.12405317275538,0.000128018223717274,0.0181045108211882,0.123549148064774,0.111600981015509,0.136122672601436,0.147516995390828,0.154654761421635,0.12405317275538,1.02161401514659,1.03696469328603,0,0,0,0
"gaussian_phi050_N3125_M125_Q25","gaussian_phi050_N3125","gaussian","block_power","alpha_3_5","alpha = 3/5",0.5,3125,125,25,3125,0.6,NA,"M = N^(3/5)","Gaussian",1,0,0,"inside formal moment assumptions","regular","phi = 0.5",0.6,16,906128686,"gaussian_phi050_N3125","gaussian","Gaussian","inside formal moment assumptions","regular",0.5,"phi = 0.5",3125,125,25,16,100000,20000,"VK_leading_oracle",0.94515,-0.00484999999999991,0.000720010260343559,-0.00547,0.00054055870452443,0.05485,1.04337602217955,0.9452,0.00160930046914801,20000,0.124199424814397,0.000128174527631655,0.0181266155327451,0.123695676813773,0.111731377835065,0.136283710746834,0.147688554368058,0.15484064806988,0.124199424814397,1.02281844345679,1.03818721922513,0,0,0,0
"gaussian_phi050_N3125_M125_Q25","gaussian_phi050_N3125","gaussian","block_power","alpha_3_5","alpha = 3/5",0.5,3125,125,25,3125,0.6,NA,"M = N^(3/5)","Gaussian",1,0,0,"inside formal moment assumptions","regular","phi = 0.5",0.6,16,906128686,"gaussian_phi050_N3125","gaussian","Gaussian","inside formal moment assumptions","regular",0.5,"phi = 0.5",3125,125,25,16,100000,20000,"VK_asym_full_feasible",0.94473,-0.00527,0.000722601045529274,-0.00589,0.000545120216613277,0.05527,1.0467871791406,0.9448,0.0016148213523483,20000,0.124138434272907,0.000129944528249583,0.0183769314206733,0.123577825937762,0.11147599454559,0.136346858166415,0.147961149286131,0.155155137756922,0.124138434272907,1.02231616858067,1.03767739721297,0,0,0,0
"gaussian_phi050_N3125_M125_Q25","gaussian_phi050_N3125","gaussian","block_power","alpha_3_5","alpha = 3/5",0.5,3125,125,25,3125,0.6,NA,"M = N^(3/5)","Gaussian",1,0,0,"inside formal moment assumptions","regular","phi = 0.5",0.6,16,906128686,"gaussian_phi050_N3125","gaussian","Gaussian","inside formal moment assumptions","regular",0.5,"phi = 0.5",3125,125,25,16,100000,20000,"F_feasible_leading",0.94506,-0.00493999999999994,0.000720566418867824,-0.00556,0.000545063147661213,0.05494,1.04441687134747,0.945,0.00161206389451535,20000,0.124285146452516,0.000130103920080825,0.0183994728296208,0.123720405004952,0.111606161848113,0.136509166204366,0.148134071532933,0.155344456521039,0.124285146452516,1.02352438611798,1.03890376931576,0,0,0,0
"gaussian_phi050_N7776_M216_Q36","gaussian_phi050_N7776","gaussian","block_power","alpha_3_5","alpha = 3/5",0.5,7776,216,36,7776,0.6,NA,"M = N^(3/5)","Gaussian",1,0,0,"inside formal moment assumptions","regular","phi = 0.5",0.6,19,1262175347,"gaussian_phi050_N7776","gaussian","Gaussian","inside formal moment assumptions","regular",0.5,"phi = 0.5",7776,216,36,19,100000,20000,"V_feasible",0.94162,-0.00837999999999994,0.000741429535424642,-0.00806,0.000498751292257489,0.05838,1.07429982715615,0.9381,0.00170394234057376,20000,0.0766721327272636,6.57828384781717e-05,0.00930309823472292,0.0765257555065334,0.0702112037645101,0.082852103787942,0.0886733468596591,0.0923253910809917,0.0766721327272636,0.995896469330588,1.00333919877093,0,0,0,0
"gaussian_phi050_N7776_M216_Q36","gaussian_phi050_N7776","gaussian","block_power","alpha_3_5","alpha = 3/5",0.5,7776,216,36,7776,0.6,NA,"M = N^(3/5)","Gaussian",1,0,0,"inside formal moment assumptions","regular","phi = 0.5",0.6,19,1262175347,"gaussian_phi050_N7776","gaussian","Gaussian","inside formal moment assumptions","regular",0.5,"phi = 0.5",7776,216,36,19,100000,20000,"VK_asym_full_oracle",0.94668,-0.00331999999999999,0.000710471516670443,-0.003,0.000487352413684134,0.05332,1.03011046735235,0.9436,0.00163124247124699,20000,0.0783288936142301,6.67729242970445e-05,0.00944311751401923,0.0781676890312428,0.0717977193416456,0.0845859653589222,0.0905053770553287,0.0942371028312901,0.0783288936142301,1.01741618267578,1.02501973747196,0,0,0,0
"gaussian_phi050_N7776_M216_Q36","gaussian_phi050_N7776","gaussian","block_power","alpha_3_5","alpha = 3/5",0.5,7776,216,36,7776,0.6,NA,"M = N^(3/5)","Gaussian",1,0,0,"inside formal moment assumptions","regular","phi = 0.5",0.6,19,1262175347,"gaussian_phi050_N7776","gaussian","Gaussian","inside formal moment assumptions","regular",0.5,"phi = 0.5",7776,216,36,19,100000,20000,"VK_leading_oracle",0.94682,-0.00317999999999996,0.000709590639735334,-0.00286,0.000486744874863344,0.05318,1.02918973936937,0.9437,0.00162988205094725,20000,0.0783652277481477,6.68047005662565e-05,0.00944761135710736,0.0782041046355386,0.0718307021727252,0.0846259646210835,0.0905474236836368,0.0942804204866389,0.0783652277481477,1.01788812775409,1.0254952095831,0,0,0,0
"gaussian_phi050_N7776_M216_Q36","gaussian_phi050_N7776","gaussian","block_power","alpha_3_5","alpha = 3/5",0.5,7776,216,36,7776,0.6,NA,"M = N^(3/5)","Gaussian",1,0,0,"inside formal moment assumptions","regular","phi = 0.5",0.6,19,1262175347,"gaussian_phi050_N7776","gaussian","Gaussian","inside formal moment assumptions","regular",0.5,"phi = 0.5",7776,216,36,19,100000,20000,"VK_asym_full_feasible",0.94664,-0.00335999999999992,0.000710722944613441,-0.00304,0.000487760149150821,0.05336,1.03045837330444,0.94355,0.00163192214121875,20000,0.0783471594866245,6.72579723840123e-05,0.00951171367231853,0.0781932352937621,0.0717389657967429,0.0846534084378479,0.0906070222942313,0.0943549074744722,0.0783471594866245,1.01765343860149,1.02525876650534,0,0,0,0
"gaussian_phi050_N7776_M216_Q36","gaussian_phi050_N7776","gaussian","block_power","alpha_3_5","alpha = 3/5",0.5,7776,216,36,7776,0.6,NA,"M = N^(3/5)","Gaussian",1,0,0,"inside formal moment assumptions","regular","phi = 0.5",0.6,19,1262175347,"gaussian_phi050_N7776","gaussian","Gaussian","inside formal moment assumptions","regular",0.5,"phi = 0.5",7776,216,36,19,100000,20000,"F_feasible_leading",0.94675,-0.00324999999999998,0.00071003124931231,-0.00293,0.000487664361180199,0.05325,1.02953733435797,0.9437,0.00162988205094725,20000,0.0783835321258567,6.72900431906294e-05,0.00951624916928594,0.0782303994090272,0.0717715533096421,0.0846925446085441,0.0906489442647134,0.094399474608716,0.0783835321258567,1.01812588382641,1.02573474250088,0,0,0,0
"gaussian_phi050_N7776_M216_Q36","gaussian_phi050_N7776","gaussian","block_power","alpha_3_5","alpha = 3/5",0.5,7776,216,36,7776,0.6,NA,"M = N^(3/5)","Gaussian",1,0,0,"inside formal moment assumptions","regular","phi = 0.5",0.6,19,1262175347,"gaussian_phi050_N7776","gaussian","Gaussian","inside formal moment assumptions","regular",0.5,"phi = 0.5",7776,216,36,19,100000,20000,"raw",0.9409,-0.0091,0.000745702286438764,-0.00878,0.000500231564693976,0.0591,1.08042224687421,0.9373,0.00171418654177426,20000,0.0764169613039989,6.51030697093817e-05,0.00920696441351287,0.0762622736271362,0.070038498828328,0.082533879326703,0.0882852404442146,0.091904390642756,0.0764169613039989,0.992582040600564,1,0,0,0,0
"gaussian_phi050_N7776_M216_Q36","gaussian_phi050_N7776","gaussian","block_power","alpha_3_5","alpha = 3/5",0.5,7776,216,36,7776,0.6,NA,"M = N^(3/5)","Gaussian",1,0,0,"inside formal moment assumptions","regular","phi = 0.5",0.6,19,1262175347,"gaussian_phi050_N7776","gaussian","Gaussian","inside formal moment assumptions","regular",0.5,"phi = 0.5",7776,216,36,19,100000,20000,"K_asym_full",0.94593,-0.00406999999999991,0.000715167358735002,-0.00375,0.000488837155520779,0.05407,1.03633094118902,0.9429,0.00164072529693426,20000,0.0780847315244044,6.65594321926055e-05,0.0094129251710635,0.0779243037329827,0.0715717445136116,0.0843234664525454,0.090220922318828,0.0939404377804758,0.0780847315244044,1.01424475448469,1.02182460793973,0,0,0,0
"gaussian_phi050_N7776_M216_Q36","gaussian_phi050_N7776","gaussian","block_power","alpha_3_5","alpha = 3/5",0.5,7776,216,36,7776,0.6,NA,"M = N^(3/5)","Gaussian",1,0,0,"inside formal moment assumptions","regular","phi = 0.5",0.6,19,1262175347,"gaussian_phi050_N7776","gaussian","Gaussian","inside formal moment assumptions","regular",0.5,"phi = 0.5",7776,216,36,19,100000,20000,"K_leading",0.94606,-0.00393999999999994,0.00071435618846623,-0.00362,0.000488540011374122,0.05394,1.03540465325445,0.94305,0.00163869914108722,20000,0.0781209454144725,6.65910925708689e-05,0.00941740262469651,0.0779599556234186,0.0716053174616074,0.0843629119204412,0.0902625945549425,0.0939875517758109,0.0781209454144725,1.0147151377123,1.02229850652782,0,0,0,0
"gaussian_phi050_N7776_M216_Q36","gaussian_phi050_N7776","gaussian","block_power","alpha_3_5","alpha = 3/5",0.5,7776,216,36,7776,0.6,NA,"M = N^(3/5)","Gaussian",1,0,0,"inside formal moment assumptions","regular","phi = 0.5",0.6,19,1262175347,"gaussian_phi050_N7776","gaussian","Gaussian","inside formal moment assumptions","regular",0.5,"phi = 0.5",7776,216,36,19,100000,20000,"V_oracle",0.9416,-0.00839999999999996,0.000741548649786378,-0.00808,0.000498146180850737,0.0584,1.07393711934195,0.9382,0.00170265616023905,20000,0.0766555940283455,6.53112513810404e-05,0.00923640574786259,0.0764983333741893,0.0702588919992136,0.0827930928236925,0.0885625471945158,0.092207189290532,0.0766555940283455,0.995681647709302,1.00312277170244,0,0,0,0
"gaussian_phi050_N7776_M36_Q216","gaussian_phi050_N7776","gaussian","block_power","alpha_2_5","alpha = 2/5",0.5,7776,36,216,7776,0.4,NA,"M = N^(2/5)","Gaussian",1,0,0,"inside formal moment assumptions","regular","phi = 0.5",0.4,18,1262175347,"gaussian_phi050_N7776","gaussian","Gaussian","inside formal moment assumptions","regular",0.5,"phi = 0.5",7776,36,216,18,100000,20000,"VK_asym_full_oracle",0.94967,-0.000329999999999941,0.000691352956889605,-1e-05,0.000298497721949264,0.05033,1.00686056056427,0.948,0.00156996815254323,20000,0.0772765119394139,2.60519195106818e-05,0.00368429778978585,0.077254027665232,0.0747488769530285,0.0797760227777591,0.0819751065708201,0.0833803386149711,0.0772765119394139,1.00374676776507,1.02227758951808,0,0,0,0
"gaussian_phi050_N7776_M36_Q216","gaussian_phi050_N7776","gaussian","block_power","alpha_2_5","alpha = 2/5",0.5,7776,36,216,7776,0.4,NA,"M = N^(2/5)","Gaussian",1,0,0,"inside formal moment assumptions","regular","phi = 0.5",0.4,18,1262175347,"gaussian_phi050_N7776","gaussian","Gaussian","inside formal moment assumptions","regular",0.5,"phi = 0.5",7776,36,216,18,100000,20000,"VK_leading_oracle",0.94971,-0.000289999999999901,0.000691092728221039,3e-05,0.000298162506041253,0.0502899999999999,1.00599205322314,0.9481,0.00156854056370882,20000,0.0773101685522202,2.60632945195948e-05,0.00368590645897354,0.0772877285954358,0.0747813314868368,0.079810773384466,0.0820109128466548,0.0834166289207208,0.0773101685522202,1.00418393444703,1.02272282701842,0,0,0,0
"gaussian_phi050_N7776_M36_Q216","gaussian_phi050_N7776","gaussian","block_power","alpha_2_5","alpha = 2/5",0.5,7776,36,216,7776,0.4,NA,"M = N^(2/5)","Gaussian",1,0,0,"inside formal moment assumptions","regular","phi = 0.5",0.4,18,1262175347,"gaussian_phi050_N7776","gaussian","Gaussian","inside formal moment assumptions","regular",0.5,"phi = 0.5",7776,36,216,18,100000,20000,"VK_asym_full_feasible",0.94959,-0.00040999999999991,0.000691873051216767,-9e-05,0.000324192797590724,0.05041,1.00817986771151,0.94765,0.0015749520230788,20000,0.0773663901869149,3.05557984731107e-05,0.00432124246098123,0.0773458033355986,0.074423336942846,0.0802655278096139,0.082916575474861,0.0845270279673353,0.0773663901869149,1.00491419882733,1.02346657328429,0,0,0,0
"gaussian_phi050_N7776_M36_Q216","gaussian_phi050_N7776","gaussian","block_power","alpha_2_5","alpha = 2/5",0.5,7776,36,216,7776,0.4,NA,"M = N^(2/5)","Gaussian",1,0,0,"inside formal moment assumptions","regular","phi = 0.5",0.4,18,1262175347,"gaussian_phi050_N7776","gaussian","Gaussian","inside formal moment assumptions","regular",0.5,"phi = 0.5",7776,36,216,18,100000,20000,"F_feasible_leading",0.94971,-0.000289999999999901,0.000691092728221039,3e-05,0.00032511697588788,0.0502899999999999,1.0073102223499,0.94785,0.0015721065087964,20000,0.077400227330933,3.05691981576189e-05,0.00432313746253753,0.0773796929873544,0.0744558271637835,0.0803005636076967,0.0829528829590298,0.0845639185604312,0.077400227330933,1.00535371043424,1.02391419900076,0,0,0,0
"gaussian_phi050_N7776_M36_Q216","gaussian_phi050_N7776","gaussian","block_power","alpha_2_5","alpha = 2/5",0.5,7776,36,216,7776,0.4,NA,"M = N^(2/5)","Gaussian",1,0,0,"inside formal moment assumptions","regular","phi = 0.5",0.4,18,1262175347,"gaussian_phi050_N7776","gaussian","Gaussian","inside formal moment assumptions","regular",0.5,"phi = 0.5",7776,36,216,18,100000,20000,"raw",0.94462,-0.00537999999999994,0.000723277647933351,-0.00506,0.000314555167577222,0.05538,1.05180915587966,0.94235,0.00164812738433654,20000,0.0755924934007831,2.54828430331081e-05,0.00360381822252462,0.0755709614659384,0.0731222536054164,0.0780342952263507,0.080185997549789,0.0815647904897847,0.0755924934007831,0.981873004022571,1,0,0,0,0
"gaussian_phi050_N7776_M36_Q216","gaussian_phi050_N7776","gaussian","block_power","alpha_2_5","alpha = 2/5",0.5,7776,36,216,7776,0.4,NA,"M = N^(2/5)","Gaussian",1,0,0,"inside formal moment assumptions","regular","phi = 0.5",0.4,18,1262175347,"gaussian_phi050_N7776","gaussian","Gaussian","inside formal moment assumptions","regular",0.5,"phi = 0.5",7776,36,216,18,100000,20000,"K_asym_full",0.94534,-0.00466,0.000718834364787884,-0.00434,0.000309212871863384,0.05466,1.04540668245138,0.94335,0.00163463723039701,20000,0.0758256539754646,2.55616256405729e-05,0.00361495976572021,0.0758039249347953,0.0733475767837023,0.0782753860197677,0.0804329265134189,0.0818164817264807,0.0758256539754646,0.984901533226765,1.00308444085109,0,0,0,0
"gaussian_phi050_N7776_M36_Q216","gaussian_phi050_N7776","gaussian","block_power","alpha_2_5","alpha = 2/5",0.5,7776,36,216,7776,0.4,NA,"M = N^(2/5)","Gaussian",1,0,0,"inside formal moment assumptions","regular","phi = 0.5",0.4,18,1262175347,"gaussian_phi050_N7776","gaussian","Gaussian","inside formal moment assumptions","regular",0.5,"phi = 0.5",7776,36,216,18,100000,20000,"K_leading",0.94548,-0.00451999999999997,0.000717966361328997,-0.0042,0.000308908650324886,0.05452,1.0445049256305,0.9435,0.00163260145167153,20000,0.075858667167698,2.55727808369732e-05,0.00361653734872423,0.075836836460451,0.0733794784374525,0.0783095921770935,0.0804679086570044,0.081852172317259,0.075858667167698,0.985330342500971,1.00352116665214,0,0,0,0
"gaussian_phi050_N7776_M36_Q216","gaussian_phi050_N7776","gaussian","block_power","alpha_2_5","alpha = 2/5",0.5,7776,36,216,7776,0.4,NA,"M = N^(2/5)","Gaussian",1,0,0,"inside formal moment assumptions","regular","phi = 0.5",0.4,18,1262175347,"gaussian_phi050_N7776","gaussian","Gaussian","inside formal moment assumptions","regular",0.5,"phi = 0.5",7776,36,216,18,100000,20000,"V_oracle",0.94904,-0.000959999999999961,0.000695435679268759,-0.00064,0.000298992973108031,0.05096,1.01302696268624,0.9472,0.00158133108487755,20000,0.0770388075915104,2.5971583421733e-05,0.00367293655113191,0.0770166709470426,0.0745196673372203,0.0795301998398452,0.0817223861878695,0.0831240704272547,0.0770388075915104,1.00065921936383,1.01913303987817,0,0,0,0
"gaussian_phi050_N7776_M36_Q216","gaussian_phi050_N7776","gaussian","block_power","alpha_2_5","alpha = 2/5",0.5,7776,36,216,7776,0.4,NA,"M = N^(2/5)","Gaussian",1,0,0,"inside formal moment assumptions","regular","phi = 0.5",0.4,18,1262175347,"gaussian_phi050_N7776","gaussian","Gaussian","inside formal moment assumptions","regular",0.5,"phi = 0.5",7776,36,216,18,100000,20000,"V_feasible",0.94894,-0.00105999999999995,0.000696081003906873,-0.00074,0.000325569629965449,0.05106,1.01435434977892,0.9472,0.00158133108487755,20000,0.0771274160619459,3.046116580016e-05,0.00430785938002818,0.0771070898784155,0.0741938673470767,0.0800181684407141,0.0826601391618564,0.0842661221055393,0.0771274160619459,1.0018101572564,1.02030522598355,0,0,0,0
"gaussian_phi050_N100_M10_Q10","gaussian_phi050_N100","gaussian","block_power","alpha_1_2","alpha = 1/2",0.5,100,10,10,100,0.5,NA,"M = Q = sqrt(N)","Gaussian",1,0,0,"inside formal moment assumptions","regular","phi = 0.5",0.5,5,28603257,"gaussian_phi050_N100","gaussian","Gaussian","inside formal moment assumptions","regular",0.5,"phi = 0.5",100,10,10,5,100000,20000,"raw",0.88049,-0.06951,0.00102580387940386,-0.06996,0.000882305938231001,0.11951,1.75258330905801,0.88195,0.00228160247961822,20000,0.581375296951422,0.000984317907704123,0.139203573476188,0.57525586783131,0.483292013458695,0.671764377558109,0.763345037245132,0.818277141470456,0.581375296951422,0.862050349237023,1,0,0,0,0.00272
"gaussian_phi050_N100_M10_Q10","gaussian_phi050_N100","gaussian","block_power","alpha_1_2","alpha = 1/2",0.5,100,10,10,100,0.5,NA,"M = Q = sqrt(N)","Gaussian",1,0,0,"inside formal moment assumptions","regular","phi = 0.5",0.5,5,28603257,"gaussian_phi050_N100","gaussian","Gaussian","inside formal moment assumptions","regular",0.5,"phi = 0.5",100,10,10,5,100000,20000,"K_asym_full",0.89362,-0.05638,0.000975004079991464,-0.05683,0.00083869574048367,0.10638,1.60653469996984,0.8944,0.00217311573552814,20000,0.606856017324117,0.00102875231298272,0.145487547334286,0.600503840102699,0.504253726165672,0.701492976485378,0.797100648882258,0.85504252119139,0.606856017324117,0.89983259421935,1.04382835064769,0,0,0,0.00272
"gaussian_phi050_N100_M10_Q10","gaussian_phi050_N100","gaussian","block_power","alpha_1_2","alpha = 1/2",0.5,100,10,10,100,0.5,NA,"M = Q = sqrt(N)","Gaussian",1,0,0,"inside formal moment assumptions","regular","phi = 0.5",0.5,5,28603257,"gaussian_phi050_N100","gaussian","Gaussian","inside formal moment assumptions","regular",0.5,"phi = 0.5",100,10,10,5,100000,20000,"K_leading",0.90388,-0.0461199999999999,0.000932099488252193,-0.04657,0.000804374801437869,0.09612,1.48969581269931,0.90375,0.00208549679333247,20000,0.629776544781151,0.00106888478081161,0.151163135363797,0.623336806946411,0.522965147965546,0.728100190224036,0.827600704447603,0.887485667027407,0.629776544781151,0.933818642134772,1.08325301760073,0,0,0,0.00272
"gaussian_phi050_N100_M10_Q10","gaussian_phi050_N100","gaussian","block_power","alpha_1_2","alpha = 1/2",0.5,100,10,10,100,0.5,NA,"M = Q = sqrt(N)","Gaussian",1,0,0,"inside formal moment assumptions","regular","phi = 0.5",0.5,5,28603257,"gaussian_phi050_N100","gaussian","Gaussian","inside formal moment assumptions","regular",0.5,"phi = 0.5",100,10,10,5,100000,20000,"V_oracle",0.89945,-0.05055,0.000950997883804165,-0.051,0.000818166666374853,0.10055,1.53966256973173,0.89935,0.00212743481098717,20000,0.619668870754405,0.0010511675529204,0.148657540966657,0.613237640491733,0.514740491141243,0.716300580350103,0.814265430302572,0.873167052859411,0.619668870754405,0.918831208078972,1.06586721865168,0,0,0,0.00272
"gaussian_phi050_N100_M10_Q10","gaussian_phi050_N100","gaussian","block_power","alpha_1_2","alpha = 1/2",0.5,100,10,10,100,0.5,NA,"M = Q = sqrt(N)","Gaussian",1,0,0,"inside formal moment assumptions","regular","phi = 0.5",0.5,5,28603257,"gaussian_phi050_N100","gaussian","Gaussian","inside formal moment assumptions","regular",0.5,"phi = 0.5",100,10,10,5,100000,20000,"V_feasible",0.89535,-0.05465,0.000967979222400977,-0.0551,0.000852553322949178,0.10465,1.58001001527693,0.89535,0.00216446734209597,20000,0.623632438641673,0.00116609219030598,0.164910339050806,0.617668684098978,0.507937518223292,0.730207281674771,0.839115598520047,0.905079215038594,0.623632438641673,0.924708298315451,1.07268479055067,0,0,0,0.00272
"gaussian_phi050_N100_M10_Q10","gaussian_phi050_N100","gaussian","block_power","alpha_1_2","alpha = 1/2",0.5,100,10,10,100,0.5,NA,"M = Q = sqrt(N)","Gaussian",1,0,0,"inside formal moment assumptions","regular","phi = 0.5",0.5,5,28603257,"gaussian_phi050_N100","gaussian","Gaussian","inside formal moment assumptions","regular",0.5,"phi = 0.5",100,10,10,5,100000,20000,"VK_asym_full_oracle",0.91043,-0.03957,0.000903034966654116,-0.04002,0.000781530616099612,0.08957,1.41135735558742,0.91045,0.00201904429743381,20000,0.646640342631165,0.00109851327742157,0.15535323753765,0.639891827604305,0.536752646118753,0.747891411884912,0.850098207675231,0.911345120558772,0.646640342631165,0.95882390620825,1.11225975032303,0,0,0,0.00272
"gaussian_phi050_N100_M10_Q10","gaussian_phi050_N100","gaussian","block_power","alpha_1_2","alpha = 1/2",0.5,100,10,10,100,0.5,NA,"M = Q = sqrt(N)","Gaussian",1,0,0,"inside formal moment assumptions","regular","phi = 0.5",0.5,5,28603257,"gaussian_phi050_N100","gaussian","Gaussian","inside formal moment assumptions","regular",0.5,"phi = 0.5",100,10,10,5,100000,20000,"VK_leading_oracle",0.91929,-0.0307099999999999,0.000861370395938936,-0.03116,0.000755312020930747,0.0807099999999999,1.30871318427197,0.9194,0.00192488493162578,20000,0.670867183163895,0.00114123131645798,0.161394480553978,0.663781575723783,0.556709502960138,0.775651371002522,0.882628815804538,0.946152620073901,0.670867183163895,0.994746926074529,1.15393135326139,0,0,0,0.00272
"gaussian_phi050_N100_M10_Q10","gaussian_phi050_N100","gaussian","block_power","alpha_1_2","alpha = 1/2",0.5,100,10,10,100,0.5,NA,"M = Q = sqrt(N)","Gaussian",1,0,0,"inside formal moment assumptions","regular","phi = 0.5",0.5,5,28603257,"gaussian_phi050_N100","gaussian","Gaussian","inside formal moment assumptions","regular",0.5,"phi = 0.5",100,10,10,5,100000,20000,"VK_asym_full_feasible",0.90705,-0.0429499999999999,0.000918206390197759,-0.0434,0.000815580193304446,0.09295,1.44834251400385,0.90655,0.00205811925674874,20000,0.651931418307206,0.00121811361351215,0.172267279274018,0.645638110265641,0.530844463382535,0.76351554748352,0.877143455031409,0.945740284672507,0.651931418307206,0.966669395444357,1.12136071437118,0,0,0,0.00272
"gaussian_phi050_N100_M10_Q10","gaussian_phi050_N100","gaussian","block_power","alpha_1_2","alpha = 1/2",0.5,100,10,10,100,0.5,NA,"M = Q = sqrt(N)","Gaussian",1,0,0,"inside formal moment assumptions","regular","phi = 0.5",0.5,5,28603257,"gaussian_phi050_N100","gaussian","Gaussian","inside formal moment assumptions","regular",0.5,"phi = 0.5",100,10,10,5,100000,20000,"F_feasible_leading",0.91603,-0.0339699999999999,0.000877034999871727,-0.03442,0.000788390037727847,0.08397,1.34300851298539,0.91625,0.0019587743297787,20000,0.67741325030938,0.00126489694833232,0.178883441933591,0.670749903843995,0.551618457883605,0.793180323046191,0.911063718338419,0.982990146254672,0.67741325030938,1.00445328872613,1.16519097708753,0,0,0,0.00272
"gaussian_phi050_N225_M15_Q15","gaussian_phi050_N225","gaussian","block_power","alpha_1_2","alpha = 1/2",0.5,225,15,15,225,0.5,NA,"M = Q = sqrt(N)","Gaussian",1,0,0,"inside formal moment assumptions","regular","phi = 0.5",0.5,7,153603632,"gaussian_phi050_N225","gaussian","Gaussian","inside formal moment assumptions","regular",0.5,"phi = 0.5",225,15,15,7,100000,20000,"raw",0.91042,-0.0395799999999999,0.000903080415024044,-0.04111,0.000724158078770948,0.08958,1.37061330227878,0.91135,0.00200986538728344,20000,0.416370356105189,0.000572282644435674,0.080932987727167,0.412522900481887,0.360468996006818,0.468613005187803,0.521631760450324,0.556838876482256,0.416370356105189,0.922620230526726,1,0,0,0,8e-05
"gaussian_phi050_N225_M15_Q15","gaussian_phi050_N225","gaussian","block_power","alpha_1_2","alpha = 1/2",0.5,225,15,15,225,0.5,NA,"M = Q = sqrt(N)","Gaussian",1,0,0,"inside formal moment assumptions","regular","phi = 0.5",0.5,7,153603632,"gaussian_phi050_N225","gaussian","Gaussian","inside formal moment assumptions","regular",0.5,"phi = 0.5",225,15,15,7,100000,20000,"K_asym_full",0.91996,-0.03004,0.000858100217923291,-0.03157,0.000688431616343195,0.08004,1.27416273656287,0.9215,0.00190181163630892,20000,0.432227424550603,0.00059487342971625,0.0841278072200119,0.428242464235552,0.374073665067893,0.486364402121696,0.541576407458622,0.577932271881877,0.432227424550603,0.957757343267986,1.03808404756223,0,0,0,8e-05
"gaussian_phi050_N225_M15_Q15","gaussian_phi050_N225","gaussian","block_power","alpha_1_2","alpha = 1/2",0.5,225,15,15,225,0.5,NA,"M = Q = sqrt(N)","Gaussian",1,0,0,"inside formal moment assumptions","regular","phi = 0.5",0.5,7,153603632,"gaussian_phi050_N225","gaussian","Gaussian","inside formal moment assumptions","regular",0.5,"phi = 0.5",225,15,15,7,100000,20000,"K_leading",0.92428,-0.02572,0.000836579234741097,-0.02725,0.000674891791170479,0.07572,1.2335519720509,0.92545,0.00185731388704225,20000,0.439459075930887,0.000605209226980019,0.085589509686848,0.43535467953572,0.380312337819728,0.494433051674444,0.550563580314708,0.587658293983657,0.439459075930887,0.973781701788555,1.05545236227112,0,0,0,8e-05
"gaussian_phi050_N225_M15_Q15","gaussian_phi050_N225","gaussian","block_power","alpha_1_2","alpha = 1/2",0.5,225,15,15,225,0.5,NA,"M = Q = sqrt(N)","Gaussian",1,0,0,"inside formal moment assumptions","regular","phi = 0.5",0.5,7,153603632,"gaussian_phi050_N225","gaussian","Gaussian","inside formal moment assumptions","regular",0.5,"phi = 0.5",225,15,15,7,100000,20000,"V_oracle",0.92188,-0.0281199999999999,0.000848629869849041,-0.02965,0.00068199224785496,0.07812,1.25622904704823,0.9228,0.00188732827033349,20000,0.435377315265764,0.000599372803858939,0.08476411481349,0.431375149758948,0.376738509502748,0.489897627690438,0.545473848931354,0.582075160587273,0.435377315265764,0.964737073825512,1.04564916517681,0,0,0,8e-05
"gaussian_phi050_N225_M15_Q15","gaussian_phi050_N225","gaussian","block_power","alpha_1_2","alpha = 1/2",0.5,225,15,15,225,0.5,NA,"M = Q = sqrt(N)","Gaussian",1,0,0,"inside formal moment assumptions","regular","phi = 0.5",0.5,7,153603632,"gaussian_phi050_N225","gaussian","Gaussian","inside formal moment assumptions","regular",0.5,"phi = 0.5",225,15,15,7,100000,20000,"V_feasible",0.92009,-0.02991,0.000857463654623332,-0.03144,0.000711561892742488,0.07991,1.27400503195767,0.92105,0.00190678915326263,20000,0.439372008122983,0.000675235820839696,0.0954927655631628,0.434601394328374,0.37309321629811,0.500587002996187,0.563454064250489,0.604480561421229,0.439372008122983,0.973588771336562,1.05524325082351,0,0,0,8e-05
"gaussian_phi050_N225_M15_Q15","gaussian_phi050_N225","gaussian","block_power","alpha_1_2","alpha = 1/2",0.5,225,15,15,225,0.5,NA,"M = Q = sqrt(N)","Gaussian",1,0,0,"inside formal moment assumptions","regular","phi = 0.5",0.5,7,153603632,"gaussian_phi050_N225","gaussian","Gaussian","inside formal moment assumptions","regular",0.5,"phi = 0.5",225,15,15,7,100000,20000,"VK_asym_full_oracle",0.93097,-0.01903,0.000801653660254851,-0.02056,0.000651442328814361,0.06903,1.16782774373743,0.93165,0.00178435250861482,20000,0.451958572074465,0.000623124231773125,0.0881230739616869,0.447661135411701,0.390981599328846,0.508637293998322,0.566578347629911,0.604304822720542,0.451958572074465,1.0014788897472,1.08547250169819,0,0,0,8e-05
"gaussian_phi050_N225_M15_Q15","gaussian_phi050_N225","gaussian","block_power","alpha_1_2","alpha = 1/2",0.5,225,15,15,225,0.5,NA,"M = Q = sqrt(N)","Gaussian",1,0,0,"inside formal moment assumptions","regular","phi = 0.5",0.5,7,153603632,"gaussian_phi050_N225","gaussian","Gaussian","inside formal moment assumptions","regular",0.5,"phi = 0.5",225,15,15,7,100000,20000,"VK_leading_oracle",0.93507,-0.01493,0.000779192499322215,-0.01646,0.00063631339208548,0.06493,1.13060614234341,0.93575,0.00173380993047104,20000,0.459519097673627,0.000633991746413186,0.0896599726210132,0.455131750592232,0.397532746852422,0.517192777016832,0.576155761427946,0.614360550868422,0.459519097673627,1.01823198892663,1.10363067623752,0,0,0,8e-05
"gaussian_phi050_N225_M15_Q15","gaussian_phi050_N225","gaussian","block_power","alpha_1_2","alpha = 1/2",0.5,225,15,15,225,0.5,NA,"M = Q = sqrt(N)","Gaussian",1,0,0,"inside formal moment assumptions","regular","phi = 0.5",0.5,7,153603632,"gaussian_phi050_N225","gaussian","Gaussian","inside formal moment assumptions","regular",0.5,"phi = 0.5",225,15,15,7,100000,20000,"VK_asym_full_feasible",0.9294,-0.0206,0.000810034814066655,-0.02213,0.000680593316946788,0.0706,1.1843528260051,0.9305,0.00179819006225705,20000,0.456704724198488,0.000702160721911209,0.0993005215892516,0.451646764898555,0.387831252263055,0.52039810963501,0.585591845001608,0.628427072553658,0.456704724198488,1.01199571906172,1.09687137305017,0,0,0,8e-05
"gaussian_phi050_N225_M15_Q15","gaussian_phi050_N225","gaussian","block_power","alpha_1_2","alpha = 1/2",0.5,225,15,15,225,0.5,NA,"M = Q = sqrt(N)","Gaussian",1,0,0,"inside formal moment assumptions","regular","phi = 0.5",0.5,7,153603632,"gaussian_phi050_N225","gaussian","Gaussian","inside formal moment assumptions","regular",0.5,"phi = 0.5",225,15,15,7,100000,20000,"F_feasible_leading",0.93343,-0.01657,0.000788279361013594,-0.0181,0.000667029496561803,0.06657,1.14660452876191,0.9346,0.00174818248475381,20000,0.464624302523156,0.000714475268035419,0.101042061403584,0.459476773373482,0.394481266321572,0.529518035068214,0.59568738874958,0.639307401048188,0.464624302523156,1.02954443037712,1.11589188737965,0,0,0,8e-05
"gaussian_phi050_N400_M20_Q20","gaussian_phi050_N400","gaussian","block_power","alpha_1_2","alpha = 1/2",0.5,400,20,20,400,0.5,NA,"M = Q = sqrt(N)","Gaussian",1,0,0,"inside formal moment assumptions","regular","phi = 0.5",0.5,10,328604157,"gaussian_phi050_N400","gaussian","Gaussian","inside formal moment assumptions","regular",0.5,"phi = 0.5",400,20,20,10,100000,20000,"F_feasible_leading",0.93962,-0.0103799999999999,0.00075322145216397,-0.0099,0.000622433750882568,0.06038,1.09637615945051,0.93925,0.0016890742656852,20000,0.350384523267013,0.000471791687702809,0.0667214203364205,0.349231413318583,0.304161044893375,0.394490009935082,0.437067282661943,0.462909395943019,0.350384523267013,1.03385880216946,1.09004886721364,0,0,0,0
"gaussian_phi050_N400_M20_Q20","gaussian_phi050_N400","gaussian","block_power","alpha_1_2","alpha = 1/2",0.5,400,20,20,400,0.5,NA,"M = Q = sqrt(N)","Gaussian",1,0,0,"inside formal moment assumptions","regular","phi = 0.5",0.5,10,328604157,"gaussian_phi050_N400","gaussian","Gaussian","inside formal moment assumptions","regular",0.5,"phi = 0.5",400,20,20,10,100000,20000,"raw",0.92143,-0.02857,0.000850862827369959,-0.02809,0.000644370755960194,0.07857,1.25127563114258,0.92125,0.00190457918580457,20000,0.321439280206455,0.000376367867930367,0.0532264543268571,0.320375271934234,0.284707926568075,0.356250792290407,0.390784569412979,0.411562100512526,0.321439280206455,0.948451792635857,1,0,0,0,0
"gaussian_phi050_N400_M20_Q20","gaussian_phi050_N400","gaussian","block_power","alpha_1_2","alpha = 1/2",0.5,400,20,20,400,0.5,NA,"M = Q = sqrt(N)","Gaussian",1,0,0,"inside formal moment assumptions","regular","phi = 0.5",0.5,10,328604157,"gaussian_phi050_N400","gaussian","Gaussian","inside formal moment assumptions","regular",0.5,"phi = 0.5",400,20,20,10,100000,20000,"K_asym_full",0.92984,-0.02016,0.000807697804875066,-0.01968,0.000611825726254783,0.07016,1.17828455265926,0.9305,0.00179819006225705,20000,0.331603315319445,0.000388669193276424,0.0549661244408129,0.330415336023403,0.293687021747983,0.367569391470326,0.403181874303362,0.424856671819928,0.331603315319445,0.978442207364069,1.03162038910261,0,0,0,0
"gaussian_phi050_N400_M20_Q20","gaussian_phi050_N400","gaussian","block_power","alpha_1_2","alpha = 1/2",0.5,400,20,20,400,0.5,NA,"M = Q = sqrt(N)","Gaussian",1,0,0,"inside formal moment assumptions","regular","phi = 0.5",0.5,10,328604157,"gaussian_phi050_N400","gaussian","Gaussian","inside formal moment assumptions","regular",0.5,"phi = 0.5",400,20,20,10,100000,20000,"K_leading",0.93211,-0.01789,0.00079549323001519,-0.01741,0.000605534958302043,0.06789,1.15742995880688,0.9332,0.00176547104196019,20000,0.334687057955521,0.000392410507051837,0.055495226109041,0.333485055975438,0.296387097646744,0.37101955001893,0.406909377769378,0.428767408911639,0.334687057955521,0.987541223605441,1.04121393546102,0,0,0,0
"gaussian_phi050_N400_M20_Q20","gaussian_phi050_N400","gaussian","block_power","alpha_1_2","alpha = 1/2",0.5,400,20,20,400,0.5,NA,"M = Q = sqrt(N)","Gaussian",1,0,0,"inside formal moment assumptions","regular","phi = 0.5",0.5,10,328604157,"gaussian_phi050_N400","gaussian","Gaussian","inside formal moment assumptions","regular",0.5,"phi = 0.5",400,20,20,10,100000,20000,"V_oracle",0.93056,-0.0194399999999999,0.000803853757844049,-0.01896,0.000609104994306352,0.0694399999999999,1.17176321266258,0.93115,0.00179038651553233,20000,0.332558541650611,0.000389827650121574,0.0551299549789963,0.331378249781712,0.29452733247451,0.368644816556065,0.404329753079177,0.426082568336941,0.332558541650611,0.98126073696501,1.03459210534884,0,0,0,0
"gaussian_phi050_N400_M20_Q20","gaussian_phi050_N400","gaussian","block_power","alpha_1_2","alpha = 1/2",0.5,400,20,20,400,0.5,NA,"M = Q = sqrt(N)","Gaussian",1,0,0,"inside formal moment assumptions","regular","phi = 0.5",0.5,10,328604157,"gaussian_phi050_N400","gaussian","Gaussian","inside formal moment assumptions","regular",0.5,"phi = 0.5",400,20,20,10,100000,20000,"V_feasible",0.92901,-0.02099,0.000812098638713303,-0.02051,0.0006504595529134,0.07099,1.18527152373028,0.9283,0.00182426848352977,20000,0.335994193320752,0.000452169371882608,0.0639464058206108,0.334841711473639,0.29168414692412,0.378221352243618,0.41903514145938,0.443527658566808,0.335994193320752,0.991398110292019,1.04528044333894,0,0,0,0
"gaussian_phi050_N400_M20_Q20","gaussian_phi050_N400","gaussian","block_power","alpha_1_2","alpha = 1/2",0.5,400,20,20,400,0.5,NA,"M = Q = sqrt(N)","Gaussian",1,0,0,"inside formal moment assumptions","regular","phi = 0.5",0.5,10,328604157,"gaussian_phi050_N400","gaussian","Gaussian","inside formal moment assumptions","regular",0.5,"phi = 0.5",400,20,20,10,100000,20000,"VK_asym_full_oracle",0.93809,-0.01191,0.000762083669290978,-0.01143,0.000591436428511543,0.06191,1.10341035859059,0.9388,0.00169491238711622,20000,0.343088048295716,0.000402624998874677,0.056939773395902,0.341877564366673,0.30376210561273,0.380377542572532,0.417245583673431,0.439753239470702,0.343088048295716,1.01232952683633,1.0673494791158,0,0,0,0
"gaussian_phi050_N400_M20_Q20","gaussian_phi050_N400","gaussian","block_power","alpha_1_2","alpha = 1/2",0.5,400,20,20,400,0.5,NA,"M = Q = sqrt(N)","Gaussian",1,0,0,"inside formal moment assumptions","regular","phi = 0.5",0.5,10,328604157,"gaussian_phi050_N400","gaussian","Gaussian","inside formal moment assumptions","regular",0.5,"phi = 0.5",400,20,20,10,100000,20000,"VK_leading_oracle",0.94001,-0.00998999999999994,0.000750940742668821,-0.00951,0.000586002587869994,0.05999,1.08388097171288,0.9403,0.00167534936655015,20000,0.346282679279851,0.000406517864888388,0.0574903077872112,0.345074313987608,0.306611673927641,0.383954968534068,0.42112090123171,0.443804670768644,0.346282679279851,1.02175573474025,1.07728799995271,0,0,0,0
"gaussian_phi050_N400_M20_Q20","gaussian_phi050_N400","gaussian","block_power","alpha_1_2","alpha = 1/2",0.5,400,20,20,400,0.5,NA,"M = Q = sqrt(N)","Gaussian",1,0,0,"inside formal moment assumptions","regular","phi = 0.5",0.5,10,328604157,"gaussian_phi050_N400","gaussian","Gaussian","inside formal moment assumptions","regular",0.5,"phi = 0.5",400,20,20,10,100000,20000,"VK_asym_full_feasible",0.93714,-0.01286,0.000767519513758445,-0.01238,0.000628387861685,0.06286,1.11613068484601,0.93635,0.00172624849746495,20000,0.347030092275662,0.000467214191457187,0.0660740646091933,0.345873327187331,0.301236598880531,0.390706804963347,0.432846118322995,0.458349163429734,0.347030092275662,1.02396108187536,1.0796132073615,0,0,0,0
"gaussian_phi050_N8100_M90_Q90","gaussian_phi050_N8100","gaussian","block_power","alpha_1_2","alpha = 1/2",0.5,8100,90,90,8100,0.5,NA,"M = Q = sqrt(N)","Gaussian",1,0,0,"inside formal moment assumptions","regular","phi = 0.5",0.5,19,1586176319,"gaussian_phi050_N8100","gaussian","Gaussian","inside formal moment assumptions","regular",0.5,"phi = 0.5",8100,90,90,19,100000,20000,"V_feasible",0.94731,-0.00268999999999997,0.000706496736722825,-0.00225,0.000384253629141632,0.05269,1.02565859231048,0.95055,0.00153304757753959,20000,0.0755805642873212,4.13840214737688e-05,0.00585258444337432,0.0754942434786927,0.071532346810503,0.0794470855784595,0.0831410800898824,0.0854224426597939,0.0755805642873212,1.00195835898845,1.00804154568391,0,0,0,0
"gaussian_phi050_N8100_M90_Q90","gaussian_phi050_N8100","gaussian","block_power","alpha_1_2","alpha = 1/2",0.5,8100,90,90,8100,0.5,NA,"M = Q = sqrt(N)","Gaussian",1,0,0,"inside formal moment assumptions","regular","phi = 0.5",0.5,19,1586176319,"gaussian_phi050_N8100","gaussian","Gaussian","inside formal moment assumptions","regular",0.5,"phi = 0.5",8100,90,90,19,100000,20000,"VK_asym_full_oracle",0.9492,-0.000799999999999912,0.000694401612901352,-0.00036,0.000376829038160861,0.0508,1.00864245343197,0.95215,0.00150931072844527,20000,0.0761620634986771,4.01506653279414e-05,0.00567816154450779,0.0760655319511015,0.0722364067246615,0.0799381852500705,0.0834724431608282,0.0857124196162233,0.0761620634986771,1.00966719261594,1.01579718192924,0,0,0,0
"gaussian_phi050_N8100_M90_Q90","gaussian_phi050_N8100","gaussian","block_power","alpha_1_2","alpha = 1/2",0.5,8100,90,90,8100,0.5,NA,"M = Q = sqrt(N)","Gaussian",1,0,0,"inside formal moment assumptions","regular","phi = 0.5",0.5,19,1586176319,"gaussian_phi050_N8100","gaussian","Gaussian","inside formal moment assumptions","regular",0.5,"phi = 0.5",8100,90,90,19,100000,20000,"VK_leading_oracle",0.94925,-0.000749999999999917,0.000694078075579397,-0.00031,0.000376696771959331,0.05075,1.00779893057734,0.95215,0.00150931072844527,20000,0.0761945798537697,4.01679674815935e-05,0.0056806084385431,0.0760981222334698,0.0722671859369889,0.079972402017109,0.0835079564341245,0.0857489343322571,0.0761945798537697,1.01009825626433,1.01623086269303,0,0,0,0
"gaussian_phi050_N8100_M90_Q90","gaussian_phi050_N8100","gaussian","block_power","alpha_1_2","alpha = 1/2",0.5,8100,90,90,8100,0.5,NA,"M = Q = sqrt(N)","Gaussian",1,0,0,"inside formal moment assumptions","regular","phi = 0.5",0.5,19,1586176319,"gaussian_phi050_N8100","gaussian","Gaussian","inside formal moment assumptions","regular",0.5,"phi = 0.5",8100,90,90,19,100000,20000,"VK_asym_full_feasible",0.94921,-0.000789999999999957,0.000694336920377996,-0.00035,0.000384578020696113,0.05079,1.0094084458891,0.9524,0.00150556036079594,20000,0.0761999119726686,4.17268474445661e-05,0.00590106735711785,0.0761133672220418,0.0721173048787576,0.0800972165447382,0.0838289195595504,0.0861265928872264,0.0761999119726686,1.01016894323461,1.0163019788249,0,0,0,0
"gaussian_phi050_N8100_M90_Q90","gaussian_phi050_N8100","gaussian","block_power","alpha_1_2","alpha = 1/2",0.5,8100,90,90,8100,0.5,NA,"M = Q = sqrt(N)","Gaussian",1,0,0,"inside formal moment assumptions","regular","phi = 0.5",0.5,19,1586176319,"gaussian_phi050_N8100","gaussian","Gaussian","inside formal moment assumptions","regular",0.5,"phi = 0.5",8100,90,90,19,100000,20000,"F_feasible_leading",0.9493,-0.000699999999999923,0.000693754351337705,-0.00026,0.000384188495413384,0.0507,1.00856428243864,0.9525,0.00150405701354703,20000,0.0762325034593661,4.17448916893609e-05,0.00590361919868901,0.0761459174547327,0.0721483412597456,0.0801314373449043,0.0838649610532148,0.0861633660461184,0.0762325034593661,1.01060100288958,1.01673666164232,0,0,0,0
"gaussian_phi050_N8100_M90_Q90","gaussian_phi050_N8100","gaussian","block_power","alpha_1_2","alpha = 1/2",0.5,8100,90,90,8100,0.5,NA,"M = Q = sqrt(N)","Gaussian",1,0,0,"inside formal moment assumptions","regular","phi = 0.5",0.5,19,1586176319,"gaussian_phi050_N8100","gaussian","Gaussian","inside formal moment assumptions","regular",0.5,"phi = 0.5",8100,90,90,19,100000,20000,"raw",0.94572,-0.00427999999999995,0.000716475272427458,-0.00384,0.000383476224217546,0.05428,1.04012076026112,0.9486,0.00156137823732752,20000,0.0749776282643621,3.95206571795665e-05,0.00558906493772406,0.0748851994945091,0.0711146899981728,0.0786954972109149,0.0821708106015333,0.0843902554664697,0.0749776282643621,0.993965341288253,1,0,0,0,0
"gaussian_phi050_N8100_M90_Q90","gaussian_phi050_N8100","gaussian","block_power","alpha_1_2","alpha = 1/2",0.5,8100,90,90,8100,0.5,NA,"M = Q = sqrt(N)","Gaussian",1,0,0,"inside formal moment assumptions","regular","phi = 0.5",0.5,19,1586176319,"gaussian_phi050_N8100","gaussian","Gaussian","inside formal moment assumptions","regular",0.5,"phi = 0.5",8100,90,90,19,100000,20000,"K_asym_full",0.94752,-0.00247999999999993,0.000705165580555375,-0.00204,0.0003773059866979,0.05248,1.02364148072612,0.9506,0.00153231263128645,20000,0.0755907423922046,3.98467191555331e-05,0.00563517706458267,0.0754963604450702,0.0716932625156021,0.0793400354198936,0.0828407290712179,0.085074189854699,0.0755907423922046,1.00209328834975,1.00817729424143,0,0,0,0
"gaussian_phi050_N8100_M90_Q90","gaussian_phi050_N8100","gaussian","block_power","alpha_1_2","alpha = 1/2",0.5,8100,90,90,8100,0.5,NA,"M = Q = sqrt(N)","Gaussian",1,0,0,"inside formal moment assumptions","regular","phi = 0.5",0.5,19,1586176319,"gaussian_phi050_N8100","gaussian","Gaussian","inside formal moment assumptions","regular",0.5,"phi = 0.5",8100,90,90,19,100000,20000,"K_leading",0.94761,-0.00239,0.000704594123591732,-0.00195,0.000377972755147823,0.05239,1.02278541425677,0.9507,0.00153084143528976,20000,0.0756230049751844,3.98638801812668e-05,0.00563760400011635,0.0755289038526998,0.0717238687756228,0.0793738237325145,0.0828765777725834,0.0851101749183991,0.0756230049751844,1.0025209877855,1.00860759036745,0,0,0,0
"gaussian_phi050_N8100_M90_Q90","gaussian_phi050_N8100","gaussian","block_power","alpha_1_2","alpha = 1/2",0.5,8100,90,90,8100,0.5,NA,"M = Q = sqrt(N)","Gaussian",1,0,0,"inside formal moment assumptions","regular","phi = 0.5",0.5,19,1586176319,"gaussian_phi050_N8100","gaussian","Gaussian","inside formal moment assumptions","regular",0.5,"phi = 0.5",8100,90,90,19,100000,20000,"V_oracle",0.94736,-0.00263999999999998,0.000706180079016677,-0.0022,0.000377826716273843,0.05264,1.02488026838373,0.9504,0.00153524981680507,20000,0.075544129233517,3.982192539975e-05,0.0056316706980136,0.0754497199016776,0.071649310759552,0.0792909556262044,0.0827898612403808,0.0850221981451509,0.075544129233517,1.00147534583469,1.00755560001388,0,0,0,0
"gaussian_phi050_N343_M49_Q7","gaussian_phi050_N343","gaussian","block_power","alpha_2_3","alpha = 2/3",0.5,343,49,7,343,0.666666666666667,NA,"M = N^(2/3); smallest Q values are boundary designs","Gaussian",1,0,0,"inside formal moment assumptions","regular","phi = 0.5",0.666666666666667,10,271603986,"gaussian_phi050_N343","gaussian","Gaussian","inside formal moment assumptions","regular",0.5,"phi = 0.5",343,49,7,10,100000,20000,"raw",0.8635,-0.0864999999999999,0.00108566914849783,-0.08749,0.000967142364206804,0.1365,1.8335563967266,0.8643,0.00242162662274761,20000,0.311506582859326,0.000661578225944408,0.0935612899701313,0.306042295908272,0.245133395846208,0.371819746688161,0.434775238272632,0.475947700556716,0.311506582859326,0.851375854949724,1,0,0,0,0.0165
"gaussian_phi050_N343_M49_Q7","gaussian_phi050_N343","gaussian","block_power","alpha_2_3","alpha = 2/3",0.5,343,49,7,343,0.666666666666667,NA,"M = N^(2/3); smallest Q values are boundary designs","Gaussian",1,0,0,"inside formal moment assumptions","regular","phi = 0.5",0.666666666666667,10,271603986,"gaussian_phi050_N343","gaussian","Gaussian","inside formal moment assumptions","regular",0.5,"phi = 0.5",343,49,7,10,100000,20000,"K_asym_full",0.89141,-0.0585899999999999,0.0009838608229826,-0.05958,0.000883464793356482,0.10859,1.47628909104761,0.89105,0.0022031783575099,20000,0.343948747450786,0.000732269973600094,0.103558612798384,0.337853427434478,0.270468403636655,0.410955468533249,0.480719366556927,0.52626534274323,0.343948747450786,0.940043244774828,1.10414600004171,0,0,0,0.0165
"gaussian_phi050_N343_M49_Q7","gaussian_phi050_N343","gaussian","block_power","alpha_2_3","alpha = 2/3",0.5,343,49,7,343,0.666666666666667,NA,"M = N^(2/3); smallest Q values are boundary designs","Gaussian",1,0,0,"inside formal moment assumptions","regular","phi = 0.5",0.666666666666667,10,271603986,"gaussian_phi050_N343","gaussian","Gaussian","inside formal moment assumptions","regular",0.5,"phi = 0.5",343,49,7,10,100000,20000,"K_leading",0.8944,-0.0556,0.000971846901523074,-0.05659,0.000873775345173769,0.1056,1.4406514545709,0.89415,0.00217538246637229,20000,0.347747837986555,0.000740586281907337,0.104734716398082,0.341597429455304,0.27350239060106,0.415508456364165,0.486179591212021,0.532283280916658,0.347747837986555,0.950426505132385,1.11634185959914,0,0,0,0.0165
"gaussian_phi050_N343_M49_Q7","gaussian_phi050_N343","gaussian","block_power","alpha_2_3","alpha = 2/3",0.5,343,49,7,343,0.666666666666667,NA,"M = N^(2/3); smallest Q values are boundary designs","Gaussian",1,0,0,"inside formal moment assumptions","regular","phi = 0.5",0.666666666666667,10,271603986,"gaussian_phi050_N343","gaussian","Gaussian","inside formal moment assumptions","regular",0.5,"phi = 0.5",343,49,7,10,100000,20000,"V_oracle",0.86688,-0.08312,0.00107423957104549,-0.08411,0.000957895743096578,0.13312,1.79062434451057,0.8672,0.00239962663762511,20000,0.314940101787225,0.000669033098597877,0.0946155681713613,0.309423605629209,0.247780138992527,0.375969996349827,0.439713532735479,0.481097412254871,0.314940101787225,0.860759974816128,1.01102229974206,0,0,0,0.0165
"gaussian_phi050_N343_M49_Q7","gaussian_phi050_N343","gaussian","block_power","alpha_2_3","alpha = 2/3",0.5,343,49,7,343,0.666666666666667,NA,"M = N^(2/3); smallest Q values are boundary designs","Gaussian",1,0,0,"inside formal moment assumptions","regular","phi = 0.5",0.666666666666667,10,271603986,"gaussian_phi050_N343","gaussian","Gaussian","inside formal moment assumptions","regular",0.5,"phi = 0.5",343,49,7,10,100000,20000,"V_feasible",0.86593,-0.08407,0.00107747498857282,-0.08506,0.000965741834328878,0.13407,1.80333625276497,0.8669,0.00240191996119771,20000,0.315822795364488,0.000688890728833964,0.0974238611710078,0.309554626826701,0.246418302899013,0.378636313744755,0.444448351365683,0.487560992034952,0.315822795364488,0.863172456735783,1.01385592710608,0,0,0,0.0165
"gaussian_phi050_N343_M49_Q7","gaussian_phi050_N343","gaussian","block_power","alpha_2_3","alpha = 2/3",0.5,343,49,7,343,0.666666666666667,NA,"M = N^(2/3); smallest Q values are boundary designs","Gaussian",1,0,0,"inside formal moment assumptions","regular","phi = 0.5",0.666666666666667,10,271603986,"gaussian_phi050_N343","gaussian","Gaussian","inside formal moment assumptions","regular",0.5,"phi = 0.5",343,49,7,10,100000,20000,"VK_asym_full_oracle",0.89434,-0.0556599999999999,0.000972090347652933,-0.05665,0.000874079753314394,0.10566,1.4417223220865,0.89405,0.00217628809558845,20000,0.347631913264516,0.00074033239845079,0.104698811855331,0.341484472933171,0.273403198868404,0.415356846481806,0.486014982119423,0.532101331966175,0.347631913264516,0.950109672311617,1.11596971747305,0,0,0,0.0165
"gaussian_phi050_N343_M49_Q7","gaussian_phi050_N343","gaussian","block_power","alpha_2_3","alpha = 2/3",0.5,343,49,7,343,0.666666666666667,NA,"M = N^(2/3); smallest Q values are boundary designs","Gaussian",1,0,0,"inside formal moment assumptions","regular","phi = 0.5",0.666666666666667,10,271603986,"gaussian_phi050_N343","gaussian","Gaussian","inside formal moment assumptions","regular",0.5,"phi = 0.5",343,49,7,10,100000,20000,"VK_leading_oracle",0.89711,-0.05289,0.000960747874835016,-0.05388,0.000865896618407497,0.10289,1.40691912782973,0.89655,0.00215346346033547,20000,0.351457387093572,0.000748714512308523,0.105884221765227,0.345248406356738,0.276365768072538,0.419904448315303,0.491449756173984,0.538175235681079,0.351457387093572,0.96056504061204,1.12825027281137,0,0,0,0.0165
"gaussian_phi050_N343_M49_Q7","gaussian_phi050_N343","gaussian","block_power","alpha_2_3","alpha = 2/3",0.5,343,49,7,343,0.666666666666667,NA,"M = N^(2/3); smallest Q values are boundary designs","Gaussian",1,0,0,"inside formal moment assumptions","regular","phi = 0.5",0.666666666666667,10,271603986,"gaussian_phi050_N343","gaussian","Gaussian","inside formal moment assumptions","regular",0.5,"phi = 0.5",343,49,7,10,100000,20000,"VK_asym_full_feasible",0.89357,-0.05643,0.000975205901848425,-0.05742,0.000881610576372632,0.10643,1.45195732304741,0.8935,0.00218125823780679,20000,0.348973233645189,0.000762532653666362,0.107838402056731,0.342051120154301,0.272201779348778,0.418261217317472,0.49146062261471,0.539331217856886,0.348973233645189,0.953775623044903,1.12027563090948,0,0,0,0.0165
"gaussian_phi050_N343_M49_Q7","gaussian_phi050_N343","gaussian","block_power","alpha_2_3","alpha = 2/3",0.5,343,49,7,343,0.666666666666667,NA,"M = N^(2/3); smallest Q values are boundary designs","Gaussian",1,0,0,"inside formal moment assumptions","regular","phi = 0.5",0.666666666666667,10,271603986,"gaussian_phi050_N343","gaussian","Gaussian","inside formal moment assumptions","regular",0.5,"phi = 0.5",343,49,7,10,100000,20000,"F_feasible_leading",0.89639,-0.0536099999999999,0.000963716596827096,-0.0546,0.000874183071192997,0.10361,1.41690705574391,0.8962,0.00215668217408129,20000,0.352855247151981,0.000771177742125852,0.109061002191464,0.345870299883991,0.27514883262995,0.422941591407534,0.497044838993677,0.545402520466638,0.352855247151981,0.964385519432757,1.13273769020582,0,0,0,0.0165
"gaussian_phi050_N19683_M729_Q27","gaussian_phi050_N19683","gaussian","block_power","alpha_2_3","alpha = 2/3",0.5,19683,729,27,19683,0.666666666666667,NA,"M = N^(2/3); smallest Q values are boundary designs","Gaussian",1,0,0,"inside formal moment assumptions","regular","phi = 0.5",0.666666666666667,22,284309192,"gaussian_phi050_N19683","gaussian","Gaussian","inside formal moment assumptions","regular",0.5,"phi = 0.5",19683,729,27,22,100000,20000,"raw",0.93856,-0.01144,0.000759375575061511,-0.01254,0.000543902971406135,0.0614400000000001,1.09751030024954,0.9397,0.0016832098799615,20000,0.0480133252221136,4.77840121259534e-05,0.00675767980131237,0.0478513629839244,0.0433337996318875,0.0524853308629507,0.0566999903682427,0.0593727927342427,0.0480133252221136,0.992163913256003,1,0,0,0,0
"gaussian_phi050_N19683_M729_Q27","gaussian_phi050_N19683","gaussian","block_power","alpha_2_3","alpha = 2/3",0.5,19683,729,27,19683,0.666666666666667,NA,"M = N^(2/3); smallest Q values are boundary designs","Gaussian",1,0,0,"inside formal moment assumptions","regular","phi = 0.5",0.666666666666667,22,284309192,"gaussian_phi050_N19683","gaussian","Gaussian","inside formal moment assumptions","regular",0.5,"phi = 0.5",19683,729,27,22,100000,20000,"K_asym_full",0.94569,-0.00430999999999993,0.000716661872154505,-0.00541,0.000524414024508013,0.05431,1.03690923445734,0.94665,0.00158908428819871,20000,0.0494506766711382,4.92624621150959e-05,0.00696676420390594,0.0492804095866093,0.0446278926355806,0.0540639397790489,0.0584083704221628,0.0611643688056484,0.0494506766711382,1.02186583937321,1.0299365112159,0,0,0,0
"gaussian_phi050_N19683_M729_Q27","gaussian_phi050_N19683","gaussian","block_power","alpha_2_3","alpha = 2/3",0.5,19683,729,27,19683,0.666666666666667,NA,"M = N^(2/3); smallest Q values are boundary designs","Gaussian",1,0,0,"inside formal moment assumptions","regular","phi = 0.5",0.666666666666667,22,284309192,"gaussian_phi050_N19683","gaussian","Gaussian","inside formal moment assumptions","regular",0.5,"phi = 0.5",19683,729,27,22,100000,20000,"K_leading",0.94572,-0.00427999999999995,0.000716475272427458,-0.00538,0.000524703067584983,0.05428,1.03653750579123,0.94665,0.00158908428819871,20000,0.0494598932908899,4.92719597987544e-05,0.00696810737921004,0.0492893848406044,0.044636496515022,0.0540737660437131,0.0584190501882889,0.0611755490230981,0.0494598932908899,1.02205629478277,1.03012847083772,0,0,0,0
"gaussian_phi050_N19683_M729_Q27","gaussian_phi050_N19683","gaussian","block_power","alpha_2_3","alpha = 2/3",0.5,19683,729,27,19683,0.666666666666667,NA,"M = N^(2/3); smallest Q values are boundary designs","Gaussian",1,0,0,"inside formal moment assumptions","regular","phi = 0.5",0.666666666666667,22,284309192,"gaussian_phi050_N19683","gaussian","Gaussian","inside formal moment assumptions","regular",0.5,"phi = 0.5",19683,729,27,22,100000,20000,"V_oracle",0.93885,-0.01115,0.000757698340370362,-0.01225,0.000543141164913184,0.06115,1.09557718023555,0.93995,0.00167994043793225,20000,0.048057267181053,4.78291310846979e-05,0.00676406058565004,0.0478946082308339,0.0433728354576281,0.0525342139993093,0.0567507847078336,0.059426781153442,0.048057267181053,0.993071945052089,1.00091520340939,0,0,0,0
"gaussian_phi050_N19683_M729_Q27","gaussian_phi050_N19683","gaussian","block_power","alpha_2_3","alpha = 2/3",0.5,19683,729,27,19683,0.666666666666667,NA,"M = N^(2/3); smallest Q values are boundary designs","Gaussian",1,0,0,"inside formal moment assumptions","regular","phi = 0.5",0.666666666666667,22,284309192,"gaussian_phi050_N19683","gaussian","Gaussian","inside formal moment assumptions","regular",0.5,"phi = 0.5",19683,729,27,22,100000,20000,"V_feasible",0.93882,-0.01118,0.000757872070998793,-0.01228,0.000542858142565468,0.06118,1.09563556452091,0.93995,0.00167994043793225,20000,0.0480588667876176,4.78748042033376e-05,0.00677051974003165,0.0478918849752041,0.0433720129379434,0.0525402029137293,0.0567631156289708,0.0594513371710324,0.0480588667876176,0.993104999873879,1.00094851929737,0,0,0,0
"gaussian_phi050_N19683_M729_Q27","gaussian_phi050_N19683","gaussian","block_power","alpha_2_3","alpha = 2/3",0.5,19683,729,27,19683,0.666666666666667,NA,"M = N^(2/3); smallest Q values are boundary designs","Gaussian",1,0,0,"inside formal moment assumptions","regular","phi = 0.5",0.666666666666667,22,284309192,"gaussian_phi050_N19683","gaussian","Gaussian","inside formal moment assumptions","regular",0.5,"phi = 0.5",19683,729,27,22,100000,20000,"VK_asym_full_oracle",0.94588,-0.0041199999999999,0.000715479039525268,-0.00522,0.000523574500240962,0.0541199999999999,1.03508285524854,0.9468,0.00158697447994604,20000,0.0494960091125177,4.93091792130747e-05,0.00697337099926157,0.0493251925220875,0.0446691169226725,0.0541140713051413,0.058460899216253,0.0612193593017259,0.0494960091125177,1.02280260457804,1.03088067496981,0,0,0,0
"gaussian_phi050_N19683_M729_Q27","gaussian_phi050_N19683","gaussian","block_power","alpha_2_3","alpha = 2/3",0.5,19683,729,27,19683,0.666666666666667,NA,"M = N^(2/3); smallest Q values are boundary designs","Gaussian",1,0,0,"inside formal moment assumptions","regular","phi = 0.5",0.666666666666667,22,284309192,"gaussian_phi050_N19683","gaussian","Gaussian","inside formal moment assumptions","regular",0.5,"phi = 0.5",19683,729,27,22,100000,20000,"VK_leading_oracle",0.94596,-0.00403999999999993,0.000714980268259201,-0.00514,0.000523391386426481,0.05404,1.03471178133357,0.9469,0.00158556598727395,20000,0.0495052346615456,4.93186872426871e-05,0.0069747156377045,0.0493344082193022,0.0446772757881177,0.0541242641823903,0.0584715885620684,0.0612305501663975,0.0495052346615456,1.02299324450525,1.03107282056659,0,0,0,0
"gaussian_phi050_N19683_M729_Q27","gaussian_phi050_N19683","gaussian","block_power","alpha_2_3","alpha = 2/3",0.5,19683,729,27,19683,0.666666666666667,NA,"M = N^(2/3); smallest Q values are boundary designs","Gaussian",1,0,0,"inside formal moment assumptions","regular","phi = 0.5",0.666666666666667,22,284309192,"gaussian_phi050_N19683","gaussian","Gaussian","inside formal moment assumptions","regular",0.5,"phi = 0.5",19683,729,27,22,100000,20000,"VK_asym_full_feasible",0.94591,-0.00408999999999993,0.000715292051542585,-0.00519,0.00052405475413725,0.05409,1.03513801573735,0.94685,0.00158627042934047,20000,0.0494978495839687,4.93567766185207e-05,0.00698010228889313,0.0493232213391138,0.0446653013080111,0.0541125237706773,0.0584675473042033,0.0612419568379645,0.0494978495839687,1.02284063671492,1.0309190074836,0,0,0,0
"gaussian_phi050_N19683_M729_Q27","gaussian_phi050_N19683","gaussian","block_power","alpha_2_3","alpha = 2/3",0.5,19683,729,27,19683,0.666666666666667,NA,"M = N^(2/3); smallest Q values are boundary designs","Gaussian",1,0,0,"inside formal moment assumptions","regular","phi = 0.5",0.666666666666667,22,284309192,"gaussian_phi050_N19683","gaussian","Gaussian","inside formal moment assumptions","regular",0.5,"phi = 0.5",19683,729,27,22,100000,20000,"F_feasible_leading",0.94594,-0.00405999999999995,0.000715105002080114,-0.00516,0.000524153118244005,0.05406,1.03476692204753,0.94685,0.00158627042934047,20000,0.0495070767355283,4.93662971316206e-05,0.00698144869276778,0.0493321675887673,0.0446735164281023,0.0541228519675364,0.058478807703165,0.061253633651385,0.0495070767355283,1.0230313097574,1.03111118645719,0,0,0,0
