scenario_id,group,N1,N2,M1,M2,model1,p11,p12,model2,p21,p22,innov1,innov2,lrv_sd1,lrv_sd2,effect_c,delta0,L_rule,theory_scope,block_ratio,geom_M,base_id,scenario_no,B,threads,seed,delta_true,L_vc,L_hac1,L_hac2,Q1,Q2,Q,method,nominal,coverage,coverage_fail_as_miss,failure_rate,mcse,EN_theory,scaled_emp,scaled_theory,mcse_scaled,theory_signal_to_mcse
ratio_sym_normal_M6_24,blockratio_theory,1728,1728,6,24,ar1,0.6,0,ar1,0.6,0,normal,normal,1,1,0,0,loglog,unequal_blocks_main_theorem,0.25,12,ratio_sym_normal_M6_24,1,10000,7,21260832,0,14,7,7,288,72,360,BEL,0.9,0.8596,0.8596,0,0.0034740155440066,,-139.6224,,12.00619772008681,
ratio_sym_normal_M6_24,blockratio_theory,1728,1728,6,24,ar1,0.6,0,ar1,0.6,0,normal,normal,1,1,0,0,loglog,unequal_blocks_main_theorem,0.25,12,ratio_sym_normal_M6_24,1,10000,7,21260832,0,14,7,7,288,72,360,BEL,0.95,0.9184,0.9184,0,0.0027375434243131,,-109.2096,,9.460950074426075,
ratio_sym_normal_M6_24,blockratio_theory,1728,1728,6,24,ar1,0.6,0,ar1,0.6,0,normal,normal,1,1,0,0,loglog,unequal_blocks_main_theorem,0.25,12,ratio_sym_normal_M6_24,1,10000,7,21260832,0,14,7,7,288,72,360,BEL,0.99,0.9788,0.9788,0,0.0014405054668414,,-38.7072,,4.978386893403878,
ratio_sym_normal_M6_24,blockratio_theory,1728,1728,6,24,ar1,0.6,0,ar1,0.6,0,normal,normal,1,1,0,0,loglog,unequal_blocks_main_theorem,0.25,12,ratio_sym_normal_M6_24,1,10000,7,21260832,0,14,7,7,288,72,360,BC_oracle,0.9,0.8619,0.8619,0,0.0034500491300849,,-131.6736,,11.923369793573414,
ratio_sym_normal_M6_24,blockratio_theory,1728,1728,6,24,ar1,0.6,0,ar1,0.6,0,normal,normal,1,1,0,0,loglog,unequal_blocks_main_theorem,0.25,12,ratio_sym_normal_M6_24,1,10000,7,21260832,0,14,7,7,288,72,360,BC_oracle,0.95,0.9195,0.9195,0,0.0027206570897487,,-105.408,,9.402590902171507,
ratio_sym_normal_M6_24,blockratio_theory,1728,1728,6,24,ar1,0.6,0,ar1,0.6,0,normal,normal,1,1,0,0,loglog,unequal_blocks_main_theorem,0.25,12,ratio_sym_normal_M6_24,1,10000,7,21260832,0,14,7,7,288,72,360,BC_oracle,0.99,0.9798,0.9798,0,0.0014068390099794,,-35.2512,,4.8620356184888065,
ratio_sym_normal_M6_24,blockratio_theory,1728,1728,6,24,ar1,0.6,0,ar1,0.6,0,normal,normal,1,1,0,0,loglog,unequal_blocks_main_theorem,0.25,12,ratio_sym_normal_M6_24,1,10000,7,21260832,0,14,7,7,288,72,360,VC_oracle,0.9,0.8964,0.8964,0,0.003047409391598,,-12.4416000000002,,10.531846857362689,
ratio_sym_normal_M6_24,blockratio_theory,1728,1728,6,24,ar1,0.6,0,ar1,0.6,0,normal,normal,1,1,0,0,loglog,unequal_blocks_main_theorem,0.25,12,ratio_sym_normal_M6_24,1,10000,7,21260832,0,14,7,7,288,72,360,VC_oracle,0.95,0.9468,0.9468,0,0.0022443208326796,,-11.0591999999999,,7.756372797740697,
ratio_sym_normal_M6_24,blockratio_theory,1728,1728,6,24,ar1,0.6,0,ar1,0.6,0,normal,normal,1,1,0,0,loglog,unequal_blocks_main_theorem,0.25,12,ratio_sym_normal_M6_24,1,10000,7,21260832,0,14,7,7,288,72,360,VC_oracle,0.99,0.9895,0.9895,0,0.0010193012312363,,-1.72799999999981,,3.5227050551526533,
ratio_sym_normal_M6_24,blockratio_theory,1728,1728,6,24,ar1,0.6,0,ar1,0.6,0,normal,normal,1,1,0,0,loglog,unequal_blocks_main_theorem,0.25,12,ratio_sym_normal_M6_24,1,10000,7,21260832,0,14,7,7,288,72,360,VCBC_oracle,0.9,0.8981,0.8981,0,0.0030251675986629,2.697166185930667e-05,-6.56640000000004,0.0932140633857638,10.454979220978982,0.008915757881060181
ratio_sym_normal_M6_24,blockratio_theory,1728,1728,6,24,ar1,0.6,0,ar1,0.6,0,normal,normal,1,1,0,0,loglog,unequal_blocks_main_theorem,0.25,12,ratio_sym_normal_M6_24,1,10000,7,21260832,0,14,7,7,288,72,360,VCBC_oracle,0.95,0.948,0.948,0,0.0022202702538204,7.804377027908228e-05,-6.91200000000001,0.2697192700845084,7.673253997203302,0.03515057238856083
ratio_sym_normal_M6_24,blockratio_theory,1728,1728,6,24,ar1,0.6,0,ar1,0.6,0,normal,normal,1,1,0,0,loglog,unequal_blocks_main_theorem,0.25,12,ratio_sym_normal_M6_24,1,10000,7,21260832,0,14,7,7,288,72,360,VCBC_oracle,0.99,0.9901,0.9901,0,0.0009900499987374,7.321717036789801e-05,0.345599999999962,0.2530385407914555,3.4216127956364546,0.07395300283952433
ratio_sym_normal_M6_24,blockratio_theory,1728,1728,6,24,ar1,0.6,0,ar1,0.6,0,normal,normal,1,1,0,0,loglog,unequal_blocks_main_theorem,0.25,12,ratio_sym_normal_M6_24,1,10000,7,21260832,0,14,7,7,288,72,360,ABEL_oracle,0.9,0.8619,0.8619,0,0.0034500491300849,,-131.6736,,11.923369793573414,
ratio_sym_normal_M6_24,blockratio_theory,1728,1728,6,24,ar1,0.6,0,ar1,0.6,0,normal,normal,1,1,0,0,loglog,unequal_blocks_main_theorem,0.25,12,ratio_sym_normal_M6_24,1,10000,7,21260832,0,14,7,7,288,72,360,ABEL_oracle,0.95,0.9195,0.9195,0,0.0027206570897487,,-105.408,,9.402590902171507,
ratio_sym_normal_M6_24,blockratio_theory,1728,1728,6,24,ar1,0.6,0,ar1,0.6,0,normal,normal,1,1,0,0,loglog,unequal_blocks_main_theorem,0.25,12,ratio_sym_normal_M6_24,1,10000,7,21260832,0,14,7,7,288,72,360,ABEL_oracle,0.99,0.9798,0.9798,0,0.0014068390099794,,-35.2512,,4.8620356184888065,
ratio_sym_normal_M6_24,blockratio_theory,1728,1728,6,24,ar1,0.6,0,ar1,0.6,0,normal,normal,1,1,0,0,loglog,unequal_blocks_main_theorem,0.25,12,ratio_sym_normal_M6_24,1,10000,7,21260832,0,14,7,7,288,72,360,VCABEL_oracle,0.9,0.8981,0.8981,0,0.0030251675986629,2.697166185930667e-05,-6.56640000000004,0.0932140633857638,10.454979220978982,0.008915757881060181
ratio_sym_normal_M6_24,blockratio_theory,1728,1728,6,24,ar1,0.6,0,ar1,0.6,0,normal,normal,1,1,0,0,loglog,unequal_blocks_main_theorem,0.25,12,ratio_sym_normal_M6_24,1,10000,7,21260832,0,14,7,7,288,72,360,VCABEL_oracle,0.95,0.948,0.948,0,0.0022202702538204,7.804377027908228e-05,-6.91200000000001,0.2697192700845084,7.673253997203302,0.03515057238856083
ratio_sym_normal_M6_24,blockratio_theory,1728,1728,6,24,ar1,0.6,0,ar1,0.6,0,normal,normal,1,1,0,0,loglog,unequal_blocks_main_theorem,0.25,12,ratio_sym_normal_M6_24,1,10000,7,21260832,0,14,7,7,288,72,360,VCABEL_oracle,0.99,0.9901,0.9901,0,0.0009900499987374,7.321717036789801e-05,0.345599999999962,0.2530385407914555,3.4216127956364546,0.07395300283952433
ratio_sym_normal_M6_24,blockratio_theory,1728,1728,6,24,ar1,0.6,0,ar1,0.6,0,normal,normal,1,1,0,0,loglog,unequal_blocks_main_theorem,0.25,12,ratio_sym_normal_M6_24,1,10000,7,21260832,0,14,7,7,288,72,360,BC_feasible,0.9,0.8618,0.8618,0,0.003451097796354,,-132.0192,,11.926993984199424,
ratio_sym_normal_M6_24,blockratio_theory,1728,1728,6,24,ar1,0.6,0,ar1,0.6,0,normal,normal,1,1,0,0,loglog,unequal_blocks_main_theorem,0.25,12,ratio_sym_normal_M6_24,1,10000,7,21260832,0,14,7,7,288,72,360,BC_feasible,0.95,0.9194,0.9194,0,0.0027221983763127,,-105.7536,,9.40791758853669,
ratio_sym_normal_M6_24,blockratio_theory,1728,1728,6,24,ar1,0.6,0,ar1,0.6,0,normal,normal,1,1,0,0,loglog,unequal_blocks_main_theorem,0.25,12,ratio_sym_normal_M6_24,1,10000,7,21260832,0,14,7,7,288,72,360,BC_feasible,0.99,0.9799,0.9799,0,0.0014034240271564,,-34.9056,,4.850233437852519,
ratio_sym_normal_M6_24,blockratio_theory,1728,1728,6,24,ar1,0.6,0,ar1,0.6,0,normal,normal,1,1,0,0,loglog,unequal_blocks_main_theorem,0.25,12,ratio_sym_normal_M6_24,1,10000,7,21260832,0,14,7,7,288,72,360,VC_feasible,0.9,0.8988,0.8988,0,0.0030159336862736,,-4.14719999999993,,10.423066819761562,
ratio_sym_normal_M6_24,blockratio_theory,1728,1728,6,24,ar1,0.6,0,ar1,0.6,0,normal,normal,1,1,0,0,loglog,unequal_blocks_main_theorem,0.25,12,ratio_sym_normal_M6_24,1,10000,7,21260832,0,14,7,7,288,72,360,VC_feasible,0.95,0.9485,0.9485,0,0.002210152709656,,-5.18399999999981,,7.638287764571136,
ratio_sym_normal_M6_24,blockratio_theory,1728,1728,6,24,ar1,0.6,0,ar1,0.6,0,normal,normal,1,1,0,0,loglog,unequal_blocks_main_theorem,0.25,12,ratio_sym_normal_M6_24,1,10000,7,21260832,0,14,7,7,288,72,360,VC_feasible,0.99,0.9892,0.9892,0,0.0010336034055671,,-2.76480000000008,,3.5721333696398974,
ratio_sym_normal_M6_24,blockratio_theory,1728,1728,6,24,ar1,0.6,0,ar1,0.6,0,normal,normal,1,1,0,0,loglog,unequal_blocks_main_theorem,0.25,12,ratio_sym_normal_M6_24,1,10000,7,21260832,0,14,7,7,288,72,360,VCBC_feasible,0.9,0.8999,0.8999,0,0.003001332870576,,-0.345599999999962,,10.372606400710655,
ratio_sym_normal_M6_24,blockratio_theory,1728,1728,6,24,ar1,0.6,0,ar1,0.6,0,normal,normal,1,1,0,0,loglog,unequal_blocks_main_theorem,0.25,12,ratio_sym_normal_M6_24,1,10000,7,21260832,0,14,7,7,288,72,360,VCBC_feasible,0.95,0.9496,0.9496,0,0.0021876891918186,,-1.38239999999985,,7.560653846925082,
ratio_sym_normal_M6_24,blockratio_theory,1728,1728,6,24,ar1,0.6,0,ar1,0.6,0,normal,normal,1,1,0,0,loglog,unequal_blocks_main_theorem,0.25,12,ratio_sym_normal_M6_24,1,10000,7,21260832,0,14,7,7,288,72,360,VCBC_feasible,0.99,0.9894,0.9894,0,0.0010240917927607,,-2.07360000000016,,3.539261235780979,
ratio_sym_normal_M6_24,blockratio_theory,1728,1728,6,24,ar1,0.6,0,ar1,0.6,0,normal,normal,1,1,0,0,loglog,unequal_blocks_main_theorem,0.25,12,ratio_sym_normal_M6_24,1,10000,7,21260832,0,14,7,7,288,72,360,ABEL_feasible,0.9,0.8619,0.8619,0,0.0034500491300849,,-131.6736,,11.923369793573414,
ratio_sym_normal_M6_24,blockratio_theory,1728,1728,6,24,ar1,0.6,0,ar1,0.6,0,normal,normal,1,1,0,0,loglog,unequal_blocks_main_theorem,0.25,12,ratio_sym_normal_M6_24,1,10000,7,21260832,0,14,7,7,288,72,360,ABEL_feasible,0.95,0.9194,0.9194,0,0.0027221983763127,,-105.7536,,9.40791758853669,
ratio_sym_normal_M6_24,blockratio_theory,1728,1728,6,24,ar1,0.6,0,ar1,0.6,0,normal,normal,1,1,0,0,loglog,unequal_blocks_main_theorem,0.25,12,ratio_sym_normal_M6_24,1,10000,7,21260832,0,14,7,7,288,72,360,ABEL_feasible,0.99,0.9799,0.9799,0,0.0014034240271564,,-34.9056,,4.850233437852519,
ratio_sym_normal_M6_24,blockratio_theory,1728,1728,6,24,ar1,0.6,0,ar1,0.6,0,normal,normal,1,1,0,0,loglog,unequal_blocks_main_theorem,0.25,12,ratio_sym_normal_M6_24,1,10000,7,21260832,0,14,7,7,288,72,360,VCABEL_feasible,0.9,0.8999,0.8999,0,0.003001332870576,,-0.345599999999962,,10.372606400710655,
ratio_sym_normal_M6_24,blockratio_theory,1728,1728,6,24,ar1,0.6,0,ar1,0.6,0,normal,normal,1,1,0,0,loglog,unequal_blocks_main_theorem,0.25,12,ratio_sym_normal_M6_24,1,10000,7,21260832,0,14,7,7,288,72,360,VCABEL_feasible,0.95,0.9496,0.9496,0,0.0021876891918186,,-1.38239999999985,,7.560653846925082,
ratio_sym_normal_M6_24,blockratio_theory,1728,1728,6,24,ar1,0.6,0,ar1,0.6,0,normal,normal,1,1,0,0,loglog,unequal_blocks_main_theorem,0.25,12,ratio_sym_normal_M6_24,1,10000,7,21260832,0,14,7,7,288,72,360,VCABEL_feasible,0.99,0.9894,0.9894,0,0.0010240917927607,,-2.07360000000016,,3.539261235780979,
ratio_sym_normal_M6_24,blockratio_theory,1728,1728,6,24,ar1,0.6,0,ar1,0.6,0,normal,normal,1,1,0,0,loglog,unequal_blocks_main_theorem,0.25,12,ratio_sym_normal_M6_24,1,10000,7,21260832,0,14,7,7,288,72,360,ABEL_fixed075,0.9,0.8607,0.8607,0,0.0034625931034414,,-135.8208,,11.966721765493478,
ratio_sym_normal_M6_24,blockratio_theory,1728,1728,6,24,ar1,0.6,0,ar1,0.6,0,normal,normal,1,1,0,0,loglog,unequal_blocks_main_theorem,0.25,12,ratio_sym_normal_M6_24,1,10000,7,21260832,0,14,7,7,288,72,360,ABEL_fixed075,0.95,0.9188,0.9188,0,0.0027314201434418,,-107.8272,,9.43978801573486,
ratio_sym_normal_M6_24,blockratio_theory,1728,1728,6,24,ar1,0.6,0,ar1,0.6,0,normal,normal,1,1,0,0,loglog,unequal_blocks_main_theorem,0.25,12,ratio_sym_normal_M6_24,1,10000,7,21260832,0,14,7,7,288,72,360,ABEL_fixed075,0.99,0.9794,0.9794,0,0.0014204098000225,,-36.6335999999998,,4.90893626887776,
ratio_sym_normal_M6_24,blockratio_theory,1728,1728,6,24,ar1,0.6,0,ar1,0.6,0,normal,normal,1,1,0,0,loglog,unequal_blocks_main_theorem,0.25,12,ratio_sym_normal_M6_24,1,10000,7,21260832,0,14,7,7,288,72,360,VCABEL_fixed075_oracleVC,0.9,0.8968,0.8968,0,0.0030421992045229,,-11.0591999999999,,10.513840450831143,
ratio_sym_normal_M6_24,blockratio_theory,1728,1728,6,24,ar1,0.6,0,ar1,0.6,0,normal,normal,1,1,0,0,loglog,unequal_blocks_main_theorem,0.25,12,ratio_sym_normal_M6_24,1,10000,7,21260832,0,14,7,7,288,72,360,VCABEL_fixed075_oracleVC,0.95,0.9472,0.9472,0,0.0022363398668359,,-9.6767999999997,,7.72879057978487,
ratio_sym_normal_M6_24,blockratio_theory,1728,1728,6,24,ar1,0.6,0,ar1,0.6,0,normal,normal,1,1,0,0,loglog,unequal_blocks_main_theorem,0.25,12,ratio_sym_normal_M6_24,1,10000,7,21260832,0,14,7,7,288,72,360,VCABEL_fixed075_oracleVC,0.99,0.9897,0.9897,0,0.0010096489488926,,-1.03679999999989,,3.489346767372826,
ratio_sym_normal_M6_24,blockratio_theory,1728,1728,6,24,ar1,0.6,0,ar1,0.6,0,normal,normal,1,1,0,0,loglog,unequal_blocks_main_theorem,0.25,12,ratio_sym_normal_M6_24,1,10000,7,21260832,0,14,7,7,288,72,360,Wald_HAC,0.9,0.849,0.849,0,0.003580488793447,,-176.256,,12.374169270152832,
ratio_sym_normal_M6_24,blockratio_theory,1728,1728,6,24,ar1,0.6,0,ar1,0.6,0,normal,normal,1,1,0,0,loglog,unequal_blocks_main_theorem,0.25,12,ratio_sym_normal_M6_24,1,10000,7,21260832,0,14,7,7,288,72,360,Wald_HAC,0.95,0.9114,0.9114,0,0.0028416551514918,,-133.4016,,9.82076020355566,
ratio_sym_normal_M6_24,blockratio_theory,1728,1728,6,24,ar1,0.6,0,ar1,0.6,0,normal,normal,1,1,0,0,loglog,unequal_blocks_main_theorem,0.25,12,ratio_sym_normal_M6_24,1,10000,7,21260832,0,14,7,7,288,72,360,Wald_HAC,0.99,0.9749,0.9749,0,0.0015642886562268,,-52.1856,,5.40618159591982,
ratio_sym_normal_M6_24,blockratio_theory,1728,1728,6,24,ar1,0.6,0,ar1,0.6,0,normal,normal,1,1,0,0,loglog,unequal_blocks_main_theorem,0.25,12,ratio_sym_normal_M6_24,1,10000,7,21260832,0,14,7,7,288,72,360,Wald_oracle,0.9,0.8982,0.8982,0,0.0030238511868145,,-6.22080000000008,,10.450429701630913,
ratio_sym_normal_M6_24,blockratio_theory,1728,1728,6,24,ar1,0.6,0,ar1,0.6,0,normal,normal,1,1,0,0,loglog,unequal_blocks_main_theorem,0.25,12,ratio_sym_normal_M6_24,1,10000,7,21260832,0,14,7,7,288,72,360,Wald_oracle,0.95,0.9488,0.9488,0,0.0022040544457884,,-4.14719999999993,,7.617212164644711,
ratio_sym_normal_M6_24,blockratio_theory,1728,1728,6,24,ar1,0.6,0,ar1,0.6,0,normal,normal,1,1,0,0,loglog,unequal_blocks_main_theorem,0.25,12,ratio_sym_normal_M6_24,1,10000,7,21260832,0,14,7,7,288,72,360,Wald_oracle,0.99,0.9894,0.9894,0,0.0010240917927607,,-2.07360000000016,,3.539261235780979,
ratio_sym_normal_M8_18,blockratio_theory,1728,1728,8,18,ar1,0.6,0,ar1,0.6,0,normal,normal,1,1,0,0,loglog,unequal_blocks_main_theorem,0.444444444444444,12,ratio_sym_normal_M8_18,2,10000,7,22260835,0,14,7,7,216,96,312,BEL,0.9,0.8662,0.8662,0,0.003404373070038,,-116.8128,,11.765513330051329,
ratio_sym_normal_M8_18,blockratio_theory,1728,1728,8,18,ar1,0.6,0,ar1,0.6,0,normal,normal,1,1,0,0,loglog,unequal_blocks_main_theorem,0.444444444444444,12,ratio_sym_normal_M8_18,2,10000,7,22260835,0,14,7,7,216,96,312,BEL,0.95,0.9271,0.9271,0,0.0025997228698459,,-79.1423999999997,,8.98464223818743,
ratio_sym_normal_M8_18,blockratio_theory,1728,1728,8,18,ar1,0.6,0,ar1,0.6,0,normal,normal,1,1,0,0,loglog,unequal_blocks_main_theorem,0.444444444444444,12,ratio_sym_normal_M8_18,2,10000,7,22260835,0,14,7,7,216,96,312,BEL,0.99,0.9827,0.9827,0,0.0013038677080133,,-25.2287999999999,,4.506166798893965,
ratio_sym_normal_M8_18,blockratio_theory,1728,1728,8,18,ar1,0.6,0,ar1,0.6,0,normal,normal,1,1,0,0,loglog,unequal_blocks_main_theorem,0.444444444444444,12,ratio_sym_normal_M8_18,2,10000,7,22260835,0,14,7,7,216,96,312,BC_oracle,0.9,0.8678,0.8678,0,0.0033870807489636,,-111.2832,,11.705751068418202,
ratio_sym_normal_M8_18,blockratio_theory,1728,1728,8,18,ar1,0.6,0,ar1,0.6,0,normal,normal,1,1,0,0,loglog,unequal_blocks_main_theorem,0.444444444444444,12,ratio_sym_normal_M8_18,2,10000,7,22260835,0,14,7,7,216,96,312,BC_oracle,0.95,0.9285,0.9285,0,0.0025765820382825,,-74.3039999999999,,8.90466752430432,
ratio_sym_normal_M8_18,blockratio_theory,1728,1728,8,18,ar1,0.6,0,ar1,0.6,0,normal,normal,1,1,0,0,loglog,unequal_blocks_main_theorem,0.444444444444444,12,ratio_sym_normal_M8_18,2,10000,7,22260835,0,14,7,7,216,96,312,BC_oracle,0.99,0.9836,0.9836,0,0.0012700803124212,,-22.1183999999999,,4.3893975597276675,
ratio_sym_normal_M8_18,blockratio_theory,1728,1728,8,18,ar1,0.6,0,ar1,0.6,0,normal,normal,1,1,0,0,loglog,unequal_blocks_main_theorem,0.444444444444444,12,ratio_sym_normal_M8_18,2,10000,7,22260835,0,14,7,7,216,96,312,VC_oracle,0.9,0.9003,0.9003,0,0.0029959958277674,,1.03679999999989,,10.354161580764135,
ratio_sym_normal_M8_18,blockratio_theory,1728,1728,8,18,ar1,0.6,0,ar1,0.6,0,normal,normal,1,1,0,0,loglog,unequal_blocks_main_theorem,0.444444444444444,12,ratio_sym_normal_M8_18,2,10000,7,22260835,0,14,7,7,216,96,312,VC_oracle,0.95,0.9513,0.9513,0,0.0021524012172455,,4.49280000000027,,7.438698606800449,
ratio_sym_normal_M8_18,blockratio_theory,1728,1728,8,18,ar1,0.6,0,ar1,0.6,0,normal,normal,1,1,0,0,loglog,unequal_blocks_main_theorem,0.444444444444444,12,ratio_sym_normal_M8_18,2,10000,7,22260835,0,14,7,7,216,96,312,VC_oracle,0.99,0.9922,0.9922,0,0.0008797249570178,,7.60319999999993,,3.0403294514535166,
ratio_sym_normal_M8_18,blockratio_theory,1728,1728,8,18,ar1,0.6,0,ar1,0.6,0,normal,normal,1,1,0,0,loglog,unequal_blocks_main_theorem,0.444444444444444,12,ratio_sym_normal_M8_18,2,10000,7,22260835,0,14,7,7,216,96,312,VCBC_oracle,0.9,0.9019,0.9019,0,0.0029744981089252,-3.312501192309122e-05,6.56640000000004,-0.1144800412062032,10.279865464445491,0.011136336521343609
ratio_sym_normal_M8_18,blockratio_theory,1728,1728,8,18,ar1,0.6,0,ar1,0.6,0,normal,normal,1,1,0,0,loglog,unequal_blocks_main_theorem,0.444444444444444,12,ratio_sym_normal_M8_18,2,10000,7,22260835,0,14,7,7,216,96,312,VCBC_oracle,0.95,0.9523,0.9523,0,0.0021313073452695,2.0426583402809065e-05,7.94880000000028,0.0705942722401081,7.365798185251392,0.009584062781065559
ratio_sym_normal_M8_18,blockratio_theory,1728,1728,8,18,ar1,0.6,0,ar1,0.6,0,normal,normal,1,1,0,0,loglog,unequal_blocks_main_theorem,0.444444444444444,12,ratio_sym_normal_M8_18,2,10000,7,22260835,0,14,7,7,216,96,312,VCBC_oracle,0.99,0.9925,0.9925,0,0.0008627716963368,4.0859912558444415e-05,8.6400000000002,0.1412118578019838,2.981738982539981,0.047358893125411375
ratio_sym_normal_M8_18,blockratio_theory,1728,1728,8,18,ar1,0.6,0,ar1,0.6,0,normal,normal,1,1,0,0,loglog,unequal_blocks_main_theorem,0.444444444444444,12,ratio_sym_normal_M8_18,2,10000,7,22260835,0,14,7,7,216,96,312,ABEL_oracle,0.9,0.8678,0.8678,0,0.0033870807489636,,-111.2832,,11.705751068418202,
ratio_sym_normal_M8_18,blockratio_theory,1728,1728,8,18,ar1,0.6,0,ar1,0.6,0,normal,normal,1,1,0,0,loglog,unequal_blocks_main_theorem,0.444444444444444,12,ratio_sym_normal_M8_18,2,10000,7,22260835,0,14,7,7,216,96,312,ABEL_oracle,0.95,0.9285,0.9285,0,0.0025765820382825,,-74.3039999999999,,8.90466752430432,
ratio_sym_normal_M8_18,blockratio_theory,1728,1728,8,18,ar1,0.6,0,ar1,0.6,0,normal,normal,1,1,0,0,loglog,unequal_blocks_main_theorem,0.444444444444444,12,ratio_sym_normal_M8_18,2,10000,7,22260835,0,14,7,7,216,96,312,ABEL_oracle,0.99,0.9836,0.9836,0,0.0012700803124212,,-22.1183999999999,,4.3893975597276675,
ratio_sym_normal_M8_18,blockratio_theory,1728,1728,8,18,ar1,0.6,0,ar1,0.6,0,normal,normal,1,1,0,0,loglog,unequal_blocks_main_theorem,0.444444444444444,12,ratio_sym_normal_M8_18,2,10000,7,22260835,0,14,7,7,216,96,312,VCABEL_oracle,0.9,0.9019,0.9019,0,0.0029744981089252,-3.312501192309122e-05,6.56640000000004,-0.1144800412062032,10.279865464445491,0.011136336521343609
ratio_sym_normal_M8_18,blockratio_theory,1728,1728,8,18,ar1,0.6,0,ar1,0.6,0,normal,normal,1,1,0,0,loglog,unequal_blocks_main_theorem,0.444444444444444,12,ratio_sym_normal_M8_18,2,10000,7,22260835,0,14,7,7,216,96,312,VCABEL_oracle,0.95,0.9523,0.9523,0,0.0021313073452695,2.0426583402809065e-05,7.94880000000028,0.0705942722401081,7.365798185251392,0.009584062781065559
ratio_sym_normal_M8_18,blockratio_theory,1728,1728,8,18,ar1,0.6,0,ar1,0.6,0,normal,normal,1,1,0,0,loglog,unequal_blocks_main_theorem,0.444444444444444,12,ratio_sym_normal_M8_18,2,10000,7,22260835,0,14,7,7,216,96,312,VCABEL_oracle,0.99,0.9925,0.9925,0,0.0008627716963368,4.0859912558444415e-05,8.6400000000002,0.1412118578019838,2.981738982539981,0.047358893125411375
ratio_sym_normal_M8_18,blockratio_theory,1728,1728,8,18,ar1,0.6,0,ar1,0.6,0,normal,normal,1,1,0,0,loglog,unequal_blocks_main_theorem,0.444444444444444,12,ratio_sym_normal_M8_18,2,10000,7,22260835,0,14,7,7,216,96,312,BC_feasible,0.9,0.8677,0.8677,0,0.0033881663182317,,-111.6288,,11.709502795808755,
ratio_sym_normal_M8_18,blockratio_theory,1728,1728,8,18,ar1,0.6,0,ar1,0.6,0,normal,normal,1,1,0,0,loglog,unequal_blocks_main_theorem,0.444444444444444,12,ratio_sym_normal_M8_18,2,10000,7,22260835,0,14,7,7,216,96,312,BC_feasible,0.95,0.9285,0.9285,0,0.0025765820382825,,-74.3039999999999,,8.90466752430432,
ratio_sym_normal_M8_18,blockratio_theory,1728,1728,8,18,ar1,0.6,0,ar1,0.6,0,normal,normal,1,1,0,0,loglog,unequal_blocks_main_theorem,0.444444444444444,12,ratio_sym_normal_M8_18,2,10000,7,22260835,0,14,7,7,216,96,312,BC_feasible,0.99,0.9836,0.9836,0,0.0012700803124212,,-22.1183999999999,,4.3893975597276675,
ratio_sym_normal_M8_18,blockratio_theory,1728,1728,8,18,ar1,0.6,0,ar1,0.6,0,normal,normal,1,1,0,0,loglog,unequal_blocks_main_theorem,0.444444444444444,12,ratio_sym_normal_M8_18,2,10000,7,22260835,0,14,7,7,216,96,312,VC_feasible,0.9,0.8997,0.8997,0,0.0030039958388786,,-1.03679999999989,,10.381809619164441,
ratio_sym_normal_M8_18,blockratio_theory,1728,1728,8,18,ar1,0.6,0,ar1,0.6,0,normal,normal,1,1,0,0,loglog,unequal_blocks_main_theorem,0.444444444444444,12,ratio_sym_normal_M8_18,2,10000,7,22260835,0,14,7,7,216,96,312,VC_feasible,0.95,0.9508,0.9508,0,0.002162853670501,,2.76480000000008,,7.474822285251456,
ratio_sym_normal_M8_18,blockratio_theory,1728,1728,8,18,ar1,0.6,0,ar1,0.6,0,normal,normal,1,1,0,0,loglog,unequal_blocks_main_theorem,0.444444444444444,12,ratio_sym_normal_M8_18,2,10000,7,22260835,0,14,7,7,216,96,312,VC_feasible,0.99,0.9916,0.9916,0,0.0009126576576131,,5.52960000000016,,3.1541448647108736,
ratio_sym_normal_M8_18,blockratio_theory,1728,1728,8,18,ar1,0.6,0,ar1,0.6,0,normal,normal,1,1,0,0,loglog,unequal_blocks_main_theorem,0.444444444444444,12,ratio_sym_normal_M8_18,2,10000,7,22260835,0,14,7,7,216,96,312,VCBC_feasible,0.9,0.9019,0.9019,0,0.0029744981089252,,6.56640000000004,,10.279865464445491,
ratio_sym_normal_M8_18,blockratio_theory,1728,1728,8,18,ar1,0.6,0,ar1,0.6,0,normal,normal,1,1,0,0,loglog,unequal_blocks_main_theorem,0.444444444444444,12,ratio_sym_normal_M8_18,2,10000,7,22260835,0,14,7,7,216,96,312,VCBC_feasible,0.95,0.9513,0.9513,0,0.0021524012172455,,4.49280000000027,,7.438698606800449,
ratio_sym_normal_M8_18,blockratio_theory,1728,1728,8,18,ar1,0.6,0,ar1,0.6,0,normal,normal,1,1,0,0,loglog,unequal_blocks_main_theorem,0.444444444444444,12,ratio_sym_normal_M8_18,2,10000,7,22260835,0,14,7,7,216,96,312,VCBC_feasible,0.99,0.9918,0.9918,0,0.0009018181634897,,6.22080000000008,,3.116683573020403,
ratio_sym_normal_M8_18,blockratio_theory,1728,1728,8,18,ar1,0.6,0,ar1,0.6,0,normal,normal,1,1,0,0,loglog,unequal_blocks_main_theorem,0.444444444444444,12,ratio_sym_normal_M8_18,2,10000,7,22260835,0,14,7,7,216,96,312,ABEL_feasible,0.9,0.8677,0.8677,0,0.0033881663182317,,-111.6288,,11.709502795808755,
ratio_sym_normal_M8_18,blockratio_theory,1728,1728,8,18,ar1,0.6,0,ar1,0.6,0,normal,normal,1,1,0,0,loglog,unequal_blocks_main_theorem,0.444444444444444,12,ratio_sym_normal_M8_18,2,10000,7,22260835,0,14,7,7,216,96,312,ABEL_feasible,0.95,0.9285,0.9285,0,0.0025765820382825,,-74.3039999999999,,8.90466752430432,
ratio_sym_normal_M8_18,blockratio_theory,1728,1728,8,18,ar1,0.6,0,ar1,0.6,0,normal,normal,1,1,0,0,loglog,unequal_blocks_main_theorem,0.444444444444444,12,ratio_sym_normal_M8_18,2,10000,7,22260835,0,14,7,7,216,96,312,ABEL_feasible,0.99,0.9836,0.9836,0,0.0012700803124212,,-22.1183999999999,,4.3893975597276675,
ratio_sym_normal_M8_18,blockratio_theory,1728,1728,8,18,ar1,0.6,0,ar1,0.6,0,normal,normal,1,1,0,0,loglog,unequal_blocks_main_theorem,0.444444444444444,12,ratio_sym_normal_M8_18,2,10000,7,22260835,0,14,7,7,216,96,312,VCABEL_feasible,0.9,0.9019,0.9019,0,0.0029744981089252,,6.56640000000004,,10.279865464445491,
ratio_sym_normal_M8_18,blockratio_theory,1728,1728,8,18,ar1,0.6,0,ar1,0.6,0,normal,normal,1,1,0,0,loglog,unequal_blocks_main_theorem,0.444444444444444,12,ratio_sym_normal_M8_18,2,10000,7,22260835,0,14,7,7,216,96,312,VCABEL_feasible,0.95,0.9513,0.9513,0,0.0021524012172455,,4.49280000000027,,7.438698606800449,
ratio_sym_normal_M8_18,blockratio_theory,1728,1728,8,18,ar1,0.6,0,ar1,0.6,0,normal,normal,1,1,0,0,loglog,unequal_blocks_main_theorem,0.444444444444444,12,ratio_sym_normal_M8_18,2,10000,7,22260835,0,14,7,7,216,96,312,VCABEL_feasible,0.99,0.9918,0.9918,0,0.0009018181634897,,6.22080000000008,,3.116683573020403,
ratio_sym_normal_M8_18,blockratio_theory,1728,1728,8,18,ar1,0.6,0,ar1,0.6,0,normal,normal,1,1,0,0,loglog,unequal_blocks_main_theorem,0.444444444444444,12,ratio_sym_normal_M8_18,2,10000,7,22260835,0,14,7,7,216,96,312,ABEL_fixed075,0.9,0.8671,0.8671,0,0.0033946662575281,,-113.7024,,11.731966586017114,
ratio_sym_normal_M8_18,blockratio_theory,1728,1728,8,18,ar1,0.6,0,ar1,0.6,0,normal,normal,1,1,0,0,loglog,unequal_blocks_main_theorem,0.444444444444444,12,ratio_sym_normal_M8_18,2,10000,7,22260835,0,14,7,7,216,96,312,ABEL_fixed075,0.95,0.9275,0.9275,0,0.0025931399885081,,-77.7599999999999,,8.961891800283993,
ratio_sym_normal_M8_18,blockratio_theory,1728,1728,8,18,ar1,0.6,0,ar1,0.6,0,normal,normal,1,1,0,0,loglog,unequal_blocks_main_theorem,0.444444444444444,12,ratio_sym_normal_M8_18,2,10000,7,22260835,0,14,7,7,216,96,312,ABEL_fixed075,0.99,0.9833,0.9833,0,0.0012814487894566,,-23.1552000000001,,4.42868701636201,
ratio_sym_normal_M8_18,blockratio_theory,1728,1728,8,18,ar1,0.6,0,ar1,0.6,0,normal,normal,1,1,0,0,loglog,unequal_blocks_main_theorem,0.444444444444444,12,ratio_sym_normal_M8_18,2,10000,7,22260835,0,14,7,7,216,96,312,VCABEL_fixed075_oracleVC,0.9,0.9008,0.9008,0,0.0029893035978301,,2.76480000000008,,10.331033234100826,
ratio_sym_normal_M8_18,blockratio_theory,1728,1728,8,18,ar1,0.6,0,ar1,0.6,0,normal,normal,1,1,0,0,loglog,unequal_blocks_main_theorem,0.444444444444444,12,ratio_sym_normal_M8_18,2,10000,7,22260835,0,14,7,7,216,96,312,VCABEL_fixed075_oracleVC,0.95,0.9515,0.9515,0,0.0021482027371735,,5.1840000000002,,7.424188659671615,
ratio_sym_normal_M8_18,blockratio_theory,1728,1728,8,18,ar1,0.6,0,ar1,0.6,0,normal,normal,1,1,0,0,loglog,unequal_blocks_main_theorem,0.444444444444444,12,ratio_sym_normal_M8_18,2,10000,7,22260835,0,14,7,7,216,96,312,VCABEL_fixed075_oracleVC,0.99,0.9924,0.9924,0,0.0008684607072286,,8.29439999999985,,3.001400204182042,
ratio_sym_normal_M8_18,blockratio_theory,1728,1728,8,18,ar1,0.6,0,ar1,0.6,0,normal,normal,1,1,0,0,loglog,unequal_blocks_main_theorem,0.444444444444444,12,ratio_sym_normal_M8_18,2,10000,7,22260835,0,14,7,7,216,96,312,Wald_HAC,0.9,0.8514,0.8514,0,0.003556937446737,,-167.9616,,12.292775815923072,
ratio_sym_normal_M8_18,blockratio_theory,1728,1728,8,18,ar1,0.6,0,ar1,0.6,0,normal,normal,1,1,0,0,loglog,unequal_blocks_main_theorem,0.444444444444444,12,ratio_sym_normal_M8_18,2,10000,7,22260835,0,14,7,7,216,96,312,Wald_HAC,0.95,0.915,0.915,0,0.0027888169534768,,-120.96,,9.638151391215821,
ratio_sym_normal_M8_18,blockratio_theory,1728,1728,8,18,ar1,0.6,0,ar1,0.6,0,normal,normal,1,1,0,0,loglog,unequal_blocks_main_theorem,0.444444444444444,12,ratio_sym_normal_M8_18,2,10000,7,22260835,0,14,7,7,216,96,312,Wald_HAC,0.99,0.9782,0.9782,0,0.0014602999691844,,-40.7808000000001,,5.046796693501286,
ratio_sym_normal_M8_18,blockratio_theory,1728,1728,8,18,ar1,0.6,0,ar1,0.6,0,normal,normal,1,1,0,0,loglog,unequal_blocks_main_theorem,0.444444444444444,12,ratio_sym_normal_M8_18,2,10000,7,22260835,0,14,7,7,216,96,312,Wald_oracle,0.9,0.9007,0.9007,0,0.0029906439105985,,2.41919999999973,,10.335665355028416,
ratio_sym_normal_M8_18,blockratio_theory,1728,1728,8,18,ar1,0.6,0,ar1,0.6,0,normal,normal,1,1,0,0,loglog,unequal_blocks_main_theorem,0.444444444444444,12,ratio_sym_normal_M8_18,2,10000,7,22260835,0,14,7,7,216,96,312,Wald_oracle,0.95,0.9543,0.9543,0,0.0020883368981081,,14.8608000000003,,7.217292319861594,
ratio_sym_normal_M8_18,blockratio_theory,1728,1728,8,18,ar1,0.6,0,ar1,0.6,0,normal,normal,1,1,0,0,loglog,unequal_blocks_main_theorem,0.444444444444444,12,ratio_sym_normal_M8_18,2,10000,7,22260835,0,14,7,7,216,96,312,Wald_oracle,0.99,0.9922,0.9922,0,0.0008797249570178,,7.60319999999993,,3.0403294514535166,
ratio_sym_normal_M12_12,blockratio_theory,1728,1728,12,12,ar1,0.6,0,ar1,0.6,0,normal,normal,1,1,0,0,loglog,unequal_blocks_main_theorem,1.0,12,ratio_sym_normal_M12_12,3,10000,7,23260838,0,14,7,7,144,144,288,BEL,0.9,0.8692,0.8692,0,0.0033718149415411,,-106.4448,,11.652992437966041,
ratio_sym_normal_M12_12,blockratio_theory,1728,1728,12,12,ar1,0.6,0,ar1,0.6,0,normal,normal,1,1,0,0,loglog,unequal_blocks_main_theorem,1.0,12,ratio_sym_normal_M12_12,3,10000,7,23260838,0,14,7,7,144,144,288,BEL,0.95,0.9284,0.9284,0,0.0025782443639034,,-74.6495999999998,,8.91041252165015,
ratio_sym_normal_M12_12,blockratio_theory,1728,1728,12,12,ar1,0.6,0,ar1,0.6,0,normal,normal,1,1,0,0,loglog,unequal_blocks_main_theorem,1.0,12,ratio_sym_normal_M12_12,3,10000,7,23260838,0,14,7,7,144,144,288,BEL,0.99,0.9815,0.9815,0,0.0013475069573104,,-29.3759999999998,,4.656984044464743,
ratio_sym_normal_M12_12,blockratio_theory,1728,1728,12,12,ar1,0.6,0,ar1,0.6,0,normal,normal,1,1,0,0,loglog,unequal_blocks_main_theorem,1.0,12,ratio_sym_normal_M12_12,3,10000,7,23260838,0,14,7,7,144,144,288,BC_oracle,0.9,0.8707,0.8707,0,0.0033553168255769,,-101.2608,,11.595974949193765,
ratio_sym_normal_M12_12,blockratio_theory,1728,1728,12,12,ar1,0.6,0,ar1,0.6,0,normal,normal,1,1,0,0,loglog,unequal_blocks_main_theorem,1.0,12,ratio_sym_normal_M12_12,3,10000,7,23260838,0,14,7,7,144,144,288,BC_oracle,0.95,0.9301,0.9301,0,0.002549784108508,,-68.7743999999997,,8.81205387900365,
ratio_sym_normal_M12_12,blockratio_theory,1728,1728,12,12,ar1,0.6,0,ar1,0.6,0,normal,normal,1,1,0,0,loglog,unequal_blocks_main_theorem,1.0,12,ratio_sym_normal_M12_12,3,10000,7,23260838,0,14,7,7,144,144,288,BC_oracle,0.99,0.9819,0.9819,0,0.0013331312763565,,-27.9936,,4.607301691088064,
ratio_sym_normal_M12_12,blockratio_theory,1728,1728,12,12,ar1,0.6,0,ar1,0.6,0,normal,normal,1,1,0,0,loglog,unequal_blocks_main_theorem,1.0,12,ratio_sym_normal_M12_12,3,10000,7,23260838,0,14,7,7,144,144,288,VC_oracle,0.9,0.8998,0.8998,0,0.0030026648164588,,-0.691199999999924,,10.377209605681612,
ratio_sym_normal_M12_12,blockratio_theory,1728,1728,12,12,ar1,0.6,0,ar1,0.6,0,normal,normal,1,1,0,0,loglog,unequal_blocks_main_theorem,1.0,12,ratio_sym_normal_M12_12,3,10000,7,23260838,0,14,7,7,144,144,288,VC_oracle,0.95,0.9497,0.9497,0,0.0021856328602947,,-1.03679999999989,,7.5535471651784825,
ratio_sym_normal_M12_12,blockratio_theory,1728,1728,12,12,ar1,0.6,0,ar1,0.6,0,normal,normal,1,1,0,0,loglog,unequal_blocks_main_theorem,1.0,12,ratio_sym_normal_M12_12,3,10000,7,23260838,0,14,7,7,144,144,288,VC_oracle,0.99,0.9897,0.9897,0,0.0010096489488926,,-1.03679999999989,,3.489346767372826,
ratio_sym_normal_M12_12,blockratio_theory,1728,1728,12,12,ar1,0.6,0,ar1,0.6,0,normal,normal,1,1,0,0,loglog,unequal_blocks_main_theorem,1.0,12,ratio_sym_normal_M12_12,3,10000,7,23260838,0,14,7,7,144,144,288,VCBC_oracle,0.9,0.9016,0.9016,0,0.0029785472969217,-5.956910086261416e-05,5.52959999999977,-0.2058708125811945,10.293859458161396,0.01999938054506579
ratio_sym_normal_M12_12,blockratio_theory,1728,1728,12,12,ar1,0.6,0,ar1,0.6,0,normal,normal,1,1,0,0,loglog,unequal_blocks_main_theorem,1.0,12,ratio_sym_normal_M12_12,3,10000,7,23260838,0,14,7,7,144,144,288,VCBC_oracle,0.95,0.9509,0.9509,0,0.0021607681504502,-4.9264672455206574e-06,3.11040000000004,-0.0170258708005193,7.467614727955891,0.0022799610612985904
ratio_sym_normal_M12_12,blockratio_theory,1728,1728,12,12,ar1,0.6,0,ar1,0.6,0,normal,normal,1,1,0,0,loglog,unequal_blocks_main_theorem,1.0,12,ratio_sym_normal_M12_12,3,10000,7,23260838,0,14,7,7,144,144,288,VCBC_oracle,0.99,0.9898,0.9898,0,0.0010047865444958,2.6621883238377745e-05,-0.691199999999924,0.0920052284718334,3.4725422977774847,0.0264950634383112
ratio_sym_normal_M12_12,blockratio_theory,1728,1728,12,12,ar1,0.6,0,ar1,0.6,0,normal,normal,1,1,0,0,loglog,unequal_blocks_main_theorem,1.0,12,ratio_sym_normal_M12_12,3,10000,7,23260838,0,14,7,7,144,144,288,ABEL_oracle,0.9,0.8707,0.8707,0,0.0033553168255769,,-101.2608,,11.595974949193765,
ratio_sym_normal_M12_12,blockratio_theory,1728,1728,12,12,ar1,0.6,0,ar1,0.6,0,normal,normal,1,1,0,0,loglog,unequal_blocks_main_theorem,1.0,12,ratio_sym_normal_M12_12,3,10000,7,23260838,0,14,7,7,144,144,288,ABEL_oracle,0.95,0.9301,0.9301,0,0.002549784108508,,-68.7743999999997,,8.81205387900365,
ratio_sym_normal_M12_12,blockratio_theory,1728,1728,12,12,ar1,0.6,0,ar1,0.6,0,normal,normal,1,1,0,0,loglog,unequal_blocks_main_theorem,1.0,12,ratio_sym_normal_M12_12,3,10000,7,23260838,0,14,7,7,144,144,288,ABEL_oracle,0.99,0.9819,0.9819,0,0.0013331312763565,,-27.9936,,4.607301691088064,
ratio_sym_normal_M12_12,blockratio_theory,1728,1728,12,12,ar1,0.6,0,ar1,0.6,0,normal,normal,1,1,0,0,loglog,unequal_blocks_main_theorem,1.0,12,ratio_sym_normal_M12_12,3,10000,7,23260838,0,14,7,7,144,144,288,VCABEL_oracle,0.9,0.9016,0.9016,0,0.0029785472969217,-5.956910086261416e-05,5.52959999999977,-0.2058708125811945,10.293859458161396,0.01999938054506579
ratio_sym_normal_M12_12,blockratio_theory,1728,1728,12,12,ar1,0.6,0,ar1,0.6,0,normal,normal,1,1,0,0,loglog,unequal_blocks_main_theorem,1.0,12,ratio_sym_normal_M12_12,3,10000,7,23260838,0,14,7,7,144,144,288,VCABEL_oracle,0.95,0.9509,0.9509,0,0.0021607681504502,-4.9264672455206574e-06,3.11040000000004,-0.0170258708005193,7.467614727955891,0.0022799610612985904
ratio_sym_normal_M12_12,blockratio_theory,1728,1728,12,12,ar1,0.6,0,ar1,0.6,0,normal,normal,1,1,0,0,loglog,unequal_blocks_main_theorem,1.0,12,ratio_sym_normal_M12_12,3,10000,7,23260838,0,14,7,7,144,144,288,VCABEL_oracle,0.99,0.9898,0.9898,0,0.0010047865444958,2.6621883238377745e-05,-0.691199999999924,0.0920052284718334,3.4725422977774847,0.0264950634383112
ratio_sym_normal_M12_12,blockratio_theory,1728,1728,12,12,ar1,0.6,0,ar1,0.6,0,normal,normal,1,1,0,0,loglog,unequal_blocks_main_theorem,1.0,12,ratio_sym_normal_M12_12,3,10000,7,23260838,0,14,7,7,144,144,288,BC_feasible,0.9,0.8706,0.8706,0,0.0033564213084772,,-101.6064,,11.599792042097203,
ratio_sym_normal_M12_12,blockratio_theory,1728,1728,12,12,ar1,0.6,0,ar1,0.6,0,normal,normal,1,1,0,0,loglog,unequal_blocks_main_theorem,1.0,12,ratio_sym_normal_M12_12,3,10000,7,23260838,0,14,7,7,144,144,288,BC_feasible,0.95,0.9301,0.9301,0,0.002549784108508,,-68.7743999999997,,8.81205387900365,
ratio_sym_normal_M12_12,blockratio_theory,1728,1728,12,12,ar1,0.6,0,ar1,0.6,0,normal,normal,1,1,0,0,loglog,unequal_blocks_main_theorem,1.0,12,ratio_sym_normal_M12_12,3,10000,7,23260838,0,14,7,7,144,144,288,BC_feasible,0.99,0.9819,0.9819,0,0.0013331312763565,,-27.9936,,4.607301691088064,
ratio_sym_normal_M12_12,blockratio_theory,1728,1728,12,12,ar1,0.6,0,ar1,0.6,0,normal,normal,1,1,0,0,loglog,unequal_blocks_main_theorem,1.0,12,ratio_sym_normal_M12_12,3,10000,7,23260838,0,14,7,7,144,144,288,VC_feasible,0.9,0.9001,0.9001,0,0.0029986662034978,,0.345599999999962,,10.363390399288397,
ratio_sym_normal_M12_12,blockratio_theory,1728,1728,12,12,ar1,0.6,0,ar1,0.6,0,normal,normal,1,1,0,0,loglog,unequal_blocks_main_theorem,1.0,12,ratio_sym_normal_M12_12,3,10000,7,23260838,0,14,7,7,144,144,288,VC_feasible,0.95,0.949,0.949,0,0.0021999772726098,,-3.456,,7.603121454139468,
ratio_sym_normal_M12_12,blockratio_theory,1728,1728,12,12,ar1,0.6,0,ar1,0.6,0,normal,normal,1,1,0,0,loglog,unequal_blocks_main_theorem,1.0,12,ratio_sym_normal_M12_12,3,10000,7,23260838,0,14,7,7,144,144,288,VC_feasible,0.99,0.9887,0.9887,0,0.0010569914853015,,-4.49279999999989,,3.6529625732019837,
ratio_sym_normal_M12_12,blockratio_theory,1728,1728,12,12,ar1,0.6,0,ar1,0.6,0,normal,normal,1,1,0,0,loglog,unequal_blocks_main_theorem,1.0,12,ratio_sym_normal_M12_12,3,10000,7,23260838,0,14,7,7,144,144,288,VCBC_feasible,0.9,0.9012,0.9012,0,0.0029839329751185,,4.14719999999993,,10.312472362009537,
ratio_sym_normal_M12_12,blockratio_theory,1728,1728,12,12,ar1,0.6,0,ar1,0.6,0,normal,normal,1,1,0,0,loglog,unequal_blocks_main_theorem,1.0,12,ratio_sym_normal_M12_12,3,10000,7,23260838,0,14,7,7,144,144,288,VCBC_feasible,0.95,0.9498,0.9498,0,0.0021835741343036,,-0.691199999999924,,7.546432208153242,
ratio_sym_normal_M12_12,blockratio_theory,1728,1728,12,12,ar1,0.6,0,ar1,0.6,0,normal,normal,1,1,0,0,loglog,unequal_blocks_main_theorem,1.0,12,ratio_sym_normal_M12_12,3,10000,7,23260838,0,14,7,7,144,144,288,VCBC_feasible,0.99,0.9892,0.9892,0,0.0010336034055671,,-2.76480000000008,,3.5721333696398974,
ratio_sym_normal_M12_12,blockratio_theory,1728,1728,12,12,ar1,0.6,0,ar1,0.6,0,normal,normal,1,1,0,0,loglog,unequal_blocks_main_theorem,1.0,12,ratio_sym_normal_M12_12,3,10000,7,23260838,0,14,7,7,144,144,288,ABEL_feasible,0.9,0.8707,0.8707,0,0.0033553168255769,,-101.2608,,11.595974949193765,
ratio_sym_normal_M12_12,blockratio_theory,1728,1728,12,12,ar1,0.6,0,ar1,0.6,0,normal,normal,1,1,0,0,loglog,unequal_blocks_main_theorem,1.0,12,ratio_sym_normal_M12_12,3,10000,7,23260838,0,14,7,7,144,144,288,ABEL_feasible,0.95,0.9301,0.9301,0,0.002549784108508,,-68.7743999999997,,8.81205387900365,
ratio_sym_normal_M12_12,blockratio_theory,1728,1728,12,12,ar1,0.6,0,ar1,0.6,0,normal,normal,1,1,0,0,loglog,unequal_blocks_main_theorem,1.0,12,ratio_sym_normal_M12_12,3,10000,7,23260838,0,14,7,7,144,144,288,ABEL_feasible,0.99,0.9819,0.9819,0,0.0013331312763565,,-27.9936,,4.607301691088064,
ratio_sym_normal_M12_12,blockratio_theory,1728,1728,12,12,ar1,0.6,0,ar1,0.6,0,normal,normal,1,1,0,0,loglog,unequal_blocks_main_theorem,1.0,12,ratio_sym_normal_M12_12,3,10000,7,23260838,0,14,7,7,144,144,288,VCABEL_feasible,0.9,0.9013,0.9013,0,0.002982587970203,,4.49279999999989,,10.307824025021569,
ratio_sym_normal_M12_12,blockratio_theory,1728,1728,12,12,ar1,0.6,0,ar1,0.6,0,normal,normal,1,1,0,0,loglog,unequal_blocks_main_theorem,1.0,12,ratio_sym_normal_M12_12,3,10000,7,23260838,0,14,7,7,144,144,288,VCABEL_feasible,0.95,0.9498,0.9498,0,0.0021835741343036,,-0.691199999999924,,7.546432208153242,
ratio_sym_normal_M12_12,blockratio_theory,1728,1728,12,12,ar1,0.6,0,ar1,0.6,0,normal,normal,1,1,0,0,loglog,unequal_blocks_main_theorem,1.0,12,ratio_sym_normal_M12_12,3,10000,7,23260838,0,14,7,7,144,144,288,VCABEL_feasible,0.99,0.9892,0.9892,0,0.0010336034055671,,-2.76480000000008,,3.5721333696398974,
ratio_sym_normal_M12_12,blockratio_theory,1728,1728,12,12,ar1,0.6,0,ar1,0.6,0,normal,normal,1,1,0,0,loglog,unequal_blocks_main_theorem,1.0,12,ratio_sym_normal_M12_12,3,10000,7,23260838,0,14,7,7,144,144,288,ABEL_fixed075,0.9,0.87,0.87,0,0.00336303434416,,-103.68,,11.62264669341696,
ratio_sym_normal_M12_12,blockratio_theory,1728,1728,12,12,ar1,0.6,0,ar1,0.6,0,normal,normal,1,1,0,0,loglog,unequal_blocks_main_theorem,1.0,12,ratio_sym_normal_M12_12,3,10000,7,23260838,0,14,7,7,144,144,288,ABEL_fixed075,0.95,0.9293,0.9293,0,0.0025632305787813,,-71.5391999999998,,8.858524880268172,
ratio_sym_normal_M12_12,blockratio_theory,1728,1728,12,12,ar1,0.6,0,ar1,0.6,0,normal,normal,1,1,0,0,loglog,unequal_blocks_main_theorem,1.0,12,ratio_sym_normal_M12_12,3,10000,7,23260838,0,14,7,7,144,144,288,ABEL_fixed075,0.99,0.9816,0.9816,0,0.0013439285695303,,-29.0303999999999,,4.644617136296716,
ratio_sym_normal_M12_12,blockratio_theory,1728,1728,12,12,ar1,0.6,0,ar1,0.6,0,normal,normal,1,1,0,0,loglog,unequal_blocks_main_theorem,1.0,12,ratio_sym_normal_M12_12,3,10000,7,23260838,0,14,7,7,144,144,288,VCABEL_fixed075_oracleVC,0.9,0.9008,0.9008,0,0.0029893035978301,,2.76480000000008,,10.331033234100826,
ratio_sym_normal_M12_12,blockratio_theory,1728,1728,12,12,ar1,0.6,0,ar1,0.6,0,normal,normal,1,1,0,0,loglog,unequal_blocks_main_theorem,1.0,12,ratio_sym_normal_M12_12,3,10000,7,23260838,0,14,7,7,144,144,288,VCABEL_fixed075_oracleVC,0.95,0.9503,0.9503,0,0.002173244348894,,1.03680000000027,,7.510732469777664,
ratio_sym_normal_M12_12,blockratio_theory,1728,1728,12,12,ar1,0.6,0,ar1,0.6,0,normal,normal,1,1,0,0,loglog,unequal_blocks_main_theorem,1.0,12,ratio_sym_normal_M12_12,3,10000,7,23260838,0,14,7,7,144,144,288,VCABEL_fixed075_oracleVC,0.99,0.9897,0.9897,0,0.0010096489488926,,-1.03679999999989,,3.489346767372826,
ratio_sym_normal_M12_12,blockratio_theory,1728,1728,12,12,ar1,0.6,0,ar1,0.6,0,normal,normal,1,1,0,0,loglog,unequal_blocks_main_theorem,1.0,12,ratio_sym_normal_M12_12,3,10000,7,23260838,0,14,7,7,144,144,288,Wald_HAC,0.9,0.8501,0.8501,0,0.0035697337435724,,-172.4544,,12.336999817786214,
ratio_sym_normal_M12_12,blockratio_theory,1728,1728,12,12,ar1,0.6,0,ar1,0.6,0,normal,normal,1,1,0,0,loglog,unequal_blocks_main_theorem,1.0,12,ratio_sym_normal_M12_12,3,10000,7,23260838,0,14,7,7,144,144,288,Wald_HAC,0.95,0.9151,0.9151,0,0.0027873282906755,,-120.6144,,9.633006572574528,
ratio_sym_normal_M12_12,blockratio_theory,1728,1728,12,12,ar1,0.6,0,ar1,0.6,0,normal,normal,1,1,0,0,loglog,unequal_blocks_main_theorem,1.0,12,ratio_sym_normal_M12_12,3,10000,7,23260838,0,14,7,7,144,144,288,Wald_HAC,0.99,0.9756,0.9756,0,0.0015428752379891,,-49.7663999999999,,5.33217682249033,
ratio_sym_normal_M12_12,blockratio_theory,1728,1728,12,12,ar1,0.6,0,ar1,0.6,0,normal,normal,1,1,0,0,loglog,unequal_blocks_main_theorem,1.0,12,ratio_sym_normal_M12_12,3,10000,7,23260838,0,14,7,7,144,144,288,Wald_oracle,0.9,0.9012,0.9012,0,0.0029839329751185,,4.14719999999993,,10.312472362009537,
ratio_sym_normal_M12_12,blockratio_theory,1728,1728,12,12,ar1,0.6,0,ar1,0.6,0,normal,normal,1,1,0,0,loglog,unequal_blocks_main_theorem,1.0,12,ratio_sym_normal_M12_12,3,10000,7,23260838,0,14,7,7,144,144,288,Wald_oracle,0.95,0.9521,0.9521,0,0.0021355465342623,,7.25759999999997,,7.380448822410509,
ratio_sym_normal_M12_12,blockratio_theory,1728,1728,12,12,ar1,0.6,0,ar1,0.6,0,normal,normal,1,1,0,0,loglog,unequal_blocks_main_theorem,1.0,12,ratio_sym_normal_M12_12,3,10000,7,23260838,0,14,7,7,144,144,288,Wald_oracle,0.99,0.9902,0.9902,0,0.0009850867982061,,0.691199999999924,,3.4044599746002815,
ratio_sym_normal_M18_8,blockratio_theory,1728,1728,18,8,ar1,0.6,0,ar1,0.6,0,normal,normal,1,1,0,0,loglog,unequal_blocks_main_theorem,2.25,12,ratio_sym_normal_M18_8,4,10000,7,24260841,0,14,7,7,96,216,312,BEL,0.9,0.8674,0.8674,0,0.0033914191719691,,-112.6656,,11.72074465832521,
ratio_sym_normal_M18_8,blockratio_theory,1728,1728,18,8,ar1,0.6,0,ar1,0.6,0,normal,normal,1,1,0,0,loglog,unequal_blocks_main_theorem,2.25,12,ratio_sym_normal_M18_8,4,10000,7,24260841,0,14,7,7,96,216,312,BEL,0.95,0.9285,0.9285,0,0.0025765820382825,,-74.3039999999999,,8.90466752430432,
ratio_sym_normal_M18_8,blockratio_theory,1728,1728,18,8,ar1,0.6,0,ar1,0.6,0,normal,normal,1,1,0,0,loglog,unequal_blocks_main_theorem,2.25,12,ratio_sym_normal_M18_8,4,10000,7,24260841,0,14,7,7,96,216,312,BEL,0.99,0.9846,0.9846,0,0.0012313748413866,,-18.6623999999999,,4.25563145183209,
ratio_sym_normal_M18_8,blockratio_theory,1728,1728,18,8,ar1,0.6,0,ar1,0.6,0,normal,normal,1,1,0,0,loglog,unequal_blocks_main_theorem,2.25,12,ratio_sym_normal_M18_8,4,10000,7,24260841,0,14,7,7,96,216,312,BC_oracle,0.9,0.8697,0.8697,0,0.0033663319800637,,-104.7168,,11.634043323100148,
ratio_sym_normal_M18_8,blockratio_theory,1728,1728,18,8,ar1,0.6,0,ar1,0.6,0,normal,normal,1,1,0,0,loglog,unequal_blocks_main_theorem,2.25,12,ratio_sym_normal_M18_8,4,10000,7,24260841,0,14,7,7,96,216,312,BC_oracle,0.95,0.9302,0.9302,0,0.0025480965444817,,-68.4287999999998,,8.806221657728754,
ratio_sym_normal_M18_8,blockratio_theory,1728,1728,18,8,ar1,0.6,0,ar1,0.6,0,normal,normal,1,1,0,0,loglog,unequal_blocks_main_theorem,2.25,12,ratio_sym_normal_M18_8,4,10000,7,24260841,0,14,7,7,96,216,312,BC_oracle,0.99,0.9852,0.9852,0,0.0012075164595151,,-16.5888000000001,,4.173176884084186,
ratio_sym_normal_M18_8,blockratio_theory,1728,1728,18,8,ar1,0.6,0,ar1,0.6,0,normal,normal,1,1,0,0,loglog,unequal_blocks_main_theorem,2.25,12,ratio_sym_normal_M18_8,4,10000,7,24260841,0,14,7,7,96,216,312,VC_oracle,0.9,0.9026,0.9026,0,0.0029650166947253,,8.98559999999978,,10.247097696970636,
ratio_sym_normal_M18_8,blockratio_theory,1728,1728,18,8,ar1,0.6,0,ar1,0.6,0,normal,normal,1,1,0,0,loglog,unequal_blocks_main_theorem,2.25,12,ratio_sym_normal_M18_8,4,10000,7,24260841,0,14,7,7,96,216,312,VC_oracle,0.95,0.9516,0.9516,0,0.0021460997180932,,5.52960000000016,,7.4169206257301,
ratio_sym_normal_M18_8,blockratio_theory,1728,1728,18,8,ar1,0.6,0,ar1,0.6,0,normal,normal,1,1,0,0,loglog,unequal_blocks_main_theorem,2.25,12,ratio_sym_normal_M18_8,4,10000,7,24260841,0,14,7,7,96,216,312,VC_oracle,0.99,0.9909,0.9909,0,0.0009495888584013,,3.11040000000004,,3.281779094634893,
ratio_sym_normal_M18_8,blockratio_theory,1728,1728,18,8,ar1,0.6,0,ar1,0.6,0,normal,normal,1,1,0,0,loglog,unequal_blocks_main_theorem,2.25,12,ratio_sym_normal_M18_8,4,10000,7,24260841,0,14,7,7,96,216,312,VCBC_oracle,0.9,0.9041,0.9041,0,0.0029445405414087,-3.312501192309125e-05,14.1696,-0.1144800412062033,10.176332111108467,0.011249636898272717
ratio_sym_normal_M18_8,blockratio_theory,1728,1728,18,8,ar1,0.6,0,ar1,0.6,0,normal,normal,1,1,0,0,loglog,unequal_blocks_main_theorem,2.25,12,ratio_sym_normal_M18_8,4,10000,7,24260841,0,14,7,7,96,216,312,VCBC_oracle,0.95,0.9525,0.9525,0,0.0021270578271405,2.042658340280904e-05,8.6400000000002,0.070594272240108,7.351111850597569,0.009603210191172567
ratio_sym_normal_M18_8,blockratio_theory,1728,1728,18,8,ar1,0.6,0,ar1,0.6,0,normal,normal,1,1,0,0,loglog,unequal_blocks_main_theorem,2.25,12,ratio_sym_normal_M18_8,4,10000,7,24260841,0,14,7,7,96,216,312,VCBC_oracle,0.99,0.9913,0.9913,0,0.000928671631956,4.085991255844441e-05,4.49279999999989,0.1412118578019838,3.209489160039936,0.04399823484688968
ratio_sym_normal_M18_8,blockratio_theory,1728,1728,18,8,ar1,0.6,0,ar1,0.6,0,normal,normal,1,1,0,0,loglog,unequal_blocks_main_theorem,2.25,12,ratio_sym_normal_M18_8,4,10000,7,24260841,0,14,7,7,96,216,312,ABEL_oracle,0.9,0.8697,0.8697,0,0.0033663319800637,,-104.7168,,11.634043323100148,
ratio_sym_normal_M18_8,blockratio_theory,1728,1728,18,8,ar1,0.6,0,ar1,0.6,0,normal,normal,1,1,0,0,loglog,unequal_blocks_main_theorem,2.25,12,ratio_sym_normal_M18_8,4,10000,7,24260841,0,14,7,7,96,216,312,ABEL_oracle,0.95,0.9301,0.9301,0,0.002549784108508,,-68.7743999999997,,8.81205387900365,
ratio_sym_normal_M18_8,blockratio_theory,1728,1728,18,8,ar1,0.6,0,ar1,0.6,0,normal,normal,1,1,0,0,loglog,unequal_blocks_main_theorem,2.25,12,ratio_sym_normal_M18_8,4,10000,7,24260841,0,14,7,7,96,216,312,ABEL_oracle,0.99,0.9852,0.9852,0,0.0012075164595151,,-16.5888000000001,,4.173176884084186,
ratio_sym_normal_M18_8,blockratio_theory,1728,1728,18,8,ar1,0.6,0,ar1,0.6,0,normal,normal,1,1,0,0,loglog,unequal_blocks_main_theorem,2.25,12,ratio_sym_normal_M18_8,4,10000,7,24260841,0,14,7,7,96,216,312,VCABEL_oracle,0.9,0.9042,0.9042,0,0.0029431676812577,-3.312501192309125e-05,14.5151999999999,-0.1144800412062033,10.171587506426611,0.01125488436626756
ratio_sym_normal_M18_8,blockratio_theory,1728,1728,18,8,ar1,0.6,0,ar1,0.6,0,normal,normal,1,1,0,0,loglog,unequal_blocks_main_theorem,2.25,12,ratio_sym_normal_M18_8,4,10000,7,24260841,0,14,7,7,96,216,312,VCABEL_oracle,0.95,0.9525,0.9525,0,0.0021270578271405,2.042658340280904e-05,8.6400000000002,0.070594272240108,7.351111850597569,0.009603210191172567
ratio_sym_normal_M18_8,blockratio_theory,1728,1728,18,8,ar1,0.6,0,ar1,0.6,0,normal,normal,1,1,0,0,loglog,unequal_blocks_main_theorem,2.25,12,ratio_sym_normal_M18_8,4,10000,7,24260841,0,14,7,7,96,216,312,VCABEL_oracle,0.99,0.9913,0.9913,0,0.000928671631956,4.085991255844441e-05,4.49279999999989,0.1412118578019838,3.209489160039936,0.04399823484688968
ratio_sym_normal_M18_8,blockratio_theory,1728,1728,18,8,ar1,0.6,0,ar1,0.6,0,normal,normal,1,1,0,0,loglog,unequal_blocks_main_theorem,2.25,12,ratio_sym_normal_M18_8,4,10000,7,24260841,0,14,7,7,96,216,312,BC_feasible,0.9,0.8697,0.8697,0,0.0033663319800637,,-104.7168,,11.634043323100148,
ratio_sym_normal_M18_8,blockratio_theory,1728,1728,18,8,ar1,0.6,0,ar1,0.6,0,normal,normal,1,1,0,0,loglog,unequal_blocks_main_theorem,2.25,12,ratio_sym_normal_M18_8,4,10000,7,24260841,0,14,7,7,96,216,312,BC_feasible,0.95,0.93,0.93,0,0.0025514701644346,,-69.1199999999997,,8.817880888285979,
ratio_sym_normal_M18_8,blockratio_theory,1728,1728,18,8,ar1,0.6,0,ar1,0.6,0,normal,normal,1,1,0,0,loglog,unequal_blocks_main_theorem,2.25,12,ratio_sym_normal_M18_8,4,10000,7,24260841,0,14,7,7,96,216,312,BC_feasible,0.99,0.9851,0.9851,0,0.0012115275481804,,-16.9344000000001,,4.1870392065114626,
ratio_sym_normal_M18_8,blockratio_theory,1728,1728,18,8,ar1,0.6,0,ar1,0.6,0,normal,normal,1,1,0,0,loglog,unequal_blocks_main_theorem,2.25,12,ratio_sym_normal_M18_8,4,10000,7,24260841,0,14,7,7,96,216,312,VC_feasible,0.9,0.9029,0.9029,0,0.0029609388713717,,10.0224,,10.233004739460595,
ratio_sym_normal_M18_8,blockratio_theory,1728,1728,18,8,ar1,0.6,0,ar1,0.6,0,normal,normal,1,1,0,0,loglog,unequal_blocks_main_theorem,2.25,12,ratio_sym_normal_M18_8,4,10000,7,24260841,0,14,7,7,96,216,312,VC_feasible,0.95,0.9516,0.9516,0,0.0021460997180932,,5.52960000000016,,7.4169206257301,
ratio_sym_normal_M18_8,blockratio_theory,1728,1728,18,8,ar1,0.6,0,ar1,0.6,0,normal,normal,1,1,0,0,loglog,unequal_blocks_main_theorem,2.25,12,ratio_sym_normal_M18_8,4,10000,7,24260841,0,14,7,7,96,216,312,VC_feasible,0.99,0.9909,0.9909,0,0.0009495888584013,,3.11040000000004,,3.281779094634893,
ratio_sym_normal_M18_8,blockratio_theory,1728,1728,18,8,ar1,0.6,0,ar1,0.6,0,normal,normal,1,1,0,0,loglog,unequal_blocks_main_theorem,2.25,12,ratio_sym_normal_M18_8,4,10000,7,24260841,0,14,7,7,96,216,312,VCBC_feasible,0.9,0.9043,0.9043,0,0.0029417938404993,,14.8607999999999,,10.16683951276558,
ratio_sym_normal_M18_8,blockratio_theory,1728,1728,18,8,ar1,0.6,0,ar1,0.6,0,normal,normal,1,1,0,0,loglog,unequal_blocks_main_theorem,2.25,12,ratio_sym_normal_M18_8,4,10000,7,24260841,0,14,7,7,96,216,312,VCBC_feasible,0.95,0.9532,0.9532,0,0.0021121022702511,,11.0592000000003,,7.299425445987802,
ratio_sym_normal_M18_8,blockratio_theory,1728,1728,18,8,ar1,0.6,0,ar1,0.6,0,normal,normal,1,1,0,0,loglog,unequal_blocks_main_theorem,2.25,12,ratio_sym_normal_M18_8,4,10000,7,24260841,0,14,7,7,96,216,312,VCBC_feasible,0.99,0.9914,0.9914,0,0.0009233655830709,,4.83839999999985,,3.1911514550930304,
ratio_sym_normal_M18_8,blockratio_theory,1728,1728,18,8,ar1,0.6,0,ar1,0.6,0,normal,normal,1,1,0,0,loglog,unequal_blocks_main_theorem,2.25,12,ratio_sym_normal_M18_8,4,10000,7,24260841,0,14,7,7,96,216,312,ABEL_feasible,0.9,0.8696,0.8696,0,0.0033674298804874,,-105.0624,,11.637837666964455,
ratio_sym_normal_M18_8,blockratio_theory,1728,1728,18,8,ar1,0.6,0,ar1,0.6,0,normal,normal,1,1,0,0,loglog,unequal_blocks_main_theorem,2.25,12,ratio_sym_normal_M18_8,4,10000,7,24260841,0,14,7,7,96,216,312,ABEL_feasible,0.95,0.9301,0.9301,0,0.002549784108508,,-68.7743999999997,,8.81205387900365,
ratio_sym_normal_M18_8,blockratio_theory,1728,1728,18,8,ar1,0.6,0,ar1,0.6,0,normal,normal,1,1,0,0,loglog,unequal_blocks_main_theorem,2.25,12,ratio_sym_normal_M18_8,4,10000,7,24260841,0,14,7,7,96,216,312,ABEL_feasible,0.99,0.9851,0.9851,0,0.0012115275481804,,-16.9344000000001,,4.1870392065114626,
ratio_sym_normal_M18_8,blockratio_theory,1728,1728,18,8,ar1,0.6,0,ar1,0.6,0,normal,normal,1,1,0,0,loglog,unequal_blocks_main_theorem,2.25,12,ratio_sym_normal_M18_8,4,10000,7,24260841,0,14,7,7,96,216,312,VCABEL_feasible,0.9,0.9043,0.9043,0,0.0029417938404993,,14.8607999999999,,10.16683951276558,
ratio_sym_normal_M18_8,blockratio_theory,1728,1728,18,8,ar1,0.6,0,ar1,0.6,0,normal,normal,1,1,0,0,loglog,unequal_blocks_main_theorem,2.25,12,ratio_sym_normal_M18_8,4,10000,7,24260841,0,14,7,7,96,216,312,VCABEL_feasible,0.95,0.9532,0.9532,0,0.0021121022702511,,11.0592000000003,,7.299425445987802,
ratio_sym_normal_M18_8,blockratio_theory,1728,1728,18,8,ar1,0.6,0,ar1,0.6,0,normal,normal,1,1,0,0,loglog,unequal_blocks_main_theorem,2.25,12,ratio_sym_normal_M18_8,4,10000,7,24260841,0,14,7,7,96,216,312,VCABEL_feasible,0.99,0.9914,0.9914,0,0.0009233655830709,,4.83839999999985,,3.1911514550930304,
ratio_sym_normal_M18_8,blockratio_theory,1728,1728,18,8,ar1,0.6,0,ar1,0.6,0,normal,normal,1,1,0,0,loglog,unequal_blocks_main_theorem,2.25,12,ratio_sym_normal_M18_8,4,10000,7,24260841,0,14,7,7,96,216,312,ABEL_fixed075,0.9,0.8686,0.8686,0,0.0033783729811848,,-108.5184,,11.675657022974669,
ratio_sym_normal_M18_8,blockratio_theory,1728,1728,18,8,ar1,0.6,0,ar1,0.6,0,normal,normal,1,1,0,0,loglog,unequal_blocks_main_theorem,2.25,12,ratio_sym_normal_M18_8,4,10000,7,24260841,0,14,7,7,96,216,312,ABEL_fixed075,0.95,0.9294,0.9294,0,0.0025615549964816,,-71.1935999999998,,8.85273406784041,
ratio_sym_normal_M18_8,blockratio_theory,1728,1728,18,8,ar1,0.6,0,ar1,0.6,0,normal,normal,1,1,0,0,loglog,unequal_blocks_main_theorem,2.25,12,ratio_sym_normal_M18_8,4,10000,7,24260841,0,14,7,7,96,216,312,ABEL_fixed075,0.99,0.985,0.985,0,0.0012155245781143,,-17.28,,4.200852941963021,
ratio_sym_normal_M18_8,blockratio_theory,1728,1728,18,8,ar1,0.6,0,ar1,0.6,0,normal,normal,1,1,0,0,loglog,unequal_blocks_main_theorem,2.25,12,ratio_sym_normal_M18_8,4,10000,7,24260841,0,14,7,7,96,216,312,VCABEL_fixed075_oracleVC,0.9,0.9035,0.9035,0,0.0029527571860889,,12.0959999999998,,10.204728835123237,
ratio_sym_normal_M18_8,blockratio_theory,1728,1728,18,8,ar1,0.6,0,ar1,0.6,0,normal,normal,1,1,0,0,loglog,unequal_blocks_main_theorem,2.25,12,ratio_sym_normal_M18_8,4,10000,7,24260841,0,14,7,7,96,216,312,VCABEL_fixed075_oracleVC,0.95,0.952,0.952,0,0.0021376622745419,,6.91200000000001,,7.387760820816806,
ratio_sym_normal_M18_8,blockratio_theory,1728,1728,18,8,ar1,0.6,0,ar1,0.6,0,normal,normal,1,1,0,0,loglog,unequal_blocks_main_theorem,2.25,12,ratio_sym_normal_M18_8,4,10000,7,24260841,0,14,7,7,96,216,312,VCABEL_fixed075_oracleVC,0.99,0.991,0.991,0,0.0009444045743218,,3.456,,3.263862208856141,
ratio_sym_normal_M18_8,blockratio_theory,1728,1728,18,8,ar1,0.6,0,ar1,0.6,0,normal,normal,1,1,0,0,loglog,unequal_blocks_main_theorem,2.25,12,ratio_sym_normal_M18_8,4,10000,7,24260841,0,14,7,7,96,216,312,Wald_HAC,0.9,0.8532,0.8532,0,0.0035390642831121,,-161.7408,,12.231006162435417,
ratio_sym_normal_M18_8,blockratio_theory,1728,1728,18,8,ar1,0.6,0,ar1,0.6,0,normal,normal,1,1,0,0,loglog,unequal_blocks_main_theorem,2.25,12,ratio_sym_normal_M18_8,4,10000,7,24260841,0,14,7,7,96,216,312,Wald_HAC,0.95,0.917,0.917,0,0.0027588222124667,,-114.048,,9.534489566284915,
ratio_sym_normal_M18_8,blockratio_theory,1728,1728,18,8,ar1,0.6,0,ar1,0.6,0,normal,normal,1,1,0,0,loglog,unequal_blocks_main_theorem,2.25,12,ratio_sym_normal_M18_8,4,10000,7,24260841,0,14,7,7,96,216,312,Wald_HAC,0.99,0.9799,0.9799,0,0.0014034240271564,,-34.9056,,4.850233437852519,
ratio_sym_normal_M18_8,blockratio_theory,1728,1728,18,8,ar1,0.6,0,ar1,0.6,0,normal,normal,1,1,0,0,loglog,unequal_blocks_main_theorem,2.25,12,ratio_sym_normal_M18_8,4,10000,7,24260841,0,14,7,7,96,216,312,Wald_oracle,0.9,0.9048,0.9048,0,0.0029349098793659,,16.5888000000001,,10.14304854308855,
ratio_sym_normal_M18_8,blockratio_theory,1728,1728,18,8,ar1,0.6,0,ar1,0.6,0,normal,normal,1,1,0,0,loglog,unequal_blocks_main_theorem,2.25,12,ratio_sym_normal_M18_8,4,10000,7,24260841,0,14,7,7,96,216,312,Wald_oracle,0.95,0.9533,0.9533,0,0.0021099552127948,,11.4048000000003,,7.292005215418829,
ratio_sym_normal_M18_8,blockratio_theory,1728,1728,18,8,ar1,0.6,0,ar1,0.6,0,normal,normal,1,1,0,0,loglog,unequal_blocks_main_theorem,2.25,12,ratio_sym_normal_M18_8,4,10000,7,24260841,0,14,7,7,96,216,312,Wald_oracle,0.99,0.9919,0.9919,0,0.0008963475888292,,6.56640000000004,,3.097777266993715,
ratio_sym_normal_M24_6,blockratio_theory,1728,1728,24,6,ar1,0.6,0,ar1,0.6,0,normal,normal,1,1,0,0,loglog,unequal_blocks_main_theorem,4.0,12,ratio_sym_normal_M24_6,5,10000,7,25260844,0,14,7,7,72,288,360,BEL,0.9,0.8629,0.8629,0,0.0034395288921595,,-128.2176,,11.887011851303233,
ratio_sym_normal_M24_6,blockratio_theory,1728,1728,24,6,ar1,0.6,0,ar1,0.6,0,normal,normal,1,1,0,0,loglog,unequal_blocks_main_theorem,4.0,12,ratio_sym_normal_M24_6,5,10000,7,25260844,0,14,7,7,72,288,360,BEL,0.95,0.9218,0.9218,0,0.0026848605177923,,-97.4592,,9.27887794949019,
ratio_sym_normal_M24_6,blockratio_theory,1728,1728,24,6,ar1,0.6,0,ar1,0.6,0,normal,normal,1,1,0,0,loglog,unequal_blocks_main_theorem,4.0,12,ratio_sym_normal_M24_6,5,10000,7,25260844,0,14,7,7,72,288,360,BEL,0.99,0.9811,0.9811,0,0.001361719134036,,-30.7584000000001,,4.706101327228415,
ratio_sym_normal_M24_6,blockratio_theory,1728,1728,24,6,ar1,0.6,0,ar1,0.6,0,normal,normal,1,1,0,0,loglog,unequal_blocks_main_theorem,4.0,12,ratio_sym_normal_M24_6,5,10000,7,25260844,0,14,7,7,72,288,360,BC_oracle,0.9,0.8646,0.8646,0,0.003421503178429,,-122.3424,,11.824714984650624,
ratio_sym_normal_M24_6,blockratio_theory,1728,1728,24,6,ar1,0.6,0,ar1,0.6,0,normal,normal,1,1,0,0,loglog,unequal_blocks_main_theorem,4.0,12,ratio_sym_normal_M24_6,5,10000,7,25260844,0,14,7,7,72,288,360,BC_oracle,0.95,0.9236,0.9236,0,0.0026563704560923,,-91.2383999999999,,9.18041629625499,
ratio_sym_normal_M24_6,blockratio_theory,1728,1728,24,6,ar1,0.6,0,ar1,0.6,0,normal,normal,1,1,0,0,loglog,unequal_blocks_main_theorem,4.0,12,ratio_sym_normal_M24_6,5,10000,7,25260844,0,14,7,7,72,288,360,BC_oracle,0.99,0.9819,0.9819,0,0.0013331312763565,,-27.9936,,4.607301691088064,
ratio_sym_normal_M24_6,blockratio_theory,1728,1728,24,6,ar1,0.6,0,ar1,0.6,0,normal,normal,1,1,0,0,loglog,unequal_blocks_main_theorem,4.0,12,ratio_sym_normal_M24_6,5,10000,7,25260844,0,14,7,7,72,288,360,VC_oracle,0.9,0.8991,0.8991,0,0.0030119626491708,,-3.11040000000004,,10.409342915534285,
ratio_sym_normal_M24_6,blockratio_theory,1728,1728,24,6,ar1,0.6,0,ar1,0.6,0,normal,normal,1,1,0,0,loglog,unequal_blocks_main_theorem,4.0,12,ratio_sym_normal_M24_6,5,10000,7,25260844,0,14,7,7,72,288,360,VC_oracle,0.95,0.9484,0.9484,0,0.0022121808244354,,-5.52959999999977,,7.645296929248742,
ratio_sym_normal_M24_6,blockratio_theory,1728,1728,24,6,ar1,0.6,0,ar1,0.6,0,normal,normal,1,1,0,0,loglog,unequal_blocks_main_theorem,4.0,12,ratio_sym_normal_M24_6,5,10000,7,25260844,0,14,7,7,72,288,360,VC_oracle,0.99,0.9906,0.9906,0,0.0009649683932647,,2.07360000000016,,3.334930767122803,
ratio_sym_normal_M24_6,blockratio_theory,1728,1728,24,6,ar1,0.6,0,ar1,0.6,0,normal,normal,1,1,0,0,loglog,unequal_blocks_main_theorem,4.0,12,ratio_sym_normal_M24_6,5,10000,7,25260844,0,14,7,7,72,288,360,VCBC_oracle,0.9,0.9003,0.9003,0,0.0029959958277674,2.6971661859306575e-05,1.03679999999989,0.0932140633857635,10.354161580764135,0.009002569899907272
ratio_sym_normal_M24_6,blockratio_theory,1728,1728,24,6,ar1,0.6,0,ar1,0.6,0,normal,normal,1,1,0,0,loglog,unequal_blocks_main_theorem,4.0,12,ratio_sym_normal_M24_6,5,10000,7,25260844,0,14,7,7,72,288,360,VCBC_oracle,0.95,0.9502,0.9502,0,0.0021753151495817,7.80437702790822e-05,0.691200000000308,0.269719270084508,7.517889156954356,0.03587699478583116
ratio_sym_normal_M24_6,blockratio_theory,1728,1728,24,6,ar1,0.6,0,ar1,0.6,0,normal,normal,1,1,0,0,loglog,unequal_blocks_main_theorem,4.0,12,ratio_sym_normal_M24_6,5,10000,7,25260844,0,14,7,7,72,288,360,VCBC_oracle,0.99,0.9907,0.9907,0,0.0009598703037389,7.321717036789796e-05,2.41920000000012,0.2530385407914553,3.317311769721638,0.07627819100424446
ratio_sym_normal_M24_6,blockratio_theory,1728,1728,24,6,ar1,0.6,0,ar1,0.6,0,normal,normal,1,1,0,0,loglog,unequal_blocks_main_theorem,4.0,12,ratio_sym_normal_M24_6,5,10000,7,25260844,0,14,7,7,72,288,360,ABEL_oracle,0.9,0.8646,0.8646,0,0.003421503178429,,-122.3424,,11.824714984650624,
ratio_sym_normal_M24_6,blockratio_theory,1728,1728,24,6,ar1,0.6,0,ar1,0.6,0,normal,normal,1,1,0,0,loglog,unequal_blocks_main_theorem,4.0,12,ratio_sym_normal_M24_6,5,10000,7,25260844,0,14,7,7,72,288,360,ABEL_oracle,0.95,0.9236,0.9236,0,0.0026563704560923,,-91.2383999999999,,9.18041629625499,
ratio_sym_normal_M24_6,blockratio_theory,1728,1728,24,6,ar1,0.6,0,ar1,0.6,0,normal,normal,1,1,0,0,loglog,unequal_blocks_main_theorem,4.0,12,ratio_sym_normal_M24_6,5,10000,7,25260844,0,14,7,7,72,288,360,ABEL_oracle,0.99,0.9819,0.9819,0,0.0013331312763565,,-27.9936,,4.607301691088064,
ratio_sym_normal_M24_6,blockratio_theory,1728,1728,24,6,ar1,0.6,0,ar1,0.6,0,normal,normal,1,1,0,0,loglog,unequal_blocks_main_theorem,4.0,12,ratio_sym_normal_M24_6,5,10000,7,25260844,0,14,7,7,72,288,360,VCABEL_oracle,0.9,0.9003,0.9003,0,0.0029959958277674,2.6971661859306575e-05,1.03679999999989,0.0932140633857635,10.354161580764135,0.009002569899907272
ratio_sym_normal_M24_6,blockratio_theory,1728,1728,24,6,ar1,0.6,0,ar1,0.6,0,normal,normal,1,1,0,0,loglog,unequal_blocks_main_theorem,4.0,12,ratio_sym_normal_M24_6,5,10000,7,25260844,0,14,7,7,72,288,360,VCABEL_oracle,0.95,0.9502,0.9502,0,0.0021753151495817,7.80437702790822e-05,0.691200000000308,0.269719270084508,7.517889156954356,0.03587699478583116
ratio_sym_normal_M24_6,blockratio_theory,1728,1728,24,6,ar1,0.6,0,ar1,0.6,0,normal,normal,1,1,0,0,loglog,unequal_blocks_main_theorem,4.0,12,ratio_sym_normal_M24_6,5,10000,7,25260844,0,14,7,7,72,288,360,VCABEL_oracle,0.99,0.9907,0.9907,0,0.0009598703037389,7.321717036789796e-05,2.41920000000012,0.2530385407914553,3.317311769721638,0.07627819100424446
ratio_sym_normal_M24_6,blockratio_theory,1728,1728,24,6,ar1,0.6,0,ar1,0.6,0,normal,normal,1,1,0,0,loglog,unequal_blocks_main_theorem,4.0,12,ratio_sym_normal_M24_6,5,10000,7,25260844,0,14,7,7,72,288,360,BC_feasible,0.9,0.8646,0.8646,0,0.003421503178429,,-122.3424,,11.824714984650624,
ratio_sym_normal_M24_6,blockratio_theory,1728,1728,24,6,ar1,0.6,0,ar1,0.6,0,normal,normal,1,1,0,0,loglog,unequal_blocks_main_theorem,4.0,12,ratio_sym_normal_M24_6,5,10000,7,25260844,0,14,7,7,72,288,360,BC_feasible,0.95,0.9234,0.9234,0,0.0026595571059858,,-91.9295999999999,,9.191429358286925,
ratio_sym_normal_M24_6,blockratio_theory,1728,1728,24,6,ar1,0.6,0,ar1,0.6,0,normal,normal,1,1,0,0,loglog,unequal_blocks_main_theorem,4.0,12,ratio_sym_normal_M24_6,5,10000,7,25260844,0,14,7,7,72,288,360,BC_feasible,0.99,0.982,0.982,0,0.0013295111883696,,-27.648,,4.594790667005338,
ratio_sym_normal_M24_6,blockratio_theory,1728,1728,24,6,ar1,0.6,0,ar1,0.6,0,normal,normal,1,1,0,0,loglog,unequal_blocks_main_theorem,4.0,12,ratio_sym_normal_M24_6,5,10000,7,25260844,0,14,7,7,72,288,360,VC_feasible,0.9,0.8991,0.8991,0,0.0030119626491708,,-3.11040000000004,,10.409342915534285,
ratio_sym_normal_M24_6,blockratio_theory,1728,1728,24,6,ar1,0.6,0,ar1,0.6,0,normal,normal,1,1,0,0,loglog,unequal_blocks_main_theorem,4.0,12,ratio_sym_normal_M24_6,5,10000,7,25260844,0,14,7,7,72,288,360,VC_feasible,0.95,0.9482,0.9482,0,0.0022162301324546,,-6.2207999999997,,7.659291337763097,
ratio_sym_normal_M24_6,blockratio_theory,1728,1728,24,6,ar1,0.6,0,ar1,0.6,0,normal,normal,1,1,0,0,loglog,unequal_blocks_main_theorem,4.0,12,ratio_sym_normal_M24_6,5,10000,7,25260844,0,14,7,7,72,288,360,VC_feasible,0.99,0.9901,0.9901,0,0.0009900499987374,,0.345599999999962,,3.4216127956364546,
ratio_sym_normal_M24_6,blockratio_theory,1728,1728,24,6,ar1,0.6,0,ar1,0.6,0,normal,normal,1,1,0,0,loglog,unequal_blocks_main_theorem,4.0,12,ratio_sym_normal_M24_6,5,10000,7,25260844,0,14,7,7,72,288,360,VCBC_feasible,0.9,0.9004,0.9004,0,0.0029946592460578,,1.38239999999985,,10.349542354375757,
ratio_sym_normal_M24_6,blockratio_theory,1728,1728,24,6,ar1,0.6,0,ar1,0.6,0,normal,normal,1,1,0,0,loglog,unequal_blocks_main_theorem,4.0,12,ratio_sym_normal_M24_6,5,10000,7,25260844,0,14,7,7,72,288,360,VCBC_feasible,0.95,0.9493,0.9493,0,0.0021938438868798,,-2.41919999999973,,7.581924473056589,
ratio_sym_normal_M24_6,blockratio_theory,1728,1728,24,6,ar1,0.6,0,ar1,0.6,0,normal,normal,1,1,0,0,loglog,unequal_blocks_main_theorem,4.0,12,ratio_sym_normal_M24_6,5,10000,7,25260844,0,14,7,7,72,288,360,VCBC_feasible,0.99,0.9906,0.9906,0,0.0009649683932647,,2.07360000000016,,3.334930767122803,
ratio_sym_normal_M24_6,blockratio_theory,1728,1728,24,6,ar1,0.6,0,ar1,0.6,0,normal,normal,1,1,0,0,loglog,unequal_blocks_main_theorem,4.0,12,ratio_sym_normal_M24_6,5,10000,7,25260844,0,14,7,7,72,288,360,ABEL_feasible,0.9,0.8646,0.8646,0,0.003421503178429,,-122.3424,,11.824714984650624,
ratio_sym_normal_M24_6,blockratio_theory,1728,1728,24,6,ar1,0.6,0,ar1,0.6,0,normal,normal,1,1,0,0,loglog,unequal_blocks_main_theorem,4.0,12,ratio_sym_normal_M24_6,5,10000,7,25260844,0,14,7,7,72,288,360,ABEL_feasible,0.95,0.9235,0.9235,0,0.0026579644467148,,-91.5839999999999,,9.18592512784635,
ratio_sym_normal_M24_6,blockratio_theory,1728,1728,24,6,ar1,0.6,0,ar1,0.6,0,normal,normal,1,1,0,0,loglog,unequal_blocks_main_theorem,4.0,12,ratio_sym_normal_M24_6,5,10000,7,25260844,0,14,7,7,72,288,360,ABEL_feasible,0.99,0.982,0.982,0,0.0013295111883696,,-27.648,,4.594790667005338,
ratio_sym_normal_M24_6,blockratio_theory,1728,1728,24,6,ar1,0.6,0,ar1,0.6,0,normal,normal,1,1,0,0,loglog,unequal_blocks_main_theorem,4.0,12,ratio_sym_normal_M24_6,5,10000,7,25260844,0,14,7,7,72,288,360,VCABEL_feasible,0.9,0.9004,0.9004,0,0.0029946592460578,,1.38239999999985,,10.349542354375757,
ratio_sym_normal_M24_6,blockratio_theory,1728,1728,24,6,ar1,0.6,0,ar1,0.6,0,normal,normal,1,1,0,0,loglog,unequal_blocks_main_theorem,4.0,12,ratio_sym_normal_M24_6,5,10000,7,25260844,0,14,7,7,72,288,360,VCABEL_feasible,0.95,0.9493,0.9493,0,0.0021938438868798,,-2.41919999999973,,7.581924473056589,
ratio_sym_normal_M24_6,blockratio_theory,1728,1728,24,6,ar1,0.6,0,ar1,0.6,0,normal,normal,1,1,0,0,loglog,unequal_blocks_main_theorem,4.0,12,ratio_sym_normal_M24_6,5,10000,7,25260844,0,14,7,7,72,288,360,VCABEL_feasible,0.99,0.9906,0.9906,0,0.0009649683932647,,2.07360000000016,,3.334930767122803,
ratio_sym_normal_M24_6,blockratio_theory,1728,1728,24,6,ar1,0.6,0,ar1,0.6,0,normal,normal,1,1,0,0,loglog,unequal_blocks_main_theorem,4.0,12,ratio_sym_normal_M24_6,5,10000,7,25260844,0,14,7,7,72,288,360,ABEL_fixed075,0.9,0.8633,0.8633,0,0.0034353036255911,,-126.8352,,11.872409330042842,
ratio_sym_normal_M24_6,blockratio_theory,1728,1728,24,6,ar1,0.6,0,ar1,0.6,0,normal,normal,1,1,0,0,loglog,unequal_blocks_main_theorem,4.0,12,ratio_sym_normal_M24_6,5,10000,7,25260844,0,14,7,7,72,288,360,ABEL_fixed075,0.95,0.9226,0.9226,0,0.0026722507367386,,-94.6943999999999,,9.235298546168602,
ratio_sym_normal_M24_6,blockratio_theory,1728,1728,24,6,ar1,0.6,0,ar1,0.6,0,normal,normal,1,1,0,0,loglog,unequal_blocks_main_theorem,4.0,12,ratio_sym_normal_M24_6,5,10000,7,25260844,0,14,7,7,72,288,360,ABEL_fixed075,0.99,0.9812,0.9812,0,0.0013581811366677,,-30.4128000000001,,4.693874008323571,
ratio_sym_normal_M24_6,blockratio_theory,1728,1728,24,6,ar1,0.6,0,ar1,0.6,0,normal,normal,1,1,0,0,loglog,unequal_blocks_main_theorem,4.0,12,ratio_sym_normal_M24_6,5,10000,7,25260844,0,14,7,7,72,288,360,VCABEL_fixed075_oracleVC,0.9,0.8994,0.8994,0,0.0030079833776136,,-2.07360000000016,,10.395590553032603,
ratio_sym_normal_M24_6,blockratio_theory,1728,1728,24,6,ar1,0.6,0,ar1,0.6,0,normal,normal,1,1,0,0,loglog,unequal_blocks_main_theorem,4.0,12,ratio_sym_normal_M24_6,5,10000,7,25260844,0,14,7,7,72,288,360,VCABEL_fixed075_oracleVC,0.95,0.949,0.949,0,0.0021999772726098,,-3.456,,7.603121454139468,
ratio_sym_normal_M24_6,blockratio_theory,1728,1728,24,6,ar1,0.6,0,ar1,0.6,0,normal,normal,1,1,0,0,loglog,unequal_blocks_main_theorem,4.0,12,ratio_sym_normal_M24_6,5,10000,7,25260844,0,14,7,7,72,288,360,VCABEL_fixed075_oracleVC,0.99,0.9907,0.9907,0,0.0009598703037389,,2.41920000000012,,3.317311769721638,
ratio_sym_normal_M24_6,blockratio_theory,1728,1728,24,6,ar1,0.6,0,ar1,0.6,0,normal,normal,1,1,0,0,loglog,unequal_blocks_main_theorem,4.0,12,ratio_sym_normal_M24_6,5,10000,7,25260844,0,14,7,7,72,288,360,Wald_HAC,0.9,0.8503,0.8503,0,0.0035677711529749,,-171.7632,,12.330217104681255,
ratio_sym_normal_M24_6,blockratio_theory,1728,1728,24,6,ar1,0.6,0,ar1,0.6,0,normal,normal,1,1,0,0,loglog,unequal_blocks_main_theorem,4.0,12,ratio_sym_normal_M24_6,5,10000,7,25260844,0,14,7,7,72,288,360,Wald_HAC,0.95,0.9143,0.9143,0,0.0027992054229727,,-123.3792,,9.674053941793652,
ratio_sym_normal_M24_6,blockratio_theory,1728,1728,24,6,ar1,0.6,0,ar1,0.6,0,normal,normal,1,1,0,0,loglog,unequal_blocks_main_theorem,4.0,12,ratio_sym_normal_M24_6,5,10000,7,25260844,0,14,7,7,72,288,360,Wald_HAC,0.99,0.9782,0.9782,0,0.0014602999691844,,-40.7808000000001,,5.046796693501286,
ratio_sym_normal_M24_6,blockratio_theory,1728,1728,24,6,ar1,0.6,0,ar1,0.6,0,normal,normal,1,1,0,0,loglog,unequal_blocks_main_theorem,4.0,12,ratio_sym_normal_M24_6,5,10000,7,25260844,0,14,7,7,72,288,360,Wald_oracle,0.9,0.9025,0.9025,0,0.0029663740492392,,8.63999999999982,,10.251788714170674,
ratio_sym_normal_M24_6,blockratio_theory,1728,1728,24,6,ar1,0.6,0,ar1,0.6,0,normal,normal,1,1,0,0,loglog,unequal_blocks_main_theorem,4.0,12,ratio_sym_normal_M24_6,5,10000,7,25260844,0,14,7,7,72,288,360,Wald_oracle,0.95,0.9502,0.9502,0,0.0021753151495817,,0.691200000000308,,7.517889156954356,
ratio_sym_normal_M24_6,blockratio_theory,1728,1728,24,6,ar1,0.6,0,ar1,0.6,0,normal,normal,1,1,0,0,loglog,unequal_blocks_main_theorem,4.0,12,ratio_sym_normal_M24_6,5,10000,7,25260844,0,14,7,7,72,288,360,Wald_oracle,0.99,0.9916,0.9916,0,0.0009126576576131,,5.52960000000016,,3.1541448647108736,
ratio_asym_normal_M6_24,blockratio_theory,1728,1728,6,24,ar1,0.2,0,ar1,0.8,0,normal,normal,1,1,0,0,loglog,unequal_blocks_main_theorem,0.25,12,ratio_asym_normal_M6_24,6,10000,7,26260847,0,14,7,7,288,72,360,BEL,0.9,0.8715,0.8715,0,0.0033464570817507,,-98.4959999999999,,11.56535567453042,
ratio_asym_normal_M6_24,blockratio_theory,1728,1728,6,24,ar1,0.2,0,ar1,0.8,0,normal,normal,1,1,0,0,loglog,unequal_blocks_main_theorem,0.25,12,ratio_asym_normal_M6_24,6,10000,7,26260847,0,14,7,7,288,72,360,BEL,0.95,0.929,0.929,0,0.0025682484303509,,-72.5759999999997,,8.87586657529271,
ratio_asym_normal_M6_24,blockratio_theory,1728,1728,6,24,ar1,0.2,0,ar1,0.8,0,normal,normal,1,1,0,0,loglog,unequal_blocks_main_theorem,0.25,12,ratio_asym_normal_M6_24,6,10000,7,26260847,0,14,7,7,288,72,360,BEL,0.99,0.9836,0.9836,0,0.0012700803124212,,-22.1183999999999,,4.3893975597276675,
ratio_asym_normal_M6_24,blockratio_theory,1728,1728,6,24,ar1,0.2,0,ar1,0.8,0,normal,normal,1,1,0,0,loglog,unequal_blocks_main_theorem,0.25,12,ratio_asym_normal_M6_24,6,10000,7,26260847,0,14,7,7,288,72,360,BC_oracle,0.9,0.8733,0.8733,0,0.0033263660351801,,-92.2752000000002,,11.495921017582425,
ratio_asym_normal_M6_24,blockratio_theory,1728,1728,6,24,ar1,0.2,0,ar1,0.8,0,normal,normal,1,1,0,0,loglog,unequal_blocks_main_theorem,0.25,12,ratio_asym_normal_M6_24,6,10000,7,26260847,0,14,7,7,288,72,360,BC_oracle,0.95,0.9311,0.9311,0,0.0025328401054942,,-65.3183999999997,,8.753495404587955,
ratio_asym_normal_M6_24,blockratio_theory,1728,1728,6,24,ar1,0.2,0,ar1,0.8,0,normal,normal,1,1,0,0,loglog,unequal_blocks_main_theorem,0.25,12,ratio_asym_normal_M6_24,6,10000,7,26260847,0,14,7,7,288,72,360,BC_oracle,0.99,0.9842,0.9842,0,0.0012470108259353,,-20.0448000000001,,4.309669414432396,
ratio_asym_normal_M6_24,blockratio_theory,1728,1728,6,24,ar1,0.2,0,ar1,0.8,0,normal,normal,1,1,0,0,loglog,unequal_blocks_main_theorem,0.25,12,ratio_asym_normal_M6_24,6,10000,7,26260847,0,14,7,7,288,72,360,VC_oracle,0.9,0.8928,0.8928,0,0.0030936735445098,,-24.8831999999999,,10.691735769825868,
ratio_asym_normal_M6_24,blockratio_theory,1728,1728,6,24,ar1,0.2,0,ar1,0.8,0,normal,normal,1,1,0,0,loglog,unequal_blocks_main_theorem,0.25,12,ratio_asym_normal_M6_24,6,10000,7,26260847,0,14,7,7,288,72,360,VC_oracle,0.95,0.9492,0.9492,0,0.0021958907076628,,-2.7647999999997,,7.588998285682638,
ratio_asym_normal_M6_24,blockratio_theory,1728,1728,6,24,ar1,0.2,0,ar1,0.8,0,normal,normal,1,1,0,0,loglog,unequal_blocks_main_theorem,0.25,12,ratio_asym_normal_M6_24,6,10000,7,26260847,0,14,7,7,288,72,360,VC_oracle,0.99,0.9895,0.9895,0,0.0010193012312363,,-1.72799999999981,,3.5227050551526533,
ratio_asym_normal_M6_24,blockratio_theory,1728,1728,6,24,ar1,0.2,0,ar1,0.8,0,normal,normal,1,1,0,0,loglog,unequal_blocks_main_theorem,0.25,12,ratio_asym_normal_M6_24,6,10000,7,26260847,0,14,7,7,288,72,360,VCBC_oracle,0.9,0.8943,0.8943,0,0.0030745326474116,-0.0001117686746322,-19.6992000000001,-0.3862725395292133,10.625584829454489,0.03635306157063962
ratio_asym_normal_M6_24,blockratio_theory,1728,1728,6,24,ar1,0.2,0,ar1,0.8,0,normal,normal,1,1,0,0,loglog,unequal_blocks_main_theorem,0.25,12,ratio_asym_normal_M6_24,6,10000,7,26260847,0,14,7,7,288,72,360,VCBC_oracle,0.95,0.9503,0.9503,0,0.002173244348894,-4.319725469909535e-05,1.03680000000027,-0.1492897122400735,7.510732469777664,0.019876851271270597
ratio_asym_normal_M6_24,blockratio_theory,1728,1728,6,24,ar1,0.2,0,ar1,0.8,0,normal,normal,1,1,0,0,loglog,unequal_blocks_main_theorem,0.25,12,ratio_asym_normal_M6_24,6,10000,7,26260847,0,14,7,7,288,72,360,VCBC_oracle,0.99,0.9902,0.9902,0,0.0009850867982061,1.1760672947796614e-05,0.691199999999924,0.0406448857075851,3.4044599746002815,0.011938717450293193
ratio_asym_normal_M6_24,blockratio_theory,1728,1728,6,24,ar1,0.2,0,ar1,0.8,0,normal,normal,1,1,0,0,loglog,unequal_blocks_main_theorem,0.25,12,ratio_asym_normal_M6_24,6,10000,7,26260847,0,14,7,7,288,72,360,ABEL_oracle,0.9,0.8734,0.8734,0,0.0033252434497341,,-91.9296000000002,,11.49204136228105,
ratio_asym_normal_M6_24,blockratio_theory,1728,1728,6,24,ar1,0.2,0,ar1,0.8,0,normal,normal,1,1,0,0,loglog,unequal_blocks_main_theorem,0.25,12,ratio_asym_normal_M6_24,6,10000,7,26260847,0,14,7,7,288,72,360,ABEL_oracle,0.95,0.9311,0.9311,0,0.0025328401054942,,-65.3183999999997,,8.753495404587955,
ratio_asym_normal_M6_24,blockratio_theory,1728,1728,6,24,ar1,0.2,0,ar1,0.8,0,normal,normal,1,1,0,0,loglog,unequal_blocks_main_theorem,0.25,12,ratio_asym_normal_M6_24,6,10000,7,26260847,0,14,7,7,288,72,360,ABEL_oracle,0.99,0.9842,0.9842,0,0.0012470108259353,,-20.0448000000001,,4.309669414432396,
ratio_asym_normal_M6_24,blockratio_theory,1728,1728,6,24,ar1,0.2,0,ar1,0.8,0,normal,normal,1,1,0,0,loglog,unequal_blocks_main_theorem,0.25,12,ratio_asym_normal_M6_24,6,10000,7,26260847,0,14,7,7,288,72,360,VCABEL_oracle,0.9,0.8943,0.8943,0,0.0030745326474116,-0.0001117686746322,-19.6992000000001,-0.3862725395292133,10.625584829454489,0.03635306157063962
ratio_asym_normal_M6_24,blockratio_theory,1728,1728,6,24,ar1,0.2,0,ar1,0.8,0,normal,normal,1,1,0,0,loglog,unequal_blocks_main_theorem,0.25,12,ratio_asym_normal_M6_24,6,10000,7,26260847,0,14,7,7,288,72,360,VCABEL_oracle,0.95,0.9503,0.9503,0,0.002173244348894,-4.319725469909535e-05,1.03680000000027,-0.1492897122400735,7.510732469777664,0.019876851271270597
ratio_asym_normal_M6_24,blockratio_theory,1728,1728,6,24,ar1,0.2,0,ar1,0.8,0,normal,normal,1,1,0,0,loglog,unequal_blocks_main_theorem,0.25,12,ratio_asym_normal_M6_24,6,10000,7,26260847,0,14,7,7,288,72,360,VCABEL_oracle,0.99,0.9902,0.9902,0,0.0009850867982061,1.1760672947796614e-05,0.691199999999924,0.0406448857075851,3.4044599746002815,0.011938717450293193
ratio_asym_normal_M6_24,blockratio_theory,1728,1728,6,24,ar1,0.2,0,ar1,0.8,0,normal,normal,1,1,0,0,loglog,unequal_blocks_main_theorem,0.25,12,ratio_asym_normal_M6_24,6,10000,7,26260847,0,14,7,7,288,72,360,BC_feasible,0.9,0.8731,0.8731,0,0.0033286091690073,,-92.9664000000001,,11.50367328808923,
ratio_asym_normal_M6_24,blockratio_theory,1728,1728,6,24,ar1,0.2,0,ar1,0.8,0,normal,normal,1,1,0,0,loglog,unequal_blocks_main_theorem,0.25,12,ratio_asym_normal_M6_24,6,10000,7,26260847,0,14,7,7,288,72,360,BC_feasible,0.95,0.931,0.931,0,0.0025345413786324,,-65.6639999999997,,8.759375004553576,
ratio_asym_normal_M6_24,blockratio_theory,1728,1728,6,24,ar1,0.2,0,ar1,0.8,0,normal,normal,1,1,0,0,loglog,unequal_blocks_main_theorem,0.25,12,ratio_asym_normal_M6_24,6,10000,7,26260847,0,14,7,7,288,72,360,BC_feasible,0.99,0.9842,0.9842,0,0.0012470108259353,,-20.0448000000001,,4.309669414432396,
ratio_asym_normal_M6_24,blockratio_theory,1728,1728,6,24,ar1,0.2,0,ar1,0.8,0,normal,normal,1,1,0,0,loglog,unequal_blocks_main_theorem,0.25,12,ratio_asym_normal_M6_24,6,10000,7,26260847,0,14,7,7,288,72,360,VC_feasible,0.9,0.8915,0.8915,0,0.003110108519007,,-29.3760000000002,,10.748535041688193,
ratio_asym_normal_M6_24,blockratio_theory,1728,1728,6,24,ar1,0.2,0,ar1,0.8,0,normal,normal,1,1,0,0,loglog,unequal_blocks_main_theorem,0.25,12,ratio_asym_normal_M6_24,6,10000,7,26260847,0,14,7,7,288,72,360,VC_feasible,0.95,0.9452,0.9452,0,0.0022758945494025,,-16.5887999999997,,7.86549156273504,
ratio_asym_normal_M6_24,blockratio_theory,1728,1728,6,24,ar1,0.2,0,ar1,0.8,0,normal,normal,1,1,0,0,loglog,unequal_blocks_main_theorem,0.25,12,ratio_asym_normal_M6_24,6,10000,7,26260847,0,14,7,7,288,72,360,VC_feasible,0.99,0.9894,0.9894,0,0.0010240917927607,,-2.07360000000016,,3.539261235780979,
ratio_asym_normal_M6_24,blockratio_theory,1728,1728,6,24,ar1,0.2,0,ar1,0.8,0,normal,normal,1,1,0,0,loglog,unequal_blocks_main_theorem,0.25,12,ratio_asym_normal_M6_24,6,10000,7,26260847,0,14,7,7,288,72,360,VCBC_feasible,0.9,0.8933,0.8933,0,0.0030873145288421,,-23.1552000000001,,10.669759011678298,
ratio_asym_normal_M6_24,blockratio_theory,1728,1728,6,24,ar1,0.2,0,ar1,0.8,0,normal,normal,1,1,0,0,loglog,unequal_blocks_main_theorem,0.25,12,ratio_asym_normal_M6_24,6,10000,7,26260847,0,14,7,7,288,72,360,VCBC_feasible,0.95,0.9468,0.9468,0,0.0022443208326796,,-11.0591999999999,,7.756372797740697,
ratio_asym_normal_M6_24,blockratio_theory,1728,1728,6,24,ar1,0.2,0,ar1,0.8,0,normal,normal,1,1,0,0,loglog,unequal_blocks_main_theorem,0.25,12,ratio_asym_normal_M6_24,6,10000,7,26260847,0,14,7,7,288,72,360,VCBC_feasible,0.99,0.9902,0.9902,0,0.0009850867982061,,0.691199999999924,,3.4044599746002815,
ratio_asym_normal_M6_24,blockratio_theory,1728,1728,6,24,ar1,0.2,0,ar1,0.8,0,normal,normal,1,1,0,0,loglog,unequal_blocks_main_theorem,0.25,12,ratio_asym_normal_M6_24,6,10000,7,26260847,0,14,7,7,288,72,360,ABEL_feasible,0.9,0.8731,0.8731,0,0.0033286091690073,,-92.9664000000001,,11.50367328808923,
ratio_asym_normal_M6_24,blockratio_theory,1728,1728,6,24,ar1,0.2,0,ar1,0.8,0,normal,normal,1,1,0,0,loglog,unequal_blocks_main_theorem,0.25,12,ratio_asym_normal_M6_24,6,10000,7,26260847,0,14,7,7,288,72,360,ABEL_feasible,0.95,0.931,0.931,0,0.0025345413786324,,-65.6639999999997,,8.759375004553576,
ratio_asym_normal_M6_24,blockratio_theory,1728,1728,6,24,ar1,0.2,0,ar1,0.8,0,normal,normal,1,1,0,0,loglog,unequal_blocks_main_theorem,0.25,12,ratio_asym_normal_M6_24,6,10000,7,26260847,0,14,7,7,288,72,360,ABEL_feasible,0.99,0.9842,0.9842,0,0.0012470108259353,,-20.0448000000001,,4.309669414432396,
ratio_asym_normal_M6_24,blockratio_theory,1728,1728,6,24,ar1,0.2,0,ar1,0.8,0,normal,normal,1,1,0,0,loglog,unequal_blocks_main_theorem,0.25,12,ratio_asym_normal_M6_24,6,10000,7,26260847,0,14,7,7,288,72,360,VCABEL_feasible,0.9,0.8934,0.8934,0,0.003086040181203,,-22.8096000000002,,10.665354866237568,
ratio_asym_normal_M6_24,blockratio_theory,1728,1728,6,24,ar1,0.2,0,ar1,0.8,0,normal,normal,1,1,0,0,loglog,unequal_blocks_main_theorem,0.25,12,ratio_asym_normal_M6_24,6,10000,7,26260847,0,14,7,7,288,72,360,VCABEL_feasible,0.95,0.9468,0.9468,0,0.0022443208326796,,-11.0591999999999,,7.756372797740697,
ratio_asym_normal_M6_24,blockratio_theory,1728,1728,6,24,ar1,0.2,0,ar1,0.8,0,normal,normal,1,1,0,0,loglog,unequal_blocks_main_theorem,0.25,12,ratio_asym_normal_M6_24,6,10000,7,26260847,0,14,7,7,288,72,360,VCABEL_feasible,0.99,0.9902,0.9902,0,0.0009850867982061,,0.691199999999924,,3.4044599746002815,
ratio_asym_normal_M6_24,blockratio_theory,1728,1728,6,24,ar1,0.2,0,ar1,0.8,0,normal,normal,1,1,0,0,loglog,unequal_blocks_main_theorem,0.25,12,ratio_asym_normal_M6_24,6,10000,7,26260847,0,14,7,7,288,72,360,ABEL_fixed075,0.9,0.8721,0.8721,0,0.0033397842744704,,-96.4224000000001,,11.542294452569703,
ratio_asym_normal_M6_24,blockratio_theory,1728,1728,6,24,ar1,0.2,0,ar1,0.8,0,normal,normal,1,1,0,0,loglog,unequal_blocks_main_theorem,0.25,12,ratio_asym_normal_M6_24,6,10000,7,26260847,0,14,7,7,288,72,360,ABEL_fixed075,0.95,0.9299,0.9299,0,0.0025531547152493,,-69.4656,,8.82370269590158,
ratio_asym_normal_M6_24,blockratio_theory,1728,1728,6,24,ar1,0.2,0,ar1,0.8,0,normal,normal,1,1,0,0,loglog,unequal_blocks_main_theorem,0.25,12,ratio_asym_normal_M6_24,6,10000,7,26260847,0,14,7,7,288,72,360,ABEL_fixed075,0.99,0.9839,0.9839,0,0.0012586020022231,,-21.0816,,4.349728519683033,
ratio_asym_normal_M6_24,blockratio_theory,1728,1728,6,24,ar1,0.2,0,ar1,0.8,0,normal,normal,1,1,0,0,loglog,unequal_blocks_main_theorem,0.25,12,ratio_asym_normal_M6_24,6,10000,7,26260847,0,14,7,7,288,72,360,VCABEL_fixed075_oracleVC,0.9,0.8935,0.8935,0,0.0030847649829444,,-22.4640000000002,,10.660947781055848,
ratio_asym_normal_M6_24,blockratio_theory,1728,1728,6,24,ar1,0.2,0,ar1,0.8,0,normal,normal,1,1,0,0,loglog,unequal_blocks_main_theorem,0.25,12,ratio_asym_normal_M6_24,6,10000,7,26260847,0,14,7,7,288,72,360,VCABEL_fixed075_oracleVC,0.95,0.9496,0.9496,0,0.0021876891918186,,-1.38239999999985,,7.560653846925082,
ratio_asym_normal_M6_24,blockratio_theory,1728,1728,6,24,ar1,0.2,0,ar1,0.8,0,normal,normal,1,1,0,0,loglog,unequal_blocks_main_theorem,0.25,12,ratio_asym_normal_M6_24,6,10000,7,26260847,0,14,7,7,288,72,360,VCABEL_fixed075_oracleVC,0.99,0.9902,0.9902,0,0.0009850867982061,,0.691199999999924,,3.4044599746002815,
ratio_asym_normal_M6_24,blockratio_theory,1728,1728,6,24,ar1,0.2,0,ar1,0.8,0,normal,normal,1,1,0,0,loglog,unequal_blocks_main_theorem,0.25,12,ratio_asym_normal_M6_24,6,10000,7,26260847,0,14,7,7,288,72,360,Wald_HAC,0.9,0.8388,0.8388,0,0.0036771532467385,,-211.5072,,12.708241620728256,
ratio_asym_normal_M6_24,blockratio_theory,1728,1728,6,24,ar1,0.2,0,ar1,0.8,0,normal,normal,1,1,0,0,loglog,unequal_blocks_main_theorem,0.25,12,ratio_asym_normal_M6_24,6,10000,7,26260847,0,14,7,7,288,72,360,Wald_HAC,0.95,0.9031,0.9031,0,0.0029582155093907,,-162.0864,,10.22359280045426,
ratio_asym_normal_M6_24,blockratio_theory,1728,1728,6,24,ar1,0.2,0,ar1,0.8,0,normal,normal,1,1,0,0,loglog,unequal_blocks_main_theorem,0.25,12,ratio_asym_normal_M6_24,6,10000,7,26260847,0,14,7,7,288,72,360,Wald_HAC,0.99,0.9722,0.9722,0,0.0016439939172636,,-61.5168000000001,,5.681642978063001,
ratio_asym_normal_M6_24,blockratio_theory,1728,1728,6,24,ar1,0.2,0,ar1,0.8,0,normal,normal,1,1,0,0,loglog,unequal_blocks_main_theorem,0.25,12,ratio_asym_normal_M6_24,6,10000,7,26260847,0,14,7,7,288,72,360,Wald_oracle,0.9,0.8959,0.8959,0,0.0030539022577679,,-14.1696,,10.554286202845862,
ratio_asym_normal_M6_24,blockratio_theory,1728,1728,6,24,ar1,0.2,0,ar1,0.8,0,normal,normal,1,1,0,0,loglog,unequal_blocks_main_theorem,0.25,12,ratio_asym_normal_M6_24,6,10000,7,26260847,0,14,7,7,288,72,360,Wald_oracle,0.95,0.9503,0.9503,0,0.002173244348894,,1.03680000000027,,7.510732469777664,
ratio_asym_normal_M6_24,blockratio_theory,1728,1728,6,24,ar1,0.2,0,ar1,0.8,0,normal,normal,1,1,0,0,loglog,unequal_blocks_main_theorem,0.25,12,ratio_asym_normal_M6_24,6,10000,7,26260847,0,14,7,7,288,72,360,Wald_oracle,0.99,0.99,0.99,0,0.0009949874371066,,0.0,,3.4386765826404093,
ratio_asym_normal_M8_18,blockratio_theory,1728,1728,8,18,ar1,0.2,0,ar1,0.8,0,normal,normal,1,1,0,0,loglog,unequal_blocks_main_theorem,0.444444444444444,12,ratio_asym_normal_M8_18,7,10000,7,27260850,0,14,7,7,216,96,312,BEL,0.9,0.8688,0.8688,0,0.0033761895681374,,-107.8272,,11.668111147482854,
ratio_asym_normal_M8_18,blockratio_theory,1728,1728,8,18,ar1,0.2,0,ar1,0.8,0,normal,normal,1,1,0,0,loglog,unequal_blocks_main_theorem,0.444444444444444,12,ratio_asym_normal_M8_18,7,10000,7,27260850,0,14,7,7,216,96,312,BEL,0.95,0.9274,0.9274,0,0.0025947878525999,,-78.1055999999998,,8.967586818585254,
ratio_asym_normal_M8_18,blockratio_theory,1728,1728,8,18,ar1,0.2,0,ar1,0.8,0,normal,normal,1,1,0,0,loglog,unequal_blocks_main_theorem,0.444444444444444,12,ratio_asym_normal_M8_18,7,10000,7,27260850,0,14,7,7,216,96,312,BEL,0.99,0.982,0.982,0,0.0013295111883696,,-27.648,,4.594790667005338,
ratio_asym_normal_M8_18,blockratio_theory,1728,1728,8,18,ar1,0.2,0,ar1,0.8,0,normal,normal,1,1,0,0,loglog,unequal_blocks_main_theorem,0.444444444444444,12,ratio_asym_normal_M8_18,7,10000,7,27260850,0,14,7,7,216,96,312,BC_oracle,0.9,0.8699,0.8699,0,0.0033641342125426,,-104.0256,,11.626447838547225,
ratio_asym_normal_M8_18,blockratio_theory,1728,1728,8,18,ar1,0.2,0,ar1,0.8,0,normal,normal,1,1,0,0,loglog,unequal_blocks_main_theorem,0.444444444444444,12,ratio_asym_normal_M8_18,7,10000,7,27260850,0,14,7,7,216,96,312,BC_oracle,0.95,0.9294,0.9294,0,0.0025615549964816,,-71.1935999999998,,8.85273406784041,
ratio_asym_normal_M8_18,blockratio_theory,1728,1728,8,18,ar1,0.2,0,ar1,0.8,0,normal,normal,1,1,0,0,loglog,unequal_blocks_main_theorem,0.444444444444444,12,ratio_asym_normal_M8_18,7,10000,7,27260850,0,14,7,7,216,96,312,BC_oracle,0.99,0.9825,0.9825,0,0.0013112494041943,,-25.9199999999998,,4.5316779408955,
ratio_asym_normal_M8_18,blockratio_theory,1728,1728,8,18,ar1,0.2,0,ar1,0.8,0,normal,normal,1,1,0,0,loglog,unequal_blocks_main_theorem,0.444444444444444,12,ratio_asym_normal_M8_18,7,10000,7,27260850,0,14,7,7,216,96,312,VC_oracle,0.9,0.8981,0.8981,0,0.0030251675986629,,-6.56640000000004,,10.454979220978982,
ratio_asym_normal_M8_18,blockratio_theory,1728,1728,8,18,ar1,0.2,0,ar1,0.8,0,normal,normal,1,1,0,0,loglog,unequal_blocks_main_theorem,0.444444444444444,12,ratio_asym_normal_M8_18,7,10000,7,27260850,0,14,7,7,216,96,312,VC_oracle,0.95,0.9479,0.9479,0,0.0022222868851703,,-7.25759999999997,,7.680223475148557,
ratio_asym_normal_M8_18,blockratio_theory,1728,1728,8,18,ar1,0.2,0,ar1,0.8,0,normal,normal,1,1,0,0,loglog,unequal_blocks_main_theorem,0.444444444444444,12,ratio_asym_normal_M8_18,7,10000,7,27260850,0,14,7,7,216,96,312,VC_oracle,0.99,0.9896,0.9896,0,0.0010144870625099,,-1.38239999999985,,3.506067288034214,
ratio_asym_normal_M8_18,blockratio_theory,1728,1728,8,18,ar1,0.2,0,ar1,0.8,0,normal,normal,1,1,0,0,loglog,unequal_blocks_main_theorem,0.444444444444444,12,ratio_asym_normal_M8_18,7,10000,7,27260850,0,14,7,7,216,96,312,VCBC_oracle,0.9,0.8991,0.8991,0,0.0030119626491708,-0.000105663629992,-3.11040000000004,-0.3651735052524819,10.409342915534285,0.035081321483560565
ratio_asym_normal_M8_18,blockratio_theory,1728,1728,8,18,ar1,0.2,0,ar1,0.8,0,normal,normal,1,1,0,0,loglog,unequal_blocks_main_theorem,0.444444444444444,12,ratio_asym_normal_M8_18,7,10000,7,27260850,0,14,7,7,216,96,312,VCBC_oracle,0.95,0.9488,0.9488,0,0.0022040544457884,-3.991402481093206e-05,-4.14719999999993,-0.1379428697465812,7.617212164644711,0.018109364261487033
ratio_asym_normal_M8_18,blockratio_theory,1728,1728,8,18,ar1,0.2,0,ar1,0.8,0,normal,normal,1,1,0,0,loglog,unequal_blocks_main_theorem,0.444444444444444,12,ratio_asym_normal_M8_18,7,10000,7,27260850,0,14,7,7,216,96,312,VCBC_oracle,0.99,0.99,0.99,0,0.0009949874371066,1.2157216811450889e-05,0.0,0.0420153413003742,3.4386765826404093,0.012218462623813391
ratio_asym_normal_M8_18,blockratio_theory,1728,1728,8,18,ar1,0.2,0,ar1,0.8,0,normal,normal,1,1,0,0,loglog,unequal_blocks_main_theorem,0.444444444444444,12,ratio_asym_normal_M8_18,7,10000,7,27260850,0,14,7,7,216,96,312,ABEL_oracle,0.9,0.8699,0.8699,0,0.0033641342125426,,-104.0256,,11.626447838547225,
ratio_asym_normal_M8_18,blockratio_theory,1728,1728,8,18,ar1,0.2,0,ar1,0.8,0,normal,normal,1,1,0,0,loglog,unequal_blocks_main_theorem,0.444444444444444,12,ratio_asym_normal_M8_18,7,10000,7,27260850,0,14,7,7,216,96,312,ABEL_oracle,0.95,0.9294,0.9294,0,0.0025615549964816,,-71.1935999999998,,8.85273406784041,
ratio_asym_normal_M8_18,blockratio_theory,1728,1728,8,18,ar1,0.2,0,ar1,0.8,0,normal,normal,1,1,0,0,loglog,unequal_blocks_main_theorem,0.444444444444444,12,ratio_asym_normal_M8_18,7,10000,7,27260850,0,14,7,7,216,96,312,ABEL_oracle,0.99,0.9825,0.9825,0,0.0013112494041943,,-25.9199999999998,,4.5316779408955,
ratio_asym_normal_M8_18,blockratio_theory,1728,1728,8,18,ar1,0.2,0,ar1,0.8,0,normal,normal,1,1,0,0,loglog,unequal_blocks_main_theorem,0.444444444444444,12,ratio_asym_normal_M8_18,7,10000,7,27260850,0,14,7,7,216,96,312,VCABEL_oracle,0.9,0.8991,0.8991,0,0.0030119626491708,-0.000105663629992,-3.11040000000004,-0.3651735052524819,10.409342915534285,0.035081321483560565
ratio_asym_normal_M8_18,blockratio_theory,1728,1728,8,18,ar1,0.2,0,ar1,0.8,0,normal,normal,1,1,0,0,loglog,unequal_blocks_main_theorem,0.444444444444444,12,ratio_asym_normal_M8_18,7,10000,7,27260850,0,14,7,7,216,96,312,VCABEL_oracle,0.95,0.9489,0.9489,0,0.0022020170299069,-3.991402481093206e-05,-3.80159999999997,-0.1379428697465812,7.6101708553582466,0.018126119947682512
ratio_asym_normal_M8_18,blockratio_theory,1728,1728,8,18,ar1,0.2,0,ar1,0.8,0,normal,normal,1,1,0,0,loglog,unequal_blocks_main_theorem,0.444444444444444,12,ratio_asym_normal_M8_18,7,10000,7,27260850,0,14,7,7,216,96,312,VCABEL_oracle,0.99,0.99,0.99,0,0.0009949874371066,1.2157216811450889e-05,0.0,0.0420153413003742,3.4386765826404093,0.012218462623813391
ratio_asym_normal_M8_18,blockratio_theory,1728,1728,8,18,ar1,0.2,0,ar1,0.8,0,normal,normal,1,1,0,0,loglog,unequal_blocks_main_theorem,0.444444444444444,12,ratio_asym_normal_M8_18,7,10000,7,27260850,0,14,7,7,216,96,312,BC_feasible,0.9,0.8699,0.8699,0,0.0033641342125426,,-104.0256,,11.626447838547225,
ratio_asym_normal_M8_18,blockratio_theory,1728,1728,8,18,ar1,0.2,0,ar1,0.8,0,normal,normal,1,1,0,0,loglog,unequal_blocks_main_theorem,0.444444444444444,12,ratio_asym_normal_M8_18,7,10000,7,27260850,0,14,7,7,216,96,312,BC_feasible,0.95,0.9294,0.9294,0,0.0025615549964816,,-71.1935999999998,,8.85273406784041,
ratio_asym_normal_M8_18,blockratio_theory,1728,1728,8,18,ar1,0.2,0,ar1,0.8,0,normal,normal,1,1,0,0,loglog,unequal_blocks_main_theorem,0.444444444444444,12,ratio_asym_normal_M8_18,7,10000,7,27260850,0,14,7,7,216,96,312,BC_feasible,0.99,0.9825,0.9825,0,0.0013112494041943,,-25.9199999999998,,4.5316779408955,
ratio_asym_normal_M8_18,blockratio_theory,1728,1728,8,18,ar1,0.2,0,ar1,0.8,0,normal,normal,1,1,0,0,loglog,unequal_blocks_main_theorem,0.444444444444444,12,ratio_asym_normal_M8_18,7,10000,7,27260850,0,14,7,7,216,96,312,VC_feasible,0.9,0.8941,0.8941,0,0.0030770958711096,,-20.3904000000001,,10.634443330554777,
ratio_asym_normal_M8_18,blockratio_theory,1728,1728,8,18,ar1,0.2,0,ar1,0.8,0,normal,normal,1,1,0,0,loglog,unequal_blocks_main_theorem,0.444444444444444,12,ratio_asym_normal_M8_18,7,10000,7,27260850,0,14,7,7,216,96,312,VC_feasible,0.95,0.9456,0.9456,0,0.0022680529094357,,-15.2063999999999,,7.838390855009779,
ratio_asym_normal_M8_18,blockratio_theory,1728,1728,8,18,ar1,0.2,0,ar1,0.8,0,normal,normal,1,1,0,0,loglog,unequal_blocks_main_theorem,0.444444444444444,12,ratio_asym_normal_M8_18,7,10000,7,27260850,0,14,7,7,216,96,312,VC_feasible,0.99,0.9884,0.9884,0,0.0010707679487171,,-5.52960000000016,,3.7005740307662975,
ratio_asym_normal_M8_18,blockratio_theory,1728,1728,8,18,ar1,0.2,0,ar1,0.8,0,normal,normal,1,1,0,0,loglog,unequal_blocks_main_theorem,0.444444444444444,12,ratio_asym_normal_M8_18,7,10000,7,27260850,0,14,7,7,216,96,312,VCBC_feasible,0.9,0.8955,0.8955,0,0.0030590807442759,,-15.5520000000002,,10.572183052217511,
ratio_asym_normal_M8_18,blockratio_theory,1728,1728,8,18,ar1,0.2,0,ar1,0.8,0,normal,normal,1,1,0,0,loglog,unequal_blocks_main_theorem,0.444444444444444,12,ratio_asym_normal_M8_18,7,10000,7,27260850,0,14,7,7,216,96,312,VCBC_feasible,0.95,0.9466,0.9466,0,0.0022482980229498,,-11.7503999999999,,7.770117967314509,
ratio_asym_normal_M8_18,blockratio_theory,1728,1728,8,18,ar1,0.2,0,ar1,0.8,0,normal,normal,1,1,0,0,loglog,unequal_blocks_main_theorem,0.444444444444444,12,ratio_asym_normal_M8_18,7,10000,7,27260850,0,14,7,7,216,96,312,VCBC_feasible,0.99,0.9889,0.9889,0,0.0010477017705435,,-3.80159999999997,,3.6208573189983357,
ratio_asym_normal_M8_18,blockratio_theory,1728,1728,8,18,ar1,0.2,0,ar1,0.8,0,normal,normal,1,1,0,0,loglog,unequal_blocks_main_theorem,0.444444444444444,12,ratio_asym_normal_M8_18,7,10000,7,27260850,0,14,7,7,216,96,312,ABEL_feasible,0.9,0.8699,0.8699,0,0.0033641342125426,,-104.0256,,11.626447838547225,
ratio_asym_normal_M8_18,blockratio_theory,1728,1728,8,18,ar1,0.2,0,ar1,0.8,0,normal,normal,1,1,0,0,loglog,unequal_blocks_main_theorem,0.444444444444444,12,ratio_asym_normal_M8_18,7,10000,7,27260850,0,14,7,7,216,96,312,ABEL_feasible,0.95,0.9294,0.9294,0,0.0025615549964816,,-71.1935999999998,,8.85273406784041,
ratio_asym_normal_M8_18,blockratio_theory,1728,1728,8,18,ar1,0.2,0,ar1,0.8,0,normal,normal,1,1,0,0,loglog,unequal_blocks_main_theorem,0.444444444444444,12,ratio_asym_normal_M8_18,7,10000,7,27260850,0,14,7,7,216,96,312,ABEL_feasible,0.99,0.9825,0.9825,0,0.0013112494041943,,-25.9199999999998,,4.5316779408955,
ratio_asym_normal_M8_18,blockratio_theory,1728,1728,8,18,ar1,0.2,0,ar1,0.8,0,normal,normal,1,1,0,0,loglog,unequal_blocks_main_theorem,0.444444444444444,12,ratio_asym_normal_M8_18,7,10000,7,27260850,0,14,7,7,216,96,312,VCABEL_feasible,0.9,0.8955,0.8955,0,0.0030590807442759,,-15.5520000000002,,10.572183052217511,
ratio_asym_normal_M8_18,blockratio_theory,1728,1728,8,18,ar1,0.2,0,ar1,0.8,0,normal,normal,1,1,0,0,loglog,unequal_blocks_main_theorem,0.444444444444444,12,ratio_asym_normal_M8_18,7,10000,7,27260850,0,14,7,7,216,96,312,VCABEL_feasible,0.95,0.9465,0.9465,0,0.002250283315496,,-12.0959999999998,,7.776979138354176,
ratio_asym_normal_M8_18,blockratio_theory,1728,1728,8,18,ar1,0.2,0,ar1,0.8,0,normal,normal,1,1,0,0,loglog,unequal_blocks_main_theorem,0.444444444444444,12,ratio_asym_normal_M8_18,7,10000,7,27260850,0,14,7,7,216,96,312,VCABEL_feasible,0.99,0.9889,0.9889,0,0.0010477017705435,,-3.80159999999997,,3.6208573189983357,
ratio_asym_normal_M8_18,blockratio_theory,1728,1728,8,18,ar1,0.2,0,ar1,0.8,0,normal,normal,1,1,0,0,loglog,unequal_blocks_main_theorem,0.444444444444444,12,ratio_asym_normal_M8_18,7,10000,7,27260850,0,14,7,7,216,96,312,ABEL_fixed075,0.9,0.8693,0.8693,0,0.0033707196560972,,-106.0992,,11.649207131471924,
ratio_asym_normal_M8_18,blockratio_theory,1728,1728,8,18,ar1,0.2,0,ar1,0.8,0,normal,normal,1,1,0,0,loglog,unequal_blocks_main_theorem,0.444444444444444,12,ratio_asym_normal_M8_18,7,10000,7,27260850,0,14,7,7,216,96,312,ABEL_fixed075,0.95,0.9284,0.9284,0,0.0025782443639034,,-74.6495999999998,,8.91041252165015,
ratio_asym_normal_M8_18,blockratio_theory,1728,1728,8,18,ar1,0.2,0,ar1,0.8,0,normal,normal,1,1,0,0,loglog,unequal_blocks_main_theorem,0.444444444444444,12,ratio_asym_normal_M8_18,7,10000,7,27260850,0,14,7,7,216,96,312,ABEL_fixed075,0.99,0.9823,0.9823,0,0.0013185867434492,,-26.6112000000001,,4.557035785360435,
ratio_asym_normal_M8_18,blockratio_theory,1728,1728,8,18,ar1,0.2,0,ar1,0.8,0,normal,normal,1,1,0,0,loglog,unequal_blocks_main_theorem,0.444444444444444,12,ratio_asym_normal_M8_18,7,10000,7,27260850,0,14,7,7,216,96,312,VCABEL_fixed075_oracleVC,0.9,0.8984,0.8984,0,0.0030212156493703,,-5.52960000000016,,10.441321284223756,
ratio_asym_normal_M8_18,blockratio_theory,1728,1728,8,18,ar1,0.2,0,ar1,0.8,0,normal,normal,1,1,0,0,loglog,unequal_blocks_main_theorem,0.444444444444444,12,ratio_asym_normal_M8_18,7,10000,7,27260850,0,14,7,7,216,96,312,VCABEL_fixed075_oracleVC,0.95,0.9487,0.9487,0,0.0022060895267418,,-4.49279999999989,,7.624245404419661,
ratio_asym_normal_M8_18,blockratio_theory,1728,1728,8,18,ar1,0.2,0,ar1,0.8,0,normal,normal,1,1,0,0,loglog,unequal_blocks_main_theorem,0.444444444444444,12,ratio_asym_normal_M8_18,7,10000,7,27260850,0,14,7,7,216,96,312,VCABEL_fixed075_oracleVC,0.99,0.9899,0.9899,0,0.0009998994949493,,-0.345599999999962,,3.4556526545447803,
ratio_asym_normal_M8_18,blockratio_theory,1728,1728,8,18,ar1,0.2,0,ar1,0.8,0,normal,normal,1,1,0,0,loglog,unequal_blocks_main_theorem,0.444444444444444,12,ratio_asym_normal_M8_18,7,10000,7,27260850,0,14,7,7,216,96,312,Wald_HAC,0.9,0.8429,0.8429,0,0.0036389502607208,,-197.3376,,12.576212101051086,
ratio_asym_normal_M8_18,blockratio_theory,1728,1728,8,18,ar1,0.2,0,ar1,0.8,0,normal,normal,1,1,0,0,loglog,unequal_blocks_main_theorem,0.444444444444444,12,ratio_asym_normal_M8_18,7,10000,7,27260850,0,14,7,7,216,96,312,Wald_HAC,0.95,0.9068,0.9068,0,0.0029071250403104,,-149.2992,,10.047024139312743,
ratio_asym_normal_M8_18,blockratio_theory,1728,1728,8,18,ar1,0.2,0,ar1,0.8,0,normal,normal,1,1,0,0,loglog,unequal_blocks_main_theorem,0.444444444444444,12,ratio_asym_normal_M8_18,7,10000,7,27260850,0,14,7,7,216,96,312,Wald_HAC,0.99,0.9726,0.9726,0,0.0016324594941376,,-60.1343999999999,,5.641780011739545,
ratio_asym_normal_M8_18,blockratio_theory,1728,1728,8,18,ar1,0.2,0,ar1,0.8,0,normal,normal,1,1,0,0,loglog,unequal_blocks_main_theorem,0.444444444444444,12,ratio_asym_normal_M8_18,7,10000,7,27260850,0,14,7,7,216,96,312,Wald_oracle,0.9,0.9008,0.9008,0,0.0029893035978301,,2.76480000000008,,10.331033234100826,
ratio_asym_normal_M8_18,blockratio_theory,1728,1728,8,18,ar1,0.2,0,ar1,0.8,0,normal,normal,1,1,0,0,loglog,unequal_blocks_main_theorem,0.444444444444444,12,ratio_asym_normal_M8_18,7,10000,7,27260850,0,14,7,7,216,96,312,Wald_oracle,0.95,0.9491,0.9491,0,0.0021979351673786,,-3.11039999999966,,7.596063938460442,
ratio_asym_normal_M8_18,blockratio_theory,1728,1728,8,18,ar1,0.2,0,ar1,0.8,0,normal,normal,1,1,0,0,loglog,unequal_blocks_main_theorem,0.444444444444444,12,ratio_asym_normal_M8_18,7,10000,7,27260850,0,14,7,7,216,96,312,Wald_oracle,0.99,0.9904,0.9904,0,0.0009750815350523,,1.38239999999985,,3.3698817851407488,
ratio_asym_normal_M12_12,blockratio_theory,1728,1728,12,12,ar1,0.2,0,ar1,0.8,0,normal,normal,1,1,0,0,loglog,unequal_blocks_main_theorem,1.0,12,ratio_asym_normal_M12_12,8,10000,7,28260853,0,14,7,7,144,144,288,BEL,0.9,0.8619,0.8619,0,0.0034500491300849,,-131.6736,,11.923369793573414,
ratio_asym_normal_M12_12,blockratio_theory,1728,1728,12,12,ar1,0.2,0,ar1,0.8,0,normal,normal,1,1,0,0,loglog,unequal_blocks_main_theorem,1.0,12,ratio_asym_normal_M12_12,8,10000,7,28260853,0,14,7,7,144,144,288,BEL,0.95,0.923,0.923,0,0.0026659144772479,,-93.3119999999997,,9.213400433368744,
ratio_asym_normal_M12_12,blockratio_theory,1728,1728,12,12,ar1,0.2,0,ar1,0.8,0,normal,normal,1,1,0,0,loglog,unequal_blocks_main_theorem,1.0,12,ratio_asym_normal_M12_12,8,10000,7,28260853,0,14,7,7,144,144,288,BEL,0.99,0.9789,0.9789,0,0.0014371774420717,,-38.3616,,4.966885239799796,
ratio_asym_normal_M12_12,blockratio_theory,1728,1728,12,12,ar1,0.2,0,ar1,0.8,0,normal,normal,1,1,0,0,loglog,unequal_blocks_main_theorem,1.0,12,ratio_asym_normal_M12_12,8,10000,7,28260853,0,14,7,7,144,144,288,BC_oracle,0.9,0.8636,0.8636,0,0.0034321282027336,,-125.7984,,11.861435068647321,
ratio_asym_normal_M12_12,blockratio_theory,1728,1728,12,12,ar1,0.2,0,ar1,0.8,0,normal,normal,1,1,0,0,loglog,unequal_blocks_main_theorem,1.0,12,ratio_asym_normal_M12_12,8,10000,7,28260853,0,14,7,7,144,144,288,BC_oracle,0.95,0.9244,0.9244,0,0.0026435703130425,,-88.4735999999998,,9.13617900187488,
ratio_asym_normal_M12_12,blockratio_theory,1728,1728,12,12,ar1,0.2,0,ar1,0.8,0,normal,normal,1,1,0,0,loglog,unequal_blocks_main_theorem,1.0,12,ratio_asym_normal_M12_12,8,10000,7,28260853,0,14,7,7,144,144,288,BC_oracle,0.99,0.9794,0.9794,0,0.0014204098000225,,-36.6335999999998,,4.90893626887776,
ratio_asym_normal_M12_12,blockratio_theory,1728,1728,12,12,ar1,0.2,0,ar1,0.8,0,normal,normal,1,1,0,0,loglog,unequal_blocks_main_theorem,1.0,12,ratio_asym_normal_M12_12,8,10000,7,28260853,0,14,7,7,144,144,288,VC_oracle,0.9,0.8998,0.8998,0,0.0030026648164588,,-0.691199999999924,,10.377209605681612,
ratio_asym_normal_M12_12,blockratio_theory,1728,1728,12,12,ar1,0.2,0,ar1,0.8,0,normal,normal,1,1,0,0,loglog,unequal_blocks_main_theorem,1.0,12,ratio_asym_normal_M12_12,8,10000,7,28260853,0,14,7,7,144,144,288,VC_oracle,0.95,0.9488,0.9488,0,0.0022040544457884,,-4.14719999999993,,7.617212164644711,
ratio_asym_normal_M12_12,blockratio_theory,1728,1728,12,12,ar1,0.2,0,ar1,0.8,0,normal,normal,1,1,0,0,loglog,unequal_blocks_main_theorem,1.0,12,ratio_asym_normal_M12_12,8,10000,7,28260853,0,14,7,7,144,144,288,VC_oracle,0.99,0.9886,0.9886,0,0.0010616044461097,,-4.83839999999985,,3.6689049657551234,
ratio_asym_normal_M12_12,blockratio_theory,1728,1728,12,12,ar1,0.2,0,ar1,0.8,0,normal,normal,1,1,0,0,loglog,unequal_blocks_main_theorem,1.0,12,ratio_asym_normal_M12_12,8,10000,7,28260853,0,14,7,7,144,144,288,VCBC_oracle,0.9,0.9019,0.9019,0,0.0029744981089252,-5.9994121533474645e-05,6.56640000000004,-0.2073396840196883,10.279865464445491,0.020169493923515316
ratio_asym_normal_M12_12,blockratio_theory,1728,1728,12,12,ar1,0.2,0,ar1,0.8,0,normal,normal,1,1,0,0,loglog,unequal_blocks_main_theorem,1.0,12,ratio_asym_normal_M12_12,8,10000,7,28260853,0,14,7,7,144,144,288,VCBC_oracle,0.95,0.9499,0.9499,0,0.0021815130070664,-6.018816013040097e-07,-0.345599999999962,-0.0020801028141066,7.539308952421478,0.0002759009913552504
ratio_asym_normal_M12_12,blockratio_theory,1728,1728,12,12,ar1,0.2,0,ar1,0.8,0,normal,normal,1,1,0,0,loglog,unequal_blocks_main_theorem,1.0,12,ratio_asym_normal_M12_12,8,10000,7,28260853,0,14,7,7,144,144,288,VCBC_oracle,0.99,0.989,0.989,0,0.0010430244484191,3.171544946905574e-05,-3.456,0.1096085933650566,3.60469249373641,0.0304071966070656
ratio_asym_normal_M12_12,blockratio_theory,1728,1728,12,12,ar1,0.2,0,ar1,0.8,0,normal,normal,1,1,0,0,loglog,unequal_blocks_main_theorem,1.0,12,ratio_asym_normal_M12_12,8,10000,7,28260853,0,14,7,7,144,144,288,ABEL_oracle,0.9,0.8636,0.8636,0,0.0034321282027336,,-125.7984,,11.861435068647321,
ratio_asym_normal_M12_12,blockratio_theory,1728,1728,12,12,ar1,0.2,0,ar1,0.8,0,normal,normal,1,1,0,0,loglog,unequal_blocks_main_theorem,1.0,12,ratio_asym_normal_M12_12,8,10000,7,28260853,0,14,7,7,144,144,288,ABEL_oracle,0.95,0.9244,0.9244,0,0.0026435703130425,,-88.4735999999998,,9.13617900187488,
ratio_asym_normal_M12_12,blockratio_theory,1728,1728,12,12,ar1,0.2,0,ar1,0.8,0,normal,normal,1,1,0,0,loglog,unequal_blocks_main_theorem,1.0,12,ratio_asym_normal_M12_12,8,10000,7,28260853,0,14,7,7,144,144,288,ABEL_oracle,0.99,0.9794,0.9794,0,0.0014204098000225,,-36.6335999999998,,4.90893626887776,
ratio_asym_normal_M12_12,blockratio_theory,1728,1728,12,12,ar1,0.2,0,ar1,0.8,0,normal,normal,1,1,0,0,loglog,unequal_blocks_main_theorem,1.0,12,ratio_asym_normal_M12_12,8,10000,7,28260853,0,14,7,7,144,144,288,VCABEL_oracle,0.9,0.9019,0.9019,0,0.0029744981089252,-5.9994121533474645e-05,6.56640000000004,-0.2073396840196883,10.279865464445491,0.020169493923515316
ratio_asym_normal_M12_12,blockratio_theory,1728,1728,12,12,ar1,0.2,0,ar1,0.8,0,normal,normal,1,1,0,0,loglog,unequal_blocks_main_theorem,1.0,12,ratio_asym_normal_M12_12,8,10000,7,28260853,0,14,7,7,144,144,288,VCABEL_oracle,0.95,0.9499,0.9499,0,0.0021815130070664,-6.018816013040097e-07,-0.345599999999962,-0.0020801028141066,7.539308952421478,0.0002759009913552504
ratio_asym_normal_M12_12,blockratio_theory,1728,1728,12,12,ar1,0.2,0,ar1,0.8,0,normal,normal,1,1,0,0,loglog,unequal_blocks_main_theorem,1.0,12,ratio_asym_normal_M12_12,8,10000,7,28260853,0,14,7,7,144,144,288,VCABEL_oracle,0.99,0.989,0.989,0,0.0010430244484191,3.171544946905574e-05,-3.456,0.1096085933650566,3.60469249373641,0.0304071966070656
ratio_asym_normal_M12_12,blockratio_theory,1728,1728,12,12,ar1,0.2,0,ar1,0.8,0,normal,normal,1,1,0,0,loglog,unequal_blocks_main_theorem,1.0,12,ratio_asym_normal_M12_12,8,10000,7,28260853,0,14,7,7,144,144,288,BC_feasible,0.9,0.8637,0.8637,0,0.003431068492467,,-125.4528,,11.857772709965953,
ratio_asym_normal_M12_12,blockratio_theory,1728,1728,12,12,ar1,0.2,0,ar1,0.8,0,normal,normal,1,1,0,0,loglog,unequal_blocks_main_theorem,1.0,12,ratio_asym_normal_M12_12,8,10000,7,28260853,0,14,7,7,144,144,288,BC_feasible,0.95,0.9243,0.9243,0,0.002645175041467,,-88.8191999999998,,9.141724943309953,
ratio_asym_normal_M12_12,blockratio_theory,1728,1728,12,12,ar1,0.2,0,ar1,0.8,0,normal,normal,1,1,0,0,loglog,unequal_blocks_main_theorem,1.0,12,ratio_asym_normal_M12_12,8,10000,7,28260853,0,14,7,7,144,144,288,BC_feasible,0.99,0.9793,0.9793,0,0.0014237805308403,,-36.9792000000001,,4.920585514584077,
ratio_asym_normal_M12_12,blockratio_theory,1728,1728,12,12,ar1,0.2,0,ar1,0.8,0,normal,normal,1,1,0,0,loglog,unequal_blocks_main_theorem,1.0,12,ratio_asym_normal_M12_12,8,10000,7,28260853,0,14,7,7,144,144,288,VC_feasible,0.9,0.8964,0.8964,0,0.003047409391598,,-12.4416000000002,,10.531846857362689,
ratio_asym_normal_M12_12,blockratio_theory,1728,1728,12,12,ar1,0.2,0,ar1,0.8,0,normal,normal,1,1,0,0,loglog,unequal_blocks_main_theorem,1.0,12,ratio_asym_normal_M12_12,8,10000,7,28260853,0,14,7,7,144,144,288,VC_feasible,0.95,0.9479,0.9479,0,0.0022222868851703,,-7.25759999999997,,7.680223475148557,
ratio_asym_normal_M12_12,blockratio_theory,1728,1728,12,12,ar1,0.2,0,ar1,0.8,0,normal,normal,1,1,0,0,loglog,unequal_blocks_main_theorem,1.0,12,ratio_asym_normal_M12_12,8,10000,7,28260853,0,14,7,7,144,144,288,VC_feasible,0.99,0.988,0.988,0,0.0010888526071053,,-6.91200000000001,,3.763074610155917,
ratio_asym_normal_M12_12,blockratio_theory,1728,1728,12,12,ar1,0.2,0,ar1,0.8,0,normal,normal,1,1,0,0,loglog,unequal_blocks_main_theorem,1.0,12,ratio_asym_normal_M12_12,8,10000,7,28260853,0,14,7,7,144,144,288,VCBC_feasible,0.9,0.8982,0.8982,0,0.0030238511868145,,-6.22080000000008,,10.450429701630913,
ratio_asym_normal_M12_12,blockratio_theory,1728,1728,12,12,ar1,0.2,0,ar1,0.8,0,normal,normal,1,1,0,0,loglog,unequal_blocks_main_theorem,1.0,12,ratio_asym_normal_M12_12,8,10000,7,28260853,0,14,7,7,144,144,288,VCBC_feasible,0.95,0.948,0.948,0,0.0022202702538204,,-6.91200000000001,,7.673253997203302,
ratio_asym_normal_M12_12,blockratio_theory,1728,1728,12,12,ar1,0.2,0,ar1,0.8,0,normal,normal,1,1,0,0,loglog,unequal_blocks_main_theorem,1.0,12,ratio_asym_normal_M12_12,8,10000,7,28260853,0,14,7,7,144,144,288,VCBC_feasible,0.99,0.9884,0.9884,0,0.0010707679487171,,-5.52960000000016,,3.7005740307662975,
ratio_asym_normal_M12_12,blockratio_theory,1728,1728,12,12,ar1,0.2,0,ar1,0.8,0,normal,normal,1,1,0,0,loglog,unequal_blocks_main_theorem,1.0,12,ratio_asym_normal_M12_12,8,10000,7,28260853,0,14,7,7,144,144,288,ABEL_feasible,0.9,0.8637,0.8637,0,0.003431068492467,,-125.4528,,11.857772709965953,
ratio_asym_normal_M12_12,blockratio_theory,1728,1728,12,12,ar1,0.2,0,ar1,0.8,0,normal,normal,1,1,0,0,loglog,unequal_blocks_main_theorem,1.0,12,ratio_asym_normal_M12_12,8,10000,7,28260853,0,14,7,7,144,144,288,ABEL_feasible,0.95,0.9244,0.9244,0,0.0026435703130425,,-88.4735999999998,,9.13617900187488,
ratio_asym_normal_M12_12,blockratio_theory,1728,1728,12,12,ar1,0.2,0,ar1,0.8,0,normal,normal,1,1,0,0,loglog,unequal_blocks_main_theorem,1.0,12,ratio_asym_normal_M12_12,8,10000,7,28260853,0,14,7,7,144,144,288,ABEL_feasible,0.99,0.9793,0.9793,0,0.0014237805308403,,-36.9792000000001,,4.920585514584077,
ratio_asym_normal_M12_12,blockratio_theory,1728,1728,12,12,ar1,0.2,0,ar1,0.8,0,normal,normal,1,1,0,0,loglog,unequal_blocks_main_theorem,1.0,12,ratio_asym_normal_M12_12,8,10000,7,28260853,0,14,7,7,144,144,288,VCABEL_feasible,0.9,0.8982,0.8982,0,0.0030238511868145,,-6.22080000000008,,10.450429701630913,
ratio_asym_normal_M12_12,blockratio_theory,1728,1728,12,12,ar1,0.2,0,ar1,0.8,0,normal,normal,1,1,0,0,loglog,unequal_blocks_main_theorem,1.0,12,ratio_asym_normal_M12_12,8,10000,7,28260853,0,14,7,7,144,144,288,VCABEL_feasible,0.95,0.948,0.948,0,0.0022202702538204,,-6.91200000000001,,7.673253997203302,
ratio_asym_normal_M12_12,blockratio_theory,1728,1728,12,12,ar1,0.2,0,ar1,0.8,0,normal,normal,1,1,0,0,loglog,unequal_blocks_main_theorem,1.0,12,ratio_asym_normal_M12_12,8,10000,7,28260853,0,14,7,7,144,144,288,VCABEL_feasible,0.99,0.9884,0.9884,0,0.0010707679487171,,-5.52960000000016,,3.7005740307662975,
ratio_asym_normal_M12_12,blockratio_theory,1728,1728,12,12,ar1,0.2,0,ar1,0.8,0,normal,normal,1,1,0,0,loglog,unequal_blocks_main_theorem,1.0,12,ratio_asym_normal_M12_12,8,10000,7,28260853,0,14,7,7,144,144,288,ABEL_fixed075,0.9,0.8626,0.8626,0,0.0034426913890152,,-129.2544,,11.897941440436531,
ratio_asym_normal_M12_12,blockratio_theory,1728,1728,12,12,ar1,0.2,0,ar1,0.8,0,normal,normal,1,1,0,0,loglog,unequal_blocks_main_theorem,1.0,12,ratio_asym_normal_M12_12,8,10000,7,28260853,0,14,7,7,144,144,288,ABEL_fixed075,0.95,0.924,0.924,0,0.0026499811320083,,-89.8559999999997,,9.158334792220685,
ratio_asym_normal_M12_12,blockratio_theory,1728,1728,12,12,ar1,0.2,0,ar1,0.8,0,normal,normal,1,1,0,0,loglog,unequal_blocks_main_theorem,1.0,12,ratio_asym_normal_M12_12,8,10000,7,28260853,0,14,7,7,144,144,288,ABEL_fixed075,0.99,0.9793,0.9793,0,0.0014237805308403,,-36.9792000000001,,4.920585514584077,
ratio_asym_normal_M12_12,blockratio_theory,1728,1728,12,12,ar1,0.2,0,ar1,0.8,0,normal,normal,1,1,0,0,loglog,unequal_blocks_main_theorem,1.0,12,ratio_asym_normal_M12_12,8,10000,7,28260853,0,14,7,7,144,144,288,VCABEL_fixed075_oracleVC,0.9,0.9011,0.9011,0,0.0029852770390702,,3.80159999999997,,10.317117447026611,
ratio_asym_normal_M12_12,blockratio_theory,1728,1728,12,12,ar1,0.2,0,ar1,0.8,0,normal,normal,1,1,0,0,loglog,unequal_blocks_main_theorem,1.0,12,ratio_asym_normal_M12_12,8,10000,7,28260853,0,14,7,7,144,144,288,VCABEL_fixed075_oracleVC,0.95,0.9493,0.9493,0,0.0021938438868798,,-2.41919999999973,,7.581924473056589,
ratio_asym_normal_M12_12,blockratio_theory,1728,1728,12,12,ar1,0.2,0,ar1,0.8,0,normal,normal,1,1,0,0,loglog,unequal_blocks_main_theorem,1.0,12,ratio_asym_normal_M12_12,8,10000,7,28260853,0,14,7,7,144,144,288,VCABEL_fixed075_oracleVC,0.99,0.9886,0.9886,0,0.0010616044461097,,-4.83839999999985,,3.6689049657551234,
ratio_asym_normal_M12_12,blockratio_theory,1728,1728,12,12,ar1,0.2,0,ar1,0.8,0,normal,normal,1,1,0,0,loglog,unequal_blocks_main_theorem,1.0,12,ratio_asym_normal_M12_12,8,10000,7,28260853,0,14,7,7,144,144,288,Wald_HAC,0.9,0.8453,0.8453,0,0.0036161845915273,,-189.0432,,12.497533948318349,
ratio_asym_normal_M12_12,blockratio_theory,1728,1728,12,12,ar1,0.2,0,ar1,0.8,0,normal,normal,1,1,0,0,loglog,unequal_blocks_main_theorem,1.0,12,ratio_asym_normal_M12_12,8,10000,7,28260853,0,14,7,7,144,144,288,Wald_HAC,0.95,0.9091,0.9091,0,0.0028746685026277,,-141.3504,,9.93485434508133,
ratio_asym_normal_M12_12,blockratio_theory,1728,1728,12,12,ar1,0.2,0,ar1,0.8,0,normal,normal,1,1,0,0,loglog,unequal_blocks_main_theorem,1.0,12,ratio_asym_normal_M12_12,8,10000,7,28260853,0,14,7,7,144,144,288,Wald_HAC,0.99,0.9718,0.9718,0,0.0016554383105389,,-62.8992,,5.721194801222438,
ratio_asym_normal_M12_12,blockratio_theory,1728,1728,12,12,ar1,0.2,0,ar1,0.8,0,normal,normal,1,1,0,0,loglog,unequal_blocks_main_theorem,1.0,12,ratio_asym_normal_M12_12,8,10000,7,28260853,0,14,7,7,144,144,288,Wald_oracle,0.9,0.9023,0.9023,0,0.0029690858862619,,7.94879999999989,,10.261160822921127,
ratio_asym_normal_M12_12,blockratio_theory,1728,1728,12,12,ar1,0.2,0,ar1,0.8,0,normal,normal,1,1,0,0,loglog,unequal_blocks_main_theorem,1.0,12,ratio_asym_normal_M12_12,8,10000,7,28260853,0,14,7,7,144,144,288,Wald_oracle,0.95,0.95,0.95,0,0.0021794494717703,,0.0,,7.532177374438156,
ratio_asym_normal_M12_12,blockratio_theory,1728,1728,12,12,ar1,0.2,0,ar1,0.8,0,normal,normal,1,1,0,0,loglog,unequal_blocks_main_theorem,1.0,12,ratio_asym_normal_M12_12,8,10000,7,28260853,0,14,7,7,144,144,288,Wald_oracle,0.99,0.9903,0.9903,0,0.000980097444135,,1.03679999999989,,3.3872167669305595,
ratio_asym_normal_M18_8,blockratio_theory,1728,1728,18,8,ar1,0.2,0,ar1,0.8,0,normal,normal,1,1,0,0,loglog,unequal_blocks_main_theorem,2.25,12,ratio_asym_normal_M18_8,9,10000,7,29260856,0,14,7,7,96,216,312,BEL,0.9,0.8536,0.8536,0,0.0035350677504115,,-160.3584,,12.217194145422145,
ratio_asym_normal_M18_8,blockratio_theory,1728,1728,18,8,ar1,0.2,0,ar1,0.8,0,normal,normal,1,1,0,0,loglog,unequal_blocks_main_theorem,2.25,12,ratio_asym_normal_M18_8,9,10000,7,29260856,0,14,7,7,96,216,312,BEL,0.95,0.9208,0.9208,0,0.0027005066191364,,-100.9152,,9.332950875735397,
ratio_asym_normal_M18_8,blockratio_theory,1728,1728,18,8,ar1,0.2,0,ar1,0.8,0,normal,normal,1,1,0,0,loglog,unequal_blocks_main_theorem,2.25,12,ratio_asym_normal_M18_8,9,10000,7,29260856,0,14,7,7,96,216,312,BEL,0.99,0.9777,0.9777,0,0.0014765740753514,,-42.5087999999999,,5.103040004414439,
ratio_asym_normal_M18_8,blockratio_theory,1728,1728,18,8,ar1,0.2,0,ar1,0.8,0,normal,normal,1,1,0,0,loglog,unequal_blocks_main_theorem,2.25,12,ratio_asym_normal_M18_8,9,10000,7,29260856,0,14,7,7,96,216,312,BC_oracle,0.9,0.8554,0.8554,0,0.0035169708557222,,-154.1376,,12.154651277375923,
ratio_asym_normal_M18_8,blockratio_theory,1728,1728,18,8,ar1,0.2,0,ar1,0.8,0,normal,normal,1,1,0,0,loglog,unequal_blocks_main_theorem,2.25,12,ratio_asym_normal_M18_8,9,10000,7,29260856,0,14,7,7,96,216,312,BC_oracle,0.95,0.9231,0.9231,0,0.0026643271195557,,-92.9663999999997,,9.2079145251845,
ratio_asym_normal_M18_8,blockratio_theory,1728,1728,18,8,ar1,0.2,0,ar1,0.8,0,normal,normal,1,1,0,0,loglog,unequal_blocks_main_theorem,2.25,12,ratio_asym_normal_M18_8,9,10000,7,29260856,0,14,7,7,96,216,312,BC_oracle,0.99,0.9788,0.9788,0,0.0014405054668414,,-38.7072,,4.978386893403878,
ratio_asym_normal_M18_8,blockratio_theory,1728,1728,18,8,ar1,0.2,0,ar1,0.8,0,normal,normal,1,1,0,0,loglog,unequal_blocks_main_theorem,2.25,12,ratio_asym_normal_M18_8,9,10000,7,29260856,0,14,7,7,96,216,312,VC_oracle,0.9,0.9072,0.9072,0,0.0029015196018638,,24.8831999999999,,10.027651744041293,
ratio_asym_normal_M18_8,blockratio_theory,1728,1728,18,8,ar1,0.2,0,ar1,0.8,0,normal,normal,1,1,0,0,loglog,unequal_blocks_main_theorem,2.25,12,ratio_asym_normal_M18_8,9,10000,7,29260856,0,14,7,7,96,216,312,VC_oracle,0.95,0.9559,0.9559,0,0.0020531729103999,,20.3904000000001,,7.0957655783420535,
ratio_asym_normal_M18_8,blockratio_theory,1728,1728,18,8,ar1,0.2,0,ar1,0.8,0,normal,normal,1,1,0,0,loglog,unequal_blocks_main_theorem,2.25,12,ratio_asym_normal_M18_8,9,10000,7,29260856,0,14,7,7,96,216,312,VC_oracle,0.99,0.9925,0.9925,0,0.0008627716963368,,8.6400000000002,,2.981738982539981,
ratio_asym_normal_M18_8,blockratio_theory,1728,1728,18,8,ar1,0.2,0,ar1,0.8,0,normal,normal,1,1,0,0,loglog,unequal_blocks_main_theorem,2.25,12,ratio_asym_normal_M18_8,9,10000,7,29260856,0,14,7,7,96,216,312,VCBC_oracle,0.9,0.9086,0.9086,0,0.002881770983267,5.81142330775997e-05,29.7215999999998,0.2008427895161845,9.959400518170751,0.020166152485759595
ratio_asym_normal_M18_8,blockratio_theory,1728,1728,18,8,ar1,0.2,0,ar1,0.8,0,normal,normal,1,1,0,0,loglog,unequal_blocks_main_theorem,2.25,12,ratio_asym_normal_M18_8,9,10000,7,29260856,0,14,7,7,96,216,312,VCBC_oracle,0.95,0.957,0.957,0,0.0020285709255532,0.0001071092078912,24.192,0.3701694224721142,7.010741118711859,0.05280032684192573
ratio_asym_normal_M18_8,blockratio_theory,1728,1728,18,8,ar1,0.2,0,ar1,0.8,0,normal,normal,1,1,0,0,loglog,unequal_blocks_main_theorem,2.25,12,ratio_asym_normal_M18_8,9,10000,7,29260856,0,14,7,7,96,216,312,VCBC_oracle,0.99,0.9926,0.9926,0,0.0008570437561758,8.909387914047936e-05,8.98560000000016,0.3079084463094967,2.9619432213435646,0.10395487803099299
ratio_asym_normal_M18_8,blockratio_theory,1728,1728,18,8,ar1,0.2,0,ar1,0.8,0,normal,normal,1,1,0,0,loglog,unequal_blocks_main_theorem,2.25,12,ratio_asym_normal_M18_8,9,10000,7,29260856,0,14,7,7,96,216,312,ABEL_oracle,0.9,0.8554,0.8554,0,0.0035169708557222,,-154.1376,,12.154651277375923,
ratio_asym_normal_M18_8,blockratio_theory,1728,1728,18,8,ar1,0.2,0,ar1,0.8,0,normal,normal,1,1,0,0,loglog,unequal_blocks_main_theorem,2.25,12,ratio_asym_normal_M18_8,9,10000,7,29260856,0,14,7,7,96,216,312,ABEL_oracle,0.95,0.9231,0.9231,0,0.0026643271195557,,-92.9663999999997,,9.2079145251845,
ratio_asym_normal_M18_8,blockratio_theory,1728,1728,18,8,ar1,0.2,0,ar1,0.8,0,normal,normal,1,1,0,0,loglog,unequal_blocks_main_theorem,2.25,12,ratio_asym_normal_M18_8,9,10000,7,29260856,0,14,7,7,96,216,312,ABEL_oracle,0.99,0.9788,0.9788,0,0.0014405054668414,,-38.7072,,4.978386893403878,
ratio_asym_normal_M18_8,blockratio_theory,1728,1728,18,8,ar1,0.2,0,ar1,0.8,0,normal,normal,1,1,0,0,loglog,unequal_blocks_main_theorem,2.25,12,ratio_asym_normal_M18_8,9,10000,7,29260856,0,14,7,7,96,216,312,VCABEL_oracle,0.9,0.9086,0.9086,0,0.002881770983267,5.81142330775997e-05,29.7215999999998,0.2008427895161845,9.959400518170751,0.020166152485759595
ratio_asym_normal_M18_8,blockratio_theory,1728,1728,18,8,ar1,0.2,0,ar1,0.8,0,normal,normal,1,1,0,0,loglog,unequal_blocks_main_theorem,2.25,12,ratio_asym_normal_M18_8,9,10000,7,29260856,0,14,7,7,96,216,312,VCABEL_oracle,0.95,0.957,0.957,0,0.0020285709255532,0.0001071092078912,24.192,0.3701694224721142,7.010741118711859,0.05280032684192573
ratio_asym_normal_M18_8,blockratio_theory,1728,1728,18,8,ar1,0.2,0,ar1,0.8,0,normal,normal,1,1,0,0,loglog,unequal_blocks_main_theorem,2.25,12,ratio_asym_normal_M18_8,9,10000,7,29260856,0,14,7,7,96,216,312,VCABEL_oracle,0.99,0.9926,0.9926,0,0.0008570437561758,8.909387914047936e-05,8.98560000000016,0.3079084463094967,2.9619432213435646,0.10395487803099299
ratio_asym_normal_M18_8,blockratio_theory,1728,1728,18,8,ar1,0.2,0,ar1,0.8,0,normal,normal,1,1,0,0,loglog,unequal_blocks_main_theorem,2.25,12,ratio_asym_normal_M18_8,9,10000,7,29260856,0,14,7,7,96,216,312,BC_feasible,0.9,0.8553,0.8553,0,0.0035179810971635,,-154.4832,,12.158142671797055,
ratio_asym_normal_M18_8,blockratio_theory,1728,1728,18,8,ar1,0.2,0,ar1,0.8,0,normal,normal,1,1,0,0,loglog,unequal_blocks_main_theorem,2.25,12,ratio_asym_normal_M18_8,9,10000,7,29260856,0,14,7,7,96,216,312,BC_feasible,0.95,0.923,0.923,0,0.0026659144772479,,-93.3119999999997,,9.213400433368744,
ratio_asym_normal_M18_8,blockratio_theory,1728,1728,18,8,ar1,0.2,0,ar1,0.8,0,normal,normal,1,1,0,0,loglog,unequal_blocks_main_theorem,2.25,12,ratio_asym_normal_M18_8,9,10000,7,29260856,0,14,7,7,96,216,312,BC_feasible,0.99,0.9788,0.9788,0,0.0014405054668414,,-38.7072,,4.978386893403878,
ratio_asym_normal_M18_8,blockratio_theory,1728,1728,18,8,ar1,0.2,0,ar1,0.8,0,normal,normal,1,1,0,0,loglog,unequal_blocks_main_theorem,2.25,12,ratio_asym_normal_M18_8,9,10000,7,29260856,0,14,7,7,96,216,312,VC_feasible,0.9,0.9081,0.9081,0,0.0028888473479919,,27.9936,,9.983856434660007,
ratio_asym_normal_M18_8,blockratio_theory,1728,1728,18,8,ar1,0.2,0,ar1,0.8,0,normal,normal,1,1,0,0,loglog,unequal_blocks_main_theorem,2.25,12,ratio_asym_normal_M18_8,9,10000,7,29260856,0,14,7,7,96,216,312,VC_feasible,0.95,0.9558,0.9558,0,0.0020553919334277,,20.0448000000001,,7.103434521926131,
ratio_asym_normal_M18_8,blockratio_theory,1728,1728,18,8,ar1,0.2,0,ar1,0.8,0,normal,normal,1,1,0,0,loglog,unequal_blocks_main_theorem,2.25,12,ratio_asym_normal_M18_8,9,10000,7,29260856,0,14,7,7,96,216,312,VC_feasible,0.99,0.9927,0.9927,0,0.0008512761009214,,9.33120000000012,,2.9420102047843586,
ratio_asym_normal_M18_8,blockratio_theory,1728,1728,18,8,ar1,0.2,0,ar1,0.8,0,normal,normal,1,1,0,0,loglog,unequal_blocks_main_theorem,2.25,12,ratio_asym_normal_M18_8,9,10000,7,29260856,0,14,7,7,96,216,312,VCBC_feasible,0.9,0.9097,0.9097,0,0.0028661107794361,,33.5231999999998,,9.905278853731161,
ratio_asym_normal_M18_8,blockratio_theory,1728,1728,18,8,ar1,0.2,0,ar1,0.8,0,normal,normal,1,1,0,0,loglog,unequal_blocks_main_theorem,2.25,12,ratio_asym_normal_M18_8,9,10000,7,29260856,0,14,7,7,96,216,312,VCBC_feasible,0.95,0.957,0.957,0,0.0020285709255532,,24.192,,7.010741118711859,
ratio_asym_normal_M18_8,blockratio_theory,1728,1728,18,8,ar1,0.2,0,ar1,0.8,0,normal,normal,1,1,0,0,loglog,unequal_blocks_main_theorem,2.25,12,ratio_asym_normal_M18_8,9,10000,7,29260856,0,14,7,7,96,216,312,VCBC_feasible,0.99,0.9929,0.9929,0,0.0008396183656876,,10.0224,,2.9017210718163455,
ratio_asym_normal_M18_8,blockratio_theory,1728,1728,18,8,ar1,0.2,0,ar1,0.8,0,normal,normal,1,1,0,0,loglog,unequal_blocks_main_theorem,2.25,12,ratio_asym_normal_M18_8,9,10000,7,29260856,0,14,7,7,96,216,312,ABEL_feasible,0.9,0.8553,0.8553,0,0.0035179810971635,,-154.4832,,12.158142671797055,
ratio_asym_normal_M18_8,blockratio_theory,1728,1728,18,8,ar1,0.2,0,ar1,0.8,0,normal,normal,1,1,0,0,loglog,unequal_blocks_main_theorem,2.25,12,ratio_asym_normal_M18_8,9,10000,7,29260856,0,14,7,7,96,216,312,ABEL_feasible,0.95,0.923,0.923,0,0.0026659144772479,,-93.3119999999997,,9.213400433368744,
ratio_asym_normal_M18_8,blockratio_theory,1728,1728,18,8,ar1,0.2,0,ar1,0.8,0,normal,normal,1,1,0,0,loglog,unequal_blocks_main_theorem,2.25,12,ratio_asym_normal_M18_8,9,10000,7,29260856,0,14,7,7,96,216,312,ABEL_feasible,0.99,0.9788,0.9788,0,0.0014405054668414,,-38.7072,,4.978386893403878,
ratio_asym_normal_M18_8,blockratio_theory,1728,1728,18,8,ar1,0.2,0,ar1,0.8,0,normal,normal,1,1,0,0,loglog,unequal_blocks_main_theorem,2.25,12,ratio_asym_normal_M18_8,9,10000,7,29260856,0,14,7,7,96,216,312,VCABEL_feasible,0.9,0.9097,0.9097,0,0.0028661107794361,,33.5231999999998,,9.905278853731161,
ratio_asym_normal_M18_8,blockratio_theory,1728,1728,18,8,ar1,0.2,0,ar1,0.8,0,normal,normal,1,1,0,0,loglog,unequal_blocks_main_theorem,2.25,12,ratio_asym_normal_M18_8,9,10000,7,29260856,0,14,7,7,96,216,312,VCABEL_feasible,0.95,0.957,0.957,0,0.0020285709255532,,24.192,,7.010741118711859,
ratio_asym_normal_M18_8,blockratio_theory,1728,1728,18,8,ar1,0.2,0,ar1,0.8,0,normal,normal,1,1,0,0,loglog,unequal_blocks_main_theorem,2.25,12,ratio_asym_normal_M18_8,9,10000,7,29260856,0,14,7,7,96,216,312,VCABEL_feasible,0.99,0.9929,0.9929,0,0.0008396183656876,,10.0224,,2.9017210718163455,
ratio_asym_normal_M18_8,blockratio_theory,1728,1728,18,8,ar1,0.2,0,ar1,0.8,0,normal,normal,1,1,0,0,loglog,unequal_blocks_main_theorem,2.25,12,ratio_asym_normal_M18_8,9,10000,7,29260856,0,14,7,7,96,216,312,ABEL_fixed075,0.9,0.8545,0.8545,0,0.0035260423990644,,-157.248,,12.186002531166567,
ratio_asym_normal_M18_8,blockratio_theory,1728,1728,18,8,ar1,0.2,0,ar1,0.8,0,normal,normal,1,1,0,0,loglog,unequal_blocks_main_theorem,2.25,12,ratio_asym_normal_M18_8,9,10000,7,29260856,0,14,7,7,96,216,312,ABEL_fixed075,0.95,0.9221,0.9221,0,0.0026801416007368,,-96.4223999999997,,9.262569372146382,
ratio_asym_normal_M18_8,blockratio_theory,1728,1728,18,8,ar1,0.2,0,ar1,0.8,0,normal,normal,1,1,0,0,loglog,unequal_blocks_main_theorem,2.25,12,ratio_asym_normal_M18_8,9,10000,7,29260856,0,14,7,7,96,216,312,ABEL_fixed075,0.99,0.9783,0.9783,0,0.0014570212764404,,-40.4352000000002,,5.035465531378023,
ratio_asym_normal_M18_8,blockratio_theory,1728,1728,18,8,ar1,0.2,0,ar1,0.8,0,normal,normal,1,1,0,0,loglog,unequal_blocks_main_theorem,2.25,12,ratio_asym_normal_M18_8,9,10000,7,29260856,0,14,7,7,96,216,312,VCABEL_fixed075_oracleVC,0.9,0.908,0.908,0,0.00289025950392,,27.648,,9.98873684554752,
ratio_asym_normal_M18_8,blockratio_theory,1728,1728,18,8,ar1,0.2,0,ar1,0.8,0,normal,normal,1,1,0,0,loglog,unequal_blocks_main_theorem,2.25,12,ratio_asym_normal_M18_8,9,10000,7,29260856,0,14,7,7,96,216,312,VCABEL_fixed075_oracleVC,0.95,0.956,0.956,0,0.002050950998927,,20.736,,7.088086652291712,
ratio_asym_normal_M18_8,blockratio_theory,1728,1728,18,8,ar1,0.2,0,ar1,0.8,0,normal,normal,1,1,0,0,loglog,unequal_blocks_main_theorem,2.25,12,ratio_asym_normal_M18_8,9,10000,7,29260856,0,14,7,7,96,216,312,VCABEL_fixed075_oracleVC,0.99,0.9925,0.9925,0,0.0008627716963368,,8.6400000000002,,2.981738982539981,
ratio_asym_normal_M18_8,blockratio_theory,1728,1728,18,8,ar1,0.2,0,ar1,0.8,0,normal,normal,1,1,0,0,loglog,unequal_blocks_main_theorem,2.25,12,ratio_asym_normal_M18_8,9,10000,7,29260856,0,14,7,7,96,216,312,Wald_HAC,0.9,0.8509,0.8509,0,0.0035618701548484,,-169.6896,,12.30982325515607,
ratio_asym_normal_M18_8,blockratio_theory,1728,1728,18,8,ar1,0.2,0,ar1,0.8,0,normal,normal,1,1,0,0,loglog,unequal_blocks_main_theorem,2.25,12,ratio_asym_normal_M18_8,9,10000,7,29260856,0,14,7,7,96,216,312,Wald_HAC,0.95,0.9158,0.9158,0,0.0027768752222597,,-118.1952,,9.596880768129523,
ratio_asym_normal_M18_8,blockratio_theory,1728,1728,18,8,ar1,0.2,0,ar1,0.8,0,normal,normal,1,1,0,0,loglog,unequal_blocks_main_theorem,2.25,12,ratio_asym_normal_M18_8,9,10000,7,29260856,0,14,7,7,96,216,312,Wald_HAC,0.99,0.9767,0.9767,0,0.0015085459886924,,-45.9647999999999,,5.213534936920934,
ratio_asym_normal_M18_8,blockratio_theory,1728,1728,18,8,ar1,0.2,0,ar1,0.8,0,normal,normal,1,1,0,0,loglog,unequal_blocks_main_theorem,2.25,12,ratio_asym_normal_M18_8,9,10000,7,29260856,0,14,7,7,96,216,312,Wald_oracle,0.9,0.9095,0.9095,0,0.0028689675843411,,32.8319999999998,,9.91515197148284,
ratio_asym_normal_M18_8,blockratio_theory,1728,1728,18,8,ar1,0.2,0,ar1,0.8,0,normal,normal,1,1,0,0,loglog,unequal_blocks_main_theorem,2.25,12,ratio_asym_normal_M18_8,9,10000,7,29260856,0,14,7,7,96,216,312,Wald_oracle,0.95,0.9573,0.9573,0,0.0020217989514291,,25.2288000000003,,6.987337176138969,
ratio_asym_normal_M18_8,blockratio_theory,1728,1728,18,8,ar1,0.2,0,ar1,0.8,0,normal,normal,1,1,0,0,loglog,unequal_blocks_main_theorem,2.25,12,ratio_asym_normal_M18_8,9,10000,7,29260856,0,14,7,7,96,216,312,Wald_oracle,0.99,0.9924,0.9924,0,0.0008684607072286,,8.29439999999985,,3.001400204182042,
ratio_asym_normal_M24_6,blockratio_theory,1728,1728,24,6,ar1,0.2,0,ar1,0.8,0,normal,normal,1,1,0,0,loglog,unequal_blocks_main_theorem,4.0,12,ratio_asym_normal_M24_6,10,10000,7,30260859,0,14,7,7,72,288,360,BEL,0.9,0.8316,0.8316,0,0.0037422111110946,,-236.3904,,12.933081599942938,
ratio_asym_normal_M24_6,blockratio_theory,1728,1728,24,6,ar1,0.2,0,ar1,0.8,0,normal,normal,1,1,0,0,loglog,unequal_blocks_main_theorem,4.0,12,ratio_asym_normal_M24_6,10,10000,7,30260859,0,14,7,7,72,288,360,BEL,0.95,0.8987,0.8987,0,0.0030172555410505,,-177.2928,,10.427635149870527,
ratio_asym_normal_M24_6,blockratio_theory,1728,1728,24,6,ar1,0.2,0,ar1,0.8,0,normal,normal,1,1,0,0,loglog,unequal_blocks_main_theorem,4.0,12,ratio_asym_normal_M24_6,10,10000,7,30260859,0,14,7,7,72,288,360,BEL,0.99,0.9691,0.9691,0,0.0017304678558124,,-72.2304000000001,,5.980496909687655,
ratio_asym_normal_M24_6,blockratio_theory,1728,1728,24,6,ar1,0.2,0,ar1,0.8,0,normal,normal,1,1,0,0,loglog,unequal_blocks_main_theorem,4.0,12,ratio_asym_normal_M24_6,10,10000,7,30260859,0,14,7,7,72,288,360,BC_oracle,0.9,0.8341,0.8341,0,0.0037199084666158,,-227.7504,,12.856003660624204,
ratio_asym_normal_M24_6,blockratio_theory,1728,1728,24,6,ar1,0.2,0,ar1,0.8,0,normal,normal,1,1,0,0,loglog,unequal_blocks_main_theorem,4.0,12,ratio_asym_normal_M24_6,10,10000,7,30260859,0,14,7,7,72,288,360,BC_oracle,0.95,0.9017,0.9017,0,0.0029771985153832,,-166.9248,,10.289198069164339,
ratio_asym_normal_M24_6,blockratio_theory,1728,1728,24,6,ar1,0.2,0,ar1,0.8,0,normal,normal,1,1,0,0,loglog,unequal_blocks_main_theorem,4.0,12,ratio_asym_normal_M24_6,10,10000,7,30260859,0,14,7,7,72,288,360,BC_oracle,0.99,0.9702,0.9702,0,0.0017003517283197,,-68.4288000000001,,5.876415573072883,
ratio_asym_normal_M24_6,blockratio_theory,1728,1728,24,6,ar1,0.2,0,ar1,0.8,0,normal,normal,1,1,0,0,loglog,unequal_blocks_main_theorem,4.0,12,ratio_asym_normal_M24_6,10,10000,7,30260859,0,14,7,7,72,288,360,VC_oracle,0.9,0.8951,0.8951,0,0.0030642452578081,,-16.9344000000001,,10.590031610984793,
ratio_asym_normal_M24_6,blockratio_theory,1728,1728,24,6,ar1,0.2,0,ar1,0.8,0,normal,normal,1,1,0,0,loglog,unequal_blocks_main_theorem,4.0,12,ratio_asym_normal_M24_6,10,10000,7,30260859,0,14,7,7,72,288,360,VC_oracle,0.95,0.9481,0.9481,0,0.0022182513383293,,-6.56639999999966,,7.666276625266061,
ratio_asym_normal_M24_6,blockratio_theory,1728,1728,24,6,ar1,0.2,0,ar1,0.8,0,normal,normal,1,1,0,0,loglog,unequal_blocks_main_theorem,4.0,12,ratio_asym_normal_M24_6,10,10000,7,30260859,0,14,7,7,72,288,360,VC_oracle,0.99,0.9892,0.9892,0,0.0010336034055671,,-2.76480000000008,,3.5721333696398974,
ratio_asym_normal_M24_6,blockratio_theory,1728,1728,24,6,ar1,0.2,0,ar1,0.8,0,normal,normal,1,1,0,0,loglog,unequal_blocks_main_theorem,4.0,12,ratio_asym_normal_M24_6,10,10000,7,30260859,0,14,7,7,72,288,360,VCBC_oracle,0.9,0.8976,0.8976,0,0.0030317361362757,0.0002205269536385,-8.29440000000024,0.7621411517747058,10.47768008696882,0.07273949437744212
ratio_asym_normal_M24_6,blockratio_theory,1728,1728,24,6,ar1,0.2,0,ar1,0.8,0,normal,normal,1,1,0,0,loglog,unequal_blocks_main_theorem,4.0,12,ratio_asym_normal_M24_6,10,10000,7,30260859,0,14,7,7,72,288,360,VCBC_oracle,0.95,0.9498,0.9498,0,0.0021835741343036,0.0002584207508432,-0.691199999999924,0.8931021149141327,7.546432208153242,0.1183475966231057
ratio_asym_normal_M24_6,blockratio_theory,1728,1728,24,6,ar1,0.2,0,ar1,0.8,0,normal,normal,1,1,0,0,loglog,unequal_blocks_main_theorem,4.0,12,ratio_asym_normal_M24_6,10,10000,7,30260859,0,14,7,7,72,288,360,VCBC_oracle,0.99,0.9898,0.9898,0,0.0010047865444958,0.0001715909035863,-0.691199999999924,0.5930181627944933,3.4725422977774847,0.17077348868408024
ratio_asym_normal_M24_6,blockratio_theory,1728,1728,24,6,ar1,0.2,0,ar1,0.8,0,normal,normal,1,1,0,0,loglog,unequal_blocks_main_theorem,4.0,12,ratio_asym_normal_M24_6,10,10000,7,30260859,0,14,7,7,72,288,360,ABEL_oracle,0.9,0.8341,0.8341,0,0.0037199084666158,,-227.7504,,12.856003660624204,
ratio_asym_normal_M24_6,blockratio_theory,1728,1728,24,6,ar1,0.2,0,ar1,0.8,0,normal,normal,1,1,0,0,loglog,unequal_blocks_main_theorem,4.0,12,ratio_asym_normal_M24_6,10,10000,7,30260859,0,14,7,7,72,288,360,ABEL_oracle,0.95,0.9017,0.9017,0,0.0029771985153832,,-166.9248,,10.289198069164339,
ratio_asym_normal_M24_6,blockratio_theory,1728,1728,24,6,ar1,0.2,0,ar1,0.8,0,normal,normal,1,1,0,0,loglog,unequal_blocks_main_theorem,4.0,12,ratio_asym_normal_M24_6,10,10000,7,30260859,0,14,7,7,72,288,360,ABEL_oracle,0.99,0.9702,0.9702,0,0.0017003517283197,,-68.4288000000001,,5.876415573072883,
ratio_asym_normal_M24_6,blockratio_theory,1728,1728,24,6,ar1,0.2,0,ar1,0.8,0,normal,normal,1,1,0,0,loglog,unequal_blocks_main_theorem,4.0,12,ratio_asym_normal_M24_6,10,10000,7,30260859,0,14,7,7,72,288,360,VCABEL_oracle,0.9,0.8976,0.8976,0,0.0030317361362757,0.0002205269536385,-8.29440000000024,0.7621411517747058,10.47768008696882,0.07273949437744212
ratio_asym_normal_M24_6,blockratio_theory,1728,1728,24,6,ar1,0.2,0,ar1,0.8,0,normal,normal,1,1,0,0,loglog,unequal_blocks_main_theorem,4.0,12,ratio_asym_normal_M24_6,10,10000,7,30260859,0,14,7,7,72,288,360,VCABEL_oracle,0.95,0.9498,0.9498,0,0.0021835741343036,0.0002584207508432,-0.691199999999924,0.8931021149141327,7.546432208153242,0.1183475966231057
ratio_asym_normal_M24_6,blockratio_theory,1728,1728,24,6,ar1,0.2,0,ar1,0.8,0,normal,normal,1,1,0,0,loglog,unequal_blocks_main_theorem,4.0,12,ratio_asym_normal_M24_6,10,10000,7,30260859,0,14,7,7,72,288,360,VCABEL_oracle,0.99,0.9898,0.9898,0,0.0010047865444958,0.0001715909035863,-0.691199999999924,0.5930181627944933,3.4725422977774847,0.17077348868408024
ratio_asym_normal_M24_6,blockratio_theory,1728,1728,24,6,ar1,0.2,0,ar1,0.8,0,normal,normal,1,1,0,0,loglog,unequal_blocks_main_theorem,4.0,12,ratio_asym_normal_M24_6,10,10000,7,30260859,0,14,7,7,72,288,360,BC_feasible,0.9,0.8338,0.8338,0,0.0037226007038091,,-228.7872,,12.865308032364249,
ratio_asym_normal_M24_6,blockratio_theory,1728,1728,24,6,ar1,0.2,0,ar1,0.8,0,normal,normal,1,1,0,0,loglog,unequal_blocks_main_theorem,4.0,12,ratio_asym_normal_M24_6,10,10000,7,30260859,0,14,7,7,72,288,360,BC_feasible,0.95,0.9017,0.9017,0,0.0029771985153832,,-166.9248,,10.289198069164339,
ratio_asym_normal_M24_6,blockratio_theory,1728,1728,24,6,ar1,0.2,0,ar1,0.8,0,normal,normal,1,1,0,0,loglog,unequal_blocks_main_theorem,4.0,12,ratio_asym_normal_M24_6,10,10000,7,30260859,0,14,7,7,72,288,360,BC_feasible,0.99,0.97,0.97,0,0.0017058722109232,,-69.1200000000001,,5.895494360950579,
ratio_asym_normal_M24_6,blockratio_theory,1728,1728,24,6,ar1,0.2,0,ar1,0.8,0,normal,normal,1,1,0,0,loglog,unequal_blocks_main_theorem,4.0,12,ratio_asym_normal_M24_6,10,10000,7,30260859,0,14,7,7,72,288,360,VC_feasible,0.9,0.9047,0.9047,0,0.0029362886438495,,16.2431999999997,,10.147813553143873,
ratio_asym_normal_M24_6,blockratio_theory,1728,1728,24,6,ar1,0.2,0,ar1,0.8,0,normal,normal,1,1,0,0,loglog,unequal_blocks_main_theorem,4.0,12,ratio_asym_normal_M24_6,10,10000,7,30260859,0,14,7,7,72,288,360,VC_feasible,0.95,0.9532,0.9532,0,0.0021121022702511,,11.0592000000003,,7.299425445987802,
ratio_asym_normal_M24_6,blockratio_theory,1728,1728,24,6,ar1,0.2,0,ar1,0.8,0,normal,normal,1,1,0,0,loglog,unequal_blocks_main_theorem,4.0,12,ratio_asym_normal_M24_6,10,10000,7,30260859,0,14,7,7,72,288,360,VC_feasible,0.99,0.9916,0.9916,0,0.0009126576576131,,5.52960000000016,,3.1541448647108736,
ratio_asym_normal_M24_6,blockratio_theory,1728,1728,24,6,ar1,0.2,0,ar1,0.8,0,normal,normal,1,1,0,0,loglog,unequal_blocks_main_theorem,4.0,12,ratio_asym_normal_M24_6,10,10000,7,30260859,0,14,7,7,72,288,360,VCBC_feasible,0.9,0.9074,0.9074,0,0.0028987107479015,,25.5743999999999,,10.017944344747583,
ratio_asym_normal_M24_6,blockratio_theory,1728,1728,24,6,ar1,0.2,0,ar1,0.8,0,normal,normal,1,1,0,0,loglog,unequal_blocks_main_theorem,4.0,12,ratio_asym_normal_M24_6,10,10000,7,30260859,0,14,7,7,72,288,360,VCBC_feasible,0.95,0.9545,0.9545,0,0.0020839805661282,,15.5520000000002,,7.2022368365390586,
ratio_asym_normal_M24_6,blockratio_theory,1728,1728,24,6,ar1,0.2,0,ar1,0.8,0,normal,normal,1,1,0,0,loglog,unequal_blocks_main_theorem,4.0,12,ratio_asym_normal_M24_6,10,10000,7,30260859,0,14,7,7,72,288,360,VCBC_feasible,0.99,0.9921,0.9921,0,0.0008853016435091,,7.25759999999997,,3.0596024799674497,
ratio_asym_normal_M24_6,blockratio_theory,1728,1728,24,6,ar1,0.2,0,ar1,0.8,0,normal,normal,1,1,0,0,loglog,unequal_blocks_main_theorem,4.0,12,ratio_asym_normal_M24_6,10,10000,7,30260859,0,14,7,7,72,288,360,ABEL_feasible,0.9,0.8338,0.8338,0,0.0037226007038091,,-228.7872,,12.865308032364249,
ratio_asym_normal_M24_6,blockratio_theory,1728,1728,24,6,ar1,0.2,0,ar1,0.8,0,normal,normal,1,1,0,0,loglog,unequal_blocks_main_theorem,4.0,12,ratio_asym_normal_M24_6,10,10000,7,30260859,0,14,7,7,72,288,360,ABEL_feasible,0.95,0.9016,0.9016,0,0.0029785472969217,,-167.2704,,10.293859458161396,
ratio_asym_normal_M24_6,blockratio_theory,1728,1728,24,6,ar1,0.2,0,ar1,0.8,0,normal,normal,1,1,0,0,loglog,unequal_blocks_main_theorem,4.0,12,ratio_asym_normal_M24_6,10,10000,7,30260859,0,14,7,7,72,288,360,ABEL_feasible,0.99,0.97,0.97,0,0.0017058722109232,,-69.1200000000001,,5.895494360950579,
ratio_asym_normal_M24_6,blockratio_theory,1728,1728,24,6,ar1,0.2,0,ar1,0.8,0,normal,normal,1,1,0,0,loglog,unequal_blocks_main_theorem,4.0,12,ratio_asym_normal_M24_6,10,10000,7,30260859,0,14,7,7,72,288,360,VCABEL_feasible,0.9,0.9075,0.9075,0,0.0028973047820345,,25.9199999999998,,10.013085326711233,
ratio_asym_normal_M24_6,blockratio_theory,1728,1728,24,6,ar1,0.2,0,ar1,0.8,0,normal,normal,1,1,0,0,loglog,unequal_blocks_main_theorem,4.0,12,ratio_asym_normal_M24_6,10,10000,7,30260859,0,14,7,7,72,288,360,VCABEL_feasible,0.95,0.9545,0.9545,0,0.0020839805661282,,15.5520000000002,,7.2022368365390586,
ratio_asym_normal_M24_6,blockratio_theory,1728,1728,24,6,ar1,0.2,0,ar1,0.8,0,normal,normal,1,1,0,0,loglog,unequal_blocks_main_theorem,4.0,12,ratio_asym_normal_M24_6,10,10000,7,30260859,0,14,7,7,72,288,360,VCABEL_feasible,0.99,0.9921,0.9921,0,0.0008853016435091,,7.25759999999997,,3.0596024799674497,
ratio_asym_normal_M24_6,blockratio_theory,1728,1728,24,6,ar1,0.2,0,ar1,0.8,0,normal,normal,1,1,0,0,loglog,unequal_blocks_main_theorem,4.0,12,ratio_asym_normal_M24_6,10,10000,7,30260859,0,14,7,7,72,288,360,ABEL_fixed075,0.9,0.8322,0.8322,0,0.0037368858692767,,-234.3168,,12.914677564220275,
ratio_asym_normal_M24_6,blockratio_theory,1728,1728,24,6,ar1,0.2,0,ar1,0.8,0,normal,normal,1,1,0,0,loglog,unequal_blocks_main_theorem,4.0,12,ratio_asym_normal_M24_6,10,10000,7,30260859,0,14,7,7,72,288,360,ABEL_fixed075,0.95,0.8992,0.8992,0,0.0030106371418688,,-175.5648,,10.404761962298574,
ratio_asym_normal_M24_6,blockratio_theory,1728,1728,24,6,ar1,0.2,0,ar1,0.8,0,normal,normal,1,1,0,0,loglog,unequal_blocks_main_theorem,4.0,12,ratio_asym_normal_M24_6,10,10000,7,30260859,0,14,7,7,72,288,360,ABEL_fixed075,0.99,0.9693,0.9693,0,0.0017250365213525,,-71.5391999999998,,5.96172621779424,
ratio_asym_normal_M24_6,blockratio_theory,1728,1728,24,6,ar1,0.2,0,ar1,0.8,0,normal,normal,1,1,0,0,loglog,unequal_blocks_main_theorem,4.0,12,ratio_asym_normal_M24_6,10,10000,7,30260859,0,14,7,7,72,288,360,VCABEL_fixed075_oracleVC,0.9,0.8957,0.8957,0,0.0030564932520782,,-14.8607999999999,,10.56324067918226,
ratio_asym_normal_M24_6,blockratio_theory,1728,1728,24,6,ar1,0.2,0,ar1,0.8,0,normal,normal,1,1,0,0,loglog,unequal_blocks_main_theorem,4.0,12,ratio_asym_normal_M24_6,10,10000,7,30260859,0,14,7,7,72,288,360,VCABEL_fixed075_oracleVC,0.95,0.9484,0.9484,0,0.0022121808244354,,-5.52959999999977,,7.645296929248742,
ratio_asym_normal_M24_6,blockratio_theory,1728,1728,24,6,ar1,0.2,0,ar1,0.8,0,normal,normal,1,1,0,0,loglog,unequal_blocks_main_theorem,4.0,12,ratio_asym_normal_M24_6,10,10000,7,30260859,0,14,7,7,72,288,360,VCABEL_fixed075_oracleVC,0.99,0.9895,0.9895,0,0.0010193012312363,,-1.72799999999981,,3.5227050551526533,
ratio_asym_normal_M24_6,blockratio_theory,1728,1728,24,6,ar1,0.2,0,ar1,0.8,0,normal,normal,1,1,0,0,loglog,unequal_blocks_main_theorem,4.0,12,ratio_asym_normal_M24_6,10,10000,7,30260859,0,14,7,7,72,288,360,Wald_HAC,0.9,0.84,0.84,0,0.0036660605559646,,-207.36,,12.669905281413657,
ratio_asym_normal_M24_6,blockratio_theory,1728,1728,24,6,ar1,0.2,0,ar1,0.8,0,normal,normal,1,1,0,0,loglog,unequal_blocks_main_theorem,4.0,12,ratio_asym_normal_M24_6,10,10000,7,30260859,0,14,7,7,72,288,360,Wald_HAC,0.95,0.9065,0.9065,0,0.0029113184298527,,-150.336,,10.061516493570931,
ratio_asym_normal_M24_6,blockratio_theory,1728,1728,24,6,ar1,0.2,0,ar1,0.8,0,normal,normal,1,1,0,0,loglog,unequal_blocks_main_theorem,4.0,12,ratio_asym_normal_M24_6,10,10000,7,30260859,0,14,7,7,72,288,360,Wald_HAC,0.99,0.9724,0.9724,0,0.0016382380779361,,-60.8255999999998,,5.661750797347162,
ratio_asym_normal_M24_6,blockratio_theory,1728,1728,24,6,ar1,0.2,0,ar1,0.8,0,normal,normal,1,1,0,0,loglog,unequal_blocks_main_theorem,4.0,12,ratio_asym_normal_M24_6,10,10000,7,30260859,0,14,7,7,72,288,360,Wald_oracle,0.9,0.8998,0.8998,0,0.0030026648164588,,-0.691199999999924,,10.377209605681612,
ratio_asym_normal_M24_6,blockratio_theory,1728,1728,24,6,ar1,0.2,0,ar1,0.8,0,normal,normal,1,1,0,0,loglog,unequal_blocks_main_theorem,4.0,12,ratio_asym_normal_M24_6,10,10000,7,30260859,0,14,7,7,72,288,360,Wald_oracle,0.95,0.9492,0.9492,0,0.0021958907076628,,-2.7647999999997,,7.588998285682638,
ratio_asym_normal_M24_6,blockratio_theory,1728,1728,24,6,ar1,0.2,0,ar1,0.8,0,normal,normal,1,1,0,0,loglog,unequal_blocks_main_theorem,4.0,12,ratio_asym_normal_M24_6,10,10000,7,30260859,0,14,7,7,72,288,360,Wald_oracle,0.99,0.9909,0.9909,0,0.0009495888584013,,3.11040000000004,,3.281779094634893,
ratio_asym_skew_M6_24,blockratio_theory,1728,1728,6,24,ar1,0.2,0,ar1,0.8,0,normal,chisq1,1,1,0,0,loglog,unequal_blocks_main_theorem,0.25,12,ratio_asym_skew_M6_24,11,10000,7,31260862,0,14,7,7,288,72,360,BEL,0.9,0.8743,0.8743,0,0.0033151095004539,,-88.8192000000002,,11.457018433568678,
ratio_asym_skew_M6_24,blockratio_theory,1728,1728,6,24,ar1,0.2,0,ar1,0.8,0,normal,chisq1,1,1,0,0,loglog,unequal_blocks_main_theorem,0.25,12,ratio_asym_skew_M6_24,11,10000,7,31260862,0,14,7,7,288,72,360,BEL,0.95,0.932,0.932,0,0.0025174590364095,,-62.2079999999997,,8.700338429831232,
ratio_asym_skew_M6_24,blockratio_theory,1728,1728,6,24,ar1,0.2,0,ar1,0.8,0,normal,chisq1,1,1,0,0,loglog,unequal_blocks_main_theorem,0.25,12,ratio_asym_skew_M6_24,11,10000,7,31260862,0,14,7,7,288,72,360,BEL,0.99,0.984,0.984,0,0.0012547509713086,,-20.736,,4.336419356842521,
ratio_asym_skew_M6_24,blockratio_theory,1728,1728,6,24,ar1,0.2,0,ar1,0.8,0,normal,chisq1,1,1,0,0,loglog,unequal_blocks_main_theorem,0.25,12,ratio_asym_skew_M6_24,11,10000,7,31260862,0,14,7,7,288,72,360,BC_oracle,0.9,0.8765,0.8765,0,0.0032901025819873,,-81.2160000000003,,11.370594523348108,
ratio_asym_skew_M6_24,blockratio_theory,1728,1728,6,24,ar1,0.2,0,ar1,0.8,0,normal,chisq1,1,1,0,0,loglog,unequal_blocks_main_theorem,0.25,12,ratio_asym_skew_M6_24,11,10000,7,31260862,0,14,7,7,288,72,360,BC_oracle,0.95,0.9334,0.9334,0,0.0024932797676955,,-57.3695999999998,,8.616774877155649,
ratio_asym_skew_M6_24,blockratio_theory,1728,1728,6,24,ar1,0.2,0,ar1,0.8,0,normal,chisq1,1,1,0,0,loglog,unequal_blocks_main_theorem,0.25,12,ratio_asym_skew_M6_24,11,10000,7,31260862,0,14,7,7,288,72,360,BC_oracle,0.99,0.9849,0.9849,0,0.0012195076875526,,-17.6256,,4.214618568181786,
ratio_asym_skew_M6_24,blockratio_theory,1728,1728,6,24,ar1,0.2,0,ar1,0.8,0,normal,chisq1,1,1,0,0,loglog,unequal_blocks_main_theorem,0.25,12,ratio_asym_skew_M6_24,11,10000,7,31260862,0,14,7,7,288,72,360,VC_oracle,0.9,0.8996,0.8996,0,0.0030053259390621,,-1.38240000000023,,10.386406445398617,
ratio_asym_skew_M6_24,blockratio_theory,1728,1728,6,24,ar1,0.2,0,ar1,0.8,0,normal,chisq1,1,1,0,0,loglog,unequal_blocks_main_theorem,0.25,12,ratio_asym_skew_M6_24,11,10000,7,31260862,0,14,7,7,288,72,360,VC_oracle,0.95,0.9483,0.9483,0,0.0022142066299241,,-5.87519999999974,,7.65229811301769,
ratio_asym_skew_M6_24,blockratio_theory,1728,1728,6,24,ar1,0.2,0,ar1,0.8,0,normal,chisq1,1,1,0,0,loglog,unequal_blocks_main_theorem,0.25,12,ratio_asym_skew_M6_24,11,10000,7,31260862,0,14,7,7,288,72,360,VC_oracle,0.99,0.9898,0.9898,0,0.0010047865444958,,-0.691199999999924,,3.4725422977774847,
ratio_asym_skew_M6_24,blockratio_theory,1728,1728,6,24,ar1,0.2,0,ar1,0.8,0,normal,chisq1,1,1,0,0,loglog,unequal_blocks_main_theorem,0.25,12,ratio_asym_skew_M6_24,11,10000,7,31260862,0,14,7,7,288,72,360,VCBC_oracle,0.9,0.9009,0.9009,0,0.0029879623491603,-0.0001117686746322,3.11040000000004,-0.3862725395292133,10.326397878697996,0.03740631961567575
ratio_asym_skew_M6_24,blockratio_theory,1728,1728,6,24,ar1,0.2,0,ar1,0.8,0,normal,chisq1,1,1,0,0,loglog,unequal_blocks_main_theorem,0.25,12,ratio_asym_skew_M6_24,11,10000,7,31260862,0,14,7,7,288,72,360,VCBC_oracle,0.95,0.9494,0.9494,0,0.0021917946984149,-4.319725469909535e-05,-2.07359999999977,-0.1492897122400735,7.574842477721894,0.019708622678180344
ratio_asym_skew_M6_24,blockratio_theory,1728,1728,6,24,ar1,0.2,0,ar1,0.8,0,normal,chisq1,1,1,0,0,loglog,unequal_blocks_main_theorem,0.25,12,ratio_asym_skew_M6_24,11,10000,7,31260862,0,14,7,7,288,72,360,VCBC_oracle,0.99,0.9901,0.9901,0,0.0009900499987374,1.1760672947796614e-05,0.345599999999962,0.0406448857075851,3.4216127956364546,0.011878867696373792
ratio_asym_skew_M6_24,blockratio_theory,1728,1728,6,24,ar1,0.2,0,ar1,0.8,0,normal,chisq1,1,1,0,0,loglog,unequal_blocks_main_theorem,0.25,12,ratio_asym_skew_M6_24,11,10000,7,31260862,0,14,7,7,288,72,360,ABEL_oracle,0.9,0.8765,0.8765,0,0.0032901025819873,,-81.2160000000003,,11.370594523348108,
ratio_asym_skew_M6_24,blockratio_theory,1728,1728,6,24,ar1,0.2,0,ar1,0.8,0,normal,chisq1,1,1,0,0,loglog,unequal_blocks_main_theorem,0.25,12,ratio_asym_skew_M6_24,11,10000,7,31260862,0,14,7,7,288,72,360,ABEL_oracle,0.95,0.9334,0.9334,0,0.0024932797676955,,-57.3695999999998,,8.616774877155649,
ratio_asym_skew_M6_24,blockratio_theory,1728,1728,6,24,ar1,0.2,0,ar1,0.8,0,normal,chisq1,1,1,0,0,loglog,unequal_blocks_main_theorem,0.25,12,ratio_asym_skew_M6_24,11,10000,7,31260862,0,14,7,7,288,72,360,ABEL_oracle,0.99,0.9849,0.9849,0,0.0012195076875526,,-17.6256,,4.214618568181786,
ratio_asym_skew_M6_24,blockratio_theory,1728,1728,6,24,ar1,0.2,0,ar1,0.8,0,normal,chisq1,1,1,0,0,loglog,unequal_blocks_main_theorem,0.25,12,ratio_asym_skew_M6_24,11,10000,7,31260862,0,14,7,7,288,72,360,VCABEL_oracle,0.9,0.9009,0.9009,0,0.0029879623491603,-0.0001117686746322,3.11040000000004,-0.3862725395292133,10.326397878697996,0.03740631961567575
ratio_asym_skew_M6_24,blockratio_theory,1728,1728,6,24,ar1,0.2,0,ar1,0.8,0,normal,chisq1,1,1,0,0,loglog,unequal_blocks_main_theorem,0.25,12,ratio_asym_skew_M6_24,11,10000,7,31260862,0,14,7,7,288,72,360,VCABEL_oracle,0.95,0.9494,0.9494,0,0.0021917946984149,-4.319725469909535e-05,-2.07359999999977,-0.1492897122400735,7.574842477721894,0.019708622678180344
ratio_asym_skew_M6_24,blockratio_theory,1728,1728,6,24,ar1,0.2,0,ar1,0.8,0,normal,chisq1,1,1,0,0,loglog,unequal_blocks_main_theorem,0.25,12,ratio_asym_skew_M6_24,11,10000,7,31260862,0,14,7,7,288,72,360,VCABEL_oracle,0.99,0.9901,0.9901,0,0.0009900499987374,1.1760672947796614e-05,0.345599999999962,0.0406448857075851,3.4216127956364546,0.011878867696373792
ratio_asym_skew_M6_24,blockratio_theory,1728,1728,6,24,ar1,0.2,0,ar1,0.8,0,normal,chisq1,1,1,0,0,loglog,unequal_blocks_main_theorem,0.25,12,ratio_asym_skew_M6_24,11,10000,7,31260862,0,14,7,7,288,72,360,BC_feasible,0.9,0.8764,0.8764,0,0.0032912465723491,,-81.5616000000002,,11.37454815403849,
ratio_asym_skew_M6_24,blockratio_theory,1728,1728,6,24,ar1,0.2,0,ar1,0.8,0,normal,chisq1,1,1,0,0,loglog,unequal_blocks_main_theorem,0.25,12,ratio_asym_skew_M6_24,11,10000,7,31260862,0,14,7,7,288,72,360,BC_feasible,0.95,0.9335,0.9335,0,0.0024915406880081,,-57.0239999999999,,8.610764617755994,
ratio_asym_skew_M6_24,blockratio_theory,1728,1728,6,24,ar1,0.2,0,ar1,0.8,0,normal,chisq1,1,1,0,0,loglog,unequal_blocks_main_theorem,0.25,12,ratio_asym_skew_M6_24,11,10000,7,31260862,0,14,7,7,288,72,360,BC_feasible,0.99,0.9847,0.9847,0,0.0012274326865453,,-18.3167999999999,,4.242007364700557,
ratio_asym_skew_M6_24,blockratio_theory,1728,1728,6,24,ar1,0.2,0,ar1,0.8,0,normal,chisq1,1,1,0,0,loglog,unequal_blocks_main_theorem,0.25,12,ratio_asym_skew_M6_24,11,10000,7,31260862,0,14,7,7,288,72,360,VC_feasible,0.9,0.8963,0.8963,0,0.0030487097270812,,-12.7872000000001,,10.536340816792627,
ratio_asym_skew_M6_24,blockratio_theory,1728,1728,6,24,ar1,0.2,0,ar1,0.8,0,normal,chisq1,1,1,0,0,loglog,unequal_blocks_main_theorem,0.25,12,ratio_asym_skew_M6_24,11,10000,7,31260862,0,14,7,7,288,72,360,VC_feasible,0.95,0.946,0.946,0,0.0022601769842204,,-13.824,,7.811171657465703,
ratio_asym_skew_M6_24,blockratio_theory,1728,1728,6,24,ar1,0.2,0,ar1,0.8,0,normal,chisq1,1,1,0,0,loglog,unequal_blocks_main_theorem,0.25,12,ratio_asym_skew_M6_24,11,10000,7,31260862,0,14,7,7,288,72,360,VC_feasible,0.99,0.9893,0.9893,0,0.0010288590768419,,-2.41920000000012,,3.5557369695656065,
ratio_asym_skew_M6_24,blockratio_theory,1728,1728,6,24,ar1,0.2,0,ar1,0.8,0,normal,chisq1,1,1,0,0,loglog,unequal_blocks_main_theorem,0.25,12,ratio_asym_skew_M6_24,11,10000,7,31260862,0,14,7,7,288,72,360,VCBC_feasible,0.9,0.8979,0.8979,0,0.0030277977145113,,-7.25759999999997,,10.464068901351053,
ratio_asym_skew_M6_24,blockratio_theory,1728,1728,6,24,ar1,0.2,0,ar1,0.8,0,normal,chisq1,1,1,0,0,loglog,unequal_blocks_main_theorem,0.25,12,ratio_asym_skew_M6_24,11,10000,7,31260862,0,14,7,7,288,72,360,VCBC_feasible,0.95,0.9476,0.9476,0,0.0022283231363516,,-8.29439999999985,,7.70108475923113,
ratio_asym_skew_M6_24,blockratio_theory,1728,1728,6,24,ar1,0.2,0,ar1,0.8,0,normal,chisq1,1,1,0,0,loglog,unequal_blocks_main_theorem,0.25,12,ratio_asym_skew_M6_24,11,10000,7,31260862,0,14,7,7,288,72,360,VCBC_feasible,0.99,0.9897,0.9897,0,0.0010096489488926,,-1.03679999999989,,3.489346767372826,
ratio_asym_skew_M6_24,blockratio_theory,1728,1728,6,24,ar1,0.2,0,ar1,0.8,0,normal,chisq1,1,1,0,0,loglog,unequal_blocks_main_theorem,0.25,12,ratio_asym_skew_M6_24,11,10000,7,31260862,0,14,7,7,288,72,360,ABEL_feasible,0.9,0.8764,0.8764,0,0.0032912465723491,,-81.5616000000002,,11.37454815403849,
ratio_asym_skew_M6_24,blockratio_theory,1728,1728,6,24,ar1,0.2,0,ar1,0.8,0,normal,chisq1,1,1,0,0,loglog,unequal_blocks_main_theorem,0.25,12,ratio_asym_skew_M6_24,11,10000,7,31260862,0,14,7,7,288,72,360,ABEL_feasible,0.95,0.9335,0.9335,0,0.0024915406880081,,-57.0239999999999,,8.610764617755994,
ratio_asym_skew_M6_24,blockratio_theory,1728,1728,6,24,ar1,0.2,0,ar1,0.8,0,normal,chisq1,1,1,0,0,loglog,unequal_blocks_main_theorem,0.25,12,ratio_asym_skew_M6_24,11,10000,7,31260862,0,14,7,7,288,72,360,ABEL_feasible,0.99,0.9847,0.9847,0,0.0012274326865453,,-18.3167999999999,,4.242007364700557,
ratio_asym_skew_M6_24,blockratio_theory,1728,1728,6,24,ar1,0.2,0,ar1,0.8,0,normal,chisq1,1,1,0,0,loglog,unequal_blocks_main_theorem,0.25,12,ratio_asym_skew_M6_24,11,10000,7,31260862,0,14,7,7,288,72,360,VCABEL_feasible,0.9,0.8979,0.8979,0,0.0030277977145113,,-7.25759999999997,,10.464068901351053,
ratio_asym_skew_M6_24,blockratio_theory,1728,1728,6,24,ar1,0.2,0,ar1,0.8,0,normal,chisq1,1,1,0,0,loglog,unequal_blocks_main_theorem,0.25,12,ratio_asym_skew_M6_24,11,10000,7,31260862,0,14,7,7,288,72,360,VCABEL_feasible,0.95,0.9476,0.9476,0,0.0022283231363516,,-8.29439999999985,,7.70108475923113,
ratio_asym_skew_M6_24,blockratio_theory,1728,1728,6,24,ar1,0.2,0,ar1,0.8,0,normal,chisq1,1,1,0,0,loglog,unequal_blocks_main_theorem,0.25,12,ratio_asym_skew_M6_24,11,10000,7,31260862,0,14,7,7,288,72,360,VCABEL_feasible,0.99,0.9897,0.9897,0,0.0010096489488926,,-1.03679999999989,,3.489346767372826,
ratio_asym_skew_M6_24,blockratio_theory,1728,1728,6,24,ar1,0.2,0,ar1,0.8,0,normal,chisq1,1,1,0,0,loglog,unequal_blocks_main_theorem,0.25,12,ratio_asym_skew_M6_24,11,10000,7,31260862,0,14,7,7,288,72,360,ABEL_fixed075,0.9,0.8753,0.8753,0,0.0033037843452622,,-85.3632000000002,,11.417878697226163,
ratio_asym_skew_M6_24,blockratio_theory,1728,1728,6,24,ar1,0.2,0,ar1,0.8,0,normal,chisq1,1,1,0,0,loglog,unequal_blocks_main_theorem,0.25,12,ratio_asym_skew_M6_24,11,10000,7,31260862,0,14,7,7,288,72,360,ABEL_fixed075,0.95,0.9324,0.9324,0,0.0025105824025512,,-60.8255999999998,,8.676572783216947,
ratio_asym_skew_M6_24,blockratio_theory,1728,1728,6,24,ar1,0.2,0,ar1,0.8,0,normal,chisq1,1,1,0,0,loglog,unequal_blocks_main_theorem,0.25,12,ratio_asym_skew_M6_24,11,10000,7,31260862,0,14,7,7,288,72,360,ABEL_fixed075,0.99,0.9845,0.9845,0,0.0012353036064061,,-19.0079999999998,,4.269209263739481,
ratio_asym_skew_M6_24,blockratio_theory,1728,1728,6,24,ar1,0.2,0,ar1,0.8,0,normal,chisq1,1,1,0,0,loglog,unequal_blocks_main_theorem,0.25,12,ratio_asym_skew_M6_24,11,10000,7,31260862,0,14,7,7,288,72,360,VCABEL_fixed075_oracleVC,0.9,0.9,0.9,0,0.003,,0.0,,10.368,
ratio_asym_skew_M6_24,blockratio_theory,1728,1728,6,24,ar1,0.2,0,ar1,0.8,0,normal,chisq1,1,1,0,0,loglog,unequal_blocks_main_theorem,0.25,12,ratio_asym_skew_M6_24,11,10000,7,31260862,0,14,7,7,288,72,360,VCABEL_fixed075_oracleVC,0.95,0.9487,0.9487,0,0.0022060895267418,,-4.49279999999989,,7.624245404419661,
ratio_asym_skew_M6_24,blockratio_theory,1728,1728,6,24,ar1,0.2,0,ar1,0.8,0,normal,chisq1,1,1,0,0,loglog,unequal_blocks_main_theorem,0.25,12,ratio_asym_skew_M6_24,11,10000,7,31260862,0,14,7,7,288,72,360,VCABEL_fixed075_oracleVC,0.99,0.9899,0.9899,0,0.0009998994949493,,-0.345599999999962,,3.4556526545447803,
ratio_asym_skew_M6_24,blockratio_theory,1728,1728,6,24,ar1,0.2,0,ar1,0.8,0,normal,chisq1,1,1,0,0,loglog,unequal_blocks_main_theorem,0.25,12,ratio_asym_skew_M6_24,11,10000,7,31260862,0,14,7,7,288,72,360,Wald_HAC,0.9,0.8411,0.8411,0,0.0036558280867677,,-203.5584,,12.63454186786917,
ratio_asym_skew_M6_24,blockratio_theory,1728,1728,6,24,ar1,0.2,0,ar1,0.8,0,normal,chisq1,1,1,0,0,loglog,unequal_blocks_main_theorem,0.25,12,ratio_asym_skew_M6_24,11,10000,7,31260862,0,14,7,7,288,72,360,Wald_HAC,0.95,0.9094,0.9094,0,0.0028703943979878,,-140.3136,,9.920083039445837,
ratio_asym_skew_M6_24,blockratio_theory,1728,1728,6,24,ar1,0.2,0,ar1,0.8,0,normal,chisq1,1,1,0,0,loglog,unequal_blocks_main_theorem,0.25,12,ratio_asym_skew_M6_24,11,10000,7,31260862,0,14,7,7,288,72,360,Wald_HAC,0.99,0.973,0.973,0,0.0016208331191088,,-58.7520000000001,,5.601599259640013,
ratio_asym_skew_M6_24,blockratio_theory,1728,1728,6,24,ar1,0.2,0,ar1,0.8,0,normal,chisq1,1,1,0,0,loglog,unequal_blocks_main_theorem,0.25,12,ratio_asym_skew_M6_24,11,10000,7,31260862,0,14,7,7,288,72,360,Wald_oracle,0.9,0.9022,0.9022,0,0.0029704403713927,,7.60319999999993,,10.265841923533172,
ratio_asym_skew_M6_24,blockratio_theory,1728,1728,6,24,ar1,0.2,0,ar1,0.8,0,normal,chisq1,1,1,0,0,loglog,unequal_blocks_main_theorem,0.25,12,ratio_asym_skew_M6_24,11,10000,7,31260862,0,14,7,7,288,72,360,Wald_oracle,0.95,0.9501,0.9501,0,0.0021773835215689,,0.345599999999962,,7.525037450542118,
ratio_asym_skew_M6_24,blockratio_theory,1728,1728,6,24,ar1,0.2,0,ar1,0.8,0,normal,chisq1,1,1,0,0,loglog,unequal_blocks_main_theorem,0.25,12,ratio_asym_skew_M6_24,11,10000,7,31260862,0,14,7,7,288,72,360,Wald_oracle,0.99,0.9903,0.9903,0,0.000980097444135,,1.03679999999989,,3.3872167669305595,
ratio_asym_skew_M8_18,blockratio_theory,1728,1728,8,18,ar1,0.2,0,ar1,0.8,0,normal,chisq1,1,1,0,0,loglog,unequal_blocks_main_theorem,0.444444444444444,12,ratio_asym_skew_M8_18,12,10000,7,32260865,0,14,7,7,216,96,312,BEL,0.9,0.8678,0.8678,0,0.0033870807489636,,-111.2832,,11.705751068418202,
ratio_asym_skew_M8_18,blockratio_theory,1728,1728,8,18,ar1,0.2,0,ar1,0.8,0,normal,chisq1,1,1,0,0,loglog,unequal_blocks_main_theorem,0.444444444444444,12,ratio_asym_skew_M8_18,12,10000,7,32260865,0,14,7,7,216,96,312,BEL,0.95,0.9278,0.9278,0,0.0025881877829863,,-76.7232,,8.944776978000652,
ratio_asym_skew_M8_18,blockratio_theory,1728,1728,8,18,ar1,0.2,0,ar1,0.8,0,normal,chisq1,1,1,0,0,loglog,unequal_blocks_main_theorem,0.444444444444444,12,ratio_asym_skew_M8_18,12,10000,7,32260865,0,14,7,7,216,96,312,BEL,0.99,0.9822,0.9822,0,0.0013222390101642,,-26.9568000000001,,4.569658019127475,
ratio_asym_skew_M8_18,blockratio_theory,1728,1728,8,18,ar1,0.2,0,ar1,0.8,0,normal,chisq1,1,1,0,0,loglog,unequal_blocks_main_theorem,0.444444444444444,12,ratio_asym_skew_M8_18,12,10000,7,32260865,0,14,7,7,216,96,312,BC_oracle,0.9,0.8702,0.8702,0,0.0033608326349284,,-102.9888,,11.61503758631255,
ratio_asym_skew_M8_18,blockratio_theory,1728,1728,8,18,ar1,0.2,0,ar1,0.8,0,normal,chisq1,1,1,0,0,loglog,unequal_blocks_main_theorem,0.444444444444444,12,ratio_asym_skew_M8_18,12,10000,7,32260865,0,14,7,7,216,96,312,BC_oracle,0.95,0.9286,0.9286,0,0.0025749182511295,,-73.9583999999999,,8.898917475903552,
ratio_asym_skew_M8_18,blockratio_theory,1728,1728,8,18,ar1,0.2,0,ar1,0.8,0,normal,chisq1,1,1,0,0,loglog,unequal_blocks_main_theorem,0.444444444444444,12,ratio_asym_skew_M8_18,12,10000,7,32260865,0,14,7,7,216,96,312,BC_oracle,0.99,0.9824,0.9824,0,0.0013149235719234,,-26.2655999999998,,4.544375864567271,
ratio_asym_skew_M8_18,blockratio_theory,1728,1728,8,18,ar1,0.2,0,ar1,0.8,0,normal,chisq1,1,1,0,0,loglog,unequal_blocks_main_theorem,0.444444444444444,12,ratio_asym_skew_M8_18,12,10000,7,32260865,0,14,7,7,216,96,312,VC_oracle,0.9,0.8985,0.8985,0,0.0030198965214059,,-5.1840000000002,,10.436762377978791,
ratio_asym_skew_M8_18,blockratio_theory,1728,1728,8,18,ar1,0.2,0,ar1,0.8,0,normal,chisq1,1,1,0,0,loglog,unequal_blocks_main_theorem,0.444444444444444,12,ratio_asym_skew_M8_18,12,10000,7,32260865,0,14,7,7,216,96,312,VC_oracle,0.95,0.9485,0.9485,0,0.002210152709656,,-5.18399999999981,,7.638287764571136,
ratio_asym_skew_M8_18,blockratio_theory,1728,1728,8,18,ar1,0.2,0,ar1,0.8,0,normal,chisq1,1,1,0,0,loglog,unequal_blocks_main_theorem,0.444444444444444,12,ratio_asym_skew_M8_18,12,10000,7,32260865,0,14,7,7,216,96,312,VC_oracle,0.99,0.9891,0.9891,0,0.0010383250936002,,-3.11040000000004,,3.588451523482291,
ratio_asym_skew_M8_18,blockratio_theory,1728,1728,8,18,ar1,0.2,0,ar1,0.8,0,normal,chisq1,1,1,0,0,loglog,unequal_blocks_main_theorem,0.444444444444444,12,ratio_asym_skew_M8_18,12,10000,7,32260865,0,14,7,7,216,96,312,VCBC_oracle,0.9,0.9003,0.9003,0,0.0029959958277674,-0.000105663629992,1.03679999999989,-0.3651735052524819,10.354161580764135,0.03526828342440568
ratio_asym_skew_M8_18,blockratio_theory,1728,1728,8,18,ar1,0.2,0,ar1,0.8,0,normal,chisq1,1,1,0,0,loglog,unequal_blocks_main_theorem,0.444444444444444,12,ratio_asym_skew_M8_18,12,10000,7,32260865,0,14,7,7,216,96,312,VCBC_oracle,0.95,0.9494,0.9494,0,0.0021917946984149,-3.991402481093206e-05,-2.07359999999977,-0.1379428697465812,7.574842477721894,0.018210658525544286
ratio_asym_skew_M8_18,blockratio_theory,1728,1728,8,18,ar1,0.2,0,ar1,0.8,0,normal,chisq1,1,1,0,0,loglog,unequal_blocks_main_theorem,0.444444444444444,12,ratio_asym_skew_M8_18,12,10000,7,32260865,0,14,7,7,216,96,312,VCBC_oracle,0.99,0.9895,0.9895,0,0.0010193012312363,1.2157216811450889e-05,-1.72799999999981,0.0420153413003742,3.5227050551526533,0.011927010817700577
ratio_asym_skew_M8_18,blockratio_theory,1728,1728,8,18,ar1,0.2,0,ar1,0.8,0,normal,chisq1,1,1,0,0,loglog,unequal_blocks_main_theorem,0.444444444444444,12,ratio_asym_skew_M8_18,12,10000,7,32260865,0,14,7,7,216,96,312,ABEL_oracle,0.9,0.8702,0.8702,0,0.0033608326349284,,-102.9888,,11.61503758631255,
ratio_asym_skew_M8_18,blockratio_theory,1728,1728,8,18,ar1,0.2,0,ar1,0.8,0,normal,chisq1,1,1,0,0,loglog,unequal_blocks_main_theorem,0.444444444444444,12,ratio_asym_skew_M8_18,12,10000,7,32260865,0,14,7,7,216,96,312,ABEL_oracle,0.95,0.9286,0.9286,0,0.0025749182511295,,-73.9583999999999,,8.898917475903552,
ratio_asym_skew_M8_18,blockratio_theory,1728,1728,8,18,ar1,0.2,0,ar1,0.8,0,normal,chisq1,1,1,0,0,loglog,unequal_blocks_main_theorem,0.444444444444444,12,ratio_asym_skew_M8_18,12,10000,7,32260865,0,14,7,7,216,96,312,ABEL_oracle,0.99,0.9825,0.9825,0,0.0013112494041943,,-25.9199999999998,,4.5316779408955,
ratio_asym_skew_M8_18,blockratio_theory,1728,1728,8,18,ar1,0.2,0,ar1,0.8,0,normal,chisq1,1,1,0,0,loglog,unequal_blocks_main_theorem,0.444444444444444,12,ratio_asym_skew_M8_18,12,10000,7,32260865,0,14,7,7,216,96,312,VCABEL_oracle,0.9,0.9003,0.9003,0,0.0029959958277674,-0.000105663629992,1.03679999999989,-0.3651735052524819,10.354161580764135,0.03526828342440568
ratio_asym_skew_M8_18,blockratio_theory,1728,1728,8,18,ar1,0.2,0,ar1,0.8,0,normal,chisq1,1,1,0,0,loglog,unequal_blocks_main_theorem,0.444444444444444,12,ratio_asym_skew_M8_18,12,10000,7,32260865,0,14,7,7,216,96,312,VCABEL_oracle,0.95,0.9494,0.9494,0,0.0021917946984149,-3.991402481093206e-05,-2.07359999999977,-0.1379428697465812,7.574842477721894,0.018210658525544286
ratio_asym_skew_M8_18,blockratio_theory,1728,1728,8,18,ar1,0.2,0,ar1,0.8,0,normal,chisq1,1,1,0,0,loglog,unequal_blocks_main_theorem,0.444444444444444,12,ratio_asym_skew_M8_18,12,10000,7,32260865,0,14,7,7,216,96,312,VCABEL_oracle,0.99,0.9895,0.9895,0,0.0010193012312363,1.2157216811450889e-05,-1.72799999999981,0.0420153413003742,3.5227050551526533,0.011927010817700577
ratio_asym_skew_M8_18,blockratio_theory,1728,1728,8,18,ar1,0.2,0,ar1,0.8,0,normal,chisq1,1,1,0,0,loglog,unequal_blocks_main_theorem,0.444444444444444,12,ratio_asym_skew_M8_18,12,10000,7,32260865,0,14,7,7,216,96,312,BC_feasible,0.9,0.8702,0.8702,0,0.0033608326349284,,-102.9888,,11.61503758631255,
ratio_asym_skew_M8_18,blockratio_theory,1728,1728,8,18,ar1,0.2,0,ar1,0.8,0,normal,chisq1,1,1,0,0,loglog,unequal_blocks_main_theorem,0.444444444444444,12,ratio_asym_skew_M8_18,12,10000,7,32260865,0,14,7,7,216,96,312,BC_feasible,0.95,0.9287,0.9287,0,0.0025732529996096,,-73.6128,,8.893162366650778,
ratio_asym_skew_M8_18,blockratio_theory,1728,1728,8,18,ar1,0.2,0,ar1,0.8,0,normal,chisq1,1,1,0,0,loglog,unequal_blocks_main_theorem,0.444444444444444,12,ratio_asym_skew_M8_18,12,10000,7,32260865,0,14,7,7,216,96,312,BC_feasible,0.99,0.9824,0.9824,0,0.0013149235719234,,-26.2655999999998,,4.544375864567271,
ratio_asym_skew_M8_18,blockratio_theory,1728,1728,8,18,ar1,0.2,0,ar1,0.8,0,normal,chisq1,1,1,0,0,loglog,unequal_blocks_main_theorem,0.444444444444444,12,ratio_asym_skew_M8_18,12,10000,7,32260865,0,14,7,7,216,96,312,VC_feasible,0.9,0.8937,0.8937,0,0.0030822120303444,,-21.7727999999999,,10.652124776870247,
ratio_asym_skew_M8_18,blockratio_theory,1728,1728,8,18,ar1,0.2,0,ar1,0.8,0,normal,chisq1,1,1,0,0,loglog,unequal_blocks_main_theorem,0.444444444444444,12,ratio_asym_skew_M8_18,12,10000,7,32260865,0,14,7,7,216,96,312,VC_feasible,0.95,0.9463,0.9463,0,0.0022542473244965,,-12.7871999999997,,7.790678753459904,
ratio_asym_skew_M8_18,blockratio_theory,1728,1728,8,18,ar1,0.2,0,ar1,0.8,0,normal,chisq1,1,1,0,0,loglog,unequal_blocks_main_theorem,0.444444444444444,12,ratio_asym_skew_M8_18,12,10000,7,32260865,0,14,7,7,216,96,312,VC_feasible,0.99,0.9879,0.9879,0,0.0010933247459012,,-7.25759999999997,,3.7785303218345474,
ratio_asym_skew_M8_18,blockratio_theory,1728,1728,8,18,ar1,0.2,0,ar1,0.8,0,normal,chisq1,1,1,0,0,loglog,unequal_blocks_main_theorem,0.444444444444444,12,ratio_asym_skew_M8_18,12,10000,7,32260865,0,14,7,7,216,96,312,VCBC_feasible,0.9,0.8957,0.8957,0,0.0030564932520782,,-14.8607999999999,,10.56324067918226,
ratio_asym_skew_M8_18,blockratio_theory,1728,1728,8,18,ar1,0.2,0,ar1,0.8,0,normal,chisq1,1,1,0,0,loglog,unequal_blocks_main_theorem,0.444444444444444,12,ratio_asym_skew_M8_18,12,10000,7,32260865,0,14,7,7,216,96,312,VCBC_feasible,0.95,0.9476,0.9476,0,0.0022283231363516,,-8.29439999999985,,7.70108475923113,
ratio_asym_skew_M8_18,blockratio_theory,1728,1728,8,18,ar1,0.2,0,ar1,0.8,0,normal,chisq1,1,1,0,0,loglog,unequal_blocks_main_theorem,0.444444444444444,12,ratio_asym_skew_M8_18,12,10000,7,32260865,0,14,7,7,216,96,312,VCBC_feasible,0.99,0.9884,0.9884,0,0.0010707679487171,,-5.52960000000016,,3.7005740307662975,
ratio_asym_skew_M8_18,blockratio_theory,1728,1728,8,18,ar1,0.2,0,ar1,0.8,0,normal,chisq1,1,1,0,0,loglog,unequal_blocks_main_theorem,0.444444444444444,12,ratio_asym_skew_M8_18,12,10000,7,32260865,0,14,7,7,216,96,312,ABEL_feasible,0.9,0.8701,0.8701,0,0.0033619338185038,,-103.3344,,11.618843276749132,
ratio_asym_skew_M8_18,blockratio_theory,1728,1728,8,18,ar1,0.2,0,ar1,0.8,0,normal,chisq1,1,1,0,0,loglog,unequal_blocks_main_theorem,0.444444444444444,12,ratio_asym_skew_M8_18,12,10000,7,32260865,0,14,7,7,216,96,312,ABEL_feasible,0.95,0.9287,0.9287,0,0.0025732529996096,,-73.6128,,8.893162366650778,
ratio_asym_skew_M8_18,blockratio_theory,1728,1728,8,18,ar1,0.2,0,ar1,0.8,0,normal,chisq1,1,1,0,0,loglog,unequal_blocks_main_theorem,0.444444444444444,12,ratio_asym_skew_M8_18,12,10000,7,32260865,0,14,7,7,216,96,312,ABEL_feasible,0.99,0.9825,0.9825,0,0.0013112494041943,,-25.9199999999998,,4.5316779408955,
ratio_asym_skew_M8_18,blockratio_theory,1728,1728,8,18,ar1,0.2,0,ar1,0.8,0,normal,chisq1,1,1,0,0,loglog,unequal_blocks_main_theorem,0.444444444444444,12,ratio_asym_skew_M8_18,12,10000,7,32260865,0,14,7,7,216,96,312,VCABEL_feasible,0.9,0.8957,0.8957,0,0.0030564932520782,,-14.8607999999999,,10.56324067918226,
ratio_asym_skew_M8_18,blockratio_theory,1728,1728,8,18,ar1,0.2,0,ar1,0.8,0,normal,chisq1,1,1,0,0,loglog,unequal_blocks_main_theorem,0.444444444444444,12,ratio_asym_skew_M8_18,12,10000,7,32260865,0,14,7,7,216,96,312,VCABEL_feasible,0.95,0.9476,0.9476,0,0.0022283231363516,,-8.29439999999985,,7.70108475923113,
ratio_asym_skew_M8_18,blockratio_theory,1728,1728,8,18,ar1,0.2,0,ar1,0.8,0,normal,chisq1,1,1,0,0,loglog,unequal_blocks_main_theorem,0.444444444444444,12,ratio_asym_skew_M8_18,12,10000,7,32260865,0,14,7,7,216,96,312,VCABEL_feasible,0.99,0.9884,0.9884,0,0.0010707679487171,,-5.52960000000016,,3.7005740307662975,
ratio_asym_skew_M8_18,blockratio_theory,1728,1728,8,18,ar1,0.2,0,ar1,0.8,0,normal,chisq1,1,1,0,0,loglog,unequal_blocks_main_theorem,0.444444444444444,12,ratio_asym_skew_M8_18,12,10000,7,32260865,0,14,7,7,216,96,312,ABEL_fixed075,0.9,0.8691,0.8691,0,0.0033729095748329,,-106.7904,,11.656775490622502,
ratio_asym_skew_M8_18,blockratio_theory,1728,1728,8,18,ar1,0.2,0,ar1,0.8,0,normal,chisq1,1,1,0,0,loglog,unequal_blocks_main_theorem,0.444444444444444,12,ratio_asym_skew_M8_18,12,10000,7,32260865,0,14,7,7,216,96,312,ABEL_fixed075,0.95,0.9281,0.9281,0,0.0025832225997772,,-75.6863999999997,,8.927617304830004,
ratio_asym_skew_M8_18,blockratio_theory,1728,1728,8,18,ar1,0.2,0,ar1,0.8,0,normal,chisq1,1,1,0,0,loglog,unequal_blocks_main_theorem,0.444444444444444,12,ratio_asym_skew_M8_18,12,10000,7,32260865,0,14,7,7,216,96,312,ABEL_fixed075,0.99,0.9823,0.9823,0,0.0013185867434492,,-26.6112000000001,,4.557035785360435,
ratio_asym_skew_M8_18,blockratio_theory,1728,1728,8,18,ar1,0.2,0,ar1,0.8,0,normal,chisq1,1,1,0,0,loglog,unequal_blocks_main_theorem,0.444444444444444,12,ratio_asym_skew_M8_18,12,10000,7,32260865,0,14,7,7,216,96,312,VCABEL_fixed075_oracleVC,0.9,0.8997,0.8997,0,0.0030039958388786,,-1.03679999999989,,10.381809619164441,
ratio_asym_skew_M8_18,blockratio_theory,1728,1728,8,18,ar1,0.2,0,ar1,0.8,0,normal,chisq1,1,1,0,0,loglog,unequal_blocks_main_theorem,0.444444444444444,12,ratio_asym_skew_M8_18,12,10000,7,32260865,0,14,7,7,216,96,312,VCABEL_fixed075_oracleVC,0.95,0.9486,0.9486,0,0.0022081222792227,,-4.83839999999985,,7.631270596993651,
ratio_asym_skew_M8_18,blockratio_theory,1728,1728,8,18,ar1,0.2,0,ar1,0.8,0,normal,chisq1,1,1,0,0,loglog,unequal_blocks_main_theorem,0.444444444444444,12,ratio_asym_skew_M8_18,12,10000,7,32260865,0,14,7,7,216,96,312,VCABEL_fixed075_oracleVC,0.99,0.9895,0.9895,0,0.0010193012312363,,-1.72799999999981,,3.5227050551526533,
ratio_asym_skew_M8_18,blockratio_theory,1728,1728,8,18,ar1,0.2,0,ar1,0.8,0,normal,chisq1,1,1,0,0,loglog,unequal_blocks_main_theorem,0.444444444444444,12,ratio_asym_skew_M8_18,12,10000,7,32260865,0,14,7,7,216,96,312,Wald_HAC,0.9,0.8415,0.8415,0,0.0036520918663144,,-202.176,,12.621629489982567,
ratio_asym_skew_M8_18,blockratio_theory,1728,1728,8,18,ar1,0.2,0,ar1,0.8,0,normal,chisq1,1,1,0,0,loglog,unequal_blocks_main_theorem,0.444444444444444,12,ratio_asym_skew_M8_18,12,10000,7,32260865,0,14,7,7,216,96,312,Wald_HAC,0.95,0.9069,0.9069,0,0.0029057252106832,,-148.9536,,10.04218632812114,
ratio_asym_skew_M8_18,blockratio_theory,1728,1728,8,18,ar1,0.2,0,ar1,0.8,0,normal,chisq1,1,1,0,0,loglog,unequal_blocks_main_theorem,0.444444444444444,12,ratio_asym_skew_M8_18,12,10000,7,32260865,0,14,7,7,216,96,312,Wald_HAC,0.99,0.9736,0.9736,0,0.0016032167663793,,-56.6783999999999,,5.540717144606861,
ratio_asym_skew_M8_18,blockratio_theory,1728,1728,8,18,ar1,0.2,0,ar1,0.8,0,normal,chisq1,1,1,0,0,loglog,unequal_blocks_main_theorem,0.444444444444444,12,ratio_asym_skew_M8_18,12,10000,7,32260865,0,14,7,7,216,96,312,Wald_oracle,0.9,0.9002,0.9002,0,0.0029973314798333,,0.691199999999924,,10.358777594303884,
ratio_asym_skew_M8_18,blockratio_theory,1728,1728,8,18,ar1,0.2,0,ar1,0.8,0,normal,chisq1,1,1,0,0,loglog,unequal_blocks_main_theorem,0.444444444444444,12,ratio_asym_skew_M8_18,12,10000,7,32260865,0,14,7,7,216,96,312,Wald_oracle,0.95,0.9498,0.9498,0,0.0021835741343036,,-0.691199999999924,,7.546432208153242,
ratio_asym_skew_M8_18,blockratio_theory,1728,1728,8,18,ar1,0.2,0,ar1,0.8,0,normal,chisq1,1,1,0,0,loglog,unequal_blocks_main_theorem,0.444444444444444,12,ratio_asym_skew_M8_18,12,10000,7,32260865,0,14,7,7,216,96,312,Wald_oracle,0.99,0.9891,0.9891,0,0.0010383250936002,,-3.11040000000004,,3.588451523482291,
ratio_asym_skew_M12_12,blockratio_theory,1728,1728,12,12,ar1,0.2,0,ar1,0.8,0,normal,chisq1,1,1,0,0,loglog,unequal_blocks_main_theorem,1.0,12,ratio_asym_skew_M12_12,13,10000,7,33260868,0,14,7,7,144,144,288,BEL,0.9,0.8632,0.8632,0,0.0034363608657997,,-127.1808,,11.876063152203763,
ratio_asym_skew_M12_12,blockratio_theory,1728,1728,12,12,ar1,0.2,0,ar1,0.8,0,normal,chisq1,1,1,0,0,loglog,unequal_blocks_main_theorem,1.0,12,ratio_asym_skew_M12_12,13,10000,7,33260868,0,14,7,7,144,144,288,BEL,0.95,0.9252,0.9252,0,0.0026306835613581,,-85.7087999999998,,9.091642388053595,
ratio_asym_skew_M12_12,blockratio_theory,1728,1728,12,12,ar1,0.2,0,ar1,0.8,0,normal,chisq1,1,1,0,0,loglog,unequal_blocks_main_theorem,1.0,12,ratio_asym_skew_M12_12,13,10000,7,33260868,0,14,7,7,144,144,288,BEL,0.99,0.9808,0.9808,0,0.001372274025113,,-31.7952,,4.742579030790528,
ratio_asym_skew_M12_12,blockratio_theory,1728,1728,12,12,ar1,0.2,0,ar1,0.8,0,normal,chisq1,1,1,0,0,loglog,unequal_blocks_main_theorem,1.0,12,ratio_asym_skew_M12_12,13,10000,7,33260868,0,14,7,7,144,144,288,BC_oracle,0.9,0.8652,0.8652,0,0.0034150982416323,,-120.2688,,11.80257952308123,
ratio_asym_skew_M12_12,blockratio_theory,1728,1728,12,12,ar1,0.2,0,ar1,0.8,0,normal,chisq1,1,1,0,0,loglog,unequal_blocks_main_theorem,1.0,12,ratio_asym_skew_M12_12,13,10000,7,33260868,0,14,7,7,144,144,288,BC_oracle,0.95,0.9261,0.9261,0,0.0026160808473745,,-82.5983999999997,,9.041175408526271,
ratio_asym_skew_M12_12,blockratio_theory,1728,1728,12,12,ar1,0.2,0,ar1,0.8,0,normal,chisq1,1,1,0,0,loglog,unequal_blocks_main_theorem,1.0,12,ratio_asym_skew_M12_12,13,10000,7,33260868,0,14,7,7,144,144,288,BC_oracle,0.99,0.9815,0.9815,0,0.0013475069573104,,-29.3759999999998,,4.656984044464743,
ratio_asym_skew_M12_12,blockratio_theory,1728,1728,12,12,ar1,0.2,0,ar1,0.8,0,normal,chisq1,1,1,0,0,loglog,unequal_blocks_main_theorem,1.0,12,ratio_asym_skew_M12_12,13,10000,7,33260868,0,14,7,7,144,144,288,VC_oracle,0.9,0.9031,0.9031,0,0.0029582155093907,,10.7136,,10.22359280045426,
ratio_asym_skew_M12_12,blockratio_theory,1728,1728,12,12,ar1,0.2,0,ar1,0.8,0,normal,chisq1,1,1,0,0,loglog,unequal_blocks_main_theorem,1.0,12,ratio_asym_skew_M12_12,13,10000,7,33260868,0,14,7,7,144,144,288,VC_oracle,0.95,0.9503,0.9503,0,0.002173244348894,,1.03680000000027,,7.510732469777664,
ratio_asym_skew_M12_12,blockratio_theory,1728,1728,12,12,ar1,0.2,0,ar1,0.8,0,normal,chisq1,1,1,0,0,loglog,unequal_blocks_main_theorem,1.0,12,ratio_asym_skew_M12_12,13,10000,7,33260868,0,14,7,7,144,144,288,VC_oracle,0.99,0.9904,0.9904,0,0.0009750815350523,,1.38239999999985,,3.3698817851407488,
ratio_asym_skew_M12_12,blockratio_theory,1728,1728,12,12,ar1,0.2,0,ar1,0.8,0,normal,chisq1,1,1,0,0,loglog,unequal_blocks_main_theorem,1.0,12,ratio_asym_skew_M12_12,13,10000,7,33260868,0,14,7,7,144,144,288,VCBC_oracle,0.9,0.9044,0.9044,0,0.0029404190177592,-5.9994121533474645e-05,15.2063999999999,-0.2073396840196883,10.162088125375796,0.020403255852696204
ratio_asym_skew_M12_12,blockratio_theory,1728,1728,12,12,ar1,0.2,0,ar1,0.8,0,normal,chisq1,1,1,0,0,loglog,unequal_blocks_main_theorem,1.0,12,ratio_asym_skew_M12_12,13,10000,7,33260868,0,14,7,7,144,144,288,VCBC_oracle,0.95,0.952,0.952,0,0.0021376622745419,-6.018816013040097e-07,6.91200000000001,-0.0020801028141066,7.387760820816806,0.00028156066019969226
ratio_asym_skew_M12_12,blockratio_theory,1728,1728,12,12,ar1,0.2,0,ar1,0.8,0,normal,chisq1,1,1,0,0,loglog,unequal_blocks_main_theorem,1.0,12,ratio_asym_skew_M12_12,13,10000,7,33260868,0,14,7,7,144,144,288,VCBC_oracle,0.99,0.9905,0.9905,0,0.0009700386590234,3.171544946905574e-05,1.72800000000019,0.1096085933650566,3.3524536055848704,0.03269503660914473
ratio_asym_skew_M12_12,blockratio_theory,1728,1728,12,12,ar1,0.2,0,ar1,0.8,0,normal,chisq1,1,1,0,0,loglog,unequal_blocks_main_theorem,1.0,12,ratio_asym_skew_M12_12,13,10000,7,33260868,0,14,7,7,144,144,288,ABEL_oracle,0.9,0.8652,0.8652,0,0.0034150982416323,,-120.2688,,11.80257952308123,
ratio_asym_skew_M12_12,blockratio_theory,1728,1728,12,12,ar1,0.2,0,ar1,0.8,0,normal,chisq1,1,1,0,0,loglog,unequal_blocks_main_theorem,1.0,12,ratio_asym_skew_M12_12,13,10000,7,33260868,0,14,7,7,144,144,288,ABEL_oracle,0.95,0.9261,0.9261,0,0.0026160808473745,,-82.5983999999997,,9.041175408526271,
ratio_asym_skew_M12_12,blockratio_theory,1728,1728,12,12,ar1,0.2,0,ar1,0.8,0,normal,chisq1,1,1,0,0,loglog,unequal_blocks_main_theorem,1.0,12,ratio_asym_skew_M12_12,13,10000,7,33260868,0,14,7,7,144,144,288,ABEL_oracle,0.99,0.9815,0.9815,0,0.0013475069573104,,-29.3759999999998,,4.656984044464743,
ratio_asym_skew_M12_12,blockratio_theory,1728,1728,12,12,ar1,0.2,0,ar1,0.8,0,normal,chisq1,1,1,0,0,loglog,unequal_blocks_main_theorem,1.0,12,ratio_asym_skew_M12_12,13,10000,7,33260868,0,14,7,7,144,144,288,VCABEL_oracle,0.9,0.9044,0.9044,0,0.0029404190177592,-5.9994121533474645e-05,15.2063999999999,-0.2073396840196883,10.162088125375796,0.020403255852696204
ratio_asym_skew_M12_12,blockratio_theory,1728,1728,12,12,ar1,0.2,0,ar1,0.8,0,normal,chisq1,1,1,0,0,loglog,unequal_blocks_main_theorem,1.0,12,ratio_asym_skew_M12_12,13,10000,7,33260868,0,14,7,7,144,144,288,VCABEL_oracle,0.95,0.952,0.952,0,0.0021376622745419,-6.018816013040097e-07,6.91200000000001,-0.0020801028141066,7.387760820816806,0.00028156066019969226
ratio_asym_skew_M12_12,blockratio_theory,1728,1728,12,12,ar1,0.2,0,ar1,0.8,0,normal,chisq1,1,1,0,0,loglog,unequal_blocks_main_theorem,1.0,12,ratio_asym_skew_M12_12,13,10000,7,33260868,0,14,7,7,144,144,288,VCABEL_oracle,0.99,0.9905,0.9905,0,0.0009700386590234,3.171544946905574e-05,1.72800000000019,0.1096085933650566,3.3524536055848704,0.03269503660914473
ratio_asym_skew_M12_12,blockratio_theory,1728,1728,12,12,ar1,0.2,0,ar1,0.8,0,normal,chisq1,1,1,0,0,loglog,unequal_blocks_main_theorem,1.0,12,ratio_asym_skew_M12_12,13,10000,7,33260868,0,14,7,7,144,144,288,BC_feasible,0.9,0.8655,0.8655,0,0.0034118873076348,,-119.232,,11.79148253518587,
ratio_asym_skew_M12_12,blockratio_theory,1728,1728,12,12,ar1,0.2,0,ar1,0.8,0,normal,chisq1,1,1,0,0,loglog,unequal_blocks_main_theorem,1.0,12,ratio_asym_skew_M12_12,13,10000,7,33260868,0,14,7,7,144,144,288,BC_feasible,0.95,0.926,0.926,0,0.0026177089219391,,-82.9439999999997,,9.04680203422153,
ratio_asym_skew_M12_12,blockratio_theory,1728,1728,12,12,ar1,0.2,0,ar1,0.8,0,normal,chisq1,1,1,0,0,loglog,unequal_blocks_main_theorem,1.0,12,ratio_asym_skew_M12_12,13,10000,7,33260868,0,14,7,7,144,144,288,BC_feasible,0.99,0.9815,0.9815,0,0.0013475069573104,,-29.3759999999998,,4.656984044464743,
ratio_asym_skew_M12_12,blockratio_theory,1728,1728,12,12,ar1,0.2,0,ar1,0.8,0,normal,chisq1,1,1,0,0,loglog,unequal_blocks_main_theorem,1.0,12,ratio_asym_skew_M12_12,13,10000,7,33260868,0,14,7,7,144,144,288,VC_feasible,0.9,0.901,0.901,0,0.0029866201633284,,3.456,,10.321759284462951,
ratio_asym_skew_M12_12,blockratio_theory,1728,1728,12,12,ar1,0.2,0,ar1,0.8,0,normal,chisq1,1,1,0,0,loglog,unequal_blocks_main_theorem,1.0,12,ratio_asym_skew_M12_12,13,10000,7,33260868,0,14,7,7,144,144,288,VC_feasible,0.95,0.947,0.947,0,0.0022403347964087,,-10.368,,7.742597056388467,
ratio_asym_skew_M12_12,blockratio_theory,1728,1728,12,12,ar1,0.2,0,ar1,0.8,0,normal,chisq1,1,1,0,0,loglog,unequal_blocks_main_theorem,1.0,12,ratio_asym_skew_M12_12,13,10000,7,33260868,0,14,7,7,144,144,288,VC_feasible,0.99,0.9889,0.9889,0,0.0010477017705435,,-3.80159999999997,,3.6208573189983357,
ratio_asym_skew_M12_12,blockratio_theory,1728,1728,12,12,ar1,0.2,0,ar1,0.8,0,normal,chisq1,1,1,0,0,loglog,unequal_blocks_main_theorem,1.0,12,ratio_asym_skew_M12_12,13,10000,7,33260868,0,14,7,7,144,144,288,VCBC_feasible,0.9,0.9028,0.9028,0,0.0029622991071125,,9.67680000000009,,10.2377057141808,
ratio_asym_skew_M12_12,blockratio_theory,1728,1728,12,12,ar1,0.2,0,ar1,0.8,0,normal,chisq1,1,1,0,0,loglog,unequal_blocks_main_theorem,1.0,12,ratio_asym_skew_M12_12,13,10000,7,33260868,0,14,7,7,144,144,288,VCBC_feasible,0.95,0.9486,0.9486,0,0.0022081222792227,,-4.83839999999985,,7.631270596993651,
ratio_asym_skew_M12_12,blockratio_theory,1728,1728,12,12,ar1,0.2,0,ar1,0.8,0,normal,chisq1,1,1,0,0,loglog,unequal_blocks_main_theorem,1.0,12,ratio_asym_skew_M12_12,13,10000,7,33260868,0,14,7,7,144,144,288,VCBC_feasible,0.99,0.9896,0.9896,0,0.0010144870625099,,-1.38239999999985,,3.506067288034214,
ratio_asym_skew_M12_12,blockratio_theory,1728,1728,12,12,ar1,0.2,0,ar1,0.8,0,normal,chisq1,1,1,0,0,loglog,unequal_blocks_main_theorem,1.0,12,ratio_asym_skew_M12_12,13,10000,7,33260868,0,14,7,7,144,144,288,ABEL_feasible,0.9,0.8655,0.8655,0,0.0034118873076348,,-119.232,,11.79148253518587,
ratio_asym_skew_M12_12,blockratio_theory,1728,1728,12,12,ar1,0.2,0,ar1,0.8,0,normal,chisq1,1,1,0,0,loglog,unequal_blocks_main_theorem,1.0,12,ratio_asym_skew_M12_12,13,10000,7,33260868,0,14,7,7,144,144,288,ABEL_feasible,0.95,0.926,0.926,0,0.0026177089219391,,-82.9439999999997,,9.04680203422153,
ratio_asym_skew_M12_12,blockratio_theory,1728,1728,12,12,ar1,0.2,0,ar1,0.8,0,normal,chisq1,1,1,0,0,loglog,unequal_blocks_main_theorem,1.0,12,ratio_asym_skew_M12_12,13,10000,7,33260868,0,14,7,7,144,144,288,ABEL_feasible,0.99,0.9815,0.9815,0,0.0013475069573104,,-29.3759999999998,,4.656984044464743,
ratio_asym_skew_M12_12,blockratio_theory,1728,1728,12,12,ar1,0.2,0,ar1,0.8,0,normal,chisq1,1,1,0,0,loglog,unequal_blocks_main_theorem,1.0,12,ratio_asym_skew_M12_12,13,10000,7,33260868,0,14,7,7,144,144,288,VCABEL_feasible,0.9,0.9028,0.9028,0,0.0029622991071125,,9.67680000000009,,10.2377057141808,
ratio_asym_skew_M12_12,blockratio_theory,1728,1728,12,12,ar1,0.2,0,ar1,0.8,0,normal,chisq1,1,1,0,0,loglog,unequal_blocks_main_theorem,1.0,12,ratio_asym_skew_M12_12,13,10000,7,33260868,0,14,7,7,144,144,288,VCABEL_feasible,0.95,0.9486,0.9486,0,0.0022081222792227,,-4.83839999999985,,7.631270596993651,
ratio_asym_skew_M12_12,blockratio_theory,1728,1728,12,12,ar1,0.2,0,ar1,0.8,0,normal,chisq1,1,1,0,0,loglog,unequal_blocks_main_theorem,1.0,12,ratio_asym_skew_M12_12,13,10000,7,33260868,0,14,7,7,144,144,288,VCABEL_feasible,0.99,0.9896,0.9896,0,0.0010144870625099,,-1.38239999999985,,3.506067288034214,
ratio_asym_skew_M12_12,blockratio_theory,1728,1728,12,12,ar1,0.2,0,ar1,0.8,0,normal,chisq1,1,1,0,0,loglog,unequal_blocks_main_theorem,1.0,12,ratio_asym_skew_M12_12,13,10000,7,33260868,0,14,7,7,144,144,288,ABEL_fixed075,0.9,0.8645,0.8645,0,0.0034225684799577,,-122.688,,11.828396666733811,
ratio_asym_skew_M12_12,blockratio_theory,1728,1728,12,12,ar1,0.2,0,ar1,0.8,0,normal,chisq1,1,1,0,0,loglog,unequal_blocks_main_theorem,1.0,12,ratio_asym_skew_M12_12,13,10000,7,33260868,0,14,7,7,144,144,288,ABEL_fixed075,0.95,0.9258,0.9258,0,0.0026209608924972,,-83.6352,,9.058040844470323,
ratio_asym_skew_M12_12,blockratio_theory,1728,1728,12,12,ar1,0.2,0,ar1,0.8,0,normal,chisq1,1,1,0,0,loglog,unequal_blocks_main_theorem,1.0,12,ratio_asym_skew_M12_12,13,10000,7,33260868,0,14,7,7,144,144,288,ABEL_fixed075,0.99,0.981,0.981,0,0.0013652472303579,,-31.104,,4.718294428116903,
ratio_asym_skew_M12_12,blockratio_theory,1728,1728,12,12,ar1,0.2,0,ar1,0.8,0,normal,chisq1,1,1,0,0,loglog,unequal_blocks_main_theorem,1.0,12,ratio_asym_skew_M12_12,13,10000,7,33260868,0,14,7,7,144,144,288,VCABEL_fixed075_oracleVC,0.9,0.9039,0.9039,0,0.0029472833253693,,13.4784000000001,,10.185811172476301,
ratio_asym_skew_M12_12,blockratio_theory,1728,1728,12,12,ar1,0.2,0,ar1,0.8,0,normal,chisq1,1,1,0,0,loglog,unequal_blocks_main_theorem,1.0,12,ratio_asym_skew_M12_12,13,10000,7,33260868,0,14,7,7,144,144,288,VCABEL_fixed075_oracleVC,0.95,0.9513,0.9513,0,0.0021524012172455,,4.49280000000027,,7.438698606800449,
ratio_asym_skew_M12_12,blockratio_theory,1728,1728,12,12,ar1,0.2,0,ar1,0.8,0,normal,chisq1,1,1,0,0,loglog,unequal_blocks_main_theorem,1.0,12,ratio_asym_skew_M12_12,13,10000,7,33260868,0,14,7,7,144,144,288,VCABEL_fixed075_oracleVC,0.99,0.9905,0.9905,0,0.0009700386590234,,1.72800000000019,,3.3524536055848704,
ratio_asym_skew_M12_12,blockratio_theory,1728,1728,12,12,ar1,0.2,0,ar1,0.8,0,normal,chisq1,1,1,0,0,loglog,unequal_blocks_main_theorem,1.0,12,ratio_asym_skew_M12_12,13,10000,7,33260868,0,14,7,7,144,144,288,Wald_HAC,0.9,0.8443,0.8443,0,0.0036257069655447,,-192.4992,,12.530443272922483,
ratio_asym_skew_M12_12,blockratio_theory,1728,1728,12,12,ar1,0.2,0,ar1,0.8,0,normal,chisq1,1,1,0,0,loglog,unequal_blocks_main_theorem,1.0,12,ratio_asym_skew_M12_12,13,10000,7,33260868,0,14,7,7,144,144,288,Wald_HAC,0.95,0.9128,0.9128,0,0.0028212791425167,,-128.5632,,9.750340716537716,
ratio_asym_skew_M12_12,blockratio_theory,1728,1728,12,12,ar1,0.2,0,ar1,0.8,0,normal,chisq1,1,1,0,0,loglog,unequal_blocks_main_theorem,1.0,12,ratio_asym_skew_M12_12,13,10000,7,33260868,0,14,7,7,144,144,288,Wald_HAC,0.99,0.9748,0.9748,0,0.0015673212816777,,-52.5312,,5.416662349478131,
ratio_asym_skew_M12_12,blockratio_theory,1728,1728,12,12,ar1,0.2,0,ar1,0.8,0,normal,chisq1,1,1,0,0,loglog,unequal_blocks_main_theorem,1.0,12,ratio_asym_skew_M12_12,13,10000,7,33260868,0,14,7,7,144,144,288,Wald_oracle,0.9,0.9055,0.9055,0,0.0029252307601281,,19.0079999999998,,10.109597507002713,
ratio_asym_skew_M12_12,blockratio_theory,1728,1728,12,12,ar1,0.2,0,ar1,0.8,0,normal,chisq1,1,1,0,0,loglog,unequal_blocks_main_theorem,1.0,12,ratio_asym_skew_M12_12,13,10000,7,33260868,0,14,7,7,144,144,288,Wald_oracle,0.95,0.9518,0.9518,0,0.0021418860847393,,6.22080000000008,,7.4023583088590215,
ratio_asym_skew_M12_12,blockratio_theory,1728,1728,12,12,ar1,0.2,0,ar1,0.8,0,normal,chisq1,1,1,0,0,loglog,unequal_blocks_main_theorem,1.0,12,ratio_asym_skew_M12_12,13,10000,7,33260868,0,14,7,7,144,144,288,Wald_oracle,0.99,0.9905,0.9905,0,0.0009700386590234,,1.72800000000019,,3.3524536055848704,
ratio_asym_skew_M18_8,blockratio_theory,1728,1728,18,8,ar1,0.2,0,ar1,0.8,0,normal,chisq1,1,1,0,0,loglog,unequal_blocks_main_theorem,2.25,12,ratio_asym_skew_M18_8,14,10000,7,34260871,0,14,7,7,96,216,312,BEL,0.9,0.844,0.844,0,0.0036285534307765,,-193.536,,12.540280656763585,
ratio_asym_skew_M18_8,blockratio_theory,1728,1728,18,8,ar1,0.2,0,ar1,0.8,0,normal,chisq1,1,1,0,0,loglog,unequal_blocks_main_theorem,2.25,12,ratio_asym_skew_M18_8,14,10000,7,34260871,0,14,7,7,96,216,312,BEL,0.95,0.9099,0.9099,0,0.0028632497271457,,-138.5856,,9.895391057015539,
ratio_asym_skew_M18_8,blockratio_theory,1728,1728,18,8,ar1,0.2,0,ar1,0.8,0,normal,chisq1,1,1,0,0,loglog,unequal_blocks_main_theorem,2.25,12,ratio_asym_skew_M18_8,14,10000,7,34260871,0,14,7,7,96,216,312,BEL,0.99,0.9738,0.9738,0,0.0015972964659073,,-55.9872,,5.520256586175629,
ratio_asym_skew_M18_8,blockratio_theory,1728,1728,18,8,ar1,0.2,0,ar1,0.8,0,normal,chisq1,1,1,0,0,loglog,unequal_blocks_main_theorem,2.25,12,ratio_asym_skew_M18_8,14,10000,7,34260871,0,14,7,7,96,216,312,BC_oracle,0.9,0.8459,0.8459,0,0.0036104458173472,,-186.9696,,12.477700744751923,
ratio_asym_skew_M18_8,blockratio_theory,1728,1728,18,8,ar1,0.2,0,ar1,0.8,0,normal,chisq1,1,1,0,0,loglog,unequal_blocks_main_theorem,2.25,12,ratio_asym_skew_M18_8,14,10000,7,34260871,0,14,7,7,96,216,312,BC_oracle,0.95,0.9119,0.9119,0,0.0028344027589599,,-131.6736,,9.795695934965414,
ratio_asym_skew_M18_8,blockratio_theory,1728,1728,18,8,ar1,0.2,0,ar1,0.8,0,normal,chisq1,1,1,0,0,loglog,unequal_blocks_main_theorem,2.25,12,ratio_asym_skew_M18_8,14,10000,7,34260871,0,14,7,7,96,216,312,BC_oracle,0.99,0.9748,0.9748,0,0.0015673212816777,,-52.5312,,5.416662349478131,
ratio_asym_skew_M18_8,blockratio_theory,1728,1728,18,8,ar1,0.2,0,ar1,0.8,0,normal,chisq1,1,1,0,0,loglog,unequal_blocks_main_theorem,2.25,12,ratio_asym_skew_M18_8,14,10000,7,34260871,0,14,7,7,96,216,312,VC_oracle,0.9,0.8965,0.8965,0,0.0030461081727345,,-12.0960000000002,,10.527349844970432,
ratio_asym_skew_M18_8,blockratio_theory,1728,1728,18,8,ar1,0.2,0,ar1,0.8,0,normal,chisq1,1,1,0,0,loglog,unequal_blocks_main_theorem,2.25,12,ratio_asym_skew_M18_8,14,10000,7,34260871,0,14,7,7,96,216,312,VC_oracle,0.95,0.9495,0.9495,0,0.0021897431356211,,-1.72799999999981,,7.567752276706521,
ratio_asym_skew_M18_8,blockratio_theory,1728,1728,18,8,ar1,0.2,0,ar1,0.8,0,normal,chisq1,1,1,0,0,loglog,unequal_blocks_main_theorem,2.25,12,ratio_asym_skew_M18_8,14,10000,7,34260871,0,14,7,7,96,216,312,VC_oracle,0.99,0.989,0.989,0,0.0010430244484191,,-3.456,,3.60469249373641,
ratio_asym_skew_M18_8,blockratio_theory,1728,1728,18,8,ar1,0.2,0,ar1,0.8,0,normal,chisq1,1,1,0,0,loglog,unequal_blocks_main_theorem,2.25,12,ratio_asym_skew_M18_8,14,10000,7,34260871,0,14,7,7,96,216,312,VCBC_oracle,0.9,0.8982,0.8982,0,0.0030238511868145,5.81142330775997e-05,-6.22080000000008,0.2008427895161845,10.450429701630913,0.019218615430219164
ratio_asym_skew_M18_8,blockratio_theory,1728,1728,18,8,ar1,0.2,0,ar1,0.8,0,normal,chisq1,1,1,0,0,loglog,unequal_blocks_main_theorem,2.25,12,ratio_asym_skew_M18_8,14,10000,7,34260871,0,14,7,7,96,216,312,VCBC_oracle,0.95,0.9509,0.9509,0,0.0021607681504502,0.0001071092078912,3.11040000000004,0.3701694224721142,7.467614727955891,0.04956996791577123
ratio_asym_skew_M18_8,blockratio_theory,1728,1728,18,8,ar1,0.2,0,ar1,0.8,0,normal,chisq1,1,1,0,0,loglog,unequal_blocks_main_theorem,2.25,12,ratio_asym_skew_M18_8,14,10000,7,34260871,0,14,7,7,96,216,312,VCBC_oracle,0.99,0.9894,0.9894,0,0.0010240917927607,8.909387914047936e-05,-2.07360000000016,0.3079084463094967,3.539261235780979,0.08699794273353578
ratio_asym_skew_M18_8,blockratio_theory,1728,1728,18,8,ar1,0.2,0,ar1,0.8,0,normal,chisq1,1,1,0,0,loglog,unequal_blocks_main_theorem,2.25,12,ratio_asym_skew_M18_8,14,10000,7,34260871,0,14,7,7,96,216,312,ABEL_oracle,0.9,0.8459,0.8459,0,0.0036104458173472,,-186.9696,,12.477700744751923,
ratio_asym_skew_M18_8,blockratio_theory,1728,1728,18,8,ar1,0.2,0,ar1,0.8,0,normal,chisq1,1,1,0,0,loglog,unequal_blocks_main_theorem,2.25,12,ratio_asym_skew_M18_8,14,10000,7,34260871,0,14,7,7,96,216,312,ABEL_oracle,0.95,0.9119,0.9119,0,0.0028344027589599,,-131.6736,,9.795695934965414,
ratio_asym_skew_M18_8,blockratio_theory,1728,1728,18,8,ar1,0.2,0,ar1,0.8,0,normal,chisq1,1,1,0,0,loglog,unequal_blocks_main_theorem,2.25,12,ratio_asym_skew_M18_8,14,10000,7,34260871,0,14,7,7,96,216,312,ABEL_oracle,0.99,0.9748,0.9748,0,0.0015673212816777,,-52.5312,,5.416662349478131,
ratio_asym_skew_M18_8,blockratio_theory,1728,1728,18,8,ar1,0.2,0,ar1,0.8,0,normal,chisq1,1,1,0,0,loglog,unequal_blocks_main_theorem,2.25,12,ratio_asym_skew_M18_8,14,10000,7,34260871,0,14,7,7,96,216,312,VCABEL_oracle,0.9,0.8982,0.8982,0,0.0030238511868145,5.81142330775997e-05,-6.22080000000008,0.2008427895161845,10.450429701630913,0.019218615430219164
ratio_asym_skew_M18_8,blockratio_theory,1728,1728,18,8,ar1,0.2,0,ar1,0.8,0,normal,chisq1,1,1,0,0,loglog,unequal_blocks_main_theorem,2.25,12,ratio_asym_skew_M18_8,14,10000,7,34260871,0,14,7,7,96,216,312,VCABEL_oracle,0.95,0.9509,0.9509,0,0.0021607681504502,0.0001071092078912,3.11040000000004,0.3701694224721142,7.467614727955891,0.04956996791577123
ratio_asym_skew_M18_8,blockratio_theory,1728,1728,18,8,ar1,0.2,0,ar1,0.8,0,normal,chisq1,1,1,0,0,loglog,unequal_blocks_main_theorem,2.25,12,ratio_asym_skew_M18_8,14,10000,7,34260871,0,14,7,7,96,216,312,VCABEL_oracle,0.99,0.9894,0.9894,0,0.0010240917927607,8.909387914047936e-05,-2.07360000000016,0.3079084463094967,3.539261235780979,0.08699794273353578
ratio_asym_skew_M18_8,blockratio_theory,1728,1728,18,8,ar1,0.2,0,ar1,0.8,0,normal,chisq1,1,1,0,0,loglog,unequal_blocks_main_theorem,2.25,12,ratio_asym_skew_M18_8,14,10000,7,34260871,0,14,7,7,96,216,312,BC_feasible,0.9,0.846,0.846,0,0.0036094874982468,,-186.624,,12.47438879394094,
ratio_asym_skew_M18_8,blockratio_theory,1728,1728,18,8,ar1,0.2,0,ar1,0.8,0,normal,chisq1,1,1,0,0,loglog,unequal_blocks_main_theorem,2.25,12,ratio_asym_skew_M18_8,14,10000,7,34260871,0,14,7,7,96,216,312,BC_feasible,0.95,0.9119,0.9119,0,0.0028344027589599,,-131.6736,,9.795695934965414,
ratio_asym_skew_M18_8,blockratio_theory,1728,1728,18,8,ar1,0.2,0,ar1,0.8,0,normal,chisq1,1,1,0,0,loglog,unequal_blocks_main_theorem,2.25,12,ratio_asym_skew_M18_8,14,10000,7,34260871,0,14,7,7,96,216,312,BC_feasible,0.99,0.9748,0.9748,0,0.0015673212816777,,-52.5312,,5.416662349478131,
ratio_asym_skew_M18_8,blockratio_theory,1728,1728,18,8,ar1,0.2,0,ar1,0.8,0,normal,chisq1,1,1,0,0,loglog,unequal_blocks_main_theorem,2.25,12,ratio_asym_skew_M18_8,14,10000,7,34260871,0,14,7,7,96,216,312,VC_feasible,0.9,0.8998,0.8998,0,0.0030026648164588,,-0.691199999999924,,10.377209605681612,
ratio_asym_skew_M18_8,blockratio_theory,1728,1728,18,8,ar1,0.2,0,ar1,0.8,0,normal,chisq1,1,1,0,0,loglog,unequal_blocks_main_theorem,2.25,12,ratio_asym_skew_M18_8,14,10000,7,34260871,0,14,7,7,96,216,312,VC_feasible,0.95,0.9495,0.9495,0,0.0021897431356211,,-1.72799999999981,,7.567752276706521,
ratio_asym_skew_M18_8,blockratio_theory,1728,1728,18,8,ar1,0.2,0,ar1,0.8,0,normal,chisq1,1,1,0,0,loglog,unequal_blocks_main_theorem,2.25,12,ratio_asym_skew_M18_8,14,10000,7,34260871,0,14,7,7,96,216,312,VC_feasible,0.99,0.9891,0.9891,0,0.0010383250936002,,-3.11040000000004,,3.588451523482291,
ratio_asym_skew_M18_8,blockratio_theory,1728,1728,18,8,ar1,0.2,0,ar1,0.8,0,normal,chisq1,1,1,0,0,loglog,unequal_blocks_main_theorem,2.25,12,ratio_asym_skew_M18_8,14,10000,7,34260871,0,14,7,7,96,216,312,VCBC_feasible,0.9,0.9015,0.9015,0,0.002979895132383,,5.18399999999981,,10.298517577515648,
ratio_asym_skew_M18_8,blockratio_theory,1728,1728,18,8,ar1,0.2,0,ar1,0.8,0,normal,chisq1,1,1,0,0,loglog,unequal_blocks_main_theorem,2.25,12,ratio_asym_skew_M18_8,14,10000,7,34260871,0,14,7,7,96,216,312,VCBC_feasible,0.95,0.9503,0.9503,0,0.002173244348894,,1.03680000000027,,7.510732469777664,
ratio_asym_skew_M18_8,blockratio_theory,1728,1728,18,8,ar1,0.2,0,ar1,0.8,0,normal,chisq1,1,1,0,0,loglog,unequal_blocks_main_theorem,2.25,12,ratio_asym_skew_M18_8,14,10000,7,34260871,0,14,7,7,96,216,312,VCBC_feasible,0.99,0.9896,0.9896,0,0.0010144870625099,,-1.38239999999985,,3.506067288034214,
ratio_asym_skew_M18_8,blockratio_theory,1728,1728,18,8,ar1,0.2,0,ar1,0.8,0,normal,chisq1,1,1,0,0,loglog,unequal_blocks_main_theorem,2.25,12,ratio_asym_skew_M18_8,14,10000,7,34260871,0,14,7,7,96,216,312,ABEL_feasible,0.9,0.846,0.846,0,0.0036094874982468,,-186.624,,12.47438879394094,
ratio_asym_skew_M18_8,blockratio_theory,1728,1728,18,8,ar1,0.2,0,ar1,0.8,0,normal,chisq1,1,1,0,0,loglog,unequal_blocks_main_theorem,2.25,12,ratio_asym_skew_M18_8,14,10000,7,34260871,0,14,7,7,96,216,312,ABEL_feasible,0.95,0.9119,0.9119,0,0.0028344027589599,,-131.6736,,9.795695934965414,
ratio_asym_skew_M18_8,blockratio_theory,1728,1728,18,8,ar1,0.2,0,ar1,0.8,0,normal,chisq1,1,1,0,0,loglog,unequal_blocks_main_theorem,2.25,12,ratio_asym_skew_M18_8,14,10000,7,34260871,0,14,7,7,96,216,312,ABEL_feasible,0.99,0.9748,0.9748,0,0.0015673212816777,,-52.5312,,5.416662349478131,
ratio_asym_skew_M18_8,blockratio_theory,1728,1728,18,8,ar1,0.2,0,ar1,0.8,0,normal,chisq1,1,1,0,0,loglog,unequal_blocks_main_theorem,2.25,12,ratio_asym_skew_M18_8,14,10000,7,34260871,0,14,7,7,96,216,312,VCABEL_feasible,0.9,0.9015,0.9015,0,0.002979895132383,,5.18399999999981,,10.298517577515648,
ratio_asym_skew_M18_8,blockratio_theory,1728,1728,18,8,ar1,0.2,0,ar1,0.8,0,normal,chisq1,1,1,0,0,loglog,unequal_blocks_main_theorem,2.25,12,ratio_asym_skew_M18_8,14,10000,7,34260871,0,14,7,7,96,216,312,VCABEL_feasible,0.95,0.9503,0.9503,0,0.002173244348894,,1.03680000000027,,7.510732469777664,
ratio_asym_skew_M18_8,blockratio_theory,1728,1728,18,8,ar1,0.2,0,ar1,0.8,0,normal,chisq1,1,1,0,0,loglog,unequal_blocks_main_theorem,2.25,12,ratio_asym_skew_M18_8,14,10000,7,34260871,0,14,7,7,96,216,312,VCABEL_feasible,0.99,0.9896,0.9896,0,0.0010144870625099,,-1.38239999999985,,3.506067288034214,
ratio_asym_skew_M18_8,blockratio_theory,1728,1728,18,8,ar1,0.2,0,ar1,0.8,0,normal,chisq1,1,1,0,0,loglog,unequal_blocks_main_theorem,2.25,12,ratio_asym_skew_M18_8,14,10000,7,34260871,0,14,7,7,96,216,312,ABEL_fixed075,0.9,0.8453,0.8453,0,0.0036161845915273,,-189.0432,,12.497533948318349,
ratio_asym_skew_M18_8,blockratio_theory,1728,1728,18,8,ar1,0.2,0,ar1,0.8,0,normal,chisq1,1,1,0,0,loglog,unequal_blocks_main_theorem,2.25,12,ratio_asym_skew_M18_8,14,10000,7,34260871,0,14,7,7,96,216,312,ABEL_fixed075,0.95,0.9108,0.9108,0,0.0028503220870631,,-135.4752,,9.850713132890073,
ratio_asym_skew_M18_8,blockratio_theory,1728,1728,18,8,ar1,0.2,0,ar1,0.8,0,normal,chisq1,1,1,0,0,loglog,unequal_blocks_main_theorem,2.25,12,ratio_asym_skew_M18_8,14,10000,7,34260871,0,14,7,7,96,216,312,ABEL_fixed075,0.99,0.974,0.974,0,0.0015913516267626,,-55.296,,5.499711222091546,
ratio_asym_skew_M18_8,blockratio_theory,1728,1728,18,8,ar1,0.2,0,ar1,0.8,0,normal,chisq1,1,1,0,0,loglog,unequal_blocks_main_theorem,2.25,12,ratio_asym_skew_M18_8,14,10000,7,34260871,0,14,7,7,96,216,312,VCABEL_fixed075_oracleVC,0.9,0.8975,0.8975,0,0.0030330471476717,,-8.6400000000002,,10.482210942353396,
ratio_asym_skew_M18_8,blockratio_theory,1728,1728,18,8,ar1,0.2,0,ar1,0.8,0,normal,chisq1,1,1,0,0,loglog,unequal_blocks_main_theorem,2.25,12,ratio_asym_skew_M18_8,14,10000,7,34260871,0,14,7,7,96,216,312,VCABEL_fixed075_oracleVC,0.95,0.95,0.95,0,0.0021794494717703,,0.0,,7.532177374438156,
ratio_asym_skew_M18_8,blockratio_theory,1728,1728,18,8,ar1,0.2,0,ar1,0.8,0,normal,chisq1,1,1,0,0,loglog,unequal_blocks_main_theorem,2.25,12,ratio_asym_skew_M18_8,14,10000,7,34260871,0,14,7,7,96,216,312,VCABEL_fixed075_oracleVC,0.99,0.9891,0.9891,0,0.0010383250936002,,-3.11040000000004,,3.588451523482291,
ratio_asym_skew_M18_8,blockratio_theory,1728,1728,18,8,ar1,0.2,0,ar1,0.8,0,normal,chisq1,1,1,0,0,loglog,unequal_blocks_main_theorem,2.25,12,ratio_asym_skew_M18_8,14,10000,7,34260871,0,14,7,7,96,216,312,Wald_HAC,0.9,0.8409,0.8409,0,0.0036576931254549,,-204.2496,,12.640987441572134,
ratio_asym_skew_M18_8,blockratio_theory,1728,1728,18,8,ar1,0.2,0,ar1,0.8,0,normal,chisq1,1,1,0,0,loglog,unequal_blocks_main_theorem,2.25,12,ratio_asym_skew_M18_8,14,10000,7,34260871,0,14,7,7,96,216,312,Wald_HAC,0.95,0.9065,0.9065,0,0.0029113184298527,,-150.336,,10.061516493570931,
ratio_asym_skew_M18_8,blockratio_theory,1728,1728,18,8,ar1,0.2,0,ar1,0.8,0,normal,chisq1,1,1,0,0,loglog,unequal_blocks_main_theorem,2.25,12,ratio_asym_skew_M18_8,14,10000,7,34260871,0,14,7,7,96,216,312,Wald_HAC,0.99,0.9725,0.9725,0,0.0016353516441426,,-60.4799999999999,,5.651775282156826,
ratio_asym_skew_M18_8,blockratio_theory,1728,1728,18,8,ar1,0.2,0,ar1,0.8,0,normal,chisq1,1,1,0,0,loglog,unequal_blocks_main_theorem,2.25,12,ratio_asym_skew_M18_8,14,10000,7,34260871,0,14,7,7,96,216,312,Wald_oracle,0.9,0.8986,0.8986,0,0.0030185764856965,,-4.83840000000023,,10.432200334567105,
ratio_asym_skew_M18_8,blockratio_theory,1728,1728,18,8,ar1,0.2,0,ar1,0.8,0,normal,chisq1,1,1,0,0,loglog,unequal_blocks_main_theorem,2.25,12,ratio_asym_skew_M18_8,14,10000,7,34260871,0,14,7,7,96,216,312,Wald_oracle,0.95,0.9486,0.9486,0,0.0022081222792227,,-4.83839999999985,,7.631270596993651,
ratio_asym_skew_M18_8,blockratio_theory,1728,1728,18,8,ar1,0.2,0,ar1,0.8,0,normal,chisq1,1,1,0,0,loglog,unequal_blocks_main_theorem,2.25,12,ratio_asym_skew_M18_8,14,10000,7,34260871,0,14,7,7,96,216,312,Wald_oracle,0.99,0.9903,0.9903,0,0.000980097444135,,1.03679999999989,,3.3872167669305595,
ratio_asym_skew_M24_6,blockratio_theory,1728,1728,24,6,ar1,0.2,0,ar1,0.8,0,normal,chisq1,1,1,0,0,loglog,unequal_blocks_main_theorem,4.0,12,ratio_asym_skew_M24_6,15,10000,7,35260874,0,14,7,7,72,288,360,BEL,0.9,0.8318,0.8318,0,0.0037404379422736,,-235.6992,,12.926953528497561,
ratio_asym_skew_M24_6,blockratio_theory,1728,1728,24,6,ar1,0.2,0,ar1,0.8,0,normal,chisq1,1,1,0,0,loglog,unequal_blocks_main_theorem,4.0,12,ratio_asym_skew_M24_6,15,10000,7,35260874,0,14,7,7,72,288,360,BEL,0.95,0.9028,0.9028,0,0.0029622991071125,,-163.1232,,10.2377057141808,
ratio_asym_skew_M24_6,blockratio_theory,1728,1728,24,6,ar1,0.2,0,ar1,0.8,0,normal,chisq1,1,1,0,0,loglog,unequal_blocks_main_theorem,4.0,12,ratio_asym_skew_M24_6,15,10000,7,35260874,0,14,7,7,72,288,360,BEL,0.99,0.9694,0.9694,0,0.0017223135603019,,-71.1935999999998,,5.952315664403367,
ratio_asym_skew_M24_6,blockratio_theory,1728,1728,24,6,ar1,0.2,0,ar1,0.8,0,normal,chisq1,1,1,0,0,loglog,unequal_blocks_main_theorem,4.0,12,ratio_asym_skew_M24_6,15,10000,7,35260874,0,14,7,7,72,288,360,BC_oracle,0.9,0.8349,0.8349,0,0.0037127077719637,,-224.9856,,12.831118059906547,
ratio_asym_skew_M24_6,blockratio_theory,1728,1728,24,6,ar1,0.2,0,ar1,0.8,0,normal,chisq1,1,1,0,0,loglog,unequal_blocks_main_theorem,4.0,12,ratio_asym_skew_M24_6,15,10000,7,35260874,0,14,7,7,72,288,360,BC_oracle,0.95,0.9043,0.9043,0,0.0029417938404993,,-157.9392,,10.16683951276558,
ratio_asym_skew_M24_6,blockratio_theory,1728,1728,24,6,ar1,0.2,0,ar1,0.8,0,normal,chisq1,1,1,0,0,loglog,unequal_blocks_main_theorem,4.0,12,ratio_asym_skew_M24_6,15,10000,7,35260874,0,14,7,7,72,288,360,BC_oracle,0.99,0.97,0.97,0,0.0017058722109232,,-69.1200000000001,,5.895494360950579,
ratio_asym_skew_M24_6,blockratio_theory,1728,1728,24,6,ar1,0.2,0,ar1,0.8,0,normal,chisq1,1,1,0,0,loglog,unequal_blocks_main_theorem,4.0,12,ratio_asym_skew_M24_6,15,10000,7,35260874,0,14,7,7,72,288,360,VC_oracle,0.9,0.8985,0.8985,0,0.0030198965214059,,-5.1840000000002,,10.436762377978791,
ratio_asym_skew_M24_6,blockratio_theory,1728,1728,24,6,ar1,0.2,0,ar1,0.8,0,normal,chisq1,1,1,0,0,loglog,unequal_blocks_main_theorem,4.0,12,ratio_asym_skew_M24_6,15,10000,7,35260874,0,14,7,7,72,288,360,VC_oracle,0.95,0.9474,0.9474,0,0.0022323359962156,,-8.98559999999978,,7.714953202921113,
ratio_asym_skew_M24_6,blockratio_theory,1728,1728,24,6,ar1,0.2,0,ar1,0.8,0,normal,chisq1,1,1,0,0,loglog,unequal_blocks_main_theorem,4.0,12,ratio_asym_skew_M24_6,15,10000,7,35260874,0,14,7,7,72,288,360,VC_oracle,0.99,0.9903,0.9903,0,0.000980097444135,,1.03679999999989,,3.3872167669305595,
ratio_asym_skew_M24_6,blockratio_theory,1728,1728,24,6,ar1,0.2,0,ar1,0.8,0,normal,chisq1,1,1,0,0,loglog,unequal_blocks_main_theorem,4.0,12,ratio_asym_skew_M24_6,15,10000,7,35260874,0,14,7,7,72,288,360,VCBC_oracle,0.9,0.9008,0.9008,0,0.0029893035978301,0.0002205269536385,2.76480000000008,0.7621411517747058,10.331033234100826,0.07377201626445447
ratio_asym_skew_M24_6,blockratio_theory,1728,1728,24,6,ar1,0.2,0,ar1,0.8,0,normal,chisq1,1,1,0,0,loglog,unequal_blocks_main_theorem,4.0,12,ratio_asym_skew_M24_6,15,10000,7,35260874,0,14,7,7,72,288,360,VCBC_oracle,0.95,0.9497,0.9497,0,0.0021856328602947,0.0002584207508432,-1.03679999999989,0.8931021149141327,7.5535471651784825,0.11823612077664569
ratio_asym_skew_M24_6,blockratio_theory,1728,1728,24,6,ar1,0.2,0,ar1,0.8,0,normal,chisq1,1,1,0,0,loglog,unequal_blocks_main_theorem,4.0,12,ratio_asym_skew_M24_6,15,10000,7,35260874,0,14,7,7,72,288,360,VCBC_oracle,0.99,0.9911,0.9911,0,0.000939190608982,0.0001715909035863,3.80159999999997,0.5930181627944933,3.2458427446417923,0.18270082978401903
ratio_asym_skew_M24_6,blockratio_theory,1728,1728,24,6,ar1,0.2,0,ar1,0.8,0,normal,chisq1,1,1,0,0,loglog,unequal_blocks_main_theorem,4.0,12,ratio_asym_skew_M24_6,15,10000,7,35260874,0,14,7,7,72,288,360,ABEL_oracle,0.9,0.835,0.835,0,0.0037118054905934,,-224.64,,12.82799977549079,
ratio_asym_skew_M24_6,blockratio_theory,1728,1728,24,6,ar1,0.2,0,ar1,0.8,0,normal,chisq1,1,1,0,0,loglog,unequal_blocks_main_theorem,4.0,12,ratio_asym_skew_M24_6,15,10000,7,35260874,0,14,7,7,72,288,360,ABEL_oracle,0.95,0.9044,0.9044,0,0.0029404190177592,,-157.5936,,10.162088125375796,
ratio_asym_skew_M24_6,blockratio_theory,1728,1728,24,6,ar1,0.2,0,ar1,0.8,0,normal,chisq1,1,1,0,0,loglog,unequal_blocks_main_theorem,4.0,12,ratio_asym_skew_M24_6,15,10000,7,35260874,0,14,7,7,72,288,360,ABEL_oracle,0.99,0.97,0.97,0,0.0017058722109232,,-69.1200000000001,,5.895494360950579,
ratio_asym_skew_M24_6,blockratio_theory,1728,1728,24,6,ar1,0.2,0,ar1,0.8,0,normal,chisq1,1,1,0,0,loglog,unequal_blocks_main_theorem,4.0,12,ratio_asym_skew_M24_6,15,10000,7,35260874,0,14,7,7,72,288,360,VCABEL_oracle,0.9,0.9008,0.9008,0,0.0029893035978301,0.0002205269536385,2.76480000000008,0.7621411517747058,10.331033234100826,0.07377201626445447
ratio_asym_skew_M24_6,blockratio_theory,1728,1728,24,6,ar1,0.2,0,ar1,0.8,0,normal,chisq1,1,1,0,0,loglog,unequal_blocks_main_theorem,4.0,12,ratio_asym_skew_M24_6,15,10000,7,35260874,0,14,7,7,72,288,360,VCABEL_oracle,0.95,0.9498,0.9498,0,0.0021835741343036,0.0002584207508432,-0.691199999999924,0.8931021149141327,7.546432208153242,0.1183475966231057
ratio_asym_skew_M24_6,blockratio_theory,1728,1728,24,6,ar1,0.2,0,ar1,0.8,0,normal,chisq1,1,1,0,0,loglog,unequal_blocks_main_theorem,4.0,12,ratio_asym_skew_M24_6,15,10000,7,35260874,0,14,7,7,72,288,360,VCABEL_oracle,0.99,0.9911,0.9911,0,0.000939190608982,0.0001715909035863,3.80159999999997,0.5930181627944933,3.2458427446417923,0.18270082978401903
ratio_asym_skew_M24_6,blockratio_theory,1728,1728,24,6,ar1,0.2,0,ar1,0.8,0,normal,chisq1,1,1,0,0,loglog,unequal_blocks_main_theorem,4.0,12,ratio_asym_skew_M24_6,15,10000,7,35260874,0,14,7,7,72,288,360,BC_feasible,0.9,0.8346,0.8346,0,0.0037154116864756,,-226.0224,,12.840462788459673,
ratio_asym_skew_M24_6,blockratio_theory,1728,1728,24,6,ar1,0.2,0,ar1,0.8,0,normal,chisq1,1,1,0,0,loglog,unequal_blocks_main_theorem,4.0,12,ratio_asym_skew_M24_6,15,10000,7,35260874,0,14,7,7,72,288,360,BC_feasible,0.95,0.9041,0.9041,0,0.0029445405414087,,-158.6304,,10.176332111108467,
ratio_asym_skew_M24_6,blockratio_theory,1728,1728,24,6,ar1,0.2,0,ar1,0.8,0,normal,chisq1,1,1,0,0,loglog,unequal_blocks_main_theorem,4.0,12,ratio_asym_skew_M24_6,15,10000,7,35260874,0,14,7,7,72,288,360,BC_feasible,0.99,0.9701,0.9701,0,0.0017031144999676,,-68.7744000000001,,5.885963711888025,
ratio_asym_skew_M24_6,blockratio_theory,1728,1728,24,6,ar1,0.2,0,ar1,0.8,0,normal,chisq1,1,1,0,0,loglog,unequal_blocks_main_theorem,4.0,12,ratio_asym_skew_M24_6,15,10000,7,35260874,0,14,7,7,72,288,360,VC_feasible,0.9,0.9068,0.9068,0,0.0029071250403104,,23.5008000000001,,10.047024139312743,
ratio_asym_skew_M24_6,blockratio_theory,1728,1728,24,6,ar1,0.2,0,ar1,0.8,0,normal,chisq1,1,1,0,0,loglog,unequal_blocks_main_theorem,4.0,12,ratio_asym_skew_M24_6,15,10000,7,35260874,0,14,7,7,72,288,360,VC_feasible,0.95,0.9548,0.9548,0,0.0020774253295846,,16.5888000000001,,7.179581939044377,
ratio_asym_skew_M24_6,blockratio_theory,1728,1728,24,6,ar1,0.2,0,ar1,0.8,0,normal,chisq1,1,1,0,0,loglog,unequal_blocks_main_theorem,4.0,12,ratio_asym_skew_M24_6,15,10000,7,35260874,0,14,7,7,72,288,360,VC_feasible,0.99,0.9913,0.9913,0,0.000928671631956,,4.49279999999989,,3.209489160039936,
ratio_asym_skew_M24_6,blockratio_theory,1728,1728,24,6,ar1,0.2,0,ar1,0.8,0,normal,chisq1,1,1,0,0,loglog,unequal_blocks_main_theorem,4.0,12,ratio_asym_skew_M24_6,15,10000,7,35260874,0,14,7,7,72,288,360,VCBC_feasible,0.9,0.9087,0.9087,0,0.0028803525825842,,30.0671999999998,,9.954498525410996,
ratio_asym_skew_M24_6,blockratio_theory,1728,1728,24,6,ar1,0.2,0,ar1,0.8,0,normal,chisq1,1,1,0,0,loglog,unequal_blocks_main_theorem,4.0,12,ratio_asym_skew_M24_6,15,10000,7,35260874,0,14,7,7,72,288,360,VCBC_feasible,0.95,0.956,0.956,0,0.002050950998927,,20.736,,7.088086652291712,
ratio_asym_skew_M24_6,blockratio_theory,1728,1728,24,6,ar1,0.2,0,ar1,0.8,0,normal,chisq1,1,1,0,0,loglog,unequal_blocks_main_theorem,4.0,12,ratio_asym_skew_M24_6,15,10000,7,35260874,0,14,7,7,72,288,360,VCBC_feasible,0.99,0.9921,0.9921,0,0.0008853016435091,,7.25759999999997,,3.0596024799674497,
ratio_asym_skew_M24_6,blockratio_theory,1728,1728,24,6,ar1,0.2,0,ar1,0.8,0,normal,chisq1,1,1,0,0,loglog,unequal_blocks_main_theorem,4.0,12,ratio_asym_skew_M24_6,15,10000,7,35260874,0,14,7,7,72,288,360,ABEL_feasible,0.9,0.8346,0.8346,0,0.0037154116864756,,-226.0224,,12.840462788459673,
ratio_asym_skew_M24_6,blockratio_theory,1728,1728,24,6,ar1,0.2,0,ar1,0.8,0,normal,chisq1,1,1,0,0,loglog,unequal_blocks_main_theorem,4.0,12,ratio_asym_skew_M24_6,15,10000,7,35260874,0,14,7,7,72,288,360,ABEL_feasible,0.95,0.9041,0.9041,0,0.0029445405414087,,-158.6304,,10.176332111108467,
ratio_asym_skew_M24_6,blockratio_theory,1728,1728,24,6,ar1,0.2,0,ar1,0.8,0,normal,chisq1,1,1,0,0,loglog,unequal_blocks_main_theorem,4.0,12,ratio_asym_skew_M24_6,15,10000,7,35260874,0,14,7,7,72,288,360,ABEL_feasible,0.99,0.9702,0.9702,0,0.0017003517283197,,-68.4288000000001,,5.876415573072883,
ratio_asym_skew_M24_6,blockratio_theory,1728,1728,24,6,ar1,0.2,0,ar1,0.8,0,normal,chisq1,1,1,0,0,loglog,unequal_blocks_main_theorem,4.0,12,ratio_asym_skew_M24_6,15,10000,7,35260874,0,14,7,7,72,288,360,VCABEL_feasible,0.9,0.9088,0.9088,0,0.0028789331357292,,30.4128000000001,,9.949592917080116,
ratio_asym_skew_M24_6,blockratio_theory,1728,1728,24,6,ar1,0.2,0,ar1,0.8,0,normal,chisq1,1,1,0,0,loglog,unequal_blocks_main_theorem,4.0,12,ratio_asym_skew_M24_6,15,10000,7,35260874,0,14,7,7,72,288,360,VCABEL_feasible,0.95,0.956,0.956,0,0.002050950998927,,20.736,,7.088086652291712,
ratio_asym_skew_M24_6,blockratio_theory,1728,1728,24,6,ar1,0.2,0,ar1,0.8,0,normal,chisq1,1,1,0,0,loglog,unequal_blocks_main_theorem,4.0,12,ratio_asym_skew_M24_6,15,10000,7,35260874,0,14,7,7,72,288,360,VCABEL_feasible,0.99,0.9921,0.9921,0,0.0008853016435091,,7.25759999999997,,3.0596024799674497,
ratio_asym_skew_M24_6,blockratio_theory,1728,1728,24,6,ar1,0.2,0,ar1,0.8,0,normal,chisq1,1,1,0,0,loglog,unequal_blocks_main_theorem,4.0,12,ratio_asym_skew_M24_6,15,10000,7,35260874,0,14,7,7,72,288,360,ABEL_fixed075,0.9,0.8326,0.8326,0,0.0037333261309454,,-232.9344,,12.902375108547302,
ratio_asym_skew_M24_6,blockratio_theory,1728,1728,24,6,ar1,0.2,0,ar1,0.8,0,normal,chisq1,1,1,0,0,loglog,unequal_blocks_main_theorem,4.0,12,ratio_asym_skew_M24_6,15,10000,7,35260874,0,14,7,7,72,288,360,ABEL_fixed075,0.95,0.9031,0.9031,0,0.0029582155093907,,-162.0864,,10.22359280045426,
ratio_asym_skew_M24_6,blockratio_theory,1728,1728,24,6,ar1,0.2,0,ar1,0.8,0,normal,chisq1,1,1,0,0,loglog,unequal_blocks_main_theorem,4.0,12,ratio_asym_skew_M24_6,15,10000,7,35260874,0,14,7,7,72,288,360,ABEL_fixed075,0.99,0.9697,0.9697,0,0.0017141152236649,,-70.1567999999999,,5.923982212985894,
ratio_asym_skew_M24_6,blockratio_theory,1728,1728,24,6,ar1,0.2,0,ar1,0.8,0,normal,chisq1,1,1,0,0,loglog,unequal_blocks_main_theorem,4.0,12,ratio_asym_skew_M24_6,15,10000,7,35260874,0,14,7,7,72,288,360,VCABEL_fixed075_oracleVC,0.9,0.8995,0.8995,0,0.0030066551182335,,-1.72800000000019,,10.391000088614975,
ratio_asym_skew_M24_6,blockratio_theory,1728,1728,24,6,ar1,0.2,0,ar1,0.8,0,normal,chisq1,1,1,0,0,loglog,unequal_blocks_main_theorem,4.0,12,ratio_asym_skew_M24_6,15,10000,7,35260874,0,14,7,7,72,288,360,VCABEL_fixed075_oracleVC,0.95,0.9479,0.9479,0,0.0022222868851703,,-7.25759999999997,,7.680223475148557,
ratio_asym_skew_M24_6,blockratio_theory,1728,1728,24,6,ar1,0.2,0,ar1,0.8,0,normal,chisq1,1,1,0,0,loglog,unequal_blocks_main_theorem,4.0,12,ratio_asym_skew_M24_6,15,10000,7,35260874,0,14,7,7,72,288,360,VCABEL_fixed075_oracleVC,0.99,0.9906,0.9906,0,0.0009649683932647,,2.07360000000016,,3.334930767122803,
ratio_asym_skew_M24_6,blockratio_theory,1728,1728,24,6,ar1,0.2,0,ar1,0.8,0,normal,chisq1,1,1,0,0,loglog,unequal_blocks_main_theorem,4.0,12,ratio_asym_skew_M24_6,15,10000,7,35260874,0,14,7,7,72,288,360,Wald_HAC,0.9,0.8429,0.8429,0,0.0036389502607208,,-197.3376,,12.576212101051086,
ratio_asym_skew_M24_6,blockratio_theory,1728,1728,24,6,ar1,0.2,0,ar1,0.8,0,normal,chisq1,1,1,0,0,loglog,unequal_blocks_main_theorem,4.0,12,ratio_asym_skew_M24_6,15,10000,7,35260874,0,14,7,7,72,288,360,Wald_HAC,0.95,0.9067,0.9067,0,0.0029085238524034,,-149.6448,,10.051858433906151,
ratio_asym_skew_M24_6,blockratio_theory,1728,1728,24,6,ar1,0.2,0,ar1,0.8,0,normal,chisq1,1,1,0,0,loglog,unequal_blocks_main_theorem,4.0,12,ratio_asym_skew_M24_6,15,10000,7,35260874,0,14,7,7,72,288,360,Wald_HAC,0.99,0.9715,0.9715,0,0.0016639636414297,,-63.9359999999999,,5.750658344781043,
ratio_asym_skew_M24_6,blockratio_theory,1728,1728,24,6,ar1,0.2,0,ar1,0.8,0,normal,chisq1,1,1,0,0,loglog,unequal_blocks_main_theorem,4.0,12,ratio_asym_skew_M24_6,15,10000,7,35260874,0,14,7,7,72,288,360,Wald_oracle,0.9,0.9,0.9,0,0.003,,0.0,,10.368,
ratio_asym_skew_M24_6,blockratio_theory,1728,1728,24,6,ar1,0.2,0,ar1,0.8,0,normal,chisq1,1,1,0,0,loglog,unequal_blocks_main_theorem,4.0,12,ratio_asym_skew_M24_6,15,10000,7,35260874,0,14,7,7,72,288,360,Wald_oracle,0.95,0.9489,0.9489,0,0.0022020170299069,,-3.80159999999997,,7.6101708553582466,
ratio_asym_skew_M24_6,blockratio_theory,1728,1728,24,6,ar1,0.2,0,ar1,0.8,0,normal,chisq1,1,1,0,0,loglog,unequal_blocks_main_theorem,4.0,12,ratio_asym_skew_M24_6,15,10000,7,35260874,0,14,7,7,72,288,360,Wald_oracle,0.99,0.9915,0.9915,0,0.0009180277773575,,5.1840000000002,,3.17270399854752,
