"boundary","parity","x","Q","method","scale","nu","theta_block","theta_bartlett","aG_over_N","bartlett_multiplier","rejection","coverage","mcse","q95","q95_over_chisq","hull_failure","in_4_6_band","reps","seed"
"positive","not_applicable",0.25,5,"Raw",1,0.268411235462916,0.778800783071405,0.849440333766539,0.604676458876809,0.395323541123191,0.66815,0.33185,0.00332960641442799,Inf,Inf,0.4845,FALSE,20000,2608161
"positive","not_applicable",0.25,5,"Variance",0.268411235462916,0.268411235462916,0.778800783071405,0.849440333766539,0.604676458876809,0.395323541123191,0.52365,0.47635,0.0035315766840039,Inf,Inf,0.4845,FALSE,20000,2608161
"positive","not_applicable",0.25,5,"Bartlett",0.395323541123191,0.268411235462916,0.778800783071405,0.849440333766539,0.604676458876809,0.395323541123191,0.55775,0.44225,0.00351187227486992,Inf,Inf,0.4845,FALSE,20000,2608161
"positive","not_applicable",0.25,5,"Combined",0.106109280080451,0.268411235462916,0.778800783071405,0.849440333766539,0.604676458876809,0.395323541123191,0.4867,0.5133,0.00353428288341497,Inf,Inf,0.4845,FALSE,20000,2608161
"positive","not_applicable",0.25,6,"Raw",1,0.238967627063099,0.778800783071405,0.849440333766539,0.465643650556127,0.534356349443873,0.6515,0.3485,0.00336933042309596,Inf,Inf,0.41355,FALSE,20000,2608162
"positive","not_applicable",0.25,6,"Variance",0.238967627063099,0.238967627063099,0.778800783071405,0.849440333766539,0.465643650556127,0.534356349443873,0.4645,0.5355,0.00352661133384443,Inf,Inf,0.41355,FALSE,20000,2608162
"positive","not_applicable",0.25,6,"Bartlett",0.534356349443873,0.238967627063099,0.778800783071405,0.849440333766539,0.465643650556127,0.534356349443873,0.56255,0.43745,0.00350775923845979,Inf,Inf,0.41355,FALSE,20000,2608162
"positive","not_applicable",0.25,6,"Combined",0.127693868832703,0.238967627063099,0.778800783071405,0.849440333766539,0.465643650556127,0.534356349443873,0.42575,0.57425,0.00349633334723679,Inf,Inf,0.41355,FALSE,20000,2608162
"positive","not_applicable",0.25,8,"Raw",1,0.202941164582146,0.778800783071405,0.849440333766539,0.302803407780783,0.697196592219217,0.62585,0.37415,0.0034217084731169,Inf,Inf,0.3004,FALSE,20000,2608163
"positive","not_applicable",0.25,8,"Variance",0.202941164582146,0.202941164582146,0.778800783071405,0.849440333766539,0.302803407780783,0.697196592219217,0.37455,0.62545,0.00342244282275102,Inf,Inf,0.3004,FALSE,20000,2608163
"positive","not_applicable",0.25,8,"Bartlett",0.697196592219217,0.202941164582146,0.778800783071405,0.849440333766539,0.302803407780783,0.697196592219217,0.56735,0.43265,0.00350331255742333,Inf,Inf,0.3004,FALSE,20000,2608163
"positive","not_applicable",0.25,8,"Combined",0.141489888367672,0.202941164582146,0.778800783071405,0.849440333766539,0.302803407780783,0.697196592219217,0.34035,0.65965,0.00335046174056651,Inf,Inf,0.3004,FALSE,20000,2608163
"positive","not_applicable",0.25,10,"Raw",1,0.182043209413248,0.778800783071405,0.849440333766539,0.21395948576998,0.78604051423002,0.61575,0.38425,0.00343949078716603,Inf,Inf,0.2264,FALSE,20000,2608164
"positive","not_applicable",0.25,10,"Variance",0.182043209413248,0.182043209413248,0.778800783071405,0.849440333766539,0.21395948576998,0.78604051423002,0.31865,0.68135,0.00329478510300748,Inf,Inf,0.2264,FALSE,20000,2608164
"positive","not_applicable",0.25,10,"Bartlett",0.78604051423002,0.182043209413248,0.778800783071405,0.849440333766539,0.21395948576998,0.78604051423002,0.57365,0.42635,0.0034969678115476,Inf,Inf,0.2264,FALSE,20000,2608164
"positive","not_applicable",0.25,10,"Combined",0.143093337939273,0.182043209413248,0.778800783071405,0.849440333766539,0.21395948576998,0.78604051423002,0.28935,0.71065,0.00320645113404212,Inf,Inf,0.2264,FALSE,20000,2608164
"positive","not_applicable",0.25,15,"Raw",1,0.155763108679061,0.778800783071405,0.849440333766539,0.111746187919679,0.888253812080321,0.58715,0.41285,0.00348141406256136,Inf,Inf,0.0996,FALSE,20000,2608165
"positive","not_applicable",0.25,15,"Variance",0.155763108679061,0.155763108679061,0.778800783071405,0.849440333766539,0.111746187919679,0.888253812080321,0.21595,0.78405,0.00290960132578331,Inf,Inf,0.0996,FALSE,20000,2608165
"positive","not_applicable",0.25,15,"Bartlett",0.888253812080321,0.155763108679061,0.778800783071405,0.849440333766539,0.111746187919679,0.888253812080321,0.5652,0.4348,0.00350534563203117,Inf,Inf,0.0996,FALSE,20000,2608165
"positive","not_applicable",0.25,15,"Combined",0.138357175065657,0.155763108679061,0.778800783071405,0.849440333766539,0.111746187919679,0.888253812080321,0.19885,0.80115,0.0028223100246075,Inf,Inf,0.0996,FALSE,20000,2608165
"positive","not_applicable",0.25,20,"Raw",1,0.143761750593027,0.778800783071405,0.849440333766539,0.0704109477040423,0.929589052295958,0.56775,0.43225,0.0035029269011785,118.844096440165,30.9372303563288,0.0454,FALSE,20000,2608166
"positive","not_applicable",0.25,20,"Variance",0.143761750593027,0.143761750593027,0.778800783071405,0.849440333766539,0.0704109477040423,0.929589052295958,0.16555,0.83445,0.00262814761286348,17.0852353518846,4.44759039452555,0.0454,FALSE,20000,2608166
"positive","not_applicable",0.25,20,"Bartlett",0.929589052295958,0.143761750593027,0.778800783071405,0.849440333766539,0.0704109477040423,0.929589052295958,0.55295,0.44705,0.00351565283766756,110.476170980783,28.7589106476014,0.0454,FALSE,20000,2608166
"positive","not_applicable",0.25,20,"Combined",0.133639349490179,0.143761750593027,0.778800783071405,0.849440333766539,0.0704109477040423,0.929589052295958,0.1538,0.8462,0.00255093669070794,15.8822477390118,4.13443133984761,0.0454,FALSE,20000,2608166
"positive","not_applicable",0.25,30,"Raw",1,0.132915381341873,0.778800783071405,0.849440333766539,0.0374801219837706,0.962519878016229,0.5467,0.4533,0.00352007890536562,49.8332056966391,12.9724690599793,0.0087,FALSE,20000,2608167
"positive","not_applicable",0.25,30,"Variance",0.132915381341873,0.132915381341873,0.778800783071405,0.849440333766539,0.0374801219837706,0.962519878016229,0.1135,0.8865,0.00224296399881942,6.62359953865677,1.7242406720528,0.0087,FALSE,20000,2608167
"positive","not_applicable",0.25,30,"Bartlett",0.962519878016229,0.132915381341873,0.778800783071405,0.849440333766539,0.0374801219837706,0.962519878016229,0.5389,0.4611,0.00352481765485819,47.9654510682867,12.4862593371806,0.0087,FALSE,20000,2608167
"positive","not_applicable",0.25,30,"Combined",0.12793369663566,0.132915381341873,0.778800783071405,0.849440333766539,0.0374801219837706,0.962519878016229,0.10765,0.89235,0.00219159163052791,6.37534621997627,1.65961592133488,0.0087,FALSE,20000,2608167
"positive","not_applicable",0.25,50,"Raw",1,0.125220755383993,0.778800783071405,0.849440333766539,0.0178649448233309,0.982135055176669,0.5294,0.4706,0.00352941666568287,38.539912322186,10.0326240944116,3e-04,FALSE,20000,2608168
"positive","not_applicable",0.25,50,"Variance",0.125220755383993,0.125220755383993,0.778800783071405,0.849440333766539,0.0178649448233309,0.982135055176669,0.07825,0.92175,0.00189903840798442,4.82599693341698,1.25629276758587,3e-04,FALSE,20000,2608168
"positive","not_applicable",0.25,50,"Bartlett",0.982135055176669,0.125220755383993,0.778800783071405,0.849440333766539,0.0178649448233309,0.982135055176669,0.5259,0.4741,0.00353078737677589,37.8513989150541,9.85339181853175,3e-04,FALSE,20000,2608168
"positive","not_applicable",0.25,50,"Combined",0.122983693498322,0.125220755383993,0.778800783071405,0.849440333766539,0.0178649448233309,0.982135055176669,0.0756,0.9244,0.00186928649489585,4.73978076448392,1.233849166611,3e-04,FALSE,20000,2608168
"positive","not_applicable",0.25,100,"Raw",1,0.120003262797451,0.778800783071405,0.849440333766539,0.00719642144348813,0.992803578556512,0.5173,0.4827,0.00353341697228051,35.3453673139955,9.20102725651731,0,FALSE,20000,2608169
"positive","not_applicable",0.25,100,"Variance",0.120003262797451,0.120003262797451,0.778800783071405,0.849440333766539,0.00719642144348813,0.992803578556512,0.0611,0.9389,0.0016936172826232,4.24155940245383,1.10415329187036,0,FALSE,20000,2608169
"positive","not_applicable",0.25,100,"Bartlett",0.992803578556512,0.120003262797451,0.778800783071405,0.849440333766539,0.00719642144348813,0.992803578556512,0.51585,0.48415,0.00353375704810051,35.0910071547291,9.13481278666639,0,FALSE,20000,2608169
"positive","not_applicable",0.25,100,"Combined",0.119139668743767,0.120003262797451,0.778800783071405,0.849440333766539,0.00719642144348813,0.992803578556512,0.06025,0.93975,0.0016825566483777,4.21103535341618,1.09620733944384,0,FALSE,20000,2608169
"positive","not_applicable",0.25,200,"Raw",1,0.117554216617979,0.778800783071405,0.849440333766539,0.00316419474486379,0.996835805255136,0.51255,0.48745,0.00353442001960718,33.2220161875581,8.64828122290143,0,FALSE,20000,2608170
"positive","not_applicable",0.25,200,"Variance",0.117554216617979,0.117554216617979,0.778800783071405,0.849440333766539,0.00316419474486379,0.996835805255136,0.0523,0.9477,0.00157424124580701,3.90538808739821,1.01664192425016,0,TRUE,20000,2608170
"positive","not_applicable",0.25,200,"Bartlett",0.996835805255136,0.117554216617979,0.778800783071405,0.849440333766539,0.00316419474486379,0.996835805255136,0.51205,0.48795,0.00353450702008074,33.1168952585236,8.62091637690382,0,FALSE,20000,2608170
"positive","not_applicable",0.25,200,"Combined",0.11718225218352,0.117554216617979,0.778800783071405,0.849440333766539,0.00316419474486379,0.996835805255136,0.05165,0.94835,0.00156496449640239,3.89303067893541,1.01342507121604,0,TRUE,20000,2608170
"positive","not_applicable",0.5,5,"Raw",1,0.336678053977169,0.606530659712633,0.726636454537114,0.525380772981663,0.474619227018337,0.5545,0.4455,0.00351446830971628,Inf,Inf,0.34515,FALSE,20000,2608171
"positive","not_applicable",0.5,5,"Variance",0.336678053977169,0.336678053977169,0.606530659712633,0.726636454537114,0.525380772981663,0.474619227018337,0.40725,0.59275,0.0034741721136121,Inf,Inf,0.34515,FALSE,20000,2608171
"positive","not_applicable",0.5,5,"Bartlett",0.474619227018337,0.336678053977169,0.606530659712633,0.726636454537114,0.525380772981663,0.474619227018337,0.4476,0.5524,0.0035160648458184,Inf,Inf,0.34515,FALSE,20000,2608171
"positive","not_applicable",0.5,5,"Combined",0.159793877732682,0.336678053977169,0.606530659712633,0.726636454537114,0.525380772981663,0.474619227018337,0.3571,0.6429,0.00338806427034671,Inf,Inf,0.34515,FALSE,20000,2608171
"positive","not_applicable",0.5,6,"Raw",1,0.311829442257507,0.606530659712633,0.726636454537114,0.418093584956295,0.581906415043705,0.52665,0.47335,0.00353050830263859,Inf,Inf,0.26645,FALSE,20000,2608172
"positive","not_applicable",0.5,6,"Variance",0.311829442257507,0.311829442257507,0.606530659712633,0.726636454537114,0.418093584956295,0.581906415043705,0.3476,0.6524,0.00336730040239952,Inf,Inf,0.26645,FALSE,20000,2608172
"positive","not_applicable",0.5,6,"Bartlett",0.581906415043705,0.311829442257507,0.606530659712633,0.726636454537114,0.418093584956295,0.581906415043705,0.43575,0.56425,0.00350622259347578,Inf,Inf,0.26645,FALSE,20000,2608172
"positive","not_applicable",0.5,6,"Combined",0.181455552849144,0.311829442257507,0.606530659712633,0.726636454537114,0.418093584956295,0.581906415043705,0.2967,0.7033,0.00323008598956746,Inf,Inf,0.26645,FALSE,20000,2608172
"positive","not_applicable",0.5,8,"Raw",1,0.282357904097413,0.606530659712633,0.726636454537114,0.292649992540852,0.707350007459148,0.4901,0.5099,0.00353484080263878,Inf,Inf,0.15905,FALSE,20000,2608173
"positive","not_applicable",0.5,8,"Variance",0.282357904097413,0.282357904097413,0.606530659712633,0.726636454537114,0.292649992540852,0.707350007459148,0.26105,0.73895,0.00310566335506603,Inf,Inf,0.15905,FALSE,20000,2608173
"positive","not_applicable",0.5,8,"Bartlett",0.707350007459148,0.282357904097413,0.606530659712633,0.726636454537114,0.292649992540852,0.707350007459148,0.4218,0.5782,0.00349202491400047,Inf,Inf,0.15905,FALSE,20000,2608173
"positive","not_applicable",0.5,8,"Combined",0.199725865569455,0.282357904097413,0.606530659712633,0.726636454537114,0.292649992540852,0.707350007459148,0.21865,0.78135,0.0029226886380523,Inf,Inf,0.15905,FALSE,20000,2608173
"positive","not_applicable",0.5,10,"Raw",1,0.265878779999629,0.606530659712633,0.726636454537114,0.223144590378045,0.776855409621955,0.4635,0.5365,0.00352610089192014,Inf,Inf,0.0933,FALSE,20000,2608174
"positive","not_applicable",0.5,10,"Variance",0.265878779999629,0.265878779999629,0.606530659712633,0.726636454537114,0.223144590378045,0.776855409621955,0.20685,0.79315,0.00286411485017623,Inf,Inf,0.0933,FALSE,20000,2608174
"positive","not_applicable",0.5,10,"Bartlett",0.776855409621955,0.265878779999629,0.606530659712633,0.726636454537114,0.223144590378045,0.776855409621955,0.40935,0.59065,0.00347694246069733,Inf,Inf,0.0933,FALSE,20000,2608174
"positive","not_applicable",0.5,10,"Combined",0.206549368546397,0.265878779999629,0.606530659712633,0.726636454537114,0.223144590378045,0.776855409621955,0.17085,0.82915,0.0026613932206647,Inf,Inf,0.0933,FALSE,20000,2608174
"positive","not_applicable",0.5,15,"Raw",1,0.24581906723162,0.606530659712633,0.726636454537114,0.138532387062745,0.861467612937255,0.4321,0.5679,0.00350278168032208,40.7699342009541,10.613138420572,0.02675,FALSE,20000,2608175
"positive","not_applicable",0.5,15,"Variance",0.24581906723162,0.24581906723162,0.606530659712633,0.726636454537114,0.138532387062745,0.861467612937255,0.1439,0.8561,0.00248186210334096,10.0220271963731,2.60891178694508,0.02675,FALSE,20000,2608175
"positive","not_applicable",0.5,15,"Bartlett",0.861467612937255,0.24581906723162,0.606530659712633,0.726636454537114,0.138532387062745,0.861467612937255,0.3986,0.6014,0.00346206614610409,35.1219778957049,9.14287502094285,0.02675,FALSE,20000,2608175
"positive","not_applicable",0.5,15,"Combined",0.211765165062487,0.24581906723162,0.606530659712633,0.726636454537114,0.138532387062745,0.861467612937255,0.1201,0.8799,0.00229865167000135,8.63365184565176,2.24749300946345,0.02675,FALSE,20000,2608175
"positive","not_applicable",0.5,20,"Raw",1,0.236733605173736,0.606530659712633,0.726636454537114,0.0999961734815153,0.900003826518485,0.42215,0.57785,0.00349241590807853,28.5402150796499,7.42952519128994,0.0079,FALSE,20000,2608176
"positive","not_applicable",0.5,20,"Variance",0.236733605173736,0.236733605173736,0.606530659712633,0.726636454537114,0.0999961734815153,0.900003826518485,0.1122,0.8878,0.00223171637982966,6.75642800823934,1.75881828326315,0.0079,FALSE,20000,2608176
"positive","not_applicable",0.5,20,"Bartlett",0.900003826518485,0.236733605173736,0.606530659712633,0.726636454537114,0.0999961734815153,0.900003826518485,0.3972,0.6028,0.00346000115606917,25.6863027813455,6.68660110137642,0.0079,FALSE,20000,2608176
"positive","not_applicable",0.5,20,"Combined",0.213061150521878,0.236733605173736,0.606530659712633,0.726636454537114,0.0999961734815153,0.900003826518485,0.0959,0.9041,0.00208210458430887,6.08081106101207,1.58294318508751,0.0079,FALSE,20000,2608176
"positive","not_applicable",0.5,30,"Raw",1,0.228279980110545,0.606530659712633,0.726636454537114,0.0640569778106663,0.935943022189334,0.4005,0.5995,0.00346482142396978,23.0929703203442,6.01151057404058,9e-04,FALSE,20000,2608177
"positive","not_applicable",0.5,30,"Variance",0.228279980110545,0.228279980110545,0.606530659712633,0.726636454537114,0.0640569778106663,0.935943022189334,0.0854,0.9146,0.00197619381640567,5.27166280542157,1.37230751427631,9e-04,FALSE,20000,2608177
"positive","not_applicable",0.5,30,"Bartlett",0.935943022189334,0.228279980110545,0.606530659712633,0.726636454537114,0.0640569778106663,0.935943022189334,0.3854,0.6146,0.00344141569706422,21.6137044329515,5.62643137459067,9e-04,FALSE,20000,2608177
"positive","not_applicable",0.5,30,"Combined",0.213657054489984,0.228279980110545,0.606530659712633,0.726636454537114,0.0640569778106663,0.935943022189334,0.07675,0.92325,0.00188227837340814,4.93397601806936,1.2844016422849,9e-04,FALSE,20000,2608177
"positive","not_applicable",0.5,50,"Raw",1,0.221938874401191,0.606530659712633,0.726636454537114,0.0371825917772127,0.962817408222787,0.385,0.615,0.00344074846508721,19.4337701949731,5.05895575146671,0,FALSE,20000,2608178
"positive","not_applicable",0.5,50,"Variance",0.221938874401191,0.221938874401191,0.606530659712633,0.726636454537114,0.0371825917772127,0.962817408222787,0.0641,0.9359,0.00173192364150386,4.31310908244375,1.12277894512596,0,FALSE,20000,2608178
"positive","not_applicable",0.5,50,"Bartlett",0.962817408222787,0.221938874401191,0.606530659712633,0.726636454537114,0.0371825917772127,0.962817408222787,0.3762,0.6238,0.00342544566443551,18.7111722511212,4.87085066494094,0,FALSE,20000,2608178
"positive","not_applicable",0.5,50,"Combined",0.213686611834838,0.221938874401191,0.606530659712633,0.726636454537114,0.0371825917772127,0.962817408222787,0.05965,0.94035,0.00167469217320677,4.15273650814065,1.08103111395329,0,TRUE,20000,2608178
"positive","not_applicable",0.5,100,"Raw",1,0.217409509617619,0.606530659712633,0.726636454537114,0.0181219474387471,0.981878052561253,0.3732,0.6268,0.00341995438566072,18.6847274198982,4.86396660540592,0,FALSE,20000,2608179
"positive","not_applicable",0.5,100,"Variance",0.217409509617619,0.217409509617619,0.606530659712633,0.726636454537114,0.0181219474387471,0.981878052561253,0.0562,0.9438,0.00162852018716379,4.06223742569896,1.05747259447778,0,TRUE,20000,2608179
"positive","not_applicable",0.5,100,"Bartlett",0.981878052561253,0.217409509617619,0.606530659712633,0.726636454537114,0.0181219474387471,0.981878052561253,0.3684,0.6316,0.00341087554742181,18.3461237716875,4.77582205823893,0,FALSE,20000,2608179
"positive","not_applicable",0.5,100,"Combined",0.213469625911645,0.217409509617619,0.606530659712633,0.726636454537114,0.0181219474387471,0.981878052561253,0.05405,0.94595,0.00159888394669532,3.98862177258673,1.03830913170274,0,TRUE,20000,2608179
"positive","not_applicable",0.5,200,"Raw",1,0.215213453964916,0.606530659712633,0.726636454537114,0.00894363660690546,0.991056363393095,0.36805,0.63195,0.00341019938933195,18.2035078963686,4.73869661137727,0,FALSE,20000,2608180
"positive","not_applicable",0.5,200,"Variance",0.215213453964916,0.215213453964916,0.606530659712633,0.726636454537114,0.00894363660690546,0.991056363393095,0.0519,0.9481,0.00156854056370883,3.91763980865511,1.01983126502635,0,TRUE,20000,2608180
"positive","not_applicable",0.5,200,"Bartlett",0.991056363393095,0.215213453964916,0.606530659712633,0.726636454537114,0.00894363660690546,0.991056363393095,0.3658,0.6342,0.00340580651241376,18.0407023367725,4.69631543089474,0,FALSE,20000,2608180
"positive","not_applicable",0.5,200,"Combined",0.213288663039737,0.215213453964916,0.606530659712633,0.726636454537114,0.00894363660690546,0.991056363393095,0.051,0.949,0.00155561884791873,3.88260186184975,1.01071026479159,0,TRUE,20000,2608180
"positive","not_applicable",1,5,"Raw",1,0.459075994035212,0.367879441171442,0.543080634815244,0.418120401674564,0.581879598325436,0.41965,0.58035,0.00348958362487561,Inf,Inf,0.21685,FALSE,20000,2608181
"positive","not_applicable",1,5,"Variance",0.459075994035212,0.459075994035212,0.367879441171442,0.543080634815244,0.418120401674564,0.581879598325436,0.3029,0.6971,0.00324924291181807,Inf,Inf,0.21685,FALSE,20000,2608181
"positive","not_applicable",1,5,"Bartlett",0.581879598325436,0.459075994035212,0.367879441171442,0.543080634815244,0.418120401674564,0.581879598325436,0.33405,0.66595,0.00333512066873149,Inf,Inf,0.21685,FALSE,20000,2608181
"positive","not_applicable",1,5,"Combined",0.26712695501006,0.459075994035212,0.367879441171442,0.543080634815244,0.418120401674564,0.581879598325436,0.2538,0.7462,0.00307721919921217,Inf,Inf,0.21685,FALSE,20000,2608181
"positive","not_applicable",1,6,"Raw",1,0.441236586176049,0.367879441171442,0.543080634815244,0.341094563256242,0.658905436743758,0.3833,0.6167,0.00343788532385826,Inf,Inf,0.14625,FALSE,20000,2608182
"positive","not_applicable",1,6,"Variance",0.441236586176049,0.441236586176049,0.367879441171442,0.543080634815244,0.341094563256242,0.658905436743758,0.24945,0.75055,0.00305961351725998,Inf,Inf,0.14625,FALSE,20000,2608182
"positive","not_applicable",1,6,"Bartlett",0.658905436743758,0.441236586176049,0.367879441171442,0.543080634815244,0.341094563256242,0.658905436743758,0.3092,0.6908,0.00326799143205731,Inf,Inf,0.14625,FALSE,20000,2608182
"positive","not_applicable",1,6,"Combined",0.290733185521654,0.441236586176049,0.367879441171442,0.543080634815244,0.341094563256242,0.658905436743758,0.2005,0.7995,0.00283107532573755,Inf,Inf,0.14625,FALSE,20000,2608182
"positive","not_applicable",1,8,"Raw",1,0.420413499479171,0.367879441171442,0.543080634815244,0.248805126383954,0.751194873616046,0.3426,0.6574,0.00335578038613971,Inf,Inf,0.069,FALSE,20000,2608183
"positive","not_applicable",1,8,"Variance",0.420413499479171,0.420413499479171,0.367879441171442,0.543080634815244,0.248805126383954,0.751194873616046,0.18585,0.81415,0.00275054337813458,Inf,Inf,0.069,FALSE,20000,2608183
"positive","not_applicable",1,8,"Bartlett",0.751194873616046,0.420413499479171,0.367879441171442,0.543080634815244,0.248805126383954,0.751194873616046,0.2842,0.7158,0.00318928173731955,Inf,Inf,0.069,FALSE,20000,2608183
"positive","not_applicable",1,8,"Combined",0.315812465607735,0.420413499479171,0.367879441171442,0.543080634815244,0.248805126383954,0.751194873616046,0.1503,0.8497,0.00252695379854876,Inf,Inf,0.069,FALSE,20000,2608183
"positive","not_applicable",1,10,"Raw",1,0.408752872706968,0.367879441171442,0.543080634815244,0.195651331034854,0.804348668965146,0.3226,0.6774,0.00330551992884629,28.6762240149417,7.46493073424644,0.03285,FALSE,20000,2608184
"positive","not_applicable",1,10,"Variance",0.408752872706968,0.408752872706968,0.367879441171442,0.543080634815244,0.195651331034854,0.804348668965146,0.1514,0.8486,0.0025345417731811,11.721488944496,3.05131188218177,0.03285,FALSE,20000,2608184
"positive","not_applicable",1,10,"Bartlett",0.804348668965146,0.408752872706968,0.367879441171442,0.543080634815244,0.195651331034854,0.804348668965146,0.2765,0.7235,0.00316265513453491,23.0656826173647,6.00440710000814,0.03285,FALSE,20000,2608184
"positive","not_applicable",1,10,"Combined",0.32877982909753,0.408752872706968,0.367879441171442,0.543080634815244,0.195651331034854,0.804348668965146,0.1208,0.8792,0.00230442357217591,9.42816403079499,2.45431865103044,0.03285,FALSE,20000,2608184
"positive","not_applicable",1,15,"Raw",1,0.394156535499874,0.367879441171442,0.543080634815244,0.127414317065342,0.872585682934658,0.2862,0.7138,0.00319600969960981,16.0762447129706,4.18493219981094,0.0044,FALSE,20000,2608185
"positive","not_applicable",1,15,"Variance",0.394156535499874,0.394156535499874,0.367879441171442,0.543080634815244,0.127414317065342,0.872585682934658,0.105,0.895,0.00216766002869454,6.33655691991266,1.64951837717935,0.0044,FALSE,20000,2608185
"positive","not_applicable",1,15,"Bartlett",0.872585682934658,0.394156535499874,0.367879441171442,0.543080634815244,0.127414317065342,0.872585682934658,0.25555,0.74445,0.00308418706874275,14.0279009718921,3.65171192160727,0.0044,FALSE,20000,2608185
"positive","not_applicable",1,15,"Combined",0.343935349712316,0.394156535499874,0.367879441171442,0.543080634815244,0.127414317065342,0.872585682934658,0.08715,0.91285,0.00199442820753217,5.52918884741632,1.43934611966431,0.0044,FALSE,20000,2608185
"positive","not_applicable",1,20,"Raw",1,0.387241516980562,0.367879441171442,0.543080634815244,0.0944281217493598,0.90557187825064,0.2706,0.7294,0.00314146176166446,13.3992564905857,3.48806459108796,0.00065,FALSE,20000,2608186
"positive","not_applicable",1,20,"Variance",0.387241516980562,0.387241516980562,0.367879441171442,0.543080634815244,0.0944281217493598,0.90557187825064,0.0837,0.9163,0.00195824296245384,5.18874840982604,1.35072342357909,0.00065,FALSE,20000,2608186
"positive","not_applicable",1,20,"Bartlett",0.90557187825064,0.387241516980562,0.367879441171442,0.543080634815244,0.0944281217493598,0.90557187825064,0.24645,0.75355,0.00304723150991191,12.1339898673418,3.15869320321107,0.00065,FALSE,20000,2608186
"positive","not_applicable",1,20,"Combined",0.350675027868715,0.387241516980562,0.367879441171442,0.543080634815244,0.0944281217493598,0.90557187825064,0.0707,0.9293,0.00181247772400104,4.69878464325619,1.22317714768765,0.00065,FALSE,20000,2608186
"positive","not_applicable",1,30,"Raw",1,0.38056493914287,0.367879441171442,0.543080634815244,0.0621970028852257,0.937802997114774,0.2568,0.7432,0.00308912414771566,12.1175270365036,3.15440763577262,5e-05,FALSE,20000,2608187
"positive","not_applicable",1,30,"Variance",0.38056493914287,0.38056493914287,0.367879441171442,0.543080634815244,0.0621970028852257,0.937802997114774,0.0718,0.9282,0.00182544186431669,4.61150593920908,1.20045694993961,5e-05,FALSE,20000,2608187
"positive","not_applicable",1,30,"Bartlett",0.937802997114774,0.38056493914287,0.367879441171442,0.543080634815244,0.0621970028852257,0.937802997114774,0.2427,0.7573,0.0030314741463519,11.3638531724524,2.95821293494929,5e-05,FALSE,20000,2608187
"positive","not_applicable",1,30,"Combined",0.356894940524985,0.38056493914287,0.367879441171442,0.543080634815244,0.0621970028852257,0.937802997114774,0.0636,0.9364,0.00172561641160485,4.32468409100286,1.12579212556063,5e-05,FALSE,20000,2608187
"positive","not_applicable",1,50,"Raw",1,0.375387184868819,0.367879441171442,0.543080634815244,0.0369557641540076,0.963044235845992,0.2464,0.7536,0.00304702346561361,10.9956826845471,2.86237161395896,0,FALSE,20000,2608188
"positive","not_applicable",1,50,"Variance",0.375387184868819,0.375387184868819,0.367879441171442,0.543080634815244,0.0369557641540076,0.963044235845992,0.059,0.941,0.00166611824310281,4.12763836866296,1.07449762221247,0,TRUE,20000,2608188
"positive","not_applicable",1,50,"Bartlett",0.963044235845992,0.375387184868819,0.367879441171442,0.543080634815244,0.0369557641540076,0.963044235845992,0.2376,0.7624,0.00300953684144255,10.5893288285447,2.75659048367237,0,FALSE,20000,2608188
"positive","not_applicable",1,50,"Combined",0.36151446459837,0.375387184868819,0.367879441171442,0.543080634815244,0.0369557641540076,0.963044235845992,0.05345,0.94655,0.00159048887924437,3.97509833859762,1.03478874150195,0,TRUE,20000,2608188
"positive","not_applicable",1,100,"Raw",1,0.371595395122669,0.367879441171442,0.543080634815244,0.0183419679855809,0.981658032014419,0.2454,0.7546,0.0030428509657885,10.6402349916272,2.76984226260808,0,FALSE,20000,2608189
"positive","not_applicable",1,100,"Variance",0.371595395122669,0.371595395122669,0.367879441171442,0.543080634815244,0.0183419679855809,0.981658032014419,0.0535,0.9465,0.00159119059197822,3.95386232591175,1.02926063000132,0,TRUE,20000,2608189
"positive","not_applicable",1,100,"Bartlett",0.981658032014419,0.371595395122669,0.367879441171442,0.543080634815244,0.0183419679855809,0.981658032014419,0.2411,0.7589,0.00302465526961338,10.4450721420517,2.71903790450221,0,FALSE,20000,2608189
"positive","not_applicable",1,100,"Combined",0.36477960428174,0.371595395122669,0.367879441171442,0.543080634815244,0.0183419679855809,0.981658032014419,0.0509,0.9491,0.00155417486146186,3.88134070971048,1.01038196447701,0,TRUE,20000,2608189
"positive","not_applicable",1,200,"Raw",1,0.369728081579339,0.367879441171442,0.543080634815244,0.00913700546993469,0.990862994530065,0.23505,0.76495,0.00299834535619231,10.237550160289,2.66501624464613,0,FALSE,20000,2608190
"positive","not_applicable",1,200,"Variance",0.369728081579339,0.369728081579339,0.367879441171442,0.543080634815244,0.00913700546993469,0.990862994530065,0.0481,0.9519,0.00151304973480715,3.78510978083591,0.985331343510789,0,TRUE,20000,2608190
"positive","not_applicable",1,200,"Bartlett",0.990862994530065,0.369728081579339,0.367879441171442,0.543080634815244,0.00913700546993469,0.990862994530065,0.2337,0.7663,0.0029923595205122,10.1440096084757,2.64066597664134,0,FALSE,20000,2608190
"positive","not_applicable",1,200,"Combined",0.36634987407556,0.369728081579339,0.367879441171442,0.543080634815244,0.00913700546993469,0.990862994530065,0.047,0.953,0.00149651261270996,3.75052521206411,0.976328365635433,0,TRUE,20000,2608190
"positive","not_applicable",2,5,"Raw",1,0.630738642299223,0.135335283236613,0.329261797574071,0.328186391274839,0.671813608725161,0.31335,0.68665,0.00327995257206564,Inf,Inf,0.1317,FALSE,20000,2608191
"positive","not_applicable",2,5,"Variance",0.630738642299223,0.630738642299223,0.135335283236613,0.329261797574071,0.328186391274839,0.671813608725161,0.2434,0.7566,0.00303443932218128,Inf,Inf,0.1317,FALSE,20000,2608191
"positive","not_applicable",2,5,"Bartlett",0.671813608725161,0.630738642299223,0.135335283236613,0.329261797574071,0.328186391274839,0.671813608725161,0.25305,0.74695,0.00307421288706557,Inf,Inf,0.1317,FALSE,20000,2608191
"positive","not_applicable",2,5,"Combined",0.42373880344545,0.630738642299223,0.135335283236613,0.329261797574071,0.328186391274839,0.671813608725161,0.19615,0.80385,0.00280780321158731,Inf,Inf,0.1317,FALSE,20000,2608191
"positive","not_applicable",2,6,"Raw",1,0.619273444952012,0.135335283236613,0.329261797574071,0.27104259215057,0.72895740784943,0.27605,0.72395,0.00316106309253707,Inf,Inf,0.0788,FALSE,20000,2608192
"positive","not_applicable",2,6,"Variance",0.619273444952012,0.619273444952012,0.135335283236613,0.329261797574071,0.27104259215057,0.72895740784943,0.19805,0.80195,0.00281803297975733,Inf,Inf,0.0788,FALSE,20000,2608192
"positive","not_applicable",2,6,"Bartlett",0.72895740784943,0.619273444952012,0.135335283236613,0.329261797574071,0.27104259215057,0.72895740784943,0.22225,0.77775,0.00293985490713402,Inf,Inf,0.0788,FALSE,20000,2608192
"positive","not_applicable",2,6,"Combined",0.451423965182205,0.619273444952012,0.135335283236613,0.329261797574071,0.27104259215057,0.72895740784943,0.15925,0.84075,0.00258736775024348,Inf,Inf,0.0788,FALSE,20000,2608192
"positive","not_applicable",2,8,"Raw",1,0.605512146516766,0.135335283236613,0.329261797574071,0.200988257320941,0.799011742679059,0.23735,0.76265,0.00300844625596004,18.9693010836916,4.93804618742833,0.02845,FALSE,20000,2608193
"positive","not_applicable",2,8,"Variance",0.605512146516766,0.605512146516766,0.135335283236613,0.329261797574071,0.200988257320941,0.799011742679059,0.14985,0.85015,0.00252383614266061,11.4861422171089,2.99004694654866,0.02845,FALSE,20000,2608193
"positive","not_applicable",2,8,"Bartlett",0.799011742679059,0.605512146516766,0.135335283236613,0.329261797574071,0.200988257320941,0.799011742679059,0.19425,0.80575,0.00279747151460028,15.1566943162841,3.94555688964679,0.02845,FALSE,20000,2608193
"positive","not_applicable",2,8,"Combined",0.483811315401699,0.605512146516766,0.135335283236613,0.329261797574071,0.200988257320941,0.799011742679059,0.11965,0.88035,0.00229492785834326,9.17756250955168,2.38908262145404,0.02845,FALSE,20000,2608193
"positive","not_applicable",2,10,"Raw",1,0.597544885849184,0.135335283236613,0.329261797574071,0.159689610119707,0.840310389880293,0.21105,0.78895,0.0028853760370184,12.8113135069113,3.3350125837341,0.01075,FALSE,20000,2608194
"positive","not_applicable",2,10,"Variance",0.597544885849184,0.597544885849184,0.135335283236613,0.329261797574071,0.159689610119707,0.840310389880293,0.1211,0.8789,0.00230688957256302,7.65533486706541,1.99281971365299,0.01075,FALSE,20000,2608194
"positive","not_applicable",2,10,"Bartlett",0.840310389880293,0.597544885849184,0.135335283236613,0.329261797574071,0.159689610119707,0.840310389880293,0.1772,0.8228,0.00270000148148107,10.7654798478713,2.80244572449329,0.01075,FALSE,20000,2608194
"positive","not_applicable",2,10,"Combined",0.502123175998903,0.597544885849184,0.135335283236613,0.329261797574071,0.159689610119707,0.840310389880293,0.0988,0.9012,0.0021099592413125,6.43285742680793,1.67458711054087,0.01075,FALSE,20000,2608194
"positive","not_applicable",2,15,"Raw",1,0.587242387881005,0.135335283236613,0.329261797574071,0.105481076665881,0.894518923334119,0.17795,0.82205,0.00270447589654632,9.23331278668098,2.40359540936393,0.00075,FALSE,20000,2608195
"positive","not_applicable",2,15,"Variance",0.587242387881005,0.587242387881005,0.135335283236613,0.329261797574071,0.105481076665881,0.894518923334119,0.08825,0.91175,0.00200576590732817,5.42219264890276,1.4114931076947,0.00075,FALSE,20000,2608195
"positive","not_applicable",2,15,"Bartlett",0.894518923334119,0.587242387881005,0.135335283236613,0.329261797574071,0.105481076665881,0.894518923334119,0.1573,0.8427,0.00257445829253457,8.25937301274903,2.15006157771506,0.00075,FALSE,20000,2608195
"positive","not_applicable",2,15,"Combined",0.525299428543474,0.587242387881005,0.135335283236613,0.329261797574071,0.105481076665881,0.894518923334119,0.07445,0.92555,0.00185616806216463,4.85025393040667,1.26260729498859,0.00075,FALSE,20000,2608195
"positive","not_applicable",2,20,"Raw",1,0.582223222172622,0.135335283236613,0.329261797574071,0.07874380871692,0.92125619128308,0.1658,0.8342,0.00262973724923233,8.05603892260223,2.09713010047224,0.00015,FALSE,20000,2608196
"positive","not_applicable",2,20,"Variance",0.582223222172622,0.582223222172622,0.135335283236613,0.329261797574071,0.07874380871692,0.92125619128308,0.07295,0.92705,0.00183886238609636,4.69041293946553,1.22099784441214,0.00015,FALSE,20000,2608196
"positive","not_applicable",2,20,"Bartlett",0.92125619128308,0.582223222172622,0.135335283236613,0.329261797574071,0.07874380871692,0.92125619128308,0.14905,0.85095,0.00251827418582648,7.42167573466478,1.93199408898616,0.00015,FALSE,20000,2608196
"positive","not_applicable",2,20,"Combined",0.536376748135312,0.582223222172622,0.135335283236613,0.329261797574071,0.07874380871692,0.92125619128308,0.06255,0.93745,0.00171227184611556,4.32107196015689,1.12485182370798,0.00015,FALSE,20000,2608196
"positive","not_applicable",2,30,"Raw",1,0.577289127069464,0.135335283236613,0.329261797574071,0.0522512066229528,0.947748793377047,0.155,0.845,0.00255905255905384,7.37471557532622,1.91976952495189,0,FALSE,20000,2608197
"positive","not_applicable",2,30,"Variance",0.577289127069464,0.577289127069464,0.135335283236613,0.329261797574071,0.0522512066229528,0.947748793377047,0.0626,0.9374,0.00171291038878279,4.25734311686566,1.10826207323404,0,FALSE,20000,2608197
"positive","not_applicable",2,30,"Bartlett",0.947748793377047,0.577289127069464,0.135335283236613,0.329261797574071,0.0522512066229528,0.947748793377047,0.1453,0.8547,0.00249186586717664,6.98937778801434,1.81945925083519,0,FALSE,20000,2608197
"positive","not_applicable",2,30,"Combined",0.547125073609774,0.577289127069464,0.135335283236613,0.329261797574071,0.0522512066229528,0.947748793377047,0.0555,0.9445,0.00161894641665498,4.0348918020015,1.05035404265311,0,TRUE,20000,2608197
"positive","not_applicable",2,50,"Raw",1,0.57340165820031,0.135335283236613,0.329261797574071,0.0312332843633746,0.968766715636625,0.14835,0.85165,0.00251338693300494,7.00631612652674,1.8238686013718,0,FALSE,20000,2608198
"positive","not_applicable",2,50,"Variance",0.57340165820031,0.57340165820031,0.135335283236613,0.329261797574071,0.0312332843633746,0.968766715636625,0.05575,0.94425,0.00162237383947104,4.01743328482601,1.04580928036607,0,TRUE,20000,2608198
"positive","not_applicable",2,50,"Bartlett",0.968766715636625,0.57340165820031,0.135335283236613,0.329261797574071,0.0312332843633746,0.968766715636625,0.14215,0.85785,0.00246924459602527,6.78748586260724,1.76690319470372,0,FALSE,20000,2608198
"positive","not_applicable",2,50,"Combined",0.555492441155309,0.57340165820031,0.135335283236613,0.329261797574071,0.0312332843633746,0.968766715636625,0.05145,0.94855,0.00156209630785045,3.89195564863015,1.01314522172254,0,TRUE,20000,2608198
"positive","not_applicable",2,100,"Raw",1,0.570520242832469,0.135335283236613,0.329261797574071,0.0155726023277884,0.984427397672212,0.14345,0.85655,0.00247862963651289,6.88454014576548,1.79216814942233,0,FALSE,20000,2608199
"positive","not_applicable",2,100,"Variance",0.570520242832469,0.570520242832469,0.135335283236613,0.329261797574071,0.0155726023277884,0.984427397672212,0.0529,0.9471,0.00158274429394012,3.927769515752,1.02246820780504,0,TRUE,20000,2608199
"positive","not_applicable",2,100,"Bartlett",0.984427397672212,0.570520242832469,0.135335283236613,0.329261797574071,0.0155726023277884,0.984427397672212,0.1394,0.8606,0.00244915944764729,6.77732993986578,1.76425942752685,0,FALSE,20000,2608199
"positive","not_applicable",2,100,"Combined",0.561635757970885,0.570520242832469,0.135335283236613,0.329261797574071,0.0155726023277884,0.984427397672212,0.0509,0.9491,0.00155417486146186,3.86660392304798,1.00654571701209,0,TRUE,20000,2608199
"positive","not_applicable",2,200,"Raw",1,0.569090367537149,0.135335283236613,0.329261797574071,0.00777529120041948,0.99222470879958,0.1369,0.8631,0.00243062121689086,6.72073573132092,1.74952694927146,0,FALSE,20000,2608200
"positive","not_applicable",2,200,"Variance",0.569090367537149,0.569090367537149,0.135335283236613,0.329261797574071,0.00777529120041948,0.99222470879958,0.04955,0.95045,0.00153451616967694,3.82470596745748,0.995638934577041,0,TRUE,20000,2608200
"positive","not_applicable",2,200,"Bartlett",0.99222470879958,0.569090367537149,0.135335283236613,0.329261797574071,0.00777529120041948,0.99222470879958,0.1355,0.8645,0.00242012138125343,6.66848005392884,1.73592386777789,0,FALSE,20000,2608200
"positive","not_applicable",2,200,"Combined",0.564665524210194,0.569090367537149,0.135335283236613,0.329261797574071,0.00777529120041948,0.99222470879958,0.04885,0.95115,0.00152419942100763,3.79496776480451,0.98789755193023,0,TRUE,20000,2608200
"positive","not_applicable",3,5,"Raw",1,0.732066794135599,0.0497870683678639,0.22024351440559,0.302206207200554,0.697793792799446,0.2698,0.7302,0.00313853437132685,Inf,Inf,0.10365,FALSE,20000,2608201
"positive","not_applicable",3,5,"Variance",0.732066794135599,0.732066794135599,0.0497870683678639,0.22024351440559,0.302206207200554,0.697793792799446,0.2207,0.7793,0.0029325032821806,Inf,Inf,0.10365,FALSE,20000,2608201
"positive","not_applicable",3,5,"Bartlett",0.697793792799446,0.732066794135599,0.0497870683678639,0.22024351440559,0.302206207200554,0.697793792799446,0.21355,0.78645,0.00289781294686182,Inf,Inf,0.10365,FALSE,20000,2608201
"positive","not_applicable",3,5,"Combined",0.510831664862411,0.732066794135599,0.0497870683678639,0.22024351440559,0.302206207200554,0.697793792799446,0.1762,0.8238,0.00269400779508894,Inf,Inf,0.10365,FALSE,20000,2608201
"positive","not_applicable",3,6,"Raw",1,0.723454258775823,0.0497870683678639,0.22024351440559,0.250483354075757,0.749516645924243,0.23175,0.76825,0.00298363819438618,Inf,Inf,0.0616,FALSE,20000,2608202
"positive","not_applicable",3,6,"Variance",0.723454258775823,0.723454258775823,0.0497870683678639,0.22024351440559,0.250483354075757,0.749516645924243,0.1816,0.8184,0.00272599926632419,Inf,Inf,0.0616,FALSE,20000,2608202
"positive","not_applicable",3,6,"Bartlett",0.749516645924243,0.723454258775823,0.0497870683678639,0.22024351440559,0.250483354075757,0.749516645924243,0.187,0.813,0.0027570908581329,Inf,Inf,0.0616,FALSE,20000,2608202
"positive","not_applicable",3,6,"Combined",0.542241009517264,0.723454258775823,0.0497870683678639,0.22024351440559,0.250483354075757,0.749516645924243,0.1446,0.8554,0.00248687394131669,Inf,Inf,0.0616,FALSE,20000,2608202
"positive","not_applicable",3,8,"Raw",1,0.712969415083304,0.0497870683678639,0.22024351440559,0.18659205846959,0.81340794153041,0.1878,0.8122,0.00276162234927225,13.0556876048846,3.39862750436187,0.0174,FALSE,20000,2608203
"positive","not_applicable",3,8,"Variance",0.712969415083304,0.712969415083304,0.0497870683678639,0.22024351440559,0.18659205846959,0.81340794153041,0.13595,0.86405,0.00242350569939499,9.30830595516489,2.42311746387091,0.0174,FALSE,20000,2608203
"positive","not_applicable",3,8,"Bartlett",0.81340794153041,0.712969415083304,0.0497870683678639,0.22024351440559,0.18659205846959,0.81340794153041,0.1541,0.8459,0.00255297072055282,10.6195999799532,2.76447060235162,0.0174,FALSE,20000,2608203
"positive","not_applicable",3,8,"Combined",0.579934984297051,0.712969415083304,0.0497870683678639,0.22024351440559,0.18659205846959,0.81340794153041,0.10865,0.89135,0.00220051332079585,7.57144998612593,1.97098298837363,0.0174,FALSE,20000,2608203
"positive","not_applicable",3,10,"Raw",1,0.706823127023399,0.0497870683678639,0.22024351440559,0.148663827336836,0.851336172663164,0.16505,0.83495,0.0026249618806756,9.30007864204175,2.42097574805222,0.00655,FALSE,20000,2608204
"positive","not_applicable",3,10,"Variance",0.706823127023399,0.706823127023399,0.0497870683678639,0.22024351440559,0.148663827336836,0.851336172663164,0.1121,0.8879,0.00223084726057164,6.57351066733148,1.71120164868608,0.00655,FALSE,20000,2608204
"positive","not_applicable",3,10,"Bartlett",0.851336172663164,0.706823127023399,0.0497870683678639,0.22024351440559,0.148663827336836,0.851336172663164,0.1393,0.8607,0.00244842306393319,7.91749335658225,2.06106422745711,0.00655,FALSE,20000,2608204
"positive","not_applicable",3,10,"Combined",0.60174409570991,0.706823127023399,0.0497870683678639,0.22024351440559,0.148663827336836,0.851336172663164,0.08995,0.91005,0.00202310401981707,5.59626741248646,1.4568078622473,0.00655,FALSE,20000,2608204
"positive","not_applicable",3,15,"Raw",1,0.698791046034499,0.0497870683678639,0.22024351440559,0.0985671565010463,0.901432843498954,0.14235,0.85765,0.0024706929948903,7.28178767716559,1.89557874158074,0.00045,FALSE,20000,2608205
"positive","not_applicable",3,15,"Variance",0.698791046034499,0.698791046034499,0.0497870683678639,0.22024351440559,0.0985671565010463,0.901432843498954,0.08365,0.91635,0.00195771138705377,5.08844802792767,1.32461345166996,0.00045,FALSE,20000,2608205
"positive","not_applicable",3,15,"Bartlett",0.901432843498954,0.698791046034499,0.0497870683678639,0.22024351440559,0.0985671565010463,0.901432843498954,0.12225,0.87775,0.00231630025579587,6.56404257158302,1.70873693509929,0.00045,FALSE,20000,2608205
"positive","not_applicable",3,15,"Combined",0.629913199638487,0.698791046034499,0.0497870683678639,0.22024351440559,0.0985671565010463,0.901432843498954,0.07045,0.92955,0.00180951371229952,4.58689417481148,1.19405007027582,0.00045,FALSE,20000,2608205
"positive","not_applicable",3,20,"Raw",1,0.694843074023005,0.0497870683678639,0.22024351440559,0.0737220942294679,0.926277905770532,0.1323,0.8677,0.00239579537940952,6.70252541359676,1.74478647994088,5e-05,FALSE,20000,2608206
"positive","not_applicable",3,20,"Variance",0.694843074023005,0.694843074023005,0.0497870683678639,0.22024351440559,0.0737220942294679,0.926277905770532,0.0727,0.9273,0.00183595629032938,4.65720336210089,1.2123528012359,5e-05,FALSE,20000,2608206
"positive","not_applicable",3,20,"Bartlett",0.926277905770532,0.694843074023005,0.0497870683678639,0.22024351440559,0.0737220942294679,0.926277905770532,0.11735,0.88265,0.00227573040472724,6.20840120348018,1.61615716665638,5e-05,FALSE,20000,2608206
"positive","not_applicable",3,20,"Combined",0.643617787445188,0.694843074023005,0.0497870683678639,0.22024351440559,0.0737220942294679,0.926277905770532,0.06325,0.93675,0.00172118327757389,4.31386457699429,1.12297561378383,5e-05,FALSE,20000,2608206
"positive","not_applicable",3,30,"Raw",1,0.690939461247595,0.0497870683678639,0.22024351440559,0.0490125473887674,0.950987452611233,0.11955,0.88045,0.00229409892441455,6.23988899658296,1.62435399879035,0,FALSE,20000,2608207
"positive","not_applicable",3,30,"Variance",0.690939461247595,0.690939461247595,0.0497870683678639,0.22024351440559,0.0490125473887674,0.950987452611233,0.06255,0.93745,0.00171227184611556,4.31138554154383,1.12233027679958,0,FALSE,20000,2608207
"positive","not_applicable",3,30,"Bartlett",0.950987452611233,0.690939461247595,0.0497870683678639,0.22024351440559,0.0490125473887674,0.950987452611233,0.1103,0.8897,0.00221510620512877,5.93405614143729,1.5447402714485,0,FALSE,20000,2608207
"positive","not_applicable",3,30,"Combined",0.657074758160427,0.690939461247595,0.0497870683678639,0.22024351440559,0.0490125473887674,0.950987452611233,0.05705,0.94295,0.00164005026599797,4.10007355337766,1.06732201092209,0,TRUE,20000,2608207
"positive","not_applicable",3,50,"Raw",1,0.687848009519417,0.0497870683678639,0.22024351440559,0.029342481026439,0.970657518973561,0.10935,0.89065,0.0022067235610742,5.83415146247824,1.51873330804677,0,FALSE,20000,2608208
"positive","not_applicable",3,50,"Variance",0.687848009519417,0.687848009519417,0.0497870683678639,0.22024351440559,0.029342481026439,0.970657518973561,0.055,0.945,0.00161206389451535,4.01300947070045,1.04465768293081,0,TRUE,20000,2608208
"positive","not_applicable",3,50,"Bartlett",0.970657518973561,0.687848009519417,0.0497870683678639,0.22024351440559,0.029342481026439,0.970657518973561,0.10375,0.89625,0.00215622282591573,5.6629629838851,1.47416990477119,0,FALSE,20000,2608208
"positive","not_applicable",3,50,"Combined",0.66766484235102,0.687848009519417,0.0497870683678639,0.22024351440559,0.029342481026439,0.970657518973561,0.0517,0.9483,0.00156568052296757,3.89525781644751,1.01400483469029,0,TRUE,20000,2608208
"positive","not_applicable",3,100,"Raw",1,0.685547514504302,0.0497870683678639,0.22024351440559,0.0146468477356615,0.985353152264339,0.10825,0.89175,0.00219695172341133,5.75839305718203,1.49901204879805,0,FALSE,20000,2608209
"positive","not_applicable",3,100,"Variance",0.685547514504302,0.685547514504302,0.0497870683678639,0.22024351440559,0.0146468477356615,0.985353152264339,0.05235,0.94765,0.0015749520230788,3.94765204788997,1.0276439842655,0,TRUE,20000,2608209
"positive","not_applicable",3,100,"Bartlett",0.985353152264339,0.685547514504302,0.0497870683678639,0.22024351440559,0.0146468477356615,0.985353152264339,0.1058,0.8942,0.00217492942414231,5.6740507508714,1.47705624756538,0,FALSE,20000,2608209
"positive","not_applicable",3,100,"Combined",0.675506404443797,0.685547514504302,0.0497870683678639,0.22024351440559,0.0146468477356615,0.985353152264339,0.05085,0.94915,0.00155345224419678,3.88983138943116,1.0125922393015,0,TRUE,20000,2608209
"positive","not_applicable",3,200,"Raw",1,0.684403027835681,0.0497870683678639,0.22024351440559,0.00731732567344125,0.992682674326559,0.11015,0.88985,0.00221378609513205,5.77051357439522,1.50216723482995,0,FALSE,20000,2608210
"positive","not_applicable",3,200,"Variance",0.684403027835681,0.684403027835681,0.0497870683678639,0.22024351440559,0.00731732567344125,0.992682674326559,0.0537,0.9463,0.00159399356962316,3.94935696248299,1.02808780383317,0,TRUE,20000,2608210
"positive","not_applicable",3,200,"Bartlett",0.992682674326559,0.684403027835681,0.0497870683678639,0.22024351440559,0.00731732567344125,0.992682674326559,0.10875,0.89125,0.00220140225197486,5.72828884726836,1.49117538795673,0,FALSE,20000,2608210
"positive","not_applicable",3,200,"Combined",0.679395027989118,0.684403027835681,0.0497870683678639,0.22024351440559,0.00731732567344125,0.992682674326559,0.0526,0.9474,0.00157849992081089,3.92045823138783,1.02056495055163,0,TRUE,20000,2608210
"positive","not_applicable",4,5,"Raw",1,0.79429358909508,0.0183156388887342,0.159642711390722,0.294490603859036,0.705509396140964,0.2393,0.7607,0.00301691489770593,Inf,Inf,0.0905,FALSE,20000,2608211
"positive","not_applicable",4,5,"Variance",0.79429358909508,0.79429358909508,0.0183156388887342,0.159642711390722,0.294490603859036,0.705509396140964,0.20565,0.79435,0.00285795449141514,Inf,Inf,0.0905,FALSE,20000,2608211
"positive","not_applicable",4,5,"Bartlett",0.705509396140964,0.79429358909508,0.0183156388887342,0.159642711390722,0.294490603859036,0.705509396140964,0.1911,0.8089,0.00278011501560637,Inf,Inf,0.0905,FALSE,20000,2608211
"positive","not_applicable",4,5,"Combined",0.560381590401109,0.79429358909508,0.0183156388887342,0.159642711390722,0.294490603859036,0.705509396140964,0.16595,0.83405,0.00263068999979093,Inf,Inf,0.0905,FALSE,20000,2608211
"positive","not_applicable",4,6,"Raw",1,0.787386688404464,0.0183156388887342,0.159642711390722,0.244488529306256,0.755511470693744,0.2053,0.7947,0.00285615046872534,Inf,Inf,0.05065,FALSE,20000,2608212
"positive","not_applicable",4,6,"Variance",0.787386688404464,0.787386688404464,0.0183156388887342,0.159642711390722,0.244488529306256,0.755511470693744,0.16955,0.83045,0.00265332619084047,Inf,Inf,0.05065,FALSE,20000,2608212
"positive","not_applicable",4,6,"Bartlett",0.755511470693744,0.787386688404464,0.0183156388887342,0.159642711390722,0.244488529306256,0.755511470693744,0.1634,0.8366,0.00261438749997012,Inf,Inf,0.05065,FALSE,20000,2608212
"positive","not_applicable",4,6,"Combined",0.594879674961134,0.787386688404464,0.0183156388887342,0.159642711390722,0.244488529306256,0.755511470693744,0.13455,0.86545,0.00241294734194512,Inf,Inf,0.05065,FALSE,20000,2608212
"positive","not_applicable",4,8,"Raw",1,0.778920164874512,0.0183156388887342,0.159642711390722,0.182503608929058,0.817496391070942,0.172,0.828,0.00266848271495245,11.3288502294185,2.94910104681832,0.0146,FALSE,20000,2608213
"positive","not_applicable",4,8,"Variance",0.778920164874512,0.778920164874512,0.0183156388887342,0.159642711390722,0.182503608929058,0.817496391070942,0.1297,0.8703,0.00237568842654082,8.8242698885373,2.29711427361932,0.0146,FALSE,20000,2608213
"positive","not_applicable",4,8,"Bartlett",0.817496391070942,0.778920164874512,0.0183156388887342,0.159642711390722,0.182503608929058,0.817496391070942,0.1374,0.8626,0.00243435042670524,9.26129417753283,2.41087946267751,0.0146,FALSE,20000,2608213
"positive","not_applicable",4,8,"Combined",0.636764423717296,0.778920164874512,0.0183156388887342,0.159642711390722,0.182503608929058,0.817496391070942,0.1045,0.8955,0.00216309673847473,7.21380878771522,1.87788262856134,0.0146,FALSE,20000,2608213
"positive","not_applicable",4,10,"Raw",1,0.773927086894547,0.0183156388887342,0.159642711390722,0.14558874887888,0.85441125112112,0.1476,0.8524,0.00250812918327585,8.52150493383885,2.21829917528546,0.00435,FALSE,20000,2608214
"positive","not_applicable",4,10,"Variance",0.773927086894547,0.773927086894547,0.0183156388887342,0.159642711390722,0.14558874887888,0.85441125112112,0.10765,0.89235,0.00219159163052791,6.59502348940341,1.71680181858926,0.00435,FALSE,20000,2608214
"positive","not_applicable",4,10,"Bartlett",0.85441125112112,0.773927086894547,0.0183156388887342,0.159642711390722,0.14558874887888,0.85441125112112,0.1217,0.8783,0.00231180784236061,7.28086969195604,1.8953397737166,0.00435,FALSE,20000,2608214
"positive","not_applicable",4,10,"Combined",0.661252010590094,0.773927086894547,0.0183156388887342,0.159642711390722,0.14558874887888,0.85441125112112,0.0868,0.9132,0.00199080084388168,5.63486227075434,1.46685478974786,0.00435,FALSE,20000,2608214
"positive","not_applicable",4,15,"Raw",1,0.767368382768322,0.0183156388887342,0.159642711390722,0.0966910430175942,0.903308956982406,0.12005,0.87995,0.00229823842866662,6.32761574454333,1.64719083033148,0.00015,FALSE,20000,2608215
"positive","not_applicable",4,15,"Variance",0.767368382768322,0.767368382768322,0.0183156388887342,0.159642711390722,0.0966910430175942,0.903308956982406,0.0776,0.9224,0.00189180125806069,4.85561226066959,1.26400216358227,0.00015,FALSE,20000,2608215
"positive","not_applicable",4,15,"Bartlett",0.903308956982406,0.767368382768322,0.0183156388887342,0.159642711390722,0.0966910430175942,0.903308956982406,0.1033,0.8967,0.00215208166666602,5.71579197838888,1.48792223089771,0.00015,FALSE,20000,2608215
"positive","not_applicable",4,15,"Combined",0.693170733459729,0.767368382768322,0.0183156388887342,0.159642711390722,0.0966910430175942,0.903308956982406,0.0642,0.9358,0.00173318146770614,4.38611804669642,1.14178447600901,0.00015,FALSE,20000,2608215
"positive","not_applicable",4,20,"Raw",1,0.764130541490819,0.0183156388887342,0.159642711390722,0.0723802361750735,0.927619763824927,0.1093,0.8907,0.00220628092046321,5.89572830450815,1.53476285434783,0,FALSE,20000,2608216
"positive","not_applicable",4,20,"Variance",0.764130541490819,0.764130541490819,0.0183156388887342,0.159642711390722,0.0723802361750735,0.927619763824927,0.06955,0.93045,0.00179878844642721,4.50510606180656,1.1727591709528,0,FALSE,20000,2608216
"positive","not_applicable",4,20,"Bartlett",0.927619763824927,0.764130541490819,0.0183156388887342,0.159642711390722,0.0723802361750735,0.927619763824927,0.09775,0.90225,0.00209993973127802,5.46899409740378,1.4236763564774,0,FALSE,20000,2608216
"positive","not_applicable",4,20,"Combined",0.708822592429126,0.764130541490819,0.0183156388887342,0.159642711390722,0.0723802361750735,0.927619763824927,0.059,0.941,0.00166611824310281,4.17902542105925,1.08787458518275,0,TRUE,20000,2608216
"positive","not_applicable",4,30,"Raw",1,0.760919908963546,0.0183156388887342,0.159642711390722,0.0481614600579675,0.951838539942032,0.10205,0.89795,0.00214051159188639,5.50100898555827,1.43201040082066,0,FALSE,20000,2608217
"positive","not_applicable",4,30,"Variance",0.760919908963546,0.760919908963546,0.0183156388887342,0.159642711390722,0.0481614600579675,0.951838539942032,0.06045,0.93955,0.00168516761035809,4.18582725649865,1.08964522382731,0,FALSE,20000,2608217
"positive","not_applicable",4,30,"Bartlett",0.951838539942032,0.760919908963546,0.0183156388887342,0.159642711390722,0.0481614600579675,0.951838539942032,0.09305,0.90695,0.00205416281608834,5.23607236102179,1.36304268909895,0,FALSE,20000,2608217
"positive","not_applicable",4,30,"Combined",0.724272895160686,0.760919908963546,0.0183156388887342,0.159642711390722,0.0481614600579675,0.951838539942032,0.05465,0.94535,0.00160722396541366,3.98423170427524,1.0371663189026,0,TRUE,20000,2608217
"positive","not_applicable",4,50,"Raw",1,0.758370763539883,0.0183156388887342,0.159642711390722,0.0288527012865814,0.971147298713419,0.0939,0.9061,0.00206255654467944,5.24342840784957,1.36495759881714,0,FALSE,20000,2608218
"positive","not_applicable",4,50,"Variance",0.758370763539883,0.758370763539883,0.0183156388887342,0.159642711390722,0.0288527012865814,0.971147298713419,0.05395,0.94605,0.0015974886149829,3.97646280522759,1.03514393641452,0,TRUE,20000,2608218
"positive","not_applicable",4,50,"Bartlett",0.971147298713419,0.758370763539883,0.0183156388887342,0.159642711390722,0.0288527012865814,0.971147298713419,0.089,0.911,0.00201344232596814,5.09214133428031,1.32557488494962,0,FALSE,20000,2608218
"positive","not_applicable",4,50,"Combined",0.73648971843499,0.758370763539883,0.0183156388887342,0.159642711390722,0.0288527012865814,0.971147298713419,0.0505,0.9495,0.00154838222025442,3.86173111173116,1.00527723762854,0,TRUE,20000,2608218
"positive","not_applicable",4,100,"Raw",1,0.75647008493452,0.0183156388887342,0.159642711390722,0.014409785112716,0.985590214887284,0.0957,0.9043,0.00208016237346992,5.30565119688984,1.38115529660452,0,FALSE,20000,2608219
"positive","not_applicable",4,100,"Variance",0.75647008493452,0.75647008493452,0.0183156388887342,0.159642711390722,0.014409785112716,0.985590214887284,0.05495,0.94505,0.00161137359882803,4.01356641154419,1.04480266453018,0,TRUE,20000,2608219
"positive","not_applicable",4,100,"Bartlett",0.985590214887284,0.75647008493452,0.0183156388887342,0.159642711390722,0.014409785112716,0.985590214887284,0.0933,0.9067,0.00205663693927732,5.22919790325963,1.36125314557316,0,FALSE,20000,2608219
"positive","not_applicable",4,100,"Combined",0.745569513566415,0.75647008493452,0.0183156388887342,0.159642711390722,0.014409785112716,0.985590214887284,0.05335,0.94665,0.00158908428819871,3.95573178201822,1.02974728264911,0,TRUE,20000,2608219
"positive","not_applicable",4,200,"Raw",1,0.755523313864514,0.0183156388887342,0.159642711390722,0.00720075117371435,0.992799248826286,0.08495,0.91505,0.00197146515946897,4.97562118486639,1.29524261930454,0,FALSE,20000,2608220
"positive","not_applicable",4,200,"Variance",0.755523313864514,0.755523313864514,0.0183156388887342,0.159642711390722,0.00720075117371435,0.992799248826286,0.04725,0.95275,0.00150029059685116,3.75919780612474,0.978585995995521,0,TRUE,20000,2608220
"positive","not_applicable",4,200,"Bartlett",0.992799248826286,0.755523313864514,0.0183156388887342,0.159642711390722,0.00720075117371435,0.992799248826286,0.084,0.916,0.00196142805119127,4.93979297477951,1.28591589949334,0,FALSE,20000,2608220
"positive","not_applicable",4,200,"Combined",0.750082978475436,0.755523313864514,0.0183156388887342,0.159642711390722,0.00720075117371435,0.992799248826286,0.0466,0.9534,0.00149044355813966,3.73212875811006,0.971539441736276,0,TRUE,20000,2608220
"positive","not_applicable",6,5,"Raw",1,0.862496336582181,0.00247875217666636,0.0994555588493062,0.291970605104302,0.708029394895698,0.2252,0.7748,0.00295368380162806,Inf,Inf,0.07935,FALSE,20000,2608221
"positive","not_applicable",6,5,"Variance",0.862496336582181,0.862496336582181,0.00247875217666636,0.0994555588493062,0.291970605104302,0.708029394895698,0.2044,0.7956,0.00285149644923503,Inf,Inf,0.07935,FALSE,20000,2608221
"positive","not_applicable",6,5,"Bartlett",0.708029394895698,0.862496336582181,0.00247875217666636,0.0994555588493062,0.291970605104302,0.708029394895698,0.1793,0.8207,0.00271248511516653,Inf,Inf,0.07935,FALSE,20000,2608221
"positive","not_applicable",6,5,"Combined",0.610672759290038,0.862496336582181,0.00247875217666636,0.0994555588493062,0.291970605104302,0.708029394895698,0.1608,0.8392,0.0025975311355208,Inf,Inf,0.07935,FALSE,20000,2608221
"positive","not_applicable",6,6,"Raw",1,0.857567786087428,0.00247875217666636,0.0994555588493062,0.242753557311801,0.757246442688199,0.18865,0.81135,0.00276641625121745,23.6200837316408,6.14872756266402,0.043,FALSE,20000,2608222
"positive","not_applicable",6,6,"Variance",0.857567786087428,0.857567786087428,0.00247875217666636,0.0994555588493062,0.242753557311801,0.757246442688199,0.1653,0.8347,0.00262655582464946,20.2558229129429,5.27295068316853,0.043,FALSE,20000,2608222
"positive","not_applicable",6,6,"Bartlett",0.757246442688199,0.857567786087428,0.00247875217666636,0.0994555588493062,0.242753557311801,0.757246442688199,0.1486,0.8514,0.0025151345888441,17.8862243817824,4.65610207388621,0.043,FALSE,20000,2608222
"positive","not_applicable",6,6,"Combined",0.6493901553787,0.857567786087428,0.00247875217666636,0.0994555588493062,0.242753557311801,0.757246442688199,0.12935,0.87065,0.00237295783253727,15.3386498445481,3.99292314729968,0.043,FALSE,20000,2608222
"positive","not_applicable",6,8,"Raw",1,0.851485745051347,0.00247875217666636,0.0994555588493062,0.181544592725928,0.818455407274072,0.1466,0.8534,0.00250108416491729,9.34600904307099,2.43293224769808,0.0113,FALSE,20000,2608223
"positive","not_applicable",6,8,"Variance",0.851485745051347,0.851485745051347,0.00247875217666636,0.0994555588493062,0.181544592725928,0.818455407274072,0.124,0.876,0.00233049350996736,7.95799347329593,2.07160712759065,0.0113,FALSE,20000,2608223
"positive","not_applicable",6,8,"Bartlett",0.818455407274072,0.851485745051347,0.00247875217666636,0.0994555588493062,0.181544592725928,0.818455407274072,0.11855,0.88145,0.00228578102078917,7.64929163773383,1.99124655365996,0.0113,FALSE,20000,2608223
"positive","not_applicable",6,8,"Combined",0.696903112254067,0.851485745051347,0.00247875217666636,0.0994555588493062,0.181544592725928,0.818455407274072,0.0983,0.9017,0.00210519725916599,6.51326278927083,1.69551805532408,0.0113,FALSE,20000,2608223
"positive","not_applicable",6,10,"Raw",1,0.847877754606215,0.00247875217666636,0.0994555588493062,0.14498579805694,0.85501420194306,0.12355,0.87645,0.00232685837020649,7.37674008990054,1.92029654207451,0.00335,FALSE,20000,2608224
"positive","not_applicable",6,10,"Variance",0.847877754606215,0.847877754606215,0.00247875217666636,0.0994555588493062,0.14498579805694,0.85501420194306,0.1015,0.8985,0.00213538930876784,6.25457382373852,1.62817672027221,0.00335,FALSE,20000,2608224
"positive","not_applicable",6,10,"Bartlett",0.85501420194306,0.847877754606215,0.00247875217666636,0.0994555588493062,0.14498579805694,0.85501420194306,0.10245,0.89755,0.00214422477249938,6.30721754090769,1.64188081541585,0.00335,FALSE,20000,2608224
"positive","not_applicable",6,10,"Combined",0.724947521699907,0.847877754606215,0.00247875217666636,0.0994555588493062,0.14498579805694,0.85501420194306,0.08245,0.91755,0.00194489071029711,5.34774944639774,1.39211421910581,0.00335,FALSE,20000,2608224
"positive","not_applicable",6,15,"Raw",1,0.84311439643427,0.00247875217666636,0.0994555588493062,0.0964350865945794,0.903564913405421,0.10335,0.89665,0.00215254242118477,5.81317610045051,1.51327304854464,0.00015,FALSE,20000,2608225
"positive","not_applicable",6,15,"Variance",0.84311439643427,0.84311439643427,0.00247875217666636,0.0994555588493062,0.0964350865945794,0.903564913405421,0.07815,0.92185,0.00189792752100811,4.90117245929745,1.27586229296396,0.00015,FALSE,20000,2608225
"positive","not_applicable",6,15,"Bartlett",0.903564913405421,0.84311439643427,0.00247875217666636,0.0994555588493062,0.0964350865945794,0.903564913405421,0.0875,0.9125,0.00199804592039322,5.25258195981402,1.367340431067,0.00015,FALSE,20000,2608225
"positive","not_applicable",6,15,"Combined",0.761808586604994,0.84311439643427,0.00247875217666636,0.0994555588493062,0.0964350865945794,0.903564913405421,0.0644,0.9356,0.00173569352133376,4.42852746877013,1.15282440225923,0.00015,FALSE,20000,2608225
"positive","not_applicable",6,20,"Raw",1,0.840752731458263,0.00247875217666636,0.0994555588493062,0.072243022904667,0.927756977095333,0.0896,0.9104,0.00201955242566268,5.30159236462937,1.38009871043507,0,FALSE,20000,2608226
"positive","not_applicable",6,20,"Variance",0.840752731458263,0.840752731458263,0.00247875217666636,0.0994555588493062,0.072243022904667,0.927756977095333,0.066,0.934,0.00175561954876334,4.45732826164042,1.16032176048031,0,FALSE,20000,2608226
"positive","not_applicable",6,20,"Bartlett",0.927756977095333,0.840752731458263,0.00247875217666636,0.0994555588493062,0.072243022904667,0.927756977095333,0.07875,0.92125,0.00190457918580457,4.91858930600024,1.2803962076864,0,FALSE,20000,2608226
"positive","not_applicable",6,20,"Combined",0.780014212622363,0.840752731458263,0.00247875217666636,0.0994555588493062,0.072243022904667,0.927756977095333,0.0577,0.9423,0.00164879819868897,4.13531739394111,1.07649660896115,0,TRUE,20000,2608226
"positive","not_applicable",6,30,"Raw",1,0.838404260141341,0.00247875217666636,0.0994555588493062,0.0481064872422662,0.951893512757734,0.08185,0.91815,0.00193843464553232,4.93917669308688,1.28575547041642,0,FALSE,20000,2608227
"positive","not_applicable",6,30,"Variance",0.838404260141341,0.838404260141341,0.00247875217666636,0.0994555588493062,0.0481064872422662,0.951893512757734,0.0587,0.9413,0.00166214184111946,4.14102678107486,1.07798286389716,0,TRUE,20000,2608227
"positive","not_applicable",6,30,"Bartlett",0.951893512757734,0.838404260141341,0.00247875217666636,0.0994555588493062,0.0481064872422662,0.951893512757734,0.07465,0.92535,0.0018584587364265,4.7015702525136,1.22390229128216,0,FALSE,20000,2608227
"positive","not_applicable",6,30,"Combined",0.79807157629699,0.838404260141341,0.00247875217666636,0.0994555588493062,0.0481064872422662,0.951893512757734,0.05305,0.94695,0.00158486115322447,3.9418165290612,1.02612489500771,0,TRUE,20000,2608227
"positive","not_applicable",6,50,"Raw",1,0.836534908390747,0.00247875217666636,0.0994555588493062,0.0288372388921541,0.971162761107846,0.07785,0.92215,0.00189458936843845,4.8070273608699,1.2513546507317,0,FALSE,20000,2608228
"positive","not_applicable",6,50,"Variance",0.836534908390747,0.836534908390747,0.00247875217666636,0.0994555588493062,0.0288372388921541,0.971162761107846,0.0544,0.9456,0.0016037555923519,4.02124619295712,1.04680184811418,0,TRUE,20000,2608228
"positive","not_applicable",6,50,"Bartlett",0.971162761107846,0.836534908390747,0.00247875217666636,0.0994555588493062,0.0288372388921541,0.971162761107846,0.07425,0.92575,0.00185387347869265,4.66840596450337,1.21526903772974,0,FALSE,20000,2608228
"positive","not_applicable",6,50,"Combined",0.812411551395857,0.836534908390747,0.00247875217666636,0.0994555588493062,0.0288372388921541,0.971162761107846,0.05165,0.94835,0.00156496449640239,3.90528455584665,1.01661497314736,0,TRUE,20000,2608228
"positive","not_applicable",6,100,"Raw",1,0.835138355956038,0.00247875217666636,0.0994555588493062,0.0144086244011249,0.985591375598875,0.0772,0.9228,0.00188732827033349,4.72465026076804,1.22991042760009,0,FALSE,20000,2608229
"positive","not_applicable",6,100,"Variance",0.835138355956038,0.835138355956038,0.00247875217666636,0.0994555588493062,0.0144086244011249,0.985591375598875,0.05335,0.94665,0.00158908428819871,3.94573665124509,1.02714537247913,0,TRUE,20000,2608229
"positive","not_applicable",6,100,"Bartlett",0.985591375598875,0.835138355956038,0.00247875217666636,0.0994555588493062,0.0144086244011249,0.985591375598875,0.0751,0.9249,0.00186359853509279,4.65657454973396,1.21218911020177,0,FALSE,20000,2608229
"positive","not_applicable",6,100,"Combined",0.823105161062094,0.835138355956038,0.00247875217666636,0.0994555588493062,0.0144086244011249,0.985591375598875,0.05145,0.94855,0.00156209630785045,3.88888401385154,1.01234562060172,0,TRUE,20000,2608229
"positive","not_applicable",6,200,"Raw",1,0.834441826885182,0.00247875217666636,0.0994555588493062,0.00720181343932444,0.992798186560676,0.0737,0.9263,0.00184754309827944,4.62675503599253,1.2044265608336,0,FALSE,20000,2608230
"positive","not_applicable",6,200,"Variance",0.834441826885182,0.834441826885182,0.00247875217666636,0.0994555588493062,0.00720181343932444,0.992798186560676,0.05075,0.94925,0.00155200575868777,3.86075792478383,1.00502389977103,0,TRUE,20000,2608230
"positive","not_applicable",6,200,"Bartlett",0.992798186560676,0.834441826885182,0.00247875217666636,0.0994555588493062,0.00720181343932444,0.992798186560676,0.0726,0.9274,0.00183479208631387,4.59343400939386,1.19575250544111,0,FALSE,20000,2608230
"positive","not_applicable",6,200,"Combined",0.828432332521986,0.834441826885182,0.00247875217666636,0.0994555588493062,0.00720181343932444,0.992798186560676,0.0495,0.9505,0.00153378209012884,3.83295346647514,0.997785905142815,0,TRUE,20000,2608230
"positive","not_applicable",8,5,"Raw",1,0.897478905465116,0.000335462627902512,0.0713772356063794,0.292652536143119,0.707347463856881,0.21415,0.78585,0.00290077384071906,Inf,Inf,0.0753,FALSE,20000,2608231
"positive","not_applicable",8,5,"Variance",0.897478905465116,0.897478905465116,0.000335462627902512,0.0713772356063794,0.292652536143119,0.707347463856881,0.1995,0.8005,0.00282577201840488,Inf,Inf,0.0753,FALSE,20000,2608231
"positive","not_applicable",8,5,"Bartlett",0.707347463856881,0.897478905465116,0.000335462627902512,0.0713772356063794,0.292652536143119,0.707347463856881,0.1689,0.8311,0.0026492715036402,Inf,Inf,0.0753,FALSE,20000,2608231
"positive","not_applicable",8,5,"Combined",0.634829427645799,0.897478905465116,0.000335462627902512,0.0713772356063794,0.292652536143119,0.707347463856881,0.1565,0.8435,0.0025691219317113,Inf,Inf,0.0753,FALSE,20000,2608231
"positive","not_applicable",8,6,"Raw",1,0.893659846292924,0.000335462627902512,0.0713772356063794,0.243480307072018,0.756519692927982,0.18135,0.81865,0.00272453828657261,20.3139081128738,5.28807129297907,0.04065,FALSE,20000,2608232
"positive","not_applicable",8,6,"Variance",0.893659846292924,0.893659846292924,0.000335462627902512,0.0713772356063794,0.243480307072018,0.756519692927982,0.1644,0.8356,0.00262080750914675,18.1537240017594,4.7257369788697,0.04065,FALSE,20000,2608232
"positive","not_applicable",8,6,"Bartlett",0.756519692927982,0.893659846292924,0.000335462627902512,0.0713772356063794,0.243480307072018,0.756519692927982,0.14185,0.85815,0.00246706888331072,15.3678715277185,4.0005300707458,0.04065,FALSE,20000,2608232
"positive","not_applicable",8,6,"Combined",0.67607127249959,0.893659846292924,0.000335462627902512,0.0713772356063794,0.243480307072018,0.756519692927982,0.129,0.871,0.00237022150863585,13.7336497073103,3.57511308811291,0.04065,FALSE,20000,2608232
"positive","not_applicable",8,8,"Raw",1,0.888931487317829,0.000335462627902512,0.0713772356063794,0.182238224322219,0.817761775677781,0.1388,0.8612,0.00244473475043817,9.1406910786082,2.37948433271414,0.01105,FALSE,20000,2608233
"positive","not_applicable",8,8,"Variance",0.888931487317829,0.888931487317829,0.000335462627902512,0.0713772356063794,0.182238224322219,0.817761775677781,0.12255,0.87745,0.00231874424527588,8.12544811562,2.11519854692905,0.01105,FALSE,20000,2608233
"positive","not_applicable",8,8,"Bartlett",0.817761775677781,0.888931487317829,0.000335462627902512,0.0713772356063794,0.182238224322219,0.817761775677781,0.1112,0.8888,0.00222299977507871,7.47490776736469,1.94585133311777,0.01105,FALSE,20000,2608233
"positive","not_applicable",8,8,"Combined",0.726934191524919,0.888931487317829,0.000335462627902512,0.0713772356063794,0.182238224322219,0.817761775677781,0.0973,0.9027,0.00209562293841235,6.64468087920709,1.72972851964776,0.01105,FALSE,20000,2608233
"positive","not_applicable",8,10,"Raw",1,0.886118412990874,0.000335462627902512,0.0713772356063794,0.145612016586514,0.854387983413486,0.12095,0.87905,0.0023056571460215,6.96822302008377,1.81395228878821,0.00225,FALSE,20000,2608234
"positive","not_applicable",8,10,"Variance",0.886118412990874,0.886118412990874,0.000335462627902512,0.0713772356063794,0.145612016586514,0.854387983413486,0.10335,0.89665,0.00215254242118477,6.17467072392311,1.60737652338217,0.00225,FALSE,20000,2608234
"positive","not_applicable",8,10,"Bartlett",0.854387983413486,0.886118412990874,0.000335462627902512,0.0713772356063794,0.145612016586514,0.854387983413486,0.0981,0.9019,0.00210328778344762,5.9535660141048,1.54981903802604,0.00225,FALSE,20000,2608234
"positive","not_applicable",8,10,"Combined",0.757088923940831,0.886118412990874,0.000335462627902512,0.0713772356063794,0.145612016586514,0.854387983413486,0.082,0.918,0.00194005154570697,5.27556446805495,1.37332318639868,0.00225,FALSE,20000,2608234
"positive","not_applicable",8,15,"Raw",1,0.882395226381668,0.000335462627902512,0.0713772356063794,0.0969159551721102,0.90308404482789,0.0923,0.9077,0.00204671334094445,5.42941388993802,1.41337292506938,1e-04,FALSE,20000,2608235
"positive","not_applicable",8,15,"Variance",0.882395226381668,0.882395226381668,0.000335462627902512,0.0713772356063794,0.0969159551721102,0.90308404482789,0.0758,0.9242,0.00187155496846873,4.79088889853164,1.24715352217832,1e-04,FALSE,20000,2608235
"positive","not_applicable",8,15,"Bartlett",0.90308404482789,0.882395226381668,0.000335462627902512,0.0713772356063794,0.0969159551721102,0.90308404482789,0.0782,0.9218,0.00189848307867097,4.90321705676996,1.27639453802188,1e-04,FALSE,20000,2608235
"positive","not_applicable",8,15,"Combined",0.796877050177579,0.882395226381668,0.000335462627902512,0.0713772356063794,0.0969159551721102,0.90308404482789,0.0626,0.9374,0.00171291038878279,4.32657532480698,1.12628444733014,1e-04,FALSE,20000,2608235
"positive","not_applicable",8,20,"Raw",1,0.880545341211057,0.000335462627902512,0.0713772356063794,0.0726274454219955,0.927372554578004,0.08545,0.91455,0.00197671820829374,5.16818242690436,1.34536973273359,0,FALSE,20000,2608236
"positive","not_applicable",8,20,"Variance",0.880545341211057,0.880545341211057,0.000335462627902512,0.0713772356063794,0.0726274454219955,0.927372554578004,0.06865,0.93135,0.00178797619531134,4.55081895853949,1.18465905036493,0,FALSE,20000,2608236
"positive","not_applicable",8,20,"Bartlett",0.927372554578004,0.880545341211057,0.000335462627902512,0.0713772356063794,0.0726274454219955,0.927372554578004,0.0754,0.9246,0.00186701419383999,4.79283053976345,1.24765896589708,0,FALSE,20000,2608236
"positive","not_applicable",8,20,"Combined",0.816593582500658,0.880545341211057,0.000335462627902512,0.0713772356063794,0.0726274454219955,0.927372554578004,0.0593,0.9407,0.00167008248299298,4.22030460300278,1.09862028984088,0,TRUE,20000,2608236
"positive","not_applicable",8,30,"Raw",1,0.878703196145762,0.000335462627902512,0.0713772356063794,0.0483786163099389,0.951621383690061,0.07705,0.92295,0.0018856470706365,4.7414314238056,1.23427886256734,0,FALSE,20000,2608237
"positive","not_applicable",8,30,"Variance",0.878703196145762,0.878703196145762,0.000335462627902512,0.0713772356063794,0.0483786163099389,0.951621383690061,0.05905,0.94095,0.00166677979199413,4.16631094640393,1.08456478147307,0,TRUE,20000,2608237
"positive","not_applicable",8,30,"Bartlett",0.951621383690061,0.878703196145762,0.000335462627902512,0.0713772356063794,0.0483786163099389,0.951621383690061,0.0693,0.9307,0.00179579383560586,4.51204753219342,1.17456615905572,0,FALSE,20000,2608237
"positive","not_applicable",8,30,"Combined",0.836192751369109,0.878703196145762,0.000335462627902512,0.0713772356063794,0.0483786163099389,0.951621383690061,0.05295,0.94705,0.00158345030708261,3.96475058769996,1.03209503804692,0,TRUE,20000,2608237
"positive","not_applicable",8,50,"Raw",1,0.877235020379436,0.000335462627902512,0.0713772356063794,0.0290081230796954,0.970991876920305,0.07035,0.92965,0.00180832626342704,4.59349517409764,1.1957684277005,0,FALSE,20000,2608238
"positive","not_applicable",8,50,"Variance",0.877235020379436,0.877235020379436,0.000335462627902512,0.0713772356063794,0.0290081230796954,0.970991876920305,0.0545,0.9455,0.00160514407453038,4.02957483266238,1.04896994104294,0,TRUE,20000,2608238
"positive","not_applicable",8,50,"Bartlett",0.970991876920305,0.877235020379436,0.000335462627902512,0.0713772356063794,0.0290081230796954,0.970991876920305,0.0663,0.9337,0.00175932245481037,4.46024650072143,1.16108142997495,0,FALSE,20000,2608238
"positive","not_applicable",8,50,"Combined",0.851788078938451,0.877235020379436,0.000335462627902512,0.0713772356063794,0.0290081230796954,0.970991876920305,0.05165,0.94835,0.00156496449640239,3.91268442995767,1.01854129188626,0,TRUE,20000,2608238
"positive","not_applicable",8,100,"Raw",1,0.876137104208749,0.000335462627902512,0.0713772356063794,0.0144969190249973,0.985503080975003,0.06785,0.93215,0.00177829099840268,4.38807600063893,1.14229416621627,0,FALSE,20000,2608239
"positive","not_applicable",8,100,"Variance",0.876137104208749,0.876137104208749,0.000335462627902512,0.0713772356063794,0.0144969190249973,0.985503080975003,0.0501,0.9499,0.00154256264054333,3.8445562002477,1.00080630294327,0,TRUE,20000,2608239
"positive","not_applicable",8,100,"Bartlett",0.985503080975003,0.876137104208749,0.000335462627902512,0.0713772356063794,0.0144969190249973,0.985503080975003,0.0658,0.9342,0.00175314517368072,4.32446241818213,1.1257344201859,0,FALSE,20000,2608239
"positive","not_applicable",8,100,"Combined",0.863435815554239,0.876137104208749,0.000335462627902512,0.0713772356063794,0.0144969190249973,0.985503080975003,0.0484,0.9516,0.00151752166376629,3.78882198032565,0.986297695009794,0,TRUE,20000,2608239
"positive","not_applicable",8,200,"Raw",1,0.875589176063528,0.000335462627902512,0.0713772356063794,0.00724667388378602,0.992753326116214,0.0685,0.9315,0.00178616558582904,4.46649051041567,1.16270685666458,0,FALSE,20000,2608240
"positive","not_applicable",8,200,"Variance",0.875589176063528,0.875589176063528,0.000335462627902512,0.0713772356063794,0.00724667388378602,0.992753326116214,0.05195,0.94805,0.00156925456029288,3.91081074591042,1.01805353863035,0,TRUE,20000,2608240
"positive","not_applicable",8,200,"Bartlett",0.992753326116214,0.875589176063528,0.000335462627902512,0.0713772356063794,0.00724667388378602,0.992753326116214,0.0675,0.9325,0.00177403142587723,4.43412331028167,1.15428109925189,0,FALSE,20000,2608240
"positive","not_applicable",8,200,"Combined",0.869244066848422,0.875589176063528,0.000335462627902512,0.0713772356063794,0.00724667388378602,0.992753326116214,0.05115,0.94885,0.00155778171609504,3.88247037581361,1.01067603663966,0,TRUE,20000,2608240
"positive","not_applicable",12,5,"Raw",1,0.93220391052647,6.14421235332821e-06,0.045453961502521,0.294380182739023,0.705619817260978,0.1976,0.8024,0.00281561929244705,Inf,Inf,0.06635,FALSE,20000,2608241
"positive","not_applicable",12,5,"Variance",0.93220391052647,0.93220391052647,6.14421235332821e-06,0.045453961502521,0.294380182739023,0.705619817260978,0.1882,0.8118,0.00276388096704616,Inf,Inf,0.06635,FALSE,20000,2608241
"positive","not_applicable",12,5,"Bartlett",0.705619817260978,0.93220391052647,6.14421235332821e-06,0.045453961502521,0.294380182739023,0.705619817260978,0.1553,0.8447,0.00256107311492663,Inf,Inf,0.06635,FALSE,20000,2608241
"positive","not_applicable",12,5,"Combined",0.657781552995657,0.93220391052647,6.14421235332821e-06,0.045453961502521,0.294380182739023,0.705619817260978,0.1482,0.8518,0.00251233715890205,Inf,Inf,0.06635,FALSE,20000,2608241
"positive","not_applicable",12,6,"Raw",1,0.929577984017945,6.14421235332821e-06,0.045453961502521,0.245064293837712,0.754935706162288,0.17515,0.82485,0.00268768001722675,19.6715079939392,5.12084312552508,0.0398,FALSE,20000,2608242
"positive","not_applicable",12,6,"Variance",0.929577984017945,0.929577984017945,6.14421235332821e-06,0.045453961502521,0.245064293837712,0.754935706162288,0.1639,0.8361,0.00261760186048222,18.2862007435989,4.76022302909776,0.0398,FALSE,20000,2608242
"positive","not_applicable",12,6,"Bartlett",0.754935706162288,0.929577984017945,6.14421235332821e-06,0.045453961502521,0.245064293837712,0.754935706162288,0.13555,0.86445,0.00242049785684681,14.8507237786816,3.86590732111458,0.0398,FALSE,20000,2608242
"positive","not_applicable",12,6,"Combined",0.701771611797504,0.929577984017945,6.14421235332821e-06,0.045453961502521,0.245064293837712,0.754935706162288,0.1267,0.8733,0.00235209598018448,13.8049058713942,3.5936623339619,0.0398,FALSE,20000,2608242
"positive","not_applicable",12,8,"Raw",1,0.92631630688104,6.14421235332821e-06,0.045453961502521,0.183561478086277,0.816438521913723,0.1308,0.8692,0.00238423321006985,8.04051565843788,2.0930891189366,0.00935,FALSE,20000,2608243
"positive","not_applicable",12,8,"Variance",0.92631630688104,0.92631630688104,6.14421235332821e-06,0.045453961502521,0.183561478086277,0.816438521913723,0.119,0.881,0.00228953051956072,7.44806077014335,1.93886258262624,0.00935,FALSE,20000,2608243
"positive","not_applicable",12,8,"Bartlett",0.816438521913723,0.92631630688104,6.14421235332821e-06,0.045453961502521,0.183561478086277,0.816438521913723,0.10305,0.89695,0.00214977554060883,6.56458671959916,1.70887858649829,0.00935,FALSE,20000,2608243
"positive","not_applicable",12,8,"Combined",0.756280316414535,0.92631630688104,6.14421235332821e-06,0.045453961502521,0.183561478086277,0.816438521913723,0.09475,0.90525,0.00207089880848872,6.08088372629942,1.58296210115319,0.00935,FALSE,20000,2608243
"positive","not_applicable",12,10,"Raw",1,0.924370264219525,6.14421235332821e-06,0.045453961502521,0.146735546168859,0.853264453831141,0.11355,0.88645,0.00224339472117592,6.79285790455586,1.76830163269287,0.00265,FALSE,20000,2608244
"positive","not_applicable",12,10,"Variance",0.924370264219525,0.924370264219525,6.14421235332821e-06,0.045453961502521,0.146735546168859,0.853264453831141,0.10275,0.89725,0.00214700299836772,6.27911585604,1.63456544743213,0.00265,FALSE,20000,2608244
"positive","not_applicable",12,10,"Bartlett",0.853264453831141,0.924370264219525,6.14421235332821e-06,0.045453961502521,0.146735546168859,0.853264453831141,0.09335,0.90665,0.00205713122454548,5.79610418988341,1.5088289268284,0.00265,FALSE,20000,2608244
"positive","not_applicable",12,10,"Combined",0.788732288637021,0.924370264219525,6.14421235332821e-06,0.045453961502521,0.146735546168859,0.853264453831141,0.08275,0.91725,0.00194810725449088,5.35774636144643,1.39471659375443,0.00265,FALSE,20000,2608244
"positive","not_applicable",12,15,"Raw",1,0.921788224375337,6.14421235332821e-06,0.045453961502521,0.0977226874013164,0.902277312598684,0.09175,0.90825,0.00204122435685056,5.36870231262756,1.39756862255196,5e-05,FALSE,20000,2608245
"positive","not_applicable",12,15,"Variance",0.921788224375337,0.921788224375337,6.14421235332821e-06,0.045453961502521,0.0977226874013164,0.902277312598684,0.07995,0.92005,0.00191778514828956,4.94880657195672,1.28826229902486,5e-05,FALSE,20000,2608245
"positive","not_applicable",12,15,"Bartlett",0.902277312598684,0.921788224375337,6.14421235332821e-06,0.045453961502521,0.0977226874013164,0.902277312598684,0.0775,0.9225,0.00189068439989333,4.84405829477993,1.26099446092843,5e-05,FALSE,20000,2608245
"positive","not_applicable",12,15,"Combined",0.831708601874491,0.921788224375337,6.14421235332821e-06,0.045453961502521,0.0977226874013164,0.902277312598684,0.067,0.933,0.00176792250961404,4.46519589431582,1.16236984508635,5e-05,FALSE,20000,2608245
"positive","not_applicable",12,20,"Raw",1,0.920502606210239,6.14421235332821e-06,0.045453961502521,0.0732541367842662,0.926745863215734,0.08245,0.91755,0.00194489071029711,5.02938957732635,1.30923948741368,0,FALSE,20000,2608246
"positive","not_applicable",12,20,"Variance",0.920502606210239,0.920502606210239,6.14421235332821e-06,0.045453961502521,0.0732541367842662,0.926745863215734,0.07095,0.92905,0.00181543517510265,4.62956621357552,1.20515836031765,0,FALSE,20000,2608246
"positive","not_applicable",12,20,"Bartlett",0.926745863215734,0.920502606210239,6.14421235332821e-06,0.045453961502521,0.0732541367842662,0.926745863215734,0.07195,0.92805,0.0018272000095775,4.66096598528753,1.21333227891932,0,FALSE,20000,2608246
"positive","not_applicable",12,20,"Combined",0.85307198238464,0.920502606210239,6.14421235332821e-06,0.045453961502521,0.0732541367842662,0.926745863215734,0.0613,0.9387,0.00169620620798298,4.29043133691444,1.11687552494424,0,FALSE,20000,2608246
"positive","not_applicable",12,30,"Raw",1,0.919220569154236,6.14421235332821e-06,0.045453961502521,0.0488108386783635,0.951189161321637,0.07135,0.92865,0.00182015353061218,4.53133983721251,1.17958828890784,0,FALSE,20000,2608247
"positive","not_applicable",12,30,"Variance",0.919220569154236,0.919220569154236,6.14421235332821e-06,0.045453961502521,0.0488108386783635,0.951189161321637,0.0587,0.9413,0.00166214184111946,4.16530078419374,1.08430181829754,0,TRUE,20000,2608247
"positive","not_applicable",12,30,"Bartlett",0.951189161321637,0.919220569154236,6.14421235332821e-06,0.045453961502521,0.0488108386783635,0.951189161321637,0.06355,0.93645,0.00172498402166513,4.31016133942149,1.12201159523107,0,FALSE,20000,2608247
"positive","not_applicable",12,30,"Combined",0.874352642243415,0.919220569154236,6.14421235332821e-06,0.045453961502521,0.0488108386783635,0.951189161321637,0.05265,0.94735,0.00157920830639913,3.9619889595696,1.03137613716596,0,TRUE,20000,2608247
"positive","not_applicable",12,50,"Raw",1,0.918197507864136,6.14421235332821e-06,0.045453961502521,0.0292743820016673,0.970725617998333,0.0651,0.9349,0.00174444819355577,4.37972362123629,1.14011989342239,0,FALSE,20000,2608248
"positive","not_applicable",12,50,"Variance",0.918197507864136,0.918197507864136,6.14421235332821e-06,0.045453961502521,0.0292743820016673,0.970725617998333,0.0542,0.9458,0.00160097407849097,4.02145131415285,1.04685524480676,0,TRUE,20000,2608248
"positive","not_applicable",12,50,"Bartlett",0.970725617998333,0.918197507864136,6.14421235332821e-06,0.045453961502521,0.0292743820016673,0.970725617998333,0.0615,0.9385,0.00169879001056634,4.25150991888649,1.10674358813464,0,FALSE,20000,2608248
"positive","not_applicable",12,50,"Combined",0.891317843265943,0.918197507864136,6.14421235332821e-06,0.045453961502521,0.0292743820016673,0.970725617998333,0.05175,0.94825,0.00156639614242375,3.90372581218123,1.01620920446984,0,TRUE,20000,2608248
"positive","not_applicable",12,100,"Raw",1,0.917431705105284,6.14421235332821e-06,0.045453961502521,0.0146326455488271,0.985367354451173,0.0604,0.9396,0.00168451536057111,4.18439447279885,1.08927224476736,0,FALSE,20000,2608249
"positive","not_applicable",12,100,"Variance",0.917431705105284,0.917431705105284,6.14421235332821e-06,0.045453961502521,0.0146326455488271,0.985367354451173,0.0499,0.9501,0.00153964265334525,3.83889615601298,0.999332892840776,0,TRUE,20000,2608249
"positive","not_applicable",12,100,"Bartlett",0.985367354451173,0.917431705105284,6.14421235332821e-06,0.045453961502521,0.0146326455488271,0.985367354451173,0.05835,0.94165,0.00165748721714528,4.12316571164192,1.0733333101035,0,TRUE,20000,2608249
"positive","not_applicable",12,100,"Combined",0.904007252149222,0.917431705105284,6.14421235332821e-06,0.045453961502521,0.0146326455488271,0.985367354451173,0.0482,0.9518,0.00151454217504829,3.78272294926328,0.984710008834553,0,TRUE,20000,2608249
"positive","not_applicable",12,200,"Raw",1,0.917049282552093,6.14421235332821e-06,0.045453961502521,0.00731518641141194,0.992684813588588,0.0621,0.9379,0.00170651091411687,4.24949674202607,1.10621952242045,0,FALSE,20000,2608250
"positive","not_applicable",12,200,"Variance",0.917049282552093,0.917049282552093,6.14421235332821e-06,0.045453961502521,0.00731518641141194,0.992684813588588,0.05125,0.94875,0.00155922156058721,3.89699793848246,1.01445781938079,0,TRUE,20000,2608250
"positive","not_applicable",12,200,"Bartlett",0.992684813588588,0.917049282552093,6.14421235332821e-06,0.045453961502521,0.00731518641141194,0.992684813588588,0.0609,0.9391,0.00169102321095838,4.21841088120346,1.098127320402,0,FALSE,20000,2608250
"positive","not_applicable",12,200,"Combined",0.910340896101773,0.917049282552093,6.14421235332821e-06,0.045453961502521,0.00731518641141194,0.992684813588588,0.05065,0.94935,0.00155055760131638,3.86849067211758,1.00703687132551,0,TRUE,20000,2608250
"negative","even",0.25,5,"Raw",1,1.19989907837591,0.778800783071405,-0.0519197526353682,0.318816186202054,0.681183813797946,0.15025,0.84975,0.0025266077802065,26.8214922951813,6.98211110599251,0.048,FALSE,20000,2608251
"negative","even",0.25,5,"Variance",1.19989907837591,1.19989907837591,0.778800783071405,-0.0519197526353682,0.318816186202054,0.681183813797946,0.17275,0.82725,0.00267308284102831,32.1830838856546,8.3778286811986,0.048,FALSE,20000,2608251
"negative","even",0.25,5,"Bartlett",0.681183813797946,1.19989907837591,0.778800783071405,-0.0519197526353682,0.318816186202054,0.681183813797946,0.11205,0.88795,0.00223041248987715,18.2703664133838,4.75610107154097,0.048,FALSE,20000,2608251
"negative","even",0.25,5,"Combined",0.817351830380742,1.19989907837591,0.778800783071405,-0.0519197526353682,0.318816186202054,0.681183813797946,0.1278,0.8722,0.0023607960521824,21.9225958210094,5.70684129240468,0.048,FALSE,20000,2608251
"negative","even",0.25,6,"Raw",1,1.24170264460786,0.778800783071405,-0.0519197526353682,0.268018291125715,0.731981708874285,0.11945,0.88055,0.00229326947282695,9.01606765814388,2.34704264160633,0.02015,FALSE,20000,2608252
"negative","even",0.25,6,"Variance",1.24170264460786,1.24170264460786,0.778800783071405,-0.0519197526353682,0.268018291125715,0.731981708874285,0.14695,0.85305,0.00250355444817963,11.1952750550807,2.91432905509,0.02015,FALSE,20000,2608252
"negative","even",0.25,6,"Bartlett",0.731981708874285,1.24170264460786,0.778800783071405,-0.0519197526353682,0.268018291125715,0.731981708874285,0.08625,0.91375,0.00198508107517048,6.59959661173433,1.71799228360382,0.02015,FALSE,20000,2608252
"negative","even",0.25,6,"Combined",0.908903623713781,1.24170264460786,0.778800783071405,-0.0519197526353682,0.268018291125715,0.731981708874285,0.1086,0.8914,0.002200068635293,8.1947365661356,2.13323556196676,0.02015,FALSE,20000,2608252
"negative","even",0.25,8,"Raw",1,1.31589351918566,0.778800783071405,-0.0519197526353682,0.203851586102477,0.796148413897523,0.07535,0.92465,0.00186644551889414,5.1102164723414,1.33028016461153,0.0036,FALSE,20000,2608253
"negative","even",0.25,8,"Variance",1.31589351918566,1.31589351918566,0.778800783071405,-0.0519197526353682,0.203851586102477,0.796148413897523,0.1076,0.8924,0.00219114399344269,6.72450073758985,1.75050704731355,0.0036,FALSE,20000,2608253
"negative","even",0.25,8,"Bartlett",0.796148413897523,1.31589351918566,0.778800783071405,-0.0519197526353682,0.203851586102477,0.796148413897523,0.0549,0.9451,0.00161068292969163,4.0684907391276,1.05910044309481,0.0036,TRUE,20000,2608253
"negative","even",0.25,8,"Combined",1.04764653815769,1.31589351918566,0.778800783071405,-0.0519197526353682,0.203851586102477,0.796148413897523,0.0804,0.9196,0.0019227043454468,5.35370059648488,1.39366340923512,0.0036,FALSE,20000,2608253
"negative","even",0.25,10,"Raw",1,1.37861595955102,0.778800783071405,-0.0519197526353682,0.164810005780571,0.835189994219429,0.0557,0.9443,0.00162168908857401,4.13279997331155,1.07584127963261,0.00085,TRUE,20000,2608254
"negative","even",0.25,10,"Variance",1.37861595955102,1.37861595955102,0.778800783071405,-0.0519197526353682,0.164810005780571,0.835189994219429,0.09165,0.90835,0.00204022397667511,5.69754400083934,1.48317195804531,0.00085,FALSE,20000,2608254
"negative","even",0.25,10,"Bartlett",0.835189994219429,1.37861595955102,0.778800783071405,-0.0519197526353682,0.164810005780571,0.835189994219429,0.0423,0.9577,0.00142321309015902,3.45167318582013,0.898531872117384,0.00085,TRUE,20000,2608254
"negative","even",0.25,10,"Combined",1.15140625528823,1.37861595955102,0.778800783071405,-0.0519197526353682,0.164810005780571,0.835189994219429,0.07045,0.92955,0.00180951371229952,4.75853174112596,1.23873037906629,0.00085,FALSE,20000,2608254
"negative","even",0.25,15,"Raw",1,1.49540141565791,0.778800783071405,-0.0519197526353682,0.11176161729135,0.88823838270865,0.03475,0.96525,0.00129503740293476,3.20785638106855,0.835062024819236,0,FALSE,20000,2608255
"negative","even",0.25,15,"Variance",1.49540141565791,1.49540141565791,0.778800783071405,-0.0519197526353682,0.11176161729135,0.88823838270865,0.07265,0.92735,0.00183537431468352,4.79703297347718,1.24875293407685,0,FALSE,20000,2608255
"negative","even",0.25,15,"Bartlett",0.88823838270865,1.49540141565791,0.778800783071405,-0.0519197526353682,0.11176161729135,0.88823838270865,0.02545,0.97455,0.00111360445176912,2.84934116388195,0.741734142386849,0,FALSE,20000,2608255
"negative","even",0.25,15,"Combined",1.32827293494421,1.49540141565791,0.778800783071405,-0.0519197526353682,0.11176161729135,0.88823838270865,0.05895,0.94105,0.00166545635637803,4.26090881016144,1.1091902865671,0,TRUE,20000,2608255
"negative","even",0.25,20,"Raw",1,1.57242988129531,0.778800783071405,-0.0519197526353682,0.0846401720063425,0.915359827993658,0.0271,0.9729,0.00114816353364841,2.89424450339361,0.753423279667136,0,FALSE,20000,2608256
"negative","even",0.25,20,"Variance",1.57242988129531,1.57242988129531,0.778800783071405,-0.0519197526353682,0.0846401720063425,0.915359827993658,0.06955,0.93045,0.00179878844642721,4.55099654091082,1.18470527821212,0,FALSE,20000,2608256
"negative","even",0.25,20,"Bartlett",0.915359827993658,1.57242988129531,0.778800783071405,-0.0519197526353682,0.0846401720063425,0.915359827993658,0.02125,0.97875,0.00101976559806654,2.64927515079797,0.689653403682527,0,FALSE,20000,2608256
"negative","even",0.25,20,"Combined",1.43933914567456,1.57242988129531,0.778800783071405,-0.0519197526353682,0.0846401720063425,0.915359827993658,0.05925,0.94075,0.00166942261725424,4.16579941088786,1.08443161968742,0,TRUE,20000,2608256
"negative","even",0.25,30,"Raw",1,1.66316427976776,0.778800783071405,-0.0519197526353682,0.0570050295206036,0.942994970479396,0.0175,0.9825,0.000927193345532635,2.56241703645724,0.667042692909624,0,FALSE,20000,2608257
"negative","even",0.25,30,"Variance",1.66316427976776,1.66316427976776,0.778800783071405,-0.0519197526353682,0.0570050295206036,0.942994970479396,0.06185,0.93815,0.00170329940850104,4.26172048490404,1.10940157992738,0,FALSE,20000,2608257
"negative","even",0.25,30,"Bartlett",0.942994970479396,1.66316427976776,0.778800783071405,-0.0519197526353682,0.0570050295206036,0.942994970479396,0.01495,0.98505,0.000858093744878728,2.41634637764989,0.629017904508808,0,FALSE,20000,2608257
"negative","even",0.25,30,"Combined",1.56835555090199,1.66316427976776,0.778800783071405,-0.0519197526353682,0.0570050295206036,0.942994970479396,0.0548,0.9452,0.00160930046914801,4.01878098285353,1.04616011011342,0,TRUE,20000,2608257
"negative","even",0.25,50,"Raw",1,1.7451827666756,0.778800783071405,-0.0519197526353682,0.0344855939824908,0.965514406017509,0.0125,0.9875,0.000785612818123533,2.28865765840795,0.595778261653837,0,FALSE,20000,2608258
"negative","even",0.25,50,"Variance",1.7451827666756,1.7451827666756,0.778800783071405,-0.0519197526353682,0.0344855939824908,0.965514406017509,0.0549,0.9451,0.00161068292969163,3.99412590427369,1.03974195499823,0,TRUE,20000,2608258
"negative","even",0.25,50,"Bartlett",0.965514406017509,1.7451827666756,0.778800783071405,-0.0519197526353682,0.0344855939824908,0.965514406017509,0.0109,0.9891,0.000734206714760904,2.20973193963517,0.575232494418849,0,FALSE,20000,2608258
"negative","even",0.25,50,"Combined",1.68499910235879,1.7451827666756,0.778800783071405,-0.0519197526353682,0.0344855939824908,0.965514406017509,0.05015,0.94985,0.0015432915716092,3.85638610002395,1.0038858360916,0,TRUE,20000,2608258
"negative","even",0.25,100,"Raw",1,1.81230468049556,0.778800783071405,-0.0519197526353682,0.0173489084310336,0.982651091568966,0.0102,0.9898,0.000710491379258046,2.18936778698513,0.569931343579917,0,FALSE,20000,2608259
"negative","even",0.25,100,"Variance",1.81230468049556,1.81230468049556,0.778800783071405,-0.0519197526353682,0.0173489084310336,0.982651091568966,0.0542,0.9458,0.00160097407849097,3.96780148767936,1.03288924153101,0,TRUE,20000,2608259
"negative","even",0.25,100,"Bartlett",0.982651091568966,1.81230468049556,0.778800783071405,-0.0519197526353682,0.0173489084310336,0.982651091568966,0.0093,0.9907,0.000678730800833438,2.15138464572687,0.560043656888173,0,FALSE,20000,2608259
"negative","even",0.25,100,"Combined",1.78086317254451,1.81230468049556,0.778800783071405,-0.0519197526353682,0.0173489084310336,0.982651091568966,0.05195,0.94805,0.00156925456029288,3.89896446299709,1.01496974066029,0,TRUE,20000,2608259
"negative","even",0.25,200,"Raw",1,1.84784006638665,0.778800783071405,-0.0519197526353682,0.00870098227318452,0.991299017726816,0.0078,0.9922,0.000622059482686342,2.11260862452039,0.549949569455143,0,FALSE,20000,2608260
"negative","even",0.25,200,"Variance",1.84784006638665,1.84784006638665,0.778800783071405,-0.0519197526353682,0.00870098227318452,0.991299017726816,0.0512,0.9488,0.0015585018447214,3.90376286098277,1.0162188489313,0,TRUE,20000,2608260
"negative","even",0.25,200,"Bartlett",0.991299017726816,1.84784006638665,0.778800783071405,-0.0519197526353682,0.00870098227318452,0.991299017726816,0.00755,0.99245,0.000612086493071037,2.09422685432827,0.545164468000168,0,FALSE,20000,2608260
"negative","even",0.25,200,"Combined",1.83176204272534,1.84784006638665,0.778800783071405,-0.0519197526353682,0.00870098227318452,0.991299017726816,0.05045,0.94955,0.00154765625220848,3.86979628953064,1.00737674674107,0,TRUE,20000,2608260
"negative","even",0.5,5,"Raw",1,1.30703855995196,0.606530659712633,-0.0866387433598904,0.329496180584898,0.670503819415102,0.13725,0.86275,0.00243323280328866,16.116841538646,4.19550027500588,0.0412,FALSE,20000,2608261
"negative","even",0.5,5,"Variance",1.30703855995196,1.30703855995196,0.606530659712633,-0.0866387433598904,0.329496180584898,0.670503819415102,0.1726,0.8274,0.00267216429135635,21.0653333556458,5.48368063772175,0.0412,FALSE,20000,2608261
"negative","even",0.5,5,"Bartlett",0.670503819415102,1.30703855995196,0.606530659712633,-0.0866387433598904,0.329496180584898,0.670503819415102,0.0971,0.9029,0.00209369995462578,10.8064038085701,2.81309895874856,0.0412,FALSE,20000,2608261
"negative","even",0.5,5,"Combined",0.876374346570607,1.30703855995196,0.606530659712633,-0.0866387433598904,0.329496180584898,0.670503819415102,0.1223,0.8777,0.00231670790131169,14.1243864722129,3.67682881204508,0.0412,FALSE,20000,2608261
"negative","even",0.5,6,"Raw",1,1.35709546156268,0.606530659712633,-0.0866387433598904,0.276931861322135,0.723068138677865,0.10515,0.89485,0.00216902601989925,7.59022492276998,1.97587043804324,0.01735,FALSE,20000,2608262
"negative","even",0.5,6,"Variance",1.35709546156268,1.35709546156268,0.606530659712633,-0.0866387433598904,0.276931861322135,0.723068138677865,0.14135,0.85865,0.00246343436588028,10.3006597949311,2.68144480410436,0.01735,FALSE,20000,2608262
"negative","even",0.5,6,"Bartlett",0.723068138677865,1.35709546156268,0.606530659712633,-0.0866387433598904,0.276931861322135,0.723068138677865,0.07285,0.92715,0.00183770070332467,5.48824980705363,1.42868895990455,0.01735,FALSE,20000,2608262
"negative","even",0.5,6,"Combined",0.981272489400308,1.35709546156268,0.606530659712633,-0.0866387433598904,0.276931861322135,0.723068138677865,0.10285,0.89715,0.00214792780954109,7.44807890507476,1.93886730347117,0.01735,FALSE,20000,2608262
"negative","even",0.5,8,"Raw",1,1.43480682519687,0.606530659712633,-0.0866387433598904,0.210193265075681,0.789806734924319,0.0653,0.9347,0.00174693889418033,4.64381064071352,1.20886643784832,0.00235,FALSE,20000,2608263
"negative","even",0.5,8,"Variance",1.43480682519687,1.43480682519687,0.606530659712633,-0.0866387433598904,0.210193265075681,0.789806734924319,0.10685,0.89315,0.00218441156264107,6.66297120221759,1.73448981577619,0.00235,FALSE,20000,2608263
"negative","even",0.5,8,"Bartlett",0.789806734924319,1.43480682519687,0.606530659712633,-0.0866387433598904,0.210193265075681,0.789806734924319,0.04635,0.95365,0.00148663508467949,3.66771291974875,0.954770854236575,0.00235,TRUE,20000,2608263
"negative","even",0.5,8,"Combined",1.13322009385586,1.43480682519687,0.606530659712633,-0.0866387433598904,0.210193265075681,0.789806734924319,0.07865,0.92135,0.00190347284587934,5.26245953011824,1.36991173815768,0.00235,FALSE,20000,2608263
"negative","even",0.5,10,"Raw",1,1.49078971082199,0.606530659712633,-0.0866387433598904,0.169463237817714,0.830536762182286,0.0474,0.9526,0.00150255182938892,3.74878930831024,0.975876479038467,0.00065,TRUE,20000,2608264
"negative","even",0.5,10,"Variance",1.49078971082199,1.49078971082199,0.606530659712633,-0.0866387433598904,0.169463237817714,0.830536762182286,0.09245,0.90755,0.00204820650204026,5.58865652886841,1.45482661398374,0.00065,FALSE,20000,2608264
"negative","even",0.5,10,"Bartlett",0.830536762182286,1.49078971082199,0.606530659712633,-0.0866387433598904,0.169463237817714,0.830536762182286,0.03375,0.96625,0.00127692868829861,3.11350733422756,0.810501291190458,0.00065,FALSE,20000,2608264
"negative","even",0.5,10,"Combined",1.23815565952077,1.49078971082199,0.606530659712633,-0.0866387433598904,0.169463237817714,0.830536762182286,0.0689,0.9311,0.00179098841425622,4.64158469843527,1.20828698551468,0.00065,FALSE,20000,2608264
"negative","even",0.5,15,"Raw",1,1.57681320177024,0.606530659712633,-0.0866387433598904,0.11419532149659,0.88580467850341,0.0306,0.9694,0.00121785959781906,3.07769694405341,0.80117921021923,0,FALSE,20000,2608265
"negative","even",0.5,15,"Variance",1.57681320177024,1.57681320177024,0.606530659712633,-0.0866387433598904,0.11419532149659,0.88580467850341,0.07555,0.92445,0.00186871877900341,4.85295317243135,1.26330995565754,0,FALSE,20000,2608265
"negative","even",0.5,15,"Bartlett",0.88580467850341,1.57681320177024,0.606530659712633,-0.0866387433598904,0.11419532149659,0.88580467850341,0.0231,0.9769,0.00106222384646552,2.72623835205816,0.709688292731861,0,FALSE,20000,2608265
"negative","even",0.5,15,"Combined",1.39674851125402,1.57681320177024,0.606530659712633,-0.0866387433598904,0.11419532149659,0.88580467850341,0.06125,0.93875,0.00169555945781916,4.29876862469765,1.11904586912138,0,FALSE,20000,2608265
"negative","even",0.5,20,"Raw",1,1.62449641434277,0.606530659712633,-0.0866387433598904,0.0861118698327644,0.913888130167236,0.02225,0.97775,0.00104295104151633,2.74046891755588,0.713392761831221,0,FALSE,20000,2608266
"negative","even",0.5,20,"Variance",1.62449641434277,1.62449641434277,0.606530659712633,-0.0866387433598904,0.0861118698327644,0.913888130167236,0.06575,0.93425,0.00175252585572938,4.45188193018734,1.1589039836129,0,FALSE,20000,2608266
"negative","even",0.5,20,"Bartlett",0.913888130167236,1.62449641434277,0.606530659712633,-0.0866387433598904,0.0861118698327644,0.913888130167236,0.01785,0.98215,0.00093625257008993,2.50448201484658,0.651961177184774,0,FALSE,20000,2608266
"negative","even",0.5,20,"Combined",1.48460799056709,1.62449641434277,0.606530659712633,-0.0866387433598904,0.0861118698327644,0.913888130167236,0.0556,0.9444,0.0016203184872117,4.06852205290421,1.05910859462736,0,TRUE,20000,2608266
"negative","even",0.5,30,"Raw",1,1.67525504506784,0.606530659712633,-0.0866387433598904,0.0577187690082982,0.942281230991702,0.0161,0.9839,0.000889966010586921,2.48599830586211,0.647149539250536,0,FALSE,20000,2608267
"negative","even",0.5,30,"Variance",1.67525504506784,1.67525504506784,0.606530659712633,-0.0866387433598904,0.0577187690082982,0.942281230991702,0.05995,0.94005,0.00167863035686836,4.1646812039256,1.08414053054279,0,TRUE,20000,2608267
"negative","even",0.5,30,"Bartlett",0.942281230991702,1.67525504506784,0.606530659712633,-0.0866387433598904,0.0577187690082982,0.942281230991702,0.0135,0.9865,0.000816019301242317,2.34250954389103,0.609796864480707,0,FALSE,20000,2608267
"negative","even",0.5,30,"Combined",1.57856138609158,1.67525504506784,0.606530659712633,-0.0866387433598904,0.0577187690082982,0.942281230991702,0.0524,0.9476,0.00157566240038912,3.92430093152301,1.02156527368785,0,TRUE,20000,2608267
"negative","even",0.5,50,"Raw",1,1.71821026978432,0.606530659712633,-0.0866387433598904,0.0347804923022874,0.965219507697713,0.01275,0.98725,0.000793329613086515,2.35024924133722,0.611811645272966,0,FALSE,20000,2608268
"negative","even",0.5,50,"Variance",1.71821026978432,1.71821026978432,0.606530659712633,-0.0866387433598904,0.0347804923022874,0.965219507697713,0.0558,0.9442,0.00162305822446393,4.03822238301841,1.05122105208165,0,TRUE,20000,2608268
"negative","even",0.5,50,"Bartlett",0.965219507697713,1.71821026978432,0.606530659712633,-0.0866387433598904,0.0347804923022874,0.965219507697713,0.0113,0.9887,0.000747405846913175,2.26850641569043,0.5905325350541,0,FALSE,20000,2608268
"negative","even",0.5,50,"Combined",1.65845007072237,1.71821026978432,0.606530659712633,-0.0866387433598904,0.0347804923022874,0.965219507697713,0.05155,0.94845,0.00156353121970749,3.89777102051091,1.01465906637172,0,TRUE,20000,2608268
"negative","even",0.5,100,"Raw",1,1.75190066723013,0.606530659712633,-0.0866387433598904,0.0174462077804286,0.982553792219571,0.0099,0.9901,0.000700071067820975,2.20334808772302,0.573570664314681,0,FALSE,20000,2608269
"negative","even",0.5,100,"Variance",1.75190066723013,1.75190066723013,0.606530659712633,-0.0866387433598904,0.0174462077804286,0.982553792219571,0.0505,0.9495,0.00154838222025442,3.86004698502219,1.00483882951652,0,TRUE,20000,2608269
"negative","even",0.5,100,"Bartlett",0.982553792219571,1.75190066723013,0.606530659712633,-0.0866387433598904,0.0174462077804286,0.982553792219571,0.0093,0.9907,0.000678730800833438,2.16490801917199,0.563564031328289,0,FALSE,20000,2608269
"negative","even",0.5,100,"Combined",1.72133664417896,1.75190066723013,0.606530659712633,-0.0866387433598904,0.0174462077804286,0.982553792219571,0.0487,0.9513,0.00152197749654849,3.79270380327928,0.987308202510931,0,TRUE,20000,2608269
"negative","even",0.5,200,"Raw",1,1.76924621839082,0.606530659712633,-0.0866387433598904,0.00873709429753593,0.991262905702464,0.01045,0.98955,0.000719054848394752,2.17644222781626,0.566566590820044,0,FALSE,20000,2608270
"negative","even",0.5,200,"Variance",1.76924621839082,1.76924621839082,0.606530659712633,-0.0866387433598904,0.00873709429753593,0.991262905702464,0.0507,0.9493,0.00155128188927738,3.85066218111001,1.00239579827494,0,TRUE,20000,2608270
"negative","even",0.5,200,"Bartlett",0.991262905702464,1.76924621839082,0.606530659712633,-0.0866387433598904,0.00873709429753593,0.991262905702464,0.01025,0.98975,0.000712212661358951,2.15742644683869,0.561616445090216,0,FALSE,20000,2608270
"negative","even",0.5,200,"Combined",1.75378814734519,1.76924621839082,0.606530659712633,-0.0866387433598904,0.00873709429753593,0.991262905702464,0.0493,0.9507,0.00153084143528976,3.8170185825257,0.993637771661963,0,TRUE,20000,2608270
"negative","even",1,5,"Raw",1,1.36162956366252,0.367879441171442,-0.12241019780442,0.338545991588111,0.661454008411889,0.1254,0.8746,0.0023417390973377,12.3278044694785,3.20914658854808,0.0354,FALSE,20000,2608271
"negative","even",1,5,"Variance",1.36162956366252,1.36162956366252,0.367879441171442,-0.12241019780442,0.338545991588111,0.661454008411889,0.1661,0.8339,0.00263164197792937,16.7859030206929,4.36966886909379,0.0354,FALSE,20000,2608271
"negative","even",1,5,"Bartlett",0.661454008411889,1.36162956366252,0.367879441171442,-0.12241019780442,0.338545991588111,0.661454008411889,0.088,0.912,0.00200319744408783,8.15427568125453,2.12270287457646,0.0354,FALSE,20000,2608271
"negative","even",1,5,"Combined",0.900655332856706,1.36162956366252,0.367879441171442,-0.12241019780442,0.338545991588111,0.661454008411889,0.11475,0.88525,0.00225369072301414,11.1031028378505,2.89033498889473,0.0354,FALSE,20000,2608271
"negative","even",1,6,"Raw",1,1.39945603680982,0.367879441171442,-0.12241019780442,0.283775891484235,0.716224108515765,0.09885,0.90115,0.00211043452279383,7.12265339645243,1.85415326023602,0.01635,FALSE,20000,2608272
"negative","even",1,6,"Variance",1.39945603680982,1.39945603680982,0.367879441171442,-0.12241019780442,0.283775891484235,0.716224108515765,0.1399,0.8601,0.00245283499241184,9.96784029376932,2.59480597320791,0.01635,FALSE,20000,2608272
"negative","even",1,6,"Bartlett",0.716224108515765,1.39945603680982,0.367879441171442,-0.12241019780442,0.283775891484235,0.716224108515765,0.06945,0.93055,0.00179759140935865,5.10141607914093,1.32798926586414,0.01635,FALSE,20000,2608272
"negative","even",1,6,"Combined",1.00232415237112,1.39945603680982,0.367879441171442,-0.12241019780442,0.283775891484235,0.716224108515765,0.09915,0.90085,0.00211328272481464,7.13920752823246,1.85846259493222,0.01635,FALSE,20000,2608272
"negative","even",1,8,"Raw",1,1.45082790768567,0.367879441171442,-0.12241019780442,0.214413276754468,0.785586723245532,0.0691,0.9309,0.00179339329205838,4.83134634619183,1.25768531479893,0.00385,FALSE,20000,2608273
"negative","even",1,8,"Variance",1.45082790768567,1.45082790768567,0.367879441171442,-0.12241019780442,0.214413276754468,0.785586723245532,0.10955,0.89045,0.00220849267035234,7.00945211075028,1.82468495379673,0.00385,FALSE,20000,2608273
"negative","even",1,8,"Bartlett",0.785586723245532,1.45082790768567,0.367879441171442,-0.12241019780442,0.214413276754468,0.785586723245532,0.04915,0.95085,0.00152863137315705,3.79544154496911,0.988020885326918,0.00385,TRUE,20000,2608273
"negative","even",1,8,"Combined",1.13975114199195,1.45082790768567,0.367879441171442,-0.12241019780442,0.214413276754468,0.785586723245532,0.08155,0.91845,0.00193519504830908,5.50653251543079,1.43344827380859,0.00385,FALSE,20000,2608273
"negative","even",1,10,"Raw",1,1.48375208641146,0.367879441171442,-0.12241019780442,0.172295350670339,0.827704649329661,0.04965,0.95035,0.00153598303213284,3.826513443955,0.996109452831144,0.00055,TRUE,20000,2608274
"negative","even",1,10,"Variance",1.48375208641146,1.48375208641146,0.367879441171442,-0.12241019780442,0.172295350670339,0.827704649329661,0.09245,0.90755,0.00204820650204026,5.67759730614974,1.47797947893239,0.00055,FALSE,20000,2608274
"negative","even",1,10,"Bartlett",0.827704649329661,1.48375208641146,0.367879441171442,-0.12241019780442,0.172295350670339,0.827704649329661,0.0364,0.9636,0.00132429301893501,3.167222968284,0.824484425349563,0.00055,FALSE,20000,2608274
"negative","even",1,10,"Combined",1.22810850037535,1.48375208641146,0.367879441171442,-0.12241019780442,0.172295350670339,0.827704649329661,0.0699,0.9301,0.00180296963368771,4.6993736873217,1.22333048632617,0.00055,FALSE,20000,2608274
"negative","even",1,15,"Raw",1,1.53011305315584,0.367879441171442,-0.12241019780442,0.11554425240472,0.88445574759528,0.03475,0.96525,0.00129503740293476,3.17568590348603,0.826687477782777,5e-05,FALSE,20000,2608275
"negative","even",1,15,"Variance",1.53011305315584,1.53011305315584,0.367879441171442,-0.12241019780442,0.11554425240472,0.88445574759528,0.07485,0.92515,0.0018607455159156,4.85915845364698,1.26492530063591,5e-05,FALSE,20000,2608275
"negative","even",1,15,"Bartlett",0.88445574759528,1.53011305315584,0.367879441171442,-0.12241019780442,0.11554425240472,0.88445574759528,0.02545,0.97455,0.00111360445176912,2.80875364989553,0.731168491190023,5e-05,FALSE,20000,2608275
"negative","even",1,15,"Combined",1.35331728433425,1.53011305315584,0.367879441171442,-0.12241019780442,0.11554425240472,0.88445574759528,0.06,0.94,0.00167928556237467,4.29771062280426,1.11877045242612,5e-05,TRUE,20000,2608275
"negative","even",1,20,"Raw",1,1.55440053237024,0.367879441171442,-0.12241019780442,0.0869134805913996,0.9130865194086,0.0257,0.9743,0.00111891711042418,2.84107866204704,0.739583266321122,0,FALSE,20000,2608276
"negative","even",1,20,"Variance",1.55440053237024,1.55440053237024,0.367879441171442,-0.12241019780442,0.0869134805913996,0.9130865194086,0.0678,0.9322,0.00177768332387971,4.41617418479165,1.14960862290167,0,FALSE,20000,2608276
"negative","even",1,20,"Bartlett",0.9130865194086,1.55440053237024,0.367879441171442,-0.12241019780442,0.0869134805913996,0.9130865194086,0.02,0.98,0.000989949493661167,2.59415062689458,0.675303510457997,0,FALSE,20000,2608276
"negative","even",1,20,"Combined",1.41930217186882,1.55440053237024,0.367879441171442,-0.12241019780442,0.0869134805913996,0.9130865194086,0.0552,0.9448,0.0016148213523483,4.03234911549352,1.0496921361674,0,TRUE,20000,2608276
"negative","even",1,30,"Raw",1,1.57947150854377,0.367879441171442,-0.12241019780442,0.0581125147923197,0.94188748520768,0.01995,0.98005,0.000988736504332676,2.66545237966297,0.693864623851763,0,FALSE,20000,2608277
"negative","even",1,30,"Variance",1.57947150854377,1.57947150854377,0.367879441171442,-0.12241019780442,0.0581125147923197,0.94188748520768,0.0613,0.9387,0.00169620620798298,4.21000609105785,1.0959394041603,0,FALSE,20000,2608277
"negative","even",1,30,"Bartlett",0.94188748520768,1.57947150854377,0.367879441171442,-0.12241019780442,0.0581125147923197,0.94188748520768,0.0164,0.9836,0.000898082401564578,2.51055623882158,0.65354240563431,0,FALSE,20000,2608277
"negative","even",1,30,"Combined",1.48768444713947,1.57947150854377,0.367879441171442,-0.12241019780442,0.0581125147923197,0.94188748520768,0.05385,0.94615,0.0015960917501823,3.96535204981549,1.03225160932455,0,TRUE,20000,2608277
"negative","even",1,50,"Raw",1,1.60011819492996,0.367879441171442,-0.12241019780442,0.0349492021869625,0.965050797813037,0.0163,0.9837,0.000895385671093747,2.50798400196389,0.65287280666742,0,FALSE,20000,2608278
"negative","even",1,50,"Variance",1.60011819492996,1.60011819492996,0.367879441171442,-0.12241019780442,0.0349492021869625,0.965050797813037,0.05525,0.94475,0.00161550978796168,4.01307083413567,1.04467365692353,0,TRUE,20000,2608278
"negative","even",1,50,"Bartlett",0.965050797813037,1.60011819492996,0.367879441171442,-0.12241019780442,0.0349492021869625,0.965050797813037,0.0149,0.9851,0.000856679344912669,2.42033196199759,0.63005542294483,0,FALSE,20000,2608278
"negative","even",1,50,"Combined",1.54419534061231,1.60011819492996,0.367879441171442,-0.12241019780442,0.0349492021869625,0.965050797813037,0.0512,0.9488,0.0015585018447214,3.87281721016286,1.00816314606831,0,TRUE,20000,2608278
"negative","even",1,100,"Raw",1,1.61596094933521,0.367879441171442,-0.12241019780442,0.0175052360853203,0.98249476391468,0.01365,0.98635,0.000820477833338598,2.48487298765967,0.646856598923706,0,FALSE,20000,2608279
"negative","even",1,100,"Variance",1.61596094933521,1.61596094933521,0.367879441171442,-0.12241019780442,0.0175052360853203,0.98249476391468,0.055,0.945,0.00161206389451535,4.01545771211593,1.04529500368049,0,TRUE,20000,2608279
"negative","even",1,100,"Bartlett",0.98249476391468,1.61596094933521,0.367879441171442,-0.12241019780442,0.0175052360853203,0.98249476391468,0.0127,0.9873,0.000791792586477039,2.44137469936865,0.635533221446199,0,FALSE,20000,2608279
"negative","even",1,100,"Combined",1.58767317141243,1.61596094933521,0.367879441171442,-0.12241019780442,0.0175052360853203,0.98249476391468,0.05335,0.94665,0.00158908428819871,3.94516617687472,1.02699686786226,0,TRUE,20000,2608279
"negative","even",1,200,"Raw",1,1.62400055604832,0.367879441171442,-0.12241019780442,0.00876027679061988,0.99123972320938,0.01405,0.98595,0.000832243879520901,2.3923937739083,0.622782616078132,0,FALSE,20000,2608280
"negative","even",1,200,"Variance",1.62400055604832,1.62400055604832,0.367879441171442,-0.12241019780442,0.00876027679061988,0.99123972320938,0.0512,0.9488,0.0015585018447214,3.88524881911361,1.01139931480811,0,TRUE,20000,2608280
"negative","even",1,200,"Bartlett",0.99123972320938,1.62400055604832,0.367879441171442,-0.12241019780442,0.00876027679061988,0.99123972320938,0.01335,0.98665,0.000811534888344303,2.37143574225671,0.617326867980901,0,FALSE,20000,2608280
"negative","even",1,200,"Combined",1.60977386166921,1.62400055604832,0.367879441171442,-0.12241019780442,0.00876027679061988,0.99123972320938,0.05025,0.94975,0.00154474815908613,3.85121296405775,1.00253917686455,0,TRUE,20000,2608280
"negative","even",2,5,"Raw",1,1.30212570002111,0.135335283236613,-0.130494341631056,0.336825517365798,0.663174482634202,0.1367,0.8633,0.00242912648909027,17.628751460245,4.5890772966973,0.04215,FALSE,20000,2608281
"negative","even",2,5,"Variance",1.30212570002111,1.30212570002111,0.135335283236613,-0.130494341631056,0.336825517365798,0.663174482634202,0.17235,0.82765,0.00267063173706148,22.9548503356698,5.97555548741298,0.04215,FALSE,20000,2608281
"negative","even",2,5,"Bartlett",0.663174482634202,1.30212570002111,0.135335283236613,-0.130494341631056,0.336825517365798,0.663174482634202,0.099,0.901,0.00211185937031801,11.6909381291349,3.0433589620056,0.04215,FALSE,20000,2608281
"negative","even",2,5,"Combined",0.8635365374362,1.30212570002111,0.135335283236613,-0.130494341631056,0.336825517365798,0.663174482634202,0.12195,0.87805,0.00231385174006461,15.2230709953033,3.96283591881707,0.04215,FALSE,20000,2608281
"negative","even",2,6,"Raw",1,1.3221535710902,0.135335283236613,-0.130494341631056,0.281657366211078,0.718342633788922,0.1096,0.8904,0.00220893458481685,8.29890544961127,2.16035257358602,0.01935,FALSE,20000,2608282
"negative","even",2,6,"Variance",1.3221535710902,1.3221535710902,0.135335283236613,-0.130494341631056,0.281657366211078,0.718342633788922,0.1428,0.8572,0.00247394583610879,10.9724274763435,2.85631786998066,0.01935,FALSE,20000,2608282
"negative","even",2,6,"Bartlett",0.718342633788922,1.3221535710902,0.135335283236613,-0.130494341631056,0.281657366211078,0.718342633788922,0.07935,0.92065,0.0019111982824919,5.961457598239,1.55187335762246,0.01935,FALSE,20000,2608282
"negative","even",2,6,"Combined",0.949759278530365,1.3221535710902,0.135335283236613,-0.130494341631056,0.281657366211078,0.718342633788922,0.10385,0.89615,0.00215714136648482,7.88196245241451,2.05181490166028,0.01935,FALSE,20000,2608282
"negative","even",2,8,"Raw",1,1.3480775226949,0.135335283236613,-0.130494341631056,0.212152067705614,0.787847932294386,0.0765,0.9235,0.0018794646844248,5.14153034580943,1.33843172237374,0.004,FALSE,20000,2608283
"negative","even",2,8,"Variance",1.3480775226949,1.3480775226949,0.135335283236613,-0.130494341631056,0.212152067705614,0.787847932294386,0.113,0.887,0.00223864914624869,6.93118149143941,1.80430972059385,0.004,FALSE,20000,2608283
"negative","even",2,8,"Bartlett",0.787847932294386,1.3480775226949,0.135335283236613,-0.130494341631056,0.212152067705614,0.787847932294386,0.05435,0.94565,0.00160306078331422,4.0507440517748,1.05448066498936,0.004,TRUE,20000,2608283
"negative","even",2,8,"Combined",1.06208008882771,1.3480775226949,0.135335283236613,-0.130494341631056,0.212152067705614,0.787847932294386,0.08205,0.91795,0.00194059008422696,5.46071700638766,1.42152168258853,0.004,FALSE,20000,2608283
"negative","even",2,10,"Raw",1,1.3641260557355,0.135335283236613,-0.130494341631056,0.170158005162095,0.829841994837905,0.05895,0.94105,0.00166545635637803,4.24027159426834,1.10381805251323,6e-04,TRUE,20000,2608284
"negative","even",2,10,"Variance",1.3641260557355,1.3641260557355,0.135335283236613,-0.130494341631056,0.170158005162095,0.829841994837905,0.0954,0.9046,0.00207724384702422,5.78426496513656,1.50574696622451,6e-04,FALSE,20000,2608284
"negative","even",2,10,"Bartlett",0.829841994837905,1.3641260557355,0.135335283236613,-0.130494341631056,0.170158005162095,0.829841994837905,0.0438,0.9562,0.00144709294794771,3.51875543844214,0.915994574635666,6e-04,TRUE,20000,2608284
"negative","even",2,10,"Combined",1.13200908730191,1.3641260557355,0.135335283236613,-0.130494341631056,0.170158005162095,0.829841994837905,0.0716,0.9284,0.00182309407327214,4.80002597733993,1.24953206617287,6e-04,FALSE,20000,2608284
"negative","even",2,15,"Raw",1,1.38612808875648,0.135335283236613,-0.130494341631056,0.113826537874137,0.886173462125863,0.04185,0.95815,0.00141595511051728,3.48566238405214,0.90737986446053,0,TRUE,20000,2608285
"negative","even",2,15,"Variance",1.38612808875648,1.38612808875648,0.135335283236613,-0.130494341631056,0.113826537874137,0.886173462125863,0.07465,0.92535,0.0018584587364265,4.83157453845656,1.25774471730079,0,FALSE,20000,2608285
"negative","even",2,15,"Bartlett",0.886173462125863,1.38612808875648,0.135335283236613,-0.130494341631056,0.113826537874137,0.886173462125863,0.0315,0.9685,0.00123506578772145,3.08890150267738,0.804095955952284,0,FALSE,20000,2608285
"negative","even",2,15,"Combined",1.22834992736324,1.38612808875648,0.135335283236613,-0.130494341631056,0.113826537874137,0.886173462125863,0.0605,0.9395,0.00168581953363935,4.28161313626322,1.11457999060096,0,FALSE,20000,2608285
"negative","even",2,20,"Raw",1,1.39739742281141,0.135335283236613,-0.130494341631056,0.0855153538187796,0.91448464618122,0.03325,0.96675,0.00126776254677286,3.22445805889124,0.839383736595307,0,FALSE,20000,2608286
"negative","even",2,20,"Variance",1.39739742281141,1.39739742281141,0.135335283236613,-0.130494341631056,0.0855153538187796,0.91448464618122,0.0664,0.9336,0.00176055445811824,4.50584938145809,1.17295267026809,0,FALSE,20000,2608286
"negative","even",2,20,"Bartlett",0.91448464618122,1.39739742281141,0.135335283236613,-0.130494341631056,0.0855153538187796,0.91448464618122,0.02685,0.97315,0.00114300213254394,2.94871738711134,0.76760353937063,0,FALSE,20000,2608286
"negative","even",2,20,"Combined",1.27789848777424,1.39739742281141,0.135335283236613,-0.130494341631056,0.0855153538187796,0.91448464618122,0.05585,0.94415,0.00162374224401535,4.12053007734857,1.07264720765743,0,TRUE,20000,2608286
"negative","even",2,30,"Raw",1,1.40885150004757,0.135335283236613,-0.130494341631056,0.0571072028213044,0.942892797178696,0.02735,0.97265,0.00115329912641951,2.99080396779447,0.778559424269463,0,FALSE,20000,2608287
"negative","even",2,30,"Variance",1.40885150004757,1.40885150004757,0.135335283236613,-0.130494341631056,0.0571072028213044,0.942892797178696,0.06015,0.93985,0.0016812492007433,4.21359865637545,1.0968746127582,0,FALSE,20000,2608287
"negative","even",2,30,"Bartlett",0.942892797178696,1.40885150004757,0.135335283236613,-0.130494341631056,0.0571072028213044,0.942892797178696,0.023,0.977,0.00105997641483195,2.82000751900687,0.734098073319269,0,FALSE,20000,2608287
"negative","even",2,30,"Combined",1.32839593168925,1.40885150004757,0.135335283236613,-0.130494341631056,0.0571072028213044,0.942892797178696,0.05385,0.94615,0.0015960917501823,3.97297182329824,1.03423517177788,0,TRUE,20000,2608287
"negative","even",2,50,"Raw",1,1.41815084988286,0.135335283236613,-0.130494341631056,0.0343108658249993,0.965689134175001,0.024,0.976,0.00108221994067749,2.87937640579175,0.749552849631085,0,FALSE,20000,2608288
"negative","even",2,50,"Variance",1.41815084988286,1.41815084988286,0.135335283236613,-0.130494341631056,0.0343108658249993,0.965689134175001,0.0571,0.9429,0.00164072529693426,4.08339009700624,1.06297901073645,0,TRUE,20000,2608288
"negative","even",2,50,"Bartlett",0.965689134175001,1.41815084988286,0.135335283236613,-0.130494341631056,0.0343108658249993,0.965689134175001,0.02115,0.97885,0.00101741529131422,2.78058250827296,0.723835042378647,0,FALSE,20000,2608288
"negative","even",2,50,"Combined",1.36949286635293,1.41815084988286,0.135335283236613,-0.130494341631056,0.0343108658249993,0.965689134175001,0.0527,0.9473,0.00157991629525111,3.94328544727672,1.02650728052428,0,TRUE,20000,2608288
"negative","even",2,100,"Raw",1,1.42520632674795,0.135335283236613,-0.130494341631056,0.0171728869620809,0.982827113037919,0.02025,0.97975,0.000995990399050111,2.76201062413885,0.71900045088594,0,FALSE,20000,2608289
"negative","even",2,100,"Variance",1.42520632674795,1.42520632674795,0.135335283236613,-0.130494341631056,0.0171728869620809,0.982827113037919,0.0528,0.9472,0.00158133108487755,3.93643501606775,1.02472399153727,0,TRUE,20000,2608289
"negative","even",2,100,"Bartlett",0.982827113037919,1.42520632674795,0.135335283236613,-0.130494341631056,0.0171728869620809,0.982827113037919,0.01945,0.98055,0.000976516704926239,2.71457892790244,0.706653137417191,0,FALSE,20000,2608289
"negative","even",2,100,"Combined",1.40073141960107,1.42520632674795,0.135335283236613,-0.130494341631056,0.0171728869620809,0.982827113037919,0.05075,0.94925,0.00155200575868777,3.86883506250324,1.00712652226327,0,TRUE,20000,2608289
"negative","even",2,200,"Raw",1,1.4287604572386,0.135335283236613,-0.130494341631056,0.00859080699343574,0.991409193006564,0.01945,0.98055,0.000976516704926239,2.67002893847447,0.695055983443295,0,FALSE,20000,2608290
"negative","even",2,200,"Variance",1.4287604572386,1.4287604572386,0.135335283236613,-0.130494341631056,0.00859080699343574,0.991409193006564,0.0489,0.9511,0.00152493917911502,3.81483176697507,0.993068504710864,0,TRUE,20000,2608290
"negative","even",2,200,"Bartlett",0.991409193006564,1.4287604572386,0.135335283236613,-0.130494341631056,0.00859080699343574,0.991409193006564,0.0186,0.9814,0.000955354384508702,2.64709123519715,0.689084891639901,0,FALSE,20000,2608290
"negative","even",2,200,"Combined",1.41648625191061,1.4287604572386,0.135335283236613,-0.130494341631056,0.00859080699343574,0.991409193006564,0.0482,0.9518,0.00151454217504829,3.78205928355256,0.984537244855634,0,TRUE,20000,2608290
"negative","even",3,5,"Raw",1,1.2344415647362,0.0497870683678639,-0.114285562711157,0.329440662089392,0.670559337910608,0.1472,0.8528,0.00250531594813908,18.8253892676821,4.90058338417397,0.0436,FALSE,20000,2608291
"negative","even",3,5,"Variance",1.2344415647362,1.2344415647362,0.0497870683678639,-0.114285562711157,0.329440662089392,0.670559337910608,0.17365,0.82635,0.00267857870427583,23.2388429843656,6.04948382087994,0.0436,FALSE,20000,2608291
"negative","even",3,5,"Bartlett",0.670559337910608,1.2344415647362,0.0497870683678639,-0.114285562711157,0.329440662089392,0.670559337910608,0.1071,0.8929,0.00218665943850431,12.6235405632464,3.28613194946742,0.0436,FALSE,20000,2608291
"negative","even",3,5,"Combined",0.827766318338842,1.2344415647362,0.0497870683678639,-0.114285562711157,0.329440662089392,0.670559337910608,0.1255,0.8745,0.00234253868698043,15.5830231654048,4.05653786563019,0.0436,FALSE,20000,2608291
"negative","even",3,6,"Raw",1,1.24743566362059,0.0497870683678639,-0.114285562711157,0.275237080810776,0.724762919189224,0.1154,0.8846,0.00225923482621882,8.38550112117298,2.18289496583951,0.02055,FALSE,20000,2608292
"negative","even",3,6,"Variance",1.24743566362059,1.24743566362059,0.0497870683678639,-0.114285562711157,0.275237080810776,0.724762919189224,0.1454,0.8546,0.00249257738094527,10.4603731558816,2.72302103032605,0.02055,FALSE,20000,2608292
"negative","even",3,6,"Bartlett",0.724762919189224,1.24743566362059,0.0497870683678639,-0.114285562711157,0.275237080810776,0.724762919189224,0.08175,0.91825,0.00193735563978326,6.07750027144584,1.5820813277253,0.02055,FALSE,20000,2608292
"negative","even",3,6,"Combined",0.904095113066407,1.24743566362059,0.0497870683678639,-0.114285562711157,0.275237080810776,0.724762919189224,0.10465,0.89535,0.00216446734209597,7.58129058426536,1.97354467095276,0.02055,FALSE,20000,2608292
"negative","even",3,8,"Raw",1,1.26406813812419,0.0497870683678639,-0.114285562711157,0.20708705773055,0.79291294226945,0.0838,0.9162,0.00195930548919764,5.52586126253289,1.43847989018256,0.0045,FALSE,20000,2608293
"negative","even",3,8,"Variance",1.26406813812419,1.26406813812419,0.0497870683678639,-0.114285562711157,0.20708705773055,0.79291294226945,0.11225,0.88775,0.00223215072855755,6.98506515766255,1.81833659651216,0.0045,FALSE,20000,2608293
"negative","even",3,8,"Bartlett",0.79291294226945,1.26406813812419,0.0497870683678639,-0.114285562711157,0.20708705773055,0.79291294226945,0.0606,0.9394,0.00168712240219849,4.38152691224773,1.14058932212008,0.0045,FALSE,20000,2608293
"negative","even",3,8,"Combined",1.00229598662912,1.26406813812419,0.0497870683678639,-0.114285562711157,0.20708705773055,0.79291294226945,0.08435,0.91565,0.00196513456918349,5.53854856610603,1.44178262077667,0.0045,FALSE,20000,2608293
"negative","even",3,10,"Raw",1,1.27426223601037,0.0497870683678639,-0.114285562711157,0.165986084822407,0.834013915177593,0.06635,0.93365,0.00175993859978125,4.53990376774408,1.18181763222019,0.00075,FALSE,20000,2608294
"negative","even",3,10,"Variance",1.27426223601037,1.27426223601037,0.0497870683678639,-0.114285562711157,0.165986084822407,0.834013915177593,0.09495,0.90505,0.00207285428214334,5.78502792635748,1.50594557858938,0.00075,FALSE,20000,2608294
"negative","even",3,10,"Bartlett",0.834013915177593,1.27426223601037,0.0497870683678639,-0.114285562711157,0.165986084822407,0.834013915177593,0.04885,0.95115,0.00152419942100763,3.78634291586575,0.985652350473871,0.00075,TRUE,20000,2608294
"negative","even",3,10,"Combined",1.06275243641796,1.27426223601037,0.0497870683678639,-0.114285562711157,0.165986084822407,0.834013915177593,0.07255,0.92745,0.00183420960497976,4.82479379027311,1.25597956804371,0.00075,FALSE,20000,2608294
"negative","even",3,15,"Raw",1,1.28811291248874,0.0497870683678639,-0.114285562711157,0.110938668670962,0.889061331329039,0.0458,0.9542,0.00147821446346597,3.67247644371524,0.956010884180622,5e-05,TRUE,20000,2608295
"negative","even",3,15,"Variance",1.28811291248874,1.28811291248874,0.0497870683678639,-0.114285562711157,0.110938668670962,0.889061331329039,0.07425,0.92575,0.00185387347869265,4.73056432796032,1.23144996439284,5e-05,FALSE,20000,2608295
"negative","even",3,15,"Bartlett",0.889061331329039,1.28811291248874,0.0497870683678639,-0.114285562711157,0.110938668670962,0.889061331329039,0.037,0.963,0.00133474716706948,3.265056796324,0.849952309454675,5e-05,FALSE,20000,2608295
"negative","even",3,15,"Combined",1.14521138087936,1.28811291248874,0.0497870683678639,-0.114285562711157,0.110938668670962,0.889061331329039,0.0606,0.9394,0.00168712240219849,4.20576181935406,1.09483454480819,5e-05,FALSE,20000,2608295
"negative","even",3,20,"Raw",1,1.295151780863,0.0497870683678639,-0.114285562711157,0.0833094810492299,0.91669051895077,0.04035,0.95965,0.00139143590402145,3.45052148128855,0.898232062960152,0,TRUE,20000,2608296
"negative","even",3,20,"Variance",1.295151780863,1.295151780863,0.0497870683678639,-0.114285562711157,0.0833094810492299,0.91669051895077,0.06795,0.93205,0.00177950551418084,4.46894904139689,1.16334685597108,0,FALSE,20000,2608296
"negative","even",3,20,"Bartlett",0.91669051895077,1.295151780863,0.0497870683678639,-0.114285562711157,0.0833094810492299,0.91669051895077,0.0329,0.9671,0.00126130071751347,3.16306032733318,0.823400815933162,0,FALSE,20000,2608296
"negative","even",3,20,"Combined",1.18725335811931,1.295151780863,0.0497870683678639,-0.114285562711157,0.0833094810492299,0.91669051895077,0.0567,0.9433,0.00163531510724998,4.09664321592266,1.06642903311988,0,TRUE,20000,2608296
"negative","even",3,30,"Raw",1,1.30226799943917,0.0497870683678639,-0.114285562711157,0.0556099737301592,0.944390026269841,0.03075,0.96925,0.00122074644173145,3.17030579194902,0.825286939136359,0,FALSE,20000,2608297
"negative","even",3,30,"Variance",1.30226799943917,1.30226799943917,0.0497870683678639,-0.114285562711157,0.0556099737301592,0.944390026269841,0.0587,0.9413,0.00166214184111946,4.12858778129185,1.07474477119238,0,TRUE,20000,2608297
"negative","even",3,30,"Bartlett",0.944390026269841,1.30226799943917,0.0497870683678639,-0.114285562711157,0.0556099737301592,0.944390026269841,0.0258,0.9742,0.00112103434380932,2.99400517014216,0.779392754131142,0,FALSE,20000,2608297
"negative","even",3,30,"Combined",1.22984891020073,1.30226799943917,0.0497870683678639,-0.114285562711157,0.0556099737301592,0.944390026269841,0.0515,0.9485,0.00156281396845562,3.89899712323155,1.01497824269974,0,TRUE,20000,2608297
"negative","even",3,50,"Raw",1,1.30801752703051,0.0497870683678639,-0.114285562711157,0.0333997376928183,0.966600262307182,0.03025,0.96975,0.00121109325611201,3.09614529524597,0.805981643891868,0,FALSE,20000,2608298
"negative","even",3,50,"Variance",1.30801752703051,1.30801752703051,0.0497870683678639,-0.114285562711157,0.0333997376928183,0.966600262307182,0.0557,0.9443,0.00162168908857401,4.04981231241477,1.05423811667543,0,TRUE,20000,2608298
"negative","even",3,50,"Bartlett",0.966600262307182,1.30801752703051,0.0497870683678639,-0.114285562711157,0.0333997376928183,0.966600262307182,0.02755,0.97245,0.00115738924956127,2.9927348545259,0.779062068400653,0,FALSE,20000,2608298
"negative","even",3,50,"Combined",1.26433008473008,1.30801752703051,0.0497870683678639,-0.114285562711157,0.0333997376928183,0.966600262307182,0.0524,0.9476,0.00157566240038912,3.91454964347497,1.0190268401127,0,TRUE,20000,2608298
"negative","even",3,100,"Raw",1,1.31236310021001,0.0497870683678639,-0.114285562711157,0.0167125263919302,0.98328747360807,0.0261,0.9739,0.00112735952561727,2.98131241109759,0.77608860338086,0,FALSE,20000,2608299
"negative","even",3,100,"Variance",1.31236310021001,1.31236310021001,0.0497870683678639,-0.114285562711157,0.0167125263919302,0.98328747360807,0.05165,0.94835,0.00156496449640239,3.91256439852262,1.01851004557056,0,TRUE,20000,2608299
"negative","even",3,100,"Bartlett",0.98328747360807,1.31236310021001,0.0497870683678639,-0.114285562711157,0.0167125263919302,0.98328747360807,0.02495,0.97505,0.00110289386388718,2.93148714874453,0.763118202114381,0,FALSE,20000,2608299
"negative","even",3,100,"Combined",1.29043019726196,1.31236310021001,0.0497870683678639,-0.114285562711157,0.0167125263919302,0.98328747360807,0.0501,0.9499,0.00154256264054333,3.84717556275218,1.00148816955352,0,TRUE,20000,2608299
"negative","even",3,200,"Raw",1,1.31454673265628,0.0497870683678639,-0.114285562711157,0.00835942758234537,0.991640572417655,0.0267,0.9733,0.00113989275811367,2.95971630080119,0.770466752072692,0,FALSE,20000,2608300
"negative","even",3,200,"Variance",1.31454673265628,1.31454673265628,0.0497870683678639,-0.114285562711157,0.00835942758234537,0.991640572417655,0.05145,0.94855,0.00156209630785045,3.89068539280776,1.01281455155746,0,TRUE,20000,2608300
"negative","even",3,200,"Bartlett",0.991640572417655,1.31454673265628,0.0497870683678639,-0.114285562711157,0.00835942758234537,0.991640572417655,0.0262,0.9738,0.00112945916260837,2.93497476672036,0.764026091054135,0,FALSE,20000,2608300
"negative","even",3,200,"Combined",1.30355787444104,1.31454673265628,0.0497870683678639,-0.114285562711157,0.00835942758234537,0.991640572417655,0.0505,0.9495,0.00154838222025442,3.85816149002089,1.00434800165937,0,TRUE,20000,2608300
"negative","even",4,5,"Raw",1,1.18611532419053,0.0183156388887342,-0.096724733543281,0.323175705239638,0.676824294760362,0.1511,0.8489,0.00253247694954959,31.8439717676494,8.28955177030776,0.0489,FALSE,20000,2608301
"negative","even",4,5,"Variance",1.18611532419053,1.18611532419053,0.0183156388887342,-0.096724733543281,0.323175705239638,0.676824294760362,0.1727,0.8273,0.00267277673964737,37.7706228966995,9.83236438543276,0.0489,FALSE,20000,2608301
"negative","even",4,5,"Bartlett",0.676824294760362,1.18611532419053,0.0183156388887342,-0.096724733543281,0.323175705239638,0.676824294760362,0.11025,0.88975,0.00221466631233692,21.5527737340081,5.61057003081806,0.0489,FALSE,20000,2608301
"negative","even",4,5,"Combined",0.802791667799712,1.18611532419053,0.0183156388887342,-0.096724733543281,0.323175705239638,0.676824294760362,0.1272,0.8728,0.00235605772425041,25.5640752047182,6.65478309099743,0.0489,FALSE,20000,2608301
"negative","even",4,6,"Raw",1,1.19560424666851,0.0183156388887342,-0.096724733543281,0.269870685801584,0.730129314198416,0.1227,0.8773,0.00231996454714291,9.83253762807681,2.55958428477964,0.0228,FALSE,20000,2608302
"negative","even",4,6,"Variance",1.19560424666851,1.19560424666851,0.0183156388887342,-0.096724733543281,0.269870685801584,0.730129314198416,0.14675,0.85325,0.00250214345611917,11.7558237436565,3.06024984058852,0.0228,FALSE,20000,2608302
"negative","even",4,6,"Bartlett",0.730129314198416,1.19560424666851,0.0183156388887342,-0.096724733543281,0.269870685801584,0.730129314198416,0.08975,0.91025,0.00202107567275449,7.17902395521783,1.8688275184792,0.0228,FALSE,20000,2608302
"negative","even",4,6,"Combined",0.872945708672792,1.19560424666851,0.0183156388887342,-0.096724733543281,0.269870685801584,0.730129314198416,0.1073,0.8927,0.00218845504865876,8.5832715277934,2.2343781173847,0.0228,FALSE,20000,2608302
"negative","even",4,8,"Raw",1,1.2076810572391,0.0183156388887342,-0.096724733543281,0.202925762577993,0.797074237422007,0.08855,0.91145,0.00200884167494604,5.90609624549078,1.53746181364078,0.0045,FALSE,20000,2608303
"negative","even",4,8,"Variance",1.2076810572391,1.2076810572391,0.0183156388887342,-0.096724733543281,0.202925762577993,0.797074237422007,0.1129,0.8871,0.00223778450705156,7.13268055791015,1.85676350856244,0.0045,FALSE,20000,2608303
"negative","even",4,8,"Bartlett",0.797074237422007,1.2076810572391,0.0183156388887342,-0.096724733543281,0.202925762577993,0.797074237422007,0.0648,0.9352,0.00174070330613807,4.70759716101554,1.22547120267318,0.0045,FALSE,20000,2608303
"negative","even",4,8,"Combined",0.962611457747855,1.2076810572391,0.0183156388887342,-0.096724733543281,0.202925762577993,0.797074237422007,0.08475,0.91525,0.00196935823937647,5.68527591647101,1.47997835766042,0.0045,FALSE,20000,2608303
"negative","even",4,10,"Raw",1,1.2150449661247,0.0183156388887342,-0.096724733543281,0.162591529211299,0.837408470788701,0.07225,0.92775,0.00183070939119239,4.8137807667262,1.2531126822951,8e-04,FALSE,20000,2608304
"negative","even",4,10,"Variance",1.2150449661247,1.2150449661247,0.0183156388887342,-0.096724733543281,0.162591529211299,0.837408470788701,0.098,0.902,0.00210233203847537,5.84896008863856,1.52258825660969,8e-04,FALSE,20000,2608304
"negative","even",4,10,"Bartlett",0.837408470788701,1.2150449661247,0.0183156388887342,-0.096724733543281,0.162591529211299,0.837408470788701,0.0545,0.9455,0.00160514407453038,4.03110079057625,1.04936717500667,8e-04,TRUE,20000,2608304
"negative","even",4,10,"Combined",1.01748894702199,1.2150449661247,0.0183156388887342,-0.096724733543281,0.162591529211299,0.837408470788701,0.074,0.926,0.00185099972987572,4.89796872353096,1.27502830360835,8e-04,FALSE,20000,2608304
"negative","even",4,15,"Raw",1,1.22500435109293,0.0183156388887342,-0.096724733543281,0.108617392051003,0.891382607948997,0.0523,0.9477,0.00157424124580701,3.93000121404097,1.02304915853057,0,TRUE,20000,2608305
"negative","even",4,15,"Variance",1.22500435109293,1.22500435109293,0.0183156388887342,-0.096724733543281,0.108617392051003,0.891382607948997,0.0737,0.9263,0.00184754309827944,4.81426858700071,1.25323967058192,0,FALSE,20000,2608305
"negative","even",4,15,"Bartlett",0.891382607948997,1.22500435109293,0.0183156388887342,-0.096724733543281,0.108617392051003,0.891382607948997,0.04095,0.95905,0.00140130470455215,3.50313473141457,0.911928226991009,0,TRUE,20000,2608305
"negative","even",4,15,"Combined",1.09194757322609,1.22500435109293,0.0183156388887342,-0.096724733543281,0.108617392051003,0.891382607948997,0.06145,0.93855,0.00169814453890121,4.29135528844762,1.11711604594845,0,FALSE,20000,2608305
"negative","even",4,20,"Raw",1,1.23004552126204,0.0183156388887342,-0.096724733543281,0.0815466837545538,0.918453316245446,0.04485,0.95515,0.00146353130304753,3.64881532995056,0.949851475771188,0,TRUE,20000,2608306
"negative","even",4,20,"Variance",1.23004552126204,1.23004552126204,0.0183156388887342,-0.096724733543281,0.0815466837545538,0.918453316245446,0.0674,0.9326,0.00177281189075435,4.48820895451797,1.16836055363649,0,FALSE,20000,2608306
"negative","even",4,20,"Bartlett",0.918453316245446,1.23004552126204,0.0183156388887342,-0.096724733543281,0.0815466837545538,0.918453316245446,0.037,0.963,0.00133474716706948,3.35126654016032,0.872394237862679,0,FALSE,20000,2608306
"negative","even",4,20,"Combined",1.12973938813598,1.23004552126204,0.0183156388887342,-0.096724733543281,0.0815466837545538,0.918453316245446,0.057,0.943,0.0016393748808616,4.12221039827953,1.0730846250578,0,TRUE,20000,2608306
"negative","even",4,30,"Raw",1,1.23512835399453,0.0183156388887342,-0.096724733543281,0.0544202156472368,0.945579784352763,0.03785,0.96215,0.00134939574439821,3.42089380524038,0.890519452352804,0,FALSE,20000,2608307
"negative","even",4,30,"Variance",1.23512835399453,1.23512835399453,0.0183156388887342,-0.096724733543281,0.0544202156472368,0.945579784352763,0.0615,0.9385,0.00169879001056634,4.22524293485663,1.09990582538463,0,FALSE,20000,2608307
"negative","even",4,30,"Bartlett",0.945579784352763,1.23512835399453,0.0183156388887342,-0.096724733543281,0.0544202156472368,0.945579784352763,0.03295,0.96705,0.00126222615842011,3.2347280266529,0.842057191717706,0,FALSE,20000,2608307
"negative","even",4,30,"Combined",1.16791240261813,1.23512835399453,0.0183156388887342,-0.096724733543281,0.0544202156472368,0.945579784352763,0.05495,0.94505,0.00161137359882803,3.99530430317977,1.04004871317555,0,TRUE,20000,2608307
"negative","even",4,50,"Raw",1,1.23922496545056,0.0183156388887342,-0.096724733543281,0.0326788940975586,0.967321105902441,0.032,0.968,0.00124450793488832,3.1806426921184,0.827977817953983,0,FALSE,20000,2608308
"negative","even",4,50,"Variance",1.23922496545056,1.23922496545056,0.0183156388887342,-0.096724733543281,0.0326788940975586,0.967321105902441,0.05265,0.94735,0.00157920830639913,3.94153183025102,1.02605078284786,0,TRUE,20000,2608308
"negative","even",4,50,"Bartlett",0.967321105902441,1.23922496545056,0.0183156388887342,-0.096724733543281,0.0326788940975586,0.967321105902441,0.0294,0.9706,0.00119447980309422,3.07670280642049,0.800920418525938,0,FALSE,20000,2608308
"negative","even",4,50,"Combined",1.19872846404155,1.23922496545056,0.0183156388887342,-0.096724733543281,0.0326788940975586,0.967321105902441,0.0493,0.9507,0.00153084143528976,3.81272692898809,0.992520577976456,0,TRUE,20000,2608308
"negative","even",4,100,"Raw",1,1.24231530202276,0.0183156388887342,-0.096724733543281,0.0163494838147355,0.983650516185265,0.03015,0.96985,0.00120915213062708,3.13415808331303,0.815877048174816,0,FALSE,20000,2608309
"negative","even",4,100,"Variance",1.24231530202276,1.24231530202276,0.0183156388887342,-0.096724733543281,0.0163494838147355,0.983650516185265,0.05185,0.94815,0.00156782616223866,3.8936125458581,1.01357654151673,0,TRUE,20000,2608309
"negative","even",4,100,"Bartlett",0.983650516185265,1.24231530202276,0.0183156388887342,-0.096724733543281,0.0163494838147355,0.983650516185265,0.02895,0.97105,0.00118557786543103,3.08291621645708,0.802537879580868,0,FALSE,20000,2608309
"negative","even",4,100,"Combined",1.22200408809954,1.24231530202276,0.0183156388887342,-0.096724733543281,0.0163494838147355,0.983650516185265,0.0497,0.9503,0.00153671581627834,3.82995399055875,0.997005088256211,0,TRUE,20000,2608309
"negative","even",4,200,"Raw",1,1.243866257456,0.0183156388887342,-0.096724733543281,0.00817725109885677,0.991822748901143,0.02985,0.97015,0.0012033074731755,3.12404952774467,0.813245611514893,0,FALSE,20000,2608310
"negative","even",4,200,"Variance",1.243866257456,1.243866257456,0.0183156388887342,-0.096724733543281,0.00817725109885677,0.991822748901143,0.05175,0.94825,0.00156639614242375,3.88589979418294,1.01156877518754,0,TRUE,20000,2608310
"negative","even",4,200,"Bartlett",0.991822748901143,1.243866257456,0.0183156388887342,-0.096724733543281,0.00817725109885677,0.991822748901143,0.02905,0.97095,0.00118756257729856,3.09850339031104,0.806595497944493,0,FALSE,20000,2608310
"negative","even",4,200,"Combined",1.23369485073538,1.243866257456,0.0183156388887342,-0.096724733543281,0.00817725109885677,0.991822748901143,0.05055,0.94945,0.00154910776739386,3.85412381582091,1.00329692330907,0,TRUE,20000,2608310
"negative","even",6,5,"Raw",1,1.12863245932635,0.00247875217666636,-0.0711000799153374,0.315441373606603,0.684558626393397,0.1664,0.8336,0.00263354362029567,Inf,Inf,0.05215,FALSE,20000,2608311
"negative","even",6,5,"Variance",1.12863245932635,1.12863245932635,0.00247875217666636,-0.0711000799153374,0.315441373606603,0.684558626393397,0.18205,0.81795,0.00272862417254557,Inf,Inf,0.05215,FALSE,20000,2608311
"negative","even",6,5,"Bartlett",0.684558626393397,1.12863245932635,0.00247875217666636,-0.0711000799153374,0.315441373606603,0.684558626393397,0.123,0.877,0.00232240177402619,Inf,Inf,0.05215,FALSE,20000,2608311
"negative","even",6,5,"Combined",0.772615086059446,1.12863245932635,0.00247875217666636,-0.0711000799153374,0.315441373606603,0.684558626393397,0.1349,0.8651,0.00241559506126337,Inf,Inf,0.05215,FALSE,20000,2608311
"negative","even",6,6,"Raw",1,1.1347331753227,0.00247875217666636,-0.0711000799153374,0.263264777304269,0.736735222695732,0.13,0.87,0.00237802439011882,10.4605817715758,2.72307533669869,0.0247,FALSE,20000,2608312
"negative","even",6,6,"Variance",1.1347331753227,1.1347331753227,0.00247875217666636,-0.0711000799153374,0.263264777304269,0.736735222695732,0.14815,0.85185,0.00251198703718789,11.869969169383,3.08996392345505,0.0247,FALSE,20000,2608312
"negative","even",6,6,"Bartlett",0.736735222695732,1.1347331753227,0.00247875217666636,-0.0711000799153374,0.263264777304269,0.736735222695732,0.09545,0.90455,0.0020777307031952,7.70667904100882,2.00618551459997,0.0247,FALSE,20000,2608312
"negative","even",6,6,"Combined",0.835997898621606,1.1347331753227,0.00247875217666636,-0.0711000799153374,0.263264777304269,0.736735222695732,0.1095,0.8905,0.002208050610833,8.74502437939686,2.27648525926843,0.0247,FALSE,20000,2608312
"negative","even",6,8,"Raw",1,1.14245244862422,0.00247875217666636,-0.0711000799153374,0.197820738570794,0.802179261429205,0.099,0.901,0.00211185937031801,6.32054912806128,1.64535126447593,0.005,FALSE,20000,2608313
"negative","even",6,8,"Variance",1.14245244862422,1.14245244862422,0.00247875217666636,-0.0711000799153374,0.197820738570794,0.802179261429205,0.1143,0.8857,0.00224983899423937,7.22092682800328,1.87973558094748,0.005,FALSE,20000,2608313
"negative","even",6,8,"Bartlett",0.802179261429205,1.14245244862422,0.00247875217666636,-0.0711000799153374,0.197820738570794,0.802179261429205,0.07385,0.92615,0.00184927252588687,5.07021343137521,1.31986666212891,0.005,FALSE,20000,2608313
"negative","even",6,8,"Combined",0.916451661455362,1.14245244862422,0.00247875217666636,-0.0711000799153374,0.197820738570794,0.802179261429205,0.08865,0.91135,0.00200986538728344,5.792477749722,1.50788490000664,0.005,FALSE,20000,2608313
"negative","even",6,10,"Raw",1,1.14713463079071,0.00247875217666636,-0.0711000799153374,0.15843522554108,0.84156477445892,0.08235,0.91765,0.0019438168316485,5.24268869322986,1.3647650379557,0.0015,FALSE,20000,2608314
"negative","even",6,10,"Variance",1.14713463079071,1.14713463079071,0.00247875217666636,-0.0711000799153374,0.15843522554108,0.84156477445892,0.1008,0.8992,0.00212884193870752,6.01406975845886,1.56556923793138,0.0015,FALSE,20000,2608314
"negative","even",6,10,"Bartlett",0.84156477445892,1.14713463079071,0.00247875217666636,-0.0711000799153374,0.15843522554108,0.84156477445892,0.0635,0.9365,0.00172435132731123,4.41206212767631,1.1485381813566,0.0015,FALSE,20000,2608314
"negative","even",6,10,"Combined",0.9653880968354,1.14713463079071,0.00247875217666636,-0.0711000799153374,0.15843522554108,0.84156477445892,0.07785,0.92215,0.00189458936843845,5.06122925985764,1.31752792261954,0.0015,FALSE,20000,2608314
"negative","even",6,15,"Raw",1,1.15343756832253,0.00247875217666636,-0.0711000799153374,0.105782270080227,0.894217729919773,0.0578,0.9422,0.00165013878204229,4.16375725555584,1.08390001036207,0,TRUE,20000,2608315
"negative","even",6,15,"Variance",1.15343756832253,1.15343756832253,0.00247875217666636,-0.0711000799153374,0.105782270080227,0.894217729919773,0.0745,0.9255,0.00185674109665295,4.8026340439336,1.25021099225679,0,FALSE,20000,2608315
"negative","even",6,15,"Bartlett",0.894217729919773,1.15343756832253,0.00247875217666636,-0.0711000799153374,0.105782270080227,0.894217729919773,0.0474,0.9526,0.00150255182938892,3.72330556100013,0.969242606725992,0,TRUE,20000,2608315
"negative","even",6,15,"Combined",1.03142432394955,1.15343756832253,0.00247875217666636,-0.0711000799153374,0.105782270080227,0.894217729919773,0.06165,0.93835,0.00170072451472894,4.29460051240173,1.11796083541662,0,FALSE,20000,2608315
"negative","even",6,20,"Raw",1,1.15661508228485,0.00247875217666636,-0.0711000799153374,0.0793962474549848,0.920603752545015,0.05015,0.94985,0.0015432915716092,3.84728096100244,1.00151560659116,0,TRUE,20000,2608316
"negative","even",6,20,"Variance",1.15661508228485,1.15661508228485,0.00247875217666636,-0.0711000799153374,0.0793962474549848,0.920603752545015,0.06605,0.93395,0.00175623741988377,4.44982318528277,1.158368055727,0,FALSE,20000,2608316
"negative","even",6,20,"Bartlett",0.920603752545015,1.15661508228485,0.00247875217666636,-0.0711000799153374,0.0793962474549848,0.920603752545015,0.04135,0.95865,0.00140783836962913,3.54182128979384,0.921999025660221,0,TRUE,20000,2608316
"negative","even",6,20,"Combined",1.06478418500159,1.15661508228485,0.00247875217666636,-0.0711000799153374,0.0793962474549848,0.920603752545015,0.05725,0.94275,0.00164274826890793,4.09652392253313,1.06639797893055,0,TRUE,20000,2608316
"negative","even",6,30,"Raw",1,1.15981015157293,0.00247875217666636,-0.0711000799153374,0.0529705282331998,0.9470294717668,0.04175,0.95825,0.00141433619588838,3.53017303728229,0.918966778523065,0,TRUE,20000,2608317
"negative","even",6,30,"Variance",1.15981015157293,1.15981015157293,0.00247875217666636,-0.0711000799153374,0.0529705282331998,0.9470294717668,0.0574,0.9426,0.0016447680687562,4.09433052544904,1.06582699868932,0,TRUE,20000,2608317
"negative","even",6,30,"Bartlett",0.9470294717668,1.15981015157293,0.00247875217666636,-0.0711000799153374,0.0529705282331998,0.9470294717668,0.03615,0.96385,0.00131990866161261,3.34317790674285,0.870288622835936,0,FALSE,20000,2608317
"negative","even",6,30,"Combined",1.09837439519388,1.15981015157293,0.00247875217666636,-0.0711000799153374,0.0529705282331998,0.9470294717668,0.05105,0.94895,0.00155634021826849,3.87745167475469,1.00936957956354,0,TRUE,20000,2608317
"negative","even",6,50,"Raw",1,1.16237894482115,0.00247875217666636,-0.0711000799153374,0.0318013713062607,0.968198628693739,0.03885,0.96115,0.00136639448000934,3.45328601794732,0.898951720982743,0,FALSE,20000,2608318
"negative","even",6,50,"Variance",1.16237894482115,1.16237894482115,0.00247875217666636,-0.0711000799153374,0.0318013713062607,0.968198628693739,0.0552,0.9448,0.0016148213523483,4.01402695770724,1.04492255288108,0,TRUE,20000,2608318
"negative","even",6,50,"Bartlett",0.968198628693739,1.16237894482115,0.00247875217666636,-0.0711000799153374,0.0318013713062607,0.968198628693739,0.0367,0.9633,0.00132953206053859,3.34346678706386,0.870363823517369,0,FALSE,20000,2608318
"negative","even",6,50,"Combined",1.12541370039831,1.16237894482115,0.00247875217666636,-0.0711000799153374,0.0318013713062607,0.968198628693739,0.0515,0.9485,0.00156281396845562,3.88637539599186,1.01169258279062,0,TRUE,20000,2608318
"negative","even",6,100,"Raw",1,1.16431301960455,0.00247875217666636,-0.0711000799153374,0.0159078310405081,0.984092168959492,0.0368,0.9632,0.00133127307491739,3.35535974971284,0.873459773052195,0,FALSE,20000,2608319
"negative","even",6,100,"Variance",1.16431301960455,1.16431301960455,0.00247875217666636,-0.0711000799153374,0.0159078310405081,0.984092168959492,0.05255,0.94745,0.00157779113795204,3.90668904204772,1.0169805858655,0,TRUE,20000,2608319
"negative","even",6,100,"Bartlett",0.984092168959492,1.16431301960455,0.00247875217666636,-0.0711000799153374,0.0159078310405081,0.984092168959492,0.03535,0.96465,0.0013057637133111,3.30198325373429,0.8595649225618,0,FALSE,20000,2608319
"negative","even",6,100,"Combined",1.14579132481042,1.16431301960455,0.00247875217666636,-0.0711000799153374,0.0159078310405081,0.984092168959492,0.05005,0.94995,0.00154183328378914,3.84454209283902,1.00080263053408,0,TRUE,20000,2608319
"negative","even",6,200,"Raw",1,1.16528247257674,0.00247875217666636,-0.0711000799153374,0.00795570186709851,0.992044298132902,0.0372,0.9628,0.00133821074573477,3.4087725522963,0.887364074797073,0,FALSE,20000,2608320
"negative","even",6,200,"Variance",1.16528247257674,1.16528247257674,0.00247875217666636,-0.0711000799153374,0.00795570186709851,0.992044298132902,0.0534,0.9466,0.00158978677815611,3.97218290819156,1.03402980315531,0,TRUE,20000,2608320
"negative","even",6,200,"Bartlett",0.992044298132902,1.16528247257674,0.00247875217666636,-0.0711000799153374,0.00795570186709851,0.992044298132902,0.03615,0.96385,0.00131990866161261,3.38165337413748,0.880304470770414,0,FALSE,20000,2608320
"negative","even",6,200,"Combined",1.15601183263397,1.16528247257674,0.00247875217666636,-0.0711000799153374,0.00795570186709851,0.992044298132902,0.0527,0.9473,0.00157991629525111,3.9405814052124,1.02580337031971,0,TRUE,20000,2608320
"negative","even",8,5,"Raw",1,1.09752006553318,0.000335462627902512,-0.0555203576271952,0.311351500809724,0.688648499190276,0.16625,0.83375,0.00263259318448559,Inf,Inf,0.0528,FALSE,20000,2608321
"negative","even",8,5,"Variance",1.09752006553318,1.09752006553318,0.000335462627902512,-0.0555203576271952,0.311351500809724,0.688648499190276,0.1785,0.8215,0.00270774583371483,Inf,Inf,0.0528,FALSE,20000,2608321
"negative","even",8,5,"Bartlett",0.688648499190276,1.09752006553318,0.000335462627902512,-0.0555203576271952,0.311351500809724,0.688648499190276,0.12525,0.87475,0.00234053880014838,Inf,Inf,0.0528,FALSE,20000,2608321
"negative","even",8,5,"Combined",0.755805545960639,1.09752006553318,0.000335462627902512,-0.0555203576271952,0.311351500809724,0.688648499190276,0.13505,0.86495,0.00241672813427576,Inf,Inf,0.0528,FALSE,20000,2608321
"negative","even",8,6,"Raw",1,1.10199973927005,0.000335462627902512,-0.0555203576271952,0.259768237488047,0.740231762511953,0.1357,0.8643,0.00242162662274761,11.2855326548933,2.93782471234562,0.0264,FALSE,20000,2608322
"negative","even",8,6,"Variance",1.10199973927005,1.10199973927005,0.000335462627902512,-0.0555203576271952,0.259768237488047,0.740231762511953,0.1482,0.8518,0.00251233715890205,12.436654043216,3.23748206702599,0.0264,FALSE,20000,2608322
"negative","even",8,6,"Bartlett",0.740231762511953,1.10199973927005,0.000335462627902512,-0.0555203576271952,0.259768237488047,0.740231762511953,0.10355,0.89645,0.00215438387363998,8.35390972801784,2.17467116477077,0.0264,FALSE,20000,2608322
"negative","even",8,6,"Combined",0.815735209287584,1.10199973927005,0.000335462627902512,-0.0555203576271952,0.259768237488047,0.740231762511953,0.1135,0.8865,0.00224296399881942,9.20600634216122,2.39648705657549,0.0264,FALSE,20000,2608322
"negative","even",8,8,"Raw",1,1.10765101998426,0.000335462627902512,-0.0555203576271952,0.195115540753481,0.804884459246519,0.10255,0.89745,0.00214515148066518,6.68109538609922,1.73920786293682,0.0063,FALSE,20000,2608323
"negative","even",8,8,"Variance",1.10765101998426,1.10765101998426,0.000335462627902512,-0.0555203576271952,0.195115540753481,0.804884459246519,0.1172,0.8828,0.00227446872917611,7.40032211902492,1.92643536334661,0.0063,FALSE,20000,2608323
"negative","even",8,8,"Bartlett",0.804884459246519,1.10765101998426,0.000335462627902512,-0.0555203576271952,0.195115540753481,0.804884459246519,0.07805,0.92195,0.00189681571983153,5.37750984701488,1.3998613802772,0.0063,FALSE,20000,2608323
"negative","even",8,8,"Combined",0.891531092253885,1.10765101998426,0.000335462627902512,-0.0555203576271952,0.195115540753481,0.804884459246519,0.0886,0.9114,0.00200935362741355,5.95640426702143,1.55055788570061,0.0063,FALSE,20000,2608323
"negative","even",8,10,"Raw",1,1.11106969597186,0.000335462627902512,-0.0555203576271952,0.156231326668759,0.843768673331241,0.0847,0.9153,0.00196883099833378,5.42597777845959,1.41247844418625,0.00145,FALSE,20000,2608324
"negative","even",8,10,"Variance",1.11106969597186,1.11106969597186,0.000335462627902512,-0.0555203576271952,0.156231326668759,0.843768673331241,0.09795,0.90205,0.00210185391381038,6.02863948066318,1.56936199554883,0.00145,FALSE,20000,2608324
"negative","even",8,10,"Bartlett",0.843768673331241,1.11106969597186,0.000335462627902512,-0.0555203576271952,0.156231326668759,0.843768673331241,0.06495,0.93505,0.00174257707863956,4.57827007165564,1.19180506296001,0.00145,FALSE,20000,2608324
"negative","even",8,10,"Combined",0.937485803348725,1.11106969597186,0.000335462627902512,-0.0555203576271952,0.156231326668759,0.843768673331241,0.07795,0.92205,0.00189570300284617,5.08677713659151,1.3241784889607,0.00145,FALSE,20000,2608324
"negative","even",8,15,"Raw",1,1.11566089306266,0.000335462627902512,-0.0555203576271952,0.10427767917115,0.89572232082885,0.0603,0.9397,0.0016832098799615,4.21317203139137,1.09676355469303,0,FALSE,20000,2608325
"negative","even",8,15,"Variance",1.11566089306266,1.11566089306266,0.000335462627902512,-0.0555203576271952,0.10427767917115,0.89572232082885,0.07335,0.92665,0.00184349908462142,4.7004712711687,1.2236162069074,0,FALSE,20000,2608325
"negative","even",8,15,"Bartlett",0.89572232082885,1.11566089306266,0.000335462627902512,-0.0555203576271952,0.10427767917115,0.89572232082885,0.0483,0.9517,0.00151603281626751,3.77383223000908,0.982395596610137,0,TRUE,20000,2608325
"negative","even",8,15,"Combined",0.99932236439207,1.11566089306266,0.000335462627902512,-0.0555203576271952,0.10427767917115,0.89572232082885,0.06025,0.93975,0.0016825566483777,4.21031703600056,1.09602034865489,0,FALSE,20000,2608325
"negative","even",8,20,"Raw",1,1.11797074998411,0.000335462627902512,-0.0555203576271952,0.0782545574003539,0.921745442599646,0.0549,0.9451,0.00161068292969163,4.01227986442871,1.04446775345199,0,TRUE,20000,2608326
"negative","even",8,20,"Variance",1.11797074998411,1.11797074998411,0.000335462627902512,-0.0555203576271952,0.0782545574003539,0.921745442599646,0.06765,0.93235,0.00177585863035322,4.48561152918152,1.16768439766094,0,FALSE,20000,2608326
"negative","even",8,20,"Bartlett",0.921745442599646,1.11797074998411,0.000335462627902512,-0.0555203576271952,0.0782545574003539,0.921745442599646,0.04665,0.95335,0.00149120383415548,3.69830067947149,0.96273339168666,0,TRUE,20000,2608326
"negative","even",8,20,"Combined",1.03048444375756,1.11797074998411,0.000335462627902512,-0.0555203576271952,0.0782545574003539,0.921745442599646,0.0584,0.9416,0.00165815318954553,4.13459198429549,1.07630777193868,0,TRUE,20000,2608326
"negative","even",8,30,"Raw",1,1.12029019137412,0.000335462627902512,-0.0555203576271952,0.0522005702815636,0.947799429718436,0.0499,0.9501,0.00153964265334525,3.83408441730182,0.998080311741836,0,TRUE,20000,2608327
"negative","even",8,30,"Variance",1.12029019137412,1.12029019137412,0.000335462627902512,-0.0555203576271952,0.0522005702815636,0.947799429718436,0.0612,0.9388,0.00169491238711622,4.29528716560358,1.118139583448,0,FALSE,20000,2608327
"negative","even",8,30,"Bartlett",0.947799429718436,1.12029019137412,0.000335462627902512,-0.0555203576271952,0.0522005702815636,0.947799429718436,0.04385,0.95615,0.00144788082209828,3.633943024211,0.945979950282111,0,TRUE,20000,2608327
"negative","even",8,30,"Combined",1.06181040450355,1.12029019137412,0.000335462627902512,-0.0555203576271952,0.0522005702815636,0.947799429718436,0.05595,0.94405,0.00162510918863934,4.07107072603599,1.05977205953763,0,TRUE,20000,2608327
"negative","even",8,50,"Raw",1,1.12215268545787,0.000335462627902512,-0.0555203576271952,0.0313351575359754,0.968664842464025,0.0439,0.9561,0.00144866818146876,3.66161155628903,0.953182560896853,0,TRUE,20000,2608328
"negative","even",8,50,"Variance",1.12215268545787,1.12215268545787,0.000335462627902512,-0.0555203576271952,0.0313351575359754,0.968664842464025,0.05825,0.94175,0.00165615424251487,4.1088872409933,1.06961637044201,0,TRUE,20000,2608328
"negative","even",8,50,"Bartlett",0.968664842464025,1.12215268545787,0.000335462627902512,-0.0555203576271952,0.0313351575359754,0.968664842464025,0.0405,0.9595,0.00139391086515602,3.54687438133717,0.923314435190606,0,TRUE,20000,2608328
"negative","even",8,50,"Combined",1.08698985427963,1.12215268545787,0.000335462627902512,-0.0555203576271952,0.0313351575359754,0.968664842464025,0.05465,0.94535,0.00160722396541366,3.98013461199921,1.03609977297115,0,TRUE,20000,2608328
"negative","even",8,100,"Raw",1,1.12355362514009,0.000335462627902512,-0.0555203576271952,0.0156731345306267,0.984326865469373,0.0393,0.9607,0.00137396342746086,3.45250192998779,0.898747608952358,0,FALSE,20000,2608329
"negative","even",8,100,"Variance",1.12355362514009,1.12355362514009,0.000335462627902512,-0.0555203576271952,0.0156731345306267,0.984326865469373,0.05095,0.94905,0.00155489706250928,3.87907105924093,1.00979113412441,0,TRUE,20000,2608329
"negative","even",8,100,"Bartlett",0.984326865469373,1.12355362514009,0.000335462627902512,-0.0555203576271952,0.0156731345306267,0.984326865469373,0.03795,0.96205,0.00135110690731711,3.39839040277184,0.884661416768169,0,FALSE,20000,2608329
"negative","even",8,100,"Combined",1.10594401802089,1.12355362514009,0.000335462627902512,-0.0555203576271952,0.0156731345306267,0.984326865469373,0.0494,0.9506,0.00153231263128645,3.81827385667558,0.993964541831441,0,TRUE,20000,2608329
"negative","even",8,200,"Raw",1,1.1242554075418,0.000335462627902512,-0.0555203576271952,0.00783795620597307,0.992162043794027,0.03695,0.96305,0.00133387963287547,3.4498476273189,0.89805664679637,0,FALSE,20000,2608330
"negative","even",8,200,"Variance",1.1242554075418,1.1242554075418,0.000335462627902512,-0.0555203576271952,0.00783795620597307,0.992162043794027,0.05135,0.94865,0.00156065975632102,3.87850985020852,1.00964504143967,0,TRUE,20000,2608330
"negative","even",8,200,"Bartlett",0.992162043794027,1.1242554075418,0.000335462627902512,-0.0555203576271952,0.00783795620597307,0.992162043794027,0.0363,0.9637,0.00132254130370284,3.4228078726987,0.891017718128297,0,FALSE,20000,2608330
"negative","even",8,200,"Combined",1.11544354289316,1.1242554075418,0.000335462627902512,-0.0555203576271952,0.00783795620597307,0.992162043794027,0.0505,0.9495,0.00154838222025442,3.84811025985815,1.00173148782129,0,TRUE,20000,2608330
"negative","even",12,5,"Raw",1,1.06557326686784,6.14421235332821e-06,-0.0384610840091992,0.307337205785686,0.692662794214314,0.17195,0.82805,0.00266817538310359,Inf,Inf,0.05695,FALSE,20000,2608331
"negative","even",12,5,"Variance",1.06557326686784,1.06557326686784,6.14421235332821e-06,-0.0384610840091992,0.307337205785686,0.692662794214314,0.18045,0.81955,0.0027192627447527,Inf,Inf,0.05695,FALSE,20000,2608331
"negative","even",12,5,"Bartlett",0.692662794214314,1.06557326686784,6.14421235332821e-06,-0.0384610840091992,0.307337205785686,0.692662794214314,0.1308,0.8692,0.00238423321006985,Inf,Inf,0.05695,FALSE,20000,2608331
"negative","even",12,5,"Combined",0.738082956468753,1.06557326686784,6.14421235332821e-06,-0.0384610840091992,0.307337205785686,0.692662794214314,0.1366,0.8634,0.00242837847132608,Inf,Inf,0.05695,FALSE,20000,2608331
"negative","even",12,6,"Raw",1,1.06849264568118,6.14421235332821e-06,-0.0384610840091992,0.256328013469404,0.743671986530597,0.1428,0.8572,0.00247394583610879,11.6343968659258,3.02864026636203,0.02825,FALSE,20000,2608332
"negative","even",12,6,"Variance",1.06849264568118,1.06849264568118,6.14421235332821e-06,-0.0384610840091992,0.256328013469404,0.743671986530597,0.15235,0.84765,0.00254105762921662,12.4312674881779,3.23607985102171,0.02825,FALSE,20000,2608332
"negative","even",12,6,"Bartlett",0.743671986530597,1.06849264568118,6.14421235332821e-06,-0.0384610840091992,0.256328013469404,0.743671986530597,0.10715,0.89285,0.00218710856497797,8.6521750293684,2.25231492337201,0.02825,FALSE,20000,2608332
"negative","even",12,6,"Combined",0.794608048407053,1.06849264568118,6.14421235332821e-06,-0.0384610840091992,0.256328013469404,0.743671986530597,0.11445,0.88555,0.00225112413584858,9.24478538802646,2.40658193138095,0.02825,FALSE,20000,2608332
"negative","even",12,8,"Raw",1,1.07216444171445,6.14421235332821e-06,-0.0384610840091992,0.192446330709551,0.807553669290449,0.11165,0.88835,0.00222692924786577,7.05456026916674,1.8364274090779,0.00695,FALSE,20000,2608333
"negative","even",12,8,"Variance",1.07216444171445,1.07216444171445,6.14421235332821e-06,-0.0384610840091992,0.192446330709551,0.807553669290449,0.12145,0.87855,0.00230976078306824,7.56364867253206,1.96895216780311,0.00695,FALSE,20000,2608333
"negative","even",12,8,"Bartlett",0.807553669290449,1.07216444171445,6.14421235332821e-06,-0.0384610840091992,0.192446330709551,0.807553669290449,0.0842,0.9158,0.00196354730016875,5.69693603059622,1.48301369258641,0.00695,FALSE,20000,2608333
"negative","even",12,8,"Combined",0.865830328989246,1.07216444171445,6.14421235332821e-06,-0.0384610840091992,0.192446330709551,0.807553669290449,0.0931,0.9069,0.00205465800073881,6.1080522387271,1.59003454776678,0.00695,FALSE,20000,2608333
"negative","even",12,10,"Raw",1,1.07437965750311,6.14421235332821e-06,-0.0384610840091992,0.15405321845924,0.84594678154076,0.087,0.913,0.00199287480790942,5.43370781394299,1.41449070979789,0.0013,FALSE,20000,2608334
"negative","even",12,10,"Variance",1.07437965750311,1.07437965750311,6.14421235332821e-06,-0.0384610840091992,0.15405321845924,0.84594678154076,0.09715,0.90285,0.00209418095564829,5.83786514011605,1.51970004433399,0.0013,FALSE,20000,2608334
"negative","even",12,10,"Bartlett",0.84594678154076,1.07437965750311,6.14421235332821e-06,-0.0384610840091992,0.15405321845924,0.84594678154076,0.06755,0.93245,0.00177464077350882,4.59662763703795,1.19658386347283,0.0013,FALSE,20000,2608334
"negative","even",12,10,"Combined",0.908868013417621,1.07437965750311,6.14421235332821e-06,-0.0384610840091992,0.15405321845924,0.84594678154076,0.07565,0.92435,0.00186985397157104,4.93852322635017,1.28558536141169,0.0013,FALSE,20000,2608334
"negative","even",12,15,"Raw",1,1.07734755710947,6.14421235332821e-06,-0.0384610840091992,0.102787615765359,0.897212384234641,0.066,0.934,0.00175561954876334,4.47052650899555,1.16375749882118,5e-05,FALSE,20000,2608335
"negative","even",12,15,"Variance",1.07734755710947,1.07734755710947,6.14421235332821e-06,-0.0384610840091992,0.102787615765359,0.897212384234641,0.07495,0.92505,0.00186188744960591,4.8163108134595,1.25377129842283,5e-05,FALSE,20000,2608335
"negative","even",12,15,"Bartlett",0.897212384234641,1.07734755710947,6.14421235332821e-06,-0.0384610840091992,0.102787615765359,0.897212384234641,0.05365,0.94635,0.00159329340518311,4.01101174792007,1.04413764018829,5e-05,TRUE,20000,2608335
"negative","even",12,15,"Combined",0.966609570363556,1.07734755710947,6.14421235332821e-06,-0.0384610840091992,0.102787615765359,0.897212384234641,0.0614,0.9386,0.0016974987481586,4.32125370815908,1.12489913594291,5e-05,FALSE,20000,2608335
"negative","even",12,20,"Raw",1,1.07883766438072,6.14421235332821e-06,-0.0384610840091992,0.0771227631212193,0.922877236878781,0.06115,0.93885,0.0016942649955069,4.25087598632742,1.10657856422351,0,FALSE,20000,2608336
"negative","even",12,20,"Variance",1.07883766438072,1.07883766438072,6.14421235332821e-06,-0.0384610840091992,0.0771227631212193,0.922877236878781,0.07085,0.92915,0.00181425297987905,4.58600512066156,1.19381863368065,0,FALSE,20000,2608336
"negative","even",12,20,"Bartlett",0.922877236878781,1.07883766438072,6.14421235332821e-06,-0.0384610840091992,0.0771227631212193,0.922877236878781,0.05285,0.94715,0.00158203788671447,3.92303668457621,1.02123616773988,0,TRUE,20000,2608336
"negative","even",12,20,"Combined",0.995634722744434,1.07883766438072,6.14421235332821e-06,-0.0384610840091992,0.0771227631212193,0.922877236878781,0.0608,0.9392,0.00168972423785658,4.23231973406808,1.1017480419856,0,FALSE,20000,2608336
"negative","even",12,30,"Raw",1,1.08033189937293,6.14421235332821e-06,-0.0384610840091992,0.0514365429456127,0.948563457054387,0.0516,0.9484,0.00156424806216917,3.89936098496535,1.01507296237547,0,TRUE,20000,2608337
"negative","even",12,30,"Variance",1.08033189937293,1.08033189937293,6.14421235332821e-06,-0.0384610840091992,0.0514365429456127,0.948563457054387,0.0602,0.9398,0.00168190308876582,4.21260405922834,1.0966157014452,0,FALSE,20000,2608337
"negative","even",12,30,"Bartlett",0.948563457054387,1.08033189937293,6.14421235332821e-06,-0.0384610840091992,0.0514365429456127,0.948563457054387,0.04585,0.95415,0.00147898237819117,3.69879133620174,0.962861118353311,0,TRUE,20000,2608337
"negative","even",12,30,"Combined",1.02476336123532,1.08033189937293,6.14421235332821e-06,-0.0384610840091992,0.0514365429456127,0.948563457054387,0.0538,0.9462,0.00159539274161568,3.99592226962298,1.04020958082298,0,TRUE,20000,2608337
"negative","even",12,50,"Raw",1,1.0815302708642,6.14421235332821e-06,-0.0384610840091992,0.0308721821824715,0.969127817817528,0.0479,0.9521,0.00151005943591635,3.76278628675373,0.979520141276386,0,TRUE,20000,2608338
"negative","even",12,50,"Variance",1.0815302708642,1.0815302708642,6.14421235332821e-06,-0.0384610840091992,0.0308721821824715,0.969127817817528,0.05605,0.94395,0.0016264746770239,4.06956727191684,1.05938068371159,0,TRUE,20000,2608338
"negative","even",12,50,"Bartlett",0.969127817817528,1.0815302708642,6.14421235332821e-06,-0.0384610840091992,0.0308721821824715,0.969127817817528,0.0447,0.9553,0.00146119659868205,3.64662086299536,0.949280217023501,0,TRUE,20000,2608338
"negative","even",12,50,"Combined",1.04814107130622,1.0815302708642,6.14421235332821e-06,-0.0384610840091992,0.0308721821824715,0.969127817817528,0.05265,0.94735,0.00157920830639913,3.9439308496944,1.02667529024345,0,TRUE,20000,2608338
"negative","even",12,100,"Raw",1,1.08243079565259,6.14421235332821e-06,-0.0384610840091992,0.0154399372468997,0.9845600627531,0.04275,0.95725,0.00143042716522024,3.59544879302648,0.93595921779966,0,TRUE,20000,2608339
"negative","even",12,100,"Variance",1.08243079565259,1.08243079565259,6.14421235332821e-06,-0.0384610840091992,0.0154399372468997,0.9845600627531,0.0513,0.9487,0.00155994086426377,3.8918244977638,1.01311108082126,0,TRUE,20000,2608339
"negative","even",12,100,"Bartlett",0.9845600627531,1.08243079565259,6.14421235332821e-06,-0.0384610840091992,0.0154399372468997,0.9845600627531,0.04135,0.95865,0.00140783836962913,3.53993528928771,0.921508066211176,0,TRUE,20000,2608339
"negative","even",12,100,"Combined",1.06571813209361,1.08243079565259,6.14421235332821e-06,-0.0384610840091992,0.0154399372468997,0.9845600627531,0.04975,0.95025,0.00153744816985809,3.83173497174238,0.997468709309245,0,TRUE,20000,2608339
"negative","even",12,200,"Raw",1,1.08288162064037,6.14421235332821e-06,-0.0384610840091992,0.00772093016236586,0.992279069837634,0.0424,0.9576,0.00142481998863014,3.57098025122059,0.929589621521788,0,TRUE,20000,2608340
"negative","even",12,200,"Variance",1.08288162064037,1.08288162064037,6.14421235332821e-06,-0.0384610840091992,0.00772093016236586,0.992279069837634,0.0504,0.9496,0.00154692986266346,3.8669488817165,1.00663551588398,0,TRUE,20000,2608340
"negative","even",12,200,"Bartlett",0.992279069837634,1.08288162064037,6.14421235332821e-06,-0.0384610840091992,0.00772093016236586,0.992279069837634,0.0414,0.9586,0.0014086525476497,3.54340896208972,0.922412324974358,0,TRUE,20000,2608340
"negative","even",12,200,"Combined",1.0745207672733,1.08288162064037,6.14421235332821e-06,-0.0384610840091992,0.00772093016236586,0.992279069837634,0.04985,0.95015,0.00153891158777884,3.83709243945933,0.998863353366885,0,TRUE,20000,2608340
"negative","odd",0.25,5,"Raw",1,3.99920549250046,-0.778800783071405,-0.779803579596726,0.86146993154311,0.13853006845689,0.02965,0.97035,0.00119939312779422,2.43152782309034,0.632969904555942,0.0072,FALSE,20000,2608341
"negative","odd",0.25,5,"Variance",3.99920549250046,3.99920549250046,-0.778800783071405,-0.779803579596726,0.86146993154311,0.13853006845689,0.14465,0.85535,0.00248723116637758,9.72417942527058,2.53137671888761,0.0072,FALSE,20000,2608341
"negative","odd",0.25,5,"Bartlett",0.13853006845689,3.99920549250046,-0.778800783071405,-0.779803579596726,0.86146993154311,0.13853006845689,0.00755,0.99245,0.000612086493071037,0.336839715787539,0.0876853642092861,0.0072,FALSE,20000,2608341
"negative","odd",0.25,5,"Combined",0.55401021064926,3.99920549250046,-0.778800783071405,-0.779803579596726,0.86146993154311,0.13853006845689,0.0162,0.9838,0.000892680233902376,1.34709124146982,0.35067179015768,0.0072,FALSE,20000,2608341
"negative","odd",0.25,6,"Raw",1,5.34628922803158,-0.778800783071405,-0.779803579596726,0.723141946575153,0.276858053424847,0.01845,0.98155,0.000951567062796942,1.88075227237917,0.489593240528172,0.0023,FALSE,20000,2608342
"negative","odd",0.25,6,"Variance",5.34628922803158,5.34628922803158,-0.778800783071405,-0.779803579596726,0.723141946575153,0.276858053424847,0.15755,0.84245,0.00257612109090392,10.0550456144166,2.61750706795284,0.0023,FALSE,20000,2608342
"negative","odd",0.25,6,"Bartlett",0.276858053424847,5.34628922803158,-0.778800783071405,-0.779803579596726,0.723141946575153,0.276858053424847,0.00455,0.99545,0.000475883257742905,0.520701413105253,0.135547831542593,0.0023,FALSE,20000,2608342
"negative","odd",0.25,6,"Combined",1.48016322871905,5.34628922803158,-0.778800783071405,-0.779803579596726,0.723141946575153,0.276858053424847,0.03215,0.96785,0.00124732468708031,2.78382035590543,0.724677911659201,0.0023,FALSE,20000,2608342
"negative","odd",0.25,8,"Raw",1,5.66572631330797,-0.778800783071405,-0.779803579596726,0.543015569034912,0.456984430965088,0.0081,0.9919,0.00063381345836137,1.35964246168557,0.353939095835443,0.00015,FALSE,20000,2608343
"negative","odd",0.25,8,"Variance",5.66572631330797,5.66572631330797,-0.778800783071405,-0.779803579596726,0.543015569034912,0.456984430965088,0.12865,0.87135,0.00236747943496876,7.70336207186273,2.0053220485833,0.00015,FALSE,20000,2608343
"negative","odd",0.25,8,"Bartlett",0.456984430965088,5.66572631330797,-0.778800783071405,-0.779803579596726,0.543015569034912,0.456984430965088,0.00135,0.99865,0.000259632191763656,0.621335436669349,0.161744656306658,0.00015,FALSE,20000,2608343
"negative","odd",0.25,8,"Combined",2.58914871529097,5.66572631330797,-0.778800783071405,-0.779803579596726,0.543015569034912,0.456984430965088,0.04365,0.95635,0.00144472622839069,3.52031653292823,0.916400955273583,0.00015,TRUE,20000,2608343
"negative","odd",0.25,10,"Raw",1,5.93578477596599,-0.778800783071405,-0.779803579596726,0.434813963093901,0.565186036906099,0.0054,0.9946,0.000518210381987856,1.25229612606402,0.325994936954118,5e-05,FALSE,20000,2608344
"negative","odd",0.25,10,"Variance",5.93578477596599,5.93578477596599,-0.778800783071405,-0.779803579596726,0.434813963093901,0.565186036906099,0.12445,0.87555,0.00233411865058313,7.433360280092,1.93503578381425,5e-05,FALSE,20000,2608344
"negative","odd",0.25,10,"Bartlett",0.565186036906099,5.93578477596599,-0.778800783071405,-0.779803579596726,0.434813963093901,0.565186036906099,0.0011,0.9989,0.000234391766066985,0.707780284522984,0.184247786468551,5e-05,FALSE,20000,2608344
"negative","odd",0.25,10,"Combined",3.35482267345578,5.93578477596599,-0.778800783071405,-0.779803579596726,0.434813963093901,0.565186036906099,0.05775,0.94225,0.00164946866444925,4.20123143760041,1.09365520592546,5e-05,TRUE,20000,2608344
"negative","odd",0.25,15,"Raw",1,6.37517515724954,-0.778800783071405,-0.779803579596726,0.290263018223463,0.709736981776537,0.00085,0.99915,0.000206067646660023,0.886014948059031,0.230645436906944,0,FALSE,20000,2608345
"negative","odd",0.25,15,"Variance",6.37517515724954,6.37517515724954,-0.778800783071405,-0.779803579596726,0.290263018223463,0.709736981776537,0.09645,0.90355,0.00208743140605865,5.64850048581768,1.47040505950212,0,FALSE,20000,2608345
"negative","odd",0.25,15,"Bartlett",0.709736981776537,6.37517515724954,-0.778800783071405,-0.779803579596726,0.290263018223463,0.709736981776537,3e-04,0.9997,0.000122456114588043,0.628837575044312,0.163697596250865,0,FALSE,20000,2608345
"negative","odd",0.25,15,"Combined",4.52469757440305,6.37517515724954,-0.778800783071405,-0.779803579596726,0.290263018223463,0.709736981776537,0.05425,0.94575,0.0016016700268782,4.00894968636754,1.04360084891998,0,TRUE,20000,2608345
"negative","odd",0.25,20,"Raw",1,6.77027223281703,-0.778800783071405,-0.779803579596726,0.217926110850319,0.782073889149681,7e-04,0.9993,0.00018701737887159,0.814463023772937,0.212019199421164,0,FALSE,20000,2608346
"negative","odd",0.25,20,"Variance",6.77027223281703,6.77027223281703,-0.778800783071405,-0.779803579596726,0.217926110850319,0.782073889149681,0.0913,0.9087,0.00203671684335354,5.51413639450612,1.4354276986652,0,FALSE,20000,2608346
"negative","odd",0.25,20,"Bartlett",0.782073889149681,6.77027223281703,-0.778800783071405,-0.779803579596726,0.217926110850319,0.782073889149681,0.00015,0.99985,8.65960449443276e-05,0.63697026457071,0.165814679865712,0,FALSE,20000,2608346
"negative","odd",0.25,20,"Combined",5.29485313572131,6.77027223281703,-0.778800783071405,-0.779803579596726,0.217926110850319,0.782073889149681,0.0613,0.9387,0.00169620620798298,4.3124620953532,1.12261052288827,0,FALSE,20000,2608346
"negative","odd",0.25,30,"Raw",1,7.16093930538206,-0.778800783071405,-0.779803579596726,0.145418374957918,0.854581625042082,0.00015,0.99985,8.65960449443276e-05,0.705706868981459,0.183708039555125,0,FALSE,20000,2608347
"negative","odd",0.25,30,"Variance",7.16093930538206,7.16093930538206,-0.778800783071405,-0.779803579596726,0.145418374957918,0.854581625042082,0.0803,0.9197,0.00192161273413766,5.05352405616744,1.31552212116498,0,FALSE,20000,2608347
"negative","odd",0.25,30,"Bartlett",0.854581625042082,7.16093930538206,-0.778800783071405,-0.779803579596726,0.145418374957918,0.854581625042082,5e-05,0.99995,4.99987499843746e-05,0.603084122897535,0.156993514976314,0,FALSE,20000,2608347
"negative","odd",0.25,30,"Combined",6.11960714842112,7.16093930538206,-0.778800783071405,-0.779803579596726,0.145418374957918,0.854581625042082,0.06255,0.93745,0.00171227184611556,4.31864880010883,1.12422103208397,0,FALSE,20000,2608347
"negative","odd",0.25,50,"Raw",1,7.51407904858791,-0.778800783071405,-0.779803579596726,0.0873166547390519,0.912683345260948,0,1,0,0.601790863712834,0.156656856627216,0,FALSE,20000,2608348
"negative","odd",0.25,50,"Variance",7.51407904858791,7.51407904858791,-0.778800783071405,-0.779803579596726,0.0873166547390519,0.912683345260948,0.0695,0.9305,0.00179819006225705,4.52190412065623,1.17713200420021,0,FALSE,20000,2608348
"negative","odd",0.25,50,"Bartlett",0.912683345260948,7.51407904858791,-0.778800783071405,-0.779803579596726,0.0873166547390519,0.912683345260948,0,1,0,0.549244498640905,0.142978103964592,0,FALSE,20000,2608348
"negative","odd",0.25,50,"Combined",6.85797480262041,7.51407904858791,-0.778800783071405,-0.779803579596726,0.0873166547390519,0.912683345260948,0.0588,0.9412,0.00166346866516926,4.12706657978979,1.07434877540717,0,TRUE,20000,2608348
"negative","odd",0.25,100,"Raw",1,7.80307993489419,-0.778800783071405,-0.779803579596726,0.0436829722867365,0.956317027713264,0,1,0,0.544343692441989,0.141702337015715,0,FALSE,20000,2608349
"negative","odd",0.25,100,"Variance",7.80307993489419,7.80307993489419,-0.778800783071405,-0.779803579596726,0.0436829722867365,0.956317027713264,0.06085,0.93915,0.00169037388615655,4.2475573441803,1.10571466269494,0,FALSE,20000,2608349
"negative","odd",0.25,100,"Bartlett",0.956317027713264,7.80307993489419,-0.778800783071405,-0.779803579596726,0.0436829722867365,0.956317027713264,0,1,0,0.520565142010586,0.135512357754891,0,FALSE,20000,2608349
"negative","odd",0.25,100,"Combined",7.46221821034702,7.80307993489419,-0.778800783071405,-0.779803579596726,0.0436829722867365,0.956317027713264,0.05615,0.94385,0.00162783871283368,4.06201141442815,1.0574137597274,0,TRUE,20000,2608349
"negative","odd",0.25,200,"Raw",1,7.9560815022408,-0.778800783071405,-0.779803579596726,0.0218476474185925,0.978152352581408,0,1,0,0.509514266114272,0.132635618367037,0,FALSE,20000,2608350
"negative","odd",0.25,200,"Variance",7.9560815022408,7.9560815022408,-0.778800783071405,-0.779803579596726,0.0218476474185925,0.978152352581408,0.0563,0.9437,0.00162988205094725,4.05373702775956,1.05525978982825,0,TRUE,20000,2608350
"negative","odd",0.25,200,"Bartlett",0.978152352581408,7.9560815022408,-0.778800783071405,-0.779803579596726,0.0218476474185925,0.978152352581408,0,1,0,0.498382578073465,0.129737842141807,0,FALSE,20000,2608350
"negative","odd",0.25,200,"Combined",7.78225983874626,7.9560815022408,-0.778800783071405,-0.779803579596726,0.0218476474185925,0.978152352581408,0.0538,0.9462,0.00159539274161568,3.96517241044937,1.03220484600506,0,TRUE,20000,2608350
"negative","odd",0.5,5,"Raw",1,2.94036945036464,-0.606530659712633,-0.612604603853426,0.666218188815646,0.333781811184354,0.0492,0.9508,0.00152936849712553,3.7917005748923,0.987047044332799,0.01205,TRUE,20000,2608351
"negative","odd",0.5,5,"Variance",2.94036945036464,2.94036945036464,-0.606530659712633,-0.612604603853426,0.666218188815646,0.333781811184354,0.15055,0.84945,0.00252868243854384,11.1490005353433,2.90228297522887,0.01205,FALSE,20000,2608351
"negative","odd",0.5,5,"Bartlett",0.333781811184354,2.94036945036464,-0.606530659712633,-0.612604603853426,0.666218188815646,0.333781811184354,0.01825,0.98175,0.000946491877936626,1.26560068535631,0.329458350181565,0.01205,FALSE,20000,2608351
"negative","odd",0.5,5,"Combined",0.981441840693852,2.94036945036464,-0.606530659712633,-0.612604603853426,0.666218188815646,0.333781811184354,0.04835,0.95165,0.00151677746390168,3.72133359158223,0.968729268041408,0.01205,TRUE,20000,2608351
"negative","odd",0.5,6,"Raw",1,3.19962092601767,-0.606530659712633,-0.612604603853426,0.557478181830826,0.442521818169174,0.0312,0.9688,0.00122936080952664,2.77163357593468,0.721505476253905,0.0041,FALSE,20000,2608352
"negative","odd",0.5,6,"Variance",3.19962092601767,3.19962092601767,-0.606530659712633,-0.612604603853426,0.557478181830826,0.442521818169174,0.1371,0.8629,0.00243211420373304,8.86817678881378,2.30854402005834,0.0041,FALSE,20000,2608352
"negative","odd",0.5,6,"Bartlett",0.442521818169174,3.19962092601767,-0.606530659712633,-0.612604603853426,0.557478181830826,0.442521818169174,0.01035,0.98965,0.000715642281450726,1.22650832932134,0.319281915170894,0.0041,FALSE,20000,2608352
"negative","odd",0.5,6,"Combined",1.41590206963348,3.19962092601767,-0.606530659712633,-0.612604603853426,0.557478181830826,0.442521818169174,0.05145,0.94855,0.00156209630785045,3.92436171643154,1.02158109707979,0.0041,TRUE,20000,2608352
"negative","odd",0.5,8,"Raw",1,3.38284083376608,-0.606530659712633,-0.612604603853426,0.419166604501763,0.580833395498237,0.01765,0.98235,0.000931087469038221,2.06993007396927,0.538839584279404,4e-04,FALSE,20000,2608353
"negative","odd",0.5,8,"Variance",3.38284083376608,3.38284083376608,-0.606530659712633,-0.612604603853426,0.419166604501763,0.580833395498237,0.1154,0.8846,0.00225923482621882,7.0022439772637,1.82280854854991,4e-04,FALSE,20000,2608353
"negative","odd",0.5,8,"Bartlett",0.580833395498237,3.38284083376608,-0.606530659712633,-0.612604603853426,0.419166604501763,0.580833395498237,0.00625,0.99375,0.000557267328128969,1.20228451330749,0.312976025365865,4e-04,FALSE,20000,2608353
"negative","odd",0.5,8,"Combined",1.96486692790644,3.38284083376608,-0.606530659712633,-0.612604603853426,0.419166604501763,0.580833395498237,0.0553,0.9447,0.00161619785298707,4.06713714542115,1.05874807859746,4e-04,TRUE,20000,2608353
"negative","odd",0.5,10,"Raw",1,3.51483155764541,-0.606530659712633,-0.612604603853426,0.335888327500985,0.664111672499015,0.0107,0.9893,0.00072751323012025,1.74015043938474,0.45299208467639,0,FALSE,20000,2608354
"negative","odd",0.5,10,"Variance",3.51483155764541,3.51483155764541,-0.606530659712633,-0.612604603853426,0.335888327500985,0.664111672499015,0.10225,0.89775,0.00214236945343234,6.11633567940001,1.59219087458416,0,FALSE,20000,2608354
"negative","odd",0.5,10,"Bartlett",0.664111672499015,3.51483155764541,-0.606530659712633,-0.612604603853426,0.335888327500985,0.664111672499015,0.0038,0.9962,0.000435060915275091,1.15565421869969,0.300837330983253,0,FALSE,20000,2608354
"negative","odd",0.5,10,"Combined",2.33424066430021,3.51483155764541,-0.606530659712633,-0.612604603853426,0.335888327500985,0.664111672499015,0.05545,0.94455,0.00161825982926105,4.06192991761174,1.05739254465775,0,TRUE,20000,2608354
"negative","odd",0.5,15,"Raw",1,3.71716517526233,-0.606530659712633,-0.612604603853426,0.224441766423747,0.775558233576253,0.0036,0.9964,0.000423499704840511,1.40302852577297,0.365233259358342,0,FALSE,20000,2608355
"negative","odd",0.5,15,"Variance",3.71716517526233,3.71716517526233,-0.606530659712633,-0.612604603853426,0.224441766423747,0.775558233576253,0.08655,0.91345,0.00198820393194461,5.21528877590293,1.35763235253438,0,FALSE,20000,2608355
"negative","odd",0.5,15,"Bartlett",0.775558233576253,3.71716517526233,-0.606530659712633,-0.612604603853426,0.224441766423747,0.775558233576253,0.0018,0.9982,0.000299729878390527,1.08813032510558,0.283259661471253,0,FALSE,20000,2608355
"negative","odd",0.5,15,"Combined",2.88287805723761,3.71716517526233,-0.606530659712633,-0.612604603853426,0.224441766423747,0.775558233576253,0.05575,0.94425,0.00162237383947104,4.04476015062933,1.05292294917754,0,TRUE,20000,2608355
"negative","odd",0.5,20,"Raw",1,3.83007155265747,-0.606530659712633,-0.612604603853426,0.168529586932789,0.831470413067211,0.00225,0.99775,0.000335032647662881,1.28469381500058,0.334428631143947,0,FALSE,20000,2608356
"negative","odd",0.5,20,"Variance",3.83007155265747,3.83007155265747,-0.606530659712633,-0.612604603853426,0.168529586932789,0.831470413067211,0.0785,0.9215,0.00190181163630892,4.92046923470871,1.28088558653861,0,FALSE,20000,2608356
"negative","odd",0.5,20,"Bartlett",0.831470413067211,3.83007155265747,-0.606530659712633,-0.612604603853426,0.168529586932789,0.831470413067211,0.0011,0.9989,0.000234391766066985,1.06818489702342,0.27806751207876,0,FALSE,20000,2608356
"negative","odd",0.5,20,"Combined",3.18459117596508,3.83007155265747,-0.606530659712633,-0.612604603853426,0.168529586932789,0.831470413067211,0.0565,0.9435,0.00163260145167153,4.09122458706775,1.06501846773109,0,TRUE,20000,2608356
"negative","odd",0.5,30,"Raw",1,3.94974506247595,-0.606530659712633,-0.612604603853426,0.112484905129203,0.887515094870797,0.0012,0.9988,0.000244801960776461,1.10678971021917,0.288117031023954,0,FALSE,20000,2608357
"negative","odd",0.5,30,"Variance",3.94974506247595,3.94974506247595,-0.606530659712633,-0.612604603853426,0.112484905129203,0.887515094870797,0.06425,0.93575,0.00173380993047104,4.37153719313735,1.13798882070209,0,FALSE,20000,2608357
"negative","odd",0.5,30,"Bartlett",0.887515094870797,3.94974506247595,-0.606530659712633,-0.612604603853426,0.112484905129203,0.887515094870797,6e-04,0.9994,0.000173153111436093,0.982292574667189,0.255708214123117,0,FALSE,20000,2608357
"negative","odd",0.5,30,"Combined",3.5054583638388,3.94974506247595,-0.606530659712633,-0.612604603853426,0.112484905129203,0.887515094870797,0.05065,0.94935,0.00155055760131638,3.87980524669852,1.00998225616732,0,TRUE,20000,2608357
"negative","odd",0.5,50,"Raw",1,4.05102049944954,-0.606530659712633,-0.612604603853426,0.0675542382547146,0.932445761745285,2e-04,0.9998,9.998999949995e-05,1.02140751027322,0.265890526997413,0,FALSE,20000,2608358
"negative","odd",0.5,50,"Variance",4.05102049944954,4.05102049944954,-0.606530659712633,-0.612604603853426,0.0675542382547146,0.932445761745285,0.0589,0.9411,0.00166479413141685,4.13774276240853,1.07712797547596,0,TRUE,20000,2608358
"negative","odd",0.5,50,"Bartlett",0.932445761745285,4.05102049944954,-0.606530659712633,-0.612604603853426,0.0675542382547146,0.932445761745285,1e-04,0.9999,7.0707142496356e-05,0.95240710396907,0.247928494986958,0,FALSE,20000,2608358
"negative","odd",0.5,50,"Combined",3.77735689545499,4.05102049944954,-0.606530659712633,-0.612604603853426,0.0675542382547146,0.932445761745285,0.0507,0.9493,0.00155128188927738,3.85822070200007,1.00436341558984,0,TRUE,20000,2608358
"negative","odd",0.5,100,"Raw",1,4.13045227394634,-0.606530659712633,-0.612604603853426,0.0338008548369555,0.966199145163045,0.00015,0.99985,8.65960449443276e-05,0.965468440854738,0.251328593099505,0,FALSE,20000,2608359
"negative","odd",0.5,100,"Variance",4.13045227394634,4.13045227394634,-0.606530659712633,-0.612604603853426,0.0338008548369555,0.966199145163045,0.054,0.946,0.00159818647222406,3.98782131695188,1.03810075887558,0,TRUE,20000,2608359
"negative","odd",0.5,100,"Bartlett",0.966199145163045,4.13045227394634,-0.606530659712633,-0.612604603853426,0.0338008548369555,0.966199145163045,0.00015,0.99985,8.65960449443276e-05,0.932834782235745,0.242833471807772,0,FALSE,20000,2608359
"negative","odd",0.5,100,"Combined",3.99083945622371,4.13045227394634,-0.606530659712633,-0.612604603853426,0.0338008548369555,0.966199145163045,0.05055,0.94945,0.00154910776739386,3.85302954750187,1.0030120658187,0,TRUE,20000,2608359
"negative","odd",0.5,200,"Raw",1,4.17134784101512,-0.606530659712633,-0.612604603853426,0.0169063613458775,0.983093638654123,2e-04,0.9998,9.998999949995e-05,0.942785763260174,0.245423889013554,0,FALSE,20000,2608360
"negative","odd",0.5,200,"Variance",4.17134784101512,4.17134784101512,-0.606530659712633,-0.612604603853426,0.0169063613458775,0.983093638654123,0.0527,0.9473,0.00157991629525111,3.93268735811511,1.02374840957022,0,TRUE,20000,2608360
"negative","odd",0.5,200,"Bartlett",0.983093638654123,4.17134784101512,-0.606530659712633,-0.612604603853426,0.0169063613458775,0.983093638654123,2e-04,0.9998,9.998999949995e-05,0.926846686474749,0.241274664062981,0,FALSE,20000,2608360
"negative","odd",0.5,200,"Combined",4.10082552711557,4.17134784101512,-0.606530659712633,-0.612604603853426,0.0169063613458775,0.983093638654123,0.05075,0.94925,0.00155200575868777,3.86619992457846,1.00644054903076,0,TRUE,20000,2608360
"negative","odd",1,5,"Raw",1,1.97101943023369,-0.367879441171442,-0.39509911971148,0.47414748449366,0.52585251550634,0.082,0.918,0.00194005154570697,6.57635659580362,1.71194249444416,0.0226,FALSE,20000,2608361
"negative","odd",1,5,"Variance",1.97101943023369,1.97101943023369,-0.367879441171442,-0.39509911971148,0.47414748449366,0.52585251550634,0.15695,0.84305,0.00257212652779757,12.9621266304744,3.37427191999217,0.0226,FALSE,20000,2608361
"negative","odd",1,5,"Bartlett",0.52585251550634,1.97101943023369,-0.367879441171442,-0.39509911971148,0.47414748449366,0.52585251550634,0.04555,0.95445,0.00147436761867589,3.45819365877004,0.90022926710566,0.0226,TRUE,20000,2608361
"negative","odd",1,5,"Combined",1.03646552550026,1.97101943023369,-0.367879441171442,-0.39509911971148,0.47414748449366,0.52585251550634,0.08575,0.91425,0.00197986031704259,6.81616689494669,1.77436937713029,0.0226,FALSE,20000,2608361
"negative","odd",1,6,"Raw",1,2.03032990452841,-0.367879441171442,-0.39509911971148,0.396357976762855,0.603642023237145,0.0599,0.9401,0.00167797482102682,4.53756502603184,1.18120881618925,0.009,TRUE,20000,2608362
"negative","odd",1,6,"Variance",2.03032990452841,2.03032990452841,-0.367879441171442,-0.39509911971148,0.396357976762855,0.603642023237145,0.13375,0.86625,0.00240687491885224,9.21275396609468,2.39824358300163,0.009,FALSE,20000,2608362
"negative","odd",1,6,"Bartlett",0.603642023237145,2.03032990452841,-0.367879441171442,-0.39509911971148,0.396357976762855,0.603642023237145,0.0332,0.9668,0.0012668417422867,2.73906493288397,0.71302727967003,0.009,FALSE,20000,2608362
"negative","odd",1,6,"Combined",1.22559245140841,2.03032990452841,-0.367879441171442,-0.39509911971148,0.396357976762855,0.603642023237145,0.0757,0.9243,0.00187042120924673,5.56120544367943,1.4476806086586,0.009,FALSE,20000,2608362
"negative","odd",1,8,"Raw",1,2.10486018125548,-0.367879441171442,-0.39509911971148,0.298358473510192,0.701641526489808,0.03775,0.96225,0.00134768203779675,3.21349845579839,0.83653075714026,0.0012,FALSE,20000,2608363
"negative","odd",1,8,"Variance",2.10486018125548,2.10486018125548,-0.367879441171442,-0.39509911971148,0.298358473510192,0.701641526489808,0.1082,0.8918,0.00219650586159018,6.76396494213599,1.76078028110003,0.0012,FALSE,20000,2608363
"negative","odd",1,8,"Bartlett",0.701641526489808,2.10486018125548,-0.367879441171442,-0.39509911971148,0.298358473510192,0.701641526489808,0.0212,0.9788,0.00101859118393986,2.25472396189902,0.586944717395567,0.0012,FALSE,20000,2608363
"negative","odd",1,8,"Combined",1.47685731062371,2.10486018125548,-0.367879441171442,-0.39509911971148,0.298358473510192,0.701641526489808,0.0684,0.9316,0.00178495714234264,4.74587868712384,1.23543656424418,0.0012,FALSE,20000,2608363
"negative","odd",1,10,"Raw",1,2.15262655825536,-0.367879441171442,-0.39509911971148,0.2392138877211,0.7607861122789,0.02695,0.97305,0.0011450698122822,2.73748468190326,0.712615912256121,2e-04,FALSE,20000,2608364
"negative","odd",1,10,"Variance",2.15262655825536,2.15262655825536,-0.367879441171442,-0.39509911971148,0.2392138877211,0.7607861122789,0.0975,0.9025,0.00209754320575286,5.8927822290822,1.5339959385579,2e-04,FALSE,20000,2608364
"negative","odd",1,10,"Bartlett",0.7607861122789,2.15262655825536,-0.367879441171442,-0.39509911971148,0.2392138877211,0.7607861122789,0.0154,0.9846,0.00087071350052701,2.08264032856823,0.542148289433416,2e-04,FALSE,20000,2608364
"negative","odd",1,10,"Combined",1.6376883904434,2.15262655825536,-0.367879441171442,-0.39509911971148,0.2392138877211,0.7607861122789,0.06465,0.93535,0.00173882686745978,4.48314688256963,1.16704280634708,2e-04,FALSE,20000,2608364
"negative","odd",1,15,"Raw",1,2.21988693365644,-0.367879441171442,-0.39509911971148,0.159945104058671,0.840054895941329,0.01305,0.98695,0.000802486682132482,2.22411143137857,0.57897573166662,0,FALSE,20000,2608365
"negative","odd",1,15,"Variance",2.21988693365644,2.21988693365644,-0.367879441171442,-0.39509911971148,0.159945104058671,0.840054895941329,0.07765,0.92235,0.00189235934087583,4.93727590551322,1.28526066163091,0,FALSE,20000,2608365
"negative","odd",1,15,"Bartlett",0.840054895941329,2.21988693365644,-0.367879441171442,-0.39509911971148,0.159945104058671,0.840054895941329,0.0082,0.9918,0.000637681738800791,1.86837569704865,0.486371398017758,0,FALSE,20000,2608365
"negative","odd",1,15,"Combined",1.86482688705428,2.21988693365644,-0.367879441171442,-0.39509911971148,0.159945104058671,0.840054895941329,0.0587,0.9413,0.00166214184111946,4.14758279703954,1.07968951136384,0,TRUE,20000,2608365
"negative","odd",1,20,"Raw",1,2.25512327752748,-0.367879441171442,-0.39509911971148,0.120134794426343,0.879865205573657,0.01045,0.98955,0.000719054848394752,2.07028622259157,0.538932296095129,0,FALSE,20000,2608366
"negative","odd",1,20,"Variance",2.25512327752748,2.25512327752748,-0.367879441171442,-0.39509911971148,0.120134794426343,0.879865205573657,0.0727,0.9273,0.00183595629032938,4.66875065171068,1.21535876593546,0,FALSE,20000,2608366
"negative","odd",1,20,"Bartlett",0.879865205573657,2.25512327752748,-0.367879441171442,-0.39509911971148,0.120134794426343,0.879865205573657,0.00675,0.99325,0.000578983484220405,1.82157281283684,0.474187775494024,0,FALSE,20000,2608366
"negative","odd",1,20,"Combined",1.98420450617565,2.25512327752748,-0.367879441171442,-0.39509911971148,0.120134794426343,0.879865205573657,0.05645,0.94355,0.00163192214121875,4.10787125193956,1.06935189043555,0,TRUE,20000,2608366
"negative","odd",1,30,"Raw",1,2.29149623339173,-0.367879441171442,-0.39509911971148,0.0802071737274621,0.919792826272538,0.00685,0.99315,0.000583227121282953,1.84790347016291,0.48104211353462,0,FALSE,20000,2608367
"negative","odd",1,30,"Variance",2.29149623339173,2.29149623339173,-0.367879441171442,-0.39509911971148,0.0802071737274621,0.919792826272538,0.0617,0.9383,0.00170136871371258,4.23446384154981,1.10230619126738,0,FALSE,20000,2608367
"negative","odd",1,30,"Bartlett",0.919792826272538,2.29149623339173,-0.367879441171442,-0.39509911971148,0.0802071737274621,0.919792826272538,0.0049,0.9951,0.000493760569507125,1.69968835549997,0.442459085164123,0,FALSE,20000,2608367
"negative","odd",1,30,"Combined",2.10770179690425,2.29149623339173,-0.367879441171442,-0.39509911971148,0.0802071737274621,0.919792826272538,0.0521,0.9479,0.00157139412624586,3.89482946456797,1.01389332708354,0,TRUE,20000,2608367
"negative","odd",1,50,"Raw",1,2.32145043252102,-0.367879441171442,-0.39509911971148,0.0481806134095774,0.951819386590423,0.00475,0.99525,0.000486180907687663,1.75827329810188,0.457709786873149,0,FALSE,20000,2608368
"negative","odd",1,50,"Variance",2.32145043252102,2.32145043252102,-0.367879441171442,-0.39509911971148,0.0481806134095774,0.951819386590423,0.05765,0.94235,0.00164812738433654,4.08174430836878,1.06255058270578,0,TRUE,20000,2608368
"negative","odd",1,50,"Bartlett",0.951819386590423,2.32145043252102,-0.367879441171442,-0.39509911971148,0.0481806134095774,0.951819386590423,0.00405,0.99595,0.000449087825486285,1.67355861205765,0.435657048578033,0,FALSE,20000,2608368
"negative","odd",1,50,"Combined",2.20960152668223,2.32145043252102,-0.367879441171442,-0.39509911971148,0.0481806134095774,0.951819386590423,0.0513,0.9487,0.00155994086426377,3.88508336381052,1.01135624385231,0,TRUE,20000,2608368
"negative","odd",1,100,"Raw",1,2.34443509026875,-0.367879441171442,-0.39509911971148,0.0241114226447013,0.975888577355299,0.003,0.997,0.00038671695075339,1.67108542878438,0.435013235019509,0,FALSE,20000,2608369
"negative","odd",1,100,"Variance",2.34443509026875,2.34443509026875,-0.367879441171442,-0.39509911971148,0.0241114226447013,0.975888577355299,0.0527,0.9473,0.00157991629525111,3.9177513180789,1.01986029291106,0,TRUE,20000,2608369
"negative","odd",1,100,"Bartlett",0.975888577355299,2.34443509026875,-0.367879441171442,-0.39509911971148,0.0241114226447013,0.975888577355299,0.0027,0.9973,0.00036692710447717,1.63079318173556,0.424524447053915,0,FALSE,20000,2608369
"negative","odd",1,100,"Combined",2.28790742494422,2.34443509026875,-0.367879441171442,-0.39509911971148,0.0241114226447013,0.975888577355299,0.0493,0.9507,0.00153084143528976,3.82328876023187,0.995270010350137,0,TRUE,20000,2608369
"negative","odd",1,200,"Raw",1,2.35609894643925,-0.367879441171442,-0.39509911971148,0.0120609903073288,0.987939009692671,0.0035,0.9965,0.000417597294052536,1.64199721570147,0.427441056209155,0,FALSE,20000,2608370
"negative","odd",1,200,"Variance",2.35609894643925,2.35609894643925,-0.367879441171442,-0.39509911971148,0.0120609903073288,0.987939009692671,0.05125,0.94875,0.00155922156058721,3.86870790997041,1.00709342219927,0,TRUE,20000,2608370
"negative","odd",1,200,"Bartlett",0.987939009692671,2.35609894643925,-0.367879441171442,-0.39509911971148,0.0120609903073288,0.987939009692671,0.0035,0.9965,0.000417597294052536,1.62219310319824,0.422285693773262,0,FALSE,20000,2608370
"negative","odd",1,200,"Combined",2.32768205988314,2.35609894643925,-0.367879441171442,-0.39509911971148,0.0120609903073288,0.987939009692671,0.0495,0.9505,0.00153378209012884,3.82204746136637,0.994946878195549,0,TRUE,20000,2608370
"negative","odd",2,5,"Raw",1,1.42514651951193,-0.135335283236613,-0.205557952964976,0.363635033771834,0.636364966228166,0.12575,0.87425,0.00234453553502607,13.6818470710599,3.5616279412798,0.0376,FALSE,20000,2608371
"negative","odd",2,5,"Variance",1.42514651951193,1.42514651951193,-0.135335283236613,-0.205557952964976,0.363635033771834,0.636364966228166,0.1679,0.8321,0.00264300576995208,19.4986367338155,5.07584166431133,0.0376,FALSE,20000,2608371
"negative","odd",2,5,"Bartlett",0.636364966228166,1.42514651951193,-0.135335283236613,-0.205557952964976,0.363635033771834,0.636364966228166,0.08715,0.91285,0.00199442820753217,8.70664814931399,2.26649524456981,0.0376,FALSE,20000,2608371
"negative","odd",2,5,"Combined",0.906913316759395,1.42514651951193,-0.135335283236613,-0.205557952964976,0.363635033771834,0.636364966228166,0.11555,0.88445,0.00226051097652721,12.4082493066098,3.230087809289,0.0376,FALSE,20000,2608371
"negative","odd",2,6,"Raw",1,1.44707850696749,-0.135335283236613,-0.205557952964976,0.303915422128009,0.696084577871991,0.0926,0.9074,0.00204969802653952,7.02883552860331,1.82973080193874,0.01655,FALSE,20000,2608372
"negative","odd",2,6,"Variance",1.44707850696749,1.44707850696749,-0.135335283236613,-0.205557952964976,0.303915422128009,0.696084577871991,0.13785,0.86215,0.00243769745354094,10.1712768224513,2.64776411702193,0.01655,FALSE,20000,2608372
"negative","odd",2,6,"Bartlett",0.696084577871991,1.44707850696749,-0.135335283236613,-0.205557952964976,0.303915422128009,0.696084577871991,0.06415,0.93585,0.00173255270482603,4.89266401185949,1.27364739288691,0.01655,FALSE,20000,2608372
"negative","odd",2,6,"Combined",1.00728903167009,1.44707850696749,-0.135335283236613,-0.205557952964976,0.303915422128009,0.696084577871991,0.09335,0.90665,0.00205713122454548,7.08006893337517,1.84306776770182,0.01655,FALSE,20000,2608372
"negative","odd",2,8,"Raw",1,1.47545190776077,-0.135335283236613,-0.205557952964976,0.228767132806121,0.771232867193879,0.06805,0.93195,0.00178071892082945,4.73689252870677,1.23309730750956,0.00275,FALSE,20000,2608373
"negative","odd",2,8,"Variance",1.47545190776077,1.47545190776077,-0.135335283236613,-0.205557952964976,0.228767132806121,0.771232867193879,0.1149,0.8851,0.00225497217277731,6.98905711833816,1.81937577481965,0.00275,FALSE,20000,2608373
"negative","odd",2,8,"Bartlett",0.771232867193879,1.47545190776077,-0.135335283236613,-0.205557952964976,0.228767132806121,0.771232867193879,0.04585,0.95415,0.00147898237819117,3.65324720650379,0.95100517199965,0.00275,TRUE,20000,2608373
"negative","odd",2,8,"Combined",1.13791700522902,1.47545190776077,-0.135335283236613,-0.205557952964976,0.228767132806121,0.771232867193879,0.08195,0.91805,0.00193951279320349,5.39019056035773,1.40316239531725,0.00275,FALSE,20000,2608373
"negative","odd",2,10,"Raw",1,1.49301680168778,-0.135335283236613,-0.205557952964976,0.183412387468447,0.816587612531553,0.04965,0.95035,0.00153598303213284,3.82900943376449,0.996759203336354,6e-04,TRUE,20000,2608374
"negative","odd",2,10,"Variance",1.49301680168778,1.49301680168778,-0.135335283236613,-0.205557952964976,0.183412387468447,0.816587612531553,0.0943,0.9057,0.00206648868857296,5.71677541843141,1.48817823781811,6e-04,FALSE,20000,2608374
"negative","odd",2,10,"Bartlett",0.816587612531553,1.49301680168778,-0.135335283236613,-0.205557952964976,0.183412387468447,0.816587612531553,0.03355,0.96645,0.0012732713281151,3.12672167187853,0.813941218121286,6e-04,FALSE,20000,2608374
"negative","odd",2,10,"Combined",1.21917902555972,1.49301680168778,-0.135335283236613,-0.205557952964976,0.183412387468447,0.816587612531553,0.06895,0.93105,0.0017915900409971,4.66824799031597,1.2152279142413,6e-04,FALSE,20000,2608374
"negative","odd",2,15,"Raw",1,1.51709771769513,-0.135335283236613,-0.205557952964976,0.122629308483077,0.877370691516923,0.0341,0.9659,0.00128330023766849,3.17679963625015,0.826977402214123,0,FALSE,20000,2608375
"negative","odd",2,15,"Variance",1.51709771769513,1.51709771769513,-0.135335283236613,-0.205557952964976,0.122629308483077,0.877370691516923,0.07665,0.92335,0.00188115360218138,4.81951547772983,1.25460552948449,0,FALSE,20000,2608375
"negative","odd",2,15,"Bartlett",0.877370691516923,1.51709771769513,-0.135335283236613,-0.205557952964976,0.122629308483077,0.877370691516923,0.0253,0.9747,0.00111040330511035,2.78723089366751,0.725565735249473,0,FALSE,20000,2608375
"negative","odd",2,15,"Combined",1.33105707367292,1.51709771769513,-0.135335283236613,-0.205557952964976,0.122629308483077,0.877370691516923,0.0601,0.9399,0.00168059498392682,4.22850162747234,1.10075412098477,0,FALSE,20000,2608375
"negative","odd",2,20,"Raw",1,1.52943184548127,-0.135335283236613,-0.205557952964976,0.0921048751771718,0.907895124822828,0.0289,0.9711,0.00118458410423237,2.93106077848688,0.76300721035902,0,FALSE,20000,2608376
"negative","odd",2,20,"Variance",1.52943184548127,1.52943184548127,-0.135335283236613,-0.205557952964976,0.0921048751771718,0.907895124822828,0.06745,0.93255,0.00177342179838864,4.48285769565896,1.16696752585492,0,FALSE,20000,2608376
"negative","odd",2,20,"Bartlett",0.907895124822828,1.52943184548127,-0.135335283236613,-0.205557952964976,0.0921048751771718,0.907895124822828,0.02315,0.97685,0.00106334560468363,2.66109579134764,0.692730526489621,0,FALSE,20000,2608376
"negative","odd",2,20,"Combined",1.38856371626123,1.52943184548127,-0.135335283236613,-0.205557952964976,0.0921048751771718,0.907895124822828,0.0571,0.9429,0.00164072529693426,4.06996464716327,1.05948412755024,0,TRUE,20000,2608376
"negative","odd",2,30,"Raw",1,1.54196817208358,-0.135335283236613,-0.205557952964976,0.0614918459946905,0.93850815400531,0.02025,0.97975,0.000995990399050111,2.73018414722959,0.710715453338184,0,FALSE,20000,2608377
"negative","odd",2,30,"Variance",1.54196817208358,1.54196817208358,-0.135335283236613,-0.205557952964976,0.0614918459946905,0.93850815400531,0.06085,0.93915,0.00169037388615655,4.20985705895518,1.09590060845543,0,FALSE,20000,2608377
"negative","odd",2,30,"Bartlett",0.93850815400531,1.54196817208358,-0.135335283236613,-0.205557952964976,0.0614918459946905,0.93850815400531,0.01685,0.98315,0.000910112012336943,2.562300084111,0.667012248135465,0,FALSE,20000,2608377
"negative","odd",2,30,"Combined",1.4471497027171,1.54196817208358,-0.135335283236613,-0.205557952964976,0.0614918459946905,0.93850815400531,0.05305,0.94695,0.00158486115322447,3.95098517702624,1.0285116570148,0,TRUE,20000,2608377
"negative","odd",2,50,"Raw",1,1.55214617982011,-0.135335283236613,-0.205557952964976,0.0369376336175707,0.963062366382429,0.01665,0.98335,0.000904786646121615,2.59161989166372,0.674644715102121,0,FALSE,20000,2608378
"negative","odd",2,50,"Variance",1.55214617982011,1.55214617982011,-0.135335283236613,-0.205557952964976,0.0369376336175707,0.963062366382429,0.05555,0.94445,0.00161963263581591,4.02257291439164,1.04714721728158,0,TRUE,20000,2608378
"negative","odd",2,50,"Bartlett",0.963062366382429,1.55214617982011,-0.135335283236613,-0.205557952964976,0.0369376336175707,0.963062366382429,0.015,0.985,0.000859505671883554,2.49589158562944,0.649724935793649,0,FALSE,20000,2608378
"negative","odd",2,50,"Combined",1.494813572909,1.55214617982011,-0.135335283236613,-0.205557952964976,0.0369376336175707,0.963062366382429,0.0507,0.9493,0.00155128188927738,3.87398858987987,1.00846807702598,0,TRUE,20000,2608378
"negative","odd",2,100,"Raw",1,1.55986830011772,-0.135335283236613,-0.205557952964976,0.018484764066569,0.981515235933431,0.0154,0.9846,0.00087071350052701,2.53661565570988,0.660326134968571,0,FALSE,20000,2608379
"negative","odd",2,100,"Variance",1.55986830011772,1.55986830011772,-0.135335283236613,-0.205557952964976,0.018484764066569,0.981515235933431,0.05375,0.94625,0.0015946933482648,3.95678635092415,1.03002180567673,0,TRUE,20000,2608379
"negative","odd",2,100,"Bartlett",0.981515235933431,1.55986830011772,-0.135335283236613,-0.205557952964976,0.018484764066569,0.981515235933431,0.0144,0.9856,0.000842396581189644,2.48972691378651,0.648120162156688,0,FALSE,20000,2608379
"negative","odd",2,100,"Combined",1.53103450261512,1.55986830011772,-0.135335283236613,-0.205557952964976,0.018484764066569,0.981515235933431,0.051,0.949,0.00155561884791873,3.8836460887655,1.01098209561537,0,TRUE,20000,2608379
"negative","odd",2,200,"Raw",1,1.5637582460033,-0.135335283236613,-0.205557952964976,0.00924636884773043,0.99075363115227,0.0141,0.9859,0.000833702284991471,2.49891777077744,0.650512705567909,0,FALSE,20000,2608380
"negative","odd",2,200,"Variance",1.5637582460033,1.5637582460033,-0.135335283236613,-0.205557952964976,0.00924636884773043,0.99075363115227,0.0523,0.9477,0.00157424124580701,3.90770327013741,1.01724460746173,0,TRUE,20000,2608380
"negative","odd",2,200,"Bartlett",0.99075363115227,1.5637582460033,-0.135335283236613,-0.205557952964976,0.00924636884773043,0.99075363115227,0.01365,0.98635,0.000820477833338598,2.47581185534869,0.644497825152093,0,FALSE,20000,2608380
"negative","odd",2,200,"Combined",1.54929916047207,1.5637582460033,-0.135335283236613,-0.205557952964976,0.00924636884773043,0.99075363115227,0.0512,0.9488,0.0015585018447214,3.87157120435423,1.00783878861278,0,TRUE,20000,2608380
"negative","odd",3,5,"Raw",1,1.26555843466888,-0.0497870683678639,-0.13606306582392,0.335794024766683,0.664205975233317,0.1417,0.8583,0.00246597962278686,17.7872816937266,4.63034553381275,0.04215,FALSE,20000,2608381
"negative","odd",3,5,"Variance",1.26555843466888,1.26555843466888,-0.0497870683678639,-0.13606306582392,0.335794024766683,0.664205975233317,0.1724,0.8276,0.00267093841186951,22.5108443773271,5.8599728457481,0.04215,FALSE,20000,2608381
"negative","odd",3,5,"Bartlett",0.664205975233317,1.26555843466888,-0.0497870683678639,-0.13606306582392,0.335794024766683,0.664205975233317,0.10145,0.89855,0.00213492268595376,11.8144187841314,3.07550317095333,0.04215,FALSE,20000,2608381
"negative","odd",3,5,"Combined",0.840591474313993,1.26555843466888,-0.0497870683678639,-0.13606306582392,0.335794024766683,0.664205975233317,0.1219,0.8781,0.00231344321304846,14.951837342968,3.89222897885087,0.04215,FALSE,20000,2608381
"negative","odd",3,6,"Raw",1,1.27888012787813,-0.0497870683678639,-0.13606306582392,0.280514262401687,0.719485737598313,0.1083,0.8917,0.00219739743787964,7.94449430490091,2.06809305415524,0.0178,FALSE,20000,2608382
"negative","odd",3,6,"Variance",1.27888012787813,1.27888012787813,-0.0497870683678639,-0.13606306582392,0.280514262401687,0.719485737598313,0.1402,0.8598,0.00245503523396305,10.1600558925788,2.64484310956193,0.0178,FALSE,20000,2608382
"negative","odd",3,6,"Bartlett",0.719485737598313,1.27888012787813,-0.0497870683678639,-0.13606306582392,0.280514262401687,0.719485737598313,0.0748,0.9252,0.00186017418539233,5.71595034480723,1.48796345649083,0.0178,FALSE,20000,2608382
"negative","odd",3,6,"Combined",0.920136012106222,1.27888012787813,-0.0497870683678639,-0.13606306582392,0.280514262401687,0.719485737598313,0.0994,0.9006,0.00211565167265313,7.31001530791212,1.90292689551498,0.0178,FALSE,20000,2608382
"negative","odd",3,8,"Raw",1,1.29593186187967,-0.0497870683678639,-0.13606306582392,0.211028734685567,0.788971265314433,0.0856,0.9144,0.00197829017082935,5.54414873048755,1.44324044308921,0.0041,FALSE,20000,2608383
"negative","odd",3,8,"Variance",1.29593186187967,1.29593186187967,-0.0497870683678639,-0.13606306582392,0.211028734685567,0.788971265314433,0.115,0.885,0.00225582579114612,7.18483898683856,1.87034127455265,0.0041,FALSE,20000,2608383
"negative","odd",3,8,"Bartlett",0.788971265314433,1.29593186187967,-0.0497870683678639,-0.13606306582392,0.211028734685567,0.788971265314433,0.06015,0.93985,0.0016812492007433,4.37417403898417,1.13867523853706,0.0041,FALSE,20000,2608383
"negative","odd",3,8,"Combined",1.02245300082849,1.29593186187967,-0.0497870683678639,-0.13606306582392,0.211028734685567,0.788971265314433,0.0878,0.9122,0.00200113917556976,5.66863150652649,1.47564552195361,0.0041,FALSE,20000,2608383
"negative","odd",3,10,"Raw",1,1.30638292527996,-0.0497870683678639,-0.13606306582392,0.169131645951629,0.830868354048371,0.06575,0.93425,0.00175252585572938,4.53875060939481,1.18151744460837,0.00095,FALSE,20000,2608384
"negative","odd",3,10,"Variance",1.30638292527996,1.30638292527996,-0.0497870683678639,-0.13606306582392,0.169131645951629,0.830868354048371,0.0955,0.9045,0.00207821738516451,5.9293462982174,1.54351421555679,0.00095,FALSE,20000,2608384
"negative","odd",3,10,"Bartlett",0.830868354048371,1.30638292527996,-0.0497870683678639,-0.13606306582392,0.169131645951629,0.830868354048371,0.0485,0.9515,0.00151900872281893,3.77110424826391,0.981685454481196,0.00095,TRUE,20000,2608384
"negative","odd",3,10,"Combined",1.08543223088426,1.30638292527996,-0.0497870683678639,-0.13606306582392,0.169131645951629,0.830868354048371,0.07395,0.92605,0.00185042424189698,4.92650619938269,1.28245711572993,0.00095,FALSE,20000,2608384
"negative","odd",3,15,"Raw",1,1.32058273968517,-0.0497870683678639,-0.13606306582392,0.113028793481738,0.886971206518262,0.0427,0.9573,0.0014296277487514,3.54810002925015,0.923633493124114,5e-05,TRUE,20000,2608385
"negative","odd",3,15,"Variance",1.32058273968517,1.32058273968517,-0.0497870683678639,-0.13606306582392,0.113028793481738,0.886971206518262,0.07435,0.92565,0.00185502125998599,4.68555965730421,1.21973444881483,5e-05,FALSE,20000,2608385
"negative","odd",3,15,"Bartlett",0.886971206518262,1.32058273968517,-0.0497870683678639,-0.13606306582392,0.113028793481738,0.886971206518262,0.034,0.966,0.0012814835153056,3.14706256379149,0.819236313776973,5e-05,FALSE,20000,2608385
"negative","odd",3,15,"Combined",1.17131886592575,1.32058273968517,-0.0497870683678639,-0.13606306582392,0.113028793481738,0.886971206518262,0.05855,0.94145,0.00166014905204322,4.15595650245241,1.08186933569718,5e-05,TRUE,20000,2608385
"negative","odd",3,20,"Raw",1,1.32779903880914,-0.0497870683678639,-0.13606306582392,0.0848744811790478,0.915125518820952,0.03695,0.96305,0.00133387963287547,3.326726819787,0.866006112538747,0,FALSE,20000,2608386
"negative","odd",3,20,"Variance",1.32779903880914,1.32779903880914,-0.0497870683678639,-0.13606306582392,0.0848744811790478,0.915125518820952,0.0662,0.9338,0.00175808930376133,4.41722467369375,1.14988208383178,0,FALSE,20000,2608386
"negative","odd",3,20,"Bartlett",0.915125518820952,1.32779903880914,-0.0497870683678639,-0.13606306582392,0.0848744811790478,0.915125518820952,0.0294,0.9706,0.00119447980309422,3.04437260693315,0.792504293039136,0,FALSE,20000,2608386
"negative","odd",3,20,"Combined",1.21510278428017,1.32779903880914,-0.0497870683678639,-0.13606306582392,0.0848744811790478,0.915125518820952,0.05585,0.94415,0.00162374224401535,4.0423150212627,1.05228643854948,0,TRUE,20000,2608386
"negative","odd",3,30,"Raw",1,1.33509463792347,-0.0497870683678639,-0.13606306582392,0.0566515781645281,0.943348421835472,0.0309,0.9691,0.0012236255554703,3.11847036653691,0.811793256701741,0,FALSE,20000,2608387
"negative","odd",3,30,"Variance",1.33509463792347,1.33509463792347,-0.0497870683678639,-0.13606306582392,0.0566515781645281,0.943348421835472,0.05875,0.94125,0.00166280542307271,4.16345306488668,1.08382082412493,0,TRUE,20000,2608387
"negative","odd",3,30,"Bartlett",0.943348421835472,1.33509463792347,-0.0497870683678639,-0.13606306582392,0.0566515781645281,0.943348421835472,0.02705,0.97295,0.00114713332921679,2.94180409881328,0.765803887566266,0,FALSE,20000,2608387
"negative","odd",3,30,"Combined",1.25945941968611,1.33509463792347,-0.0497870683678639,-0.13606306582392,0.0566515781645281,0.943348421835472,0.05235,0.94765,0.0015749520230788,3.9275868781469,1.02242066399067,0,TRUE,20000,2608387
"negative","odd",3,50,"Raw",1,1.34098909548605,-0.0497870683678639,-0.13606306582392,0.0340238704403951,0.965976129559605,0.02375,0.97625,0.00107670649436139,2.93371166620916,0.763697283543719,0,FALSE,20000,2608388
"negative","odd",3,50,"Variance",1.34098909548605,1.34098909548605,-0.0497870683678639,-0.13606306582392,0.0340238704403951,0.965976129559605,0.05285,0.94715,0.00158203788671447,3.93407535368669,1.02410972948444,0,TRUE,20000,2608388
"negative","odd",3,50,"Bartlett",0.965976129559605,1.34098909548605,-0.0497870683678639,-0.13606306582392,0.0340238704403951,0.965976129559605,0.0215,0.9785,0.00102561566875706,2.83389544056858,0.737713346112746,0,FALSE,20000,2608388
"negative","odd",3,50,"Combined",1.29536345623925,1.34098909548605,-0.0497870683678639,-0.13606306582392,0.0340238704403951,0.965976129559605,0.0483,0.9517,0.00151603281626751,3.8002228835501,0.989265552731716,0,TRUE,20000,2608388
"negative","odd",3,100,"Raw",1,1.34544420876009,-0.0497870683678639,-0.13606306582392,0.0170242815483269,0.982975718451673,0.02405,0.97595,0.00108331891657074,2.86466611899559,0.745723500552315,0,FALSE,20000,2608389
"negative","odd",3,100,"Variance",1.34544420876009,1.34544420876009,-0.0497870683678639,-0.13606306582392,0.0170242815483269,0.982975718451673,0.0505,0.9495,0.00154838222025442,3.85424843983385,1.00332936515441,0,TRUE,20000,2608389
"negative","odd",3,100,"Bartlett",0.982975718451673,1.34544420876009,-0.0497870683678639,-0.13606306582392,0.0170242815483269,0.982975718451673,0.0226,0.9774,0.00105093387042192,2.81589723644386,0.733028093721708,0,FALSE,20000,2608389
"negative","odd",3,100,"Combined",1.32253898774259,1.34544420876009,-0.0497870683678639,-0.13606306582392,0.0170242815483269,0.982975718451673,0.0485,0.9515,0.00151900872281893,3.78863262923692,0.986248403556319,0,TRUE,20000,2608389
"negative","odd",3,200,"Raw",1,1.34768288464821,-0.0497870683678639,-0.13606306582392,0.00851522735619577,0.991484772643804,0.02455,0.97545,0.00109424168948181,2.90811148091918,0.757033100355793,0,FALSE,20000,2608390
"negative","odd",3,200,"Variance",1.34768288464821,1.34768288464821,-0.0497870683678639,-0.13606306582392,0.00851522735619577,0.991484772643804,0.0519,0.9481,0.00156854056370883,3.91921206948373,1.02024055246167,0,TRUE,20000,2608390
"negative","odd",3,200,"Bartlett",0.991484772643804,1.34768288464821,-0.0497870683678639,-0.13606306582392,0.00851522735619577,0.991484772643804,0.0239,0.9761,0.00108001828688222,2.88334825048199,0.750586791390097,0,FALSE,20000,2608390
"negative","odd",3,200,"Combined",1.33620705848137,1.34768288464821,-0.0497870683678639,-0.13606306582392,0.00851522735619577,0.991484772643804,0.05105,0.94895,0.00155634021826849,3.88583908765493,1.01155297219945,0,TRUE,20000,2608390
"negative","odd",4,5,"Raw",1,1.194837056761,-0.0183156388887342,-0.103318206249278,0.324846301078582,0.675153698921418,0.15345,0.84655,0.00254855937246908,27.2136320329971,7.0841920487071,0.04795,FALSE,20000,2608391
"negative","odd",4,5,"Variance",1.194837056761,1.194837056761,-0.0183156388887342,-0.103318206249278,0.324846301078582,0.675153698921418,0.17585,0.82415,0.00269190246387197,32.515856002083,8.46445517700685,0.04795,FALSE,20000,2608391
"negative","odd",4,5,"Bartlett",0.675153698921418,1.194837056761,-0.0183156388887342,-0.103318206249278,0.324846301078582,0.675153698921418,0.1115,0.8885,0.00222562069993968,18.3733843281644,4.7829184655543,0.04795,FALSE,20000,2608391
"negative","odd",4,5,"Combined",0.806698658480567,1.194837056761,-0.0183156388887342,-0.103318206249278,0.324846301078582,0.675153698921418,0.1295,0.8705,0.00237412878757661,21.9532004534025,5.71480822211072,0.04795,FALSE,20000,2608391
"negative","odd",4,6,"Raw",1,1.20439575333511,-0.0183156388887342,-0.103318206249278,0.271258778817854,0.728741221182146,0.1221,0.8779,0.00231507656460861,9.25317483391374,2.40876585323951,0.01955,FALSE,20000,2608392
"negative","odd",4,6,"Variance",1.20439575333511,1.20439575333511,-0.0183156388887342,-0.103318206249278,0.271258778817854,0.728741221182146,0.1463,0.8537,0.00249896288487845,11.1444844748331,2.90110736442031,0.01955,FALSE,20000,2608392
"negative","odd",4,6,"Bartlett",0.728741221182146,1.20439575333511,-0.0183156388887342,-0.103318206249278,0.271258778817854,0.728741221182146,0.09075,0.90925,0.00203118730672481,6.7431699282782,1.75536696943162,0.01955,FALSE,20000,2608392
"negative","odd",4,6,"Combined",0.877692832072023,1.20439575333511,-0.0183156388887342,-0.103318206249278,0.271258778817854,0.728741221182146,0.1081,0.8919,0.00219561369553025,8.12144522563532,2.11415652352817,0.01955,FALSE,20000,2608392
"negative","odd",4,8,"Raw",1,1.21656136700333,-0.0183156388887342,-0.103318206249278,0.203963016530892,0.796036983469108,0.0892,0.9108,0.00201548207632814,5.80628412912064,1.51147894592593,0.00485,FALSE,20000,2608393
"negative","odd",4,8,"Variance",1.21656136700333,1.21656136700333,-0.0183156388887342,-0.103318206249278,0.203963016530892,0.796036983469108,0.1149,0.8851,0.00225497217277731,7.06370095733274,1.83880689265241,0.00485,FALSE,20000,2608393
"negative","odd",4,8,"Bartlett",0.796036983469108,1.21656136700333,-0.0183156388887342,-0.103318206249278,0.203963016530892,0.796036983469108,0.06485,0.93515,0.00174132819278848,4.62201690330975,1.20319314069195,0.00485,FALSE,20000,2608393
"negative","odd",4,8,"Combined",0.968427840794386,1.21656136700333,-0.0183156388887342,-0.103318206249278,0.203963016530892,0.796036983469108,0.0856,0.9144,0.00197829017082935,5.62296720220301,1.46375829200923,0.00485,FALSE,20000,2608393
"negative","odd",4,10,"Raw",1,1.2239794241192,-0.0183156388887342,-0.103318206249278,0.163419500785152,0.836580499214848,0.0735,0.9265,0.00184523372503323,4.86095858283041,1.26539390625358,7e-04,FALSE,20000,2608394
"negative","odd",4,10,"Variance",1.2239794241192,1.2239794241192,-0.0183156388887342,-0.103318206249278,0.163419500785152,0.836580499214848,0.096,0.904,0.00208307465060665,5.94971328688006,1.54881610466021,7e-04,FALSE,20000,2608394
"negative","odd",4,10,"Bartlett",0.836580499214848,1.2239794241192,-0.0183156388887342,-0.103318206249278,0.163419500785152,0.836580499214848,0.0549,0.9451,0.00161068292969163,4.06658315788696,1.05860386579705,7e-04,TRUE,20000,2608394
"negative","odd",4,10,"Combined",1.02395731765835,1.2239794241192,-0.0183156388887342,-0.103318206249278,0.163419500785152,0.836580499214848,0.0759,0.9241,0.00187268777429661,4.97741411172334,1.29570935002863,7e-04,FALSE,20000,2608394
"negative","odd",4,15,"Raw",1,1.23401204234969,-0.0183156388887342,-0.103318206249278,0.109167745021602,0.890832254978398,0.05205,0.94795,0.00157068134101096,3.89005034379463,1.01264923701349,5e-05,TRUE,20000,2608395
"negative","odd",4,15,"Variance",1.23401204234969,1.23401204234969,-0.0183156388887342,-0.103318206249278,0.109167745021602,0.890832254978398,0.0757,0.9243,0.00187042120924673,4.80036896958913,1.24962135315087,5e-05,FALSE,20000,2608395
"negative","odd",4,15,"Bartlett",0.890832254978398,1.23401204234969,-0.0183156388887342,-0.103318206249278,0.109167745021602,0.890832254978398,0.04045,0.95955,0.00139308645639817,3.46538231974207,0.902100603310879,5e-05,TRUE,20000,2608395
"negative","odd",4,15,"Combined",1.09929773035687,1.23401204234969,-0.0183156388887342,-0.103318206249278,0.109167745021602,0.890832254978398,0.062,0.938,0.00170522725758182,4.27632351390741,1.11320300789654,5e-05,FALSE,20000,2608395
"negative","odd",4,20,"Raw",1,1.23909028120709,-0.0183156388887342,-0.103318206249278,0.081958837953014,0.918041162046986,0.0439,0.9561,0.00144866818146876,3.60738483146198,0.939066380727244,0,TRUE,20000,2608396
"negative","odd",4,20,"Variance",1.23909028120709,1.23909028120709,-0.0183156388887342,-0.103318206249278,0.081958837953014,0.918041162046986,0.0673,0.9327,0.00177159123389116,4.46987548523843,1.16358802576745,0,FALSE,20000,2608396
"negative","odd",4,20,"Bartlett",0.918041162046986,1.23909028120709,-0.0183156388887342,-0.103318206249278,0.081958837953014,0.918041162046986,0.0372,0.9628,0.00133821074573477,3.31172776262602,0.862101591402096,0,FALSE,20000,2608396
"negative","odd",4,20,"Combined",1.13753588164049,1.23909028120709,-0.0183156388887342,-0.103318206249278,0.081958837953014,0.918041162046986,0.05705,0.94295,0.00164005026599797,4.10352968467362,1.06822170331951,0,TRUE,20000,2608396
"negative","odd",4,30,"Raw",1,1.24421048898068,-0.0183156388887342,-0.103318206249278,0.0546945780932179,0.945305421906782,0.03845,0.96155,0.00135962490231681,3.40562756611819,0.88654537900339,0,FALSE,20000,2608397
"negative","odd",4,30,"Variance",1.24421048898068,1.24421048898068,-0.0183156388887342,-0.103318206249278,0.0546945780932179,0.945305421906782,0.0606,0.9394,0.00168712240219849,4.23731753932599,1.10304905951337,0,FALSE,20000,2608397
"negative","odd",4,30,"Bartlett",0.945305421906782,1.24421048898068,-0.0183156388887342,-0.103318206249278,0.0546945780932179,0.945305421906782,0.0334,0.9666,0.00127052036583441,3.21935820324672,0.838056153538308,0,FALSE,20000,2608397
"negative","odd",4,30,"Combined",1.17615892122672,1.24421048898068,-0.0183156388887342,-0.103318206249278,0.0546945780932179,0.945305421906782,0.0547,0.9453,0.00160791650902651,4.00555924426556,1.04271825658716,0,TRUE,20000,2608397
"negative","odd",4,50,"Raw",1,1.24833722360416,-0.0183156388887342,-0.103318206249278,0.0328433161957108,0.967156683804289,0.0326,0.9674,0.00125573165923297,3.20384597250312,0.834018044198169,0,FALSE,20000,2608398
"negative","odd",4,50,"Variance",1.24833722360416,1.24833722360416,-0.0183156388887342,-0.103318206249278,0.0328433161957108,0.967156683804289,0.05535,0.94465,0.00161688554789756,3.99948018616992,1.04113576973012,0,TRUE,20000,2608398
"negative","odd",4,50,"Bartlett",0.967156683804289,1.24833722360416,-0.0183156388887342,-0.103318206249278,0.0328433161957108,0.967156683804289,0.02985,0.97015,0.0012033074731755,3.09862104618584,0.80662612585964,0,FALSE,20000,2608398
"negative","odd",4,50,"Combined",1.20733768945046,1.24833722360416,-0.0183156388887342,-0.103318206249278,0.0328433161957108,0.967156683804289,0.05045,0.94955,0.00154765625220848,3.86812399379706,1.00694141844221,0,TRUE,20000,2608398
"negative","odd",4,100,"Raw",1,1.25145028401215,-0.0183156388887342,-0.103318206249278,0.0164316216002729,0.983568378399727,0.0285,0.9715,0.0011765999745028,3.02423336759432,0.787261691132189,0,FALSE,20000,2608399
"negative","odd",4,100,"Variance",1.25145028401215,1.25145028401215,-0.0183156388887342,-0.103318206249278,0.0164316216002729,0.983568378399727,0.0487,0.9513,0.00152197749654849,3.78467770679494,0.985218866959266,0,TRUE,20000,2608399
"negative","odd",4,100,"Bartlett",0.983568378399727,1.25145028401215,-0.0183156388887342,-0.103318206249278,0.0164316216002729,0.983568378399727,0.02705,0.97295,0.00114713332921679,2.97454030926709,0.774325704923114,0,FALSE,20000,2608399
"negative","odd",4,100,"Combined",1.23088692649371,1.25145028401215,-0.0183156388887342,-0.103318206249278,0.0164316216002729,0.983568378399727,0.0469,0.9531,0.00149499816053399,3.7224893148379,0.969030123343942,0,TRUE,20000,2608399
"negative","odd",4,200,"Raw",1,1.25301264391729,-0.0183156388887342,-0.103318206249278,0.00821830167574085,0.991781698324259,0.0271,0.9729,0.00114816353364841,3.02606197105332,0.787737709109824,0,FALSE,20000,2608400
"negative","odd",4,200,"Variance",1.25301264391729,1.25301264391729,-0.0183156388887342,-0.103318206249278,0.00821830167574085,0.991781698324259,0.04775,0.95225,0.00150781194948176,3.79169391100707,0.987045309605047,0,TRUE,20000,2608400
"negative","odd",4,200,"Bartlett",0.991781698324259,1.25301264391729,-0.0183156388887342,-0.103318206249278,0.00821830167574085,0.991781698324259,0.0261,0.9739,0.00112735952561727,3.00119288088571,0.781263842975002,0,FALSE,20000,2608400
"negative","odd",4,200,"Combined",1.24271500800606,1.25301264391729,-0.0183156388887342,-0.103318206249278,0.00821830167574085,0.991781698324259,0.04695,0.95305,0.0014957556200797,3.76053262658435,0.978933473483088,0,TRUE,20000,2608400
"negative","odd",6,5,"Raw",1,1.12943205680268,-0.00247875217666636,-0.0717577078154861,0.315579259034144,0.684420740965856,0.1612,0.8388,0.00260013999623097,Inf,Inf,0.05025,FALSE,20000,2608401
"negative","odd",6,5,"Variance",1.12943205680268,1.12943205680268,-0.00247875217666636,-0.0717577078154861,0.315579259034144,0.684420740965856,0.17735,0.82265,0.00270089779055039,Inf,Inf,0.05025,FALSE,20000,2608401
"negative","odd",6,5,"Bartlett",0.684420740965856,1.12943205680268,-0.00247875217666636,-0.0717577078154861,0.315579259034144,0.684420740965856,0.1192,0.8808,0.00229119357540999,Inf,Inf,0.05025,FALSE,20000,2608401
"negative","odd",6,5,"Combined",0.773006725187484,1.12943205680268,-0.00247875217666636,-0.0717577078154861,0.315579259034144,0.684420740965856,0.13155,0.86845,0.00239002717034765,Inf,Inf,0.05025,FALSE,20000,2608401
"negative","odd",6,6,"Raw",1,1.13553709494757,-0.00247875217666636,-0.0717577078154861,0.263379400789522,0.736620599210478,0.13515,0.86485,0.00241748296271142,11.0718850268955,2.88220843791184,0.02495,FALSE,20000,2608402
"negative","odd",6,6,"Variance",1.13553709494757,1.13553709494757,-0.00247875217666636,-0.0717577078154861,0.263379400789522,0.736620599210478,0.15195,0.84805,0.00253831831632678,12.5725361590343,3.27285459661977,0.02495,FALSE,20000,2608402
"negative","odd",6,6,"Bartlett",0.736620599210478,1.13553709494757,-0.00247875217666636,-0.0717577078154861,0.263379400789522,0.736620599210478,0.09975,0.90025,0.00211896127265224,8.15577858290124,2.12309410658411,0.02495,FALSE,20000,2608402
"negative","odd",6,6,"Combined",0.836460015306002,1.13553709494757,-0.00247875217666636,-0.0717577078154861,0.263379400789522,0.736620599210478,0.1136,0.8864,0.00224382530514298,9.26118911906327,2.41085211409082,0.02495,FALSE,20000,2608402
"negative","odd",6,8,"Raw",1,1.14326183709007,-0.00247875217666636,-0.0717577078154861,0.197906442711894,0.802093557288106,0.0958,0.9042,0.00208113382558643,6.09888158829501,1.58764726448193,0.00525,FALSE,20000,2608403
"negative","odd",6,8,"Variance",1.14326183709007,1.14326183709007,-0.00247875217666636,-0.0717577078154861,0.197906442711894,0.802093557288106,0.11425,0.88575,0.00224941033940008,6.97261856882895,1.81509652824263,0.00525,FALSE,20000,2608403
"negative","odd",6,8,"Bartlett",0.802093557288106,1.14326183709007,-0.00247875217666636,-0.0717577078154861,0.197906442711894,0.802093557288106,0.07125,0.92875,0.00181897550148428,4.89187362863448,1.27344164208704,0.00525,FALSE,20000,2608403
"negative","odd",6,8,"Combined",0.917002953823308,1.14326183709007,-0.00247875217666636,-0.0717577078154861,0.197906442711894,0.802093557288106,0.0854,0.9146,0.00197619381640567,5.59269243148511,1.45587723115943,0.00525,FALSE,20000,2608403
"negative","odd",6,10,"Raw",1,1.1479473364224,-0.00247875217666636,-0.0717577078154861,0.158503662386996,0.841496337613004,0.07985,0.92015,0.00191668956145746,5.13127408655825,1.33576183582024,0.0015,FALSE,20000,2608404
"negative","odd",6,10,"Variance",1.1479473364224,1.1479473364224,-0.00247875217666636,-0.0717577078154861,0.158503662386996,0.841496337613004,0.0968,0.9032,0.00209081036921094,5.89043242011785,1.53338424152455,0.0015,FALSE,20000,2608404
"negative","odd",6,10,"Bartlett",0.841496337613004,1.1479473364224,-0.00247875217666636,-0.0717577078154861,0.158503662386996,0.841496337613004,0.0601,0.9399,0.00168059498392682,4.31794835112728,1.12403869276596,0.0015,FALSE,20000,2608404
"negative","odd",6,10,"Combined",0.965993479372056,1.1479473364224,-0.00247875217666636,-0.0717577078154861,0.158503662386996,0.841496337613004,0.07575,0.92425,0.00187098820814029,4.95677730848607,1.2903372233964,0.0015,FALSE,20000,2608404
"negative","odd",6,15,"Raw",1,1.15425473936978,-0.00247875217666636,-0.0717577078154861,0.105827782229092,0.894172217770908,0.05945,0.94055,0.00167206006919608,4.15650891538103,1.08201313859977,0,TRUE,20000,2608405
"negative","odd",6,15,"Variance",1.15425473936978,1.15425473936978,-0.00247875217666636,-0.0717577078154861,0.105827782229092,0.894172217770908,0.07575,0.92425,0.00187098820814029,4.7976701148113,1.24891879328916,0,FALSE,20000,2608405
"negative","odd",6,15,"Bartlett",0.894172217770908,1.15425473936978,-0.00247875217666636,-0.0717577078154861,0.105827782229092,0.894172217770908,0.0472,0.9528,0.00149953592821246,3.71663479505081,0.967506087799019,0,TRUE,20000,2608405
"negative","odd",6,15,"Combined",1.03210252017486,1.15425473936978,-0.00247875217666636,-0.0717577078154861,0.105827782229092,0.894172217770908,0.0633,0.9367,0.0017218174990399,4.28994332669403,1.11674848721113,0,FALSE,20000,2608405
"negative","odd",6,20,"Raw",1,1.15743450449201,-0.00247875217666636,-0.0717577078154861,0.0794303394109792,0.920569660589021,0.0483,0.9517,0.00151603281626751,3.79509600522741,0.987930935191351,0,TRUE,20000,2608406
"negative","odd",6,20,"Variance",1.15743450449201,1.15743450449201,-0.00247875217666636,-0.0717577078154861,0.0794303394109792,0.920569660589021,0.0656,0.9344,0.00175066615892351,4.39257506431,1.14346535244553,0,FALSE,20000,2608406
"negative","odd",6,20,"Bartlett",0.920569660589021,1.15743450449201,-0.00247875217666636,-0.0717577078154861,0.0794303394109792,0.920569660589021,0.0402,0.9598,0.0013889557228364,3.49365024143494,0.909459245694496,0,TRUE,20000,2608406
"negative","odd",6,20,"Combined",1.06549908895423,1.15743450449201,-0.00247875217666636,-0.0717577078154861,0.0794303394109792,0.920569660589021,0.05555,0.94445,0.00161963263581591,4.04367133606365,1.05263951139609,0,TRUE,20000,2608406
"negative","odd",6,30,"Raw",1,1.16063183737735,-0.00247875217666636,-0.0717577078154861,0.052993228100093,0.947006771899907,0.04135,0.95865,0.00140783836962913,3.4892757095802,0.908320477310157,0,TRUE,20000,2608407
"negative","odd",6,30,"Variance",1.16063183737735,1.16063183737735,-0.00247875217666636,-0.0717577078154861,0.052993228100093,0.947006771899907,0.05665,0.94335,0.00163463723039701,4.04976447792622,1.05422566450796,0,TRUE,20000,2608407
"negative","odd",6,30,"Bartlett",0.947006771899907,1.16063183737735,-0.00247875217666636,-0.0717577078154861,0.052993228100093,0.947006771899907,0.03625,0.96375,0.00132166443358365,3.3043677259983,0.860185643068075,0,FALSE,20000,2608407
"negative","odd",6,30,"Combined",1.09912620967898,1.16063183737735,-0.00247875217666636,-0.0717577078154861,0.052993228100093,0.947006771899907,0.0498,0.9502,0.00153818009348711,3.83515438519582,0.998358843399715,0,TRUE,20000,2608407
"negative","odd",6,50,"Raw",1,1.16320245052769,-0.00247875217666636,-0.0717577078154861,0.0318149777365871,0.968185022263413,0.0375,0.9625,0.00134338657876279,3.40837085555215,0.887259505995767,0,FALSE,20000,2608408
"negative","odd",6,50,"Variance",1.16320245052769,1.16320245052769,-0.00247875217666636,-0.0717577078154861,0.0318149777365871,0.968185022263413,0.053,0.947,0.00158415592666884,3.9646253314854,1.03206243162826,0,TRUE,20000,2608408
"negative","odd",6,50,"Bartlett",0.968185022263413,1.16320245052769,-0.00247875217666636,-0.0717577078154861,0.0318149777365871,0.968185022263413,0.03505,0.96495,0.00130041334774755,3.29993361266472,0.859031364565936,0,FALSE,20000,2608408
"negative","odd",6,50,"Combined",1.126195190461,1.16320245052769,-0.00247875217666636,-0.0717577078154861,0.0318149777365871,0.968185022263413,0.0499,0.9501,0.00153964265334525,3.83849086483028,0.999227388343238,0,TRUE,20000,2608408
"negative","odd",6,100,"Raw",1,1.16513789553688,-0.00247875217666636,-0.0717577078154861,0.0159146291969928,0.984085370803007,0.0373,0.9627,0.00133993861799711,3.37187024234667,0.877757747703097,0,FALSE,20000,2608409
"negative","odd",6,100,"Variance",1.16513789553688,1.16513789553688,-0.00247875217666636,-0.0717577078154861,0.0159146291969928,0.984085370803007,0.0525,0.9475,0.00157708195728694,3.92869379819124,1.02270881494998,0,TRUE,20000,2608409
"negative","odd",6,100,"Bartlett",0.984085370803007,1.16513789553688,-0.00247875217666636,-0.0717577078154861,0.0159146291969928,0.984085370803007,0.03555,0.96445,0.00130931656790862,3.31820817773935,0.863788558623615,0,FALSE,20000,2608409
"negative","odd",6,100,"Combined",1.14659515796605,1.16513789553688,-0.00247875217666636,-0.0717577078154861,0.0159146291969928,0.984085370803007,0.05095,0.94905,0.00155489706250928,3.8661700931645,1.00643278338356,0,TRUE,20000,2608409
"negative","odd",6,200,"Raw",1,1.16610803533333,-0.00247875217666636,-0.0717577078154861,0.00795909968067122,0.992040900319329,0.0346,0.9654,0.00129233973861365,3.28338645332485,0.854723844919822,0,FALSE,20000,2608410
"negative","odd",6,200,"Variance",1.16610803533333,1.16610803533333,-0.00247875217666636,-0.0717577078154861,0.00795909968067122,0.992040900319329,0.0497,0.9503,0.00153671581627834,3.82878332632672,0.996700343552006,0,TRUE,20000,2608410
"negative","odd",6,200,"Bartlett",0.992040900319329,1.16610803533333,-0.00247875217666636,-0.0717577078154861,0.00795909968067122,0.992040900319329,0.03365,0.96635,0.00127510151556651,3.25725365325267,0.847921012638658,0,FALSE,20000,2608410
"negative","odd",6,200,"Combined",1.15682686524168,1.16610803533333,-0.00247875217666636,-0.0717577078154861,0.00795909968067122,0.992040900319329,0.04885,0.95115,0.00152419942100763,3.79830965817679,0.988767506165916,0,TRUE,20000,2608410
"negative","odd",8,5,"Raw",1,1.09760188568633,-0.000335462627902512,-0.0555907633635472,0.311364551180803,0.688635448819197,0.1722,0.8278,0.00266971122033826,Inf,Inf,0.05285,FALSE,20000,2608411
"negative","odd",8,5,"Variance",1.09760188568633,1.09760188568633,-0.000335462627902512,-0.0555907633635472,0.311364551180803,0.688635448819197,0.18325,0.81675,0.00273559351421223,Inf,Inf,0.05285,FALSE,20000,2608411
"negative","odd",8,5,"Bartlett",0.688635448819197,1.09760188568633,-0.000335462627902512,-0.0555907633635472,0.311364551180803,0.688635448819197,0.1294,0.8706,0.00237334826774327,Inf,Inf,0.05285,FALSE,20000,2608411
"negative","odd",8,5,"Combined",0.755847567174403,1.09760188568633,-0.000335462627902512,-0.0555907633635472,0.311364551180803,0.688635448819197,0.13825,0.86175,0.00244066525254899,Inf,Inf,0.05285,FALSE,20000,2608411
"negative","odd",8,6,"Raw",1,1.10208189338301,-0.000335462627902512,-0.0555907633635472,0.259779089788868,0.740220910211132,0.13615,0.86385,0.00242500698452602,11.0527589617899,2.87722958326356,0.02575,FALSE,20000,2608412
"negative","odd",8,6,"Variance",1.10208189338301,1.10208189338301,-0.000335462627902512,-0.0555907633635472,0.259779089788868,0.740220910211132,0.1481,0.8519,0.00251163681689849,12.1810455237154,3.1709426268207,0.02575,FALSE,20000,2608412
"negative","odd",8,6,"Bartlett",0.740220910211132,1.10208189338301,-0.000335462627902512,-0.0555907633635472,0.259779089788868,0.740220910211132,0.10205,0.89795,0.00214051159188639,8.18148329904034,2.12978550100975,0.02575,FALSE,20000,2608412
"negative","odd",8,6,"Combined",0.815784062247179,1.10208189338301,-0.000335462627902512,-0.0555907633635472,0.259779089788868,0.740220910211132,0.1131,0.8869,0.00223951322836013,9.01666460488785,2.3471980374525,0.02575,FALSE,20000,2608412
"negative","odd",8,8,"Raw",1,1.10773359540036,-0.000335462627902512,-0.0555907633635472,0.195123658408712,0.804876341591288,0.10105,0.89895,0.00213118391393141,6.49476854562325,1.69070367502981,0.0069,FALSE,20000,2608413
"negative","odd",8,8,"Variance",1.10773359540036,1.10773359540036,-0.000335462627902512,-0.0555907633635472,0.195123658408712,0.804876341591288,0.1143,0.8857,0.00224983899423937,7.19447331233639,1.87284926069737,0.0069,FALSE,20000,2608413
"negative","odd",8,8,"Bartlett",0.804876341591288,1.10773359540036,-0.000335462627902512,-0.0555907633635472,0.195123658408712,0.804876341591288,0.0753,0.9247,0.00186587660363701,5.22748554648341,1.36080738867294,0.0069,FALSE,20000,2608413
"negative","odd",8,8,"Combined",0.891588563723603,1.10773359540036,-0.000335462627902512,-0.0555907633635472,0.195123658408712,0.804876341591288,0.08725,0.91275,0.00199546282225453,5.79066135930947,1.50741206130205,0.0069,FALSE,20000,2608413
"negative","odd",8,10,"Raw",1,1.11115252625036,-0.000335462627902512,-0.0555907633635472,0.156237810439159,0.843762189560841,0.08155,0.91845,0.00193519504830908,5.30168087221672,1.38012175053298,9e-04,FALSE,20000,2608414
"negative","odd",8,10,"Variance",1.11115252625036,1.11115252625036,-0.000335462627902512,-0.0555907633635472,0.156237810439159,0.843762189560841,0.09365,0.90635,0.00206009317143667,5.89097609453681,1.53352576963778,9e-04,FALSE,20000,2608414
"negative","odd",8,10,"Bartlett",0.843762189560841,1.11115252625036,-0.000335462627902512,-0.0555907633635472,0.156237810439159,0.843762189560841,0.0624,0.9376,0.00171035434925047,4.4733578610944,1.16449455009024,9e-04,FALSE,20000,2608414
"negative","odd",8,10,"Combined",0.937548488485062,1.11115252625036,-0.000335462627902512,-0.0555907633635472,0.156237810439159,0.843762189560841,0.0733,0.9267,0.00184292037266942,4.97058288817695,1.29393106113755,9e-04,FALSE,20000,2608414
"negative","odd",8,15,"Raw",1,1.11574406561503,-0.000335462627902512,-0.0555907633635472,0.104281992481386,0.895718007518614,0.06045,0.93955,0.00168516761035809,4.22158610261972,1.0989538869655,0,FALSE,20000,2608415
"negative","odd",8,15,"Variance",1.11574406561503,1.11574406561503,-0.000335462627902512,-0.0555907633635472,0.104281992481386,0.895718007518614,0.07435,0.92565,0.00185502125998599,4.71020964148084,1.22615127776633,0,FALSE,20000,2608415
"negative","odd",8,15,"Bartlett",0.895718007518614,1.11574406561503,-0.000335462627902512,-0.0555907633635472,0.104281992481386,0.895718007518614,0.0487,0.9513,0.00152197749654849,3.78135069240681,0.984352785987577,0,TRUE,20000,2608415
"negative","odd",8,15,"Combined",0.999392051353412,1.11574406561503,-0.000335462627902512,-0.0555907633635472,0.104281992481386,0.895718007518614,0.06045,0.93955,0.00168516761035809,4.21901959506218,1.09828577943726,0,FALSE,20000,2608415
"negative","odd",8,20,"Raw",1,1.11805409473639,-0.000335462627902512,-0.0555907633635472,0.078257788931769,0.921742211068231,0.055,0.945,0.00161206389451535,4.02225494919956,1.04706444529133,0,TRUE,20000,2608416
"negative","odd",8,20,"Variance",1.11805409473639,1.11805409473639,-0.000335462627902512,-0.0555907633635472,0.078257788931769,0.921742211068231,0.0681,0.9319,0.00178132520893856,4.49709861602626,1.17067469051085,0,FALSE,20000,2608416
"negative","odd",8,20,"Bartlett",0.921742211068231,1.11805409473639,-0.000335462627902512,-0.0555907633635472,0.078257788931769,0.921742211068231,0.04645,0.95355,0.00148815989564294,3.70748217035534,0.965123496933758,0,TRUE,20000,2608416
"negative","odd",8,20,"Combined",1.03055765337621,1.11805409473639,-0.000335462627902512,-0.0555907633635472,0.078257788931769,0.921742211068231,0.05845,0.94155,0.00165881881922047,4.14516562172793,1.07906027767309,0,TRUE,20000,2608416
"negative","odd",8,30,"Raw",1,1.12037370904082,-0.000335462627902512,-0.0555907633635472,0.0522027223349992,0.947797277665001,0.04765,0.95235,0.00150631134729843,3.74571620253209,0.975076494990325,0,TRUE,20000,2608417
"negative","odd",8,30,"Variance",1.12037370904082,1.12037370904082,-0.000335462627902512,-0.0555907633635472,0.0522027223349992,0.947797277665001,0.0608,0.9392,0.00168972423785658,4.19660195484517,1.09245006929083,0,FALSE,20000,2608417
"negative","odd",8,30,"Bartlett",0.947797277665001,1.12037370904082,-0.000335462627902512,-0.0555907633635472,0.0522027223349992,0.947797277665001,0.0412,0.9588,0.00140539247187396,3.5501796196656,0.92417484746696,0,TRUE,20000,2608417
"negative","odd",8,30,"Combined",1.06188715139633,1.12037370904082,-0.000335462627902512,-0.0555907633635472,0.0522027223349992,0.947797277665001,0.0542,0.9458,0.00160097407849097,3.97752790824587,1.03542120165879,0,TRUE,20000,2608417
"negative","odd",8,50,"Raw",1,1.12223634197355,-0.000335462627902512,-0.0555907633635472,0.0313364476636331,0.968663552336367,0.04445,0.95555,0.00145729539730283,3.66206905148954,0.95330165502798,0,TRUE,20000,2608418
"negative","odd",8,50,"Variance",1.12223634197355,1.12223634197355,-0.000335462627902512,-0.0555907633635472,0.0313364476636331,0.968663552336367,0.05715,0.94285,0.00164139997410747,4.10970697639819,1.06982976213594,0,TRUE,20000,2608418
"negative","odd",8,50,"Bartlett",0.968663552336367,1.12223634197355,-0.000335462627902512,-0.0555907633635472,0.0313364476636331,0.968663552336367,0.041,0.959,0.00140212338972003,3.54731281631693,0.923428567607541,0,TRUE,20000,2608418
"negative","odd",8,50,"Combined",1.08706944157707,1.12223634197355,-0.000335462627902512,-0.0555907633635472,0.0313364476636331,0.968663552336367,0.0538,0.9462,0.00159539274161568,3.98092335881942,1.03630509778577,0,TRUE,20000,2608418
"negative","odd",8,100,"Raw",1,1.12363738609587,-0.000335462627902512,-0.0555907633635472,0.0156737791803041,0.984326220819696,0.03935,0.96065,0.00137480139474762,3.51469007961133,0.914936289483965,0,FALSE,20000,2608419
"negative","odd",8,100,"Variance",1.12363738609587,1.12363738609587,-0.000335462627902512,-0.0555907633635472,0.0156737791803041,0.984326220819696,0.0528,0.9472,0.00158133108487755,3.94923717399155,1.02805662076002,0,TRUE,20000,2608419
"negative","odd",8,100,"Bartlett",0.984326220819696,1.12363738609587,-0.000335462627902512,-0.0555907633635472,0.0156737791803041,0.984326220819696,0.03775,0.96225,0.00134768203779675,3.4596016034163,0.900595780118547,0,FALSE,20000,2608419
"negative","odd",8,100,"Combined",1.10602574182747,1.12363738609587,-0.000335462627902512,-0.0555907633635472,0.0156737791803041,0.984326220819696,0.0512,0.9488,0.0015585018447214,3.88733770259576,1.01194308830137,0,TRUE,20000,2608419
"negative","odd",8,200,"Raw",1,1.12433922081548,-0.000335462627902512,-0.0555907633635472,0.00783827842727395,0.992161721572726,0.0399,0.9601,0.00138397958799977,3.48856419182226,0.908135256592936,0,FALSE,20000,2608420
"negative","odd",8,200,"Variance",1.12433922081548,1.12433922081548,-0.000335462627902512,-0.0555907633635472,0.00783827842727395,0.992161721572726,0.05235,0.94765,0.0015749520230788,3.92232954519821,1.02105208679277,0,TRUE,20000,2608420
"negative","odd",8,200,"Bartlett",0.992161721572726,1.12433922081548,-0.000335462627902512,-0.0555907633635472,0.00783827842727395,0.992161721572726,0.039,0.961,0.00136892293428082,3.46121985437533,0.901017039602137,0,FALSE,20000,2608420
"negative","odd",8,200,"Combined",1.11552633695602,1.12433922081548,-0.000335462627902512,-0.0555907633635472,0.00783827842727395,0.992161721572726,0.0518,0.9482,0.00156711135532865,3.89158523413943,1.01304879624773,0,TRUE,20000,2608420
"negative","odd",12,5,"Raw",1,1.06557427411577,-6.14421235332821e-06,-0.0384619929163521,0.307337350427772,0.692662649572228,0.16835,0.83165,0.00264582952493164,Inf,Inf,0.0581,FALSE,20000,2608421
"negative","odd",12,5,"Variance",1.06557427411577,1.06557427411577,-6.14421235332821e-06,-0.0384619929163521,0.307337350427772,0.692662649572228,0.1764,0.8236,0.00269520908279859,Inf,Inf,0.0581,FALSE,20000,2608421
"negative","odd",12,5,"Bartlett",0.692662649572228,1.06557427411577,-6.14421235332821e-06,-0.0384619929163521,0.307337350427772,0.692662649572228,0.13165,0.86835,0.00239079774866048,Inf,Inf,0.0581,FALSE,20000,2608421
"negative","odd",12,5,"Combined",0.73808350002503,1.06557427411577,-6.14421235332821e-06,-0.0384619929163521,0.307337350427772,0.692662649572228,0.13685,0.86315,0.00243024769828098,Inf,Inf,0.0581,FALSE,20000,2608421
"negative","odd",12,6,"Raw",1,1.06849365568869,-6.14421235332821e-06,-0.0384619929163521,0.256328133802496,0.743671866197504,0.14335,0.85665,0.00247791018299695,12.2252312392077,3.18244495381541,0.0286,FALSE,20000,2608422
"negative","odd",12,6,"Variance",1.06849365568869,1.06849365568869,-6.14421235332821e-06,-0.0384619929163521,0.256328133802496,0.743671866197504,0.1528,0.8472,0.00254413207204343,13.0625820184206,3.40042224273024,0.0286,FALSE,20000,2608422
"negative","odd",12,6,"Bartlett",0.743671866197504,1.06849365568869,-6.14421235332821e-06,-0.0384619929163521,0.256328133802496,0.743671866197504,0.10945,0.89055,0.00220760840617171,9.09156053035762,2.36669477787474,0.0286,FALSE,20000,2608422
"negative","odd",12,6,"Combined",0.794608670946199,1.06849365568869,-6.14421235332821e-06,-0.0384619929163521,0.256328133802496,0.743671866197504,0.1159,0.8841,0.00226348392969776,9.71427474699679,2.5287983551107,0.0286,FALSE,20000,2608422
"negative","odd",12,8,"Raw",1,1.07216545519277,-6.14421235332821e-06,-0.0384619929163521,0.192446420770015,0.807553579229985,0.10565,0.89435,0.002173569385826,6.73791353860527,1.75399863778516,0.00605,FALSE,20000,2608423
"negative","odd",12,8,"Variance",1.07216545519277,1.07216545519277,-6.14421235332821e-06,-0.0384619929163521,0.192446420770015,0.807553579229985,0.1158,0.8842,0.00226263518933124,7.22415813616825,1.88057674788842,0.00605,FALSE,20000,2608423
"negative","odd",12,8,"Bartlett",0.807553579229985,1.07216545519277,-6.14421235332821e-06,-0.0384619929163521,0.192446420770015,0.807553579229985,0.0808,0.9192,0.00192706201249467,5.44122619464286,1.41644787790792,0.00605,FALSE,20000,2608423
"negative","odd",12,8,"Combined",0.865831050867669,1.07216545519277,-6.14421235332821e-06,-0.0384619929163521,0.192446420770015,0.807553579229985,0.0875,0.9125,0.00199804592039322,5.83389475978609,1.51866648377398,0.00605,FALSE,20000,2608423
"negative","odd",12,10,"Raw",1,1.0743806730754,-6.14421235332821e-06,-0.0384619929163521,0.15405329041672,0.84594670958328,0.09,0.91,0.00202361063448481,5.49141548702124,1.4295130426594,0.0016,FALSE,20000,2608424
"negative","odd",12,10,"Variance",1.0743806730754,1.0743806730754,-6.14421235332821e-06,-0.0384619929163521,0.15405329041672,0.84594670958328,0.09975,0.90025,0.00211896127265224,5.89987066708256,1.53584118494247,0.0016,FALSE,20000,2608424
"negative","odd",12,10,"Bartlett",0.84594670958328,1.0743806730754,-6.14421235332821e-06,-0.0384619929163521,0.15405329041672,0.84594670958328,0.06935,0.93065,0.00179639329630234,4.64544486220028,1.2092918547441,0.0016,FALSE,20000,2608424
"negative","odd",12,10,"Combined",0.908868795228005,1.0743806730754,-6.14421235332821e-06,-0.0384619929163521,0.15405329041672,0.84594670958328,0.07745,0.92255,0.0018901256241319,4.9909761777854,1.29923979684457,0.0016,FALSE,20000,2608424
"negative","odd",12,15,"Raw",1,1.07734857548721,-6.14421235332821e-06,-0.0384619929163521,0.102787663656221,0.897212336343779,0.06905,0.93095,0.00179279247962501,4.59648021693028,1.19654548739891,0,FALSE,20000,2608425
"negative","odd",12,15,"Variance",1.07734857548721,1.07734857548721,-6.14421235332821e-06,-0.0384619929163521,0.102787663656221,0.897212336343779,0.07915,0.92085,0.0019089955146621,4.95201141396499,1.28909657635486,0,FALSE,20000,2608425
"negative","odd",12,15,"Bartlett",0.897212336343779,1.07734857548721,-6.14421235332821e-06,-0.0384619929163521,0.102787663656221,0.897212336343779,0.05675,0.94325,0.00163599262681713,4.12401875438998,1.07355537229078,0,TRUE,20000,2608425
"negative","odd",12,15,"Combined",0.966610432469523,1.07734857548721,-6.14421235332821e-06,-0.0384619929163521,0.102787663656221,0.897212336343779,0.0651,0.9349,0.00174444819355577,4.44300573032459,1.15659335104411,0,FALSE,20000,2608425
"negative","odd",12,20,"Raw",1,1.078838684167,-6.14421235332821e-06,-0.0384619929163521,0.0771227990090686,0.922877200990931,0.0613,0.9387,0.00169620620798298,4.21806144857302,1.09803635687831,0,FALSE,20000,2608426
"negative","odd",12,20,"Variance",1.078838684167,1.078838684167,-6.14421235332821e-06,-0.0384619929163521,0.0771227990090686,0.922877200990931,0.07045,0.92955,0.00180951371229952,4.55060786291406,1.18460409842212,0,FALSE,20000,2608426
"negative","odd",12,20,"Bartlett",0.922877200990931,1.078838684167,-6.14421235332821e-06,-0.0384619929163521,0.0771227990090686,0.922877200990931,0.0515,0.9485,0.00156281396845562,3.89275274326682,1.01335271962213,0,TRUE,20000,2608426
"negative","odd",12,20,"Combined",0.995635625164781,1.078838684167,-6.14421235332821e-06,-0.0384619929163521,0.0771227990090686,0.922877200990931,0.06065,0.93935,0.00168777334823133,4.19965224733346,1.09324411463419,0,FALSE,20000,2608426
"negative","odd",12,30,"Raw",1,1.08033292057166,-6.14421235332821e-06,-0.0384619929163521,0.0514365668506476,0.948563433149352,0.0511,0.9489,0.00155706117413543,3.89002320736909,1.01264217291966,0,TRUE,20000,2608427
"negative","odd",12,30,"Variance",1.08033292057166,1.08033292057166,-6.14421235332821e-06,-0.0384619929163521,0.0514365668506476,0.948563433149352,0.06095,0.93905,0.00169167221263459,4.2025201327086,1.09399067616433,0,FALSE,20000,2608427
"negative","odd",12,30,"Bartlett",0.948563433149352,1.08033292057166,-6.14421235332821e-06,-0.0384619929163521,0.0514365668506476,0.948563433149352,0.04605,0.95395,0.00148204921476987,3.68993376861268,0.960555336096492,0,TRUE,20000,2608427
"negative","odd",12,30,"Combined",1.02476430408172,1.08033292057166,-6.14421235332821e-06,-0.0384619929163521,0.0514365668506476,0.948563433149352,0.05375,0.94625,0.0015946933482648,3.98635692496134,1.03771955161582,0,TRUE,20000,2608427
"negative","odd",12,50,"Raw",1,1.0815312931957,-6.14421235332821e-06,-0.0384619929163521,0.0308721965157975,0.969127803484202,0.04725,0.95275,0.00150029059685116,3.76436608061533,0.979931389694068,0,TRUE,20000,2608428
"negative","odd",12,50,"Variance",1.0815312931957,1.0815312931957,-6.14421235332821e-06,-0.0384619929163521,0.0308721965157975,0.969127803484202,0.0567,0.9433,0.00163531510724998,4.07127971522994,1.05982646313889,0,TRUE,20000,2608428
"negative","odd",12,50,"Bartlett",0.969127803484202,1.0815312931957,-6.14421235332821e-06,-0.0384619929163521,0.0308721965157975,0.969127803484202,0.04335,0.95665,0.00143997877588526,3.64815183121717,0.949678755259434,0,TRUE,20000,2608428
"negative","odd",12,50,"Combined",1.04814204657418,1.0815312931957,-6.14421235332821e-06,-0.0384619929163521,0.0308721965157975,0.969127803484202,0.0533,0.9467,0.0015883814088562,3.94559036779058,1.02710729229622,0,TRUE,20000,2608428
"negative","odd",12,100,"Raw",1,1.08243181883533,-6.14421235332821e-06,-0.0384619929163521,0.0154399444099271,0.984560055590073,0.0439,0.9561,0.00144866818146876,3.6054357977169,0.938559012605899,0,TRUE,20000,2608429
"negative","odd",12,100,"Variance",1.08243181883533,1.08243181883533,-6.14421235332821e-06,-0.0384619929163521,0.0154399444099271,0.984560055590073,0.0511,0.9489,0.00155706117413543,3.90263842821672,1.0159261390993,0,TRUE,20000,2608429
"negative","odd",12,100,"Bartlett",0.984560055590073,1.08243181883533,-6.14421235332821e-06,-0.0384619929163521,0.0154399444099271,0.984560055590073,0.0421,0.9579,0.00141999278167179,3.54976806942659,0.924067713625828,0,TRUE,20000,2608429
"negative","odd",12,100,"Combined",1.06571913172498,1.08243181883533,-6.14421235332821e-06,-0.0384619929163521,0.0154399444099271,0.984560055590073,0.05005,0.94995,0.00154183328378914,3.84238190783301,1.00024029598701,0,TRUE,20000,2608429
"negative","odd",12,200,"Raw",1,1.08288264424926,-6.14421235332821e-06,-0.0384619929163521,0.00772093374297063,0.992279066257029,0.04125,0.95875,0.00140620833271603,3.59775135054865,0.936558614442875,0,TRUE,20000,2608430
"negative","odd",12,200,"Variance",1.08288264424926,1.08288264424926,-6.14421235332821e-06,-0.0384619929163521,0.00772093374297063,0.992279066257029,0.0521,0.9479,0.00157139412624586,3.89594249583346,1.01418306890232,0,TRUE,20000,2608430
"negative","odd",12,200,"Bartlett",0.992279066257029,1.08288264424926,-6.14421235332821e-06,-0.0384619929163521,0.00772093374297063,0.992279066257029,0.04055,0.95945,0.00139473469699438,3.56997335074738,0.929327507434353,0,TRUE,20000,2608430
"negative","odd",12,200,"Combined",1.0745217791016,1.08288264424926,-6.14421235332821e-06,-0.0384619929163521,0.00772093374297063,0.992279066257029,0.0508,0.9492,0.00155272921013292,3.86586218195671,1.00635262862409,0,TRUE,20000,2608430
