"design_id","scenario_id","innovation","innovation_label","phi","N","M","Q","comparison","paired_coverage_difference","paired_coverage_difference_mcse","paired_mean_length_difference","paired_mean_length_difference_mcse"
"gaussian_phi000_N64_M4_Q16","gaussian_phi000_N64","gaussian","Gaussian",0,64,4,16,"K_asym_full_minus_K_leading",0,0,0,0
"gaussian_phi000_N64_M4_Q16","gaussian_phi000_N64","gaussian","Gaussian",0,64,4,16,"V_oracle_minus_V_feasible",0.00263,0.000373406247031639,-0.0101351713769712,0.000218758821757103
"gaussian_phi000_N64_M4_Q16","gaussian_phi000_N64","gaussian","Gaussian",0,64,4,16,"VK_asym_full_oracle_minus_VK_leading_oracle",0,0,0,0
"gaussian_phi000_N64_M4_Q16","gaussian_phi000_N64","gaussian","Gaussian",0,64,4,16,"VK_asym_full_oracle_minus_VK_asym_full_feasible",0.00246,0.000356006673262615,-0.0124889718752586,0.000228999917271319
"gaussian_phi000_N64_M4_Q16","gaussian_phi000_N64","gaussian","Gaussian",0,64,4,16,"VK_leading_oracle_minus_F_feasible_leading",0.00246,0.000356006673262615,-0.0124889718752586,0.000228999917271319
"gaussian_phi000_N64_M8_Q8","gaussian_phi000_N64","gaussian","Gaussian",0,64,8,8,"K_asym_full_minus_K_leading",0,0,0,0
"gaussian_phi000_N64_M8_Q8","gaussian_phi000_N64","gaussian","Gaussian",0,64,8,8,"V_oracle_minus_V_feasible",0.00404,0.000412114647136963,-0.0100039736726491,0.000206090448952025
"gaussian_phi000_N64_M8_Q8","gaussian_phi000_N64","gaussian","Gaussian",0,64,8,8,"VK_asym_full_oracle_minus_VK_leading_oracle",0,0,0,0
"gaussian_phi000_N64_M8_Q8","gaussian_phi000_N64","gaussian","Gaussian",0,64,8,8,"VK_asym_full_oracle_minus_VK_asym_full_feasible",0.0029,0.000374589512897828,-0.0143051023298345,0.000219929166017744
"gaussian_phi000_N64_M8_Q8","gaussian_phi000_N64","gaussian","Gaussian",0,64,8,8,"VK_leading_oracle_minus_F_feasible_leading",0.0029,0.000374589512897828,-0.0143051023298345,0.000219929166017744
"gaussian_phi000_N64_M16_Q4","gaussian_phi000_N64","gaussian","Gaussian",0,64,16,4,"K_asym_full_minus_K_leading",0,0,0,0
"gaussian_phi000_N64_M16_Q4","gaussian_phi000_N64","gaussian","Gaussian",0,64,16,4,"V_oracle_minus_V_feasible",0.00331,0.000303959475775356,-0.00203446694683578,7.66717499050264e-05
"gaussian_phi000_N64_M16_Q4","gaussian_phi000_N64","gaussian","Gaussian",0,64,16,4,"VK_asym_full_oracle_minus_VK_leading_oracle",0,0,0,0
"gaussian_phi000_N64_M16_Q4","gaussian_phi000_N64","gaussian","Gaussian",0,64,16,4,"VK_asym_full_oracle_minus_VK_asym_full_feasible",0.00242,0.000260273151556464,-0.00331593390178938,7.21732530866265e-05
"gaussian_phi000_N64_M16_Q4","gaussian_phi000_N64","gaussian","Gaussian",0,64,16,4,"VK_leading_oracle_minus_F_feasible_leading",0.00242,0.000260273151556464,-0.00331593390178938,7.21732530866265e-05
"gaussian_phi005_N64_M4_Q16","gaussian_phi005_N64","gaussian","Gaussian",0.05,64,4,16,"K_asym_full_minus_K_leading",-0.00105,0.000102416209121403,-0.0022913257991705,3.23319831187374e-06
"gaussian_phi005_N64_M4_Q16","gaussian_phi005_N64","gaussian","Gaussian",0.05,64,4,16,"V_oracle_minus_V_feasible",0.00237,0.000359228508683838,-0.00947947891785427,0.000212791336133634
"gaussian_phi005_N64_M4_Q16","gaussian_phi005_N64","gaussian","Gaussian",0.05,64,4,16,"VK_asym_full_oracle_minus_VK_leading_oracle",-0.00108,0.000103867434186269,-0.00231979874501477,3.28003694215789e-06
"gaussian_phi005_N64_M4_Q16","gaussian_phi005_N64","gaussian","Gaussian",0.05,64,4,16,"VK_asym_full_oracle_minus_VK_asym_full_feasible",0.00183,0.000339805334973801,-0.0115648072627181,0.000221771679903331
"gaussian_phi005_N64_M4_Q16","gaussian_phi005_N64","gaussian","Gaussian",0.05,64,4,16,"VK_leading_oracle_minus_F_feasible_leading",0.00189,0.000337735724574994,-0.0117790682008405,0.000222641275536292
"gaussian_phi005_N64_M8_Q8","gaussian_phi005_N64","gaussian","Gaussian",0.05,64,8,8,"K_asym_full_minus_K_leading",-0.00133,0.000115249485137411,-0.00225313195745604,4.6109543717512e-06
"gaussian_phi005_N64_M8_Q8","gaussian_phi005_N64","gaussian","Gaussian",0.05,64,8,8,"V_oracle_minus_V_feasible",0.00442,0.000410617001673361,-0.0100907762058186,0.000206299288436242
"gaussian_phi005_N64_M8_Q8","gaussian_phi005_N64","gaussian","Gaussian",0.05,64,8,8,"VK_asym_full_oracle_minus_VK_leading_oracle",-0.00129,0.000113505452886099,-0.00226199982740061,4.63211295062652e-06
"gaussian_phi005_N64_M8_Q8","gaussian_phi005_N64","gaussian","Gaussian",0.05,64,8,8,"VK_asym_full_oracle_minus_VK_asym_full_feasible",0.00325,0.000379467804903327,-0.0142181971739052,0.000219403055658088
"gaussian_phi005_N64_M8_Q8","gaussian_phi005_N64","gaussian","Gaussian",0.05,64,8,8,"VK_leading_oracle_minus_F_feasible_leading",0.00353,0.000378915329286462,-0.0144339977272252,0.000219985052561491
"gaussian_phi005_N64_M16_Q4","gaussian_phi005_N64","gaussian","Gaussian",0.05,64,16,4,"K_asym_full_minus_K_leading",-0.00115,0.000107176909215086,-0.00161221239510224,5.03215346377421e-06
"gaussian_phi005_N64_M16_Q4","gaussian_phi005_N64","gaussian","Gaussian",0.05,64,16,4,"V_oracle_minus_V_feasible",0.00356,0.000297782052416709,-0.0019845797506965,7.67355720010712e-05
"gaussian_phi005_N64_M16_Q4","gaussian_phi005_N64","gaussian","Gaussian",0.05,64,16,4,"VK_asym_full_oracle_minus_VK_leading_oracle",-0.00119,0.000109022740103056,-0.00161022077576418,5.02666863605838e-06
"gaussian_phi005_N64_M16_Q4","gaussian_phi005_N64","gaussian","Gaussian",0.05,64,16,4,"VK_asym_full_oracle_minus_VK_asym_full_feasible",0.00206,0.000247705828719826,-0.00326853051971133,7.24862522577375e-05
"gaussian_phi005_N64_M16_Q4","gaussian_phi005_N64","gaussian","Gaussian",0.05,64,16,4,"VK_leading_oracle_minus_F_feasible_leading",0.00197,0.000247106862749735,-0.00329164447616332,7.22130218996913e-05
"gaussian_phi010_N64_M4_Q16","gaussian_phi010_N64","gaussian","Gaussian",0.1,64,4,16,"K_asym_full_minus_K_leading",-0.00234,0.000152792268962715,-0.00474932094396445,6.64286425325889e-06
"gaussian_phi010_N64_M4_Q16","gaussian_phi010_N64","gaussian","Gaussian",0.1,64,4,16,"V_oracle_minus_V_feasible",0.00235,0.00034734130399337,-0.00885922374413948,0.000204122892418535
"gaussian_phi010_N64_M4_Q16","gaussian_phi010_N64","gaussian","Gaussian",0.1,64,4,16,"VK_asym_full_oracle_minus_VK_leading_oracle",-0.00204,0.000142683522475007,-0.0048706473631358,6.84103449378703e-06
"gaussian_phi010_N64_M4_Q16","gaussian_phi010_N64","gaussian","Gaussian",0.1,64,4,16,"VK_asym_full_oracle_minus_VK_asym_full_feasible",0.00182,0.000339658695870276,-0.0106701000235565,0.000211664727215428
"gaussian_phi010_N64_M4_Q16","gaussian_phi010_N64","gaussian","Gaussian",0.1,64,4,16,"VK_leading_oracle_minus_F_feasible_leading",0.00188,0.000336401230167008,-0.011083121789325,0.000213286547230782
"gaussian_phi010_N64_M8_Q8","gaussian_phi010_N64","gaussian","Gaussian",0.1,64,8,8,"K_asym_full_minus_K_leading",-0.00243,0.000155695836206156,-0.00470479633190736,9.54221750099119e-06
"gaussian_phi010_N64_M8_Q8","gaussian_phi010_N64","gaussian","Gaussian",0.1,64,8,8,"V_oracle_minus_V_feasible",0.00467,0.000409736000170718,-0.00987846999050842,0.000206443095507385
"gaussian_phi010_N64_M8_Q8","gaussian_phi010_N64","gaussian","Gaussian",0.1,64,8,8,"VK_asym_full_oracle_minus_VK_leading_oracle",-0.00237,0.000153766275368412,-0.00474239139642363,9.63192561946435e-06
"gaussian_phi010_N64_M8_Q8","gaussian_phi010_N64","gaussian","Gaussian",0.1,64,8,8,"VK_asym_full_oracle_minus_VK_asym_full_feasible",0.00366,0.000363960669130178,-0.013841468514549,0.000218291779879758
"gaussian_phi010_N64_M8_Q8","gaussian_phi010_N64","gaussian","Gaussian",0.1,64,8,8,"VK_leading_oracle_minus_F_feasible_leading",0.00381,0.000362430893497679,-0.0142775541898665,0.000219401475858416
"gaussian_phi010_N64_M16_Q4","gaussian_phi010_N64","gaussian","Gaussian",0.1,64,16,4,"K_asym_full_minus_K_leading",-0.00243,0.000155695836206156,-0.00339319285455297,1.04955732670374e-05
"gaussian_phi010_N64_M16_Q4","gaussian_phi010_N64","gaussian","Gaussian",0.1,64,16,4,"V_oracle_minus_V_feasible",0.00335,0.000293579013020973,-0.00195104016783535,7.82885371762574e-05
"gaussian_phi010_N64_M16_Q4","gaussian_phi010_N64","gaussian","Gaussian",0.1,64,16,4,"VK_asym_full_oracle_minus_VK_leading_oracle",-0.00234,0.000152792268962715,-0.00338482597655784,1.0472685441741e-05
"gaussian_phi010_N64_M16_Q4","gaussian_phi010_N64","gaussian","Gaussian",0.1,64,16,4,"VK_asym_full_oracle_minus_VK_asym_full_feasible",0.00267,0.000252644709609152,-0.00324260089667048,7.39534357016677e-05
"gaussian_phi010_N64_M16_Q4","gaussian_phi010_N64","gaussian","Gaussian",0.1,64,16,4,"VK_leading_oracle_minus_F_feasible_leading",0.00275,0.000252636128156945,-0.00329103183209475,7.33917127161378e-05
"gaussian_phi015_N64_M4_Q16","gaussian_phi015_N64","gaussian","Gaussian",0.15,64,4,16,"K_asym_full_minus_K_leading",-0.00338,0.000183537715091282,-0.00743648591289743,1.04231721777737e-05
"gaussian_phi015_N64_M4_Q16","gaussian_phi015_N64","gaussian","Gaussian",0.15,64,4,16,"V_oracle_minus_V_feasible",0.00265,0.000322538083500465,-0.00794570008667188,0.000193231878197088
"gaussian_phi015_N64_M4_Q16","gaussian_phi015_N64","gaussian","Gaussian",0.15,64,4,16,"VK_asym_full_oracle_minus_VK_leading_oracle",-0.00301,0.000173233077375514,-0.00773076835808019,1.0904877691947e-05
"gaussian_phi015_N64_M4_Q16","gaussian_phi015_N64","gaussian","Gaussian",0.15,64,4,16,"VK_asym_full_oracle_minus_VK_asym_full_feasible",0.00203,0.000320405707811481,-0.00946928150690873,0.000199523065152833
"gaussian_phi015_N64_M4_Q16","gaussian_phi015_N64","gaussian","Gaussian",0.15,64,4,16,"VK_leading_oracle_minus_F_feasible_leading",0.00205,0.000318212173855552,-0.0100593653326697,0.00020181524689911
"gaussian_phi015_N64_M8_Q8","gaussian_phi015_N64","gaussian","Gaussian",0.15,64,8,8,"K_asym_full_minus_K_leading",-0.00382,0.000195075514979624,-0.00744075151703588,1.50471493261789e-05
"gaussian_phi015_N64_M8_Q8","gaussian_phi015_N64","gaussian","Gaussian",0.15,64,8,8,"V_oracle_minus_V_feasible",0.00504,0.000391340664223838,-0.0100341544519447,0.000208637767677935
"gaussian_phi015_N64_M8_Q8","gaussian_phi015_N64","gaussian","Gaussian",0.15,64,8,8,"VK_asym_full_oracle_minus_VK_leading_oracle",-0.00328,0.000180811346235321,-0.00753187694775797,1.52623909839385e-05
"gaussian_phi015_N64_M8_Q8","gaussian_phi015_N64","gaussian","Gaussian",0.15,64,8,8,"VK_asym_full_oracle_minus_VK_asym_full_feasible",0.00399,0.00035880647488704,-0.013804485932483,0.000219597164123883
"gaussian_phi015_N64_M8_Q8","gaussian_phi015_N64","gaussian","Gaussian",0.15,64,8,8,"VK_leading_oracle_minus_F_feasible_leading",0.00383,0.000354618906074797,-0.0144649450873952,0.000221236097873172
"gaussian_phi015_N64_M16_Q4","gaussian_phi015_N64","gaussian","Gaussian",0.15,64,16,4,"K_asym_full_minus_K_leading",-0.00344,0.000185154008382396,-0.005408674662353,1.68798945643133e-05
"gaussian_phi015_N64_M16_Q4","gaussian_phi015_N64","gaussian","Gaussian",0.15,64,16,4,"V_oracle_minus_V_feasible",0.00274,0.000289354041370796,-0.00202919930131448,7.96393824360452e-05
"gaussian_phi015_N64_M16_Q4","gaussian_phi015_N64","gaussian","Gaussian",0.15,64,16,4,"VK_asym_full_oracle_minus_VK_leading_oracle",-0.00324,0.000179709061968142,-0.00538857521256262,1.68246430639876e-05
"gaussian_phi015_N64_M16_Q4","gaussian_phi015_N64","gaussian","Gaussian",0.15,64,16,4,"VK_asym_full_oracle_minus_VK_asym_full_feasible",0.00294,0.000252020235580382,-0.00332535256227925,7.53678245993705e-05
"gaussian_phi015_N64_M16_Q4","gaussian_phi015_N64","gaussian","Gaussian",0.15,64,16,4,"VK_leading_oracle_minus_F_feasible_leading",0.00248,0.000247667336140828,-0.00340021761464938,7.45118181785132e-05
"gaussian_phi020_N64_M4_Q16","gaussian_phi020_N64","gaussian","Gaussian",0.2,64,4,16,"K_asym_full_minus_K_leading",-0.0044,0.000209300831504274,-0.0103573453069336,1.43610036740307e-05
"gaussian_phi020_N64_M4_Q16","gaussian_phi020_N64","gaussian","Gaussian",0.2,64,4,16,"V_oracle_minus_V_feasible",0.00346,0.000311578649481232,-0.00542740409156538,0.000180159076574536
"gaussian_phi020_N64_M4_Q16","gaussian_phi020_N64","gaussian","Gaussian",0.2,64,4,16,"VK_asym_full_oracle_minus_VK_leading_oracle",-0.00404,0.000200592089504705,-0.0109254908185776,1.52793125350968e-05
"gaussian_phi020_N64_M4_Q16","gaussian_phi020_N64","gaussian","Gaussian",0.2,64,4,16,"VK_asym_full_oracle_minus_VK_asym_full_feasible",0.00283,0.000296345725813436,-0.00663123952589604,0.000185064629165469
"gaussian_phi020_N64_M4_Q16","gaussian_phi020_N64","gaussian","Gaussian",0.2,64,4,16,"VK_leading_oracle_minus_F_feasible_leading",0.00262,0.000296870741775563,-0.00735453557824892,0.000187826363009397
"gaussian_phi020_N64_M8_Q8","gaussian_phi020_N64","gaussian","Gaussian",0.2,64,8,8,"K_asym_full_minus_K_leading",-0.00508,0.000224816461640188,-0.0104001234467433,2.12747288899813e-05
"gaussian_phi020_N64_M8_Q8","gaussian_phi020_N64","gaussian","Gaussian",0.2,64,8,8,"V_oracle_minus_V_feasible",0.00449,0.000376961297745803,-0.00949337570091417,0.000207974752636257
"gaussian_phi020_N64_M8_Q8","gaussian_phi020_N64","gaussian","Gaussian",0.2,64,8,8,"VK_asym_full_oracle_minus_VK_leading_oracle",-0.00456,0.000213055199244654,-0.0105742662947713,2.1690860459287e-05
"gaussian_phi020_N64_M8_Q8","gaussian_phi020_N64","gaussian","Gaussian",0.2,64,8,8,"VK_asym_full_oracle_minus_VK_asym_full_feasible",0.00394,0.000363106158665513,-0.0129656636903963,0.000218444323223079
"gaussian_phi020_N64_M8_Q8","gaussian_phi020_N64","gaussian","Gaussian",0.2,64,8,8,"VK_leading_oracle_minus_F_feasible_leading",0.00312,0.000358474463580616,-0.0138368988642607,0.000220689729803031
"gaussian_phi020_N64_M16_Q4","gaussian_phi020_N64","gaussian","Gaussian",0.2,64,16,4,"K_asym_full_minus_K_leading",-0.00493,0.000221489145500216,-0.00758092513816373,2.36516816371646e-05
"gaussian_phi020_N64_M16_Q4","gaussian_phi020_N64","gaussian","Gaussian",0.2,64,16,4,"V_oracle_minus_V_feasible",0.00264,0.000280946780211009,-0.00175387145548156,8.08289061938329e-05
"gaussian_phi020_N64_M16_Q4","gaussian_phi020_N64","gaussian","Gaussian",0.2,64,16,4,"VK_asym_full_oracle_minus_VK_leading_oracle",-0.00479,0.000218336977423333,-0.00754303321055574,2.35474554316075e-05
"gaussian_phi020_N64_M16_Q4","gaussian_phi020_N64","gaussian","Gaussian",0.2,64,16,4,"VK_asym_full_oracle_minus_VK_asym_full_feasible",0.00259,0.0002404859607856,-0.00303414859943338,7.64383916565081e-05
"gaussian_phi020_N64_M16_Q4","gaussian_phi020_N64","gaussian","Gaussian",0.2,64,16,4,"VK_leading_oracle_minus_F_feasible_leading",0.00255,0.000240074053899028,-0.0031402576744759,7.52589174292263e-05
"gaussian_phi025_N64_M4_Q16","gaussian_phi025_N64","gaussian","Gaussian",0.25,64,4,16,"K_asym_full_minus_K_leading",-0.00658,0.000255671057565961,-0.0136502376956885,1.90200027147423e-05
"gaussian_phi025_N64_M4_Q16","gaussian_phi025_N64","gaussian","Gaussian",0.25,64,4,16,"V_oracle_minus_V_feasible",0.00391,0.000298576640881541,-0.00236851183763147,0.000165673874017656
"gaussian_phi025_N64_M4_Q16","gaussian_phi025_N64","gaussian","Gaussian",0.25,64,4,16,"VK_asym_full_oracle_minus_VK_leading_oracle",-0.00558,0.000235561437616408,-0.0146311708729824,2.06225950195865e-05
"gaussian_phi025_N64_M4_Q16","gaussian_phi025_N64","gaussian","Gaussian",0.25,64,4,16,"VK_asym_full_oracle_minus_VK_asym_full_feasible",0.00348,0.000287888389479757,-0.00325830737048187,0.000169450670368611
"gaussian_phi025_N64_M4_Q16","gaussian_phi025_N64","gaussian","Gaussian",0.25,64,4,16,"VK_leading_oracle_minus_F_feasible_leading",0.00342,0.000282990877659278,-0.00406544384168519,0.000172648152402232
"gaussian_phi025_N64_M8_Q8","gaussian_phi025_N64","gaussian","Gaussian",0.25,64,8,8,"K_asym_full_minus_K_leading",-0.00633,0.000250798604460631,-0.0138410487520289,2.84183183829239e-05
"gaussian_phi025_N64_M8_Q8","gaussian_phi025_N64","gaussian","Gaussian",0.25,64,8,8,"V_oracle_minus_V_feasible",0.00447,0.000368648274125216,-0.00946722489031117,0.000204236369947361
"gaussian_phi025_N64_M8_Q8","gaussian_phi025_N64","gaussian","Gaussian",0.25,64,8,8,"VK_asym_full_oracle_minus_VK_leading_oracle",-0.00614,0.000247029581702561,-0.0141413805414878,2.91390724119613e-05
"gaussian_phi025_N64_M8_Q8","gaussian_phi025_N64","gaussian","Gaussian",0.25,64,8,8,"VK_asym_full_oracle_minus_VK_asym_full_feasible",0.00351,0.000344061016071027,-0.0127087414788371,0.000213459762631917
"gaussian_phi025_N64_M8_Q8","gaussian_phi025_N64","gaussian","Gaussian",0.25,64,8,8,"VK_leading_oracle_minus_F_feasible_leading",0.00308,0.000339567797446829,-0.0138138560993709,0.000216138268734055
"gaussian_phi025_N64_M16_Q4","gaussian_phi025_N64","gaussian","Gaussian",0.25,64,16,4,"K_asym_full_minus_K_leading",-0.00601,0.00024441644051488,-0.0101167243539194,3.15384730868009e-05
"gaussian_phi025_N64_M16_Q4","gaussian_phi025_N64","gaussian","Gaussian",0.25,64,16,4,"V_oracle_minus_V_feasible",0.0029,0.000272243716486555,-0.00170723952612009,8.08020714539123e-05
"gaussian_phi025_N64_M16_Q4","gaussian_phi025_N64","gaussian","Gaussian",0.25,64,16,4,"VK_asym_full_oracle_minus_VK_leading_oracle",-0.00575,0.000239102377025966,-0.0100526080495036,3.13617260761848e-05
"gaussian_phi025_N64_M16_Q4","gaussian_phi025_N64","gaussian","Gaussian",0.25,64,16,4,"VK_asym_full_oracle_minus_VK_asym_full_feasible",0.00235,0.000237160994797573,-0.00295891905864421,7.66517405184489e-05
"gaussian_phi025_N64_M16_Q4","gaussian_phi025_N64","gaussian","Gaussian",0.25,64,16,4,"VK_leading_oracle_minus_F_feasible_leading",0.002,0.000229696599028536,-0.00309757626023948,7.51463753298166e-05
"gaussian_phi030_N64_M4_Q16","gaussian_phi030_N64","gaussian","Gaussian",0.3,64,4,16,"K_asym_full_minus_K_leading",-0.00771,0.000276597765831976,-0.0173398198199921,2.43133815082491e-05
"gaussian_phi030_N64_M4_Q16","gaussian_phi030_N64","gaussian","Gaussian",0.3,64,4,16,"V_oracle_minus_V_feasible",0.00572,0.000292358804787383,0.00247563734914619,0.000149314134450088
"gaussian_phi030_N64_M4_Q16","gaussian_phi030_N64","gaussian","Gaussian",0.3,64,4,16,"VK_asym_full_oracle_minus_VK_leading_oracle",-0.00614,0.000247029581702561,-0.0189137617206278,2.68982815141386e-05
"gaussian_phi030_N64_M4_Q16","gaussian_phi030_N64","gaussian","Gaussian",0.3,64,4,16,"VK_asym_full_oracle_minus_VK_asym_full_feasible",0.00537,0.00028286468695175,0.00190863491761421,0.000151987663623668
"gaussian_phi030_N64_M4_Q16","gaussian_phi030_N64","gaussian","Gaussian",0.3,64,4,16,"VK_leading_oracle_minus_F_feasible_leading",0.00472,0.000271620974483816,0.0011169972705316,0.000155428639021192
"gaussian_phi030_N64_M8_Q8","gaussian_phi030_N64","gaussian","Gaussian",0.3,64,8,8,"K_asym_full_minus_K_leading",-0.00786,0.000279254335382351,-0.0177578971172699,3.62395994666822e-05
"gaussian_phi030_N64_M8_Q8","gaussian_phi030_N64","gaussian","Gaussian",0.3,64,8,8,"V_oracle_minus_V_feasible",0.00401,0.000358246399011664,-0.00890424729683429,0.000199479760625714
"gaussian_phi030_N64_M8_Q8","gaussian_phi030_N64","gaussian","Gaussian",0.3,64,8,8,"VK_asym_full_oracle_minus_VK_leading_oracle",-0.00705,0.000264582076181948,-0.0182399161460118,3.73954240605767e-05
"gaussian_phi030_N64_M8_Q8","gaussian_phi030_N64","gaussian","Gaussian",0.3,64,8,8,"VK_asym_full_oracle_minus_VK_asym_full_feasible",0.00382,0.000332949222182371,-0.0118341264275654,0.000207772252195652
"gaussian_phi030_N64_M8_Q8","gaussian_phi030_N64","gaussian","Gaussian",0.3,64,8,8,"VK_leading_oracle_minus_F_feasible_leading",0.00372,0.00032072206757011,-0.0131593301376002,0.000210938817862316
"gaussian_phi030_N64_M16_Q4","gaussian_phi030_N64","gaussian","Gaussian",0.3,64,16,4,"K_asym_full_minus_K_leading",-0.00753,0.000273374721467409,-0.0131523628110778,4.07016283003764e-05
"gaussian_phi030_N64_M16_Q4","gaussian_phi030_N64","gaussian","Gaussian",0.3,64,16,4,"V_oracle_minus_V_feasible",0.0031,0.000269266828715032,-0.001775240257183,7.99710589595881e-05
"gaussian_phi030_N64_M16_Q4","gaussian_phi030_N64","gaussian","Gaussian",0.3,64,16,4,"VK_asym_full_oracle_minus_VK_leading_oracle",-0.00754,0.000273554806798059,-0.013050375313374,4.04255874019346e-05
"gaussian_phi030_N64_M16_Q4","gaussian_phi030_N64","gaussian","Gaussian",0.3,64,16,4,"VK_asym_full_oracle_minus_VK_asym_full_feasible",0.00275,0.000240051976141652,-0.0030010233697632,7.60502737323985e-05
"gaussian_phi030_N64_M16_Q4","gaussian_phi030_N64","gaussian","Gaussian",0.3,64,16,4,"VK_leading_oracle_minus_F_feasible_leading",0.00264,0.000237762211692046,-0.00317327156352412,7.42458095446607e-05
"gaussian_phi035_N64_M4_Q16","gaussian_phi035_N64","gaussian","Gaussian",0.35,64,4,16,"K_asym_full_minus_K_leading",-0.00994,0.000313708380712855,-0.0214974350244653,3.03185728051579e-05
"gaussian_phi035_N64_M4_Q16","gaussian_phi035_N64","gaussian","Gaussian",0.35,64,4,16,"V_oracle_minus_V_feasible",0.00796,0.000298608900859899,0.0101561913524659,0.000133204123444177
"gaussian_phi035_N64_M4_Q16","gaussian_phi035_N64","gaussian","Gaussian",0.35,64,4,16,"VK_asym_full_oracle_minus_VK_leading_oracle",-0.00819,0.00028500886179295,-0.0239084697666366,3.43149077562646e-05
"gaussian_phi035_N64_M4_Q16","gaussian_phi035_N64","gaussian","Gaussian",0.35,64,4,16,"VK_asym_full_oracle_minus_VK_asym_full_feasible",0.00784,0.000293234042808878,0.00988908215056861,0.000134866302305233
"gaussian_phi035_N64_M4_Q16","gaussian_phi035_N64","gaussian","Gaussian",0.35,64,4,16,"VK_leading_oracle_minus_F_feasible_leading",0.00754,0.000292971572551712,0.00926457826447456,0.000138329740127149
"gaussian_phi035_N64_M8_Q8","gaussian_phi035_N64","gaussian","Gaussian",0.35,64,8,8,"K_asym_full_minus_K_leading",-0.01007,0.0003157323991444,-0.0222360397160422,4.52201470622645e-05
"gaussian_phi035_N64_M8_Q8","gaussian_phi035_N64","gaussian","Gaussian",0.35,64,8,8,"V_oracle_minus_V_feasible",0.00502,0.000356860294082565,-0.00742754177360187,0.000194159011529305
"gaussian_phi035_N64_M8_Q8","gaussian_phi035_N64","gaussian","Gaussian",0.35,64,8,8,"VK_asym_full_oracle_minus_VK_leading_oracle",-0.00893,0.000297495270608392,-0.0229743986521359,4.69831422849038e-05
"gaussian_phi035_N64_M8_Q8","gaussian_phi035_N64","gaussian","Gaussian",0.35,64,8,8,"VK_asym_full_oracle_minus_VK_asym_full_feasible",0.0038,0.000330237324612021,-0.0100102103545208,0.000201105477074348
"gaussian_phi035_N64_M8_Q8","gaussian_phi035_N64","gaussian","Gaussian",0.35,64,8,8,"VK_leading_oracle_minus_F_feasible_leading",0.0036,0.000314120019600577,-0.0115456009689318,0.0002045842831957
"gaussian_phi035_N64_M16_Q4","gaussian_phi035_N64","gaussian","Gaussian",0.35,64,16,4,"K_asym_full_minus_K_leading",-0.00938,0.000304829600286541,-0.0164992820169486,5.07770138494755e-05
"gaussian_phi035_N64_M16_Q4","gaussian_phi035_N64","gaussian","Gaussian",0.35,64,16,4,"V_oracle_minus_V_feasible",0.00362,0.000264328686858893,-0.0013413123218099,7.95388285482695e-05
"gaussian_phi035_N64_M16_Q4","gaussian_phi035_N64","gaussian","Gaussian",0.35,64,16,4,"VK_asym_full_oracle_minus_VK_leading_oracle",-0.00923,0.000302405333104188,-0.0163457848171597,5.03615328937213e-05
"gaussian_phi035_N64_M16_Q4","gaussian_phi035_N64","gaussian","Gaussian",0.35,64,16,4,"VK_asym_full_oracle_minus_VK_asym_full_feasible",0.00214,0.000236547592563601,-0.00255009744207505,7.54535694418797e-05
"gaussian_phi035_N64_M16_Q4","gaussian_phi035_N64","gaussian","Gaussian",0.35,64,16,4,"VK_leading_oracle_minus_F_feasible_leading",0.00204,0.000226625015364535,-0.0027716990599996,7.32361375582452e-05
"gaussian_phi040_N64_M4_Q16","gaussian_phi040_N64","gaussian","Gaussian",0.4,64,4,16,"K_asym_full_minus_K_leading",-0.0125,0.00035133848976072,-0.026275843292315,3.67802658556113e-05
"gaussian_phi040_N64_M4_Q16","gaussian_phi040_N64","gaussian","Gaussian",0.4,64,4,16,"V_oracle_minus_V_feasible",0.01126,0.000334564258898695,0.0199626853206804,0.000112730603818983
"gaussian_phi040_N64_M4_Q16","gaussian_phi040_N64","gaussian","Gaussian",0.4,64,4,16,"VK_asym_full_oracle_minus_VK_leading_oracle",-0.00957,0.000307871887074784,-0.029868424607698,4.26851879515227e-05
"gaussian_phi040_N64_M4_Q16","gaussian_phi040_N64","gaussian","Gaussian",0.4,64,4,16,"VK_asym_full_oracle_minus_VK_asym_full_feasible",0.01099,0.000331199782507415,0.0199182573231643,0.000113539111431902
"gaussian_phi040_N64_M4_Q16","gaussian_phi040_N64","gaussian","Gaussian",0.4,64,4,16,"VK_leading_oracle_minus_F_feasible_leading",0.00991,0.000315466185492426,0.019673124476368,0.000116783219724113
"gaussian_phi040_N64_M8_Q8","gaussian_phi040_N64","gaussian","Gaussian",0.4,64,8,8,"K_asym_full_minus_K_leading",-0.01195,0.000343617746531749,-0.0275618739745349,5.62381037325369e-05
"gaussian_phi040_N64_M8_Q8","gaussian_phi040_N64","gaussian","Gaussian",0.4,64,8,8,"V_oracle_minus_V_feasible",0.00488,0.000331606627843227,-0.00609287213829209,0.000186319400614969
"gaussian_phi040_N64_M8_Q8","gaussian_phi040_N64","gaussian","Gaussian",0.4,64,8,8,"VK_asym_full_oracle_minus_VK_leading_oracle",-0.01014,0.000316816678424728,-0.0286679071590602,5.88881184923449e-05
"gaussian_phi040_N64_M8_Q8","gaussian_phi040_N64","gaussian","Gaussian",0.4,64,8,8,"VK_asym_full_oracle_minus_VK_asym_full_feasible",0.00471,0.000315085943500369,-0.00827409870341816,0.000192155619583376
"gaussian_phi040_N64_M8_Q8","gaussian_phi040_N64","gaussian","Gaussian",0.4,64,8,8,"VK_leading_oracle_minus_F_feasible_leading",0.00355,0.000309798216181674,-0.00998903374548792,0.000196015608662505
"gaussian_phi040_N64_M16_Q4","gaussian_phi040_N64","gaussian","Gaussian",0.4,64,16,4,"K_asym_full_minus_K_leading",-0.01104,0.000330427413848728,-0.0206884858976228,6.43014128824156e-05
"gaussian_phi040_N64_M16_Q4","gaussian_phi040_N64","gaussian","Gaussian",0.4,64,16,4,"V_oracle_minus_V_feasible",0.00287,0.000257717471629208,-0.00128494323759575,7.78961139313129e-05
"gaussian_phi040_N64_M16_Q4","gaussian_phi040_N64","gaussian","Gaussian",0.4,64,16,4,"VK_asym_full_oracle_minus_VK_leading_oracle",-0.01055,0.000323091347578651,-0.0204616116430654,6.36830512117386e-05
"gaussian_phi040_N64_M16_Q4","gaussian_phi040_N64","gaussian","Gaussian",0.4,64,16,4,"VK_asym_full_oracle_minus_VK_asym_full_feasible",0.00253,0.000232457590466118,-0.00242477453479792,7.42696612209357e-05
"gaussian_phi040_N64_M16_Q4","gaussian_phi040_N64","gaussian","Gaussian",0.4,64,16,4,"VK_leading_oracle_minus_F_feasible_leading",0.00236,0.000211056270808272,-0.002685739043378,7.17508533831581e-05
"gaussian_phi045_N64_M4_Q16","gaussian_phi045_N64","gaussian","Gaussian",0.45,64,4,16,"K_asym_full_minus_K_leading",-0.01547,0.000390266977956297,-0.0318318606681287,4.5012458645202e-05
"gaussian_phi045_N64_M4_Q16","gaussian_phi045_N64","gaussian","Gaussian",0.45,64,4,16,"V_oracle_minus_V_feasible",0.01594,0.000396056476537534,0.033969927112614,9.46982673170857e-05
"gaussian_phi045_N64_M4_Q16","gaussian_phi045_N64","gaussian","Gaussian",0.45,64,4,16,"VK_asym_full_oracle_minus_VK_leading_oracle",-0.01126,0.000333666356308773,-0.0370842688518711,5.37595022934456e-05
"gaussian_phi045_N64_M4_Q16","gaussian_phi045_N64","gaussian","Gaussian",0.45,64,4,16,"VK_asym_full_oracle_minus_VK_asym_full_feasible",0.0155,0.000390639253007503,0.0340017464291412,9.48698530540458e-05
"gaussian_phi045_N64_M4_Q16","gaussian_phi045_N64","gaussian","Gaussian",0.45,64,4,16,"VK_leading_oracle_minus_F_feasible_leading",0.01353,0.00036533645548625,0.0344718881737469,9.76557267151767e-05
"gaussian_phi045_N64_M8_Q8","gaussian_phi045_N64","gaussian","Gaussian",0.45,64,8,8,"K_asym_full_minus_K_leading",-0.01388,0.000369965977825323,-0.0337859547063759,6.86859812317102e-05
"gaussian_phi045_N64_M8_Q8","gaussian_phi045_N64","gaussian","Gaussian",0.45,64,8,8,"V_oracle_minus_V_feasible",0.00518,0.000311661109743377,-0.00317185115735489,0.00017395413457301
"gaussian_phi045_N64_M8_Q8","gaussian_phi045_N64","gaussian","Gaussian",0.45,64,8,8,"VK_asym_full_oracle_minus_VK_leading_oracle",-0.01342,0.000363868602662555,-0.0354124653959571,7.25637817135328e-05
"gaussian_phi045_N64_M8_Q8","gaussian_phi045_N64","gaussian","Gaussian",0.45,64,8,8,"VK_asym_full_oracle_minus_VK_asym_full_feasible",0.00482,0.000305235331647693,-0.00489511418359308,0.00017855896468043
"gaussian_phi045_N64_M8_Q8","gaussian_phi045_N64","gaussian","Gaussian",0.45,64,8,8,"VK_leading_oracle_minus_F_feasible_leading",0.00468,0.000294587582593765,-0.00673265596680147,0.000182608688191697
"gaussian_phi045_N64_M16_Q4","gaussian_phi045_N64","gaussian","Gaussian",0.45,64,16,4,"K_asym_full_minus_K_leading",-0.01311,0.000359697891049876,-0.0255178495777781,7.88889601228748e-05
"gaussian_phi045_N64_M16_Q4","gaussian_phi045_N64","gaussian","Gaussian",0.45,64,16,4,"V_oracle_minus_V_feasible",0.00312,0.000244342491254653,-0.000730931705783489,7.46761692946978e-05
"gaussian_phi045_N64_M16_Q4","gaussian_phi045_N64","gaussian","Gaussian",0.45,64,16,4,"VK_asym_full_oracle_minus_VK_leading_oracle",-0.01262,0.000352999436382016,-0.0251895719218332,7.80023465044071e-05
"gaussian_phi045_N64_M16_Q4","gaussian_phi045_N64","gaussian","Gaussian",0.45,64,16,4,"VK_asym_full_oracle_minus_VK_asym_full_feasible",0.00239,0.000223256304353929,-0.00181605722430435,7.12188256786222e-05
"gaussian_phi045_N64_M16_Q4","gaussian_phi045_N64","gaussian","Gaussian",0.45,64,16,4,"VK_leading_oracle_minus_F_feasible_leading",0.00211,0.000206533061660974,-0.00213902003069167,6.83419628599278e-05
"gaussian_phi050_N64_M4_Q16","gaussian_phi050_N64","gaussian","Gaussian",0.5,64,4,16,"K_asym_full_minus_K_leading",-0.01935,0.00043561183704845,-0.0384049247699646,5.43620085247487e-05
"gaussian_phi050_N64_M4_Q16","gaussian_phi050_N64","gaussian","Gaussian",0.5,64,4,16,"V_oracle_minus_V_feasible",0.02106,0.000454055971955283,0.0522072963084067,7.80556420953383e-05
"gaussian_phi050_N64_M4_Q16","gaussian_phi050_N64","gaussian","Gaussian",0.5,64,4,16,"VK_asym_full_oracle_minus_VK_leading_oracle",-0.01367,0.000367195668992151,-0.0460312020411959,6.71384983904896e-05
"gaussian_phi050_N64_M4_Q16","gaussian_phi050_N64","gaussian","Gaussian",0.5,64,4,16,"VK_asym_full_oracle_minus_VK_asym_full_feasible",0.02085,0.00045183494392108,0.0520429503225485,7.7798487566537e-05
"gaussian_phi050_N64_M4_Q16","gaussian_phi050_N64","gaussian","Gaussian",0.5,64,4,16,"VK_leading_oracle_minus_F_feasible_leading",0.01911,0.000432954909314509,0.0537290521902857,8.04247508488595e-05
"gaussian_phi050_N64_M8_Q8","gaussian_phi050_N64","gaussian","Gaussian",0.5,64,8,8,"K_asym_full_minus_K_leading",-0.01698,0.000408556563017475,-0.0414624713063416,8.40393178106598e-05
"gaussian_phi050_N64_M8_Q8","gaussian_phi050_N64","gaussian","Gaussian",0.5,64,8,8,"V_oracle_minus_V_feasible",0.0067,0.000308467261667288,0.00127919042823267,0.00015843293497428
"gaussian_phi050_N64_M8_Q8","gaussian_phi050_N64","gaussian","Gaussian",0.5,64,8,8,"VK_asym_full_oracle_minus_VK_leading_oracle",-0.01446,0.000377505641156647,-0.0438583743521511,8.97539551759175e-05
"gaussian_phi050_N64_M8_Q8","gaussian_phi050_N64","gaussian","Gaussian",0.5,64,8,8,"VK_asym_full_oracle_minus_VK_asym_full_feasible",0.00589,0.000293519915064388,4.50329004246256e-05,0.000161745748446686
"gaussian_phi050_N64_M8_Q8","gaussian_phi050_N64","gaussian","Gaussian",0.5,64,8,8,"VK_leading_oracle_minus_F_feasible_leading",0.005,0.000270463919048946,-0.0018282098590555,0.000165825652866554
"gaussian_phi050_N64_M16_Q4","gaussian_phi050_N64","gaussian","Gaussian",0.5,64,16,4,"K_asym_full_minus_K_leading",-0.01552,0.000390887226611768,-0.0316879431240245,9.76773074725089e-05
"gaussian_phi050_N64_M16_Q4","gaussian_phi050_N64","gaussian","Gaussian",0.5,64,16,4,"V_oracle_minus_V_feasible",0.00315,0.000232381830213014,-4.03901613657228e-05,7.01119223580844e-05
"gaussian_phi050_N64_M16_Q4","gaussian_phi050_N64","gaussian","Gaussian",0.5,64,16,4,"VK_asym_full_oracle_minus_VK_leading_oracle",-0.01467,0.000380196470911508,-0.0312117872315427,9.64150015314549e-05
"gaussian_phi050_N64_M16_Q4","gaussian_phi050_N64","gaussian","Gaussian",0.5,64,16,4,"VK_asym_full_oracle_minus_VK_asym_full_feasible",0.00264,0.000209118964485321,-0.00105302405577119,6.71626305177509e-05
"gaussian_phi050_N64_M16_Q4","gaussian_phi050_N64","gaussian","Gaussian",0.5,64,16,4,"VK_leading_oracle_minus_F_feasible_leading",0.00235,0.000201109869105906,-0.00144992323513732,6.40526092312282e-05
"gaussian_phi055_N64_M4_Q16","gaussian_phi055_N64","gaussian","Gaussian",0.55,64,4,16,"K_asym_full_minus_K_leading",-0.02325,0.000476546583207203,-0.0461347712345228,6.65661331871215e-05
"gaussian_phi055_N64_M4_Q16","gaussian_phi055_N64","gaussian","Gaussian",0.55,64,4,16,"V_oracle_minus_V_feasible",0.02986,0.000538225511163312,0.0763410948784264,7.95472463372703e-05
"gaussian_phi055_N64_M4_Q16","gaussian_phi055_N64","gaussian","Gaussian",0.55,64,4,16,"VK_asym_full_oracle_minus_VK_leading_oracle",-0.01673,0.000405589344074965,-0.0571195268456828,8.51464338553194e-05
"gaussian_phi055_N64_M4_Q16","gaussian_phi055_N64","gaussian","Gaussian",0.55,64,4,16,"VK_asym_full_oracle_minus_VK_asym_full_feasible",0.03078,0.000546194927923166,0.0755035131520806,7.8539162546833e-05
"gaussian_phi055_N64_M4_Q16","gaussian_phi055_N64","gaussian","Gaussian",0.55,64,4,16,"VK_leading_oracle_minus_F_feasible_leading",0.02709,0.000513384801722399,0.079172839147001,8.29803518916137e-05
"gaussian_phi055_N64_M8_Q8","gaussian_phi055_N64","gaussian","Gaussian",0.55,64,8,8,"K_asym_full_minus_K_leading",-0.02106,0.000454055971955283,-0.0507245772362998,0.000104403803333136
"gaussian_phi055_N64_M8_Q8","gaussian_phi055_N64","gaussian","Gaussian",0.55,64,8,8,"V_oracle_minus_V_feasible",0.00841,0.000311116838079956,0.00813897448031206,0.000139121866207666
"gaussian_phi055_N64_M8_Q8","gaussian_phi055_N64","gaussian","Gaussian",0.55,64,8,8,"VK_asym_full_oracle_minus_VK_leading_oracle",-0.01827,0.000423513712456452,-0.0542403110859076,0.00011289727164486
"gaussian_phi055_N64_M8_Q8","gaussian_phi055_N64","gaussian","Gaussian",0.55,64,8,8,"VK_asym_full_oracle_minus_VK_asym_full_feasible",0.00848,0.000309001376725911,0.00742104689261354,0.000141110707364924
"gaussian_phi055_N64_M8_Q8","gaussian_phi055_N64","gaussian","Gaussian",0.55,64,8,8,"VK_leading_oracle_minus_F_feasible_leading",0.0069,0.000279507926983856,0.00570453537347928,0.000144741059940256
"gaussian_phi055_N64_M16_Q4","gaussian_phi055_N64","gaussian","Gaussian",0.55,64,16,4,"K_asym_full_minus_K_leading",-0.0187,0.000428374760051699,-0.0393937212047469,0.000121355325948436
"gaussian_phi055_N64_M16_Q4","gaussian_phi055_N64","gaussian","Gaussian",0.55,64,16,4,"V_oracle_minus_V_feasible",0.00396,0.000237999475708465,0.00122895079462328,6.45841072506027e-05
"gaussian_phi055_N64_M16_Q4","gaussian_phi055_N64","gaussian","Gaussian",0.55,64,16,4,"VK_asym_full_oracle_minus_VK_leading_oracle",-0.01775,0.000417553731286388,-0.0387021572561953,0.000119503318954661
"gaussian_phi055_N64_M16_Q4","gaussian_phi055_N64","gaussian","Gaussian",0.55,64,16,4,"VK_asym_full_oracle_minus_VK_asym_full_feasible",0.00346,0.000219273265145681,0.00029554938706153,6.19240697347053e-05
"gaussian_phi055_N64_M16_Q4","gaussian_phi055_N64","gaussian","Gaussian",0.55,64,16,4,"VK_leading_oracle_minus_F_feasible_leading",0.00276,0.000194227189759859,-0.00021175087345811,5.85390048415126e-05
"gaussian_phi060_N64_M4_Q16","gaussian_phi060_N64","gaussian","Gaussian",0.6,64,4,16,"K_asym_full_minus_K_leading",-0.02918,0.000532248164751264,-0.0554393489761489,8.14408436890739e-05
"gaussian_phi060_N64_M4_Q16","gaussian_phi060_N64","gaussian","Gaussian",0.6,64,4,16,"V_oracle_minus_V_feasible",0.0392,0.000613707883584417,0.108370275136737,0.000112469843877918
"gaussian_phi060_N64_M4_Q16","gaussian_phi060_N64","gaussian","Gaussian",0.6,64,4,16,"VK_asym_full_oracle_minus_VK_leading_oracle",-0.01946,0.000436823754104469,-0.071277617936721,0.000108797589014369
"gaussian_phi060_N64_M4_Q16","gaussian_phi060_N64","gaussian","Gaussian",0.6,64,4,16,"VK_asym_full_oracle_minus_VK_asym_full_feasible",0.04162,0.00063157085494618,0.106034892134039,0.00010920234083831
"gaussian_phi060_N64_M4_Q16","gaussian_phi060_N64","gaussian","Gaussian",0.6,64,4,16,"VK_leading_oracle_minus_F_feasible_leading",0.03552,0.000585309082337886,0.112885018712878,0.000118935488164231
"gaussian_phi060_N64_M8_Q8","gaussian_phi060_N64","gaussian","Gaussian",0.6,64,8,8,"K_asym_full_minus_K_leading",-0.02427,0.000486633372386637,-0.0622346767448614,0.00012892987803717
"gaussian_phi060_N64_M8_Q8","gaussian_phi060_N64","gaussian","Gaussian",0.6,64,8,8,"V_oracle_minus_V_feasible",0.01103,0.000332392081501588,0.0186994584838018,0.000112345529385267
"gaussian_phi060_N64_M8_Q8","gaussian_phi060_N64","gaussian","Gaussian",0.6,64,8,8,"VK_asym_full_oracle_minus_VK_leading_oracle",-0.02067,0.000449921699071464,-0.0674476488386426,0.000141662023254833
"gaussian_phi060_N64_M8_Q8","gaussian_phi060_N64","gaussian","Gaussian",0.6,64,8,8,"VK_asym_full_oracle_minus_VK_asym_full_feasible",0.01083,0.00032852426132921,0.0184433361749501,0.000113118465973046
"gaussian_phi060_N64_M8_Q8","gaussian_phi060_N64","gaussian","Gaussian",0.6,64,8,8,"VK_leading_oracle_minus_F_feasible_leading",0.00967,0.00031075050548433,0.017195423598191,0.000115572181885793
"gaussian_phi060_N64_M16_Q4","gaussian_phi060_N64","gaussian","Gaussian",0.6,64,16,4,"K_asym_full_minus_K_leading",-0.02268,0.000470806109331565,-0.0492241505332293,0.000152978028572836
"gaussian_phi060_N64_M16_Q4","gaussian_phi060_N64","gaussian","Gaussian",0.6,64,16,4,"V_oracle_minus_V_feasible",0.00471,0.000228207536656434,0.00325721401524478,5.5615953985747e-05
"gaussian_phi060_N64_M16_Q4","gaussian_phi060_N64","gaussian","Gaussian",0.6,64,16,4,"VK_asym_full_oracle_minus_VK_leading_oracle",-0.02049,0.000447999560307887,-0.0482144492215239,0.000150263178081909
"gaussian_phi060_N64_M16_Q4","gaussian_phi060_N64","gaussian","Gaussian",0.6,64,16,4,"VK_asym_full_oracle_minus_VK_asym_full_feasible",0.00385,0.000208691663758055,0.00242090240763221,5.3487468260176e-05
"gaussian_phi060_N64_M16_Q4","gaussian_phi060_N64","gaussian","Gaussian",0.6,64,16,4,"VK_leading_oracle_minus_F_feasible_leading",0.00303,0.000182779990932407,0.00174682289763571,5.00664910010129e-05
"gaussian_phi065_N64_M4_Q16","gaussian_phi065_N64","gaussian","Gaussian",0.65,64,4,16,"K_asym_full_minus_K_leading",-0.03717,0.000598236984709988,-0.0669585737657513,9.98334837627204e-05
"gaussian_phi065_N64_M4_Q16","gaussian_phi065_N64","gaussian","Gaussian",0.65,64,4,16,"V_oracle_minus_V_feasible",0.0535,0.000711605623801301,0.150716958116434,0.000176318202266597
"gaussian_phi065_N64_M4_Q16","gaussian_phi065_N64","gaussian","Gaussian",0.65,64,4,16,"VK_asym_full_oracle_minus_VK_leading_oracle",-0.0237,0.000481025377557295,-0.0899281382567122,0.000139983170011771
"gaussian_phi065_N64_M4_Q16","gaussian_phi065_N64","gaussian","Gaussian",0.65,64,4,16,"VK_asym_full_oracle_minus_VK_asym_full_feasible",0.05706,0.000733516833119353,0.145468509313057,0.000168112792950945
"gaussian_phi065_N64_M4_Q16","gaussian_phi065_N64","gaussian","Gaussian",0.65,64,4,16,"VK_leading_oracle_minus_F_feasible_leading",0.04922,0.000684089610932631,0.157378507772533,0.000187015190770281
"gaussian_phi065_N64_M8_Q8","gaussian_phi065_N64","gaussian","Gaussian",0.65,64,8,8,"K_asym_full_minus_K_leading",-0.03114,0.00054927772671046,-0.0767959788318976,0.000159064843423077
"gaussian_phi065_N64_M8_Q8","gaussian_phi065_N64","gaussian","Gaussian",0.65,64,8,8,"V_oracle_minus_V_feasible",0.01595,0.000396178677588087,0.0353479251945978,8.65776842754424e-05
"gaussian_phi065_N64_M8_Q8","gaussian_phi065_N64","gaussian","Gaussian",0.65,64,8,8,"VK_asym_full_oracle_minus_VK_leading_oracle",-0.02548,0.000498307313915611,-0.0845960694925287,0.000178111222383716
"gaussian_phi065_N64_M8_Q8","gaussian_phi065_N64","gaussian","Gaussian",0.65,64,8,8,"VK_asym_full_oracle_minus_VK_asym_full_feasible",0.01565,0.000392494987895585,0.0353544692031831,8.66674031752276e-05
"gaussian_phi065_N64_M8_Q8","gaussian_phi065_N64","gaussian","Gaussian",0.65,64,8,8,"VK_leading_oracle_minus_F_feasible_leading",0.01406,0.000372323179839105,0.0351470448903231,8.74220636059766e-05
"gaussian_phi065_N64_M16_Q4","gaussian_phi065_N64","gaussian","Gaussian",0.65,64,16,4,"K_asym_full_minus_K_leading",-0.02663,0.000509127708055878,-0.0617183662174392,0.000190691914057264
"gaussian_phi065_N64_M16_Q4","gaussian_phi065_N64","gaussian","Gaussian",0.65,64,16,4,"V_oracle_minus_V_feasible",0.00622,0.000250227380870722,0.00699587997483844,4.41376162730028e-05
"gaussian_phi065_N64_M16_Q4","gaussian_phi065_N64","gaussian","Gaussian",0.65,64,16,4,"VK_asym_full_oracle_minus_VK_leading_oracle",-0.02527,0.000496303066852646,-0.0602202744912896,0.000186691856052276
"gaussian_phi065_N64_M16_Q4","gaussian_phi065_N64","gaussian","Gaussian",0.65,64,16,4,"VK_asym_full_oracle_minus_VK_asym_full_feasible",0.00494,0.00022216313277539,0.00625019415696833,4.22968573852967e-05
"gaussian_phi065_N64_M16_Q4","gaussian_phi065_N64","gaussian","Gaussian",0.65,64,16,4,"VK_leading_oracle_minus_F_feasible_leading",0.0041,0.00020354929212145,0.00525909795127562,3.87402257382393e-05
"gaussian_phi070_N64_M4_Q16","gaussian_phi070_N64","gaussian","Gaussian",0.7,64,4,16,"K_asym_full_minus_K_leading",-0.04577,0.000660874752547247,-0.0812996408924222,0.00012292613900736
"gaussian_phi070_N64_M4_Q16","gaussian_phi070_N64","gaussian","Gaussian",0.7,64,4,16,"V_oracle_minus_V_feasible",0.07129,0.000813685430519558,0.206680503961796,0.000268477283550744
"gaussian_phi070_N64_M4_Q16","gaussian_phi070_N64","gaussian","Gaussian",0.7,64,4,16,"VK_asym_full_oracle_minus_VK_leading_oracle",-0.02926,0.000532955311835471,-0.114969732755043,0.000181653152493506
"gaussian_phi070_N64_M4_Q16","gaussian_phi070_N64","gaussian","Gaussian",0.7,64,4,16,"VK_asym_full_oracle_minus_VK_asym_full_feasible",0.07737,0.000844894058127819,0.19606070198168,0.00025108075267232
"gaussian_phi070_N64_M4_Q16","gaussian_phi070_N64","gaussian","Gaussian",0.7,64,4,16,"VK_leading_oracle_minus_F_feasible_leading",0.06563,0.000783092052910533,0.216073787998862,0.000284289601851894
"gaussian_phi070_N64_M8_Q8","gaussian_phi070_N64","gaussian","Gaussian",0.7,64,8,8,"K_asym_full_minus_K_leading",-0.03943,0.00061543199345288,-0.095550125934955,0.000197328840078707
"gaussian_phi070_N64_M8_Q8","gaussian_phi070_N64","gaussian","Gaussian",0.7,64,8,8,"V_oracle_minus_V_feasible",0.02425,0.000486437808170183,0.0599634592869734,8.22756531957865e-05
"gaussian_phi070_N64_M8_Q8","gaussian_phi070_N64","gaussian","Gaussian",0.7,64,8,8,"VK_asym_full_oracle_minus_VK_leading_oracle",-0.03102,0.000548252315823671,-0.107416125030699,0.000226156657270034
"gaussian_phi070_N64_M8_Q8","gaussian_phi070_N64","gaussian","Gaussian",0.7,64,8,8,"VK_asym_full_oracle_minus_VK_asym_full_feasible",0.02482,0.000491977739761632,0.0597012751012279,8.19176998586229e-05
"gaussian_phi070_N64_M8_Q8","gaussian_phi070_N64","gaussian","Gaussian",0.7,64,8,8,"VK_leading_oracle_minus_F_feasible_leading",0.02032,0.000446175936968442,0.0615443032174834,8.4472209515948e-05
"gaussian_phi070_N64_M16_Q4","gaussian_phi070_N64","gaussian","Gaussian",0.7,64,16,4,"K_asym_full_minus_K_leading",-0.0324,0.000559915649946803,-0.0792347273064465,0.000244321630355477
"gaussian_phi070_N64_M16_Q4","gaussian_phi070_N64","gaussian","Gaussian",0.7,64,16,4,"V_oracle_minus_V_feasible",0.00798,0.000281360956139754,0.0129837798785807,3.34262819564413e-05
"gaussian_phi070_N64_M16_Q4","gaussian_phi070_N64","gaussian","Gaussian",0.7,64,16,4,"VK_asym_full_oracle_minus_VK_leading_oracle",-0.02895,0.000530209190997159,-0.076917852121686,0.000238219729667894
"gaussian_phi070_N64_M16_Q4","gaussian_phi070_N64","gaussian","Gaussian",0.7,64,16,4,"VK_asym_full_oracle_minus_VK_asym_full_feasible",0.00719,0.000267177380849368,0.0123567627088317,3.18570633740518e-05
"gaussian_phi070_N64_M16_Q4","gaussian_phi070_N64","gaussian","Gaussian",0.7,64,16,4,"VK_leading_oracle_minus_F_feasible_leading",0.00564,0.000236817365969323,0.0108061399101154,2.80336748566134e-05
"gaussian_phi075_N64_M4_Q16","gaussian_phi075_N64","gaussian","Gaussian",0.75,64,4,16,"K_asym_full_minus_K_leading",-0.05936,0.000747241251333782,-0.0997150394343911,0.00015571853861648
"gaussian_phi075_N64_M4_Q16","gaussian_phi075_N64","gaussian","Gaussian",0.75,64,4,16,"V_oracle_minus_V_feasible",0.0955,0.000929411716120138,0.281580762933633,0.000403394322723238
"gaussian_phi075_N64_M4_Q16","gaussian_phi075_N64","gaussian","Gaussian",0.75,64,4,16,"VK_asym_full_oracle_minus_VK_leading_oracle",-0.03595,0.00058870998020622,-0.149921194989231,0.000245322793552024
"gaussian_phi075_N64_M4_Q16","gaussian_phi075_N64","gaussian","Gaussian",0.75,64,4,16,"VK_asym_full_oracle_minus_VK_asym_full_feasible",0.10673,0.00097642030138975,0.261206602767778,0.000368312701744914
"gaussian_phi075_N64_M4_Q16","gaussian_phi075_N64","gaussian","Gaussian",0.75,64,4,16,"VK_leading_oracle_minus_F_feasible_leading",0.08853,0.000898294194751699,0.294434025068276,0.000426161651188913
"gaussian_phi075_N64_M8_Q8","gaussian_phi075_N64","gaussian","Gaussian",0.75,64,8,8,"K_asym_full_minus_K_leading",-0.0511,0.000696342407819235,-0.120341802531132,0.00025071125047218
"gaussian_phi075_N64_M8_Q8","gaussian_phi075_N64","gaussian","Gaussian",0.75,64,8,8,"V_oracle_minus_V_feasible",0.03534,0.000583878628777019,0.0977246372097773,0.000143948580623912
"gaussian_phi075_N64_M8_Q8","gaussian_phi075_N64","gaussian","Gaussian",0.75,64,8,8,"VK_asym_full_oracle_minus_VK_leading_oracle",-0.0385,0.000608425181770132,-0.138868967096184,0.000296288408295602
"gaussian_phi075_N64_M8_Q8","gaussian_phi075_N64","gaussian","Gaussian",0.75,64,8,8,"VK_asym_full_oracle_minus_VK_asym_full_feasible",0.03687,0.00059591071654722,0.0959442019104742,0.000140076933380317
"gaussian_phi075_N64_M8_Q8","gaussian_phi075_N64","gaussian","Gaussian",0.75,64,8,8,"VK_leading_oracle_minus_F_feasible_leading",0.02977,0.000537438702926756,0.101730821526191,0.000153663059267589
"gaussian_phi075_N64_M16_Q4","gaussian_phi075_N64","gaussian","Gaussian",0.75,64,16,4,"K_asym_full_minus_K_leading",-0.04135,0.000629607607210547,-0.10297887045636,0.00031656123808837
"gaussian_phi075_N64_M16_Q4","gaussian_phi075_N64","gaussian","Gaussian",0.75,64,16,4,"V_oracle_minus_V_feasible",0.01199,0.000344185391374818,0.0234385590172286,4.526596605011e-05
"gaussian_phi075_N64_M16_Q4","gaussian_phi075_N64","gaussian","Gaussian",0.75,64,16,4,"VK_asym_full_oracle_minus_VK_leading_oracle",-0.03564,0.000586260471986139,-0.0992819908121517,0.000306862766920698
"gaussian_phi075_N64_M16_Q4","gaussian_phi075_N64","gaussian","Gaussian",0.75,64,16,4,"VK_asym_full_oracle_minus_VK_asym_full_feasible",0.01118,0.000332492378125898,0.0229830538017616,4.43981646228157e-05
"gaussian_phi075_N64_M16_Q4","gaussian_phi075_N64","gaussian","Gaussian",0.75,64,16,4,"VK_leading_oracle_minus_F_feasible_leading",0.00852,0.000290645730657458,0.0203176710118651,3.94360716013901e-05
"gaussian_phi080_N64_M4_Q16","gaussian_phi080_N64","gaussian","Gaussian",0.8,64,4,16,"K_asym_full_minus_K_leading",-0.07354,0.000825424434612262,-0.12413679189191,0.000203940482224754
"gaussian_phi080_N64_M4_Q16","gaussian_phi080_N64","gaussian","Gaussian",0.8,64,4,16,"V_oracle_minus_V_feasible",0.13059,0.00106553924035613,0.383106968960224,0.000602020788328273
"gaussian_phi080_N64_M4_Q16","gaussian_phi080_N64","gaussian","Gaussian",0.8,64,4,16,"VK_asym_full_oracle_minus_VK_leading_oracle",-0.04922,0.000684089610932631,-0.200936408108134,0.000344952725892231
"gaussian_phi080_N64_M4_Q16","gaussian_phi080_N64","gaussian","Gaussian",0.8,64,4,16,"VK_asym_full_oracle_minus_VK_asym_full_feasible",0.14746,0.00112123505817494,0.344855510152823,0.000533186513173806
"gaussian_phi080_N64_M4_Q16","gaussian_phi080_N64","gaussian","Gaussian",0.8,64,4,16,"VK_leading_oracle_minus_F_feasible_leading",0.12375,0.00104133098422269,0.400275763982291,0.000633849646274352
"gaussian_phi080_N64_M8_Q8","gaussian_phi080_N64","gaussian","Gaussian",0.8,64,8,8,"K_asym_full_minus_K_leading",-0.06777,0.000794845009285388,-0.154113942931948,0.000329122063315691
"gaussian_phi080_N64_M8_Q8","gaussian_phi080_N64","gaussian","Gaussian",0.8,64,8,8,"V_oracle_minus_V_feasible",0.05355,0.000711919267396545,0.155185045324235,0.000272430583523324
"gaussian_phi080_N64_M8_Q8","gaussian_phi080_N64","gaussian","Gaussian",0.8,64,8,8,"VK_asym_full_oracle_minus_VK_leading_oracle",-0.05081,0.0006944697703159,-0.183877890454624,0.000403035733289746
"gaussian_phi080_N64_M8_Q8","gaussian_phi080_N64","gaussian","Gaussian",0.8,64,8,8,"VK_asym_full_oracle_minus_VK_asym_full_feasible",0.05782,0.000738088018964701,0.149056340818555,0.000257754675743702
"gaussian_phi080_N64_M8_Q8","gaussian_phi080_N64","gaussian","Gaussian",0.8,64,8,8,"VK_leading_oracle_minus_F_feasible_leading",0.04583,0.000661286990651442,0.162307200336301,0.000291276630723832
"gaussian_phi080_N64_M16_Q4","gaussian_phi080_N64","gaussian","Gaussian",0.8,64,16,4,"K_asym_full_minus_K_leading",-0.05409,0.000715295628029666,-0.137330957845386,0.00042528563813038
"gaussian_phi080_N64_M16_Q4","gaussian_phi080_N64","gaussian","Gaussian",0.8,64,16,4,"V_oracle_minus_V_feasible",0.01802,0.000420659679011021,0.041586006074185,9.7845539781159e-05
"gaussian_phi080_N64_M16_Q4","gaussian_phi080_N64","gaussian","Gaussian",0.8,64,16,4,"VK_asym_full_oracle_minus_VK_leading_oracle",-0.04571,0.000660462202630257,-0.131097612199374,0.0004086248600512
"gaussian_phi080_N64_M16_Q4","gaussian_phi080_N64","gaussian","Gaussian",0.8,64,16,4,"VK_asym_full_oracle_minus_VK_asym_full_feasible",0.01763,0.000416165307222538,0.0414530249538082,9.7653332686811e-05
"gaussian_phi080_N64_M16_Q4","gaussian_phi080_N64","gaussian","Gaussian",0.8,64,16,4,"VK_leading_oracle_minus_F_feasible_leading",0.01248,0.000351060861443261,0.0364864698261979,8.768406100666e-05
"gaussian_phi085_N64_M4_Q16","gaussian_phi085_N64","gaussian","Gaussian",0.85,64,4,16,"K_asym_full_minus_K_leading",-0.09599,0.000931540593145981,-0.158039352888909,0.000276527362199657
"gaussian_phi085_N64_M4_Q16","gaussian_phi085_N64","gaussian","Gaussian",0.85,64,4,16,"V_oracle_minus_V_feasible",0.17864,0.00121131836315717,0.522572614611323,0.000889153319522013
"gaussian_phi085_N64_M4_Q16","gaussian_phi085_N64","gaussian","Gaussian",0.85,64,4,16,"VK_asym_full_oracle_minus_VK_leading_oracle",-0.06758,0.000793810895212061,-0.279272672191905,0.000503030520881981
"gaussian_phi085_N64_M4_Q16","gaussian_phi085_N64","gaussian","Gaussian",0.85,64,4,16,"VK_asym_full_oracle_minus_VK_asym_full_feasible",0.20101,0.00126730653736915,0.450870668234429,0.000756950685604668
"gaussian_phi085_N64_M4_Q16","gaussian_phi085_N64","gaussian","Gaussian",0.85,64,4,16,"VK_leading_oracle_minus_F_feasible_leading",0.17031,0.00118872165353866,0.544732783868449,0.000931327701490716
"gaussian_phi085_N64_M8_Q8","gaussian_phi085_N64","gaussian","Gaussian",0.85,64,8,8,"K_asym_full_minus_K_leading",-0.09387,0.000922275846440407,-0.202668243851906,0.000446694942870566
"gaussian_phi085_N64_M8_Q8","gaussian_phi085_N64","gaussian","Gaussian",0.85,64,8,8,"V_oracle_minus_V_feasible",0.08023,0.000859033672441601,0.243515836199754,0.000487496968386683
"gaussian_phi085_N64_M8_Q8","gaussian_phi085_N64","gaussian","Gaussian",0.85,64,8,8,"VK_asym_full_oracle_minus_VK_leading_oracle",-0.06797,0.000795931608915779,-0.252332372557718,0.000571262190745593
"gaussian_phi085_N64_M8_Q8","gaussian_phi085_N64","gaussian","Gaussian",0.85,64,8,8,"VK_asym_full_oracle_minus_VK_asym_full_feasible",0.09129,0.000910807144623134,0.226562371641269,0.000445576372453471
"gaussian_phi085_N64_M8_Q8","gaussian_phi085_N64","gaussian","Gaussian",0.85,64,8,8,"VK_leading_oracle_minus_F_feasible_leading",0.06997,0.000806689840325875,0.254152050670532,0.000516657186680663
"gaussian_phi085_N64_M16_Q4","gaussian_phi085_N64","gaussian","Gaussian",0.85,64,16,4,"K_asym_full_minus_K_leading",-0.07577,0.000836836945862657,-0.190761648438292,0.000601420776589228
"gaussian_phi085_N64_M16_Q4","gaussian_phi085_N64","gaussian","Gaussian",0.85,64,16,4,"V_oracle_minus_V_feasible",0.02987,0.000538312854023836,0.0739863472677134,0.00020474524296648
"gaussian_phi085_N64_M16_Q4","gaussian_phi085_N64","gaussian","Gaussian",0.85,64,16,4,"VK_asym_full_oracle_minus_VK_leading_oracle",-0.05931,0.000746946328920748,-0.179238632380788,0.000570280368789552
"gaussian_phi085_N64_M16_Q4","gaussian_phi085_N64","gaussian","Gaussian",0.85,64,16,4,"VK_asym_full_oracle_minus_VK_asym_full_feasible",0.03121,0.000549874879062343,0.0745713813162124,0.000205552969182835
"gaussian_phi085_N64_M16_Q4","gaussian_phi085_N64","gaussian","Gaussian",0.85,64,16,4,"VK_leading_oracle_minus_F_feasible_leading",0.01958,0.000438141707306617,0.0643906349445414,0.000181517520410494
"gaussian_phi090_N64_M4_Q16","gaussian_phi090_N64","gaussian","Gaussian",0.9,64,4,16,"K_asym_full_minus_K_leading",-0.12284,0.00103803377553006,-0.20533508870343,0.000395263838674342
"gaussian_phi090_N64_M4_Q16","gaussian_phi090_N64","gaussian","Gaussian",0.9,64,4,16,"V_oracle_minus_V_feasible",0.24954,0.00136847236404909,0.707293671322739,0.00132054261806436
"gaussian_phi090_N64_M4_Q16","gaussian_phi090_N64","gaussian","Gaussian",0.9,64,4,16,"VK_asym_full_oracle_minus_VK_leading_oracle",-0.10505,0.000969615581838372,-0.40325397707503,0.000777161815743363
"gaussian_phi090_N64_M4_Q16","gaussian_phi090_N64","gaussian","Gaussian",0.9,64,4,16,"VK_asym_full_oracle_minus_VK_asym_full_feasible",0.26631,0.00139782308540594,0.571336163861061,0.00106108018440295
"gaussian_phi090_N64_M4_Q16","gaussian_phi090_N64","gaussian","Gaussian",0.9,64,4,16,"VK_leading_oracle_minus_F_feasible_leading",0.24194,0.00135427792741632,0.733711588862486,0.00137264760234063
"gaussian_phi090_N64_M8_Q8","gaussian_phi090_N64","gaussian","Gaussian",0.9,64,8,8,"K_asym_full_minus_K_leading",-0.13171,0.00106940927402092,-0.271511280072928,0.000629043211386056
"gaussian_phi090_N64_M8_Q8","gaussian_phi090_N64","gaussian","Gaussian",0.9,64,8,8,"V_oracle_minus_V_feasible",0.12591,0.00104908423149776,0.374079944981208,0.0008323106432081
"gaussian_phi090_N64_M8_Q8","gaussian_phi090_N64","gaussian","Gaussian",0.9,64,8,8,"VK_asym_full_oracle_minus_VK_leading_oracle",-0.10168,0.000955730563605194,-0.356399166602928,0.000844705086080993
"gaussian_phi090_N64_M8_Q8","gaussian_phi090_N64","gaussian","Gaussian",0.9,64,8,8,"VK_asym_full_oracle_minus_VK_asym_full_feasible",0.14251,0.00110545068601552,0.331724227100211,0.000725698003670046
"gaussian_phi090_N64_M8_Q8","gaussian_phi090_N64","gaussian","Gaussian",0.9,64,8,8,"VK_leading_oracle_minus_F_feasible_leading",0.1134,0.00100270357242035,0.386375223825217,0.000867692264399321
"gaussian_phi090_N64_M16_Q4","gaussian_phi090_N64","gaussian","Gaussian",0.9,64,16,4,"K_asym_full_minus_K_leading",-0.11085,0.000992790325963299,-0.274277158791603,0.000870175634585736
"gaussian_phi090_N64_M16_Q4","gaussian_phi090_N64","gaussian","Gaussian",0.9,64,16,4,"V_oracle_minus_V_feasible",0.04857,0.000679789799968874,0.13093200736499,0.00039400482793822
"gaussian_phi090_N64_M16_Q4","gaussian_phi090_N64","gaussian","Gaussian",0.9,64,16,4,"VK_asym_full_oracle_minus_VK_leading_oracle",-0.08301,0.000872468343844125,-0.250981288871263,0.000806160392385418
"gaussian_phi090_N64_M16_Q4","gaussian_phi090_N64","gaussian","Gaussian",0.9,64,16,4,"VK_asym_full_oracle_minus_VK_asym_full_feasible",0.05577,0.000725673712506778,0.133323165011372,0.000397438554031667
"gaussian_phi090_N64_M16_Q4","gaussian_phi090_N64","gaussian","Gaussian",0.9,64,16,4,"VK_leading_oracle_minus_F_feasible_leading",0.03392,0.000572448786334751,0.110521109118694,0.000337310217765499
"gaussian_phi095_N64_M4_Q16","gaussian_phi095_N64","gaussian","Gaussian",0.95,64,4,16,"K_asym_full_minus_K_leading",-0.14499,0.00111341429661827,-0.271462043401335,0.000612258232355118
"gaussian_phi095_N64_M4_Q16","gaussian_phi095_N64","gaussian","Gaussian",0.95,64,4,16,"V_oracle_minus_V_feasible",0.33217,0.00148941367474955,0.904104678261315,0.00191346510206523
"gaussian_phi095_N64_M4_Q16","gaussian_phi095_N64","gaussian","Gaussian",0.95,64,4,16,"VK_asym_full_oracle_minus_VK_leading_oracle",-0.18337,0.00122371132449367,-0.601725458379433,0.00128632714203023
"gaussian_phi095_N64_M4_Q16","gaussian_phi095_N64","gaussian","Gaussian",0.95,64,4,16,"VK_asym_full_oracle_minus_VK_asym_full_feasible",0.30894,0.00146115779908302,0.643913081389132,0.00139050532008884
"gaussian_phi095_N64_M4_Q16","gaussian_phi095_N64","gaussian","Gaussian",0.95,64,4,16,"VK_leading_oracle_minus_F_feasible_leading",0.3277,0.00148430088981019,0.927573755138704,0.00196171914869449
"gaussian_phi095_N64_M8_Q8","gaussian_phi095_N64","gaussian","Gaussian",0.95,64,8,8,"K_asym_full_minus_K_leading",-0.18178,0.00121957992347853,-0.369116113369199,0.000945706386028511
"gaussian_phi095_N64_M8_Q8","gaussian_phi095_N64","gaussian","Gaussian",0.95,64,8,8,"V_oracle_minus_V_feasible",0.19008,0.00124077045867207,0.534349589664859,0.00133239839644834
"gaussian_phi095_N64_M8_Q8","gaussian_phi095_N64","gaussian","Gaussian",0.95,64,8,8,"VK_asym_full_oracle_minus_VK_leading_oracle",-0.16693,0.00117926148821056,-0.516157439322946,0.00132395445897423
"gaussian_phi095_N64_M8_Q8","gaussian_phi095_N64","gaussian","Gaussian",0.95,64,8,8,"VK_asym_full_oracle_minus_VK_asym_full_feasible",0.20089,0.0012670233354131,0.433346717491246,0.00107563449981248
"gaussian_phi095_N64_M8_Q8","gaussian_phi095_N64","gaussian","Gaussian",0.95,64,8,8,"VK_leading_oracle_minus_F_feasible_leading",0.17628,0.00120501789890498,0.537809249206125,0.0013457264031148
"gaussian_phi095_N64_M16_Q4","gaussian_phi095_N64","gaussian","Gaussian",0.95,64,16,4,"K_asym_full_minus_K_leading",-0.17644,0.0012054475496835,-0.406647859851969,0.00135849052283401
"gaussian_phi095_N64_M16_Q4","gaussian_phi095_N64","gaussian","Gaussian",0.95,64,16,4,"V_oracle_minus_V_feasible",0.08108,0.000863173091956571,0.216089679179024,0.000712417291480894
"gaussian_phi095_N64_M16_Q4","gaussian_phi095_N64","gaussian","Gaussian",0.95,64,16,4,"VK_asym_full_oracle_minus_VK_leading_oracle",-0.12967,0.00106234090417435,-0.359138334680585,0.00121571021552591
"gaussian_phi095_N64_M16_Q4","gaussian_phi095_N64","gaussian","Gaussian",0.95,64,16,4,"VK_asym_full_oracle_minus_VK_asym_full_feasible",0.10053,0.000950918626099171,0.221050990449195,0.000719069102004401
"gaussian_phi095_N64_M16_Q4","gaussian_phi095_N64","gaussian","Gaussian",0.95,64,16,4,"VK_leading_oracle_minus_F_feasible_leading",0.0563,0.000728909056799359,0.169857688637451,0.000565037820288586
"gaussian_phi000_N729_M9_Q81","gaussian_phi000_N729","gaussian","Gaussian",0,729,9,81,"K_asym_full_minus_K_leading",0,0,0,0
"gaussian_phi000_N729_M9_Q81","gaussian_phi000_N729","gaussian","Gaussian",0,729,9,81,"V_oracle_minus_V_feasible",0.00038,0.000209759376405347,-0.000467739182897121,2.33100215646972e-05
"gaussian_phi000_N729_M9_Q81","gaussian_phi000_N729","gaussian","Gaussian",0,729,9,81,"VK_asym_full_oracle_minus_VK_leading_oracle",0,0,0,0
"gaussian_phi000_N729_M9_Q81","gaussian_phi000_N729","gaussian","Gaussian",0,729,9,81,"VK_asym_full_oracle_minus_VK_asym_full_feasible",0.00033,0.000203713833583436,-0.000488801468379205,2.35357856428157e-05
"gaussian_phi000_N729_M9_Q81","gaussian_phi000_N729","gaussian","Gaussian",0,729,9,81,"VK_leading_oracle_minus_F_feasible_leading",0.00033,0.000203713833583436,-0.000488801468379205,2.35357856428157e-05
"gaussian_phi000_N729_M27_Q27","gaussian_phi000_N729","gaussian","Gaussian",0,729,27,27,"K_asym_full_minus_K_leading",0,0,0,0
"gaussian_phi000_N729_M27_Q27","gaussian_phi000_N729","gaussian","Gaussian",0,729,27,27,"V_oracle_minus_V_feasible",0.00167,0.00026809108476094,-0.0011302719288827,3.63052756290816e-05
"gaussian_phi000_N729_M27_Q27","gaussian_phi000_N729","gaussian","Gaussian",0,729,27,27,"VK_asym_full_oracle_minus_VK_leading_oracle",0,0,0,0
"gaussian_phi000_N729_M27_Q27","gaussian_phi000_N729","gaussian","Gaussian",0,729,27,27,"VK_asym_full_oracle_minus_VK_asym_full_feasible",0.00118,0.000252560317285077,-0.00129415769710204,3.73651401641514e-05
"gaussian_phi000_N729_M27_Q27","gaussian_phi000_N729","gaussian","Gaussian",0,729,27,27,"VK_leading_oracle_minus_F_feasible_leading",0.00118,0.000252560317285077,-0.00129415769710204,3.73651401641514e-05
"gaussian_phi000_N729_M81_Q9","gaussian_phi000_N729","gaussian","Gaussian",0,729,81,9,"K_asym_full_minus_K_leading",0,0,0,0
"gaussian_phi000_N729_M81_Q9","gaussian_phi000_N729","gaussian","Gaussian",0,729,81,9,"V_oracle_minus_V_feasible",0.00093,0.000165805988782852,-0.000250915311896708,1.00454165872976e-05
"gaussian_phi000_N729_M81_Q9","gaussian_phi000_N729","gaussian","Gaussian",0,729,81,9,"VK_asym_full_oracle_minus_VK_leading_oracle",0,0,0,0
"gaussian_phi000_N729_M81_Q9","gaussian_phi000_N729","gaussian","Gaussian",0,729,81,9,"VK_asym_full_oracle_minus_VK_asym_full_feasible",0.00052,0.00013710391670131,-0.000375023505410895,1.07621948807432e-05
"gaussian_phi000_N729_M81_Q9","gaussian_phi000_N729","gaussian","Gaussian",0,729,81,9,"VK_leading_oracle_minus_F_feasible_leading",0.00052,0.00013710391670131,-0.000375023505410895,1.07621948807432e-05
"gaussian_phi005_N729_M9_Q81","gaussian_phi005_N729","gaussian","Gaussian",0.05,729,9,81,"K_asym_full_minus_K_leading",-6e-05,2.44942850416173e-05,-5.49265523508212e-05,3.1625078508221e-08
"gaussian_phi005_N729_M9_Q81","gaussian_phi005_N729","gaussian","Gaussian",0.05,729,9,81,"V_oracle_minus_V_feasible",0.00025,0.000196722550811085,-0.000497840344709121,2.3492073538832e-05
"gaussian_phi005_N729_M9_Q81","gaussian_phi005_N729","gaussian","Gaussian",0.05,729,9,81,"VK_asym_full_oracle_minus_VK_leading_oracle",-9e-05,2.99987999639984e-05,-5.52519049213807e-05,3.18287340968443e-08
"gaussian_phi005_N729_M9_Q81","gaussian_phi005_N729","gaussian","Gaussian",0.05,729,9,81,"VK_asym_full_oracle_minus_VK_asym_full_feasible",0.00024,0.000200498942636264,-0.000518613138596711,2.37113933875896e-05
"gaussian_phi005_N729_M9_Q81","gaussian_phi005_N729","gaussian","Gaussian",0.05,729,9,81,"VK_leading_oracle_minus_F_feasible_leading",0.00029,0.000199748737156408,-0.000519434756900578,2.371997457997e-05
"gaussian_phi005_N729_M27_Q27","gaussian_phi005_N729","gaussian","Gaussian",0.05,729,27,27,"K_asym_full_minus_K_leading",-0.00011,3.31645895331148e-05,-5.90399834565027e-05,6.18160023236458e-08
"gaussian_phi005_N729_M27_Q27","gaussian_phi005_N729","gaussian","Gaussian",0.05,729,27,27,"V_oracle_minus_V_feasible",0.00172,0.000263763363094872,-0.00115059704208795,3.73367371267594e-05
"gaussian_phi005_N729_M27_Q27","gaussian_phi005_N729","gaussian","Gaussian",0.05,729,27,27,"VK_asym_full_oracle_minus_VK_leading_oracle",-9e-05,2.99987999639984e-05,-5.91563139757111e-05,6.19586946639789e-08
"gaussian_phi005_N729_M27_Q27","gaussian_phi005_N729","gaussian","Gaussian",0.05,729,27,27,"VK_asym_full_oracle_minus_VK_asym_full_feasible",0.00105,0.000262468405520815,-0.00131895706606213,3.84135309704246e-05
"gaussian_phi005_N729_M27_Q27","gaussian_phi005_N729","gaussian","Gaussian",0.05,729,27,27,"VK_leading_oracle_minus_F_feasible_leading",0.00109,0.000262085493471231,-0.00132123486954244,3.84276130004566e-05
"gaussian_phi005_N729_M81_Q9","gaussian_phi005_N729","gaussian","Gaussian",0.05,729,81,9,"K_asym_full_minus_K_leading",-6e-05,2.44942850416173e-05,-6.03731244329389e-05,1.15313717934851e-07
"gaussian_phi005_N729_M81_Q9","gaussian_phi005_N729","gaussian","Gaussian",0.05,729,81,9,"V_oracle_minus_V_feasible",0.00047,0.000161548915132599,-0.000262748202847982,1.02775078053527e-05
"gaussian_phi005_N729_M81_Q9","gaussian_phi005_N729","gaussian","Gaussian",0.05,729,81,9,"VK_asym_full_oracle_minus_VK_leading_oracle",-8e-05,2.82832812707436e-05,-6.03996887299663e-05,1.15372643555741e-07
"gaussian_phi005_N729_M81_Q9","gaussian_phi005_N729","gaussian","Gaussian",0.05,729,81,9,"VK_asym_full_oracle_minus_VK_asym_full_feasible",0.00056,0.000145592156281716,-0.000391066562988616,1.10254112288009e-05
"gaussian_phi005_N729_M81_Q9","gaussian_phi005_N729","gaussian","Gaussian",0.05,729,81,9,"VK_leading_oracle_minus_F_feasible_leading",5e-04,0.000146961613958067,-0.000391715500998476,1.10288230892041e-05
"gaussian_phi010_N729_M9_Q81","gaussian_phi010_N729","gaussian","Gaussian",0.1,729,9,81,"K_asym_full_minus_K_leading",-0.00015,3.8727122251724e-05,-0.000115537716270941,6.64261093376734e-08
"gaussian_phi010_N729_M9_Q81","gaussian_phi010_N729","gaussian","Gaussian",0.1,729,9,81,"V_oracle_minus_V_feasible",0.00039,0.000200745814374347,-0.000446071203167972,2.33607965223795e-05
"gaussian_phi010_N729_M9_Q81","gaussian_phi010_N729","gaussian","Gaussian",0.1,729,9,81,"VK_asym_full_oracle_minus_VK_leading_oracle",-0.00012,3.4639110824038e-05,-0.000116928927936988,6.72980286593464e-08
"gaussian_phi010_N729_M9_Q81","gaussian_phi010_N729","gaussian","Gaussian",0.1,729,9,81,"VK_asym_full_oracle_minus_VK_asym_full_feasible",0.00069,0.000197219745350915,-0.000465755386221904,2.3570664685891e-05
"gaussian_phi010_N729_M9_Q81","gaussian_phi010_N729","gaussian","Gaussian",0.1,729,9,81,"VK_leading_oracle_minus_F_feasible_leading",0.00067,0.00019722043494273,-0.000467388655801864,2.35878863312651e-05
"gaussian_phi010_N729_M27_Q27","gaussian_phi010_N729","gaussian","Gaussian",0.1,729,27,27,"K_asym_full_minus_K_leading",-0.00011,3.31645895331148e-05,-0.000124397743185914,1.30595257995854e-07
"gaussian_phi010_N729_M27_Q27","gaussian_phi010_N729","gaussian","Gaussian",0.1,729,27,27,"V_oracle_minus_V_feasible",9e-04,0.00025493636446278,-0.00117152597443917,3.81086477136383e-05
"gaussian_phi010_N729_M27_Q27","gaussian_phi010_N729","gaussian","Gaussian",0.1,729,27,27,"VK_asym_full_oracle_minus_VK_leading_oracle",-0.00015,3.8727122251724e-05,-0.000124893049756459,1.31202450170944e-07
"gaussian_phi010_N729_M27_Q27","gaussian_phi010_N729","gaussian","Gaussian",0.1,729,27,27,"VK_asym_full_oracle_minus_VK_asym_full_feasible",0.00106,0.000246960267844321,-0.00134261792260891,3.91911915235454e-05
"gaussian_phi010_N729_M27_Q27","gaussian_phi010_N729","gaussian","Gaussian",0.1,729,27,27,"VK_leading_oracle_minus_F_feasible_leading",0.00107,0.000247162217767237,-0.00134734280894699,3.9220091644406e-05
"gaussian_phi010_N729_M81_Q9","gaussian_phi010_N729","gaussian","Gaussian",0.1,729,81,9,"K_asym_full_minus_K_leading",-0.00023,4.79530394755113e-05,-0.000127119635373636,2.4153418780392e-07
"gaussian_phi010_N729_M81_Q9","gaussian_phi010_N729","gaussian","Gaussian",0.1,729,81,9,"V_oracle_minus_V_feasible",0.00045,0.000155878856751581,-0.000261149743528801,1.04359809934053e-05
"gaussian_phi010_N729_M81_Q9","gaussian_phi010_N729","gaussian","Gaussian",0.1,729,81,9,"VK_asym_full_oracle_minus_VK_leading_oracle",-0.00022,4.68992323538451e-05,-0.000127232391186632,2.41782376473244e-07
"gaussian_phi010_N729_M81_Q9","gaussian_phi010_N729","gaussian","Gaussian",0.1,729,81,9,"VK_asym_full_oracle_minus_VK_asym_full_feasible",0.00055,0.000144558583182873,-0.000391607904233576,1.11828305526395e-05
"gaussian_phi010_N729_M81_Q9","gaussian_phi010_N729","gaussian","Gaussian",0.1,729,81,9,"VK_leading_oracle_minus_F_feasible_leading",0.00053,0.000144559330290368,-0.000392943919886338,1.11897163331841e-05
"gaussian_phi015_N729_M9_Q81","gaussian_phi015_N729","gaussian","Gaussian",0.15,729,9,81,"K_asym_full_minus_K_leading",-0.00024,4.89841606489276e-05,-0.000183474243931337,1.05745542474425e-07
"gaussian_phi015_N729_M9_Q81","gaussian_phi015_N729","gaussian","Gaussian",0.15,729,9,81,"V_oracle_minus_V_feasible",0.00048,0.000187611428171313,-0.000470381308515937,2.29889633913671e-05
"gaussian_phi015_N729_M9_Q81","gaussian_phi015_N729","gaussian","Gaussian",0.15,729,9,81,"VK_asym_full_oracle_minus_VK_leading_oracle",-0.00027,5.19547687222254e-05,-0.000186861820449371,1.07873732728232e-07
"gaussian_phi015_N729_M9_Q81","gaussian_phi015_N729","gaussian","Gaussian",0.15,729,9,81,"VK_asym_full_oracle_minus_VK_asym_full_feasible",-2e-05,0.0001827575716716,-0.000489562351417919,2.31869946073069e-05
"gaussian_phi015_N729_M9_Q81","gaussian_phi015_N729","gaussian","Gaussian",0.15,729,9,81,"VK_leading_oracle_minus_F_feasible_leading",4e-05,0.000184391767720905,-0.000492085888003997,2.32127645348258e-05
"gaussian_phi015_N729_M27_Q27","gaussian_phi015_N729","gaussian","Gaussian",0.15,729,27,27,"K_asym_full_minus_K_leading",-0.00026,5.09838208993788e-05,-0.000198313697240358,2.08487042950874e-07
"gaussian_phi015_N729_M27_Q27","gaussian_phi015_N729","gaussian","Gaussian",0.15,729,27,27,"V_oracle_minus_V_feasible",0.0014,0.000263402911546054,-0.00121966246443493,3.97230452594995e-05
"gaussian_phi015_N729_M27_Q27","gaussian_phi015_N729","gaussian","Gaussian",0.15,729,27,27,"VK_asym_full_oracle_minus_VK_leading_oracle",-0.00023,4.79530394755113e-05,-0.000199516940964062,2.09972509027264e-07
"gaussian_phi015_N729_M27_Q27","gaussian_phi015_N729","gaussian","Gaussian",0.15,729,27,27,"VK_asym_full_oracle_minus_VK_asym_full_feasible",0.00119,0.000249972926263303,-0.0013945009870024,4.08452847523316e-05
"gaussian_phi015_N729_M27_Q27","gaussian_phi015_N729","gaussian","Gaussian",0.15,729,27,27,"VK_leading_oracle_minus_F_feasible_leading",0.00114,0.000250175198363664,-0.00140193472247848,4.08914221397993e-05
"gaussian_phi015_N729_M81_Q9","gaussian_phi015_N729","gaussian","Gaussian",0.15,729,81,9,"K_asym_full_minus_K_leading",-0.00034,5.82998969877296e-05,-0.000202631325515932,3.87949568232954e-07
"gaussian_phi015_N729_M81_Q9","gaussian_phi015_N729","gaussian","Gaussian",0.15,729,81,9,"V_oracle_minus_V_feasible",0.00044,0.000164919180156099,-0.000269610891025937,1.08693238709922e-05
"gaussian_phi015_N729_M81_Q9","gaussian_phi015_N729","gaussian","Gaussian",0.15,729,81,9,"VK_asym_full_oracle_minus_VK_leading_oracle",-0.00029,5.38441082373914e-05,-0.000202904674402411,3.88556438178599e-07
"gaussian_phi015_N729_M81_Q9","gaussian_phi015_N729","gaussian","Gaussian",0.15,729,81,9,"VK_asym_full_oracle_minus_VK_asym_full_feasible",0.00063,0.000138910848972424,-0.000403145204709573,1.16555417282575e-05
"gaussian_phi015_N729_M81_Q9","gaussian_phi015_N729","gaussian","Gaussian",0.15,729,81,9,"VK_leading_oracle_minus_F_feasible_leading",6e-04,0.000137828117472088,-0.000405231982061355,1.16666078301926e-05
"gaussian_phi020_N729_M9_Q81","gaussian_phi020_N729","gaussian","Gaussian",0.2,729,9,81,"K_asym_full_minus_K_leading",-0.00045,6.70672795049852e-05,-0.000260502459389426,1.49782471130349e-07
"gaussian_phi020_N729_M9_Q81","gaussian_phi020_N729","gaussian","Gaussian",0.2,729,9,81,"V_oracle_minus_V_feasible",6e-04,0.000186538864496061,-0.000461434412635653,2.24533859138897e-05
"gaussian_phi020_N729_M9_Q81","gaussian_phi020_N729","gaussian","Gaussian",0.2,729,9,81,"VK_asym_full_oracle_minus_VK_leading_oracle",-0.00043,6.55606130381635e-05,-0.000267098623186769,1.53921006462077e-07
"gaussian_phi020_N729_M9_Q81","gaussian_phi020_N729","gaussian","Gaussian",0.2,729,9,81,"VK_asym_full_oracle_minus_VK_asym_full_feasible",0.00048,0.000183842416162157,-0.000479732735421783,2.26382722964246e-05
"gaussian_phi020_N729_M9_Q81","gaussian_phi020_N729","gaussian","Gaussian",0.2,729,9,81,"VK_leading_oracle_minus_F_feasible_leading",0.00051,0.000189994105112763,-0.000483158487864127,2.26725074511334e-05
"gaussian_phi020_N729_M27_Q27","gaussian_phi020_N729","gaussian","Gaussian",0.2,729,27,27,"K_asym_full_minus_K_leading",-0.00034,5.82998969877296e-05,-0.000283368496786361,2.99140913198593e-07
"gaussian_phi020_N729_M27_Q27","gaussian_phi020_N729","gaussian","Gaussian",0.2,729,27,27,"V_oracle_minus_V_feasible",0.00092,0.000252174883606039,-0.00136157640923778,4.13837960089044e-05
"gaussian_phi020_N729_M27_Q27","gaussian_phi020_N729","gaussian","Gaussian",0.2,729,27,27,"VK_asym_full_oracle_minus_VK_leading_oracle",-0.00031,5.56692912717587e-05,-0.000285710350171962,3.02034384877853e-07
"gaussian_phi020_N729_M27_Q27","gaussian_phi020_N729","gaussian","Gaussian",0.2,729,27,27,"VK_asym_full_oracle_minus_VK_asym_full_feasible",0.00125,0.000245936942832504,-0.00154296452239676,4.25335109008605e-05
"gaussian_phi020_N729_M27_Q27","gaussian_phi020_N729","gaussian","Gaussian",0.2,729,27,27,"VK_leading_oracle_minus_F_feasible_leading",0.00118,0.000246143620406499,-0.00155357882283076,4.25985946252937e-05
"gaussian_phi020_N729_M81_Q9","gaussian_phi020_N729","gaussian","Gaussian",0.2,729,81,9,"K_asym_full_minus_K_leading",-0.00036,5.99894989760698e-05,-0.000290991452064189,5.55706247348763e-07
"gaussian_phi020_N729_M81_Q9","gaussian_phi020_N729","gaussian","Gaussian",0.2,729,81,9,"V_oracle_minus_V_feasible",0.00042,0.000145596868044886,-0.000310072071894684,1.13103899673312e-05
"gaussian_phi020_N729_M81_Q9","gaussian_phi020_N729","gaussian","Gaussian",0.2,729,81,9,"VK_asym_full_oracle_minus_VK_leading_oracle",-0.00033,5.74364343377955e-05,-0.00029152520867589,5.56896175376364e-07
"gaussian_phi020_N729_M81_Q9","gaussian_phi020_N729","gaussian","Gaussian",0.2,729,81,9,"VK_asym_full_oracle_minus_VK_asym_full_feasible",0.00049,0.000136006558583915,-0.000450616928320826,1.21230278565698e-05
"gaussian_phi020_N729_M81_Q9","gaussian_phi020_N729","gaussian","Gaussian",0.2,729,81,9,"VK_leading_oracle_minus_F_feasible_leading",0.00043,0.000133035062984462,-0.000453606962271976,1.21386295925942e-05
"gaussian_phi025_N729_M9_Q81","gaussian_phi025_N729","gaussian","Gaussian",0.25,729,9,81,"K_asym_full_minus_K_leading",-0.00039,6.2438113241672e-05,-0.000348891433720658,1.97330695475302e-07
"gaussian_phi025_N729_M9_Q81","gaussian_phi025_N729","gaussian","Gaussian",0.25,729,9,81,"V_oracle_minus_V_feasible",0.00046,0.000176063039795239,-0.000436490063460745,2.19511624473381e-05
"gaussian_phi025_N729_M9_Q81","gaussian_phi025_N729","gaussian","Gaussian",0.25,729,9,81,"VK_asym_full_oracle_minus_VK_leading_oracle",-0.00043,6.55606130381635e-05,-0.000360321539053067,2.0438317264573e-07
"gaussian_phi025_N729_M9_Q81","gaussian_phi025_N729","gaussian","Gaussian",0.25,729,9,81,"VK_asym_full_oracle_minus_VK_asym_full_feasible",0.00026,0.000172625670154296,-0.000453624171369651,2.21224669339943e-05
"gaussian_phi025_N729_M9_Q81","gaussian_phi025_N729","gaussian","Gaussian",0.25,729,9,81,"VK_leading_oracle_minus_F_feasible_leading",0.00022,0.0001743554415503,-0.000457951731149946,2.21652545464939e-05
"gaussian_phi025_N729_M27_Q27","gaussian_phi025_N729","gaussian","Gaussian",0.25,729,27,27,"K_asym_full_minus_K_leading",-0.00044,6.6318232644423e-05,-0.00038084210676206,4.00783155658847e-07
"gaussian_phi025_N729_M27_Q27","gaussian_phi025_N729","gaussian","Gaussian",0.25,729,27,27,"V_oracle_minus_V_feasible",0.00141,0.000244705369387715,-0.00141966213535799,4.21657161274305e-05
"gaussian_phi025_N729_M27_Q27","gaussian_phi025_N729","gaussian","Gaussian",0.25,729,27,27,"VK_asym_full_oracle_minus_VK_leading_oracle",-0.00045,6.70672795049852e-05,-0.000384885967288923,4.05777570739681e-07
"gaussian_phi025_N729_M27_Q27","gaussian_phi025_N729","gaussian","Gaussian",0.25,729,27,27,"VK_asym_full_oracle_minus_VK_asym_full_feasible",0.00095,0.000242263414315119,-0.00160441894487056,4.33201146232569e-05
"gaussian_phi025_N729_M27_Q27","gaussian_phi025_N729","gaussian","Gaussian",0.25,729,27,27,"VK_leading_oracle_minus_F_feasible_leading",0.00089,0.000242678115879202,-0.00161847006267288,4.34050598788329e-05
"gaussian_phi025_N729_M81_Q9","gaussian_phi025_N729","gaussian","Gaussian",0.25,729,81,9,"K_asym_full_minus_K_leading",-0.00054,7.3465216064337e-05,-0.0003907341538825,7.48953489159413e-07
"gaussian_phi025_N729_M81_Q9","gaussian_phi025_N729","gaussian","Gaussian",0.25,729,81,9,"V_oracle_minus_V_feasible",0.00038,0.000146283184227374,-0.000318786467001392,1.14409843932771e-05
"gaussian_phi025_N729_M81_Q9","gaussian_phi025_N729","gaussian","Gaussian",0.25,729,81,9,"VK_asym_full_oracle_minus_VK_leading_oracle",-0.00037,6.08166752353322e-05,-0.000391653377738588,7.51003967547959e-07
"gaussian_phi025_N729_M81_Q9","gaussian_phi025_N729","gaussian","Gaussian",0.25,729,81,9,"VK_asym_full_oracle_minus_VK_asym_full_feasible",0.00027,0.000133788826119747,-0.000462273281730906,1.22626936111163e-05
"gaussian_phi025_N729_M81_Q9","gaussian_phi025_N729","gaussian","Gaussian",0.25,729,81,9,"VK_leading_oracle_minus_F_feasible_leading",0.00014,0.000131148678985951,-0.000466199963599275,1.22830204615392e-05
"gaussian_phi030_N729_M9_Q81","gaussian_phi030_N729","gaussian","Gaussian",0.3,729,9,81,"K_asym_full_minus_K_leading",-0.00069,8.3037991022661e-05,-0.000451354166786996,2.58151539108313e-07
"gaussian_phi030_N729_M9_Q81","gaussian_phi030_N729","gaussian","Gaussian",0.3,729,9,81,"V_oracle_minus_V_feasible",0.00077,0.000169983410789404,-0.000290019192526453,2.15440880925936e-05
"gaussian_phi030_N729_M9_Q81","gaussian_phi030_N729","gaussian","Gaussian",0.3,729,9,81,"VK_asym_full_oracle_minus_VK_leading_oracle",-0.00046,6.78080377189887e-05,-0.000469858002453253,2.69736431959012e-07
"gaussian_phi030_N729_M9_Q81","gaussian_phi030_N729","gaussian","Gaussian",0.3,729,9,81,"VK_asym_full_oracle_minus_VK_asym_full_feasible",6e-04,0.000168513156657988,-0.000304989912511012,2.17027506332041e-05
"gaussian_phi030_N729_M9_Q81","gaussian_phi030_N729","gaussian","Gaussian",0.3,729,9,81,"VK_leading_oracle_minus_F_feasible_leading",0.00059,0.000168809964066224,-0.00030995701851269,2.17547710011286e-05
"gaussian_phi030_N729_M27_Q27","gaussian_phi030_N729","gaussian","Gaussian",0.3,729,27,27,"K_asym_full_minus_K_leading",-0.00056,7.48125655835949e-05,-0.000495398101968342,5.15650992738535e-07
"gaussian_phi030_N729_M27_Q27","gaussian_phi030_N729","gaussian","Gaussian",0.3,729,27,27,"V_oracle_minus_V_feasible",0.00099,0.000250780437650705,-0.00148340580413969,4.31672343044043e-05
"gaussian_phi030_N729_M27_Q27","gaussian_phi030_N729","gaussian","Gaussian",0.3,729,27,27,"VK_asym_full_oracle_minus_VK_leading_oracle",-0.00054,7.3465216064337e-05,-0.000501921486048272,5.23555669676195e-07
"gaussian_phi030_N729_M27_Q27","gaussian_phi030_N729","gaussian","Gaussian",0.3,729,27,27,"VK_asym_full_oracle_minus_VK_asym_full_feasible",0.00096,0.000240813961209975,-0.00167162526665543,4.43263856551396e-05
"gaussian_phi030_N729_M27_Q27","gaussian_phi030_N729","gaussian","Gaussian",0.3,729,27,27,"VK_leading_oracle_minus_F_feasible_leading",0.00108,0.000238723492536991,-0.00168961992384928,4.44336029387687e-05
"gaussian_phi030_N729_M81_Q9","gaussian_phi030_N729","gaussian","Gaussian",0.3,729,81,9,"K_asym_full_minus_K_leading",-0.00064,7.99747957776673e-05,-0.000511010800826128,9.74398241085649e-07
"gaussian_phi030_N729_M81_Q9","gaussian_phi030_N729","gaussian","Gaussian",0.3,729,81,9,"V_oracle_minus_V_feasible",0.00054,0.000148314881158432,-0.000340906593355381,1.17800708284457e-05
"gaussian_phi030_N729_M81_Q9","gaussian_phi030_N729","gaussian","Gaussian",0.3,729,81,9,"VK_asym_full_oracle_minus_VK_leading_oracle",-0.00059,7.67891787023384e-05,-0.000512499082749757,9.77678467115964e-07
"gaussian_phi030_N729_M81_Q9","gaussian_phi030_N729","gaussian","Gaussian",0.3,729,81,9,"VK_asym_full_oracle_minus_VK_asym_full_feasible",0.00035,0.000124494698639339,-0.000489345093912916,1.26307931800667e-05
"gaussian_phi030_N729_M81_Q9","gaussian_phi030_N729","gaussian","Gaussian",0.3,729,81,9,"VK_leading_oracle_minus_F_feasible_leading",0.00019,0.000132286862530411,-0.000494391243332455,1.26569594794706e-05
"gaussian_phi035_N729_M9_Q81","gaussian_phi035_N729","gaussian","Gaussian",0.35,729,9,81,"K_asym_full_minus_K_leading",-6e-04,7.74368127223716e-05,-0.000571729481231154,3.29823828738392e-07
"gaussian_phi035_N729_M9_Q81","gaussian_phi035_N729","gaussian","Gaussian",0.35,729,9,81,"V_oracle_minus_V_feasible",0.00073,0.000165816000281817,1.39668014646518e-06,2.0985983353809e-05
"gaussian_phi035_N729_M9_Q81","gaussian_phi035_N729","gaussian","Gaussian",0.35,729,9,81,"VK_asym_full_oracle_minus_VK_leading_oracle",-0.00061,7.80790622599915e-05,-0.000600458744847517,3.47985005087165e-07
"gaussian_phi035_N729_M9_Q81","gaussian_phi035_N729","gaussian","Gaussian",0.35,729,9,81,"VK_asym_full_oracle_minus_VK_asym_full_feasible",0.00073,0.000164605412880074,-1.0385155383575e-05,2.11303081866379e-05
"gaussian_phi035_N729_M9_Q81","gaussian_phi035_N729","gaussian","Gaussian",0.35,729,9,81,"VK_leading_oracle_minus_F_feasible_leading",0.00069,0.000164607138226444,-1.54686732393298e-05,2.11917253118951e-05
"gaussian_phi035_N729_M27_Q27","gaussian_phi035_N729","gaussian","Gaussian",0.35,729,27,27,"K_asym_full_minus_K_leading",-8e-04,8.94073818920975e-05,-0.000630183686626309,6.61577693225767e-07
"gaussian_phi035_N729_M27_Q27","gaussian_phi035_N729","gaussian","Gaussian",0.35,729,27,27,"V_oracle_minus_V_feasible",0.00104,0.000242878105019244,-0.00146651671222639,4.40096961464428e-05
"gaussian_phi035_N729_M27_Q27","gaussian_phi035_N729","gaussian","Gaussian",0.35,729,27,27,"VK_asym_full_oracle_minus_VK_leading_oracle",-0.00071,8.42320007497121e-05,-0.000640265514611396,6.73972646810709e-07
"gaussian_phi035_N729_M27_Q27","gaussian_phi035_N729","gaussian","Gaussian",0.35,729,27,27,"VK_asym_full_oracle_minus_VK_asym_full_feasible",0.00071,0.000239364851127561,-0.00165550373278574,4.51724028668811e-05
"gaussian_phi035_N729_M27_Q27","gaussian_phi035_N729","gaussian","Gaussian",0.35,729,27,27,"VK_leading_oracle_minus_F_feasible_leading",0.00076,0.000238316579255241,-0.00167778604550127,4.53049568844214e-05
"gaussian_phi035_N729_M81_Q9","gaussian_phi035_N729","gaussian","Gaussian",0.35,729,81,9,"K_asym_full_minus_K_leading",-0.00068,8.24344827996121e-05,-0.000647534206384075,1.24504858531919e-06
"gaussian_phi035_N729_M81_Q9","gaussian_phi035_N729","gaussian","Gaussian",0.35,729,81,9,"V_oracle_minus_V_feasible",4e-04,0.000142823681460883,-0.00033060734193438,1.19024811270529e-05
"gaussian_phi035_N729_M81_Q9","gaussian_phi035_N729","gaussian","Gaussian",0.35,729,81,9,"VK_asym_full_oracle_minus_VK_leading_oracle",-0.00083,9.10669749796232e-05,-0.000649812222617438,1.25013451517046e-06
"gaussian_phi035_N729_M81_Q9","gaussian_phi035_N729","gaussian","Gaussian",0.35,729,81,9,"VK_asym_full_oracle_minus_VK_asym_full_feasible",0.00042,0.000125691662348542,-0.000479687819949549,1.27624130322933e-05
"gaussian_phi035_N729_M81_Q9","gaussian_phi035_N729","gaussian","Gaussian",0.35,729,81,9,"VK_leading_oracle_minus_F_feasible_leading",0.00046,0.000129607299102017,-0.000485858676192756,1.27946683771129e-05
"gaussian_phi040_N729_M9_Q81","gaussian_phi040_N729","gaussian","Gaussian",0.4,729,9,81,"K_asym_full_minus_K_leading",-0.00089,9.42982922521888e-05,-0.000715781111879545,4.11122618719612e-07
"gaussian_phi040_N729_M9_Q81","gaussian_phi040_N729","gaussian","Gaussian",0.4,729,9,81,"V_oracle_minus_V_feasible",0.00104,0.000162448292987273,0.000513687446226781,1.98472963685231e-05
"gaussian_phi040_N729_M9_Q81","gaussian_phi040_N729","gaussian","Gaussian",0.4,729,9,81,"VK_asym_full_oracle_minus_VK_leading_oracle",-0.00088,9.37674992918081e-05,-0.000759382208685892,4.38649075484003e-07
"gaussian_phi040_N729_M9_Q81","gaussian_phi040_N729","gaussian","Gaussian",0.4,729,9,81,"VK_asym_full_oracle_minus_VK_asym_full_feasible",0.00105,0.000155207009803549,0.000506360862959339,1.99726952875214e-05
"gaussian_phi040_N729_M9_Q81","gaussian_phi040_N729","gaussian","Gaussian",0.4,729,9,81,"VK_leading_oracle_minus_F_feasible_leading",0.00108,0.000156168434345097,0.000502227706535198,2.00420430745712e-05
"gaussian_phi040_N729_M27_Q27","gaussian_phi040_N729","gaussian","Gaussian",0.4,729,27,27,"K_asym_full_minus_K_leading",-0.00085,9.21567139637655e-05,-0.000794974810747172,8.26540212226422e-07
"gaussian_phi040_N729_M27_Q27","gaussian_phi040_N729","gaussian","Gaussian",0.4,729,27,27,"V_oracle_minus_V_feasible",0.00107,0.000244722597835792,-0.00156818337911924,4.57348900545065e-05
"gaussian_phi040_N729_M27_Q27","gaussian_phi040_N729","gaussian","Gaussian",0.4,729,27,27,"VK_asym_full_oracle_minus_VK_leading_oracle",-0.00082,9.05171692751123e-05,-0.000810217688391774,8.45098949874245e-07
"gaussian_phi040_N729_M27_Q27","gaussian_phi040_N729","gaussian","Gaussian",0.4,729,27,27,"VK_asym_full_oracle_minus_VK_asym_full_feasible",0.00071,0.000233870703498877,-0.00176068859011971,4.6914088327609e-05
"gaussian_phi040_N729_M27_Q27","gaussian_phi040_N729","gaussian","Gaussian",0.4,729,27,27,"VK_leading_oracle_minus_F_feasible_leading",0.00057,0.000230862045327593,-0.00178836216054343,4.70781074164009e-05
"gaussian_phi040_N729_M81_Q9","gaussian_phi040_N729","gaussian","Gaussian",0.4,729,81,9,"K_asym_full_minus_K_leading",-0.00085,9.21567139637655e-05,-0.000820445930780048,1.55062086650092e-06
"gaussian_phi040_N729_M81_Q9","gaussian_phi040_N729","gaussian","Gaussian",0.4,729,81,9,"V_oracle_minus_V_feasible",2e-05,0.00013341729273876,-0.000356631948261056,1.22643982304491e-05
"gaussian_phi040_N729_M81_Q9","gaussian_phi040_N729","gaussian","Gaussian",0.4,729,81,9,"VK_asym_full_oracle_minus_VK_leading_oracle",-0.00083,9.10669749796232e-05,-0.000823895958388879,1.55819245726886e-06
"gaussian_phi040_N729_M81_Q9","gaussian_phi040_N729","gaussian","Gaussian",0.4,729,81,9,"VK_asym_full_oracle_minus_VK_asym_full_feasible",0.00038,0.0001296098915486,-0.000510219131858732,1.31438808276521e-05
"gaussian_phi040_N729_M81_Q9","gaussian_phi040_N729","gaussian","Gaussian",0.4,729,81,9,"VK_leading_oracle_minus_F_feasible_leading",0.00043,0.000130760552091293,-0.000517854034333488,1.31834782761894e-05
"gaussian_phi045_N729_M9_Q81","gaussian_phi045_N729","gaussian","Gaussian",0.45,729,9,81,"K_asym_full_minus_K_leading",-0.00105,0.000102416209121403,-0.000891147308016489,5.15341218805707e-07
"gaussian_phi045_N729_M9_Q81","gaussian_phi045_N729","gaussian","Gaussian",0.45,729,9,81,"V_oracle_minus_V_feasible",0.00238,0.000169539504058595,0.00135257251520763,1.86457566137345e-05
"gaussian_phi045_N729_M9_Q81","gaussian_phi045_N729","gaussian","Gaussian",0.45,729,9,81,"VK_asym_full_oracle_minus_VK_leading_oracle",-0.00075,8.65704911878144e-05,-0.000956593214558636,5.5716003472493e-07
"gaussian_phi045_N729_M9_Q81","gaussian_phi045_N729","gaussian","Gaussian",0.45,729,9,81,"VK_asym_full_oracle_minus_VK_asym_full_feasible",0.00205,0.000161425634836465,0.00135110385763358,1.87515531404499e-05
"gaussian_phi045_N729_M9_Q81","gaussian_phi045_N729","gaussian","Gaussian",0.45,729,9,81,"VK_leading_oracle_minus_F_feasible_leading",0.00197,0.000156401520498863,0.00134994058367515,1.8828651316976e-05
"gaussian_phi045_N729_M27_Q27","gaussian_phi045_N729","gaussian","Gaussian",0.45,729,27,27,"K_asym_full_minus_K_leading",-0.00086,9.26967633032528e-05,-0.000996267188946366,1.05090368261459e-06
"gaussian_phi045_N729_M27_Q27","gaussian_phi045_N729","gaussian","Gaussian",0.45,729,27,27,"V_oracle_minus_V_feasible",0.00075,0.000230856899288454,-0.00159648014861718,4.69049520280543e-05
"gaussian_phi045_N729_M27_Q27","gaussian_phi045_N729","gaussian","Gaussian",0.45,729,27,27,"VK_asym_full_oracle_minus_VK_leading_oracle",-0.00101,0.000100448493761723,-0.00101904145147799,1.07917881046975e-06
"gaussian_phi045_N729_M27_Q27","gaussian_phi045_N729","gaussian","Gaussian",0.45,729,27,27,"VK_asym_full_oracle_minus_VK_asym_full_feasible",0.00037,0.000225608377484968,-0.00178954330565729,4.8089648749692e-05
"gaussian_phi045_N729_M27_Q27","gaussian_phi045_N729","gaussian","Gaussian",0.45,729,27,27,"VK_leading_oracle_minus_F_feasible_leading",0.00069,0.00022382077642033,-0.00182326471644025,4.82898881200273e-05
"gaussian_phi045_N729_M81_Q9","gaussian_phi045_N729","gaussian","Gaussian",0.45,729,81,9,"K_asym_full_minus_K_leading",-0.00119,0.000109022740103056,-0.00103123613942952,1.97405799746663e-06
"gaussian_phi045_N729_M81_Q9","gaussian_phi045_N729","gaussian","Gaussian",0.45,729,81,9,"V_oracle_minus_V_feasible",0.00054,0.000137103143555207,-0.000361869447575785,1.26079262469788e-05
"gaussian_phi045_N729_M81_Q9","gaussian_phi045_N729","gaussian","Gaussian",0.45,729,81,9,"VK_asym_full_oracle_minus_VK_leading_oracle",-0.00106,0.000102902234614701,-0.00103638177485649,1.98554945487419e-06
"gaussian_phi045_N729_M81_Q9","gaussian_phi045_N729","gaussian","Gaussian",0.45,729,81,9,"VK_asym_full_oracle_minus_VK_asym_full_feasible",0.00049,0.000136739847805458,-0.000518709505697342,1.35022123581611e-05
"gaussian_phi045_N729_M81_Q9","gaussian_phi045_N729","gaussian","Gaussian",0.45,729,81,9,"VK_leading_oracle_minus_F_feasible_leading",0.00037,0.000131524917745802,-0.000528019430263228,1.35503327627881e-05
"gaussian_phi050_N729_M9_Q81","gaussian_phi050_N729","gaussian","Gaussian",0.5,729,9,81,"K_asym_full_minus_K_leading",-0.00128,0.000113065219397648,-0.00110703290746708,6.38501420764088e-07
"gaussian_phi050_N729_M9_Q81","gaussian_phi050_N729","gaussian","Gaussian",0.5,729,9,81,"V_oracle_minus_V_feasible",0.00295,0.000178362813200878,0.00284035757074391,1.71178845799202e-05
"gaussian_phi050_N729_M9_Q81","gaussian_phi050_N729","gaussian","Gaussian",0.5,729,9,81,"VK_asym_full_oracle_minus_VK_leading_oracle",-0.00101,0.000100448493761723,-0.00120496384329995,7.00680056760055e-07
"gaussian_phi050_N729_M9_Q81","gaussian_phi050_N729","gaussian","Gaussian",0.5,729,9,81,"VK_asym_full_oracle_minus_VK_asym_full_feasible",0.00327,0.000184373021166627,0.00284686920343594,1.72021570611427e-05
"gaussian_phi050_N729_M9_Q81","gaussian_phi050_N729","gaussian","Gaussian",0.5,729,9,81,"VK_leading_oracle_minus_F_feasible_leading",0.0032,0.000180825681193988,0.00285321231972982,1.72855873179681e-05
"gaussian_phi050_N729_M27_Q27","gaussian_phi050_N729","gaussian","Gaussian",0.5,729,27,27,"K_asym_full_minus_K_leading",-0.00127,0.00011262325621282,-0.0012502403609238,1.31471645619899e-06
"gaussian_phi050_N729_M27_Q27","gaussian_phi050_N729","gaussian","Gaussian",0.5,729,27,27,"V_oracle_minus_V_feasible",0.00088,0.000235356771579021,-0.00161381223242415,4.84645352109844e-05
"gaussian_phi050_N729_M27_Q27","gaussian_phi050_N729","gaussian","Gaussian",0.5,729,27,27,"VK_asym_full_oracle_minus_VK_leading_oracle",-0.00127,0.00011262325621282,-0.00128425197283067,1.35650807124354e-06
"gaussian_phi050_N729_M27_Q27","gaussian_phi050_N729","gaussian","Gaussian",0.5,729,27,27,"VK_asym_full_oracle_minus_VK_asym_full_feasible",0.00099,0.000222465039740942,-0.00180609306377299,4.96554192061692e-05
"gaussian_phi050_N729_M27_Q27","gaussian_phi050_N729","gaussian","Gaussian",0.5,729,27,27,"VK_leading_oracle_minus_F_feasible_leading",0.00112,0.000221783560886462,-0.00184698104744747,4.99004301499364e-05
"gaussian_phi050_N729_M81_Q9","gaussian_phi050_N729","gaussian","Gaussian",0.5,729,81,9,"K_asym_full_minus_K_leading",-0.00138,0.000117392903579978,-0.00129656893846974,2.48546656359563e-06
"gaussian_phi050_N729_M81_Q9","gaussian_phi050_N729","gaussian","Gaussian",0.5,729,81,9,"V_oracle_minus_V_feasible",0.00028,0.000131146437213826,-0.000365273008314851,1.28933054313577e-05
"gaussian_phi050_N729_M81_Q9","gaussian_phi050_N729","gaussian","Gaussian",0.5,729,81,9,"VK_asym_full_oracle_minus_VK_leading_oracle",-0.00132,0.000114815973745286,-0.00130423567040876,2.50255721139623e-06
"gaussian_phi050_N729_M81_Q9","gaussian_phi050_N729","gaussian","Gaussian",0.5,729,81,9,"VK_asym_full_oracle_minus_VK_asym_full_feasible",0.00053,0.000139633040408994,-0.000523830626366661,1.380957402744e-05
"gaussian_phi050_N729_M81_Q9","gaussian_phi050_N729","gaussian","Gaussian",0.5,729,81,9,"VK_leading_oracle_minus_F_feasible_leading",0.00032,0.000134904254905395,-0.000535053352483681,1.38683848600284e-05
"gaussian_phi055_N729_M9_Q81","gaussian_phi055_N729","gaussian","Gaussian",0.55,729,9,81,"K_asym_full_minus_K_leading",-0.00151,0.000122789860222649,-0.00138115318860197,7.96797573591387e-07
"gaussian_phi055_N729_M9_Q81","gaussian_phi055_N729","gaussian","Gaussian",0.55,729,9,81,"V_oracle_minus_V_feasible",0.0054,0.000231751886916527,0.00516558817526373,1.52845081367625e-05
"gaussian_phi055_N729_M9_Q81","gaussian_phi055_N729","gaussian","Gaussian",0.55,729,9,81,"VK_asym_full_oracle_minus_VK_leading_oracle",-0.00112,0.000105771299867586,-0.00152904869486328,8.91672435563702e-07
"gaussian_phi055_N729_M9_Q81","gaussian_phi055_N729","gaussian","Gaussian",0.55,729,9,81,"VK_asym_full_oracle_minus_VK_asym_full_feasible",0.00523,0.000228532258707458,0.00518092203566035,1.53460956410916e-05
"gaussian_phi055_N729_M9_Q81","gaussian_phi055_N729","gaussian","Gaussian",0.55,729,9,81,"VK_leading_oracle_minus_F_feasible_leading",0.00484,0.000219468051575296,0.00520266385228001,1.54338605063795e-05
"gaussian_phi055_N729_M27_Q27","gaussian_phi055_N729","gaussian","Gaussian",0.55,729,27,27,"K_asym_full_minus_K_leading",-0.00145,0.000120329214205021,-0.00157623019191904,1.66051709783786e-06
"gaussian_phi055_N729_M27_Q27","gaussian_phi055_N729","gaussian","Gaussian",0.55,729,27,27,"V_oracle_minus_V_feasible",0.00049,0.000213302728488268,-0.00175610932663684,4.84926995109886e-05
"gaussian_phi055_N729_M27_Q27","gaussian_phi055_N729","gaussian","Gaussian",0.55,729,27,27,"VK_asym_full_oracle_minus_VK_leading_oracle",-0.00149,0.000121975193295513,-0.00162727807819607,1.7234917901902e-06
"gaussian_phi055_N729_M27_Q27","gaussian_phi055_N729","gaussian","Gaussian",0.55,729,27,27,"VK_asym_full_oracle_minus_VK_asym_full_feasible",6e-04,0.000216787614887705,-0.00194793222965248,4.96459622787198e-05
"gaussian_phi055_N729_M27_Q27","gaussian_phi055_N729","gaussian","Gaussian",0.55,729,27,27,"VK_leading_oracle_minus_F_feasible_leading",0.00073,0.000214231486834451,-0.00199795501539888,4.99371895393337e-05
"gaussian_phi055_N729_M81_Q9","gaussian_phi055_N729","gaussian","Gaussian",0.55,729,81,9,"K_asym_full_minus_K_leading",-0.00156,0.00012480312399214,-0.00163847406707272,3.14162733357098e-06
"gaussian_phi055_N729_M81_Q9","gaussian_phi055_N729","gaussian","Gaussian",0.55,729,81,9,"V_oracle_minus_V_feasible",0.00063,0.000139628886560982,-0.000400135454580401,1.28903889942766e-05
"gaussian_phi055_N729_M81_Q9","gaussian_phi055_N729","gaussian","Gaussian",0.55,729,81,9,"VK_asym_full_oracle_minus_VK_leading_oracle",-0.00145,0.000120329214205021,-0.00164994298334598,3.1672222496535e-06
"gaussian_phi055_N729_M81_Q9","gaussian_phi055_N729","gaussian","Gaussian",0.55,729,81,9,"VK_asym_full_oracle_minus_VK_asym_full_feasible",0.00037,0.000119577481106352,-0.000560344222587853,1.38145497904915e-05
"gaussian_phi055_N729_M81_Q9","gaussian_phi055_N729","gaussian","Gaussian",0.55,729,81,9,"VK_leading_oracle_minus_F_feasible_leading",0.00031,0.000106297469356142,-0.00057387893466035,1.38856212882994e-05
"gaussian_phi060_N729_M9_Q81","gaussian_phi060_N729","gaussian","Gaussian",0.6,729,9,81,"K_asym_full_minus_K_leading",-0.00212,0.000145448504814163,-0.00173119393856734,1.00065229215848e-06
"gaussian_phi060_N729_M9_Q81","gaussian_phi060_N729","gaussian","Gaussian",0.6,729,9,81,"V_oracle_minus_V_feasible",0.00804,0.000282408182501526,0.0089958243094478,1.27567555549217e-05
"gaussian_phi060_N729_M9_Q81","gaussian_phi060_N729","gaussian","Gaussian",0.6,729,9,81,"VK_asym_full_oracle_minus_VK_leading_oracle",-0.00135,0.000116111626545743,-0.00195731150391748,1.14624929502569e-06
"gaussian_phi060_N729_M9_Q81","gaussian_phi060_N729","gaussian","Gaussian",0.6,729,9,81,"VK_asym_full_oracle_minus_VK_asym_full_feasible",0.0079,0.000279958360773237,0.0090190827798372,1.27946096220891e-05
"gaussian_phi060_N729_M9_Q81","gaussian_phi060_N729","gaussian","Gaussian",0.6,729,9,81,"VK_leading_oracle_minus_F_feasible_leading",0.00755,0.00027373477000053,0.00907261160647764,1.28819187540628e-05
"gaussian_phi060_N729_M27_Q27","gaussian_phi060_N729","gaussian","Gaussian",0.6,729,27,27,"K_asym_full_minus_K_leading",-0.00171,0.00013065576799092,-0.00200455826576591,2.10818474477607e-06
"gaussian_phi060_N729_M27_Q27","gaussian_phi060_N729","gaussian","Gaussian",0.6,729,27,27,"V_oracle_minus_V_feasible",0.00081,0.000213292976768902,-0.00169211841987332,4.8575988420955e-05
"gaussian_phi060_N729_M27_Q27","gaussian_phi060_N729","gaussian","Gaussian",0.6,729,27,27,"VK_asym_full_oracle_minus_VK_leading_oracle",-0.00152,0.00012319516131114,-0.00208256483674488,2.20493321051497e-06
"gaussian_phi060_N729_M27_Q27","gaussian_phi060_N729","gaussian","Gaussian",0.6,729,27,27,"VK_asym_full_oracle_minus_VK_asym_full_feasible",0.00086,0.000210221421197887,-0.00187642924517643,4.96805732932396e-05
"gaussian_phi060_N729_M27_Q27","gaussian_phi060_N729","gaussian","Gaussian",0.6,729,27,27,"VK_leading_oracle_minus_F_feasible_leading",0.00073,0.000204682900973431,-0.00193633416523111,5.00281074214474e-05
"gaussian_phi060_N729_M81_Q9","gaussian_phi060_N729","gaussian","Gaussian",0.6,729,81,9,"K_asym_full_minus_K_leading",-0.00177,0.00013292421784038,-0.00209304202609855,3.9933898357916e-06
"gaussian_phi060_N729_M81_Q9","gaussian_phi060_N729","gaussian","Gaussian",0.6,729,81,9,"V_oracle_minus_V_feasible",0.00032,0.000118317859983858,-0.000382166362695874,1.278603511179e-05
"gaussian_phi060_N729_M81_Q9","gaussian_phi060_N729","gaussian","Gaussian",0.6,729,81,9,"VK_asym_full_oracle_minus_VK_leading_oracle",-0.00178,0.000133298513438586,-0.0021105502998177,4.0322145818777e-06
"gaussian_phi060_N729_M81_Q9","gaussian_phi060_N729","gaussian","Gaussian",0.6,729,81,9,"VK_asym_full_oracle_minus_VK_asym_full_feasible",4e-04,0.000119993933119303,-0.000540689016380199,1.3698350391081e-05
"gaussian_phi060_N729_M81_Q9","gaussian_phi060_N729","gaussian","Gaussian",0.6,729,81,9,"VK_leading_oracle_minus_F_feasible_leading",3e-04,0.000114887910557725,-0.000556841738586597,1.37829752823308e-05
"gaussian_phi065_N729_M9_Q81","gaussian_phi065_N729","gaussian","Gaussian",0.65,729,9,81,"K_asym_full_minus_K_leading",-0.00261,0.000161344783991901,-0.00219506412173732,1.29452823173429e-06
"gaussian_phi065_N729_M9_Q81","gaussian_phi065_N729","gaussian","Gaussian",0.65,729,9,81,"V_oracle_minus_V_feasible",0.01232,0.000348831467665875,0.0150939712486256,1.00862450760185e-05
"gaussian_phi065_N729_M9_Q81","gaussian_phi065_N729","gaussian","Gaussian",0.65,729,9,81,"VK_asym_full_oracle_minus_VK_leading_oracle",-0.00178,0.000133298513438586,-0.0025492783406404,1.52778335384109e-06
"gaussian_phi065_N729_M9_Q81","gaussian_phi065_N729","gaussian","Gaussian",0.65,729,9,81,"VK_asym_full_oracle_minus_VK_asym_full_feasible",0.01228,0.000348271774527149,0.0151169712607514,1.0103239791684e-05
"gaussian_phi065_N729_M9_Q81","gaussian_phi065_N729","gaussian","Gaussian",0.65,729,9,81,"VK_leading_oracle_minus_F_feasible_leading",0.01206,0.000345176412096126,0.0152339105453407,1.0189822751202e-05
"gaussian_phi065_N729_M27_Q27","gaussian_phi065_N729","gaussian","Gaussian",0.65,729,27,27,"K_asym_full_minus_K_leading",-0.00212,0.000145448504814163,-0.00258003820661209,2.73172357591969e-06
"gaussian_phi065_N729_M27_Q27","gaussian_phi065_N729","gaussian","Gaussian",0.65,729,27,27,"V_oracle_minus_V_feasible",0.00097,0.000212346513770344,-0.00142507718707601,4.79628476344358e-05
"gaussian_phi065_N729_M27_Q27","gaussian_phi065_N729","gaussian","Gaussian",0.65,729,27,27,"VK_asym_full_oracle_minus_VK_leading_oracle",-0.0019,0.000137710165350625,-0.00270192488845564,2.88284350712853e-06
"gaussian_phi065_N729_M27_Q27","gaussian_phi065_N729","gaussian","Gaussian",0.65,729,27,27,"VK_asym_full_oracle_minus_VK_asym_full_feasible",0.00106,0.000205886347026409,-0.00159227520345156,4.89874476784441e-05
"gaussian_phi065_N729_M27_Q27","gaussian_phi065_N729","gaussian","Gaussian",0.65,729,27,27,"VK_leading_oracle_minus_F_feasible_leading",0.0012,0.000199964996586899,-0.00166178762966306,4.93993630910873e-05
"gaussian_phi065_N729_M81_Q9","gaussian_phi065_N729","gaussian","Gaussian",0.65,729,81,9,"K_asym_full_minus_K_leading",-0.00226,0.00015016374226655,-0.00270906365072708,5.21604039276516e-06
"gaussian_phi065_N729_M81_Q9","gaussian_phi065_N729","gaussian","Gaussian",0.65,729,81,9,"V_oracle_minus_V_feasible",0.00048,0.0001208215294491,-0.000317976503378752,1.2551344153212e-05
"gaussian_phi065_N729_M81_Q9","gaussian_phi065_N729","gaussian","Gaussian",0.65,729,81,9,"VK_asym_full_oracle_minus_VK_leading_oracle",-0.00191,0.000138071393261227,-0.00273633038852103,5.27725512051917e-06
"gaussian_phi065_N729_M81_Q9","gaussian_phi065_N729","gaussian","Gaussian",0.65,729,81,9,"VK_asym_full_oracle_minus_VK_asym_full_feasible",4e-04,0.000115752036635818,-0.000468743515485697,1.3441133469869e-05
"gaussian_phi065_N729_M81_Q9","gaussian_phi065_N729","gaussian","Gaussian",0.65,729,81,9,"VK_leading_oracle_minus_F_feasible_leading",0.00022,0.000104879101808987,-0.000487555166959274,1.35420193610988e-05
"gaussian_phi070_N729_M9_Q81","gaussian_phi070_N729","gaussian","Gaussian",0.7,729,9,81,"K_asym_full_minus_K_leading",-0.00346,0.000185689603387718,-0.00283112106091559,1.68053038168154e-06
"gaussian_phi070_N729_M9_Q81","gaussian_phi070_N729","gaussian","Gaussian",0.7,729,9,81,"V_oracle_minus_V_feasible",0.0192,0.000433953319096457,0.0248688716799083,9.88409597375929e-06
"gaussian_phi070_N729_M9_Q81","gaussian_phi070_N729","gaussian","Gaussian",0.7,729,9,81,"VK_asym_full_oracle_minus_VK_leading_oracle",-0.00232,0.000152139434283405,-0.00340599480117692,2.06334981672358e-06
"gaussian_phi070_N729_M9_Q81","gaussian_phi070_N729","gaussian","Gaussian",0.7,729,9,81,"VK_asym_full_oracle_minus_VK_asym_full_feasible",0.01914,0.000433287988969016,0.0248649040463516,9.88205746927525e-06
"gaussian_phi070_N729_M9_Q81","gaussian_phi070_N729","gaussian","Gaussian",0.7,729,9,81,"VK_leading_oracle_minus_F_feasible_leading",0.01901,0.000431842637867822,0.0251101888162723,1.0006432405192e-05
"gaussian_phi070_N729_M27_Q27","gaussian_phi070_N729","gaussian","Gaussian",0.7,729,27,27,"K_asym_full_minus_K_leading",-0.00265,0.000162573181368862,-0.00341010649077368,3.58134035897485e-06
"gaussian_phi070_N729_M27_Q27","gaussian_phi070_N729","gaussian","Gaussian",0.7,729,27,27,"V_oracle_minus_V_feasible",0.0014,0.000199951993758497,-0.000812774670487217,4.54088809808416e-05
"gaussian_phi070_N729_M27_Q27","gaussian_phi070_N729","gaussian","Gaussian",0.7,729,27,27,"VK_asym_full_oracle_minus_VK_leading_oracle",-0.00241,0.000155055343092698,-0.00360999545542824,3.82992231657609e-06
"gaussian_phi070_N729_M27_Q27","gaussian_phi070_N729","gaussian","Gaussian",0.7,729,27,27,"VK_asym_full_oracle_minus_VK_asym_full_feasible",0.00109,0.000195674479391204,-0.000952798497402289,4.630090282833e-05
"gaussian_phi070_N729_M27_Q27","gaussian_phi070_N729","gaussian","Gaussian",0.7,729,27,27,"VK_leading_oracle_minus_F_feasible_leading",0.00093,0.00019362780254204,-0.00103055676128656,4.67786787065739e-05
"gaussian_phi070_N729_M81_Q9","gaussian_phi070_N729","gaussian","Gaussian",0.7,729,81,9,"K_asym_full_minus_K_leading",-0.00237,0.000153766275368412,-0.0036030969358525,6.82502209205629e-06
"gaussian_phi070_N729_M81_Q9","gaussian_phi070_N729","gaussian","Gaussian",0.7,729,81,9,"V_oracle_minus_V_feasible",0.00044,0.000108619436482702,-0.000165748690816267,1.1680836757894e-05
"gaussian_phi070_N729_M81_Q9","gaussian_phi070_N729","gaussian","Gaussian",0.7,729,81,9,"VK_asym_full_oracle_minus_VK_leading_oracle",-0.0028,0.000167098411778186,-0.00364756477677787,6.92337315055922e-06
"gaussian_phi070_N729_M81_Q9","gaussian_phi070_N729","gaussian","Gaussian",0.7,729,81,9,"VK_asym_full_oracle_minus_VK_asym_full_feasible",0.00045,0.000103431532816737,-0.000300819693485262,1.24943268428925e-05
"gaussian_phi070_N729_M81_Q9","gaussian_phi070_N729","gaussian","Gaussian",0.7,729,81,9,"VK_leading_oracle_minus_F_feasible_leading",5e-04,0.000106759608355125,-0.000322004849787824,1.26095591953975e-05
"gaussian_phi075_N729_M9_Q81","gaussian_phi075_N729","gaussian","Gaussian",0.75,729,9,81,"K_asym_full_minus_K_leading",-0.00459,0.000213751668760174,-0.0037432266268514,2.28167725076596e-06
"gaussian_phi075_N729_M9_Q81","gaussian_phi075_N729","gaussian","Gaussian",0.75,729,9,81,"V_oracle_minus_V_feasible",0.02996,0.000539098219500772,0.0407374681631462,1.72653342770761e-05
"gaussian_phi075_N729_M9_Q81","gaussian_phi075_N729","gaussian","Gaussian",0.75,729,9,81,"VK_asym_full_oracle_minus_VK_leading_oracle",-0.0028,0.000167098411778186,-0.00472244108980347,2.95704751661436e-06
"gaussian_phi075_N729_M9_Q81","gaussian_phi075_N729","gaussian","Gaussian",0.75,729,9,81,"VK_asym_full_oracle_minus_VK_asym_full_feasible",0.03028,0.000541880201097552,0.0406299795903273,1.72061309573284e-05
"gaussian_phi075_N729_M9_Q81","gaussian_phi075_N729","gaussian","Gaussian",0.75,729,9,81,"VK_leading_oracle_minus_F_feasible_leading",0.02907,0.000531274103944221,0.0411433701017745,1.74902363161979e-05
"gaussian_phi075_N729_M27_Q27","gaussian_phi075_N729","gaussian","Gaussian",0.75,729,27,27,"K_asym_full_minus_K_leading",-0.00345,0.000185422001966293,-0.00464744774940605,4.8975062188146e-06
"gaussian_phi075_N729_M27_Q27","gaussian_phi075_N729","gaussian","Gaussian",0.75,729,27,27,"V_oracle_minus_V_feasible",0.00215,0.000188292669908564,0.00103817145857349,4.26299460826471e-05
"gaussian_phi075_N729_M27_Q27","gaussian_phi075_N729","gaussian","Gaussian",0.75,729,27,27,"VK_asym_full_oracle_minus_VK_leading_oracle",-0.00286,0.000168874181522493,-0.00499506271005644,5.3305200170141e-06
"gaussian_phi075_N729_M27_Q27","gaussian_phi075_N729","gaussian","Gaussian",0.75,729,27,27,"VK_asym_full_oracle_minus_VK_asym_full_feasible",0.00226,0.000184253259109941,0.000952323951676457,4.33499074921909e-05
"gaussian_phi075_N729_M27_Q27","gaussian_phi075_N729","gaussian","Gaussian",0.75,729,27,27,"VK_leading_oracle_minus_F_feasible_leading",0.00196,0.000179894156711874,0.000883185174352563,4.39016322524357e-05
"gaussian_phi075_N729_M81_Q9","gaussian_phi075_N729","gaussian","Gaussian",0.75,729,81,9,"K_asym_full_minus_K_leading",-0.00352,0.000187287070467952,-0.0049606769112919,9.43634358351158e-06
"gaussian_phi075_N729_M81_Q9","gaussian_phi075_N729","gaussian","Gaussian",0.75,729,81,9,"V_oracle_minus_V_feasible",0.00095,0.000113538997313871,0.000270384540098345,1.07334897233354e-05
"gaussian_phi075_N729_M81_Q9","gaussian_phi075_N729","gaussian","Gaussian",0.75,729,81,9,"VK_asym_full_oracle_minus_VK_leading_oracle",-0.00313,0.000176641849581095,-0.00503751241847772,9.60701505540767e-06
"gaussian_phi075_N729_M81_Q9","gaussian_phi075_N729","gaussian","Gaussian",0.75,729,81,9,"VK_asym_full_oracle_minus_VK_asym_full_feasible",6e-04,9.48498284916723e-05,0.000172089722900306,1.14451144314606e-05
"gaussian_phi075_N729_M81_Q9","gaussian_phi075_N729","gaussian","Gaussian",0.75,729,81,9,"VK_leading_oracle_minus_F_feasible_leading",0.00055,9.84737120795175e-05,0.000151581806873445,1.15749209567873e-05
"gaussian_phi080_N729_M9_Q81","gaussian_phi080_N729","gaussian","Gaussian",0.8,729,9,81,"K_asym_full_minus_K_leading",-0.00634,0.000250995366464682,-0.00513284429089161,3.2186119580572e-06
"gaussian_phi080_N729_M9_Q81","gaussian_phi080_N729","gaussian","Gaussian",0.8,729,9,81,"V_oracle_minus_V_feasible",0.04744,0.000672234321490528,0.0672697942644685,3.4831298379851e-05
"gaussian_phi080_N729_M9_Q81","gaussian_phi080_N729","gaussian","Gaussian",0.8,729,9,81,"VK_asym_full_oracle_minus_VK_leading_oracle",-0.00361,0.000189657688218503,-0.00692652761067556,4.49393125193655e-06
"gaussian_phi080_N729_M9_Q81","gaussian_phi080_N729","gaussian","Gaussian",0.8,729,9,81,"VK_asym_full_oracle_minus_VK_asym_full_feasible",0.04813,0.000676860112871281,0.0668390832912554,3.45591946390983e-05
"gaussian_phi080_N729_M9_Q81","gaussian_phi080_N729","gaussian","Gaussian",0.8,729,9,81,"VK_leading_oracle_minus_F_feasible_leading",0.04666,0.000666957938950368,0.0679531158523475,3.52656419554568e-05
"gaussian_phi080_N729_M27_Q27","gaussian_phi080_N729","gaussian","Gaussian",0.8,729,27,27,"K_asym_full_minus_K_leading",-0.00453,0.000212356403134964,-0.00663061566425416,7.07360115558752e-06
"gaussian_phi080_N729_M27_Q27","gaussian_phi080_N729","gaussian","Gaussian",0.8,729,27,27,"V_oracle_minus_V_feasible",0.00494,0.000223509426120322,0.0058638236224567,3.58292177764369e-05
"gaussian_phi080_N729_M27_Q27","gaussian_phi080_N729","gaussian","Gaussian",0.8,729,27,27,"VK_asym_full_oracle_minus_VK_leading_oracle",-0.0038,0.000194566129014753,-0.00729480493871375,7.91663568285501e-06
"gaussian_phi080_N729_M27_Q27","gaussian_phi080_N729","gaussian","Gaussian",0.8,729,27,27,"VK_asym_full_oracle_minus_VK_asym_full_feasible",0.0042,0.00020838434259882,0.00586948647430906,3.62893225540852e-05
"gaussian_phi080_N729_M27_Q27","gaussian_phi080_N729","gaussian","Gaussian",0.8,729,27,27,"VK_leading_oracle_minus_F_feasible_leading",0.00426,0.000209806968877685,0.00587280323635166,3.68725671397633e-05
"gaussian_phi080_N729_M81_Q9","gaussian_phi080_N729","gaussian","Gaussian",0.8,729,81,9,"K_asym_full_minus_K_leading",-0.00456,0.000213055199244654,-0.00718937757212531,1.37487800687005e-05
"gaussian_phi080_N729_M81_Q9","gaussian_phi080_N729","gaussian","Gaussian",0.8,729,81,9,"V_oracle_minus_V_feasible",0.00156,0.000125601838196014,0.00140281509528953,8.6655491566087e-06
"gaussian_phi080_N729_M81_Q9","gaussian_phi080_N729","gaussian","Gaussian",0.8,729,81,9,"VK_asym_full_oracle_minus_VK_leading_oracle",-0.00441,0.000209537486048632,-0.00733504628148777,1.40732507562828e-05
"gaussian_phi080_N729_M81_Q9","gaussian_phi080_N729","gaussian","Gaussian",0.8,729,81,9,"VK_asym_full_oracle_minus_VK_asym_full_feasible",0.00121,0.000109933979527708,0.00138587735033177,9.15535164665169e-06
"gaussian_phi080_N729_M81_Q9","gaussian_phi080_N729","gaussian","Gaussian",0.8,729,81,9,"VK_leading_oracle_minus_F_feasible_leading",0.00145,0.000120329214205021,0.00137829181106277,9.27570931965901e-06
"gaussian_phi085_N729_M9_Q81","gaussian_phi085_N729","gaussian","Gaussian",0.85,729,9,81,"K_asym_full_minus_K_leading",-0.00904,0.00029930532878116,-0.00746472455014963,4.91542988602483e-06
"gaussian_phi085_N729_M9_Q81","gaussian_phi085_N729","gaussian","Gaussian",0.85,729,9,81,"V_oracle_minus_V_feasible",0.07723,0.000844193341376237,0.114317306407493,6.95942199082083e-05
"gaussian_phi085_N729_M9_Q81","gaussian_phi085_N729","gaussian","Gaussian",0.85,729,9,81,"VK_asym_full_oracle_minus_VK_leading_oracle",-0.00521,0.000227660003713373,-0.0111337569516038,7.66179573070936e-06
"gaussian_phi085_N729_M9_Q81","gaussian_phi085_N729","gaussian","Gaussian",0.85,729,9,81,"VK_asym_full_oracle_minus_VK_asym_full_feasible",0.07891,0.000852548759540399,0.112871614047768,6.85632155831459e-05
"gaussian_phi085_N729_M9_Q81","gaussian_phi085_N729","gaussian","Gaussian",0.85,729,9,81,"VK_leading_oracle_minus_F_feasible_leading",0.0757,0.000836481976506948,0.115496356058485,7.04409587630944e-05
"gaussian_phi085_N729_M27_Q27","gaussian_phi085_N729","gaussian","Gaussian",0.85,729,27,27,"K_asym_full_minus_K_leading",-0.00666,0.000257210236131954,-0.0101929569353542,1.0816982482706e-05
"gaussian_phi085_N729_M27_Q27","gaussian_phi085_N729","gaussian","Gaussian",0.85,729,27,27,"V_oracle_minus_V_feasible",0.01084,0.000327453838365292,0.0191522541696125,2.42757424707485e-05
"gaussian_phi085_N729_M27_Q27","gaussian_phi085_N729","gaussian","Gaussian",0.85,729,27,27,"VK_asym_full_oracle_minus_VK_leading_oracle",-0.00529,0.000229391990284866,-0.0116677461904564,1.26822112734286e-05
"gaussian_phi085_N729_M27_Q27","gaussian_phi085_N729","gaussian","Gaussian",0.85,729,27,27,"VK_asym_full_oracle_minus_VK_asym_full_feasible",0.01061,0.000323998964123788,0.0192596002723347,2.44388817924776e-05
"gaussian_phi085_N729_M27_Q27","gaussian_phi085_N729","gaussian","Gaussian",0.85,729,27,27,"VK_leading_oracle_minus_F_feasible_leading",0.01028,0.000318973719046467,0.0196034363213796,2.49650641833932e-05
"gaussian_phi085_N729_M81_Q9","gaussian_phi085_N729","gaussian","Gaussian",0.85,729,81,9,"K_asym_full_minus_K_leading",-0.00637,0.000251584705315406,-0.011327679398546,2.15601139889377e-05
"gaussian_phi085_N729_M81_Q9","gaussian_phi085_N729","gaussian","Gaussian",0.85,729,81,9,"V_oracle_minus_V_feasible",0.0031,0.00017579593010673,0.00454935248802502,7.14056476158252e-06
"gaussian_phi085_N729_M81_Q9","gaussian_phi085_N729","gaussian","Gaussian",0.85,729,81,9,"VK_asym_full_oracle_minus_VK_leading_oracle",-0.00589,0.000241978644794629,-0.0116483779878056,2.22735993378538e-05
"gaussian_phi085_N729_M81_Q9","gaussian_phi085_N729","gaussian","Gaussian",0.85,729,81,9,"VK_asym_full_oracle_minus_VK_asym_full_feasible",0.00305,0.000174376830665059,0.0047172244612661,7.37643424177393e-06
"gaussian_phi085_N729_M81_Q9","gaussian_phi085_N729","gaussian","Gaussian",0.85,729,81,9,"VK_leading_oracle_minus_F_feasible_leading",0.00293,0.000170922330736599,0.00477480579805022,7.45554605608414e-06
"gaussian_phi090_N729_M9_Q81","gaussian_phi090_N729","gaussian","Gaussian",0.9,729,9,81,"K_asym_full_minus_K_leading",-0.01505,0.000385014879406723,-0.0120689246282898,8.81670245415269e-06
"gaussian_phi090_N729_M9_Q81","gaussian_phi090_N729","gaussian","Gaussian",0.9,729,9,81,"V_oracle_minus_V_feasible",0.13626,0.00108487045007177,0.207688917506922,0.000149565680348169
"gaussian_phi090_N729_M9_Q81","gaussian_phi090_N729","gaussian","Gaussian",0.9,729,9,81,"VK_asym_full_oracle_minus_VK_leading_oracle",-0.00745,0.000271929613056659,-0.0212095067645674,1.64265514086901e-05
"gaussian_phi090_N729_M9_Q81","gaussian_phi090_N729","gaussian","Gaussian",0.9,729,9,81,"VK_asym_full_oracle_minus_VK_asym_full_feasible",0.14112,0.00110093758980051,0.202501529991644,0.000145311456721459
"gaussian_phi090_N729_M9_Q81","gaussian_phi090_N729","gaussian","Gaussian",0.9,729,9,81,"VK_leading_oracle_minus_F_feasible_leading",0.13403,0.00107734451208143,0.20986944040206,0.000151370047711843
"gaussian_phi090_N729_M27_Q27","gaussian_phi090_N729","gaussian","Gaussian",0.9,729,27,27,"K_asym_full_minus_K_leading",-0.01199,0.000344185391374818,-0.0177501241582742,1.91782776726602e-05
"gaussian_phi090_N729_M27_Q27","gaussian_phi090_N729","gaussian","Gaussian",0.9,729,27,27,"V_oracle_minus_V_feasible",0.02748,0.000516963411192403,0.0591642510078862,4.75562091693633e-05
"gaussian_phi090_N729_M27_Q27","gaussian_phi090_N729","gaussian","Gaussian",0.9,729,27,27,"VK_asym_full_oracle_minus_VK_leading_oracle",-0.008,0.000281710478342457,-0.0219914595844056,2.4688081241476e-05
"gaussian_phi090_N729_M27_Q27","gaussian_phi090_N729","gaussian","Gaussian",0.9,729,27,27,"VK_asym_full_oracle_minus_VK_asym_full_feasible",0.02773,0.000519242878749118,0.058878961331181,4.7240792470983e-05
"gaussian_phi090_N729_M27_Q27","gaussian_phi090_N729","gaussian","Gaussian",0.9,729,27,27,"VK_leading_oracle_minus_F_feasible_leading",0.02539,0.000497449448245282,0.0609314225622553,4.95334739576042e-05
"gaussian_phi090_N729_M81_Q9","gaussian_phi090_N729","gaussian","Gaussian",0.9,729,81,9,"K_asym_full_minus_K_leading",-0.01001,0.000314799920568446,-0.0208614641657887,3.97185593490581e-05
"gaussian_phi090_N729_M81_Q9","gaussian_phi090_N729","gaussian","Gaussian",0.9,729,81,9,"V_oracle_minus_V_feasible",0.00794,0.000280660563142592,0.0147522210859366,2.31000624010712e-05
"gaussian_phi090_N729_M81_Q9","gaussian_phi090_N729","gaussian","Gaussian",0.9,729,81,9,"VK_asym_full_oracle_minus_VK_leading_oracle",-0.00899,0.000298483986047659,-0.0218025583635377,4.18121405839858e-05
"gaussian_phi090_N729_M81_Q9","gaussian_phi090_N729","gaussian","Gaussian",0.9,729,81,9,"VK_asym_full_oracle_minus_VK_asym_full_feasible",0.00689,0.000261583568405266,0.0153490597314855,2.41862904275623e-05
"gaussian_phi090_N729_M81_Q9","gaussian_phi090_N729","gaussian","Gaussian",0.9,729,81,9,"VK_leading_oracle_minus_F_feasible_leading",0.00661,0.000256249362218438,0.0157596329378717,2.49480430588691e-05
"gaussian_phi095_N729_M9_Q81","gaussian_phi095_N729","gaussian","Gaussian",0.95,729,9,81,"K_asym_full_minus_K_leading",-0.03045,0.000543351568792502,-0.024935603956943,2.31093525280922e-05
"gaussian_phi095_N729_M9_Q81","gaussian_phi095_N729","gaussian","Gaussian",0.95,729,9,81,"V_oracle_minus_V_feasible",0.27123,0.00140593834773306,0.447896787617609,0.000417706236323729
"gaussian_phi095_N729_M9_Q81","gaussian_phi095_N729","gaussian","Gaussian",0.95,729,9,81,"VK_asym_full_oracle_minus_VK_leading_oracle",-0.01633,0.000400792860900957,-0.0604197856031647,5.91980069576559e-05
"gaussian_phi095_N729_M9_Q81","gaussian_phi095_N729","gaussian","Gaussian",0.95,729,9,81,"VK_asym_full_oracle_minus_VK_asym_full_feasible",0.28426,0.00142638805022641,0.42102133108849,0.000390693999236372
"gaussian_phi095_N729_M9_Q81","gaussian_phi095_N729","gaussian","Gaussian",0.95,729,9,81,"VK_leading_oracle_minus_F_feasible_leading",0.26901,0.00140230377007218,0.452706207908483,0.00042259716500939
"gaussian_phi095_N729_M27_Q27","gaussian_phi095_N729","gaussian","Gaussian",0.95,729,27,27,"K_asym_full_minus_K_leading",-0.02908,0.000531362738121139,-0.0404515945933163,4.80172843301074e-05
"gaussian_phi095_N729_M27_Q27","gaussian_phi095_N729","gaussian","Gaussian",0.95,729,27,27,"V_oracle_minus_V_feasible",0.08964,0.000903357550778564,0.212410390679521,0.000244359400752923
"gaussian_phi095_N729_M27_Q27","gaussian_phi095_N729","gaussian","Gaussian",0.95,729,27,27,"VK_asym_full_oracle_minus_VK_leading_oracle",-0.01715,0.000410561153306796,-0.0611331933255113,7.67324613964748e-05
"gaussian_phi095_N729_M27_Q27","gaussian_phi095_N729","gaussian","Gaussian",0.95,729,27,27,"VK_asym_full_oracle_minus_VK_asym_full_feasible",0.09502,0.000927319036365561,0.20389511882923,0.00023279634356835
"gaussian_phi095_N729_M27_Q27","gaussian_phi095_N729","gaussian","Gaussian",0.95,729,27,27,"VK_leading_oracle_minus_F_feasible_leading",0.08547,0.000884113458536898,0.219118157644163,0.000253605421033597
"gaussian_phi095_N729_M81_Q9","gaussian_phi095_N729","gaussian","Gaussian",0.95,729,81,9,"K_asym_full_minus_K_leading",-0.02266,0.000470603292247926,-0.0536938838419132,0.00010378114175127
"gaussian_phi095_N729_M81_Q9","gaussian_phi095_N729","gaussian","Gaussian",0.95,729,81,9,"V_oracle_minus_V_feasible",0.02673,0.000510056538607953,0.0658019175348032,0.000122892226939587
"gaussian_phi095_N729_M81_Q9","gaussian_phi095_N729","gaussian","Gaussian",0.95,729,81,9,"VK_asym_full_oracle_minus_VK_leading_oracle",-0.01934,0.000435501481760288,-0.05902858793003,0.000115857241768975
"gaussian_phi095_N729_M81_Q9","gaussian_phi095_N729","gaussian","Gaussian",0.95,729,81,9,"VK_asym_full_oracle_minus_VK_asym_full_feasible",0.02617,0.000504830525561396,0.0666780374457633,0.000124803097051917
"gaussian_phi095_N729_M81_Q9","gaussian_phi095_N729","gaussian","Gaussian",0.95,729,81,9,"VK_leading_oracle_minus_F_feasible_leading",0.02377,0.000481717958479768,0.0705197801986294,0.000133340347104848
"gaussian_phi000_N4096_M16_Q256","gaussian_phi000_N4096","gaussian","Gaussian",0,4096,16,256,"K_asym_full_minus_K_leading",0,0,0,0
"gaussian_phi000_N4096_M16_Q256","gaussian_phi000_N4096","gaussian","Gaussian",0,4096,16,256,"V_oracle_minus_V_feasible",0.00025,0.000159058567817895,-7.2418817186217e-05,6.09033046861789e-06
"gaussian_phi000_N4096_M16_Q256","gaussian_phi000_N4096","gaussian","Gaussian",0,4096,16,256,"VK_asym_full_oracle_minus_VK_leading_oracle",0,0,0,0
"gaussian_phi000_N4096_M16_Q256","gaussian_phi000_N4096","gaussian","Gaussian",0,4096,16,256,"VK_asym_full_oracle_minus_VK_asym_full_feasible",9e-05,0.000165831824454596,-7.34049406243725e-05,6.10845288791363e-06
"gaussian_phi000_N4096_M16_Q256","gaussian_phi000_N4096","gaussian","Gaussian",0,4096,16,256,"VK_leading_oracle_minus_F_feasible_leading",9e-05,0.000165831824454596,-7.34049406243725e-05,6.10845288791363e-06
"gaussian_phi000_N4096_M64_Q64","gaussian_phi000_N4096","gaussian","Gaussian",0,4096,64,64,"K_asym_full_minus_K_leading",0,0,0,0
"gaussian_phi000_N4096_M64_Q64","gaussian_phi000_N4096","gaussian","Gaussian",0,4096,64,64,"V_oracle_minus_V_feasible",0.00048,0.000137832818946939,-6.53423829328465e-05,4.53314915011354e-06
"gaussian_phi000_N4096_M64_Q64","gaussian_phi000_N4096","gaussian","Gaussian",0,4096,64,64,"VK_asym_full_oracle_minus_VK_leading_oracle",0,0,0,0
"gaussian_phi000_N4096_M64_Q64","gaussian_phi000_N4096","gaussian","Gaussian",0,4096,64,64,"VK_asym_full_oracle_minus_VK_asym_full_feasible",3e-05,0.000144569014667736,-6.96156300994357e-05,4.5897340814118e-06
"gaussian_phi000_N4096_M64_Q64","gaussian_phi000_N4096","gaussian","Gaussian",0,4096,64,64,"VK_leading_oracle_minus_F_feasible_leading",3e-05,0.000144569014667736,-6.96156300994357e-05,4.5897340814118e-06
"gaussian_phi000_N4096_M256_Q16","gaussian_phi000_N4096","gaussian","Gaussian",0,4096,256,16,"K_asym_full_minus_K_leading",0,0,0,0
"gaussian_phi000_N4096_M256_Q16","gaussian_phi000_N4096","gaussian","Gaussian",0,4096,256,16,"V_oracle_minus_V_feasible",-6e-05,6.92821189061074e-05,-1.56676035756787e-05,1.06391650552107e-06
"gaussian_phi000_N4096_M256_Q16","gaussian_phi000_N4096","gaussian","Gaussian",0,4096,256,16,"VK_asym_full_oracle_minus_VK_leading_oracle",0,0,0,0
"gaussian_phi000_N4096_M256_Q16","gaussian_phi000_N4096","gaussian","Gaussian",0,4096,256,16,"VK_asym_full_oracle_minus_VK_asym_full_feasible",4e-05,5.83096732985188e-05,-2.01980089573629e-05,1.11878514099001e-06
"gaussian_phi000_N4096_M256_Q16","gaussian_phi000_N4096","gaussian","Gaussian",0,4096,256,16,"VK_leading_oracle_minus_F_feasible_leading",4e-05,5.83096732985188e-05,-2.01980089573629e-05,1.11878514099001e-06
"gaussian_phi005_N4096_M16_Q256","gaussian_phi005_N4096","gaussian","Gaussian",0.05,4096,16,256,"K_asym_full_minus_K_leading",0,0,-3.99417502794362e-06,1.25440994973593e-09
"gaussian_phi005_N4096_M16_Q256","gaussian_phi005_N4096","gaussian","Gaussian",0.05,4096,16,256,"V_oracle_minus_V_feasible",-1e-05,0.000151987598185839,-7.23960918668021e-05,6.21085490045087e-06
"gaussian_phi005_N4096_M16_Q256","gaussian_phi005_N4096","gaussian","Gaussian",0.05,4096,16,256,"VK_asym_full_oracle_minus_VK_leading_oracle",-1e-05,1e-05,-4.00699321659502e-06,1.25851589611813e-09
"gaussian_phi005_N4096_M16_Q256","gaussian_phi005_N4096","gaussian","Gaussian",0.05,4096,16,256,"VK_asym_full_oracle_minus_VK_asym_full_feasible",9e-05,0.000153948549852085,-7.33858312258816e-05,6.22895513790124e-06
"gaussian_phi005_N4096_M16_Q256","gaussian_phi005_N4096","gaussian","Gaussian",0.05,4096,16,256,"VK_leading_oracle_minus_F_feasible_leading",8e-05,0.000153623474774268,-7.34071011267246e-05,6.22934295218867e-06
"gaussian_phi005_N4096_M64_Q64","gaussian_phi005_N4096","gaussian","Gaussian",0.05,4096,64,64,"K_asym_full_minus_K_leading",-2e-05,1.41420649121689e-05,-4.19547803558719e-06,2.71220022666812e-09
"gaussian_phi005_N4096_M64_Q64","gaussian_phi005_N4096","gaussian","Gaussian",0.05,4096,64,64,"V_oracle_minus_V_feasible",7e-05,0.000145258948094842,-8.1138833568811e-05,4.67536244275214e-06
"gaussian_phi005_N4096_M64_Q64","gaussian_phi005_N4096","gaussian","Gaussian",0.05,4096,64,64,"VK_asym_full_oracle_minus_VK_leading_oracle",0,0,-4.1989700799223e-06,2.71472284215819e-09
"gaussian_phi005_N4096_M64_Q64","gaussian_phi005_N4096","gaussian","Gaussian",0.05,4096,64,64,"VK_asym_full_oracle_minus_VK_asym_full_feasible",0.00017,0.000137476907148073,-8.57334706239346e-05,4.73349903579516e-06
"gaussian_phi005_N4096_M64_Q64","gaussian_phi005_N4096","gaussian","Gaussian",0.05,4096,64,64,"VK_leading_oracle_minus_F_feasible_leading",0.00016,0.000137840248111138,-8.57583889095714e-05,4.73380995129718e-06
"gaussian_phi005_N4096_M256_Q16","gaussian_phi005_N4096","gaussian","Gaussian",0.05,4096,256,16,"K_asym_full_minus_K_leading",-2e-05,1.41420649121689e-05,-4.55785933880879e-06,6.39501083737353e-09
"gaussian_phi005_N4096_M256_Q16","gaussian_phi005_N4096","gaussian","Gaussian",0.05,4096,256,16,"V_oracle_minus_V_feasible",0.00011,7.28006318607194e-05,-1.92660214383008e-05,1.09739710231561e-06
"gaussian_phi005_N4096_M256_Q16","gaussian_phi005_N4096","gaussian","Gaussian",0.05,4096,256,16,"VK_asym_full_oracle_minus_VK_leading_oracle",-1e-05,1e-05,-4.55872746415323e-06,6.3964334697873e-09
"gaussian_phi005_N4096_M256_Q16","gaussian_phi005_N4096","gaussian","Gaussian",0.05,4096,256,16,"VK_asym_full_oracle_minus_VK_asym_full_feasible",0.00015,7.14130660191816e-05,-2.41212062595112e-05,1.15426133602297e-06
"gaussian_phi005_N4096_M256_Q16","gaussian_phi005_N4096","gaussian","Gaussian",0.05,4096,256,16,"VK_leading_oracle_minus_F_feasible_leading",0.00012,7.07100134285095e-05,-2.41284395747808e-05,1.15434133106924e-06
"gaussian_phi010_N4096_M16_Q256","gaussian_phi010_N4096","gaussian","Gaussian",0.1,4096,16,256,"K_asym_full_minus_K_leading",-1e-05,1e-05,-8.43262689944522e-06,2.64972423696121e-09
"gaussian_phi010_N4096_M16_Q256","gaussian_phi010_N4096","gaussian","Gaussian",0.1,4096,16,256,"V_oracle_minus_V_feasible",9e-05,0.000153297599464375,-6.80147985732902e-05,6.32850052149053e-06
"gaussian_phi010_N4096_M16_Q256","gaussian_phi010_N4096","gaussian","Gaussian",0.1,4096,16,256,"VK_asym_full_oracle_minus_VK_leading_oracle",-2e-05,1.41420649121689e-05,-8.48738570370248e-06,2.66719436501648e-09
"gaussian_phi010_N4096_M16_Q256","gaussian_phi010_N4096","gaussian","Gaussian",0.1,4096,16,256,"VK_asym_full_oracle_minus_VK_asym_full_feasible",7e-05,0.000155242365357914,-6.89944047365761e-05,6.34654759757537e-06
"gaussian_phi010_N4096_M16_Q256","gaussian_phi010_N4096","gaussian","Gaussian",0.1,4096,16,256,"VK_leading_oracle_minus_F_feasible_leading",5e-05,0.000155242442657155,-6.90378279082266e-05,6.34734421643862e-06
"gaussian_phi010_N4096_M64_Q64","gaussian_phi010_N4096","gaussian","Gaussian",0.1,4096,64,64,"K_asym_full_minus_K_leading",-2e-05,1.41420649121689e-05,-8.87082982560587e-06,5.82530043413027e-09
"gaussian_phi010_N4096_M64_Q64","gaussian_phi010_N4096","gaussian","Gaussian",0.1,4096,64,64,"V_oracle_minus_V_feasible",0.00022,0.000132663830778852,-8.0228505969138e-05,4.90005815934233e-06
"gaussian_phi010_N4096_M64_Q64","gaussian_phi010_N4096","gaussian","Gaussian",0.1,4096,64,64,"VK_asym_full_oracle_minus_VK_leading_oracle",-6e-05,2.44942850416173e-05,-8.88572118530921e-06,5.83622405010519e-09
"gaussian_phi010_N4096_M64_Q64","gaussian_phi010_N4096","gaussian","Gaussian",0.1,4096,64,64,"VK_asym_full_oracle_minus_VK_asym_full_feasible",0.00016,0.000130383718305393,-8.49216964017323e-05,4.96077405880762e-06
"gaussian_phi010_N4096_M64_Q64","gaussian_phi010_N4096","gaussian","Gaussian",0.1,4096,64,64,"VK_leading_oracle_minus_F_feasible_leading",0.00016,0.000131148450235449,-8.49732655313936e-05,4.96143193051427e-06
"gaussian_phi010_N4096_M256_Q16","gaussian_phi010_N4096","gaussian","Gaussian",0.1,4096,256,16,"K_asym_full_minus_K_leading",-4e-05,1.99996999947499e-05,-9.65379532435184e-06,1.36268155896083e-08
"gaussian_phi010_N4096_M256_Q16","gaussian_phi010_N4096","gaussian","Gaussian",0.1,4096,256,16,"V_oracle_minus_V_feasible",-1e-04,6.78229017328217e-05,-1.90907228061286e-05,1.15001154047806e-06
"gaussian_phi010_N4096_M256_Q16","gaussian_phi010_N4096","gaussian","Gaussian",0.1,4096,256,16,"VK_asym_full_oracle_minus_VK_leading_oracle",-4e-05,1.99996999947499e-05,-9.65750864484647e-06,1.3632895356696e-08
"gaussian_phi010_N4096_M256_Q16","gaussian_phi010_N4096","gaussian","Gaussian",0.1,4096,256,16,"VK_asym_full_oracle_minus_VK_asym_full_feasible",0.00011,6.40306176699865e-05,-2.40895415169368e-05,1.2096903431561e-06
"gaussian_phi010_N4096_M256_Q16","gaussian_phi010_N4096","gaussian","Gaussian",0.1,4096,256,16,"VK_leading_oracle_minus_F_feasible_leading",0.00012,6.63317420169257e-05,-2.41045790040287e-05,1.20985977549057e-06
"gaussian_phi015_N4096_M16_Q256","gaussian_phi015_N4096","gaussian","Gaussian",0.15,4096,16,256,"K_asym_full_minus_K_leading",-5e-05,2.23602325524579e-05,-1.34466970903338e-05,4.23136801666403e-09
"gaussian_phi015_N4096_M16_Q256","gaussian_phi015_N4096","gaussian","Gaussian",0.15,4096,16,256,"V_oracle_minus_V_feasible",6e-05,0.000156844540874396,-8.72707457859626e-05,6.46555137385023e-06
"gaussian_phi015_N4096_M16_Q256","gaussian_phi015_N4096","gaussian","Gaussian",0.15,4096,16,256,"VK_asym_full_oracle_minus_VK_leading_oracle",-3e-05,1.73203348680099e-05,-1.3580053423623e-05,4.27380408631122e-09
"gaussian_phi015_N4096_M16_Q256","gaussian_phi015_N4096","gaussian","Gaussian",0.15,4096,16,256,"VK_asym_full_oracle_minus_VK_asym_full_feasible",-3e-05,0.000151328186410199,-8.83072936792065e-05,6.48357444303859e-06
"gaussian_phi015_N4096_M16_Q256","gaussian_phi015_N4096","gaussian","Gaussian",0.15,4096,16,256,"VK_leading_oracle_minus_F_feasible_leading",-4e-05,0.000152316171177456,-8.83786388176345e-05,6.48481093284093e-06
"gaussian_phi015_N4096_M64_Q64","gaussian_phi015_N4096","gaussian","Gaussian",0.15,4096,64,64,"K_asym_full_minus_K_leading",-3e-05,1.73203348680099e-05,-1.41811192016212e-05,9.28123350710983e-09
"gaussian_phi015_N4096_M64_Q64","gaussian_phi015_N4096","gaussian","Gaussian",0.15,4096,64,64,"V_oracle_minus_V_feasible",0.00034,0.000139996571352301,-8.69825477124092e-05,5.02881834210657e-06
"gaussian_phi015_N4096_M64_Q64","gaussian_phi015_N4096","gaussian","Gaussian",0.15,4096,64,64,"VK_asym_full_oracle_minus_VK_leading_oracle",-7e-05,2.64567193654088e-05,-1.42173613355499e-05,9.30773448637319e-09
"gaussian_phi015_N4096_M64_Q64","gaussian_phi015_N4096","gaussian","Gaussian",0.15,4096,64,64,"VK_asym_full_oracle_minus_VK_asym_full_feasible",1e-05,0.000128452964160583,-9.18906661957049e-05,5.09078863662742e-06
"gaussian_phi015_N4096_M64_Q64","gaussian_phi015_N4096","gaussian","Gaussian",0.15,4096,64,64,"VK_leading_oracle_minus_F_feasible_leading",2e-05,0.000130384684689806,-9.19730428684728e-05,5.09181435789675e-06
"gaussian_phi015_N4096_M256_Q16","gaussian_phi015_N4096","gaussian","Gaussian",0.15,4096,256,16,"K_asym_full_minus_K_leading",-5e-05,2.23602325524579e-05,-1.54444305177073e-05,2.1676335470097e-08
"gaussian_phi015_N4096_M256_Q16","gaussian_phi015_N4096","gaussian","Gaussian",0.15,4096,256,16,"V_oracle_minus_V_feasible",6e-05,7.21111364503431e-05,-2.06132099984262e-05,1.17853429062992e-06
"gaussian_phi015_N4096_M256_Q16","gaussian_phi015_N4096","gaussian","Gaussian",0.15,4096,256,16,"VK_asym_full_oracle_minus_VK_leading_oracle",-7e-05,2.64567193654088e-05,-1.54534426021377e-05,2.16910605308435e-08
"gaussian_phi015_N4096_M256_Q16","gaussian_phi015_N4096","gaussian","Gaussian",0.15,4096,256,16,"VK_asym_full_oracle_minus_VK_asym_full_feasible",-2e-05,7.07110033902787e-05,-2.58400803662751e-05,1.23942631180737e-06
"gaussian_phi015_N4096_M256_Q16","gaussian_phi015_N4096","gaussian","Gaussian",0.15,4096,256,16,"VK_leading_oracle_minus_F_feasible_leading",-1e-05,6.70823672841083e-05,-2.58639909276334e-05,1.23968926983514e-06
"gaussian_phi020_N4096_M16_Q256","gaussian_phi020_N4096","gaussian","Gaussian",0.2,4096,16,256,"K_asym_full_minus_K_leading",-5e-05,2.23602325524579e-05,-1.91442834203282e-05,6.015386877016e-09
"gaussian_phi020_N4096_M16_Q256","gaussian_phi020_N4096","gaussian","Gaussian",0.2,4096,16,256,"V_oracle_minus_V_feasible",-8e-05,0.000153623474774268,-8.25434442774433e-05,6.59125165247146e-06
"gaussian_phi020_N4096_M16_Q256","gaussian_phi020_N4096","gaussian","Gaussian",0.2,4096,16,256,"VK_asym_full_oracle_minus_VK_leading_oracle",-7e-05,2.64567193654088e-05,-1.94034475529651e-05,6.09782036584055e-09
"gaussian_phi020_N4096_M16_Q256","gaussian_phi020_N4096","gaussian","Gaussian",0.2,4096,16,256,"VK_asym_full_oracle_minus_VK_asym_full_feasible",0.00023,0.000152642405631725,-8.35646380740564e-05,6.60918400140203e-06
"gaussian_phi020_N4096_M16_Q256","gaussian_phi020_N4096","gaussian","Gaussian",0.2,4096,16,256,"VK_leading_oracle_minus_F_feasible_leading",0.00023,0.000155240819365011,-8.36624805190071e-05,6.61089624702987e-06
"gaussian_phi020_N4096_M64_Q64","gaussian_phi020_N4096","gaussian","Gaussian",0.2,4096,64,64,"K_asym_full_minus_K_leading",-7e-05,2.64567193654088e-05,-2.02523352170077e-05,1.31929172894913e-08
"gaussian_phi020_N4096_M64_Q64","gaussian_phi020_N4096","gaussian","Gaussian",0.2,4096,64,64,"V_oracle_minus_V_feasible",8e-05,0.000131909476540164,-8.99438150501827e-05,5.24377799867091e-06
"gaussian_phi020_N4096_M64_Q64","gaussian_phi020_N4096","gaussian","Gaussian",0.2,4096,64,64,"VK_asym_full_oracle_minus_VK_leading_oracle",-8e-05,2.82832812707436e-05,-2.03227439718842e-05,1.32437470719035e-08
"gaussian_phi020_N4096_M64_Q64","gaussian_phi020_N4096","gaussian","Gaussian",0.2,4096,64,64,"VK_asym_full_oracle_minus_VK_asym_full_feasible",0.00025,0.000131527746105071,-9.50111054345302e-05,5.30804499270288e-06
"gaussian_phi020_N4096_M64_Q64","gaussian_phi020_N4096","gaussian","Gaussian",0.2,4096,64,64,"VK_leading_oracle_minus_F_feasible_leading",0.00025,0.000131527746105071,-9.51272371876879e-05,5.30949756684248e-06
"gaussian_phi020_N4096_M256_Q16","gaussian_phi020_N4096","gaussian","Gaussian",0.2,4096,256,16,"K_asym_full_minus_K_leading",-6e-05,2.44942850416173e-05,-2.20471294979959e-05,3.0943099720494e-08
"gaussian_phi020_N4096_M256_Q16","gaussian_phi020_N4096","gaussian","Gaussian",0.2,4096,256,16,"V_oracle_minus_V_feasible",9e-05,6.99997714259125e-05,-2.11967510904829e-05,1.22602693556327e-06
"gaussian_phi020_N4096_M256_Q16","gaussian_phi020_N4096","gaussian","Gaussian",0.2,4096,256,16,"VK_asym_full_oracle_minus_VK_leading_oracle",-6e-05,2.44942850416173e-05,-2.20645857690823e-05,3.09716299428652e-08
"gaussian_phi020_N4096_M256_Q16","gaussian_phi020_N4096","gaussian","Gaussian",0.2,4096,256,16,"VK_asym_full_oracle_minus_VK_asym_full_feasible",0.00014,6.92809641858425e-05,-2.66076520538933e-05,1.28928654949513e-06
"gaussian_phi020_N4096_M256_Q16","gaussian_phi020_N4096","gaussian","Gaussian",0.2,4096,256,16,"VK_leading_oracle_minus_F_feasible_leading",0.00013,6.85556562128902e-05,-2.66413059337849e-05,1.2896578682615e-06
"gaussian_phi025_N4096_M16_Q256","gaussian_phi025_N4096","gaussian","Gaussian",0.25,4096,16,256,"K_asym_full_minus_K_leading",-9e-05,2.99987999639984e-05,-2.5734410045214e-05,8.11155095909754e-09
"gaussian_phi025_N4096_M16_Q256","gaussian_phi025_N4096","gaussian","Gaussian",0.25,4096,16,256,"V_oracle_minus_V_feasible",0.00013,0.000147309361550717,-8.07871105161097e-05,6.75845942993469e-06
"gaussian_phi025_N4096_M16_Q256","gaussian_phi025_N4096","gaussian","Gaussian",0.25,4096,16,256,"VK_asym_full_oracle_minus_VK_leading_oracle",-0.00011,3.31645895331148e-05,-2.61829366662826e-05,8.25469840876876e-09
"gaussian_phi025_N4096_M16_Q256","gaussian_phi025_N4096","gaussian","Gaussian",0.25,4096,16,256,"VK_asym_full_oracle_minus_VK_asym_full_feasible",9e-05,0.000145258837945579,-8.17990431502609e-05,6.7763590448987e-06
"gaussian_phi025_N4096_M16_Q256","gaussian_phi025_N4096","gaussian","Gaussian",0.25,4096,16,256,"VK_leading_oracle_minus_F_feasible_leading",0.00012,0.000143527216933305,-8.19264955063084e-05,6.77860644453213e-06
"gaussian_phi025_N4096_M64_Q64","gaussian_phi025_N4096","gaussian","Gaussian",0.25,4096,64,64,"K_asym_full_minus_K_leading",-8e-05,2.82832812707436e-05,-2.73027453355684e-05,1.79116319408607e-08
"gaussian_phi025_N4096_M64_Q64","gaussian_phi025_N4096","gaussian","Gaussian",0.25,4096,64,64,"V_oracle_minus_V_feasible",0.00019,0.000138923835241905,-9.73046805028449e-05,5.42007205689723e-06
"gaussian_phi025_N4096_M64_Q64","gaussian_phi025_N4096","gaussian","Gaussian",0.25,4096,64,64,"VK_asym_full_oracle_minus_VK_leading_oracle",-5e-05,2.23602325524579e-05,-2.74243616378172e-05,1.80002472086582e-08
"gaussian_phi025_N4096_M64_Q64","gaussian_phi025_N4096","gaussian","Gaussian",0.25,4096,64,64,"VK_asym_full_oracle_minus_VK_asym_full_feasible",7e-05,0.000128452777319761,-0.000102597200978522,5.48609963463592e-06
"gaussian_phi025_N4096_M64_Q64","gaussian_phi025_N4096","gaussian","Gaussian",0.25,4096,64,64,"VK_leading_oracle_minus_F_feasible_leading",0,0.000128841631477019,-0.000102753419657022,5.48802195507085e-06
"gaussian_phi025_N4096_M256_Q16","gaussian_phi025_N4096","gaussian","Gaussian",0.25,4096,256,16,"K_asym_full_minus_K_leading",-6e-05,2.44942850416173e-05,-2.97458347580773e-05,4.13216306023281e-08
"gaussian_phi025_N4096_M256_Q16","gaussian_phi025_N4096","gaussian","Gaussian",0.25,4096,256,16,"V_oracle_minus_V_feasible",1e-05,7.41623489416294e-05,-2.28577353434369e-05,1.27115621140017e-06
"gaussian_phi025_N4096_M256_Q16","gaussian_phi025_N4096","gaussian","Gaussian",0.25,4096,256,16,"VK_asym_full_oracle_minus_VK_leading_oracle",-7e-05,2.64567193654088e-05,-2.97760019948896e-05,4.13704501716179e-08
"gaussian_phi025_N4096_M256_Q16","gaussian_phi025_N4096","gaussian","Gaussian",0.25,4096,256,16,"VK_asym_full_oracle_minus_VK_asym_full_feasible",6e-05,5.83095017984205e-05,-2.84846140934149e-05,1.33685238904994e-06
"gaussian_phi025_N4096_M256_Q16","gaussian_phi025_N4096","gaussian","Gaussian",0.25,4096,256,16,"VK_leading_oracle_minus_F_feasible_leading",2e-05,5.83097761983358e-05,-2.85294566370293e-05,1.33734683272023e-06
"gaussian_phi030_N4096_M16_Q256","gaussian_phi030_N4096","gaussian","Gaussian",0.3,4096,16,256,"K_asym_full_minus_K_leading",-6e-05,2.44942850416173e-05,-3.34527522748082e-05,1.04975578192129e-08
"gaussian_phi030_N4096_M16_Q256","gaussian_phi030_N4096","gaussian","Gaussian",0.3,4096,16,256,"V_oracle_minus_V_feasible",2e-05,0.000146288106153918,-9.4289513925736e-05,6.86276899245539e-06
"gaussian_phi030_N4096_M16_Q256","gaussian_phi030_N4096","gaussian","Gaussian",0.3,4096,16,256,"VK_asym_full_oracle_minus_VK_leading_oracle",-0.00012,3.4639110824038e-05,-3.41781525937916e-05,1.07288216492308e-08
"gaussian_phi030_N4096_M16_Q256","gaussian_phi030_N4096","gaussian","Gaussian",0.3,4096,16,256,"VK_asym_full_oracle_minus_VK_asym_full_feasible",8e-05,0.000142127189521851,-9.53282622745203e-05,6.8804145880016e-06
"gaussian_phi030_N4096_M16_Q256","gaussian_phi030_N4096","gaussian","Gaussian",0.3,4096,16,256,"VK_leading_oracle_minus_F_feasible_leading",9e-05,0.000140357101712596,-9.54949598714564e-05,6.88323675850673e-06
"gaussian_phi030_N4096_M64_Q64","gaussian_phi030_N4096","gaussian","Gaussian",0.3,4096,64,64,"K_asym_full_minus_K_leading",-8e-05,2.82832812707436e-05,-3.55920110482599e-05,2.33028301185415e-08
"gaussian_phi030_N4096_M64_Q64","gaussian_phi030_N4096","gaussian","Gaussian",0.3,4096,64,64,"V_oracle_minus_V_feasible",0.00021,0.00013527653897635,-0.00010128400532308,5.63786451210496e-06
"gaussian_phi030_N4096_M64_Q64","gaussian_phi030_N4096","gaussian","Gaussian",0.3,4096,64,64,"VK_asym_full_oracle_minus_VK_leading_oracle",-6e-05,2.44942850416173e-05,-3.57883180850469e-05,2.34465590077905e-08
"gaussian_phi030_N4096_M64_Q64","gaussian_phi030_N4096","gaussian","Gaussian",0.3,4096,64,64,"VK_asym_full_oracle_minus_VK_asym_full_feasible",0.00029,0.000123690387634286,-0.000106755749524349,5.70609339633055e-06
"gaussian_phi030_N4096_M64_Q64","gaussian_phi030_N4096","gaussian","Gaussian",0.3,4096,64,64,"VK_leading_oracle_minus_F_feasible_leading",0.00029,0.000122879249644112,-0.000106956760596649,5.70856554808568e-06
"gaussian_phi030_N4096_M256_Q16","gaussian_phi030_N4096","gaussian","Gaussian",0.3,4096,256,16,"K_asym_full_minus_K_leading",-0.00012,3.4639110824038e-05,-3.88139720736395e-05,5.40080486857161e-08
"gaussian_phi030_N4096_M256_Q16","gaussian_phi030_N4096","gaussian","Gaussian",0.3,4096,256,16,"V_oracle_minus_V_feasible",0.00011,7.14137941808163e-05,-2.35188140199536e-05,1.31984387718883e-06
"gaussian_phi030_N4096_M256_Q16","gaussian_phi030_N4096","gaussian","Gaussian",0.3,4096,256,16,"VK_asym_full_oracle_minus_VK_leading_oracle",-0.00015,3.8727122251724e-05,-3.88626040344958e-05,5.40867281912802e-08
"gaussian_phi030_N4096_M256_Q16","gaussian_phi030_N4096","gaussian","Gaussian",0.3,4096,256,16,"VK_asym_full_oracle_minus_VK_asym_full_feasible",-4e-05,6.16443184747792e-05,-2.93627913317605e-05,1.38769358205632e-06
"gaussian_phi030_N4096_M256_Q16","gaussian_phi030_N4096","gaussian","Gaussian",0.3,4096,256,16,"VK_leading_oracle_minus_F_feasible_leading",7e-05,6.24498999190551e-05,-2.94204707717662e-05,1.38832579333696e-06
"gaussian_phi035_N4096_M16_Q256","gaussian_phi035_N4096","gaussian","Gaussian",0.35,4096,16,256,"K_asym_full_minus_K_leading",-8e-05,2.82832812707436e-05,-4.25936037454438e-05,1.33056622407831e-08
"gaussian_phi035_N4096_M16_Q256","gaussian_phi035_N4096","gaussian","Gaussian",0.35,4096,16,256,"V_oracle_minus_V_feasible",0.00022,0.000145601263721439,-8.67053908236e-05,6.8987450111436e-06
"gaussian_phi035_N4096_M16_Q256","gaussian_phi035_N4096","gaussian","Gaussian",0.35,4096,16,256,"VK_asym_full_oracle_minus_VK_leading_oracle",-0.00011,3.31645895331148e-05,-4.37187454995077e-05,1.3661771723877e-08
"gaussian_phi035_N4096_M16_Q256","gaussian_phi035_N4096","gaussian","Gaussian",0.35,4096,16,256,"VK_asym_full_oracle_minus_VK_asym_full_feasible",0.00029,0.000149997946632079,-8.77104086325243e-05,6.91588961608092e-06
"gaussian_phi035_N4096_M16_Q256","gaussian_phi035_N4096","gaussian","Gaussian",0.35,4096,16,256,"VK_leading_oracle_minus_F_feasible_leading",0.00025,0.000149998666647407,-8.79123071743821e-05,6.91932215251031e-06
"gaussian_phi035_N4096_M64_Q64","gaussian_phi035_N4096","gaussian","Gaussian",0.35,4096,64,64,"K_asym_full_minus_K_leading",-0.00017,4.12277576067384e-05,-4.54815876242592e-05,2.96195576552963e-08
"gaussian_phi035_N4096_M64_Q64","gaussian_phi035_N4096","gaussian","Gaussian",0.35,4096,64,64,"V_oracle_minus_V_feasible",0.00031,0.000142475408377797,-9.80362835309027e-05,5.77054766040928e-06
"gaussian_phi035_N4096_M64_Q64","gaussian_phi035_N4096","gaussian","Gaussian",0.35,4096,64,64,"VK_asym_full_oracle_minus_VK_leading_oracle",-7e-05,2.64567193654088e-05,-4.5785588634454e-05,2.98403097688026e-08
"gaussian_phi035_N4096_M64_Q64","gaussian_phi035_N4096","gaussian","Gaussian",0.35,4096,64,64,"VK_asym_full_oracle_minus_VK_asym_full_feasible",0.00034,0.000137109561994486,-0.000103607662840892,5.84000074033577e-06
"gaussian_phi035_N4096_M64_Q64","gaussian_phi035_N4096","gaussian","Gaussian",0.35,4096,64,64,"VK_leading_oracle_minus_F_feasible_leading",0.00026,0.000137838724584712,-0.000103857200404499,5.84306842880789e-06
"gaussian_phi035_N4096_M256_Q16","gaussian_phi035_N4096","gaussian","Gaussian",0.35,4096,256,16,"K_asym_full_minus_K_leading",-0.00016,3.9996999857489e-05,-4.961633060538e-05,6.98117741564743e-08
"gaussian_phi035_N4096_M256_Q16","gaussian_phi035_N4096","gaussian","Gaussian",0.35,4096,256,16,"V_oracle_minus_V_feasible",0.00021,7.41593823878001e-05,-2.32951664909148e-05,1.34164560028257e-06
"gaussian_phi035_N4096_M256_Q16","gaussian_phi035_N4096","gaussian","Gaussian",0.35,4096,256,16,"VK_asym_full_oracle_minus_VK_leading_oracle",-0.00017,4.12277576067384e-05,-4.96916079377356e-05,6.9935366791773e-08
"gaussian_phi035_N4096_M256_Q16","gaussian_phi035_N4096","gaussian","Gaussian",0.35,4096,256,16,"VK_asym_full_oracle_minus_VK_asym_full_feasible",6e-05,6.32455848264525e-05,-2.93198726717953e-05,1.41074794298305e-06
"gaussian_phi035_N4096_M256_Q16","gaussian_phi035_N4096","gaussian","Gaussian",0.35,4096,256,16,"VK_leading_oracle_minus_F_feasible_leading",7e-05,6.70820095104492e-05,-2.93919856916347e-05,1.41152884996986e-06
"gaussian_phi040_N4096_M16_Q256","gaussian_phi040_N4096","gaussian","Gaussian",0.4,4096,16,256,"K_asym_full_minus_K_leading",-0.00017,4.12277576067384e-05,-5.35779910146781e-05,1.6737682504607e-08
"gaussian_phi040_N4096_M16_Q256","gaussian_phi040_N4096","gaussian","Gaussian",0.4,4096,16,256,"V_oracle_minus_V_feasible",0.00021,0.000138201845130591,-8.23821750788374e-05,6.97335605866729e-06
"gaussian_phi040_N4096_M16_Q256","gaussian_phi040_N4096","gaussian","Gaussian",0.4,4096,16,256,"VK_asym_full_oracle_minus_VK_leading_oracle",-0.00019,4.35850662105722e-05,-5.52809773178038e-05,1.7276988808752e-08
"gaussian_phi040_N4096_M16_Q256","gaussian_phi040_N4096","gaussian","Gaussian",0.4,4096,16,256,"VK_asym_full_oracle_minus_VK_asym_full_feasible",0.00016,0.000142126514062155,-8.33541414169989e-05,6.99001764303333e-06
"gaussian_phi040_N4096_M16_Q256","gaussian_phi040_N4096","gaussian","Gaussian",0.4,4096,16,256,"VK_leading_oracle_minus_F_feasible_leading",0.00021,0.000143177386474401,-8.35966363608675e-05,6.99416017212728e-06
"gaussian_phi040_N4096_M64_Q64","gaussian_phi040_N4096","gaussian","Gaussian",0.4,4096,64,64,"K_asym_full_minus_K_leading",-0.00015,3.8727122251724e-05,-5.73198412929568e-05,3.75532519521751e-08
"gaussian_phi040_N4096_M64_Q64","gaussian_phi040_N4096","gaussian","Gaussian",0.4,4096,64,64,"V_oracle_minus_V_feasible",0.00042,0.000137834777847464,-9.7875206897338e-05,5.99729297552692e-06
"gaussian_phi040_N4096_M64_Q64","gaussian_phi040_N4096","gaussian","Gaussian",0.4,4096,64,64,"VK_asym_full_oracle_minus_VK_leading_oracle",-0.00012,3.4639110824038e-05,-5.77782470854823e-05,3.78871570320171e-08
"gaussian_phi040_N4096_M64_Q64","gaussian_phi040_N4096","gaussian","Gaussian",0.4,4096,64,64,"VK_asym_full_oracle_minus_VK_asym_full_feasible",0.00032,0.00012727583427886,-0.000103546094882782,6.06885705078662e-06
"gaussian_phi040_N4096_M64_Q64","gaussian_phi040_N4096","gaussian","Gaussian",0.4,4096,64,64,"VK_leading_oracle_minus_F_feasible_leading",0.00033,0.000126091514348508,-0.000103851933687272,6.07266305193994e-06
"gaussian_phi040_N4096_M256_Q16","gaussian_phi040_N4096","gaussian","Gaussian",0.4,4096,256,16,"K_asym_full_minus_K_leading",-0.00015,3.8727122251724e-05,-6.25834962486891e-05,8.78329479225132e-08
"gaussian_phi040_N4096_M256_Q16","gaussian_phi040_N4096","gaussian","Gaussian",0.4,4096,256,16,"V_oracle_minus_V_feasible",-2e-05,6.00002666687408e-05,-2.33407998853096e-05,1.3938974906476e-06
"gaussian_phi040_N4096_M256_Q16","gaussian_phi040_N4096","gaussian","Gaussian",0.4,4096,256,16,"VK_asym_full_oracle_minus_VK_leading_oracle",-2e-04,4.47171107765245e-05,-6.26969608741957e-05,8.80189548246095e-08
"gaussian_phi040_N4096_M256_Q16","gaussian_phi040_N4096","gaussian","Gaussian",0.4,4096,256,16,"VK_asym_full_oracle_minus_VK_asym_full_feasible",-2e-05,6.32458378105627e-05,-2.95108570671316e-05,1.46560330224829e-06
"gaussian_phi040_N4096_M256_Q16","gaussian_phi040_N4096","gaussian","Gaussian",0.4,4096,256,16,"VK_leading_oracle_minus_F_feasible_leading",3e-05,6.55746444926696e-05,-2.95992354273187e-05,1.46657274995403e-06
"gaussian_phi045_N4096_M16_Q256","gaussian_phi045_N4096","gaussian","Gaussian",0.45,4096,16,256,"K_asym_full_minus_K_leading",-2e-04,4.47171107765245e-05,-6.70473505161174e-05,2.10821451615167e-08
"gaussian_phi045_N4096_M16_Q256","gaussian_phi045_N4096","gaussian","Gaussian",0.45,4096,16,256,"V_oracle_minus_V_feasible",2e-04,0.000142827882425106,-5.65027101036299e-05,6.96451450669285e-06
"gaussian_phi045_N4096_M16_Q256","gaussian_phi045_N4096","gaussian","Gaussian",0.45,4096,16,256,"VK_asym_full_oracle_minus_VK_leading_oracle",-0.00012,3.4639110824038e-05,-6.95953629422918e-05,2.18956799598306e-08
"gaussian_phi045_N4096_M16_Q256","gaussian_phi045_N4096","gaussian","Gaussian",0.45,4096,16,256,"VK_asym_full_oracle_minus_VK_asym_full_feasible",0.00018,0.000141420917826042,-5.73843916961792e-05,6.98040346351194e-06
"gaussian_phi045_N4096_M16_Q256","gaussian_phi045_N4096","gaussian","Gaussian",0.45,4096,16,256,"VK_leading_oracle_minus_F_feasible_leading",0.00017,0.000141067040796566,-5.76576048107553e-05,6.98530943122615e-06
"gaussian_phi045_N4096_M64_Q64","gaussian_phi045_N4096","gaussian","Gaussian",0.45,4096,64,64,"K_asym_full_minus_K_leading",-0.00013,3.6053349337336e-05,-7.2165052408033e-05,4.69327482081195e-08
"gaussian_phi045_N4096_M64_Q64","gaussian_phi045_N4096","gaussian","Gaussian",0.45,4096,64,64,"V_oracle_minus_V_feasible",0.00019,0.00013076624181378,-0.000102866638076136,6.22488566987733e-06
"gaussian_phi045_N4096_M64_Q64","gaussian_phi045_N4096","gaussian","Gaussian",0.45,4096,64,64,"VK_asym_full_oracle_minus_VK_leading_oracle",-0.00018,4.24228004372645e-05,-7.28504681946463e-05,4.74306133602812e-08
"gaussian_phi045_N4096_M64_Q64","gaussian_phi045_N4096","gaussian","Gaussian",0.45,4096,64,64,"VK_asym_full_oracle_minus_VK_asym_full_feasible",0.00047,0.000121235052601877,-0.000108745967489756,6.29847633229274e-06
"gaussian_phi045_N4096_M64_Q64","gaussian_phi045_N4096","gaussian","Gaussian",0.45,4096,64,64,"VK_leading_oracle_minus_F_feasible_leading",0.00047,0.000124490746561581,-0.000109125343864853,6.30315909118267e-06
"gaussian_phi045_N4096_M256_Q16","gaussian_phi045_N4096","gaussian","Gaussian",0.45,4096,256,16,"K_asym_full_minus_K_leading",-0.00017,4.12277576067384e-05,-7.88697588095771e-05,1.10473857222894e-07
"gaussian_phi045_N4096_M256_Q16","gaussian_phi045_N4096","gaussian","Gaussian",0.45,4096,256,16,"V_oracle_minus_V_feasible",5e-05,7.00001714300758e-05,-2.42429266908313e-05,1.44656904805578e-06
"gaussian_phi045_N4096_M256_Q16","gaussian_phi045_N4096","gaussian","Gaussian",0.45,4096,256,16,"VK_asym_full_oracle_minus_VK_leading_oracle",-0.00015,3.8727122251724e-05,-7.90392113570596e-05,1.10749331727901e-07
"gaussian_phi045_N4096_M256_Q16","gaussian_phi045_N4096","gaussian","Gaussian",0.45,4096,256,16,"VK_asym_full_oracle_minus_VK_asym_full_feasible",8e-05,6.3245363464526e-05,-3.06476990669678e-05,1.52077584419882e-06
"gaussian_phi045_N4096_M256_Q16","gaussian_phi045_N4096","gaussian","Gaussian",0.45,4096,256,16,"VK_leading_oracle_minus_F_feasible_leading",1e-05,5.74459049917399e-05,-3.07566695256284e-05,1.52196728368605e-06
"gaussian_phi050_N4096_M16_Q256","gaussian_phi050_N4096","gaussian","Gaussian",0.5,4096,16,256,"K_asym_full_minus_K_leading",-0.00019,4.35850662105722e-05,-8.39540105590618e-05,2.64867540110487e-08
"gaussian_phi050_N4096_M16_Q256","gaussian_phi050_N4096","gaussian","Gaussian",0.5,4096,16,256,"V_oracle_minus_V_feasible",0.00033,0.00013076345816328,-2.23780468814242e-05,6.96953680395615e-06
"gaussian_phi050_N4096_M16_Q256","gaussian_phi050_N4096","gaussian","Gaussian",0.5,4096,16,256,"VK_asym_full_oracle_minus_VK_leading_oracle",-0.00011,3.31645895331148e-05,-8.77635979497464e-05,2.77037486070966e-08
"gaussian_phi050_N4096_M16_Q256","gaussian_phi050_N4096","gaussian","Gaussian",0.5,4096,16,256,"VK_asym_full_oracle_minus_VK_asym_full_feasible",0.00032,0.00013341347005284,-2.31456518929784e-05,6.98455781918919e-06
"gaussian_phi050_N4096_M16_Q256","gaussian_phi050_N4096","gaussian","Gaussian",0.5,4096,16,256,"VK_leading_oracle_minus_F_feasible_leading",3e-04,0.000132662262881197,-2.34434522789313e-05,6.99036083391713e-06
"gaussian_phi050_N4096_M64_Q64","gaussian_phi050_N4096","gaussian","Gaussian",0.5,4096,64,64,"K_asym_full_minus_K_leading",-0.00016,3.9996999857489e-05,-9.07537067183177e-05,5.92320415635189e-08
"gaussian_phi050_N4096_M64_Q64","gaussian_phi050_N4096","gaussian","Gaussian",0.5,4096,64,64,"V_oracle_minus_V_feasible",0.00031,0.000126092021920421,-0.000114188372555305,6.43531415064224e-06
"gaussian_phi050_N4096_M64_Q64","gaussian_phi050_N4096","gaussian","Gaussian",0.5,4096,64,64,"VK_asym_full_oracle_minus_VK_leading_oracle",-0.00014,3.74141416870678e-05,-9.17747173324494e-05,5.99767787001415e-08
"gaussian_phi050_N4096_M64_Q64","gaussian_phi050_N4096","gaussian","Gaussian",0.5,4096,64,64,"VK_asym_full_oracle_minus_VK_asym_full_feasible",-3e-05,0.000126095796922419,-0.00012031025764828,6.51053890934104e-06
"gaussian_phi050_N4096_M64_Q64","gaussian_phi050_N4096","gaussian","Gaussian",0.5,4096,64,64,"VK_leading_oracle_minus_F_feasible_leading",-5e-05,0.000127671993802008,-0.000120782240353184,6.51625921953885e-06
"gaussian_phi050_N4096_M256_Q16","gaussian_phi050_N4096","gaussian","Gaussian",0.5,4096,256,16,"K_asym_full_minus_K_leading",-0.00021,4.58211740988809e-05,-9.95350847747297e-05,1.39446134915088e-07
"gaussian_phi050_N4096_M256_Q16","gaussian_phi050_N4096","gaussian","Gaussian",0.5,4096,256,16,"V_oracle_minus_V_feasible",5e-05,7.00001714300758e-05,-2.74155349332813e-05,1.4934529069894e-06
"gaussian_phi050_N4096_M256_Q16","gaussian_phi050_N4096","gaussian","Gaussian",0.5,4096,256,16,"VK_asym_full_oracle_minus_VK_leading_oracle",-0.00018,4.24228004372645e-05,-9.97882772881011e-05,1.39859235964149e-07
"gaussian_phi050_N4096_M256_Q16","gaussian_phi050_N4096","gaussian","Gaussian",0.5,4096,256,16,"VK_asym_full_oracle_minus_VK_asym_full_feasible",7e-05,5.91606795080989e-05,-3.41572789186346e-05,1.57025560873777e-06
"gaussian_phi050_N4096_M256_Q16","gaussian_phi050_N4096","gaussian","Gaussian",0.5,4096,256,16,"VK_leading_oracle_minus_F_feasible_leading",3e-05,5.56778411957576e-05,-3.42930477515194e-05,1.57171699115287e-06
"gaussian_phi055_N4096_M16_Q256","gaussian_phi055_N4096","gaussian","Gaussian",0.55,4096,16,256,"K_asym_full_minus_K_leading",-0.00026,5.09838208993788e-05,-0.000105457524158875,3.31911366531985e-08
"gaussian_phi055_N4096_M16_Q256","gaussian_phi055_N4096","gaussian","Gaussian",0.55,4096,16,256,"V_oracle_minus_V_feasible",0.00025,0.000127669643985483,0.000107871473803922,6.8541134650392e-06
"gaussian_phi055_N4096_M16_Q256","gaussian_phi055_N4096","gaussian","Gaussian",0.55,4096,16,256,"VK_asym_full_oracle_minus_VK_leading_oracle",-0.00017,4.12277576067384e-05,-0.000111190591399629,3.50241723382671e-08
"gaussian_phi055_N4096_M16_Q256","gaussian_phi055_N4096","gaussian","Gaussian",0.55,4096,16,256,"VK_asym_full_oracle_minus_VK_asym_full_feasible",2e-04,0.000131147901232616,0.000107416170035599,6.86784821190155e-06
"gaussian_phi055_N4096_M16_Q256","gaussian_phi055_N4096","gaussian","Gaussian",0.55,4096,16,256,"VK_leading_oracle_minus_F_feasible_leading",0.00019,0.000127670677910082,0.000107190943253017,6.87459892791809e-06
"gaussian_phi055_N4096_M64_Q64","gaussian_phi055_N4096","gaussian","Gaussian",0.55,4096,64,64,"K_asym_full_minus_K_leading",-0.00021,4.58211740988809e-05,-0.000114792746046675,7.48489887853898e-08
"gaussian_phi055_N4096_M64_Q64","gaussian_phi055_N4096","gaussian","Gaussian",0.55,4096,64,64,"V_oracle_minus_V_feasible",0.00017,0.000117897625075741,-0.000105895703849112,6.59123958019585e-06
"gaussian_phi055_N4096_M64_Q64","gaussian_phi055_N4096","gaussian","Gaussian",0.55,4096,64,64,"VK_asym_full_oracle_minus_VK_leading_oracle",-0.00026,5.09838208993788e-05,-0.000116325621719647,7.59707984281424e-08
"gaussian_phi055_N4096_M64_Q64","gaussian_phi055_N4096","gaussian","Gaussian",0.55,4096,64,64,"VK_asym_full_oracle_minus_VK_asym_full_feasible",0.00026,0.000123286154919196,-0.000112042113224686,6.66732015510354e-06
"gaussian_phi055_N4096_M64_Q64","gaussian_phi055_N4096","gaussian","Gaussian",0.55,4096,64,64,"VK_leading_oracle_minus_F_feasible_leading",0.00026,0.000127277201394672,-0.000112610546501232,6.67425787674451e-06
"gaussian_phi055_N4096_M256_Q16","gaussian_phi055_N4096","gaussian","Gaussian",0.55,4096,256,16,"K_asym_full_minus_K_leading",-0.00029,5.38441082373914e-05,-0.000126000167865706,1.76039144519605e-07
"gaussian_phi055_N4096_M256_Q16","gaussian_phi055_N4096","gaussian","Gaussian",0.55,4096,256,16,"V_oracle_minus_V_feasible",1e-04,6.1643637136204e-05,-2.56082067404093e-05,1.52889891208975e-06
"gaussian_phi055_N4096_M256_Q16","gaussian_phi055_N4096","gaussian","Gaussian",0.55,4096,256,16,"VK_asym_full_oracle_minus_VK_leading_oracle",-0.00022,4.68992323538451e-05,-0.000126379329532695,1.76653546820751e-07
"gaussian_phi055_N4096_M256_Q16","gaussian_phi055_N4096","gaussian","Gaussian",0.55,4096,256,16,"VK_asym_full_oracle_minus_VK_asym_full_feasible",0.00012,5.65675525268682e-05,-3.24584084068693e-05,1.60742506174705e-06
"gaussian_phi055_N4096_M256_Q16","gaussian_phi055_N4096","gaussian","Gaussian",0.55,4096,256,16,"VK_leading_oracle_minus_F_feasible_leading",0.00013,5.91596653021295e-05,-3.26222935077173e-05,1.6091984936579e-06
"gaussian_phi060_N4096_M16_Q256","gaussian_phi060_N4096","gaussian","Gaussian",0.6,4096,16,256,"K_asym_full_minus_K_leading",-2e-04,4.47171107765245e-05,-0.000133663916683397,4.22274675782209e-08
"gaussian_phi060_N4096_M16_Q256","gaussian_phi060_N4096","gaussian","Gaussian",0.6,4096,16,256,"V_oracle_minus_V_feasible",0.00098,0.000128025622066831,0.000381440470689346,6.64244592980249e-06
"gaussian_phi060_N4096_M16_Q256","gaussian_phi060_N4096","gaussian","Gaussian",0.6,4096,16,256,"VK_asym_full_oracle_minus_VK_leading_oracle",-2e-04,4.47171107765245e-05,-0.000142438655170125,4.50387662205366e-08
"gaussian_phi060_N4096_M16_Q256","gaussian_phi060_N4096","gaussian","Gaussian",0.6,4096,16,256,"VK_asym_full_oracle_minus_VK_asym_full_feasible",0.00106,0.000126447316654957,0.000381530459066887,6.6545278959032e-06
"gaussian_phi060_N4096_M16_Q256","gaussian_phi060_N4096","gaussian","Gaussian",0.6,4096,16,256,"VK_leading_oracle_minus_F_feasible_leading",0.00096,0.000128027137394691,0.000381586795713391,6.66230754100383e-06
"gaussian_phi060_N4096_M64_Q64","gaussian_phi060_N4096","gaussian","Gaussian",0.6,4096,64,64,"K_asym_full_minus_K_leading",-0.00036,5.99894989760698e-05,-0.000146629277660514,9.50630275689998e-08
"gaussian_phi060_N4096_M64_Q64","gaussian_phi060_N4096","gaussian","Gaussian",0.6,4096,64,64,"V_oracle_minus_V_feasible",0.00021,0.000128451251442872,-0.000116870400886118,6.79733642024927e-06
"gaussian_phi060_N4096_M64_Q64","gaussian_phi060_N4096","gaussian","Gaussian",0.6,4096,64,64,"VK_asym_full_oracle_minus_VK_leading_oracle",-0.00025,4.9993999579949e-05,-0.000148964330496712,9.67508172444228e-08
"gaussian_phi060_N4096_M64_Q64","gaussian_phi060_N4096","gaussian","Gaussian",0.6,4096,64,64,"VK_asym_full_oracle_minus_VK_asym_full_feasible",0.00013,0.000118743302967873,-0.000123201660002665,6.87470128129491e-06
"gaussian_phi060_N4096_M64_Q64","gaussian_phi060_N4096","gaussian","Gaussian",0.6,4096,64,64,"VK_leading_oracle_minus_F_feasible_leading",0.00011,0.000117898337563258,-0.000123909622283383,6.88323363248742e-06
"gaussian_phi060_N4096_M256_Q16","gaussian_phi060_N4096","gaussian","Gaussian",0.6,4096,256,16,"K_asym_full_minus_K_leading",-0.00031,5.56692912717587e-05,-0.000161339709811778,2.26292323072189e-07
"gaussian_phi060_N4096_M256_Q16","gaussian_phi060_N4096","gaussian","Gaussian",0.6,4096,256,16,"V_oracle_minus_V_feasible",0.00014,5.8308129779474e-05,-2.80486869013226e-05,1.56739620517399e-06
"gaussian_phi060_N4096_M256_Q16","gaussian_phi060_N4096","gaussian","Gaussian",0.6,4096,256,16,"VK_asym_full_oracle_minus_VK_leading_oracle",-0.00031,5.56692912717587e-05,-0.000161918034010679,2.27232763507022e-07
"gaussian_phi060_N4096_M256_Q16","gaussian_phi060_N4096","gaussian","Gaussian",0.6,4096,256,16,"VK_asym_full_oracle_minus_VK_asym_full_feasible",-3e-05,5.91610175728917e-05,-3.51823247640996e-05,1.64798483743775e-06
"gaussian_phi060_N4096_M256_Q16","gaussian_phi060_N4096","gaussian","Gaussian",0.6,4096,256,16,"VK_leading_oracle_minus_F_feasible_leading",-2e-05,6.16444158082466e-05,-3.53859189972174e-05,1.65015808297032e-06
"gaussian_phi065_N4096_M16_Q256","gaussian_phi065_N4096","gaussian","Gaussian",0.65,4096,16,256,"K_asym_full_minus_K_leading",-4e-04,6.32332189944482e-05,-0.000171878834241766,5.38864156066212e-08
"gaussian_phi065_N4096_M16_Q256","gaussian_phi065_N4096","gaussian","Gaussian",0.65,4096,16,256,"V_oracle_minus_V_feasible",0.00182,0.000138445179297355,0.000959704359224593,6.24563102876754e-06
"gaussian_phi065_N4096_M16_Q256","gaussian_phi065_N4096","gaussian","Gaussian",0.65,4096,16,256,"VK_asym_full_oracle_minus_VK_leading_oracle",-0.00029,5.38441082373914e-05,-0.000185695672617007,5.82868812059796e-08
"gaussian_phi065_N4096_M16_Q256","gaussian_phi065_N4096","gaussian","Gaussian",0.65,4096,16,256,"VK_asym_full_oracle_minus_VK_asym_full_feasible",0.00189,0.000143054128373971,0.000960714938063719,6.25552478327438e-06
"gaussian_phi065_N4096_M16_Q256","gaussian_phi065_N4096","gaussian","Gaussian",0.65,4096,16,256,"VK_leading_oracle_minus_F_feasible_leading",0.00184,0.000141302313015168,0.000961609442466744,6.26430174142423e-06
"gaussian_phi065_N4096_M64_Q64","gaussian_phi065_N4096","gaussian","Gaussian",0.65,4096,64,64,"K_asym_full_minus_K_leading",-0.00039,6.2438113241672e-05,-0.000190509734077307,1.24914347607186e-07
"gaussian_phi065_N4096_M64_Q64","gaussian_phi065_N4096","gaussian","Gaussian",0.65,4096,64,64,"V_oracle_minus_V_feasible",0.00021,0.000112692883523584,-0.000126413918899983,6.89626717499691e-06
"gaussian_phi065_N4096_M64_Q64","gaussian_phi065_N4096","gaussian","Gaussian",0.65,4096,64,64,"VK_asym_full_oracle_minus_VK_leading_oracle",-0.00031,5.56692912717587e-05,-0.000194171639459783,1.27598639666148e-07
"gaussian_phi065_N4096_M64_Q64","gaussian_phi065_N4096","gaussian","Gaussian",0.65,4096,64,64,"VK_asym_full_oracle_minus_VK_asym_full_feasible",9e-05,0.000119582866668348,-0.000132860438467441,6.97324282496439e-06
"gaussian_phi065_N4096_M64_Q64","gaussian_phi065_N4096","gaussian","Gaussian",0.65,4096,64,64,"VK_leading_oracle_minus_F_feasible_leading",4e-05,0.000111355772194709,-0.000133744997653619,6.98366152213898e-06
"gaussian_phi065_N4096_M256_Q16","gaussian_phi065_N4096","gaussian","Gaussian",0.65,4096,256,16,"K_asym_full_minus_K_leading",-0.00025,4.9993999579949e-05,-0.00021004945366626,2.93812915796665e-07
"gaussian_phi065_N4096_M256_Q16","gaussian_phi065_N4096","gaussian","Gaussian",0.65,4096,256,16,"V_oracle_minus_V_feasible",4e-05,5.65686839175175e-05,-3.01458744529463e-05,1.58146670877149e-06
"gaussian_phi065_N4096_M256_Q16","gaussian_phi065_N4096","gaussian","Gaussian",0.65,4096,256,16,"VK_asym_full_oracle_minus_VK_leading_oracle",-0.00032,5.65597736035064e-05,-0.000210954409095617,2.95286688145817e-07
"gaussian_phi065_N4096_M256_Q16","gaussian_phi065_N4096","gaussian","Gaussian",0.65,4096,256,16,"VK_asym_full_oracle_minus_VK_asym_full_feasible",1e-05,4.58259751691113e-05,-3.74793214703529e-05,1.66243478658726e-06
"gaussian_phi065_N4096_M256_Q16","gaussian_phi065_N4096","gaussian","Gaussian",0.65,4096,256,16,"VK_leading_oracle_minus_F_feasible_leading",0.00011,5.19606196947264e-05,-3.77317497593675e-05,1.66506989806086e-06
"gaussian_phi070_N4096_M16_Q256","gaussian_phi070_N4096","gaussian","Gaussian",0.7,4096,16,256,"K_asym_full_minus_K_leading",-0.00045,6.70672795049852e-05,-0.000225520114354851,7.15591573529036e-08
"gaussian_phi070_N4096_M16_Q256","gaussian_phi070_N4096","gaussian","Gaussian",0.7,4096,16,256,"V_oracle_minus_V_feasible",0.00341,0.00018434765754028,0.00216904820780705,5.61254483059096e-06
"gaussian_phi070_N4096_M16_Q256","gaussian_phi070_N4096","gaussian","Gaussian",0.7,4096,16,256,"VK_asym_full_oracle_minus_VK_leading_oracle",-0.00041,6.40184347168832e-05,-0.000248191413876865,7.88677836356166e-08
"gaussian_phi070_N4096_M16_Q256","gaussian_phi070_N4096","gaussian","Gaussian",0.7,4096,16,256,"VK_asym_full_oracle_minus_VK_asym_full_feasible",0.00345,0.000185422001966293,0.00217143675971652,5.61970513675199e-06
"gaussian_phi070_N4096_M16_Q256","gaussian_phi070_N4096","gaussian","Gaussian",0.7,4096,16,256,"VK_leading_oracle_minus_F_feasible_leading",0.00346,0.000185689603387718,0.00217463960790374,5.62931318909243e-06
"gaussian_phi070_N4096_M64_Q64","gaussian_phi070_N4096","gaussian","Gaussian",0.7,4096,64,64,"K_asym_full_minus_K_leading",-0.00045,6.70672795049852e-05,-0.000253890094537918,1.66155292269839e-07
"gaussian_phi070_N4096_M64_Q64","gaussian_phi070_N4096","gaussian","Gaussian",0.7,4096,64,64,"V_oracle_minus_V_feasible",0.00014,0.000114890974403388,-0.00010348298745393,6.84350186591307e-06
"gaussian_phi070_N4096_M64_Q64","gaussian_phi070_N4096","gaussian","Gaussian",0.7,4096,64,64,"VK_asym_full_oracle_minus_VK_leading_oracle",-0.00041,6.40184347168832e-05,-0.000259884167628877,1.70580738129986e-07
"gaussian_phi070_N4096_M64_Q64","gaussian_phi070_N4096","gaussian","Gaussian",0.7,4096,64,64,"VK_asym_full_oracle_minus_VK_asym_full_feasible",-5e-05,0.000109087551998108,-0.000109633322572852,6.91778897866906e-06
"gaussian_phi070_N4096_M64_Q64","gaussian_phi070_N4096","gaussian","Gaussian",0.7,4096,64,64,"VK_leading_oracle_minus_F_feasible_leading",-8e-05,0.000103923260151133,-0.000110694049346878,6.93041910158524e-06
"gaussian_phi070_N4096_M256_Q16","gaussian_phi070_N4096","gaussian","Gaussian",0.7,4096,256,16,"K_asym_full_minus_K_leading",-0.00044,6.6318232644423e-05,-0.000279920818146917,3.90806630314531e-07
"gaussian_phi070_N4096_M256_Q16","gaussian_phi070_N4096","gaussian","Gaussian",0.7,4096,256,16,"V_oracle_minus_V_feasible",6e-05,6.63325561099525e-05,-2.48742007292124e-05,1.55667615596246e-06
"gaussian_phi070_N4096_M256_Q16","gaussian_phi070_N4096","gaussian","Gaussian",0.7,4096,256,16,"VK_asym_full_oracle_minus_VK_leading_oracle",-0.00044,6.6318232644423e-05,-0.000281391321022585,3.93194127357481e-07
"gaussian_phi070_N4096_M256_Q16","gaussian_phi070_N4096","gaussian","Gaussian",0.7,4096,256,16,"VK_asym_full_oracle_minus_VK_asym_full_feasible",4e-05,6.324574294164e-05,-3.19662529530997e-05,1.63603730588416e-06
"gaussian_phi070_N4096_M256_Q16","gaussian_phi070_N4096","gaussian","Gaussian",0.7,4096,256,16,"VK_leading_oracle_minus_F_feasible_leading",3e-05,5.19616974335905e-05,-3.22665689423975e-05,1.63920874591279e-06
"gaussian_phi075_N4096_M16_Q256","gaussian_phi075_N4096","gaussian","Gaussian",0.75,4096,16,256,"K_asym_full_minus_K_leading",-7e-04,8.36371326128504e-05,-0.000304995977016224,9.72532715622921e-08
"gaussian_phi075_N4096_M16_Q256","gaussian_phi075_N4096","gaussian","Gaussian",0.75,4096,16,256,"V_oracle_minus_V_feasible",0.00695,0.000262712133668492,0.00468293341788806,4.66172207902327e-06
"gaussian_phi075_N4096_M16_Q256","gaussian_phi075_N4096","gaussian","Gaussian",0.75,4096,16,256,"VK_asym_full_oracle_minus_VK_leading_oracle",-0.00042,6.47941199707182e-05,-0.000344528166505319,1.1005575336398e-07
"gaussian_phi075_N4096_M16_Q256","gaussian_phi075_N4096","gaussian","Gaussian",0.75,4096,16,256,"VK_asym_full_oracle_minus_VK_asym_full_feasible",0.00683,0.000260449974739667,0.00468670799643535,4.66568008112494e-06
"gaussian_phi075_N4096_M16_Q256","gaussian_phi075_N4096","gaussian","Gaussian",0.75,4096,16,256,"VK_leading_oracle_minus_F_feasible_leading",0.0066,0.000256056743028877,0.00469618456294081,4.6756183228911e-06
"gaussian_phi075_N4096_M64_Q64","gaussian_phi075_N4096","gaussian","Gaussian",0.75,4096,64,64,"K_asym_full_minus_K_leading",-0.00046,6.78080377189887e-05,-0.000349878330030678,2.28997808439662e-07
"gaussian_phi075_N4096_M64_Q64","gaussian_phi075_N4096","gaussian","Gaussian",0.75,4096,64,64,"V_oracle_minus_V_feasible",0.00039,0.000117041086743758,1.84643956741187e-05,6.73733716751581e-06
"gaussian_phi075_N4096_M64_Q64","gaussian_phi075_N4096","gaussian","Gaussian",0.75,4096,64,64,"VK_asym_full_oracle_minus_VK_leading_oracle",-0.00063,7.93479297835779e-05,-0.000360288379045936,2.36649422235457e-07
"gaussian_phi075_N4096_M64_Q64","gaussian_phi075_N4096","gaussian","Gaussian",0.75,4096,64,64,"VK_asym_full_oracle_minus_VK_asym_full_feasible",0.00033,0.000101484057812742,1.38214865320089e-05,6.80761336355074e-06
"gaussian_phi075_N4096_M64_Q64","gaussian_phi075_N4096","gaussian","Gaussian",0.75,4096,64,64,"VK_leading_oracle_minus_F_feasible_leading",0.00044,0.000102947413671737,1.27739079649161e-05,6.82318399009945e-06
"gaussian_phi075_N4096_M256_Q16","gaussian_phi075_N4096","gaussian","Gaussian",0.75,4096,256,16,"K_asym_full_minus_K_leading",-0.00073,8.54092731934857e-05,-0.000389417754738138,5.44181961260069e-07
"gaussian_phi075_N4096_M256_Q16","gaussian_phi075_N4096","gaussian","Gaussian",0.75,4096,256,16,"V_oracle_minus_V_feasible",4e-05,4.69042215590452e-05,1.88356121372276e-06,1.52589802500191e-06
"gaussian_phi075_N4096_M256_Q16","gaussian_phi075_N4096","gaussian","Gaussian",0.75,4096,256,16,"VK_asym_full_oracle_minus_VK_leading_oracle",-0.00042,6.47941199707182e-05,-0.000391982961906128,5.48349712517611e-07
"gaussian_phi075_N4096_M256_Q16","gaussian_phi075_N4096","gaussian","Gaussian",0.75,4096,256,16,"VK_asym_full_oracle_minus_VK_asym_full_feasible",1e-04,5.09894694938082e-05,-3.91230330676175e-06,1.60295480459716e-06
"gaussian_phi075_N4096_M256_Q16","gaussian_phi075_N4096","gaussian","Gaussian",0.75,4096,256,16,"VK_leading_oracle_minus_F_feasible_leading",-4e-05,5.29151396116461e-05,-4.22603354079299e-06,1.6068370781506e-06
"gaussian_phi080_N4096_M16_Q256","gaussian_phi080_N4096","gaussian","Gaussian",0.8,4096,16,256,"K_asym_full_minus_K_leading",-7e-04,8.36371326128504e-05,-0.00043113453321983,1.39594251494888e-07
"gaussian_phi080_N4096_M16_Q256","gaussian_phi080_N4096","gaussian","Gaussian",0.8,4096,16,256,"V_oracle_minus_V_feasible",0.014,0.000371539204410254,0.00993883062486304,3.34650202163052e-06
"gaussian_phi080_N4096_M16_Q256","gaussian_phi080_N4096","gaussian","Gaussian",0.8,4096,16,256,"VK_asym_full_oracle_minus_VK_leading_oracle",-0.00071,8.42320007497121e-05,-0.000506458698329111,1.64431328518273e-07
"gaussian_phi080_N4096_M16_Q256","gaussian_phi080_N4096","gaussian","Gaussian",0.8,4096,16,256,"VK_asym_full_oracle_minus_VK_asym_full_feasible",0.01402,0.000371800723987708,0.0099409901781597,3.34724208518911e-06
"gaussian_phi080_N4096_M16_Q256","gaussian_phi080_N4096","gaussian","Gaussian",0.8,4096,16,256,"VK_leading_oracle_minus_F_feasible_leading",0.01416,0.000373625935881598,0.00996810446069185,3.35653197707114e-06
"gaussian_phi080_N4096_M64_Q64","gaussian_phi080_N4096","gaussian","Gaussian",0.8,4096,64,64,"K_asym_full_minus_K_leading",-0.00087,9.32336737728341e-05,-0.000509441862379553,3.35411660136983e-07
"gaussian_phi080_N4096_M64_Q64","gaussian_phi080_N4096","gaussian","Gaussian",0.8,4096,64,64,"V_oracle_minus_V_feasible",0.00079,0.000109059057114847,0.000419152051425908,6.25282095720617e-06
"gaussian_phi080_N4096_M64_Q64","gaussian_phi080_N4096","gaussian","Gaussian",0.8,4096,64,64,"VK_asym_full_oracle_minus_VK_leading_oracle",-0.00049,6.9983197815474e-05,-0.000529348754711686,3.50106977051008e-07
"gaussian_phi080_N4096_M64_Q64","gaussian_phi080_N4096","gaussian","Gaussian",0.8,4096,64,64,"VK_asym_full_oracle_minus_VK_asym_full_feasible",0.00065,9.94780074123903e-05,0.000418817293347372,6.31385018948634e-06
"gaussian_phi080_N4096_M64_Q64","gaussian_phi080_N4096","gaussian","Gaussian",0.8,4096,64,64,"VK_leading_oracle_minus_F_feasible_leading",0.00051,9.53807631281054e-05,0.000418690557869539,6.33258531415326e-06
"gaussian_phi080_N4096_M256_Q16","gaussian_phi080_N4096","gaussian","Gaussian",0.8,4096,256,16,"K_asym_full_minus_K_leading",-0.00066,8.1213976365522e-05,-0.000570094466843628,7.98016601919796e-07
"gaussian_phi080_N4096_M256_Q16","gaussian_phi080_N4096","gaussian","Gaussian",0.8,4096,256,16,"V_oracle_minus_V_feasible",0.00021,4.58211740988809e-05,8.93505186912119e-05,1.39741473696796e-06
"gaussian_phi080_N4096_M256_Q16","gaussian_phi080_N4096","gaussian","Gaussian",0.8,4096,256,16,"VK_asym_full_oracle_minus_VK_leading_oracle",-0.00059,7.67891787023384e-05,-0.000574972706464325,8.05980214410184e-07
"gaussian_phi080_N4096_M256_Q16","gaussian_phi080_N4096","gaussian","Gaussian",0.8,4096,256,16,"VK_asym_full_oracle_minus_VK_asym_full_feasible",0.00014,4.2424309048233e-05,8.80592705793369e-05,1.46613427945347e-06
"gaussian_phi080_N4096_M256_Q16","gaussian_phi080_N4096","gaussian","Gaussian",0.8,4096,256,16,"VK_leading_oracle_minus_F_feasible_leading",0.00012,3.99983999519979e-05,8.7945401245663e-05,1.47068083873426e-06
"gaussian_phi085_N4096_M16_Q256","gaussian_phi085_N4096","gaussian","Gaussian",0.85,4096,16,256,"K_asym_full_minus_K_leading",-0.00159,0.000125995546543429,-0.000653090880965614,2.17302727419164e-07
"gaussian_phi085_N4096_M16_Q256","gaussian_phi085_N4096","gaussian","Gaussian",0.85,4096,16,256,"V_oracle_minus_V_feasible",0.02813,0.000522866871103581,0.02143362232922,4.50236062317483e-06
"gaussian_phi085_N4096_M16_Q256","gaussian_phi085_N4096","gaussian","Gaussian",0.85,4096,16,256,"VK_asym_full_oracle_minus_VK_leading_oracle",-0.00076,8.71452806696922e-05,-0.000817354814330909,2.72963582601078e-07
"gaussian_phi085_N4096_M16_Q256","gaussian_phi085_N4096","gaussian","Gaussian",0.85,4096,16,256,"VK_asym_full_oracle_minus_VK_asym_full_feasible",0.02815,0.000523047331304833,0.0214159401959757,4.49843338594841e-06
"gaussian_phi085_N4096_M16_Q256","gaussian_phi085_N4096","gaussian","Gaussian",0.85,4096,16,256,"VK_leading_oracle_minus_F_feasible_leading",0.02772,0.000519151915326441,0.0214979928254521,4.51666242537904e-06
"gaussian_phi085_N4096_M64_Q64","gaussian_phi085_N4096","gaussian","Gaussian",0.85,4096,64,64,"K_asym_full_minus_K_leading",-0.00106,0.000102902234614701,-0.000809486065892294,5.28893753958e-07
"gaussian_phi085_N4096_M64_Q64","gaussian_phi085_N4096","gaussian","Gaussian",0.85,4096,64,64,"V_oracle_minus_V_feasible",0.00224,0.00014949932274253,0.00185911791866023,5.07423392986236e-06
"gaussian_phi085_N4096_M64_Q64","gaussian_phi085_N4096","gaussian","Gaussian",0.85,4096,64,64,"VK_asym_full_oracle_minus_VK_leading_oracle",-0.00093,9.63921361649338e-05,-0.000854074831790504,5.61587813306305e-07
"gaussian_phi085_N4096_M64_Q64","gaussian_phi085_N4096","gaussian","Gaussian",0.85,4096,64,64,"VK_asym_full_oracle_minus_VK_asym_full_feasible",0.00226,0.00015016374226655,0.00187160717304609,5.11786063751893e-06
"gaussian_phi085_N4096_M64_Q64","gaussian_phi085_N4096","gaussian","Gaussian",0.85,4096,64,64,"VK_leading_oracle_minus_F_feasible_leading",0.0024,0.000154734092644104,0.00187754127309469,5.13869381073452e-06
"gaussian_phi085_N4096_M256_Q16","gaussian_phi085_N4096","gaussian","Gaussian",0.85,4096,256,16,"K_asym_full_minus_K_leading",-0.00092,9.58729780296782e-05,-0.000916609519760757,1.28875875117672e-06
"gaussian_phi085_N4096_M256_Q16","gaussian_phi085_N4096","gaussian","Gaussian",0.85,4096,256,16,"V_oracle_minus_V_feasible",0.00061,7.80790622599915e-05,0.000398405877754155,1.16105762700977e-06
"gaussian_phi085_N4096_M256_Q16","gaussian_phi085_N4096","gaussian","Gaussian",0.85,4096,256,16,"VK_asym_full_oracle_minus_VK_leading_oracle",-0.00105,0.000102416209121403,-0.000927476500056826,1.30656471544186e-06
"gaussian_phi085_N4096_M256_Q16","gaussian_phi085_N4096","gaussian","Gaussian",0.85,4096,256,16,"VK_asym_full_oracle_minus_VK_asym_full_feasible",0.00047,6.85407760269738e-05,0.000412200917366839,1.21255697869083e-06
"gaussian_phi085_N4096_M256_Q16","gaussian_phi085_N4096","gaussian","Gaussian",0.85,4096,256,16,"VK_leading_oracle_minus_F_feasible_leading",0.00051,7.13964283035205e-05,0.000413448664906243,1.21733109935621e-06
"gaussian_phi090_N4096_M16_Q256","gaussian_phi090_N4096","gaussian","Gaussian",0.9,4096,16,256,"K_asym_full_minus_K_leading",-0.00239,0.000154412167367647,-0.00111758120177301,4.00290496131665e-07
"gaussian_phi090_N4096_M16_Q256","gaussian_phi090_N4096","gaussian","Gaussian",0.9,4096,16,256,"V_oracle_minus_V_feasible",0.05951,0.000748125120492528,0.0491619996426178,1.47711214197943e-05
"gaussian_phi090_N4096_M16_Q256","gaussian_phi090_N4096","gaussian","Gaussian",0.9,4096,16,256,"VK_asym_full_oracle_minus_VK_leading_oracle",-0.00131,0.000114380810583324,-0.00156820347798042,5.6598596336298e-07
"gaussian_phi090_N4096_M16_Q256","gaussian_phi090_N4096","gaussian","Gaussian",0.9,4096,16,256,"VK_asym_full_oracle_minus_VK_asym_full_feasible",0.05979,0.000749771418881652,0.0490177748925077,1.47258284710198e-05
"gaussian_phi090_N4096_M16_Q256","gaussian_phi090_N4096","gaussian","Gaussian",0.9,4096,16,256,"VK_leading_oracle_minus_F_feasible_leading",0.05918,0.000746178828316938,0.049311457363579,1.48180876513462e-05
"gaussian_phi090_N4096_M64_Q64","gaussian_phi090_N4096","gaussian","Gaussian",0.9,4096,64,64,"K_asym_full_minus_K_leading",-0.00161,0.000126784225132299,-0.00150157099716851,9.90613596572983e-07
"gaussian_phi090_N4096_M64_Q64","gaussian_phi090_N4096","gaussian","Gaussian",0.9,4096,64,64,"V_oracle_minus_V_feasible",0.00686,0.000261017404210625,0.00767387883241609,3.64859320352394e-06
"gaussian_phi090_N4096_M64_Q64","gaussian_phi090_N4096","gaussian","Gaussian",0.9,4096,64,64,"VK_asym_full_oracle_minus_VK_leading_oracle",-0.00127,0.00011262325621282,-0.00163568000699036,1.09088343581479e-06
"gaussian_phi090_N4096_M64_Q64","gaussian_phi090_N4096","gaussian","Gaussian",0.9,4096,64,64,"VK_asym_full_oracle_minus_VK_asym_full_feasible",0.00689,0.000261583568405266,0.00772134131898115,3.67609492153112e-06
"gaussian_phi090_N4096_M64_Q64","gaussian_phi090_N4096","gaussian","Gaussian",0.9,4096,64,64,"VK_leading_oracle_minus_F_feasible_leading",0.0067,0.00025797628867331,0.00776842532798875,3.70351008984348e-06
"gaussian_phi090_N4096_M256_Q16","gaussian_phi090_N4096","gaussian","Gaussian",0.9,4096,256,16,"K_asym_full_minus_K_leading",-0.0014,0.00011823933273407,-0.00173724947794345,2.42469759580982e-06
"gaussian_phi090_N4096_M256_Q16","gaussian_phi090_N4096","gaussian","Gaussian",0.9,4096,256,16,"V_oracle_minus_V_feasible",0.00184,0.00013552242494612,0.00161865957309131,1.95106920066684e-06
"gaussian_phi090_N4096_M256_Q16","gaussian_phi090_N4096","gaussian","Gaussian",0.9,4096,256,16,"VK_asym_full_oracle_minus_VK_leading_oracle",-0.00136,0.000116540292673385,-0.00176940791685325,2.47708777790686e-06
"gaussian_phi090_N4096_M256_Q16","gaussian_phi090_N4096","gaussian","Gaussian",0.9,4096,256,16,"VK_asym_full_oracle_minus_VK_asym_full_feasible",0.00142,0.000119079711957067,0.0016876574867675,2.04337052565463e-06
"gaussian_phi090_N4096_M256_Q16","gaussian_phi090_N4096","gaussian","Gaussian",0.9,4096,256,16,"VK_leading_oracle_minus_F_feasible_leading",0.00132,0.000114815973745286,0.00169803946979968,2.05733139999541e-06
"gaussian_phi095_N4096_M16_Q256","gaussian_phi095_N4096","gaussian","Gaussian",0.95,4096,16,256,"K_asym_full_minus_K_leading",-0.00551,0.000234087477173534,-0.00254916775695194,1.09474287979442e-06
"gaussian_phi095_N4096_M16_Q256","gaussian_phi095_N4096","gaussian","Gaussian",0.95,4096,16,256,"V_oracle_minus_V_feasible",0.15302,0.00113844708116696,0.13549461284217,5.62494497710876e-05
"gaussian_phi095_N4096_M16_Q256","gaussian_phi095_N4096","gaussian","Gaussian",0.95,4096,16,256,"VK_asym_full_oracle_minus_VK_leading_oracle",-0.00279,0.000166800591199109,-0.00462047012214566,2.01554900257342e-06
"gaussian_phi095_N4096_M16_Q256","gaussian_phi095_N4096","gaussian","Gaussian",0.95,4096,16,256,"VK_asym_full_oracle_minus_VK_asym_full_feasible",0.15509,0.00114472006308976,0.134237392988771,5.57083407934215e-05
"gaussian_phi095_N4096_M16_Q256","gaussian_phi095_N4096","gaussian","Gaussian",0.95,4096,16,256,"VK_leading_oracle_minus_F_feasible_leading",0.1522,0.00113594212160877,0.135913230352826,5.6429846109027e-05
"gaussian_phi095_N4096_M64_Q64","gaussian_phi095_N4096","gaussian","Gaussian",0.95,4096,64,64,"K_asym_full_minus_K_leading",-0.0041,0.000202070057957836,-0.00398070651347321,2.67549365958042e-06
"gaussian_phi095_N4096_M64_Q64","gaussian_phi095_N4096","gaussian","Gaussian",0.95,4096,64,64,"V_oracle_minus_V_feasible",0.0306,0.000544646092792066,0.0409920251079712,2.50079089567034e-05
"gaussian_phi095_N4096_M64_Q64","gaussian_phi095_N4096","gaussian","Gaussian",0.95,4096,64,64,"VK_asym_full_oracle_minus_VK_leading_oracle",-0.00282,0.000167692448272342,-0.00479780747890824,3.30622636933096e-06
"gaussian_phi095_N4096_M64_Q64","gaussian_phi095_N4096","gaussian","Gaussian",0.95,4096,64,64,"VK_asym_full_oracle_minus_VK_asym_full_feasible",0.03055,0.00054421497287319,0.0409842121726622,2.50022665219227e-05
"gaussian_phi095_N4096_M64_Q64","gaussian_phi095_N4096","gaussian","Gaussian",0.95,4096,64,64,"VK_leading_oracle_minus_F_feasible_leading",0.02982,0.000537875979297915,0.0415246639700645,2.53941263649931e-05
"gaussian_phi095_N4096_M256_Q16","gaussian_phi095_N4096","gaussian","Gaussian",0.95,4096,256,16,"K_asym_full_minus_K_leading",-0.00344,0.000185154008382396,-0.0049441459767499,6.93491892922006e-06
"gaussian_phi095_N4096_M256_Q16","gaussian_phi095_N4096","gaussian","Gaussian",0.95,4096,256,16,"V_oracle_minus_V_feasible",0.00643,0.000252759153883492,0.00872563393789919,1.17019171549544e-05
"gaussian_phi095_N4096_M256_Q16","gaussian_phi095_N4096","gaussian","Gaussian",0.95,4096,256,16,"VK_asym_full_oracle_minus_VK_leading_oracle",-0.00275,0.000165603892606703,-0.00513846029754403,7.25420236962056e-06
"gaussian_phi095_N4096_M256_Q16","gaussian_phi095_N4096","gaussian","Gaussian",0.95,4096,256,16,"VK_asym_full_oracle_minus_VK_asym_full_feasible",0.00587,0.000241569895806877,0.00905674906634317,1.22211052553298e-05
"gaussian_phi095_N4096_M256_Q16","gaussian_phi095_N4096","gaussian","Gaussian",0.95,4096,256,16,"VK_leading_oracle_minus_F_feasible_leading",0.0054,0.000231751886916527,0.00917763485575202,1.24124510626531e-05
