"design_id","scenario_id","innovation","innovation_label","assumption_status","severity_group","phi","phi_label","N","M","Q","L","B_point","B_CI","statistic","coverage","coverage_error","coverage_mcse","gaussian_paired_coverage_error","gaussian_paired_error_mcse","rejection","mean_statistic_finite","ci_subset_coverage","ci_subset_coverage_mcse","n_finite_lengths","mean_length","mean_length_mcse","sd_length","median_length","q25_length","q75_length","q90_length","q95_length","mean_component_length","normalized_mean_length","relative_mean_length_to_raw","disconnected_rate","nonregular_rate","interval_failure_rate","convex_failure_rate"
"gaussian_phi000_N64_M4_Q16","gaussian_phi000_N64","gaussian","Gaussian","inside formal moment assumptions","regular",0,"phi = 0.00",64,4,16,2,100000,20000,"raw",0.92445,-0.02555,0.000835716444136407,-0.02444,0.000655920091407226,0.07555,1.24439250448491,0.92675,0.00184234141108536,20000,0.476109306420348,0.00061919579485483,0.0875675090848089,0.474222728542259,0.414707809994461,0.533387052733282,0.589533423610789,0.623861901512052,0.476109306420348,0.9716695004109,1,0,0,0,3e-05
"gaussian_phi000_N64_M4_Q16","gaussian_phi000_N64","gaussian","Gaussian","inside formal moment assumptions","regular",0,"phi = 0.00",64,4,16,2,100000,20000,"K_leading",0.93669,-0.0133099999999999,0.000770076904601092,-0.0122,0.000617831220604925,0.06331,1.12773070718945,0.93925,0.0016890742656852,20000,0.500814797834478,0.000652434270930024,0.0922681394506242,0.498662787070834,0.436266634786991,0.56116971956922,0.619932082828469,0.656617335327398,0.500814797834478,1.0220897971286,1.05189037702262,0,0,0,3e-05
"gaussian_phi000_N64_M4_Q16","gaussian_phi000_N64","gaussian","Gaussian","inside formal moment assumptions","regular",0,"phi = 0.00",64,4,16,2,100000,20000,"V_oracle",0.92445,-0.02555,0.000835716444136407,-0.02444,0.000655920091407226,0.07555,1.24439250448491,0.92675,0.00184234141108536,20000,0.476109306420348,0.00061919579485483,0.0875675090848089,0.474222728542259,0.414707809994461,0.533387052733282,0.589533423610789,0.623861901512052,0.476109306420348,0.9716695004109,1,0,0,0,3e-05
"gaussian_phi000_N64_M4_Q16","gaussian_phi000_N64","gaussian","Gaussian","inside formal moment assumptions","regular",0,"phi = 0.00",64,4,16,2,100000,20000,"V_feasible",0.92182,-0.02818,0.000848928074691844,-0.02707,0.000713005774711781,0.07818,1.26964320379764,0.9245,0.00186815082367565,20000,0.486244477797319,0.000777361965376618,0.109935583430862,0.483924379745581,0.409222973397992,0.559497159945837,0.628023099281433,0.671743928621435,0.486244477797319,0.992353903709973,1.02128748848279,0,0,0,3e-05
"gaussian_phi000_N64_M4_Q16","gaussian_phi000_N64","gaussian","Gaussian","inside formal moment assumptions","regular",0,"phi = 0.00",64,4,16,2,100000,20000,"VK_leading_oracle",0.93669,-0.0133099999999999,0.000770076904601092,-0.0122,0.000617831220604925,0.06331,1.12773070718945,0.93925,0.0016890742656852,20000,0.500814797834478,0.000652434270930024,0.0922681394506242,0.498662787070834,0.436266634786991,0.56116971956922,0.619932082828469,0.656617335327398,0.500814797834478,1.0220897971286,1.05189037702262,0,0,0,3e-05
"gaussian_phi000_N64_M4_Q16","gaussian_phi000_N64","gaussian","Gaussian","inside formal moment assumptions","regular",0,"phi = 0.00",64,4,16,2,100000,20000,"F_feasible_leading",0.93423,-0.01577,0.000783864191681187,-0.01466,0.000677388686467618,0.06577,1.15061415344161,0.9358,0.00173318146770614,20000,0.513303769709737,0.000820208150820958,0.115994949085996,0.510618867869383,0.432170376062971,0.590380198235875,0.663121700757679,0.708815191468528,0.513303769709737,1.04757796318425,1.07812168925879,0,0,0,3e-05
"gaussian_phi000_N64_M8_Q8","gaussian_phi000_N64","gaussian","Gaussian","inside formal moment assumptions","regular",0,"phi = 0.00",64,8,8,4,100000,20000,"raw",0.88069,-0.06931,0.00102506157815031,-0.0682,0.00089358580167539,0.11931,1.70452324771137,0.883,0.00227278463563973,20000,0.437702863275028,0.000843374470447794,0.11927116142665,0.431676282074123,0.353309106253198,0.515017096596922,0.595448319634716,0.64400415344807,0.437702863275028,0.893287563909485,1,0,0,0,0.00842
"gaussian_phi000_N64_M8_Q8","gaussian_phi000_N64","gaussian","Gaussian","inside formal moment assumptions","regular",0,"phi = 0.00",64,8,8,4,100000,20000,"K_leading",0.90722,-0.0427799999999999,0.000917452296307552,-0.04167,0.000810149785179719,0.09278,1.38492513876549,0.91045,0.00201904429743381,20000,0.482809435746038,0.000932861918863404,0.131926597747802,0.476052948518046,0.389543185241983,0.567684843743628,0.657059741593089,0.711414012761313,0.482809435746038,0.985343484991311,1.10305295271205,0,0,0,0.00842
"gaussian_phi000_N64_M8_Q8","gaussian_phi000_N64","gaussian","Gaussian","inside formal moment assumptions","regular",0,"phi = 0.00",64,8,8,4,100000,20000,"V_oracle",0.88069,-0.06931,0.00102506157815031,-0.0682,0.00089358580167539,0.11931,1.70452324771137,0.883,0.00227278463563973,20000,0.437702863275028,0.000843374470447794,0.11927116142665,0.431676282074123,0.353309106253198,0.515017096596922,0.595448319634716,0.64400415344807,0.437702863275028,0.893287563909485,1,0,0,0,0.00842
"gaussian_phi000_N64_M8_Q8","gaussian_phi000_N64","gaussian","Gaussian","inside formal moment assumptions","regular",0,"phi = 0.00",64,8,8,4,100000,20000,"V_feasible",0.87665,-0.0733499999999999,0.00103987873091048,-0.07224,0.000936067618404708,0.12335,1.75136927065229,0.8788,0.00230771055377402,20000,0.447706836947677,0.000998925762050431,0.14126943604956,0.440110761364878,0.344018630503482,0.539875056499125,0.636893890441774,0.693554155079202,0.447706836947677,0.913704211871507,1.02285562766895,0,0,0,0.00842
"gaussian_phi000_N64_M8_Q8","gaussian_phi000_N64","gaussian","Gaussian","inside formal moment assumptions","regular",0,"phi = 0.00",64,8,8,4,100000,20000,"VK_leading_oracle",0.90722,-0.0427799999999999,0.000917452296307552,-0.04167,0.000810149785179719,0.09278,1.38492513876549,0.91045,0.00201904429743381,20000,0.482809435746038,0.000932861918863404,0.131926597747802,0.476052948518046,0.389543185241983,0.567684843743628,0.657059741593089,0.711414012761313,0.482809435746038,0.985343484991311,1.10305295271205,0,0,0,0.00842
"gaussian_phi000_N64_M8_Q8","gaussian_phi000_N64","gaussian","Gaussian","inside formal moment assumptions","regular",0,"phi = 0.00",64,8,8,4,100000,20000,"F_feasible_leading",0.90432,-0.0456799999999999,0.000930189967694771,-0.04457,0.000854659262761806,0.09568,1.42298753240499,0.9064,0.00205959996115751,20000,0.497114538075873,0.00110455720595412,0.156207978107724,0.488874902910649,0.383740695275369,0.598841869827886,0.705632558277278,0.768397014253574,0.497114538075873,1.01453810783677,1.13573517512841,0,0,0,0.00842
"gaussian_phi000_N64_M16_Q4","gaussian_phi000_N64","gaussian","Gaussian","inside formal moment assumptions","regular",0,"phi = 0.00",64,16,4,5,100000,20000,"raw",0.76135,-0.18865,0.00134794724488757,-0.18754,0.00127188979909291,0.23865,1.7611706247756,0.7629,0.00300735423586913,20000,0.345943638662808,0.00103441029616558,0.146287706989574,0.332959239757466,0.238016007979982,0.438467356058718,0.540722571125452,0.606146552661865,0.345943638662808,0.706020399132979,1,0,0,0,0.12612
"gaussian_phi000_N64_M16_Q4","gaussian_phi000_N64","gaussian","Gaussian","inside formal moment assumptions","regular",0,"phi = 0.00",64,16,4,5,100000,20000,"K_leading",0.81341,-0.13659,0.00123196660628444,-0.13548,0.00116398678886508,0.18659,1.10073164048475,0.81435,0.0027494006392303,20000,0.406297654357089,0.00121791434154787,0.17223909796257,0.391136782030783,0.279569670208743,0.51465906172119,0.635096518357006,0.71333650034409,0.406297654357089,0.829194123079634,1.17446199018883,0,0,0,0.12612
"gaussian_phi000_N64_M16_Q4","gaussian_phi000_N64","gaussian","Gaussian","inside formal moment assumptions","regular",0,"phi = 0.00",64,16,4,5,100000,20000,"V_oracle",0.76135,-0.18865,0.00134794724488757,-0.18754,0.00127188979909291,0.23865,1.7611706247756,0.7629,0.00300735423586913,20000,0.345943638662808,0.00103441029616558,0.146287706989574,0.332959239757466,0.238016007979982,0.438467356058718,0.540722571125452,0.606146552661865,0.345943638662808,0.706020399132979,1,0,0,0,0.12612
"gaussian_phi000_N64_M16_Q4","gaussian_phi000_N64","gaussian","Gaussian","inside formal moment assumptions","regular",0,"phi = 0.00",64,16,4,5,100000,20000,"V_feasible",0.75804,-0.19196,0.00135430926453303,-0.19085,0.00128393117408707,0.24196,1.80780650752004,0.75985,0.00302057922839312,20000,0.347978105609644,0.00108759498763807,0.153809158188675,0.332531262388101,0.233782535718156,0.444684384591465,0.553497573583852,0.622833272582904,0.347978105609644,0.710172448788755,1.00588092024094,0,0,0,0.12612
"gaussian_phi000_N64_M16_Q4","gaussian_phi000_N64","gaussian","Gaussian","inside formal moment assumptions","regular",0,"phi = 0.00",64,16,4,5,100000,20000,"VK_leading_oracle",0.81341,-0.13659,0.00123196660628444,-0.13548,0.00116398678886508,0.18659,1.10073164048475,0.81435,0.0027494006392303,20000,0.406297654357089,0.00121791434154787,0.17223909796257,0.391136782030783,0.279569670208743,0.51465906172119,0.635096518357006,0.71333650034409,0.406297654357089,0.829194123079634,1.17446199018883,0,0,0,0.12612
"gaussian_phi000_N64_M16_Q4","gaussian_phi000_N64","gaussian","Gaussian","inside formal moment assumptions","regular",0,"phi = 0.00",64,16,4,5,100000,20000,"F_feasible_leading",0.81099,-0.13901,0.00123808408397814,-0.1379,0.00117620140048265,0.18901,1.12987906720003,0.8124,0.00276049126062735,20000,0.409613588258878,0.00127208701702755,0.179900271199909,0.391971403148788,0.276153143051172,0.52269118147306,0.649193330631711,0.730777092969721,0.409613588258878,0.835961459475497,1.184047175552,0,0,0,0.12612
"gaussian_phi005_N64_M4_Q16","gaussian_phi005_N64","gaussian","Gaussian","inside formal moment assumptions","regular",0.05,"phi = 0.05",64,4,16,2,100000,20000,"raw",0.92288,-0.0271199999999999,0.000843637988713168,-0.02687,0.000671330423744804,0.07712,1.25857160096891,0.9267,0.00184292037266942,20000,0.493544933806127,0.000654578228366994,0.0925713408190756,0.49050136423201,0.429458594009152,0.553829167081602,0.613859160664502,0.651225184053972,0.493544933806127,0.958840039869468,1,0,0,0,5e-05
"gaussian_phi005_N64_M4_Q16","gaussian_phi005_N64","gaussian","Gaussian","inside formal moment assumptions","regular",0.05,"phi = 0.05",64,4,16,2,100000,20000,"K_leading",0.93486,-0.0151399999999999,0.000780363892040117,-0.01489,0.000632207937207972,0.06514,1.14058051337808,0.93785,0.00170715227059568,20000,0.519154769858589,0.000689757089038613,0.0975463830061393,0.516038647360251,0.451873447611545,0.582721540932821,0.645891598547459,0.684998004484621,0.519154769858589,1.00859384046514,1.05188957336663,0,0,0,5e-05
"gaussian_phi005_N64_M4_Q16","gaussian_phi005_N64","gaussian","Gaussian","inside formal moment assumptions","regular",0.05,"phi = 0.05",64,4,16,2,100000,20000,"V_oracle",0.92601,-0.02399,0.000827740780075502,-0.02374,0.000661640764830143,0.07399,1.22895370301257,0.9298,0.00180654310770599,20000,0.499620618441992,0.000662905197237089,0.0937489520500303,0.496584123568145,0.434785628655961,0.560672327714903,0.621489387143064,0.659421596324233,0.499620618441992,0.970643645376186,1.01231029683358,0,0,0,5e-05
"gaussian_phi005_N64_M4_Q16","gaussian_phi005_N64","gaussian","Gaussian","inside formal moment assumptions","regular",0.05,"phi = 0.05",64,4,16,2,100000,20000,"V_feasible",0.92364,-0.0263599999999999,0.00083981635135308,-0.02611,0.00071238174729392,0.07636,1.25497845757344,0.9277,0.00183129339539026,20000,0.509100097359846,0.000818708375528071,0.115782848830024,0.506000129991493,0.428199906949407,0.585815951581368,0.659513539190665,0.705796305667014,0.509100097359846,0.989060010981323,1.03151721857169,0,0,0,5e-05
"gaussian_phi005_N64_M4_Q16","gaussian_phi005_N64","gaussian","Gaussian","inside formal moment assumptions","regular",0.05,"phi = 0.05",64,4,16,2,100000,20000,"VK_leading_oracle",0.93779,-0.0122099999999999,0.000763805707624655,-0.01196,0.00062479875778916,0.06221,1.11373929335514,0.94065,0.00167074201329828,20000,0.525549446901277,0.000698574189424726,0.0987933093008239,0.522371153043915,0.457388776280709,0.589789983749433,0.653914257271335,0.693788513012646,0.525549446901277,1.0210171721024,1.0648461992069,0,0,0,5e-05
"gaussian_phi005_N64_M4_Q16","gaussian_phi005_N64","gaussian","Gaussian","inside formal moment assumptions","regular",0.05,"phi = 0.05",64,4,16,2,100000,20000,"F_feasible_leading",0.9359,-0.0141,0.000774539798848323,-0.01385,0.000679989999091155,0.0641,1.13732422717593,0.9397,0.0016832098799615,20000,0.537328515102117,0.00086371696618275,0.122148024762739,0.53394309240504,0.452073823663947,0.61843568338436,0.696015938543351,0.744915526423247,0.537328515102117,1.04390109097118,1.08871245209294,0,0,0,5e-05
"gaussian_phi005_N64_M8_Q8","gaussian_phi005_N64","gaussian","Gaussian","inside formal moment assumptions","regular",0.05,"phi = 0.05",64,8,8,4,100000,20000,"raw",0.88051,-0.0694899999999999,0.00102572969100051,-0.06924,0.000901591011858219,0.11949,1.71403101178917,0.88355,0.00226814238419902,20000,0.456039000928342,0.00088574903823338,0.125263830272857,0.449509068621994,0.366790280389224,0.537726515841679,0.622439834154881,0.672989092490416,0.456039000928342,0.885974961712262,1,0,0,0,0.00767
"gaussian_phi005_N64_M8_Q8","gaussian_phi005_N64","gaussian","Gaussian","inside formal moment assumptions","regular",0.05,"phi = 0.05",64,8,8,4,100000,20000,"K_leading",0.90689,-0.04311,0.000918915273025756,-0.04286,0.000818435643388668,0.09311,1.3926501970787,0.91125,0.00201088832981844,20000,0.503059276010971,0.00097970392664098,0.138551058016585,0.495747968545622,0.404500903501366,0.593332234425906,0.687466268093792,0.743179614836987,0.503059276010971,0.977324136522374,1.10310581986828,0,0,0,0.00767
"gaussian_phi005_N64_M8_Q8","gaussian_phi005_N64","gaussian","Gaussian","inside formal moment assumptions","regular",0.05,"phi = 0.05",64,8,8,4,100000,20000,"V_oracle",0.8816,-0.0683999999999999,0.00102167235452468,-0.06815,0.000897699188836849,0.1184,1.69520732637657,0.8847,0.00225838338197924,20000,0.458446658256336,0.000890540235695999,0.125941407916021,0.451902438060826,0.368719899153767,0.540585780743804,0.625782625248363,0.676698364302069,0.458446658256336,0.890652465400856,1.00527949873386,0,0,0,0.00767
"gaussian_phi005_N64_M8_Q8","gaussian_phi005_N64","gaussian","Gaussian","inside formal moment assumptions","regular",0.05,"phi = 0.05",64,8,8,4,100000,20000,"V_feasible",0.87718,-0.07282,0.00103795591235852,-0.07257,0.000942573517264491,0.12282,1.74319251801965,0.8788,0.00230771055377402,20000,0.468537434462155,0.00104738243983225,0.148122245140219,0.460887755542177,0.36029605120343,0.566708209581262,0.666724179941688,0.72717227621998,0.468537434462155,0.910256435772684,1.02740650143599,0,0,0,0.00767
"gaussian_phi005_N64_M8_Q8","gaussian_phi005_N64","gaussian","Gaussian","inside formal moment assumptions","regular",0.05,"phi = 0.05",64,8,8,4,100000,20000,"VK_leading_oracle",0.9083,-0.0417,0.0009126396331521,-0.04145,0.000814325245989625,0.0917,1.37735595268096,0.91295,0.00199339280499354,20000,0.505662393003447,0.00098492975008297,0.139290101055208,0.498294161887369,0.406576377487228,0.596446839650639,0.690967569526314,0.74704644702777,0.505662393003447,0.982381371699729,1.10881392155953,0,0,0,0.00767
"gaussian_phi005_N64_M8_Q8","gaussian_phi005_N64","gaussian","Gaussian","inside formal moment assumptions","regular",0.05,"phi = 0.05",64,8,8,4,100000,20000,"F_feasible_leading",0.90477,-0.04523,0.00092823082851196,-0.04498,0.000862540106751192,0.09523,1.41634392089097,0.9069,0.00205465800073881,20000,0.520096390730672,0.00115782077742514,0.163740584623199,0.511772542360427,0.40122891543919,0.627872422045188,0.73953839978171,0.805820319403279,0.520096390730672,1.01042318513608,1.14046471830683,0,0,0,0.00767
"gaussian_phi005_N64_M16_Q4","gaussian_phi005_N64","gaussian","Gaussian","inside formal moment assumptions","regular",0.05,"phi = 0.05",64,16,4,5,100000,20000,"raw",0.7602,-0.1898,0.00135017021149187,-0.18955,0.00127476438028455,0.2398,1.78676952472386,0.76495,0.00299834535619231,20000,0.360651766992005,0.00108597211369452,0.153579649154576,0.346053610136306,0.249253415932794,0.457957023447302,0.569051418917447,0.636894989188966,0.360651766992005,0.700660326861843,1,0,0,0,0.12536
"gaussian_phi005_N64_M16_Q4","gaussian_phi005_N64","gaussian","Gaussian","inside formal moment assumptions","regular",0.05,"phi = 0.05",64,16,4,5,100000,20000,"K_leading",0.81166,-0.13834,0.00123639817372884,-0.13809,0.00117116405138322,0.18834,1.11673095295241,0.8154,0.0027433814900593,20000,0.423530431345427,0.00127862751608515,0.180825237447105,0.406444622440068,0.292527661572917,0.537431990990443,0.668706659949665,0.748248966731405,0.423530431345427,0.822818567998319,1.17434730703764,0,0,0,0.12536
"gaussian_phi005_N64_M16_Q4","gaussian_phi005_N64","gaussian","Gaussian","inside formal moment assumptions","regular",0.05,"phi = 0.05",64,16,4,5,100000,20000,"V_oracle",0.76082,-0.18918,0.00134897341560166,-0.18893,0.00127372319391136,0.23918,1.77835987838848,0.7653,0.00299679754070908,20000,0.361289197711135,0.00108791636688279,0.153854608077331,0.346653879012275,0.249699774688399,0.458770646468031,0.57005738424607,0.638028964855885,0.361289197711135,0.701898702649497,1.00176744099841,0,0,0,0.12536
"gaussian_phi005_N64_M16_Q4","gaussian_phi005_N64","gaussian","Gaussian","inside formal moment assumptions","regular",0.05,"phi = 0.05",64,16,4,5,100000,20000,"V_feasible",0.75726,-0.19274,0.0013557923602086,-0.19249,0.00128599865354726,0.24274,1.82452474851175,0.7616,0.00301301709255026,20000,0.363273777461831,0.00114193941754675,0.161494621170305,0.346380290882633,0.24419152112849,0.466058819709037,0.584349583343268,0.656590918754681,0.363273777461831,0.705754267557453,1.00727019998181,0,0,0,0.12536
"gaussian_phi005_N64_M16_Q4","gaussian_phi005_N64","gaussian","Gaussian","inside formal moment assumptions","regular",0.05,"phi = 0.05",64,16,4,5,100000,20000,"VK_leading_oracle",0.81204,-0.13796,0.001235439348572,-0.13771,0.00117033040451513,0.18796,1.1114749239928,0.8157,0.00274165561294631,20000,0.424139805692869,0.00128050381603171,0.181090586330255,0.407037417232933,0.29293931814597,0.538243802989537,0.669655954886055,0.749302990109797,0.424139805692869,0.824002436950413,1.17603695451261,0,0,0,0.12536
"gaussian_phi005_N64_M16_Q4","gaussian_phi005_N64","gaussian","Gaussian","inside formal moment assumptions","regular",0.05,"phi = 0.05",64,16,4,5,100000,20000,"F_feasible_leading",0.81007,-0.13993,0.00124038943521783,-0.13968,0.00118123195397402,0.18993,1.14032796781985,0.81415,0.00275054337813458,20000,0.427431450169033,0.0013354098465906,0.188855471637499,0.40815969405274,0.28843824362743,0.547469894571156,0.684910094253011,0.767761658067068,0.427431450169033,0.830397316736578,1.18516388740862,0,0,0,0.12536
"gaussian_phi010_N64_M4_Q16","gaussian_phi010_N64","gaussian","Gaussian","inside formal moment assumptions","regular",0.1,"phi = 0.10",64,4,16,2,100000,20000,"raw",0.91712,-0.0328799999999999,0.000871842334370154,-0.03282,0.000688355441855546,0.08288,1.30550623547294,0.9177,0.00194327957329871,20000,0.510976088050917,0.000672852405036609,0.0951556996678127,0.507026813015081,0.444080226072386,0.573075462564997,0.635080711606862,0.673554701844729,0.510976088050917,0.944765255065234,1,0,0,0,4e-05
"gaussian_phi010_N64_M4_Q16","gaussian_phi010_N64","gaussian","Gaussian","inside formal moment assumptions","regular",0.1,"phi = 0.10",64,4,16,2,100000,20000,"K_leading",0.93042,-0.0195799999999999,0.000804603154356233,-0.01952,0.000639056945770719,0.06958,1.18311502589735,0.9307,0.00179579383560586,20000,0.537491725155113,0.000708951257840341,0.100260848389928,0.533230365728718,0.467064245140002,0.603040083075327,0.668342735015014,0.708661137883216,0.537491725155113,0.993791135605982,1.05189212905312,0,0,0,4e-05
"gaussian_phi010_N64_M4_Q16","gaussian_phi010_N64","gaussian","Gaussian","inside formal moment assumptions","regular",0.1,"phi = 0.10",64,4,16,2,100000,20000,"V_oracle",0.92375,-0.02625,0.000839261207848903,-0.02619,0.000665315914023296,0.07625,1.24350337061506,0.9242,0.00187155496846873,20000,0.523912878486152,0.000690438265545404,0.0976427159115666,0.519802985979691,0.45530032320188,0.587747319246221,0.6515144133814,0.690721341332722,0.523912878486152,0.968684632901271,1.02531780006493,0,0,0,4e-05
"gaussian_phi010_N64_M4_Q16","gaussian_phi010_N64","gaussian","Gaussian","inside formal moment assumptions","regular",0.1,"phi = 0.10",64,4,16,2,100000,20000,"V_feasible",0.9214,-0.0286,0.000851011398278542,-0.02854,0.000713203877301369,0.0786,1.26810024274713,0.92125,0.00190457918580457,20000,0.532772102230292,0.000841641136233822,0.119026030951297,0.529097933186986,0.449383585328974,0.611147194030244,0.687049283670856,0.735086766646202,0.532772102230292,0.985064825587466,1.0426556441467,0,0,0,4e-05
"gaussian_phi010_N64_M4_Q16","gaussian_phi010_N64","gaussian","Gaussian","inside formal moment assumptions","regular",0.1,"phi = 0.10",64,4,16,2,100000,20000,"VK_leading_oracle",0.93619,-0.01381,0.000772905452820719,-0.01375,0.000622103886125502,0.06381,1.1269249296199,0.9359,0.00173192364150386,20000,0.551107390116439,0.00072757176404467,0.102894185631169,0.54670958119277,0.47884278445182,0.618295694767259,0.685365970716523,0.726734385317081,0.551107390116439,1.01896571320537,1.07853851286584,0,0,0,4e-05
"gaussian_phi010_N64_M4_Q16","gaussian_phi010_N64","gaussian","Gaussian","inside formal moment assumptions","regular",0.1,"phi = 0.10",64,4,16,2,100000,20000,"F_feasible_leading",0.93431,-0.01569,0.000783420856883451,-0.01563,0.000675471386230339,0.06569,1.14921584498959,0.9347,0.00174693889418033,20000,0.562190511905764,0.000887497098614294,0.125511043342711,0.55823525295091,0.474339185722688,0.644903145893017,0.724766829764738,0.775345459968264,0.562190511905764,1.03945776484746,1.10022861157789,0,0,0,4e-05
"gaussian_phi010_N64_M8_Q8","gaussian_phi010_N64","gaussian","Gaussian","inside formal moment assumptions","regular",0.1,"phi = 0.10",64,8,8,4,100000,20000,"raw",0.87691,-0.07309,0.0010389362439534,-0.07303,0.000911578027787533,0.12309,1.76108514622478,0.87765,0.00231711542116486,20000,0.47583612640873,0.000913103737171599,0.129132368896163,0.469394416789476,0.38441778537563,0.559022548370016,0.647171448526199,0.698867540791624,0.47583612640873,0.879793496894516,1,0,0,0,0.00847
"gaussian_phi010_N64_M8_Q8","gaussian_phi010_N64","gaussian","Gaussian","inside formal moment assumptions","regular",0.1,"phi = 0.10",64,8,8,4,100000,20000,"K_leading",0.90372,-0.04628,0.000932792375612065,-0.04622,0.000825253855755467,0.09628,1.43088168130763,0.90385,0.00208452845387152,20000,0.524881388786106,0.00101018008669969,0.142861037904994,0.517398623824654,0.424022118331458,0.616487817377914,0.714481754266011,0.771533435523106,0.524881388786106,0.970475352471065,1.10307175024211,0,0,0,0.00847
"gaussian_phi010_N64_M8_Q8","gaussian_phi010_N64","gaussian","Gaussian","inside formal moment assumptions","regular",0.1,"phi = 0.10",64,8,8,4,100000,20000,"V_oracle",0.87975,-0.0702499999999999,0.0010285423544998,-0.07019,0.000902575085750684,0.12025,1.7220490604658,0.8804,0.0022945134560512,20000,0.480945410853635,0.000923174603118463,0.130556604416853,0.474362579416899,0.388663364982511,0.565013849721618,0.654203627045474,0.706563247556753,0.480945410853635,0.889240268543273,1.01073748746962,0,0,0,0.00847
"gaussian_phi010_N64_M8_Q8","gaussian_phi010_N64","gaussian","Gaussian","inside formal moment assumptions","regular",0.1,"phi = 0.10",64,8,8,4,100000,20000,"V_feasible",0.87508,-0.07492,0.00104553810834422,-0.07486,0.000943063464294412,0.12492,1.76994299557854,0.876,0.00233049350996736,20000,0.490823880844144,0.0010800467590021,0.152741677457787,0.483107967287121,0.380374744685067,0.590614233303156,0.694216333046668,0.754674574807748,0.490823880844144,0.90750498863191,1.03149772285793,0,0,0,0.00847
"gaussian_phi010_N64_M8_Q8","gaussian_phi010_N64","gaussian","Gaussian","inside formal moment assumptions","regular",0.1,"phi = 0.10",64,8,8,4,100000,20000,"VK_leading_oracle",0.90645,-0.04355,0.000920860453597612,-0.04349,0.000816696313771949,0.09355,1.39916486162846,0.90665,0.00205713122454548,20000,0.530403701075267,0.00102116834391141,0.144415012142559,0.522786457348152,0.428479851708974,0.623034136643486,0.722118463262093,0.779676260690828,0.530403701075267,0.980685788733004,1.11467724209671,0,0,0,0.00847
"gaussian_phi010_N64_M8_Q8","gaussian_phi010_N64","gaussian","Gaussian","inside formal moment assumptions","regular",0.1,"phi = 0.10",64,8,8,4,100000,20000,"F_feasible_leading",0.90264,-0.04736,0.000937448827403395,-0.0473,0.000861414255944957,0.09736,1.43807868390756,0.90415,0.00208161929156126,20000,0.544681255265133,0.0011934625094468,0.168781086704349,0.536689350285283,0.423016378089913,0.654217471204266,0.768549784830923,0.835482408373345,0.544681255265133,1.00708416126223,1.14468243379501,0,0,0,0.00847
"gaussian_phi010_N64_M16_Q4","gaussian_phi010_N64","gaussian","Gaussian","inside formal moment assumptions","regular",0.1,"phi = 0.10",64,16,4,5,100000,20000,"raw",0.75779,-0.19221,0.00135478528151143,-0.19215,0.00128011724541216,0.24221,1.78268688414483,0.75715,0.00303211046550089,20000,0.378430240077524,0.00113102698615495,0.15995137032303,0.363670310406986,0.26284029277211,0.480373107594736,0.594047510472504,0.662395263969805,0.378430240077524,0.699695642618042,1,0,0,0,0.1275
"gaussian_phi010_N64_M16_Q4","gaussian_phi010_N64","gaussian","Gaussian","inside formal moment assumptions","regular",0.1,"phi = 0.10",64,16,4,5,100000,20000,"K_leading",0.81064,-0.13936,0.00123896243042313,-0.1393,0.0011722494792869,0.18936,1.11417930259052,0.81175,0.00276416296100646,20000,0.444408857362072,0.00133140169687421,0.188288633668605,0.426709299549292,0.307734974444489,0.564286390170767,0.698673287784404,0.780417547188083,0.444408857362072,0.821686292758751,1.17434816327319,0,0,0,0.1275
"gaussian_phi010_N64_M16_Q4","gaussian_phi010_N64","gaussian","Gaussian","inside formal moment assumptions","regular",0.1,"phi = 0.10",64,16,4,5,100000,20000,"V_oracle",0.75909,-0.19091,0.0013523031165386,-0.19085,0.00127752851075464,0.24091,1.76575192324415,0.75845,0.00302657890612487,20000,0.37978362941252,0.00113511985829726,0.160530189852301,0.365015048874627,0.263796807738474,0.482084257223853,0.596306861574191,0.664779806479911,0.37978362941252,0.702197981279636,1.00357632448907,0,0,0,0.1275
"gaussian_phi010_N64_M16_Q4","gaussian_phi010_N64","gaussian","Gaussian","inside formal moment assumptions","regular",0.1,"phi = 0.10",64,16,4,5,100000,20000,"V_feasible",0.75574,-0.19426,0.00135866497857272,-0.1942,0.00129045738124222,0.24426,1.81243346304647,0.7554,0.00303949699786001,20000,0.381734669580355,0.00118994294138724,0.168283344615997,0.364525694025026,0.257433674254739,0.489123267948295,0.609927205678449,0.68331824005241,0.381734669580355,0.705805341790063,1.00873193828843,0,0,0,0.1275
"gaussian_phi010_N64_M16_Q4","gaussian_phi010_N64","gaussian","Gaussian","inside formal moment assumptions","regular",0.1,"phi = 0.10",64,16,4,5,100000,20000,"VK_leading_oracle",0.81148,-0.13852,0.00123685168714765,-0.13846,0.00117042811954422,0.18852,1.1035949520276,0.81245,0.00276020830282789,20000,0.445701732728518,0.00133534665222792,0.188846534605024,0.427926991506931,0.30865732797507,0.565883407655739,0.700811298241204,0.782816539152915,0.445701732728518,0.824076744589887,1.1777645799057,0,0,0,0.1275
"gaussian_phi010_N64_M16_Q4","gaussian_phi010_N64","gaussian","Gaussian","inside formal moment assumptions","regular",0.1,"phi = 0.10",64,16,4,5,100000,20000,"F_feasible_leading",0.80873,-0.14127,0.00124372741024712,-0.14121,0.00118267127559329,0.19127,1.13277091440404,0.80935,0.00277761208144694,20000,0.448992764560613,0.00139081499153915,0.196690942378649,0.429167682018334,0.304357413666007,0.574517697604348,0.715433743796198,0.801661337470979,0.448992764560613,0.830161672243032,1.1864611149168,0,0,0,0.1275
"gaussian_phi015_N64_M4_Q16","gaussian_phi015_N64","gaussian","Gaussian","inside formal moment assumptions","regular",0.15,"phi = 0.15",64,4,16,2,100000,20000,"raw",0.91373,-0.0362699999999999,0.000887848450468885,-0.0365,0.000699058214188109,0.08627,1.33834949286841,0.9145,0.00197724239788651,20000,0.530527768999892,0.000700728778706443,0.0990980142391787,0.527071595717978,0.461422439306613,0.595257723902565,0.659789058469457,0.699441372801749,0.530527768999892,0.933091805885626,1,0,0,0,3e-05
"gaussian_phi015_N64_M4_Q16","gaussian_phi015_N64","gaussian","Gaussian","inside formal moment assumptions","regular",0.15,"phi = 0.15",64,4,16,2,100000,20000,"K_leading",0.92739,-0.0226099999999999,0.000820596051050698,-0.02284,0.000649605698770907,0.07261,1.212879227912,0.92625,0.00184811982160248,20000,0.558042222726564,0.000738302184766733,0.10441169628268,0.554218488768508,0.485101600569044,0.626134116329568,0.694378715488719,0.736301528217547,0.558042222726564,0.981484204579808,1.05186241952715,0,0,0,3e-05
"gaussian_phi015_N64_M4_Q16","gaussian_phi015_N64","gaussian","Gaussian","inside formal moment assumptions","regular",0.15,"phi = 0.15",64,4,16,2,100000,20000,"V_oracle",0.92442,-0.0255799999999999,0.000835868791138896,-0.02581,0.000659274438627689,0.07558,1.24166911174666,0.924,0.00187381962845947,20000,0.551356926333786,0.000729152714245581,0.103117765752725,0.547668275634688,0.479329219138963,0.618590907256377,0.685966458267426,0.727289061264183,0.551356926333786,0.969726110756034,1.03926120092292,0,0,0,3e-05
"gaussian_phi015_N64_M4_Q16","gaussian_phi015_N64","gaussian","Gaussian","inside formal moment assumptions","regular",0.15,"phi = 0.15",64,4,16,2,100000,20000,"V_feasible",0.92177,-0.02823,0.000849176466348426,-0.02846,0.000705907406854943,0.07823,1.26805391212797,0.9212,0.00190513201642301,20000,0.559302626420458,0.000874198886244047,0.123630392113779,0.555436288324522,0.473653252501276,0.640833689035935,0.721478423526237,0.770206975383363,0.559302626420458,0.983701001565,1.05423817395046,0,0,0,3e-05
"gaussian_phi015_N64_M4_Q16","gaussian_phi015_N64","gaussian","Gaussian","inside formal moment assumptions","regular",0.15,"phi = 0.15",64,4,16,2,100000,20000,"VK_leading_oracle",0.93609,-0.01391,0.00077346953333664,-0.01414,0.0006201648571505,0.06391,1.12526263252041,0.93485,0.00174507130943122,20000,0.579962452367082,0.000768395327133838,0.108667509289678,0.575665261391951,0.504000355656058,0.65075188777785,0.722003739267175,0.765734183383694,0.579962452367082,1.02003748653007,1.09318019952166,0,0,0,3e-05
"gaussian_phi015_N64_M4_Q16","gaussian_phi015_N64","gaussian","Gaussian","inside formal moment assumptions","regular",0.15,"phi = 0.15",64,4,16,2,100000,20000,"F_feasible_leading",0.93404,-0.01596,0.000784915781469579,-0.01619,0.0006714784790546,0.06596,1.14917385786598,0.9324,0.0017752498415716,20000,0.590021817699751,0.000921631718818252,0.1303384076266,0.585737107716873,0.499790866184161,0.675796298107048,0.760903390752112,0.812225892970498,0.590021817699751,1.03772989004369,1.11214125287355,0,0,0,3e-05
"gaussian_phi015_N64_M8_Q8","gaussian_phi015_N64","gaussian","Gaussian","inside formal moment assumptions","regular",0.15,"phi = 0.15",64,8,8,4,100000,20000,"raw",0.87569,-0.07431,0.0010433456948682,-0.07454,0.000917412829898844,0.12431,1.76289741314673,0.876,0.00233049350996736,20000,0.498803428382868,0.000958148571123507,0.135502670405127,0.49145024935043,0.403156365117849,0.587636147358665,0.677458308881569,0.734612061675805,0.498803428382868,0.877295061574443,1,0,0,0,0.00845
"gaussian_phi015_N64_M8_Q8","gaussian_phi015_N64","gaussian","Gaussian","inside formal moment assumptions","regular",0.15,"phi = 0.15",64,8,8,4,100000,20000,"K_leading",0.90292,-0.04708,0.000936245019212386,-0.04731,0.000829773778957399,0.0970800000000001,1.43235414818172,0.9029,0.00209369995462578,20000,0.550205322536363,0.00105963726596626,0.149855339272543,0.54213390322463,0.444176589664198,0.648134204349426,0.747638398284026,0.810761784397107,0.550205322536363,0.967700670939701,1.10305040268095,0,0,0,0.00845
"gaussian_phi015_N64_M8_Q8","gaussian_phi015_N64","gaussian","Gaussian","inside formal moment assumptions","regular",0.15,"phi = 0.15",64,8,8,4,100000,20000,"V_oracle",0.88061,-0.06939,0.00102535860995068,-0.06962,0.000901631124899121,0.11939,1.70343574460737,0.8803,0.00229534213136081,20000,0.507019361374437,0.000974311585573729,0.13778846582956,0.499546969914761,0.409789958044459,0.597417244847756,0.688495704445478,0.746735781569089,0.507019361374437,0.89174523779536,1.0164712841253,0,0,0,0.00845
"gaussian_phi015_N64_M8_Q8","gaussian_phi015_N64","gaussian","Gaussian","inside formal moment assumptions","regular",0.15,"phi = 0.15",64,8,8,4,100000,20000,"V_feasible",0.87557,-0.07443,0.00104377763484374,-0.07466,0.000943857909156631,0.12443,1.75437132906628,0.8765,0.00232645384652264,20000,0.517053515826381,0.00113415244805139,0.160393377383292,0.509399452658225,0.401054845567405,0.623027249446229,0.729464695817533,0.79478768858822,0.517053515826381,0.909393300432591,1.03658773457649,0,0,0,0.00845
"gaussian_phi015_N64_M8_Q8","gaussian_phi015_N64","gaussian","Gaussian","inside formal moment assumptions","regular",0.15,"phi = 0.15",64,8,8,4,100000,20000,"VK_leading_oracle",0.9069,-0.0430999999999999,0.000918870992033158,-0.04333,0.000815065490815029,0.0931,1.38404154249349,0.9074,0.00204969802653952,20000,0.559083068954518,0.00107725642455623,0.152347064576097,0.550992267411481,0.451222408580695,0.658626986745056,0.759665667140332,0.824117993596692,0.559083068954518,0.983314844073611,1.12084848888685,0,0,0,0.00845
"gaussian_phi015_N64_M8_Q8","gaussian_phi015_N64","gaussian","Gaussian","inside formal moment assumptions","regular",0.15,"phi = 0.15",64,8,8,4,100000,20000,"F_feasible_leading",0.90307,-0.0469299999999999,0.000935599140123589,-0.04716,0.000859864371669961,0.09693,1.42542670486635,0.9043,0.00208016237346992,20000,0.573548014041913,0.00125218190123345,0.177085262728248,0.565086251238018,0.445896626055212,0.690218608083099,0.80851555171777,0.879936507117133,0.573548014041913,1.00875577765392,1.14984777851541,0,0,0,0.00845
"gaussian_phi015_N64_M16_Q4","gaussian_phi015_N64","gaussian","Gaussian","inside formal moment assumptions","regular",0.15,"phi = 0.15",64,16,4,5,100000,20000,"raw",0.75805,-0.19195,0.00135429021077463,-0.19218,0.00128081414766109,0.24195,1.79132799168894,0.75955,0.00302186860650823,20000,0.399048237266865,0.00120195785748822,0.169982510346074,0.382985961444344,0.274591488500383,0.507586750782107,0.628227486186273,0.701182078705386,0.399048237266865,0.701845713088188,1,0,0,0,0.12619
"gaussian_phi015_N64_M16_Q4","gaussian_phi015_N64","gaussian","Gaussian","inside formal moment assumptions","regular",0.15,"phi = 0.15",64,16,4,5,100000,20000,"K_leading",0.81061,-0.13939,0.00123903764228533,-0.13962,0.00117280702196189,0.18939,1.11957999480559,0.80995,0.00277426564607645,20000,0.468613423888169,0.00141519513326268,0.200138815086448,0.44985695642864,0.322206505665442,0.596449659029004,0.738404412402914,0.825459327101364,0.468613423888169,0.824196906379367,1.17432776322423,0,0,0,0.12619
"gaussian_phi015_N64_M16_Q4","gaussian_phi015_N64","gaussian","Gaussian","inside formal moment assumptions","regular",0.15,"phi = 0.15",64,16,4,5,100000,20000,"V_oracle",0.76012,-0.18988,0.00135032435214655,-0.19011,0.0012766746562777,0.23988,1.7654334335052,0.76135,0.00301410166965217,20000,0.401225429194374,0.00120860239150649,0.170922189358503,0.385091475672722,0.276076296744685,0.510462593982428,0.631568827234785,0.705034255938728,0.401225429194374,0.705674956468283,1.00545596177149,0,0,0,0.12619
"gaussian_phi015_N64_M16_Q4","gaussian_phi015_N64","gaussian","Gaussian","inside formal moment assumptions","regular",0.15,"phi = 0.15",64,16,4,5,100000,20000,"V_feasible",0.75738,-0.19262,0.00135556458938702,-0.19285,0.00128817909044266,0.24262,1.81176085068464,0.7596,0.00302165385178382,20000,0.403254628495689,0.00126520344464836,0.178926787058287,0.385157087928624,0.270759013158904,0.517816796880521,0.646122479463509,0.724426368876052,0.403254628495689,0.709243910538557,1.01054105954116,0,0,0,0.12619
"gaussian_phi015_N64_M16_Q4","gaussian_phi015_N64","gaussian","Gaussian","inside formal moment assumptions","regular",0.15,"phi = 0.15",64,16,4,5,100000,20000,"VK_leading_oracle",0.81201,-0.13799,0.00123551511484077,-0.13822,0.00116977177246675,0.18799,1.10339589594075,0.81165,0.00276472672700215,20000,0.470691352980959,0.00142159635273449,0.201044084225724,0.451854764309616,0.323644213772575,0.59911335642352,0.741668817106952,0.829346984420218,0.470691352980959,0.827851566367003,1.17953497603394,0,0,0,0.12619
"gaussian_phi015_N64_M16_Q4","gaussian_phi015_N64","gaussian","Gaussian","inside formal moment assumptions","regular",0.15,"phi = 0.15",64,16,4,5,100000,20000,"F_feasible_leading",0.80953,-0.14047,0.0012417374082309,-0.1407,0.00118162983310791,0.19047,1.1323505316779,0.8099,0.00277454491763965,20000,0.474091570595608,0.00147859870598827,0.209105434331592,0.453599697980728,0.319788090350615,0.607307651977575,0.756821412641939,0.84969676405507,0.474091570595608,0.833831866324606,1.1880557945644,0,0,0,0.12619
"gaussian_phi020_N64_M4_Q16","gaussian_phi020_N64","gaussian","Gaussian","inside formal moment assumptions","regular",0.2,"phi = 0.20",64,4,16,2,100000,20000,"raw",0.90961,-0.0403899999999999,0.000906750505376203,-0.04065,0.00071678512317788,0.09039,1.37977101514638,0.90985,0.00202512934772078,20000,0.548207762947356,0.000718640574351353,0.101631124671927,0.545144506024376,0.478064889368958,0.614936578528005,0.681677290776581,0.721235305982744,0.548207762947356,0.916494352032355,1,0,0,0,7e-05
"gaussian_phi020_N64_M4_Q16","gaussian_phi020_N64","gaussian","Gaussian","inside formal moment assumptions","regular",0.2,"phi = 0.20",64,4,16,2,100000,20000,"K_leading",0.92357,-0.02643,0.000840169358522435,-0.02669,0.000662405334223894,0.07643,1.25041748247641,0.92435,0.00186985397157104,20000,0.576632356467737,0.000757055416425906,0.107063803737753,0.573594068118451,0.50267974032595,0.646998178968747,0.71706743236517,0.758717969090214,0.576632356467737,0.964014619312385,1.05185003832773,0,0,0,7e-05
"gaussian_phi020_N64_M4_Q16","gaussian_phi020_N64","gaussian","Gaussian","inside formal moment assumptions","regular",0.2,"phi = 0.20",64,4,16,2,100000,20000,"V_oracle",0.92418,-0.02582,0.000837086181943054,-0.02608,0.000660910511360684,0.07582,1.24437623736652,0.92485,0.00186416841379742,20000,0.578068633326106,0.000759002189741592,0.107339119060344,0.575015103891911,0.503943820108744,0.648603563717009,0.718817554332059,0.760611793520942,0.578068633326106,0.966415788572689,1.05446998819974,0,0,0,7e-05
"gaussian_phi020_N64_M4_Q16","gaussian_phi020_N64","gaussian","Gaussian","inside formal moment assumptions","regular",0.2,"phi = 0.20",64,4,16,2,100000,20000,"V_feasible",0.92072,-0.02928,0.000854369250382995,-0.02954,0.000707586666627423,0.07928,1.27547505204498,0.92105,0.00190678915326263,20000,0.583496037417671,0.000893770184849328,0.126398191705863,0.580350171225497,0.496085163734368,0.665975948436626,0.749751289648326,0.797380785268884,0.583496037417671,0.975489328811109,1.0643702567811,0,0,0,7e-05
"gaussian_phi020_N64_M4_Q16","gaussian_phi020_N64","gaussian","Gaussian","inside formal moment assumptions","regular",0.2,"phi = 0.20",64,4,16,2,100000,20000,"VK_leading_oracle",0.93574,-0.0142599999999999,0.000775439568245005,-0.01452,0.000623454555646063,0.06426,1.12771596511341,0.9354,0.00173820079392457,20000,0.608055379725682,0.000799776810896219,0.113105521284094,0.604607059196759,0.530140924128963,0.682513062317394,0.7562494919767,0.800728132135245,0.608055379725682,1.01654766478561,1.10916959011409,0,0,0,7e-05
"gaussian_phi020_N64_M4_Q16","gaussian_phi020_N64","gaussian","Gaussian","inside formal moment assumptions","regular",0.2,"phi = 0.20",64,4,16,2,100000,20000,"F_feasible_leading",0.93312,-0.01688,0.000789981427629789,-0.01714,0.000670124387458736,0.0668800000000001,1.15589926591576,0.9333,0.0017642436056282,20000,0.615409915303931,0.000941902969452454,0.133205195383915,0.612280532028599,0.523298568451355,0.702171295642019,0.790141997112236,0.84134201106029,0.615409915303931,1.02884298560166,1.12258518922693,0,0,0,7e-05
"gaussian_phi020_N64_M8_Q8","gaussian_phi020_N64","gaussian","Gaussian","inside formal moment assumptions","regular",0.2,"phi = 0.20",64,8,8,4,100000,20000,"raw",0.87132,-0.07868,0.00105887420216001,-0.07894,0.000925036929496985,0.12868,1.79190533569972,0.8702,0.00237646754659095,20000,0.517632363698378,0.00100622436797585,0.142301614798174,0.508803678707083,0.416349513325071,0.610572983069737,0.708245336719987,0.76372675447699,0.517632363698378,0.865378365326575,1,0,0,0,0.00862
"gaussian_phi020_N64_M8_Q8","gaussian_phi020_N64","gaussian","Gaussian","inside formal moment assumptions","regular",0.2,"phi = 0.20",64,8,8,4,100000,20000,"K_leading",0.89929,-0.0507099999999999,0.000951669563976909,-0.05097,0.000833863024888046,0.10071,1.45592308525602,0.89835,0.00213678821482149,20000,0.570925318107673,0.00111271578513226,0.157361775440066,0.560887902957053,0.459078708538815,0.673376728465048,0.781845268386028,0.843163329951189,0.570925318107673,0.954473586190726,1.10295522101541,0,0,0,0.00862
"gaussian_phi020_N64_M8_Q8","gaussian_phi020_N64","gaussian","Gaussian","inside formal moment assumptions","regular",0.2,"phi = 0.20",64,8,8,4,100000,20000,"V_oracle",0.87796,-0.07204,0.00103511467190838,-0.0723,0.000901961881318913,0.12204,1.70970808372281,0.87725,0.00232037106407574,20000,0.529319616310564,0.00102950008804145,0.145593298697251,0.520270051397644,0.425609099781886,0.624418661162775,0.724430048727234,0.78091285438663,0.529319616310564,0.884917127332162,1.02257828805116,0,0,0,0.00862
"gaussian_phi020_N64_M8_Q8","gaussian_phi020_N64","gaussian","Gaussian","inside formal moment assumptions","regular",0.2,"phi = 0.20",64,8,8,4,100000,20000,"V_feasible",0.87347,-0.07653,0.00105128568476889,-0.07679,0.000940500826378183,0.12653,1.75971706954385,0.87255,0.00235803411234867,20000,0.538812992011478,0.00119130944743414,0.168476597754456,0.528690513515253,0.417635068272202,0.649626076198884,0.763825372563954,0.830788960882572,0.538812992011478,0.900788163460566,1.04091828447852,0,0,0,0.00862
"gaussian_phi020_N64_M8_Q8","gaussian_phi020_N64","gaussian","Gaussian","inside formal moment assumptions","regular",0.2,"phi = 0.20",64,8,8,4,100000,20000,"VK_leading_oracle",0.90486,-0.04514,0.000927838242367709,-0.0454,0.000816942515695406,0.09514,1.38913781802478,0.9046,0.00207724384702422,20000,0.583548510459977,0.00113807685389034,0.160948372179462,0.573120066044538,0.469084162458637,0.688124912537829,0.799336437395544,0.861759536078399,0.583548510459977,0.975577053302,1.127341625803,0,0,0,0.00862
"gaussian_phi020_N64_M8_Q8","gaussian_phi020_N64","gaussian","Gaussian","inside formal moment assumptions","regular",0.2,"phi = 0.20",64,8,8,4,100000,20000,"F_feasible_leading",0.90174,-0.04826,0.000941302142778821,-0.04852,0.000859572850115013,0.09826,1.42977011900438,0.90045,0.00211707106045121,20000,0.597385409324238,0.00131477083491112,0.18593667461439,0.586593503045767,0.464430922010338,0.719455163740963,0.84543619978159,0.918027900860886,0.597385409324238,0.998709596319192,1.15407275746061,0,0,0,0.00862
"gaussian_phi020_N64_M16_Q4","gaussian_phi020_N64","gaussian","Gaussian","inside formal moment assumptions","regular",0.2,"phi = 0.20",64,16,4,5,100000,20000,"raw",0.75642,-0.19358,0.00135738271537544,-0.19384,0.00128205966349847,0.24358,1.79585050170252,0.74815,0.0030693776038474,20000,0.414111560145254,0.00124829668792794,0.176535810593311,0.396965749938811,0.284417965466521,0.524457603488094,0.6516459156813,0.732828603260966,0.414111560145254,0.692312170013686,1,0,0,0,0.12821
"gaussian_phi020_N64_M16_Q4","gaussian_phi020_N64","gaussian","Gaussian","inside formal moment assumptions","regular",0.2,"phi = 0.20",64,16,4,5,100000,20000,"K_leading",0.80959,-0.14041,0.00124158782170252,-0.14067,0.00117474819060644,0.19041,1.12240656356408,0.8033,0.00281077489315669,20000,0.486292341034257,0.00146953392567229,0.207823480805314,0.466475572591328,0.333787063083478,0.615824812689261,0.765694093701584,0.860735441104838,0.486292341034257,0.812984080339058,1.17430274311513,0,0,0,0.12821
"gaussian_phi020_N64_M16_Q4","gaussian_phi020_N64","gaussian","Gaussian","inside formal moment assumptions","regular",0.2,"phi = 0.20",64,16,4,5,100000,20000,"V_oracle",0.75898,-0.19102,0.00135251380621419,-0.19128,0.00127731590899014,0.24102,1.76054544596818,0.7512,0.00305694749709576,20000,0.417192295300055,0.00125769993801842,0.177865630974145,0.39991579442826,0.286537800072311,0.528352227672676,0.656491205155489,0.738003001369835,0.417192295300055,0.697462546495593,1.00743938457965,0,0,0,0.12821
"gaussian_phi020_N64_M16_Q4","gaussian_phi020_N64","gaussian","Gaussian","inside formal moment assumptions","regular",0.2,"phi = 0.20",64,16,4,5,100000,20000,"V_feasible",0.75634,-0.19366,0.00135753380952373,-0.19392,0.00128699918402033,0.24366,1.80594874067162,0.74715,0.00307340916166397,20000,0.418946166755537,0.00131555577269621,0.186047681580519,0.398787959596601,0.280117045723575,0.53524196828281,0.670082130230648,0.75603527314384,0.418946166755537,0.700394670759025,1.01167464778956,0,0,0,0.12821
"gaussian_phi020_N64_M16_Q4","gaussian_phi020_N64","gaussian","Gaussian","inside formal moment assumptions","regular",0.2,"phi = 0.20",64,16,4,5,100000,20000,"VK_leading_oracle",0.81154,-0.13846,0.00123670056359654,-0.13872,0.00116994927403415,0.18846,1.10034090373011,0.80515,0.00280074523564711,20000,0.489230164840557,0.00147858224064127,0.209103105779888,0.469345371283015,0.335780042717145,0.619697384089291,0.770307022859955,0.866046108746163,0.489230164840557,0.817895537468494,1.18139702419549,0,0,0,0.12821
"gaussian_phi020_N64_M16_Q4","gaussian_phi020_N64","gaussian","Gaussian","inside formal moment assumptions","regular",0.2,"phi = 0.20",64,16,4,5,100000,20000,"F_feasible_leading",0.80899,-0.14101,0.0012430815737513,-0.14127,0.0011809918790653,0.19101,1.12871796291976,0.80325,0.00281104462344517,20000,0.492370422515033,0.00153647455379447,0.217290315221729,0.470610414583752,0.330828726639538,0.627810741688766,0.785813929266302,0.884223711939433,0.492370422515033,0.823145423765452,1.18898014424502,0,0,0,0.12821
"gaussian_phi025_N64_M4_Q16","gaussian_phi025_N64","gaussian","Gaussian","inside formal moment assumptions","regular",0.25,"phi = 0.25",64,4,16,2,100000,20000,"raw",0.90474,-0.04526,0.000928361634278367,-0.04449,0.000735874863083487,0.09526,1.42405329992417,0.90445,0.00207870389305452,20000,0.568170653771626,0.000746734865798089,0.105604257470851,0.564593511843872,0.494191849102876,0.638282017146531,0.705293963850524,0.74727357854346,0.568170653771626,0.901952083918756,1,0,0,0,7e-05
"gaussian_phi025_N64_M4_Q16","gaussian_phi025_N64","gaussian","Gaussian","inside formal moment assumptions","regular",0.25,"phi = 0.25",64,4,16,2,100000,20000,"K_leading",0.91906,-0.03094,0.000862488935581205,-0.03017,0.000681617456513234,0.08094,1.29054830305628,0.9185,0.00193465436189517,20000,0.597653183604311,0.000786784811838775,0.111268175157156,0.593720719561248,0.519860815471339,0.671634889840171,0.742368077441475,0.786670480597089,0.597653183604311,0.948754622989131,1.05189027211626,0,0,0,7e-05
"gaussian_phi025_N64_M4_Q16","gaussian_phi025_N64","gaussian","Gaussian","inside formal moment assumptions","regular",0.25,"phi = 0.25",64,4,16,2,100000,20000,"V_oracle",0.92384,-0.02616,0.00083880661895338,-0.02539,0.000666526759837304,0.07616,1.24529871028033,0.9229,0.00188620770330311,20000,0.608720673628472,0.000801879672582451,0.11340291083574,0.604778228281721,0.52925703998498,0.684038709233451,0.755855232627242,0.801462149365405,0.608720673628472,0.966323896630382,1.07136943731195,0,0,0,7e-05
"gaussian_phi025_N64_M4_Q16","gaussian_phi025_N64","gaussian","Gaussian","inside formal moment assumptions","regular",0.25,"phi = 0.25",64,4,16,2,100000,20000,"V_feasible",0.91993,-0.0300699999999999,0.000858247022132905,-0.0293,0.000711210347366784,0.08007,1.28493514271109,0.91905,0.00192869252992798,20000,0.611089185466103,0.000925732741103616,0.130918379760156,0.607813898192041,0.51968828928185,0.697743444757194,0.780475494057984,0.831313382738613,0.611089185466103,0.970083830681106,1.07553810005775,0,0,0,7e-05
"gaussian_phi025_N64_M4_Q16","gaussian_phi025_N64","gaussian","Gaussian","inside formal moment assumptions","regular",0.25,"phi = 0.25",64,4,16,2,100000,20000,"VK_leading_oracle",0.9363,-0.0136999999999999,0.000772284338828647,-0.01293,0.000628674878869065,0.0637,1.12855195619155,0.934,0.00175561954876334,20000,0.640325431394459,0.00084517359172113,0.11952559559716,0.636227026313322,0.556707913445602,0.719430029057539,0.795418464290552,0.843390146176778,0.640325431394459,1.01649540221511,1.12699490398502,0,0,0,7e-05
"gaussian_phi025_N64_M4_Q16","gaussian_phi025_N64","gaussian","Gaussian","inside formal moment assumptions","regular",0.25,"phi = 0.25",64,4,16,2,100000,20000,"F_feasible_leading",0.93288,-0.0171199999999999,0.000791295808152678,-0.01635,0.000674411835092796,0.06712,1.16447247308192,0.93155,0.00178556150132108,20000,0.644390875236144,0.000975725829113118,0.13798847006895,0.640833032463641,0.547828398812941,0.735663001159497,0.823243401430526,0.877052552415077,0.644390875236144,1.02294915958663,1.13415022574389,0,0,0,7e-05
"gaussian_phi025_N64_M8_Q8","gaussian_phi025_N64","gaussian","Gaussian","inside formal moment assumptions","regular",0.25,"phi = 0.25",64,8,8,4,100000,20000,"raw",0.86921,-0.0807899999999999,0.00106622687970244,-0.08002,0.000934225199706815,0.13079,1.81784389577954,0.86875,0.00238771268686163,20000,0.541595045967499,0.0010567603325474,0.149448479446644,0.534433441961925,0.435156694368581,0.63880177931844,0.738162770362642,0.800560911627539,0.541595045967499,0.859764187234507,1,0,0,0,0.00929
"gaussian_phi025_N64_M8_Q8","gaussian_phi025_N64","gaussian","Gaussian","inside formal moment assumptions","regular",0.25,"phi = 0.25",64,8,8,4,100000,20000,"K_leading",0.89674,-0.05326,0.000962275284936696,-0.05249,0.000850150120009558,0.10326,1.47699816532087,0.89665,0.00215254242118477,20000,0.597409700419054,0.00116876759537602,0.165288698464296,0.589550924256903,0.480083707872999,0.70489065773174,0.814893990403068,0.883640796569561,0.597409700419054,0.948368101501469,1.10305606535202,0,0,0,0.00929
"gaussian_phi025_N64_M8_Q8","gaussian_phi025_N64","gaussian","Gaussian","inside formal moment assumptions","regular",0.25,"phi = 0.25",64,8,8,4,100000,20000,"V_oracle",0.87784,-0.07216,0.00103555267562785,-0.07139,0.000906500356552034,0.12216,1.71091376665614,0.87745,0.00231874424527588,20000,0.557439013235414,0.00108845685367821,0.153931044452967,0.550110873983868,0.44773651964837,0.657717889285765,0.759941415055619,0.823900004448157,0.557439013235414,0.88491596020971,1.02925426919224,0,0,0,0.00929
"gaussian_phi025_N64_M8_Q8","gaussian_phi025_N64","gaussian","Gaussian","inside formal moment assumptions","regular",0.25,"phi = 0.25",64,8,8,4,100000,20000,"V_feasible",0.87337,-0.07663,0.0010516408279446,-0.07586,0.000944278306758768,0.12663,1.75815529405244,0.87375,0.00234852014575136,20000,0.566906238125726,0.00124772232519107,0.17645458343609,0.558686670130745,0.440607320909341,0.682029936680743,0.800752092676047,0.875887753343191,0.566906238125726,0.899944865983108,1.04673453412597,0,0,0,0.00929
"gaussian_phi025_N64_M8_Q8","gaussian_phi025_N64","gaussian","Gaussian","inside formal moment assumptions","regular",0.25,"phi = 0.25",64,8,8,4,100000,20000,"VK_leading_oracle",0.90431,-0.04569,0.000930233432531857,-0.04492,0.00082802704804126,0.0956900000000001,1.39011743540811,0.90455,0.0020777307031952,20000,0.614520434433657,0.00120330434456938,0.170172932375249,0.606307949817367,0.493716607483895,0.724955663702236,0.838418110943778,0.908659768918884,0.614520434433657,0.975530824706907,1.13464929010915,0,0,0,0.00929
"gaussian_phi025_N64_M8_Q8","gaussian_phi025_N64","gaussian","Gaussian","inside formal moment assumptions","regular",0.25,"phi = 0.25",64,8,8,4,100000,20000,"F_feasible_leading",0.90123,-0.04877,0.000943474891557799,-0.048,0.000864966751774204,0.09877,1.4285011764176,0.902,0.00210233203847537,20000,0.628334290533028,0.00137689502331407,0.194722361593478,0.619401157172893,0.48881782681519,0.754952438144975,0.885188690819318,0.967758010801904,0.628334290533028,0.997459863479102,1.16015516613631,0,0,0,0.00929
"gaussian_phi025_N64_M16_Q4","gaussian_phi025_N64","gaussian","Gaussian","inside formal moment assumptions","regular",0.25,"phi = 0.25",64,16,4,5,100000,20000,"raw",0.75575,-0.19425,0.00135864615518537,-0.19348,0.00128540710232758,0.24425,1.79705408536992,0.75265,0.00305096687543474,20000,0.433967337362475,0.00131006111364541,0.185270619445494,0.416980918995146,0.29703259011659,0.551177294867853,0.684781074622298,0.767547687475297,0.433967337362475,0.688908766562392,1,0,0,0,0.12873
"gaussian_phi025_N64_M16_Q4","gaussian_phi025_N64","gaussian","Gaussian","inside formal moment assumptions","regular",0.25,"phi = 0.25",64,16,4,5,100000,20000,"K_leading",0.80832,-0.14168,0.00124474406043974,-0.14091,0.00117854045691104,0.19168,1.1231588033562,0.8077,0.00278676075399378,20000,0.509624395899254,0.00154182933784353,0.218047596044305,0.489681433984998,0.348974532254033,0.646377401935088,0.804952477465651,0.90236794961072,0.509624395899254,0.80901183974547,1.1743381402771,0,0,0,0.12873
"gaussian_phi025_N64_M16_Q4","gaussian_phi025_N64","gaussian","Gaussian","inside formal moment assumptions","regular",0.25,"phi = 0.25",64,16,4,5,100000,20000,"V_oracle",0.75897,-0.19103,0.0013525329537575,-0.19026,0.00127930750419002,0.24103,1.75175020087886,0.75685,0.00303338159073335,20000,0.438120405395044,0.00132273501843458,0.1870629802496,0.42097361824068,0.299851534649222,0.556291660433022,0.691316433054402,0.774766971423728,0.438120405395044,0.695501624433114,1.00957000141488,0,0,0,0.12873
"gaussian_phi025_N64_M16_Q4","gaussian_phi025_N64","gaussian","Gaussian","inside formal moment assumptions","regular",0.25,"phi = 0.25",64,16,4,5,100000,20000,"V_feasible",0.75607,-0.19393,0.00135804328023815,-0.19316,0.00128992588278855,0.24393,1.79803116812287,0.75285,0.0030501383370267,20000,0.439827644921164,0.0013811163570401,0.195319348334142,0.420306268689192,0.294499066197879,0.562803742104389,0.705218996239825,0.794197374798473,0.439827644921164,0.698211810603608,1.01350402911497,0,0,0,0.12873
"gaussian_phi025_N64_M16_Q4","gaussian_phi025_N64","gaussian","Gaussian","inside formal moment assumptions","regular",0.25,"phi = 0.25",64,16,4,5,100000,20000,"VK_leading_oracle",0.81056,-0.13944,0.00123916296910455,-0.13867,0.00117389100482153,0.18944,1.09484387554929,0.8098,0.00277510324132274,20000,0.513581209517721,0.00155400645625961,0.219769700645769,0.493481230169764,0.351701795178239,0.651405849835262,0.811406468496893,0.909599039646371,0.513581209517721,0.815293150237596,1.18345590854629,0,0,0,0.12873
"gaussian_phi025_N64_M16_Q4","gaussian_phi025_N64","gaussian","Gaussian","inside formal moment assumptions","regular",0.25,"phi = 0.25",64,16,4,5,100000,20000,"F_feasible_leading",0.80856,-0.14144,0.0012441492129162,-0.14067,0.00118449716814158,0.19144,1.12376948007679,0.8085,0.00278233490076231,20000,0.51667878577796,0.00161218194062204,0.227996956544066,0.494416899173057,0.347358147077919,0.659856360290062,0.825634202403329,0.929644024711652,0.51667878577796,0.820210449898313,1.19059371822354,0,0,0,0.12873
"gaussian_phi030_N64_M4_Q16","gaussian_phi030_N64","gaussian","Gaussian","inside formal moment assumptions","regular",0.3,"phi = 0.30",64,4,16,2,100000,20000,"raw",0.89981,-0.05019,0.00094948388032657,-0.04969,0.000752605277118777,0.10019,1.48588508522413,0.8984,0.00213632207309666,20000,0.588608540429569,0.000780470559215227,0.110375204987509,0.585481130744604,0.510803311297598,0.66024071278095,0.732660543171038,0.77834798630033,0.588608540429569,0.886062793292841,1,0,0,0,1e-04
"gaussian_phi030_N64_M4_Q16","gaussian_phi030_N64","gaussian","Gaussian","inside formal moment assumptions","regular",0.3,"phi = 0.30",64,4,16,2,100000,20000,"K_leading",0.91381,-0.0361899999999999,0.000887475542761602,-0.03569,0.000694382503142617,0.08619,1.34658335848436,0.9138,0.00198455990083444,20000,0.619142556196714,0.000822249183565474,0.11628359470485,0.615838285411085,0.537080306610608,0.694207481849358,0.77073082625297,0.819239069829913,0.619142556196714,0.932027222013734,1.05187491120136,0,0,0,1e-04
"gaussian_phi030_N64_M4_Q16","gaussian_phi030_N64","gaussian","Gaussian","inside formal moment assumptions","regular",0.3,"phi = 0.30",64,4,16,2,100000,20000,"V_oracle",0.92366,-0.0263399999999999,0.000839715454186714,-0.02584,0.000660853471862797,0.07634,1.25588121043596,0.92435,0.00186985397157104,20000,0.64173556316363,0.00085331534618036,0.120677013554936,0.638317948064031,0.556870547546741,0.719588986133225,0.798941378725673,0.849474925558423,0.64173556316363,0.966037640631481,1.09025866783259,0,0,0,1e-04
"gaussian_phi030_N64_M4_Q16","gaussian_phi030_N64","gaussian","Gaussian","inside formal moment assumptions","regular",0.3,"phi = 0.30",64,4,16,2,100000,20000,"V_feasible",0.91794,-0.03206,0.000867906425831725,-0.03156,0.000708551116326017,0.08206,1.31043220658179,0.91795,0.00194059008422696,20000,0.639259925814484,0.000962713239029759,0.136148211931202,0.635691480202281,0.544483675489354,0.727477528089567,0.815980614704119,0.872260075351395,0.639259925814484,0.962310936049241,1.08605275307074,0,0,0,1e-04
"gaussian_phi030_N64_M4_Q16","gaussian_phi030_N64","gaussian","Gaussian","inside formal moment assumptions","regular",0.3,"phi = 0.30",64,4,16,2,100000,20000,"VK_leading_oracle",0.93542,-0.0145799999999999,0.000777234994065501,-0.01408,0.000628348218915946,0.06458,1.13814234695759,0.93595,0.00173129427741213,20000,0.675045128954539,0.000899364793798634,0.127189388891091,0.671685729747324,0.58554839266026,0.756957982289936,0.840639542477863,0.893784064660311,0.675045128954539,1.01618024795166,1.14684902203744,0,0,0,1e-04
"gaussian_phi030_N64_M4_Q16","gaussian_phi030_N64","gaussian","Gaussian","inside formal moment assumptions","regular",0.3,"phi = 0.30",64,4,16,2,100000,20000,"F_feasible_leading",0.9307,-0.0193,0.000803103417997956,-0.0188,0.00067295626061527,0.0693,1.18757918721474,0.9325,0.00177403142587723,20000,0.673928131684008,0.00101459445527829,0.14348532389631,0.670261715159774,0.574135102802136,0.766811893659414,0.86021396575984,0.920017199856522,0.673928131684008,1.01449877435139,1.14495133079818,0,0,0,1e-04
"gaussian_phi030_N64_M8_Q8","gaussian_phi030_N64","gaussian","Gaussian","inside formal moment assumptions","regular",0.3,"phi = 0.30",64,8,8,4,100000,20000,"raw",0.86754,-0.08246,0.00107198110244537,-0.08196,0.000942355805598206,0.13246,1.84927978390145,0.8679,0.00239425969769363,20000,0.56623765491007,0.00109537561910655,0.154909505643331,0.557724739064039,0.456672029819103,0.666626262122406,0.770035992737796,0.832918898303169,0.56623765491007,0.852386745545767,1,0,0,0,0.00978
"gaussian_phi030_N64_M8_Q8","gaussian_phi030_N64","gaussian","Gaussian","inside formal moment assumptions","regular",0.3,"phi = 0.30",64,8,8,4,100000,20000,"K_leading",0.89555,-0.05445,0.000967161814279286,-0.05395,0.000851704895496257,0.10445,1.50253982441993,0.89545,0.00216355376059852,20000,0.624617187165928,0.00121181735092456,0.171376853279655,0.615086952250767,0.503242216211192,0.736002383033087,0.849675299442557,0.920126264325168,0.624617187165928,0.940268466364843,1.10310075945961,0,0,0,0.00978
"gaussian_phi030_N64_M8_Q8","gaussian_phi030_N64","gaussian","Gaussian","inside formal moment assumptions","regular",0.3,"phi = 0.30",64,8,8,4,100000,20000,"V_oracle",0.87793,-0.07207,0.00103522420325261,-0.07157,0.000907791601556171,0.12207,1.71454014645519,0.87745,0.00231874424527588,20000,0.586977799613136,0.00113662160062251,0.160742568288657,0.577928856171373,0.473163332616481,0.6908998558983,0.79857199560328,0.863625856718201,0.586977799613136,0.883607955036687,1.036627985658,0,0,0,0.00978
"gaussian_phi030_N64_M8_Q8","gaussian_phi030_N64","gaussian","Gaussian","inside formal moment assumptions","regular",0.3,"phi = 0.30",64,8,8,4,100000,20000,"V_feasible",0.87392,-0.0760799999999999,0.00104968487461714,-0.07558,0.000942701184286531,0.12608,1.7638789821835,0.874,0.00234652935204314,20000,0.59588204690997,0.00129367918430126,0.18295386477986,0.586232762631552,0.465813589077162,0.714898713558073,0.83670478488616,0.911521216939026,0.59588204690997,0.897011977727634,1.05235326853105,0,0,0,0.00978
"gaussian_phi030_N64_M8_Q8","gaussian_phi030_N64","gaussian","Gaussian","inside formal moment assumptions","regular",0.3,"phi = 0.30",64,8,8,4,100000,20000,"VK_leading_oracle",0.90428,-0.04572,0.000930363808410452,-0.04522,0.000825444322521692,0.09572,1.39306386899484,0.9031,0.00209177424690142,20000,0.647010030462801,0.00125676925184694,0.177734012073543,0.637005040076081,0.521214914906087,0.762322573196429,0.880572166125439,0.95384634185955,0.647010030462801,0.973977568286667,1.14264748176375,0,0,0,0.00978
"gaussian_phi030_N64_M8_Q8","gaussian_phi030_N64","gaussian","Gaussian","inside formal moment assumptions","regular",0.3,"phi = 0.30",64,8,8,4,100000,20000,"F_feasible_leading",0.90056,-0.0494399999999999,0.000946317528105656,-0.04894,0.000862818757655445,0.09944,1.43315167302409,0.90105,0.00211138458718444,20000,0.660169360600401,0.00142754938393917,0.201885969972413,0.649408369243577,0.517071237213361,0.791000099938193,0.925665302251441,1.00857195066503,0.660169360600401,0.993786986632984,1.16588742355054,0,0,0,0.00978
"gaussian_phi030_N64_M16_Q4","gaussian_phi030_N64","gaussian","Gaussian","inside formal moment assumptions","regular",0.3,"phi = 0.30",64,16,4,5,100000,20000,"raw",0.75394,-0.19606,0.00136203699068711,-0.19556,0.00128871233089263,0.24606,1.8009272610856,0.755,0.00304117575947198,20000,0.458920236053731,0.00136993001495547,0.1937373606652,0.441909092270464,0.316932856084253,0.583624745252189,0.720562528706903,0.802931945462211,0.458920236053731,0.690836300063905,1,0,0,0,0.13066
"gaussian_phi030_N64_M16_Q4","gaussian_phi030_N64","gaussian","Gaussian","inside formal moment assumptions","regular",0.3,"phi = 0.30",64,16,4,5,100000,20000,"K_leading",0.80603,-0.14397,0.00125038249787815,-0.14347,0.00118231872596847,0.19397,1.1255795381785,0.807,0.00279061821107797,20000,0.538939056485789,0.00161319774764604,0.228140613351076,0.51915155628073,0.371281945629593,0.685054855980378,0.846472206230827,0.945114270443789,0.538939056485789,0.81129275741718,1.17436324255418,0,0,0,0.13066
"gaussian_phi030_N64_M16_Q4","gaussian_phi030_N64","gaussian","Gaussian","inside formal moment assumptions","regular",0.3,"phi = 0.30",64,16,4,5,100000,20000,"V_oracle",0.75825,-0.19175,0.00135390892418951,-0.19125,0.00128037134008368,0.24175,1.74468734000045,0.7595,0.00302208330460959,20000,0.464378617505817,0.00138645364514179,0.196074154856113,0.447227803575691,0.320649668231078,0.590479022001892,0.72930263917663,0.812478832518266,0.464378617505817,0.699053083178814,1.01189396549392,0,0,0,0.13066
"gaussian_phi030_N64_M16_Q4","gaussian_phi030_N64","gaussian","Gaussian","inside formal moment assumptions","regular",0.3,"phi = 0.30",64,16,4,5,100000,20000,"V_feasible",0.75515,-0.19485,0.0013597737955263,-0.19435,0.0012908901730877,0.24485,1.79021101892584,0.756,0.0030369721763625,20000,0.466153857763,0.00144444304607373,0.204275094583297,0.447178118639878,0.314008552333354,0.597701848558383,0.742822876081447,0.831556371612211,0.466153857763,0.701725443895663,1.01576226355035,0,0,0,0.13066
"gaussian_phi030_N64_M16_Q4","gaussian_phi030_N64","gaussian","Gaussian","inside formal moment assumptions","regular",0.3,"phi = 0.30",64,16,4,5,100000,20000,"VK_leading_oracle",0.80912,-0.14088,0.00124275832566111,-0.14038,0.00117598825907568,0.19088,1.09042958750028,0.81,0.00277398630133604,20000,0.544134671870255,0.00162907529506246,0.230386037640428,0.524071691549126,0.374919425674322,0.691802336400698,0.854630165428746,0.954504258785239,0.544134671870255,0.819113985218386,1.18568463345458,0,0,0,0.13066
"gaussian_phi030_N64_M16_Q4","gaussian_phi030_N64","gaussian","Gaussian","inside formal moment assumptions","regular",0.3,"phi = 0.30",64,16,4,5,100000,20000,"F_feasible_leading",0.80648,-0.14352,0.00124927983094261,-0.14302,0.00118704123208458,0.19352,1.11888188682865,0.80795,0.00278537966442638,20000,0.547307943433779,0.00168677541166647,0.238546066385619,0.525659769133639,0.370450412930424,0.700257407305217,0.870137183653134,0.97332892447987,0.547307943433779,0.823890874563894,1.19259928073797,0,0,0,0.13066
"gaussian_phi035_N64_M4_Q16","gaussian_phi035_N64","gaussian","Gaussian","inside formal moment assumptions","regular",0.35,"phi = 0.35",64,4,16,2,100000,20000,"raw",0.89228,-0.05772,0.000980389726588361,-0.05778,0.000784997374650885,0.10772,1.55500241023602,0.8946,0.00217129961083219,20000,0.608579600905812,0.000811480514156137,0.11476067487211,0.603851097658995,0.527537502826188,0.683535287373527,0.759489603989855,0.804636124101688,0.608579600905812,0.867246792708222,1,0,0,0,1e-04
"gaussian_phi035_N64_M4_Q16","gaussian_phi035_N64","gaussian","Gaussian","inside formal moment assumptions","regular",0.35,"phi = 0.35",64,4,16,2,100000,20000,"K_leading",0.90758,-0.0424199999999999,0.000915852300319216,-0.04248,0.000724403025668333,0.0924199999999999,1.40922093427639,0.90935,0.00203017951792446,20000,0.640137644060472,0.000854940441982151,0.120906836807241,0.635185347116718,0.554956605114686,0.71909766339959,0.799248069342676,0.846123822451404,0.640137644060472,0.912218085977485,1.05185524310655,0,0,0,1e-04
"gaussian_phi035_N64_M4_Q16","gaussian_phi035_N64","gaussian","Gaussian","inside formal moment assumptions","regular",0.35,"phi = 0.35",64,4,16,2,100000,20000,"V_oracle",0.92224,-0.02776,0.000846837542861676,-0.02782,0.0006683299653984,0.0777600000000001,1.26531297546519,0.9225,0.00189068439989333,20000,0.676564543615886,0.000905416642413299,0.12804524952992,0.671312523285243,0.586331220117788,0.760361263115923,0.844868941571289,0.894959874579119,0.676564543615886,0.96412766651669,1.11171084704266,0,0,0,1e-04
"gaussian_phi035_N64_M4_Q16","gaussian_phi035_N64","gaussian","Gaussian","inside formal moment assumptions","regular",0.35,"phi = 0.35",64,4,16,2,100000,20000,"V_feasible",0.91428,-0.03572,0.000885280077715522,-0.03578,0.000720835010270117,0.08572,1.3427467882277,0.91595,0.00196195817361125,20000,0.66640835226342,0.000998243089231445,0.141172891533632,0.661172534145313,0.567455854591478,0.759142070060222,0.850806370283245,0.906499703549607,0.66640835226342,0.949654745696722,1.09502249380613,0,0,0,1e-04
"gaussian_phi035_N64_M4_Q16","gaussian_phi035_N64","gaussian","Gaussian","inside formal moment assumptions","regular",0.35,"phi = 0.35",64,4,16,2,100000,20000,"VK_leading_oracle",0.9346,-0.0154,0.000781810974596801,-0.01546,0.000629931624970934,0.0654,1.14668988401533,0.93515,0.00174132819278848,20000,0.711665969830548,0.000954386272064526,0.134970600969635,0.705962262328659,0.616867772361181,0.799853984971927,0.888692189708981,0.941916847174901,0.711665969830548,1.0141484021096,1.16938847238932,0,0,0,1e-04
"gaussian_phi035_N64_M4_Q16","gaussian_phi035_N64","gaussian","Gaussian","inside formal moment assumptions","regular",0.35,"phi = 0.35",64,4,16,2,100000,20000,"F_feasible_leading",0.92706,-0.02294,0.000822312327525254,-0.023,0.000679643008605394,0.07294,1.21686427683136,0.9263,0.00184754309827944,20000,0.702401391566073,0.00105198059954842,0.148772523123475,0.697007397648035,0.59831509503867,0.800037473866405,0.896991649918743,0.95610092347457,0.702401391566073,1.00094606050351,1.15416519140736,0,0,0,1e-04
"gaussian_phi035_N64_M8_Q8","gaussian_phi035_N64","gaussian","Gaussian","inside formal moment assumptions","regular",0.35,"phi = 0.35",64,8,8,4,100000,20000,"raw",0.8628,-0.0871999999999999,0.00108800808820523,-0.08726,0.000958575042790666,0.1372,1.9008105625299,0.86305,0.00243099462669089,20000,0.591277245672248,0.00114161562717224,0.161448830296405,0.583600662903096,0.4765315608301,0.694192558702546,0.803648223811649,0.872837726769303,0.591277245672248,0.842590343395308,1,0,0,0,0.00958
"gaussian_phi035_N64_M8_Q8","gaussian_phi035_N64","gaussian","Gaussian","inside formal moment assumptions","regular",0.35,"phi = 0.35",64,8,8,4,100000,20000,"K_leading",0.89218,-0.05782,0.000980789720582348,-0.05788,0.000866664045098025,0.10782,1.54440858205554,0.89215,0.00219338069541063,20000,0.652217670262224,0.00126279639673894,0.178586379078409,0.643727476288175,0.525475052015894,0.765712151960821,0.887004207449013,0.964011560863032,0.652217670262224,0.929432537404558,1.10306573614327,0,0,0,0.00958
"gaussian_phi035_N64_M8_Q8","gaussian_phi035_N64","gaussian","Gaussian","inside formal moment assumptions","regular",0.35,"phi = 0.35",64,8,8,4,100000,20000,"V_oracle",0.87653,-0.0734699999999999,0.00104031321773781,-0.07353,0.000914353187459591,0.12347,1.73291343417035,0.8772,0.00232077745594014,20000,0.617829127601113,0.00119428074390983,0.168896802531831,0.609977304559038,0.497900987351692,0.725243985580566,0.839969150060238,0.913133228277936,0.617829127601113,0.880427685312294,1.04490597621202,0,0,0,0.00958
"gaussian_phi035_N64_M8_Q8","gaussian_phi035_N64","gaussian","Gaussian","inside formal moment assumptions","regular",0.35,"phi = 0.35",64,8,8,4,100000,20000,"V_feasible",0.87151,-0.0784899999999999,0.00105820754060817,-0.07855,0.000952579681223829,0.12849,1.78418204536812,0.87175,0.00236433857029826,20000,0.625256669374715,0.00134564446406792,0.190302865121713,0.616733029132673,0.489616966004544,0.7466422498211,0.874405138566786,0.957187730760171,0.625256669374715,0.891012186947372,1.05746783586071,0,0,0,0.00958
"gaussian_phi035_N64_M8_Q8","gaussian_phi035_N64","gaussian","Gaussian","inside formal moment assumptions","regular",0.35,"phi = 0.35",64,8,8,4,100000,20000,"VK_leading_oracle",0.90334,-0.0466599999999999,0.000934434825977713,-0.04672,0.000833174266161394,0.09666,1.40799216526341,0.90325,0.00209032817399565,20000,0.680873412866622,0.0013201631347705,0.186699260973743,0.671839724386423,0.54823359360328,0.79944757012318,0.925862762690667,1.00692238445993,0.680873412866622,0.970267952902132,1.15152987511385,0,0,0,0.00958
"gaussian_phi035_N64_M8_Q8","gaussian_phi035_N64","gaussian","Gaussian","inside formal moment assumptions","regular",0.35,"phi = 0.35",64,8,8,4,100000,20000,"F_feasible_leading",0.89974,-0.05026,0.000949778565772044,-0.05032,0.000868957149038587,0.10026,1.4496479118616,0.90045,0.00211707106045121,20000,0.692419013835554,0.00148425125213984,0.209904825074541,0.682789714109418,0.543273725632811,0.826012343698456,0.967010651514412,1.05852857033399,0.692419013835554,0.986720830052947,1.17105641880116,0,0,0,0.00958
"gaussian_phi035_N64_M16_Q4","gaussian_phi035_N64","gaussian","Gaussian","inside formal moment assumptions","regular",0.35,"phi = 0.35",64,16,4,5,100000,20000,"raw",0.75099,-0.19901,0.00136749413124883,-0.19907,0.00129484675436176,0.24901,1.82703075906701,0.7523,0.00305241469987287,20000,0.479176795175836,0.00142926055576059,0.202127966212153,0.46368605982827,0.329423704532671,0.608314973850951,0.751006227536752,0.840751979368868,0.479176795175836,0.682843358761812,1,0,0,0,0.1321
"gaussian_phi035_N64_M16_Q4","gaussian_phi035_N64","gaussian","Gaussian","inside formal moment assumptions","regular",0.35,"phi = 0.35",64,16,4,5,100000,20000,"K_leading",0.80368,-0.14632,0.00125609895151616,-0.14638,0.00119253644700352,0.19632,1.14189422441688,0.8052,0.00280047281722212,20000,0.562677983487326,0.00168172507375242,0.237831840748357,0.545009337006007,0.386193060282047,0.713764568676831,0.882548892541696,0.988125787116406,0.562677983487326,0.801835414431574,1.17425966606094,0,0,0,0.1321
"gaussian_phi035_N64_M16_Q4","gaussian_phi035_N64","gaussian","Gaussian","inside formal moment assumptions","regular",0.35,"phi = 0.35",64,16,4,5,100000,20000,"V_oracle",0.75596,-0.19404,0.00135825063371971,-0.1941,0.00128548373178514,0.24404,1.7578500101556,0.75725,0.00303168630880571,20000,0.486108443306039,0.00145014258595745,0.205081131243582,0.470505319583919,0.334145330294243,0.617022145267706,0.761928710323138,0.853144927560143,0.486108443306039,0.692721194956377,1.01446574249836,0,0,0,0.1321
"gaussian_phi035_N64_M16_Q4","gaussian_phi035_N64","gaussian","Gaussian","inside formal moment assumptions","regular",0.35,"phi = 0.35",64,16,4,5,100000,20000,"V_feasible",0.75234,-0.19766,0.00136500741536447,-0.19772,0.00129633514989304,0.24766,1.80297584702992,0.7539,0.00304577403955054,20000,0.487449755627849,0.00150711925184245,0.213138848606918,0.469986439853187,0.327436069914248,0.622943467302915,0.775453863272344,0.870342617962966,0.487449755627849,0.694632610993619,1.01726494382721,0,0,0,0.1321
"gaussian_phi035_N64_M16_Q4","gaussian_phi035_N64","gaussian","Gaussian","inside formal moment assumptions","regular",0.35,"phi = 0.35",64,16,4,5,100000,20000,"VK_leading_oracle",0.80734,-0.14266,0.00124716528335261,-0.14272,0.0011846197910049,0.19266,1.09865625634725,0.8088,0.00278067042275779,20000,0.569267230643678,0.00170173984062538,0.240662356224304,0.551433251340378,0.390777131659983,0.722007631338485,0.892766417047872,1.00047587917464,0.569267230643678,0.811225317501282,1.18801084771808,0,0,0,0.1321
"gaussian_phi035_N64_M16_Q4","gaussian_phi035_N64","gaussian","Gaussian","inside formal moment assumptions","regular",0.35,"phi = 0.35",64,16,4,5,100000,20000,"F_feasible_leading",0.8053,-0.1447,0.00125216576378689,-0.14476,0.00119509819956231,0.1947,1.1268599043937,0.806,0.00279610443295668,20000,0.572038929703677,0.00175803771858466,0.248624078478588,0.552653969712982,0.385805197391489,0.729157478501613,0.907874060925914,1.01746994388914,0.572038929703677,0.815175083672477,1.19379514088065,0,0,0,0.1321
"gaussian_phi040_N64_M4_Q16","gaussian_phi040_N64","gaussian","Gaussian","inside formal moment assumptions","regular",0.4,"phi = 0.40",64,4,16,2,100000,20000,"raw",0.88555,-0.06445,0.00100673331870958,-0.06391,0.000815635808199785,0.11445,1.62310622544044,0.88375,0.00226645028072535,20000,0.629179179856337,0.000835913886492476,0.118216075525366,0.625732997247633,0.546676300764002,0.705215401102419,0.782944473989439,0.829468811118559,0.629179179856337,0.846941653449423,1,0,0,0,0.00011
"gaussian_phi040_N64_M4_Q16","gaussian_phi040_N64","gaussian","Gaussian","inside formal moment assumptions","regular",0.4,"phi = 0.40",64,4,16,2,100000,20000,"K_leading",0.90151,-0.0484899999999999,0.000942282971829588,-0.04795,0.000749075153863657,0.09849,1.4709400168054,0.89915,0.00212931065723158,20000,0.661795558832809,0.000880499003560159,0.124521363249077,0.658053415330925,0.574824141791067,0.742022931736832,0.823866064026403,0.872360347791847,0.661795558832809,0.890846745709745,1.0518395713347,0,0,0,0.00011
"gaussian_phi040_N64_M4_Q16","gaussian_phi040_N64","gaussian","Gaussian","inside formal moment assumptions","regular",0.4,"phi = 0.40",64,4,16,2,100000,20000,"V_oracle",0.92306,-0.02694,0.000842735049704235,-0.0264,0.000666059183818047,0.07694,1.26537557481104,0.9203,0.00191504451645386,20000,0.714996971845904,0.000953747591884096,0.134880277952317,0.710769539413094,0.620834629847123,0.801789517397357,0.891040005269178,0.94299264226234,0.714996971845904,0.962461468742133,1.13639642686391,0,0,0,0.00011
"gaussian_phi040_N64_M4_Q16","gaussian_phi040_N64","gaussian","Gaussian","inside formal moment assumptions","regular",0.4,"phi = 0.40",64,4,16,2,100000,20000,"V_feasible",0.9118,-0.0381999999999999,0.000896776226268292,-0.03766,0.000728850160338572,0.0881999999999999,1.37193594197309,0.9095,0.00202866643389198,20000,0.695034286525224,0.00102571004250563,0.145057305317375,0.691439377005428,0.594024335793013,0.789391118629435,0.884094834555058,0.939781896211981,0.695034286525224,0.935589585097401,1.10466828651883,0,0,0,0.00011
"gaussian_phi040_N64_M4_Q16","gaussian_phi040_N64","gaussian","Gaussian","inside formal moment assumptions","regular",0.4,"phi = 0.40",64,4,16,2,100000,20000,"VK_leading_oracle",0.93521,-0.01479,0.000778410276782109,-0.01425,0.000632039057126771,0.06479,1.14674661467251,0.93275,0.00177098048408219,20000,0.752076138964971,0.00100520613836503,0.142157615385651,0.747660684566896,0.653084046221882,0.843582201814473,0.936918391106148,0.992668006364079,0.752076138964971,1.01237394536846,1.19532903033552,0,0,0,0.00011
"gaussian_phi040_N64_M4_Q16","gaussian_phi040_N64","gaussian","Gaussian","inside formal moment assumptions","regular",0.4,"phi = 0.40",64,4,16,2,100000,20000,"F_feasible_leading",0.9253,-0.0246999999999999,0.000831383846367008,-0.02416,0.000685250056312582,0.0747,1.24331694741311,0.92365,0.00187777364849973,20000,0.732403014488603,0.00108068617550738,0.152832104607164,0.728192691498761,0.626105171422574,0.831729506468255,0.93121772691748,0.990335044262218,0.732403014488603,0.985891841214383,1.16406110999387,0,0,0,0.00011
"gaussian_phi040_N64_M8_Q8","gaussian_phi040_N64","gaussian","Gaussian","inside formal moment assumptions","regular",0.4,"phi = 0.40",64,8,8,4,100000,20000,"raw",0.86148,-0.0885199999999999,0.0010923928304415,-0.08798,0.000963329889521113,0.13852,1.91892142130879,0.8599,0.00245430224300105,20000,0.619854751597593,0.00120208607357916,0.170000642839546,0.610250755937946,0.499028390781607,0.730723303955646,0.842222314811152,0.915821372343286,0.619854751597593,0.834389987819396,1,0,0,0,0.01076
"gaussian_phi040_N64_M8_Q8","gaussian_phi040_N64","gaussian","Gaussian","inside formal moment assumptions","regular",0.4,"phi = 0.40",64,8,8,4,100000,20000,"K_leading",0.89102,-0.0589799999999999,0.000985410369338582,-0.05844,0.000867672284074999,0.10898,1.55912365481339,0.889,0.0022212496482836,20000,0.683726463584175,0.00132959613074502,0.188033288057839,0.672554325968861,0.549768319557001,0.806833964400821,0.928956773714321,1.01081294900376,0.683726463584175,0.920368060664899,1.10304303035826,0,0,0,0.01076
"gaussian_phi040_N64_M8_Q8","gaussian_phi040_N64","gaussian","Gaussian","inside formal moment assumptions","regular",0.4,"phi = 0.40",64,8,8,4,100000,20000,"V_oracle",0.8779,-0.0720999999999999,0.00103533371431631,-0.07156,0.000910494345945948,0.1221,1.71616629631755,0.87655,0.00232604919874881,20000,0.653585014922134,0.00126928164012483,0.17950353099357,0.64308941896178,0.525870544217495,0.770727537543569,0.887968256768214,0.965698125343547,0.653585014922134,0.879794486102213,1.05441639874117,0,0,0,0.01076
"gaussian_phi040_N64_M8_Q8","gaussian_phi040_N64","gaussian","Gaussian","inside formal moment assumptions","regular",0.4,"phi = 0.40",64,8,8,4,100000,20000,"V_feasible",0.87302,-0.0769799999999999,0.00105288213775332,-0.07644,0.000945609964933776,0.12698,1.76807357602368,0.871,0.00237022150863585,20000,0.659677887060426,0.00141617730861908,0.200277715657413,0.649252805351598,0.516052475560265,0.79115099025151,0.92006807490136,1.00843946207424,0.659677887060426,0.887996135756672,1.06424591464403,0,0,0,0.01076
"gaussian_phi040_N64_M8_Q8","gaussian_phi040_N64","gaussian","Gaussian","inside formal moment assumptions","regular",0.4,"phi = 0.40",64,8,8,4,100000,20000,"VK_leading_oracle",0.90424,-0.0457599999999999,0.000930537599455282,-0.04522,0.000825444322521692,0.09576,1.39438511575801,0.90295,0.00209321878335734,20000,0.720112269745762,0.00140275541618487,0.198379573426096,0.708137282130828,0.578593630867583,0.849381180539369,0.979072124941403,1.06568395286877,0.720112269745762,0.96934720018382,1.16174356635933,0,0,0,0.01076
"gaussian_phi040_N64_M8_Q8","gaussian_phi040_N64","gaussian","Gaussian","inside formal moment assumptions","regular",0.4,"phi = 0.40",64,8,8,4,100000,20000,"F_feasible_leading",0.90069,-0.04931,0.000945767010949314,-0.04877,0.000862509310224013,0.09931,1.43655978051924,0.899,0.00213071584215258,20000,0.73010130349125,0.00156151506510504,0.220831578292145,0.718221559353372,0.572130992672517,0.874944075681748,1.01773207151753,1.11614969967249,0.73010130349125,0.982793495019414,1.17785868642535,0,0,0,0.01076
"gaussian_phi040_N64_M16_Q4","gaussian_phi040_N64","gaussian","Gaussian","inside formal moment assumptions","regular",0.4,"phi = 0.40",64,16,4,5,100000,20000,"raw",0.74997,-0.20003,0.00136936116163706,-0.19949,0.00129512708740947,0.25003,1.81352751593616,0.74795,0.00307018564178129,20000,0.506436231374648,0.00152342529503723,0.215444871350388,0.488956422751765,0.34934375683216,0.644220063372157,0.797312047520037,0.887139775973628,0.506436231374648,0.681716676106601,1,0,0,0,0.13362
"gaussian_phi040_N64_M16_Q4","gaussian_phi040_N64","gaussian","Gaussian","inside formal moment assumptions","regular",0.4,"phi = 0.40",64,16,4,5,100000,20000,"K_leading",0.8033,-0.1467,0.00125701674610961,-0.14616,0.00118692317858668,0.1967,1.1334546974601,0.8027,0.00281400701847028,20000,0.594747637785676,0.0017933638569979,0.253619948883615,0.574014576590253,0.409471852424942,0.75663751051412,0.937905814503727,1.04400123484948,0.594747637785676,0.800593159879122,1.17437813675242,0,0,0,0.13362
"gaussian_phi040_N64_M16_Q4","gaussian_phi040_N64","gaussian","Gaussian","inside formal moment assumptions","regular",0.4,"phi = 0.40",64,16,4,5,100000,20000,"V_oracle",0.75622,-0.19378,0.00135776033083899,-0.19324,0.00128327685711031,0.24378,1.73134353659791,0.7542,0.00304452262267831,20000,0.515244180288651,0.00155024530259289,0.219237793193205,0.497263372023565,0.355452880521702,0.655495586183903,0.81133256407186,0.902597318721637,0.515244180288651,0.693573105968802,1.01739201970225,0,0,0,0.13362
"gaussian_phi040_N64_M16_Q4","gaussian_phi040_N64","gaussian","Gaussian","inside formal moment assumptions","regular",0.4,"phi = 0.40",64,16,4,5,100000,20000,"V_feasible",0.75335,-0.19665,0.00136313527391818,-0.19611,0.00129186894391563,0.24665,1.77604503209793,0.7511,0.0030573582550954,20000,0.516529123526247,0.00160729294103051,0.227305547591189,0.496353844314875,0.348708180290443,0.661701080223923,0.824951891687704,0.920036984618965,0.516529123526247,0.695302775330217,1.01992924582865,0,0,0,0.13362
"gaussian_phi040_N64_M16_Q4","gaussian_phi040_N64","gaussian","Gaussian","inside formal moment assumptions","regular",0.4,"phi = 0.40",64,16,4,5,100000,20000,"VK_leading_oracle",0.80731,-0.14269,0.00124723920680838,-0.14215,0.0011784089534099,0.19269,1.08208971037369,0.80705,0.00279034314646066,20000,0.603111809831809,0.00181905833720362,0.25725369712212,0.582013024798714,0.415023299445882,0.767166235220722,0.951368927446577,1.05846894274833,0.603111809831809,0.811852219188912,1.19089388252248,0,0,0,0.13362
"gaussian_phi040_N64_M16_Q4","gaussian_phi040_N64","gaussian","Gaussian","inside formal moment assumptions","regular",0.4,"phi = 0.40",64,16,4,5,100000,20000,"F_feasible_leading",0.80495,-0.14505,0.00125301834583537,-0.14451,0.00118839501927062,0.19505,1.1100281450612,0.8049,0.0028021062613684,20000,0.605797548875187,0.00187523222322766,0.265197884268761,0.583233583436106,0.410454344353649,0.774742557222111,0.965727215682562,1.07623332768619,0.605797548875187,0.815467507709189,1.19619709520158,0,0,0,0.13362
"gaussian_phi045_N64_M4_Q16","gaussian_phi045_N64","gaussian","Gaussian","inside formal moment assumptions","regular",0.45,"phi = 0.45",64,4,16,2,100000,20000,"raw",0.87703,-0.07297,0.00103850074193522,-0.07353,0.000855593777097002,0.12297,1.70715327862539,0.8742,0.0023449345406642,20000,0.650559917588713,0.000873833864946248,0.123578770306788,0.645467365958965,0.565052046943543,0.730826433039585,0.810851580608001,0.861884766010561,0.650559917588713,0.825010952168742,1,0,0,0,0.00014
"gaussian_phi045_N64_M4_Q16","gaussian_phi045_N64","gaussian","Gaussian","inside formal moment assumptions","regular",0.45,"phi = 0.45",64,4,16,2,100000,20000,"K_leading",0.89335,-0.05665,0.000976093117996434,-0.05721,0.000787004671373384,0.10665,1.54710765875426,0.8906,0.00220716605628122,20000,0.684263067072053,0.000920432653512207,0.130168834184802,0.67893574585591,0.59406801889616,0.768853487568455,0.853258677192078,0.907211516530339,0.684263067072053,0.867751776948413,1.05180637259095,0,0,0,0.00014
"gaussian_phi045_N64_M4_Q16","gaussian_phi045_N64","gaussian","Gaussian","inside formal moment assumptions","regular",0.45,"phi = 0.45",64,4,16,2,100000,20000,"V_oracle",0.92324,-0.02676,0.000841830757337839,-0.02732,0.00066988108154107,0.0767600000000001,1.26761374288651,0.9208,0.00190954654303057,20000,0.757949903211276,0.00102320917596562,0.144703629379518,0.752281032652831,0.658149548767411,0.852031468460763,0.94597347676439,1.00569204067258,0.757949903211276,0.961198122476198,1.16507316654337,0,0,0,0.00014
"gaussian_phi045_N64_M4_Q16","gaussian_phi045_N64","gaussian","Gaussian","inside formal moment assumptions","regular",0.45,"phi = 0.45",64,4,16,2,100000,20000,"V_feasible",0.9073,-0.0427,0.000917097105000337,-0.04326,0.000744641705058674,0.0927,1.41597976706018,0.90485,0.0020748069488509,20000,0.723979976098662,0.00107024678030733,0.151355751179677,0.718399296605613,0.619066832467104,0.822354327466075,0.920894467283436,0.982697841337842,0.723979976098662,0.918118982254716,1.11285672007289,0,0,0,0.00014
"gaussian_phi045_N64_M4_Q16","gaussian_phi045_N64","gaussian","Gaussian","inside formal moment assumptions","regular",0.45,"phi = 0.45",64,4,16,2,100000,20000,"VK_leading_oracle",0.93507,-0.01493,0.000779192499322215,-0.01549,0.000632696295268133,0.06493,1.1487749544909,0.9323,0.00177646714014079,20000,0.797215519067263,0.00107850947179477,0.152524272216001,0.791240421062666,0.691788767751565,0.896617654683253,0.995928347354574,1.05864301714504,0.797215519067263,1.01099301799468,1.22542981440069,0,0,0,0.00014
"gaussian_phi045_N64_M4_Q16","gaussian_phi045_N64","gaussian","Gaussian","inside formal moment assumptions","regular",0.45,"phi = 0.45",64,4,16,2,100000,20000,"F_feasible_leading",0.92154,-0.0284599999999999,0.000850317754724667,-0.02902,0.000695832765707665,0.07846,1.28323166389829,0.91965,0.00192215864979975,20000,0.762743630893517,0.0011275236248442,0.159455920215074,0.757119533022309,0.652511781584413,0.866236233456187,0.970323547232433,1.03519686133439,0.762743630893517,0.967277313235785,1.17244178479457,0,0,0,0.00014
"gaussian_phi045_N64_M8_Q8","gaussian_phi045_N64","gaussian","Gaussian","inside formal moment assumptions","regular",0.45,"phi = 0.45",64,8,8,4,100000,20000,"raw",0.85803,-0.09197,0.00110369614976224,-0.09253,0.000972775130189161,0.14197,1.94102106358861,0.85335,0.00250143736179821,20000,0.648477435680888,0.00125492219323605,0.177472798539742,0.638033576221132,0.525000860823636,0.764470745142889,0.882460884697813,0.951403176445124,0.648477435680888,0.822370041877164,1,0,0,0,0.01112
"gaussian_phi045_N64_M8_Q8","gaussian_phi045_N64","gaussian","Gaussian","inside formal moment assumptions","regular",0.45,"phi = 0.45",64,8,8,4,100000,20000,"K_leading",0.88729,-0.0627099999999999,0.00100003227897903,-0.06327,0.000882426686908651,0.11271,1.57707961416575,0.8817,0.00228369339010297,20000,0.715260869118295,0.00138784169090143,0.196270454169961,0.703114782235285,0.578508990997618,0.843194726474744,0.972724088907121,1.05041737909297,0.715260869118295,0.907061801267304,1.10298497644299,0,0,0,0.01112
"gaussian_phi045_N64_M8_Q8","gaussian_phi045_N64","gaussian","Gaussian","inside formal moment assumptions","regular",0.45,"phi = 0.45",64,8,8,4,100000,20000,"V_oracle",0.87748,-0.0725199999999999,0.00103686474334891,-0.07308,0.000912798700708256,0.12252,1.69760397201387,0.87255,0.00235803411234867,20000,0.690978974018408,0.0013393795133898,0.189416867300053,0.679654354393315,0.558881677112656,0.814635052775684,0.93957514633138,1.01472415926136,0.690978974018408,0.876268589365976,1.06554050457113,0,0,0,0.01112
"gaussian_phi045_N64_M8_Q8","gaussian_phi045_N64","gaussian","Gaussian","inside formal moment assumptions","regular",0.45,"phi = 0.45",64,8,8,4,100000,20000,"V_feasible",0.8723,-0.0777,0.00105542744895137,-0.07826,0.000945390216591338,0.1277,1.75871329912527,0.8677,0.00239579537940952,20000,0.694150825175762,0.00147486419796671,0.208577295142304,0.681809201865004,0.547992373495964,0.831811448055814,0.969190979103304,1.05001087287847,0.694150825175762,0.880290988952421,1.07043173282802,0,0,0,0.01112
"gaussian_phi045_N64_M8_Q8","gaussian_phi045_N64","gaussian","Gaussian","inside formal moment assumptions","regular",0.45,"phi = 0.45",64,8,8,4,100000,20000,"VK_leading_oracle",0.90454,-0.0454599999999999,0.000929232954645927,-0.04602,0.000827664452712851,0.09546,1.37930322726127,0.90005,0.0021208488571796,20000,0.761080176449915,0.00147972085604359,0.209264130314317,0.748161478122217,0.615057738723051,0.897706067043011,1.03537268674436,1.11954930004147,0.761080176449915,0.965167794808195,1.17364172532973,0,0,0,0.01112
"gaussian_phi045_N64_M8_Q8","gaussian_phi045_N64","gaussian","Gaussian","inside formal moment assumptions","regular",0.45,"phi = 0.45",64,8,8,4,100000,20000,"F_feasible_leading",0.89986,-0.05014,0.000949273303111385,-0.0507,0.000863772285400273,0.10014,1.42895455553928,0.89535,0.00216446734209597,20000,0.767812832416717,0.00162588055642348,0.22993423336928,0.754765967869552,0.60692423270446,0.919745385317951,1.07115585544605,1.16134410580352,0.767812832416717,0.973705847583384,1.18402397704174,0,0,0,0.01112
"gaussian_phi045_N64_M16_Q4","gaussian_phi045_N64","gaussian","Gaussian","inside formal moment assumptions","regular",0.45,"phi = 0.45",64,16,4,5,100000,20000,"raw",0.7493,-0.2007,0.00137058202965018,-0.20126,0.00129705857524226,0.2507,1.84437738010463,0.74625,0.00307701915414903,20000,0.531805239792765,0.00159185983513204,0.225122976824073,0.511136117343165,0.36570508226954,0.677914689875968,0.833630934900038,0.933389431333312,0.531805239792765,0.674411588214588,1,0,0,0,0.13258
"gaussian_phi045_N64_M16_Q4","gaussian_phi045_N64","gaussian","Gaussian","inside formal moment assumptions","regular",0.45,"phi = 0.45",64,16,4,5,100000,20000,"K_leading",0.8027,-0.1473,0.00125846219649221,-0.14786,0.0011883553028801,0.1973,1.15273586256539,0.79905,0.00283345281855901,20000,0.6244741347429,0.00187355782159633,0.264961088119172,0.600354538049572,0.429216288764287,0.795307664401654,0.980341472456099,1.09928698501913,0.6244741347429,0.79193013061512,1.17425344471266,0,0,0,0.13258
"gaussian_phi045_N64_M16_Q4","gaussian_phi045_N64","gaussian","Gaussian","inside formal moment assumptions","regular",0.45,"phi = 0.45",64,16,4,5,100000,20000,"V_oracle",0.75632,-0.19368,0.00135757157306714,-0.19424,0.00128316978192556,0.24368,1.74505946721136,0.75245,0.00305179453354907,20000,0.542839366321215,0.00162527689688194,0.229848863018209,0.521903508888081,0.37334246347158,0.691774927657326,0.851181784168026,0.95306881613856,0.542839366321215,0.688404573314758,1.02074843514658,0,0,0,0.13258
"gaussian_phi045_N64_M16_Q4","gaussian_phi045_N64","gaussian","Gaussian","inside formal moment assumptions","regular",0.45,"phi = 0.45",64,16,4,5,100000,20000,"V_feasible",0.7532,-0.1968,0.0013634139503467,-0.19736,0.00129302243718747,0.2468,1.79011583503681,0.7491,0.00306552760548653,20000,0.543570298026998,0.00167966825005444,0.237540961951448,0.520357215176805,0.367292517369799,0.697044044079527,0.864214968133391,0.969025978058159,0.543570298026998,0.689331508169266,1.0221228700921,0,0,0,0.13258
"gaussian_phi045_N64_M16_Q4","gaussian_phi045_N64","gaussian","Gaussian","inside formal moment assumptions","regular",0.45,"phi = 0.45",64,16,4,5,100000,20000,"VK_leading_oracle",0.80772,-0.14228,0.00124622791494975,-0.14284,0.00117829589993867,0.19228,1.0906621670071,0.8034,0.00281023522147168,20000,0.634935057045589,0.00190551882190337,0.269481056129294,0.610444596048392,0.436591155193436,0.808626229956566,0.997463308198506,1.11739716498216,0.634935057045589,0.805196203787124,1.1939240337177,0,0,0,0.13258
"gaussian_phi045_N64_M16_Q4","gaussian_phi045_N64","gaussian","Gaussian","inside formal moment assumptions","regular",0.45,"phi = 0.45",64,16,4,5,100000,20000,"F_feasible_leading",0.80561,-0.14439,0.00125140931713009,-0.14495,0.00118693262786505,0.19439,1.11882239689801,0.80195,0.00281803297975733,20000,0.63707407707628,0.00195882546826649,0.27701975435443,0.610630386625358,0.432344480688966,0.815608475694029,1.00973628618046,1.13452345135648,0.63707407707628,0.807908813194063,1.19794622054596,0,0,0,0.13258
"gaussian_phi050_N64_M4_Q16","gaussian_phi050_N64","gaussian","Gaussian","inside formal moment assumptions","regular",0.5,"phi = 0.50",64,4,16,2,100000,20000,"raw",0.86366,-0.08634,0.00108513319182486,-0.08602,0.000907752078564605,0.13634,1.8352971360172,0.8587,0.00246307034004309,20000,0.672378199848869,0.00090491648311576,0.127974516323727,0.667673573627405,0.583151516799262,0.755651146086165,0.839598047779854,0.889369570988802,0.672378199848869,0.800638715224887,1,0,0,0,9e-05
"gaussian_phi050_N64_M4_Q16","gaussian_phi050_N64","gaussian","Gaussian","inside formal moment assumptions","regular",0.5,"phi = 0.50",64,4,16,2,100000,20000,"K_leading",0.88115,-0.06885,0.00102335075853785,-0.06853,0.000839370857508387,0.11885,1.66323802951559,0.8772,0.00232077745594014,20000,0.707218059852454,0.00095316096547878,0.134797316450472,0.702287336446838,0.613548493806497,0.795011033061125,0.883242740163798,0.935624626285577,0.707218059852454,0.842124505154059,1.05181586793179,0,0,0,9e-05
"gaussian_phi050_N64_M4_Q16","gaussian_phi050_N64","gaussian","Gaussian","inside formal moment assumptions","regular",0.5,"phi = 0.50",64,4,16,2,100000,20000,"V_oracle",0.91924,-0.03076,0.000861613732481093,-0.03044,0.000687850852574854,0.0807600000000001,1.28861288273548,0.9184,0.00193573551912445,20000,0.806215601576024,0.00109171576659258,0.154391924337177,0.800055596332171,0.699199436522666,0.906527687255376,1.00743414043029,1.06867385904074,0.806215601576024,0.960006471930789,1.19905077493178,0,0,0,9e-05
"gaussian_phi050_N64_M4_Q16","gaussian_phi050_N64","gaussian","Gaussian","inside formal moment assumptions","regular",0.5,"phi = 0.50",64,4,16,2,100000,20000,"V_feasible",0.89818,-0.05182,0.000956308985631736,-0.0515,0.000785419422243102,0.10182,1.49517594102487,0.8954,0.0021640106284397,20000,0.754008305267618,0.00110501219743891,0.15627232362058,0.747595801241178,0.645596754853373,0.856588721250619,0.957615249623207,1.01909025202883,0.754008305267618,0.897840294248165,1.12140504471605,0,0,0,9e-05
"gaussian_phi050_N64_M4_Q16","gaussian_phi050_N64","gaussian","Gaussian","inside formal moment assumptions","regular",0.5,"phi = 0.50",64,4,16,2,100000,20000,"VK_leading_oracle",0.93135,-0.0186499999999999,0.000799607262973517,-0.01833,0.000651877565531753,0.06865,1.16780542497903,0.9311,0.00179098841425622,20000,0.847970580437064,0.00115085213605546,0.162755069909567,0.841702225894258,0.735034889172477,0.953710119888886,1.06055812762793,1.12504004825439,0.847970580437064,1.00972648462165,1.26115121017853,0,0,0,9e-05
"gaussian_phi050_N64_M4_Q16","gaussian_phi050_N64","gaussian","Gaussian","inside formal moment assumptions","regular",0.5,"phi = 0.50",64,4,16,2,100000,20000,"F_feasible_leading",0.91224,-0.0377599999999999,0.000894752381388281,-0.03744,0.000728139935642634,0.0877599999999999,1.35500319655379,0.9111,0.00201242130280913,20000,0.794241528246778,0.00116418160133788,0.164640140967725,0.787410421936984,0.680231718533024,0.90206645592755,1.00846659996425,1.0738178510169,0.794241528246778,0.945748266223806,1.18124223602922,0,0,0,9e-05
"gaussian_phi050_N64_M8_Q8","gaussian_phi050_N64","gaussian","Gaussian","inside formal moment assumptions","regular",0.5,"phi = 0.50",64,8,8,4,100000,20000,"raw",0.8513,-0.0987,0.00112511470526342,-0.09838,0.000993188612619075,0.1487,2.02673952658195,0.85005,0.00252452963440717,20000,0.681536741717155,0.0013146097490365,0.18591389363153,0.674626082672711,0.551522341300691,0.802777269480435,0.923677533890547,0.999346329914532,0.681536741717155,0.811544308529973,1,0,0,0,0.01142
"gaussian_phi050_N64_M8_Q8","gaussian_phi050_N64","gaussian","Gaussian","inside formal moment assumptions","regular",0.5,"phi = 0.50",64,8,8,4,100000,20000,"K_leading",0.88136,-0.0686399999999999,0.00102256809259824,-0.06832,0.0009011836091047,0.11864,1.64672586534784,0.87985,0.00229906478268882,20000,0.751756031591543,0.00145397754622,0.205623476525028,0.743938549002559,0.607883963835545,0.885451932022185,1.0186656752147,1.10345738069154,0.751756031591543,0.895158384717557,1.10303082075585,0,0,0,0.01142
"gaussian_phi050_N64_M8_Q8","gaussian_phi050_N64","gaussian","Gaussian","inside formal moment assumptions","regular",0.5,"phi = 0.50",64,8,8,4,100000,20000,"V_oracle",0.87537,-0.07463,0.00104449683149352,-0.07431,0.000919287055215562,0.12463,1.72623226964859,0.87385,0.00234772419057265,20000,0.735329875265007,0.00142126475582423,0.200997189340951,0.727528761577237,0.594680505758917,0.866134018173481,0.996704692709444,1.07924018654038,0.735329875265007,0.875598832221184,1.07892917616198,0,0,0,0.01142
"gaussian_phi050_N64_M8_Q8","gaussian_phi050_N64","gaussian","Gaussian","inside formal moment assumptions","regular",0.5,"phi = 0.50",64,8,8,4,100000,20000,"V_feasible",0.86867,-0.0813299999999999,0.00106809377444118,-0.08101,0.000956495137378899,0.13133,1.80259752604213,0.86715,0.00240000914060759,20000,0.734050684836774,0.00154317127546343,0.218237374682496,0.726066075329856,0.581389070451977,0.876500361380584,1.0177100043502,1.10555189277475,0.734050684836774,0.874075627897757,1.07705225544746,0,0,0,0.01142
"gaussian_phi050_N64_M8_Q8","gaussian_phi050_N64","gaussian","Gaussian","inside formal moment assumptions","regular",0.5,"phi = 0.50",64,8,8,4,100000,20000,"VK_leading_oracle",0.90145,-0.04855,0.000942538580112241,-0.04823,0.000837523543225416,0.09855,1.40256371908948,0.90025,0.00211896127265224,20000,0.809716440389474,0.00156996920545936,0.222027174286873,0.80086412663412,0.654832095982302,0.954071237907053,1.09785592485432,1.18988042844956,0.809716440389474,0.96417511852052,1.18807452456542,0,0,0,0.01142
"gaussian_phi050_N64_M8_Q8","gaussian_phi050_N64","gaussian","Gaussian","inside formal moment assumptions","regular",0.5,"phi = 0.50",64,8,8,4,100000,20000,"F_feasible_leading",0.89645,-0.05355,0.000963469758217662,-0.05323,0.000869697208649279,0.10355,1.46461048990923,0.8947,0.00217039063304282,20000,0.811544650248529,0.00170112783951997,0.240575806197958,0.802674544720616,0.643144807187218,0.968503661816293,1.12469261539691,1.22192919616258,0.811544650248529,0.966352071302517,1.190757006297,0,0,0,0.01142
"gaussian_phi050_N64_M16_Q4","gaussian_phi050_N64","gaussian","Gaussian","inside formal moment assumptions","regular",0.5,"phi = 0.50",64,16,4,5,100000,20000,"raw",0.74495,-0.20505,0.00137840305244874,-0.20473,0.00130605257502648,0.25505,1.85291897900496,0.74105,0.00309753851872741,20000,0.564319664449905,0.00167887022924711,0.23742810476657,0.54743822481711,0.390008865911246,0.716308198859934,0.879428125989754,0.989723521848419,0.564319664449905,0.671967311288299,1,0,0,0,0.13618
"gaussian_phi050_N64_M16_Q4","gaussian_phi050_N64","gaussian","Gaussian","inside formal moment assumptions","regular",0.5,"phi = 0.50",64,16,4,5,100000,20000,"K_leading",0.79844,-0.15156,0.0012685959419768,-0.15124,0.00120194803165141,0.20156,1.1580743618781,0.7958,0.00285045926124195,20000,0.662628765426856,0.0019768266782917,0.279565509890108,0.64234097762072,0.457718463353778,0.840093686414295,1.03328977412434,1.16243311391499,0.662628765426856,0.789029512767752,1.17420817875057,0,0,0,0.13618
"gaussian_phi050_N64_M16_Q4","gaussian_phi050_N64","gaussian","Gaussian","inside formal moment assumptions","regular",0.5,"phi = 0.50",64,16,4,5,100000,20000,"V_oracle",0.75334,-0.19666,0.00136315385925434,-0.19634,0.00129101615451826,0.24666,1.73464996105144,0.7506,0.00305940876641223,20000,0.57827035661248,0.00172097417215187,0.243382501475099,0.560952434340654,0.399614049980064,0.733955004284568,0.901258241206689,1.01392823328755,0.57827035661248,0.688579188728783,1.02472125825382,0,0,0,0.13618
"gaussian_phi050_N64_M16_Q4","gaussian_phi050_N64","gaussian","Gaussian","inside formal moment assumptions","regular",0.5,"phi = 0.50",64,16,4,5,100000,20000,"V_feasible",0.75019,-0.19981,0.0013689593270072,-0.19949,0.00129982856352018,0.24981,1.78136240310304,0.7474,0.00307240329384018,20000,0.578310746773846,0.00177202566432666,0.250602272736395,0.559535516584467,0.39391780207547,0.738271106138571,0.911613043048421,1.0303145709913,0.578310746773846,0.688627283576163,1.02479283144879,0,0,0,0.13618
"gaussian_phi050_N64_M16_Q4","gaussian_phi050_N64","gaussian","Gaussian","inside formal moment assumptions","regular",0.5,"phi = 0.50",64,16,4,5,100000,20000,"VK_leading_oracle",0.80461,-0.14539,0.00125384507775084,-0.14507,0.00118998366022863,0.19539,1.08415622565715,0.80165,0.00281963896181763,20000,0.675830448168046,0.00201707730791519,0.285257808520867,0.654889490302697,0.466688066059977,0.857121673289212,1.05432423111745,1.18619188147795,0.675830448168046,0.804749502367486,1.19760215839163,0,0,0,0.13618
"gaussian_phi050_N64_M16_Q4","gaussian_phi050_N64","gaussian","Gaussian","inside formal moment assumptions","regular",0.5,"phi = 0.50",64,16,4,5,100000,20000,"F_feasible_leading",0.80226,-0.14774,0.0012595193225989,-0.14742,0.00119945313492367,0.19774,1.1133515019394,0.79915,0.00283292496812041,20000,0.677280371403183,0.00206699877878876,0.292317770637169,0.65534350299864,0.462766732639104,0.863204988317586,1.06609838123027,1.20170853779532,0.677280371403183,0.806476007891336,1.20017148802247,0,0,0,0.13618
"gaussian_phi055_N64_M4_Q16","gaussian_phi055_N64","gaussian","Gaussian","inside formal moment assumptions","regular",0.55,"phi = 0.55",64,4,16,2,100000,20000,"raw",0.85004,-0.0999599999999999,0.00112903497908612,-0.09985,0.000962397546282393,0.14996,1.99403801323874,0.85055,0.00252105828472886,20000,0.693034804608357,0.000958252682834125,0.135517394024442,0.687069673175458,0.598919161846671,0.78112146018644,0.871446954470263,0.927481833589038,0.693034804608357,0.771658659907562,1,0,0,0,0.00027
"gaussian_phi055_N64_M4_Q16","gaussian_phi055_N64","gaussian","Gaussian","inside formal moment assumptions","regular",0.55,"phi = 0.55",64,4,16,2,100000,20000,"K_leading",0.86779,-0.08221,0.00107112331643,-0.0821,0.000895658373510358,0.13221,1.80709694949761,0.86815,0.00239233753366869,20000,0.728928917636497,0.00100898154275548,0.142691538194893,0.722815619856486,0.629875876374217,0.821556013422199,0.916087406085921,0.976146793551162,0.728928917636497,0.811624911203582,1.05179265570713,0,0,0,0.00027
"gaussian_phi055_N64_M4_Q16","gaussian_phi055_N64","gaussian","Gaussian","inside formal moment assumptions","regular",0.55,"phi = 0.55",64,4,16,2,100000,20000,"V_oracle",0.91863,-0.03137,0.000864574595393596,-0.03126,0.000698164019647234,0.0813700000000001,1.31213151214232,0.9205,0.00191284800755314,20000,0.859016602939003,0.00119491205899544,0.168986083967451,0.851024360140496,0.741708697062282,0.968583459485172,1.0798939323534,1.15286042747249,0.859016602939003,0.956470867342445,1.23949994607334,0,0,0,0.00027
"gaussian_phi055_N64_M4_Q16","gaussian_phi055_N64","gaussian","Gaussian","inside formal moment assumptions","regular",0.55,"phi = 0.55",64,4,16,2,100000,20000,"V_feasible",0.88877,-0.06123,0.000994273036444216,-0.06112,0.000822222729254163,0.11123,1.59721579514043,0.88995,0.00221290530185998,20000,0.782675508060577,0.00116706378920958,0.165047743885473,0.775616926496207,0.668647302290599,0.889650378567328,0.997850955668327,1.06752517794716,0.782675508060577,0.871468979157258,1.12934516831788,0,0,0,0.00027
"gaussian_phi055_N64_M4_Q16","gaussian_phi055_N64","gaussian","Gaussian","inside formal moment assumptions","regular",0.55,"phi = 0.55",64,4,16,2,100000,20000,"VK_leading_oracle",0.93129,-0.01871,0.000799930846386111,-0.0186,0.000658289247555612,0.06871,1.18911918287898,0.93285,0.00176975814025533,20000,0.903444803885327,0.00125922776481865,0.17808169831233,0.894790487240961,0.780159077526598,1.01858122165417,1.13597250648452,1.21306320599026,0.903444803885327,1.00593938721529,1.3036066845097,0,0,0,0.00027
"gaussian_phi055_N64_M4_Q16","gaussian_phi055_N64","gaussian","Gaussian","inside formal moment assumptions","regular",0.55,"phi = 0.55",64,4,16,2,100000,20000,"F_feasible_leading",0.9042,-0.0458,0.000930711340857089,-0.04569,0.000761465716431392,0.0958,1.44747681434601,0.90595,0.00206403243070452,20000,0.824271964738326,0.00122901937413626,0.173809586732279,0.816644304261038,0.704037412874703,0.93687923650409,1.05085607763601,1.1242674193459,0.824271964738326,0.917784497228525,1.18936590090036,0,0,0,0.00027
"gaussian_phi055_N64_M8_Q8","gaussian_phi055_N64","gaussian","Gaussian","inside formal moment assumptions","regular",0.55,"phi = 0.55",64,8,8,4,100000,20000,"raw",0.84351,-0.10649,0.00114891635857446,-0.10638,0.001018058603634,0.15649,2.08336098010393,0.84355,0.00256878762746164,20000,0.715282511354103,0.00140442113248214,0.198615141283962,0.702955701378476,0.576438290331126,0.845411503344927,0.975392370628451,1.0618264952199,0.715282511354103,0.796430338702454,1,0,0,0,0.01312
"gaussian_phi055_N64_M8_Q8","gaussian_phi055_N64","gaussian","Gaussian","inside formal moment assumptions","regular",0.55,"phi = 0.55",64,8,8,4,100000,20000,"K_leading",0.8751,-0.0749,0.00104546635526926,-0.07479,0.000921288796594459,0.1249,1.69273079633444,0.8771,0.00232158986472633,20000,0.788959307086078,0.00155304508212853,0.219633741812301,0.77532584863871,0.63494963200778,0.932626406589873,1.07641968322019,1.17113717768196,0.788959307086078,0.878465666629379,1.10300377062554,0,0,0,0.01312
"gaussian_phi055_N64_M8_Q8","gaussian_phi055_N64","gaussian","Gaussian","inside formal moment assumptions","regular",0.55,"phi = 0.55",64,8,8,4,100000,20000,"V_oracle",0.8731,-0.0769,0.00105259864145837,-0.07679,0.000927114639306027,0.1269,1.71844675662763,0.87515,0.00233733264106759,20000,0.783416504250079,0.00154181978818344,0.218046245518424,0.769863070663018,0.630627772389234,0.925936415447256,1.06892285963142,1.16281913924949,0.783416504250079,0.872294040355897,1.09525466066127,0,0,0,0.01312
"gaussian_phi055_N64_M8_Q8","gaussian_phi055_N64","gaussian","Gaussian","inside formal moment assumptions","regular",0.55,"phi = 0.55",64,8,8,4,100000,20000,"V_feasible",0.86469,-0.08531,0.0010816709476546,-0.0852,0.000966963779150751,0.13531,1.81937434963729,0.8664,0.00240573315228435,20000,0.775277529769767,0.00164284777178545,0.23233375997734,0.761522799491113,0.61273344960223,0.92800054587978,1.07915295169725,1.17767854805395,0.775277529769767,0.86323171029868,1.08387597552481,0,0,0,0.01312
"gaussian_phi055_N64_M8_Q8","gaussian_phi055_N64","gaussian","Gaussian","inside formal moment assumptions","regular",0.55,"phi = 0.55",64,8,8,4,100000,20000,"VK_leading_oracle",0.90064,-0.04936,0.000945978807373611,-0.04925,0.000842645521862399,0.09936,1.39623798975995,0.9014,0.00210805645085704,20000,0.862307928509436,0.00170229715345821,0.240741172160972,0.847184879941823,0.693539947264229,1.01931201562313,1.17721203275461,1.28273969489212,0.862307928509436,0.960135589319049,1.20554873748695,0,0,0,0.01312
"gaussian_phi055_N64_M8_Q8","gaussian_phi055_N64","gaussian","Gaussian","inside formal moment assumptions","regular",0.55,"phi = 0.55",64,8,8,4,100000,20000,"F_feasible_leading",0.89374,-0.05626,0.000974519432335754,-0.05615,0.00088112402009898,0.10626,1.4782416590803,0.89455,0.00217175387072292,20000,0.856603393135956,0.00181071653263221,0.256073987806165,0.841535453257376,0.67759333913595,1.02469321434972,1.19181624253272,1.30219925894687,0.856603393135956,0.953783882171842,1.19757351751033,0,0,0,0.01312
"gaussian_phi055_N64_M16_Q4","gaussian_phi055_N64","gaussian","Gaussian","inside formal moment assumptions","regular",0.55,"phi = 0.55",64,16,4,5,100000,20000,"raw",0.74082,-0.20918,0.00138566131359723,-0.20907,0.00131522418208703,0.25918,1.85925316381893,0.7411,0.00309734394280002,20000,0.599761155518975,0.00179168800317066,0.253382947362512,0.576069892422752,0.415137945005341,0.759170407235964,0.940139558047988,1.05150915795222,0.599761155518975,0.667803242282938,1,0,0,0,0.13873
"gaussian_phi055_N64_M16_Q4","gaussian_phi055_N64","gaussian","Gaussian","inside formal moment assumptions","regular",0.55,"phi = 0.55",64,16,4,5,100000,20000,"K_leading",0.79576,-0.15424,0.00127485694256258,-0.15413,0.00120812003813374,0.20424,1.16203322738683,0.7964,0.00284734121594164,20000,0.704230885175056,0.00210822578321612,0.298148149516887,0.675695870075138,0.486857519155166,0.891275443114668,1.10453058531338,1.23548462174372,0.704230885175056,0.784124920575666,1.17418555485756,0,0,0,0.13873
"gaussian_phi055_N64_M16_Q4","gaussian_phi055_N64","gaussian","Gaussian","inside formal moment assumptions","regular",0.55,"phi = 0.55",64,16,4,5,100000,20000,"V_oracle",0.75133,-0.19867,0.00136686952961868,-0.19856,0.00129628548844793,0.24867,1.71834912476775,0.7519,0.00305406606018927,20000,0.617478574186936,0.00184518847933329,0.260949057260772,0.593126236861833,0.427075328867448,0.781939204226248,0.968150156258672,1.08316705011079,0.617478574186936,0.687530677983756,1.02954079053791,0,0,0,0.13873
"gaussian_phi055_N64_M16_Q4","gaussian_phi055_N64","gaussian","Gaussian","inside formal moment assumptions","regular",0.55,"phi = 0.55",64,16,4,5,100000,20000,"V_feasible",0.74737,-0.20263,0.0013740745361879,-0.20252,0.00130655025419448,0.25263,1.77006319063049,0.74835,0.00306856870136551,20000,0.616249623392313,0.00189115420915135,0.267449593112081,0.589952645662339,0.419930136914431,0.784117759388967,0.977653293426751,1.09436538581315,0.616249623392313,0.686162304394197,1.02749172353296,0,0,0,0.13873
"gaussian_phi055_N64_M16_Q4","gaussian_phi055_N64","gaussian","Gaussian","inside formal moment assumptions","regular",0.55,"phi = 0.55",64,16,4,5,100000,20000,"VK_leading_oracle",0.80338,-0.14662,0.00125682367737086,-0.14651,0.00119216710725641,0.19662,1.07396820297985,0.80425,0.00280563662561637,20000,0.72096000070819,0.00215917602666475,0.305353602046015,0.691704347732269,0.498362819845931,0.912388385232189,1.1314666170989,1.26543806641729,0.72096000070819,0.802751931496181,1.20207851754644,0,0,0,0.13873
"gaussian_phi055_N64_M16_Q4","gaussian_phi055_N64","gaussian","Gaussian","inside formal moment assumptions","regular",0.55,"phi = 0.55",64,16,4,5,100000,20000,"F_feasible_leading",0.80062,-0.14938,0.00126343822801117,-0.14927,0.00120170674958208,0.19938,1.10628949414405,0.8009,0.00282364294839132,20000,0.721171751581648,0.00220392850930597,0.311682558836122,0.690418337424662,0.492429814427501,0.916422302807953,1.14223982016642,1.27823185126245,0.721171751581648,0.802987705218021,1.2024315762124,0,0,0,0.13873
"gaussian_phi060_N64_M4_Q16","gaussian_phi060_N64","gaussian","Gaussian","inside formal moment assumptions","regular",0.6,"phi = 0.60",64,4,16,2,100000,20000,"raw",0.83407,-0.11593,0.00117642354235199,-0.11584,0.00101991242085459,0.16593,2.17806445241385,0.8344,0.00262846571215985,20000,0.7129800802284,0.00100411152430982,0.142002813581407,0.706898915744073,0.612606784781548,0.805328812285975,0.898891419407499,0.957443152022616,0.7129800802284,0.738441485259482,1,0,0,0,0.00036
"gaussian_phi060_N64_M4_Q16","gaussian_phi060_N64","gaussian","Gaussian","inside formal moment assumptions","regular",0.6,"phi = 0.60",64,4,16,2,100000,20000,"K_leading",0.85303,-0.09697,0.00111968664857629,-0.09688,0.000950763743270091,0.14697,1.97387091000005,0.8531,0.00250320184963179,20000,0.749887467306886,0.0010573252701229,0.149528373684761,0.743430447067613,0.644039900986681,0.847005249444782,0.946119805000293,1.00728308200881,0.749887467306886,0.77666688101325,1.05176496244701,0,0,0,0.00036
"gaussian_phi060_N64_M4_Q16","gaussian_phi060_N64","gaussian","Gaussian","inside formal moment assumptions","regular",0.6,"phi = 0.60",64,4,16,2,100000,20000,"V_oracle",0.91677,-0.03323,0.000873514551109482,-0.03314,0.000709240744898615,0.08323,1.32833007602504,0.91685,0.00195238415149273,20000,0.918703743416096,0.00130407972761066,0.184424723720281,0.910799828916438,0.789406613479459,1.03796695949287,1.16137276419492,1.23758881409846,0.918703743416096,0.951511796212179,1.28854054817604,0,0,0,0.00036
"gaussian_phi060_N64_M4_Q16","gaussian_phi060_N64","gaussian","Gaussian","inside formal moment assumptions","regular",0.6,"phi = 0.60",64,4,16,2,100000,20000,"V_feasible",0.87757,-0.07243,0.00103653699933963,-0.07234,0.000861206514586721,0.12243,1.7167888137683,0.87865,0.00230894107222337,20000,0.810333468279359,0.00122073500909227,0.172638000592193,0.802527760564836,0.688677474912047,0.922335148363327,1.03668640554712,1.10716891737943,0.810333468279359,0.83927148382601,1.13654433097173,0,0,0,0.00036
"gaussian_phi060_N64_M4_Q16","gaussian_phi060_N64","gaussian","Gaussian","inside formal moment assumptions","regular",0.6,"phi = 0.60",64,4,16,2,100000,20000,"VK_leading_oracle",0.92935,-0.0206499999999999,0.000810299805627522,-0.02056,0.000664362309115123,0.07065,1.20379913139769,0.9297,0.00180773214276894,20000,0.96612494446048,0.00137447150396811,0.194379624200705,0.957552950723138,0.829829626831855,1.09166495815683,1.22212915730879,1.30195467728462,0.96612494446048,1.00062646729918,1.35505180474465,0,0,0,0.00036
"gaussian_phi060_N64_M4_Q16","gaussian_phi060_N64","gaussian","Gaussian","inside formal moment assumptions","regular",0.6,"phi = 0.60",64,4,16,2,100000,20000,"F_feasible_leading",0.89383,-0.0561699999999999,0.00097415569135534,-0.05608,0.000802095237217935,0.10617,1.55583986247752,0.89465,0.00217084519830411,20000,0.853239925747602,0.00128560122645507,0.181811469025624,0.845175818379929,0.725149243828645,0.971308656042594,1.09188628595972,1.16616026926325,0.853239925747602,0.883710184231108,1.1967233719549,0,0,0,0.00036
"gaussian_phi060_N64_M8_Q8","gaussian_phi060_N64","gaussian","Gaussian","inside formal moment assumptions","regular",0.6,"phi = 0.60",64,8,8,4,100000,20000,"raw",0.83571,-0.11429,0.00117174568870553,-0.1142,0.00104038186448258,0.16429,2.18539305611015,0.8356,0.00262080750914675,20000,0.750759737927028,0.00148260725645217,0.209672328974743,0.740635602896308,0.601035706319452,0.885461403211879,1.02598696843631,1.11372469210493,0.750759737927028,0.777570301501631,1,0,0,0,0.01465
"gaussian_phi060_N64_M8_Q8","gaussian_phi060_N64","gaussian","Gaussian","inside formal moment assumptions","regular",0.6,"phi = 0.60",64,8,8,4,100000,20000,"K_leading",0.86681,-0.08319,0.00107447858936323,-0.0831,0.000947287112510634,0.13319,1.7756318580895,0.8683,0.00239118286628187,20000,0.828107217395293,0.00163981598106009,0.231905000021132,0.816949342558557,0.662832384560482,0.978030162637664,1.13153998113762,1.22922645529096,0.828107217395293,0.857679955618932,1.10302560934052,0,0,0,0.01465
"gaussian_phi060_N64_M8_Q8","gaussian_phi060_N64","gaussian","Gaussian","inside formal moment assumptions","regular",0.6,"phi = 0.60",64,8,8,4,100000,20000,"V_oracle",0.87046,-0.0795399999999999,0.00106188223640854,-0.07945,0.000935834244328198,0.12954,1.73255296452148,0.87165,0.00236512449460911,20000,0.837653080735421,0.00165931449552883,0.234662506381914,0.826208606621406,0.670309736203074,0.989195621792903,1.14499602775613,1.24398165332413,0.837653080735421,0.867566713606211,1.11574054710009,0,0,0,0.01465
"gaussian_phi060_N64_M8_Q8","gaussian_phi060_N64","gaussian","Gaussian","inside formal moment assumptions","regular",0.6,"phi = 0.60",64,8,8,4,100000,20000,"V_feasible",0.85943,-0.0905699999999999,0.00109913636597103,-0.09048,0.00098099098845667,0.14057,1.87378828779953,0.8611,0.0024454732670794,20000,0.818953622251619,0.001730802434715,0.244772427696232,0.807399109921591,0.644870607477211,0.976242126295851,1.13976073176619,1.2425076606744,0.818953622251619,0.848199474213066,1.09083316656389,0,0,0,0.01465
"gaussian_phi060_N64_M8_Q8","gaussian_phi060_N64","gaussian","Gaussian","inside formal moment assumptions","regular",0.6,"phi = 0.60",64,8,8,4,100000,20000,"VK_leading_oracle",0.89697,-0.0530299999999999,0.000961326266675367,-0.05294,0.000856259829613043,0.10303,1.4076992836737,0.8995,0.00212602622279218,20000,0.921567986979025,0.00183167243801352,0.259037600366371,0.908478429817182,0.737146053276342,1.08839196312813,1.25949965740453,1.37124669387169,0.921567986979025,0.954478325473524,1.22751386418727,0,0,0,0.01465
"gaussian_phi060_N64_M8_Q8","gaussian_phi060_N64","gaussian","Gaussian","inside formal moment assumptions","regular",0.6,"phi = 0.60",64,8,8,4,100000,20000,"F_feasible_leading",0.8873,-0.0627,0.000999993549979199,-0.06261,0.000899615457892827,0.1127,1.52245298383712,0.89,0.00221246468898376,20000,0.904372563380834,0.00190799248408192,0.269830884789458,0.891969553951567,0.711929903929934,1.07796165758748,1.25616570062769,1.37290099568725,0.904372563380834,0.936668831921549,1.20460983413676,0,0,0,0.01465
"gaussian_phi060_N64_M16_Q4","gaussian_phi060_N64","gaussian","Gaussian","inside formal moment assumptions","regular",0.6,"phi = 0.60",64,16,4,5,100000,20000,"raw",0.73654,-0.21346,0.00139301410043115,-0.21337,0.00132183580807112,0.26346,1.88702058231001,0.73545,0.00311900062119263,20000,0.637977871253698,0.00192044307003043,0.271591663540246,0.615249383553739,0.438204026661342,0.809584066725614,1.00112432875794,1.12605500002013,0.637977871253698,0.660760854160674,1,0,0,0,0.14228
"gaussian_phi060_N64_M16_Q4","gaussian_phi060_N64","gaussian","Gaussian","inside formal moment assumptions","regular",0.6,"phi = 0.60",64,16,4,5,100000,20000,"K_leading",0.79203,-0.15797,0.00128342697143234,-0.15788,0.00121636912635043,0.20797,1.17938786394376,0.79255,0.00286718064917438,20000,0.749234706863244,0.00226087629014676,0.319736191237332,0.721475500852665,0.514638763887742,0.950712349549367,1.17862447729188,1.32351648331907,0.749234706863244,0.775990809682663,1.17438980350669,0,0,0,0.14228
"gaussian_phi060_N64_M16_Q4","gaussian_phi060_N64","gaussian","Gaussian","inside formal moment assumptions","regular",0.6,"phi = 0.60",64,16,4,5,100000,20000,"V_oracle",0.74946,-0.20054,0.00137029087569027,-0.20045,0.00129927474236536,0.25054,1.71622785545047,0.74835,0.00306856870136551,20000,0.660691161136333,0.00198970194622167,0.281386347742683,0.637208362792077,0.453877110133847,0.838551931749826,1.03780515365474,1.16625061181554,0.660691161136333,0.684285263861838,1.03560200268075,0,0,0,0.14228
"gaussian_phi060_N64_M16_Q4","gaussian_phi060_N64","gaussian","Gaussian","inside formal moment assumptions","regular",0.6,"phi = 0.60",64,16,4,5,100000,20000,"V_feasible",0.74475,-0.20525,0.00137875827286729,-0.20516,0.00131061471116008,0.25525,1.77980103277305,0.7438,0.00308675849395446,20000,0.657433947121088,0.00202736189366788,0.286712268586352,0.633571109744889,0.445867779711222,0.838361877548842,1.04229180129459,1.1734573755808,0.657433947121088,0.680911730684789,1.0304964744767,0,0,0,0.14228
"gaussian_phi060_N64_M16_Q4","gaussian_phi060_N64","gaussian","Gaussian","inside formal moment assumptions","regular",0.6,"phi = 0.60",64,16,4,5,100000,20000,"VK_leading_oracle",0.80084,-0.14916,0.0012629144642453,-0.14907,0.00119762084732896,0.19916,1.07264240965655,0.80085,0.00282390932485447,20000,0.770631253065433,0.00232671288268466,0.329046891444085,0.741864517958799,0.529309701200685,0.977995196577858,1.21295966658656,1.36078476482959,0.770631253065433,0.798151453149598,1.20792787303274,0,0,0,0.14228
"gaussian_phi060_N64_M16_Q4","gaussian_phi060_N64","gaussian","Gaussian","inside formal moment assumptions","regular",0.6,"phi = 0.60",64,16,4,5,100000,20000,"F_feasible_leading",0.79781,-0.15219,0.00127007560365515,-0.1521,0.00120717458252927,0.20219,1.11237564548316,0.79765,0.00284081394586129,20000,0.768884430167797,0.00236341845111913,0.334237842713549,0.740121314901126,0.522578504292874,0.980119352716818,1.21758662256952,1.37012405460825,0.768884430167797,0.796342249034663,1.20518981114008,0,0,0,0.14228
"gaussian_phi065_N64_M4_Q16","gaussian_phi065_N64","gaussian","Gaussian","inside formal moment assumptions","regular",0.65,"phi = 0.65",64,4,16,2,100000,20000,"raw",0.81298,-0.13702,0.00123305928324635,-0.13676,0.00109086155115543,0.18702,2.43765784663944,0.8109,0.00276894555742795,20000,0.733479808224163,0.00105473759618103,0.149162421326402,0.725852029177819,0.628390721619465,0.828384644961613,0.932014273507166,0.993817284419757,0.733479808224163,0.701887365723454,1,0,0,0,5e-04
"gaussian_phi065_N64_M4_Q16","gaussian_phi065_N64","gaussian","Gaussian","inside formal moment assumptions","regular",0.65,"phi = 0.65",64,4,16,2,100000,20000,"K_leading",0.83311,-0.11689,0.00117914260333515,-0.11663,0.00102405318116257,0.16689,2.20912742351699,0.8316,0.00264614285328665,20000,0.771401656904904,0.00111029474129493,0.157019388137081,0.763214385220323,0.660794900998374,0.871657754467256,0.980088077026814,1.04546448371551,0.771401656904904,0.738175844527432,1.05170128510089,0,0,0,5e-04
"gaussian_phi065_N64_M4_Q16","gaussian_phi065_N64","gaussian","Gaussian","inside formal moment assumptions","regular",0.65,"phi = 0.65",64,4,16,2,100000,20000,"V_oracle",0.91506,-0.03494,0.000881618944896263,-0.03468,0.000722342158386133,0.08494,1.35848019490226,0.9151,0.00197093873572975,20000,0.989303652087106,0.00143439129377741,0.20285356214099,0.978299478282307,0.846700016384654,1.11854691791516,1.25854118108685,1.34407004905948,0.989303652087106,0.94669236491347,1.34878103118111,0,0,0,5e-04
"gaussian_phi065_N64_M4_Q16","gaussian_phi065_N64","gaussian","Gaussian","inside formal moment assumptions","regular",0.65,"phi = 0.65",64,4,16,2,100000,20000,"V_feasible",0.86156,-0.08844,0.00109212804377509,-0.08818,0.000926742393826162,0.13844,1.89251239502814,0.86025,0.00245173344289301,20000,0.838586693970673,0.00127893716370744,0.180869028233804,0.829626874566594,0.711732618260466,0.953800388957726,1.07870836966985,1.15331625717909,0.838586693970673,0.802467087658304,1.14329894915715,0,0,0,5e-04
"gaussian_phi065_N64_M4_Q16","gaussian_phi065_N64","gaussian","Gaussian","inside formal moment assumptions","regular",0.65,"phi = 0.65",64,4,16,2,100000,20000,"VK_leading_oracle",0.92763,-0.02237,0.000819344757107776,-0.02211,0.000680599817191506,0.07237,1.23112267663017,0.9273,0.00183595629032937,20000,1.0401686645913,0.00151137484459804,0.213740680306008,1.02834343644427,0.889840828159882,1.17628534972747,1.32346809518472,1.41448964715225,1.0401686645913,0.995366519585156,1.41812856049803,0,0,0,5e-04
"gaussian_phi065_N64_M4_Q16","gaussian_phi065_N64","gaussian","Gaussian","inside formal moment assumptions","regular",0.65,"phi = 0.65",64,4,16,2,100000,20000,"F_feasible_leading",0.87841,-0.0715899999999999,0.00103346926369389,-0.07133,0.000867310690167216,0.12159,1.71508935799425,0.87775,0.00231630025579587,20000,0.88279015681877,0.00134641325989048,0.190411589269609,0.87295717538228,0.749217914543684,1.00431949460629,1.13594870798627,1.21525903808638,0.88279015681877,0.844766618942503,1.20356436117322,0,0,0,5e-04
"gaussian_phi065_N64_M8_Q8","gaussian_phi065_N64","gaussian","Gaussian","inside formal moment assumptions","regular",0.65,"phi = 0.65",64,8,8,4,100000,20000,"raw",0.82596,-0.12404,0.00119895820777874,-0.12378,0.00107331106207211,0.17404,2.2988053522044,0.8251,0.00268616818162974,20000,0.788740593176733,0.00156224088944361,0.220934225354496,0.776140213383542,0.632146909415162,0.931732794198775,1.08243862494644,1.17509395707992,0.788740593176733,0.754767958131412,1,0,0,0,0.0164
"gaussian_phi065_N64_M8_Q8","gaussian_phi065_N64","gaussian","Gaussian","inside formal moment assumptions","regular",0.65,"phi = 0.65",64,8,8,4,100000,20000,"K_leading",0.85902,-0.0909799999999999,0.00110047553175888,-0.09072,0.000975350362220311,0.14098,1.86777934866608,0.85765,0.0024706929948903,20000,0.869944052888664,0.00172738735885537,0.244289463036511,0.855648557618745,0.696901570374718,1.0274386896636,1.19472509609696,1.29750885307017,0.869944052888664,0.832473822404392,1.10295331622895,0,0,0,0.0164
"gaussian_phi065_N64_M8_Q8","gaussian_phi065_N64","gaussian","Gaussian","inside formal moment assumptions","regular",0.65,"phi = 0.65",64,8,8,4,100000,20000,"V_oracle",0.86935,-0.08065,0.00106574188948357,-0.08039,0.000945771338027453,0.13065,1.73354101659912,0.8678,0.00239502776601859,20000,0.900641299379594,0.00179018602624052,0.253170535748014,0.885656376251491,0.721484040348943,1.06359394893218,1.23737955801869,1.34309498791769,0.900641299379594,0.861848877086058,1.1418726348953,0,0,0,0.0164
"gaussian_phi065_N64_M8_Q8","gaussian_phi065_N64","gaussian","Gaussian","inside formal moment assumptions","regular",0.65,"phi = 0.65",64,8,8,4,100000,20000,"V_feasible",0.8534,-0.0965999999999999,0.00111851884204067,-0.09634,0.0010008976281122,0.1466,1.93529632731552,0.8521,0.00251023494916313,20000,0.865293374184996,0.00181993764792968,0.257378050437555,0.85139849480683,0.682303592410242,1.03153991179796,1.20754693506425,1.31315620638043,0.865293374184996,0.828023457735122,1.0970569813073,0,0,0,0.0164
"gaussian_phi065_N64_M8_Q8","gaussian_phi065_N64","gaussian","Gaussian","inside formal moment assumptions","regular",0.65,"phi = 0.65",64,8,8,4,100000,20000,"VK_leading_oracle",0.89635,-0.05365,0.000963881100032572,-0.05339,0.000860117711144684,0.10365,1.40850207598679,0.89565,0.00216172474542898,20000,0.990125309251281,0.00197446117113692,0.27923097666009,0.97355797306499,0.792620996069675,1.1693731142458,1.36018761671869,1.4794329197561,0.990125309251281,0.947478631660045,1.25532439666057,0,0,0,0.0164
"gaussian_phi065_N64_M8_Q8","gaussian_phi065_N64","gaussian","Gaussian","inside formal moment assumptions","regular",0.65,"phi = 0.65",64,8,8,4,100000,20000,"F_feasible_leading",0.88229,-0.0677099999999999,0.00101908957359007,-0.06745,0.000915867546719301,0.11771,1.57242826594386,0.8813,0.00228703202863449,20000,0.954978264360958,0.00200556696255199,0.283629999868844,0.938939595847641,0.753991159405243,1.13815689031717,1.33109098594663,1.4502998536153,0.954978264360958,0.913845440296863,1.21076342795378,0,0,0,0.0164
"gaussian_phi065_N64_M16_Q4","gaussian_phi065_N64","gaussian","Gaussian","inside formal moment assumptions","regular",0.65,"phi = 0.65",64,16,4,5,100000,20000,"raw",0.73114,-0.21886,0.00140204957259007,-0.2186,0.00133002183800902,0.26886,1.9141485024205,0.72965,0.00314054833986041,20000,0.677809358291623,0.00203197193356018,0.287364226680228,0.654200732174115,0.4664478131937,0.861323757411195,1.06402305150815,1.19443414121056,0.677809358291623,0.648614753425654,1,0,0,0,0.14523
"gaussian_phi065_N64_M16_Q4","gaussian_phi065_N64","gaussian","Gaussian","inside formal moment assumptions","regular",0.65,"phi = 0.65",64,16,4,5,100000,20000,"K_leading",0.78692,-0.16308,0.00129490120704245,-0.16282,0.00122503529872197,0.21308,1.19634281401282,0.78835,0.00288837564644906,20000,0.795955722141294,0.00239163760325962,0.338228633481124,0.767543321982455,0.547529394654938,1.01225378500067,1.25130218899961,1.40340484446229,0.795955722141294,0.761672317059236,1.17430618566178,0,0,0,0.14523
"gaussian_phi065_N64_M16_Q4","gaussian_phi065_N64","gaussian","Gaussian","inside formal moment assumptions","regular",0.65,"phi = 0.65",64,16,4,5,100000,20000,"V_oracle",0.74703,-0.20297,0.00137468606998107,-0.20271,0.00130176937474925,0.25297,1.70508869176448,0.74675,0.00307501575199217,20000,0.707218123026333,0.00212121143947803,0.299984598637078,0.682329200061231,0.486668805680471,0.899249267506632,1.11077842607532,1.24698798435026,0.707218123026333,0.676756823837657,1.04338795912885,0,0,0,0.14523
"gaussian_phi065_N64_M16_Q4","gaussian_phi065_N64","gaussian","Gaussian","inside formal moment assumptions","regular",0.65,"phi = 0.65",64,16,4,5,100000,20000,"V_feasible",0.74081,-0.20919,0.00138567869255466,-0.20893,0.00131567467901401,0.25919,1.78515970434153,0.7397,0.00310277222818563,20000,0.700222243051494,0.002144538825724,0.303283589237455,0.673939253893117,0.47615803341952,0.893900698262561,1.10874391122689,1.24585430240097,0.700222243051494,0.670062270407011,1.03306664991519,0,0,0,0.14523
"gaussian_phi065_N64_M16_Q4","gaussian_phi065_N64","gaussian","Gaussian","inside formal moment assumptions","regular",0.65,"phi = 0.65",64,16,4,5,100000,20000,"VK_leading_oracle",0.79845,-0.15155,0.00126857241614344,-0.15129,0.0012016770777867,0.20155,1.0656804323528,0.79915,0.00283292496812041,20000,0.823560468655115,0.0024761509175393,0.350180621006667,0.79397690731846,0.565913159904132,1.04787775215416,1.2946146718919,1.45106747913476,0.823560468655115,0.788088071923654,1.21503260257552,0,0,0,0.14523
"gaussian_phi065_N64_M16_Q4","gaussian_phi065_N64","gaussian","Gaussian","inside formal moment assumptions","regular",0.65,"phi = 0.65",64,16,4,5,100000,20000,"F_feasible_leading",0.79435,-0.15565,0.00127811610388102,-0.15539,0.00121311755223554,0.20565,1.11572481521346,0.7954,0.00285253255897282,20000,0.81830137070384,0.00249925302522166,0.353447752407045,0.787833834126669,0.557160151042332,1.04520188429584,1.29434412913733,1.45204700513281,0.81830137070384,0.783055493840776,1.20727363925207,0,0,0,0.14523
"gaussian_phi070_N64_M4_Q16","gaussian_phi070_N64","gaussian","Gaussian","inside formal moment assumptions","regular",0.7,"phi = 0.70",64,4,16,2,100000,20000,"raw",0.7852,-0.1648,0.001298695345337,-0.1637,0.00117142512452492,0.2148,2.79296831410533,0.78365,0.00291155179844014,20000,0.751223596643094,0.00110735252382816,0.156603295752585,0.74183265957099,0.640394456348086,0.851465336458036,0.959122928952482,1.02572804373133,0.751223596643094,0.658319698608886,1,0,0,0,0.00085
"gaussian_phi070_N64_M4_Q16","gaussian_phi070_N64","gaussian","Gaussian","inside formal moment assumptions","regular",0.7,"phi = 0.70",64,4,16,2,100000,20000,"K_leading",0.80582,-0.14418,0.00125089618913801,-0.14308,0.00111116762143919,0.19418,2.53112753465795,0.80475,0.0028029220244238,20000,0.790012533460802,0.00116507255784031,0.164766141244648,0.780085843405946,0.673175655568935,0.89545748887621,1.00880035669733,1.07823555499427,0.790012533460802,0.692311603694535,1.05163434294535,0,0,0,0.00085
"gaussian_phi070_N64_M4_Q16","gaussian_phi070_N64","gaussian","Gaussian","inside formal moment assumptions","regular",0.7,"phi = 0.70",64,4,16,2,100000,20000,"V_oracle",0.91016,-0.03984,0.000904260882710294,-0.03874,0.00073810403872064,0.08984,1.39632680671748,0.90995,0.00202411706059704,20000,1.07028956109221,0.00158823346104434,0.224610130082367,1.05633310461923,0.91058240241346,1.21461275324797,1.36824522565541,1.46203282708545,1.07028956109221,0.937926743024307,1.42472835767526,0,0,0,0.00085
"gaussian_phi070_N64_M4_Q16","gaussian_phi070_N64","gaussian","Gaussian","inside formal moment assumptions","regular",0.7,"phi = 0.70",64,4,16,2,100000,20000,"V_feasible",0.83887,-0.11113,0.00116261396473636,-0.11003,0.00100660027987341,0.16113,2.13738293329512,0.84055,0.00258868400447022,20000,0.863609057130418,0.0013383048532536,0.189264887406098,0.852693122891562,0.730163684735843,0.984526845727924,1.11419928403176,1.19404168471449,0.863609057130418,0.75680643785223,1.1496032086712,0,0,0,0.00085
"gaussian_phi070_N64_M4_Q16","gaussian_phi070_N64","gaussian","Gaussian","inside formal moment assumptions","regular",0.7,"phi = 0.70",64,4,16,2,100000,20000,"VK_leading_oracle",0.92312,-0.0268799999999999,0.000842433769503573,-0.02578,0.000699684794452556,0.0768799999999999,1.26542116858771,0.9222,0.00189403220669555,20000,1.12500594437898,0.00167231038382493,0.236500402530257,1.11040878768791,0.956721259819734,1.27694374309473,1.43844380111664,1.53783785514052,1.12500594437898,0.985876345666278,1.49756470564311,0,0,0,0.00085
"gaussian_phi070_N64_M4_Q16","gaussian_phi070_N64","gaussian","Gaussian","inside formal moment assumptions","regular",0.7,"phi = 0.70",64,4,16,2,100000,20000,"F_feasible_leading",0.85749,-0.09251,0.00110544515874828,-0.09141,0.000941143440985361,0.14251,1.9370032832987,0.85835,0.00246561632761466,20000,0.908932156380113,0.00140804540932229,0.199127691430076,0.897464721121389,0.768767194820233,1.03597039738451,1.17327206283139,1.25643386517751,0.908932156380113,0.796524424842268,1.20993557769185,0,0,0,0.00085
"gaussian_phi070_N64_M8_Q8","gaussian_phi070_N64","gaussian","Gaussian","inside formal moment assumptions","regular",0.7,"phi = 0.70",64,8,8,4,100000,20000,"raw",0.8088,-0.1412,0.0012435536176619,-0.1401,0.00112023767537273,0.1912,2.4649805822401,0.80855,0.00278205766924412,20000,0.827824750427607,0.00164187853964517,0.232196689853553,0.812349044615197,0.661989680323842,0.976583397265486,1.13605127743676,1.23492889631096,0.827824750427607,0.725447579971845,1,0,0,0,0.0185
"gaussian_phi070_N64_M8_Q8","gaussian_phi070_N64","gaussian","Gaussian","inside formal moment assumptions","regular",0.7,"phi = 0.70",64,8,8,4,100000,20000,"K_leading",0.84375,-0.10625,0.00114819831692961,-0.10515,0.00102095308337454,0.15625,2.00279672307008,0.84505,0.00255871547363125,20000,0.912949183578443,0.00181463086212149,0.256627557591299,0.895110661631448,0.729562581551494,1.07678549094212,1.25428507732931,1.36242176400416,0.912949183578443,0.800044665881455,1.10282905060143,0,0,0,0.0185
"gaussian_phi070_N64_M8_Q8","gaussian_phi070_N64","gaussian","Gaussian","inside formal moment assumptions","regular",0.7,"phi = 0.70",64,8,8,4,100000,20000,"V_oracle",0.86461,-0.08539,0.00108194060788936,-0.08429,0.000958572452979678,0.13539,1.74266060837976,0.86585,0.00240991470284738,20000,0.973627833632003,0.00193861663788246,0.274161794153551,0.954441084566504,0.77784617253699,1.14849644863925,1.33911438357174,1.45419843909271,0.973627833632003,0.853219181157273,1.1761279583983,0,0,0,0.0185
"gaussian_phi070_N64_M8_Q8","gaussian_phi070_N64","gaussian","Gaussian","inside formal moment assumptions","regular",0.7,"phi = 0.70",64,8,8,4,100000,20000,"V_feasible",0.84036,-0.10964,0.00115825329872183,-0.10854,0.00103817217358905,0.15964,2.03813072242332,0.8414,0.0025830799445623,20000,0.91366437434503,0.00190851514885842,0.269904800751009,0.896069923267265,0.721817034445816,1.08656664119269,1.27185078220319,1.38491134581082,0.91366437434503,0.800671408933738,1.10369299042229,0,0,0,0.0185
"gaussian_phi070_N64_M8_Q8","gaussian_phi070_N64","gaussian","Gaussian","inside formal moment assumptions","regular",0.7,"phi = 0.70",64,8,8,4,100000,20000,"VK_leading_oracle",0.89213,-0.05787,0.000980989618191752,-0.05677,0.000873544104091498,0.10787,1.41591174430855,0.89285,0.00218710856497797,20000,1.06922276478966,0.00213546606854796,0.302000507612808,1.04807587136974,0.853498386759929,1.26194011933744,1.47293413742053,1.59927317705521,1.06922276478966,0.936991877528184,1.2916052150378,0,0,0,0.0185
"gaussian_phi070_N64_M8_Q8","gaussian_phi070_N64","gaussian","Gaussian","inside formal moment assumptions","regular",0.7,"phi = 0.70",64,8,8,4,100000,20000,"F_feasible_leading",0.87181,-0.07819,0.00105715336588406,-0.07709,0.000944711725238148,0.12819,1.65598121196895,0.87355,0.00235011060909907,20000,1.00767846157218,0.00210205916357661,0.297276057804069,0.98827152999021,0.796412294156793,1.19795973262668,1.4032622063554,1.528023753601,1.00767846157218,0.883058764502613,1.21726061107942,0,0,0,0.0185
"gaussian_phi070_N64_M16_Q4","gaussian_phi070_N64","gaussian","Gaussian","inside formal moment assumptions","regular",0.7,"phi = 0.70",64,16,4,5,100000,20000,"raw",0.72508,-0.22492,0.00141187461766263,-0.22382,0.0013399492642038,0.27492,1.94482043731405,0.7258,0.00315447586771559,20000,0.730035475087861,0.00218291983595773,0.308711483758468,0.703545647878885,0.503187316247775,0.929002452853794,1.14582237255137,1.27932995999862,0.730035475087861,0.639751914185366,1,0,0,0,0.15027
"gaussian_phi070_N64_M16_Q4","gaussian_phi070_N64","gaussian","Gaussian","inside formal moment assumptions","regular",0.7,"phi = 0.70",64,16,4,5,100000,20000,"K_leading",0.78087,-0.16913,0.00130809802040979,-0.16803,0.00123789115625936,0.21913,1.21551277332128,0.78155,0.00292172549617516,20000,0.857143977231624,0.00256925811312931,0.363347966882457,0.825438154770939,0.589738746198126,1.0908149856732,1.346096278143,1.50310893387981,0.857143977231624,0.751140895037181,1.1741127746271,0,0,0,0.15027
"gaussian_phi070_N64_M16_Q4","gaussian_phi070_N64","gaussian","Gaussian","inside formal moment assumptions","regular",0.7,"phi = 0.70",64,16,4,5,100000,20000,"V_oracle",0.74458,-0.20542,0.0013790599102287,-0.20432,0.00130504804796761,0.25542,1.68451147858258,0.7449,0.00308240157993731,20000,0.769351886986178,0.00230204361664772,0.325558130383761,0.741476961506882,0.529951745853745,0.979492646845321,1.20742124875948,1.34771265663143,0.769351886986178,0.674206061455157,1.0538554813293,0,0,0,0.15027
"gaussian_phi070_N64_M16_Q4","gaussian_phi070_N64","gaussian","Gaussian","inside formal moment assumptions","regular",0.7,"phi = 0.70",64,16,4,5,100000,20000,"V_feasible",0.7366,-0.2134,0.0013929122011096,-0.2123,0.00132155384492863,0.2634,1.79509217304008,0.73705,0.00311293509007175,20000,0.756368107107598,0.00230438023323398,0.325888577870397,0.727295593105504,0.515911201532824,0.966634621535528,1.19563445823625,1.33631945097516,0.756368107107598,0.662827986944896,1.03607034578226,0,0,0,0.15027
"gaussian_phi070_N64_M16_Q4","gaussian_phi070_N64","gaussian","Gaussian","inside formal moment assumptions","regular",0.7,"phi = 0.70",64,16,4,5,100000,20000,"VK_leading_oracle",0.79427,-0.15573,0.00127830030548381,-0.15463,0.00121070652476267,0.20573,1.05281967411411,0.7948,0.00285563443038495,20000,0.893857559081962,0.00268155336077881,0.379228913104055,0.860954493899359,0.614476107706372,1.13727038765755,1.40392308543318,1.56885614624433,0.893857559081962,0.783314104513787,1.22440290860439,0,0,0,0.15027
"gaussian_phi070_N64_M16_Q4","gaussian_phi070_N64","gaussian","Gaussian","inside formal moment assumptions","regular",0.7,"phi = 0.70",64,16,4,5,100000,20000,"F_feasible_leading",0.78863,-0.16137,0.0012910953609242,-0.16027,0.00122411202734985,0.21137,1.12193260815005,0.79005,0.00287985240507218,20000,0.883051419171847,0.00268488849078847,0.379700571713248,0.848718305950009,0.602300945928662,1.12685180094169,1.3945786939194,1.55950188138943,0.883051419171847,0.773844361017254,1.20960069654912,0,0,0,0.15027
"gaussian_phi075_N64_M4_Q16","gaussian_phi075_N64","gaussian","Gaussian","inside formal moment assumptions","regular",0.75,"phi = 0.75",64,4,16,2,100000,20000,"raw",0.74927,-0.20073,0.00137063659333902,-0.20105,0.00126834737436186,0.25073,3.26622869956696,0.7514,0.00305612532465539,20000,0.766046969424944,0.00117465098761471,0.166120735773967,0.755326991749913,0.647985860209571,0.871773180891073,0.986758157639813,1.05693682438401,0.766046969424944,0.607399398732272,1,0,0,0,0.00194
"gaussian_phi075_N64_M4_Q16","gaussian_phi075_N64","gaussian","Gaussian","inside formal moment assumptions","regular",0.75,"phi = 0.75",64,4,16,2,100000,20000,"K_leading",0.77184,-0.17816,0.00132703810947538,-0.17848,0.00121303899798651,0.22816,2.96001975898255,0.7744,0.00295554258977941,20000,0.805527828291978,0.00123543489178476,0.174716877939095,0.793912794296708,0.681519620689213,0.916689970738245,1.03760546104197,1.11084230597316,0.805527828291978,0.638703810725798,1.05153843098769,0,0,0,0.00194
"gaussian_phi075_N64_M4_Q16","gaussian_phi075_N64","gaussian","Gaussian","inside formal moment assumptions","regular",0.75,"phi = 0.75",64,4,16,2,100000,20000,"V_oracle",0.90595,-0.0440499999999999,0.000923063364563885,-0.04437,0.000768647473936779,0.09405,1.42897505524435,0.90615,0.0020620642266913,20000,1.16658375871993,0.00179962871885212,0.254505934143678,1.150139294337,0.986312658231772,1.32827783621093,1.50394975776991,1.61579607180854,1.16658375871993,0.924985414600931,1.52286192006694,0,0,0,0.00194
"gaussian_phi075_N64_M4_Q16","gaussian_phi075_N64","gaussian","Gaussian","inside formal moment assumptions","regular",0.75,"phi = 0.75",64,4,16,2,100000,20000,"V_feasible",0.81045,-0.13955,0.00123943857249966,-0.13987,0.00110420832443893,0.18955,2.46780155494429,0.815,0.00274567842253968,20000,0.885002995786296,0.00141530262822148,0.200154017169311,0.872495178570014,0.74312657162241,1.01237940774711,1.15057569171129,1.23364010696589,0.885002995786296,0.701719749534919,1.15528555181238,0,0,0,0.00194
"gaussian_phi075_N64_M4_Q16","gaussian_phi075_N64","gaussian","Gaussian","inside formal moment assumptions","regular",0.75,"phi = 0.75",64,4,16,2,100000,20000,"VK_leading_oracle",0.91838,-0.03162,0.000865783896824144,-0.03194,0.000727188869576894,0.08162,1.29500864381519,0.91805,0.00193951279320349,20000,1.22565558679713,0.00189369790476755,0.267809325995978,1.20789661718009,1.03601842445024,1.39600641377268,1.58055287053291,1.6986681126991,1.22565558679713,0.971823525432497,1.59997446072688,0,0,0,0.00194
"gaussian_phi075_N64_M4_Q16","gaussian_phi075_N64","gaussian","Gaussian","inside formal moment assumptions","regular",0.75,"phi = 0.75",64,4,16,2,100000,20000,"F_feasible_leading",0.82985,-0.12015,0.00118827175974185,-0.12047,0.00104344653854751,0.17015,2.23644515916826,0.83305,0.00263702197089823,20000,0.931221561728858,0.00148844280270472,0.210497599840164,0.917946593632756,0.781976127840245,1.06500228744488,1.21015598958291,1.29872958919389,0.931221561728858,0.73836649612391,1.21561940572379,0,0,0,0.00194
"gaussian_phi075_N64_M8_Q8","gaussian_phi075_N64","gaussian","Gaussian","inside formal moment assumptions","regular",0.75,"phi = 0.75",64,8,8,4,100000,20000,"raw",0.78852,-0.16148,0.00129134120045788,-0.1618,0.00117788856612786,0.21148,2.70005797381372,0.792,0.00286998257834434,20000,0.865877625997237,0.00173707959526499,0.245660152254531,0.849107781242169,0.692294111192101,1.02112772384008,1.19351938802099,1.29655876429024,0.865877625997237,0.686555224937783,1,0,0,0,0.02314
"gaussian_phi075_N64_M8_Q8","gaussian_phi075_N64","gaussian","Gaussian","inside formal moment assumptions","regular",0.75,"phi = 0.75",64,8,8,4,100000,20000,"K_leading",0.82479,-0.12521,0.00120212917733495,-0.12553,0.00107941365673148,0.17521,2.19379710372365,0.82625,0.00267918772671868,20000,0.954869454560452,0.00191951835736644,0.271460889421174,0.936221446425543,0.762752409322321,1.12666959267531,1.31668397162294,1.43017703091654,0.954869454560452,0.757116933708667,1.10277645003325,0,0,0,0.02314
"gaussian_phi075_N64_M8_Q8","gaussian_phi075_N64","gaussian","Gaussian","inside formal moment assumptions","regular",0.75,"phi = 0.75",64,8,8,4,100000,20000,"V_oracle",0.85951,-0.09049,0.00109887469667838,-0.09081,0.000979206325270765,0.14049,1.75262851505235,0.86015,0.00245246791518258,20000,1.05866321316112,0.00213412969007436,0.301811515156625,1.03749463683565,0.845626846980806,1.24905299166559,1.45998584902467,1.58753198822823,1.05866321316112,0.839415107427096,1.22264761367619,0,0,0,0.02314
"gaussian_phi075_N64_M8_Q8","gaussian_phi075_N64","gaussian","Gaussian","inside formal moment assumptions","regular",0.75,"phi = 0.75",64,8,8,4,100000,20000,"V_feasible",0.82417,-0.12583,0.00120380152475398,-0.12615,0.00108635794135072,0.17583,2.19279413198303,0.82585,0.00268162056879791,20000,0.960938575951346,0.00201447648326111,0.284889996370952,0.941690022926765,0.759243992467021,1.142029663559,1.3399182439806,1.45833400634016,0.960938575951346,0.761929146054379,1.10978566381667,0,0,0,0.02314
"gaussian_phi075_N64_M8_Q8","gaussian_phi075_N64","gaussian","Gaussian","inside formal moment assumptions","regular",0.75,"phi = 0.75",64,8,8,4,100000,20000,"VK_leading_oracle",0.8866,-0.0633999999999999,0.00100269855888996,-0.06372,0.000895770975225476,0.1134,1.42401066848003,0.8858,0.00224898154727868,20000,1.1609495289404,0.0023476953732172,0.332014263712433,1.13748756447004,0.926271175326595,1.37048901032035,1.60251928880141,1.74159246430391,1.1609495289404,0.920518028243444,1.34077783520891,0,0,0,0.02314
"gaussian_phi075_N64_M8_Q8","gaussian_phi075_N64","gaussian","Gaussian","inside formal moment assumptions","regular",0.75,"phi = 0.75",64,8,8,4,100000,20000,"F_feasible_leading",0.85683,-0.09317,0.00110757551029264,-0.09349,0.00099262583688947,0.14317,1.78164523223621,0.85715,0.00247430674634331,20000,1.05921870741421,0.00221846103071693,0.313737767723608,1.03756058671643,0.837321521351475,1.25780639532689,1.47540994162532,1.60721067566781,1.05921870741421,0.839855559369069,1.22328915266092,0,0,0,0.02314
"gaussian_phi075_N64_M16_Q4","gaussian_phi075_N64","gaussian","Gaussian","inside formal moment assumptions","regular",0.75,"phi = 0.75",64,16,4,5,100000,20000,"raw",0.71479,-0.23521,0.0014278139090932,-0.23553,0.00135984362437261,0.28521,1.99120370911047,0.7159,0.00318894332028652,20000,0.782070157363717,0.00233665276430876,0.330452602984204,0.75468045070207,0.540831048300137,0.991093860133513,1.22582810472147,1.36496452427722,0.782070157363717,0.620104200276087,1,0,0,0,0.15802
"gaussian_phi075_N64_M16_Q4","gaussian_phi075_N64","gaussian","Gaussian","inside formal moment assumptions","regular",0.75,"phi = 0.75",64,16,4,5,100000,20000,"K_leading",0.77168,-0.17832,0.00132736572804936,-0.17864,0.00125606261027578,0.22832,1.24450231819405,0.77265,0.0029636293417025,20000,0.918275161773997,0.0027495264627592,0.388841761373778,0.885443919663687,0.634217033583079,1.16332587670396,1.44007223856137,1.60168336895793,0.918275161773997,0.728101282811686,1.17415957267749,0,0,0,0.15802
"gaussian_phi075_N64_M16_Q4","gaussian_phi075_N64","gaussian","Gaussian","inside formal moment assumptions","regular",0.75,"phi = 0.75",64,16,4,5,100000,20000,"V_oracle",0.7393,-0.2107,0.00138829215225038,-0.21102,0.00131830306653279,0.2607,1.65759334922362,0.74135,0.00309637027420817,20000,0.835822085545319,0.0024991672859715,0.353435627046005,0.806160442746009,0.577774360530581,1.05922664543876,1.30975984495337,1.45946577637598,0.835822085545319,0.662724157225613,1.0687303148899,0,0,0,0.15802
"gaussian_phi075_N64_M16_Q4","gaussian_phi075_N64","gaussian","Gaussian","inside formal moment assumptions","regular",0.75,"phi = 0.75",64,16,4,5,100000,20000,"V_feasible",0.72731,-0.22269,0.00140829742561719,-0.22301,0.00134036687695334,0.27269,1.81900462651973,0.72895,0.00314310274649112,20000,0.812383526528091,0.00246588778815558,0.348729195329982,0.783108336360414,0.556930120034683,1.03283984763545,1.28041209857294,1.42760444536556,0.812383526528091,0.644139700629038,1.03876042178435,0,0,0,0.15802
"gaussian_phi075_N64_M16_Q4","gaussian_phi075_N64","gaussian","Gaussian","inside formal moment assumptions","regular",0.75,"phi = 0.75",64,16,4,5,100000,20000,"VK_leading_oracle",0.78858,-0.16142,0.0012912071235863,-0.16174,0.00122221792744446,0.21142,1.03599584326476,0.79025,0.00287884471185926,20000,0.968117898293517,0.00290157310892451,0.41034440428581,0.933313297606068,0.668130140421336,1.22582436381162,1.5199055976677,1.69105956549443,0.968117898293517,0.767621637830979,1.23789136969111,0,0,0,0.15802
"gaussian_phi075_N64_M16_Q4","gaussian_phi075_N64","gaussian","Gaussian","inside formal moment assumptions","regular",0.75,"phi = 0.75",64,16,4,5,100000,20000,"F_feasible_leading",0.78006,-0.16994,0.00130983356347286,-0.17026,0.00124102003420866,0.21994,1.13687789157483,0.7812,0.00292341033726023,20000,0.947800227281652,0.0028721840952553,0.406188170114234,0.913513384029803,0.650348233008489,1.20301346148185,1.49393636732734,1.66278076341262,0.947800227281652,0.751511736416564,1.21191202395012,0,0,0,0.15802
"gaussian_phi080_N64_M4_Q16","gaussian_phi080_N64","gaussian","Gaussian","inside formal moment assumptions","regular",0.8,"phi = 0.80",64,4,16,2,100000,20000,"raw",0.70081,-0.24919,0.00144801707137727,-0.24949,0.00136874619037327,0.29919,4.08085211013171,0.6987,0.00324436673327785,20000,0.77567841834885,0.00126549107287935,0.178967463832805,0.762731377017858,0.648101613271528,0.887580370505022,1.01394194542447,1.09343361696132,0.77567841834885,0.547017462449127,1,0,0,0,0.00376
"gaussian_phi080_N64_M4_Q16","gaussian_phi080_N64","gaussian","Gaussian","inside formal moment assumptions","regular",0.8,"phi = 0.80",64,4,16,2,100000,20000,"K_leading",0.72314,-0.22686,0.00141495067193171,-0.22716,0.00132559455189329,0.27686,3.69827222480686,0.7215,0.0031696825550834,20000,0.815557235779382,0.00133019637851165,0.188118175911074,0.802205033708757,0.681467152449214,0.933039640363229,1.06553791973127,1.15012307534851,0.815557235779382,0.575140469355464,1.05141153406771,0,0,0,0.00376
"gaussian_phi080_N64_M4_Q16","gaussian_phi080_N64","gaussian","Gaussian","inside formal moment assumptions","regular",0.8,"phi = 0.80",64,4,16,2,100000,20000,"V_oracle",0.89692,-0.0530799999999999,0.000961532701471978,-0.05338,0.000815544239832562,0.10308,1.50857522879108,0.8991,0.00212977921390927,20000,1.28327871248631,0.00209855811796217,0.296780935185025,1.26266201661115,1.06946580017609,1.46925946406869,1.6762846252451,1.81223151641606,1.28327871248631,0.904983106805402,1.65439527790133,0,0,0,0.00376
"gaussian_phi080_N64_M4_Q16","gaussian_phi080_N64","gaussian","Gaussian","inside formal moment assumptions","regular",0.8,"phi = 0.80",64,4,16,2,100000,20000,"V_feasible",0.76633,-0.18367,0.00133816415697029,-0.18397,0.00122852166592813,0.23367,3.04478291886243,0.76675,0.00299035480754375,20000,0.900171743526084,0.00151843556893356,0.214739217517555,0.885757365808396,0.746839815070542,1.03481691343352,1.18531801767882,1.28205548006683,0.900171743526084,0.634811606542069,1.16049605381859,0,0,0,0.00376
"gaussian_phi080_N64_M4_Q16","gaussian_phi080_N64","gaussian","Gaussian","inside formal moment assumptions","regular",0.8,"phi = 0.80",64,4,16,2,100000,20000,"VK_leading_oracle",0.91126,-0.03874,0.000899250868223101,-0.03904,0.000767049325432645,0.08874,1.36714630109191,0.91145,0.00200884167494604,20000,1.3472022646966,0.00220549911585416,0.311904676144282,1.32576794100526,1.1230474512043,1.54255370608472,1.75999420256681,1.90305174669879,1.3472022646966,0.950062740960034,1.73680514092983,0,0,0,0.00376
"gaussian_phi080_N64_M4_Q16","gaussian_phi080_N64","gaussian","Gaussian","inside formal moment assumptions","regular",0.8,"phi = 0.80",64,4,16,2,100000,20000,"F_feasible_leading",0.78751,-0.16249,0.00129359189816572,-0.16279,0.00117392842204259,0.21249,2.75933452021908,0.78875,0.00288637694610389,20000,0.946926500714311,0.00159582256242861,0.225683391092753,0.931804542502057,0.785773519610208,1.08878993522582,1.24677075896939,1.34839074688157,0.946926500714311,0.667783606316113,1.22077200849546,0,0,0,0.00376
"gaussian_phi080_N64_M8_Q8","gaussian_phi080_N64","gaussian","Gaussian","inside formal moment assumptions","regular",0.8,"phi = 0.80",64,8,8,4,100000,20000,"raw",0.75503,-0.19497,0.00135999889374955,-0.19527,0.00126190815637349,0.24497,3.04585495035276,0.75445,0.00304347825275621,20000,0.901130439859671,0.00187141477829581,0.264658016029137,0.882410022863315,0.710808454014567,1.06985592983434,1.25057033356761,1.37032599380895,0.901130439859671,0.635487690371724,1,0,0,0,0.03152
"gaussian_phi080_N64_M8_Q8","gaussian_phi080_N64","gaussian","Gaussian","inside formal moment assumptions","regular",0.8,"phi = 0.80",64,8,8,4,100000,20000,"K_leading",0.79371,-0.15629,0.00127958757379087,-0.15659,0.00117017494935335,0.20629,2.47475714716162,0.7935,0.00286232204687034,20000,0.993639227123426,0.00206622554305712,0.29220841859131,0.972760014765044,0.783230694213986,1.18042900690375,1.37938463933999,1.51317033126099,0.993639227123426,0.700725965494788,1.10265859765891,0,0,0,0.03152
"gaussian_phi080_N64_M8_Q8","gaussian_phi080_N64","gaussian","Gaussian","inside formal moment assumptions","regular",0.8,"phi = 0.80",64,8,8,4,100000,20000,"V_oracle",0.84933,-0.10067,0.0011312318555451,-0.10097,0.00101860736626517,0.15067,1.75981700672699,0.85005,0.00252452963440717,20000,1.16039873539161,0.00242058799364671,0.342322836953266,1.13479604865402,0.913797133483606,1.37793868625411,1.6127119573591,1.76695654618369,1.16039873539161,0.818326714586536,1.28771450176771,0,0,0,0.03152
"gaussian_phi080_N64_M8_Q8","gaussian_phi080_N64","gaussian","Gaussian","inside formal moment assumptions","regular",0.8,"phi = 0.80",64,8,8,4,100000,20000,"V_feasible",0.79578,-0.15422,0.00127481054121779,-0.15452,0.00116698299665982,0.20422,2.43466177769794,0.795,0.00285460154837764,20000,1.00521369006738,0.00216502576450054,0.306180879904384,0.982883455073375,0.784928198264733,1.20112161168765,1.40934175677596,1.54742229883853,1.00521369006738,0.708888411682589,1.11550297892935,0,0,0,0.03152
"gaussian_phi080_N64_M8_Q8","gaussian_phi080_N64","gaussian","Gaussian","inside formal moment assumptions","regular",0.8,"phi = 0.80",64,8,8,4,100000,20000,"VK_leading_oracle",0.87712,-0.0728799999999999,0.00103817390450733,-0.07318,0.000937686338045237,0.12288,1.42985131796568,0.87905,0.0023056571460215,20000,1.26965676990913,0.00265523554173995,0.375507011442371,1.24171277212622,0.999513639079636,1.50788517679716,1.76739133627137,1.93656098134932,1.26965676990913,0.895376754113448,1.40896002814736,0,0,0,0.03152
"gaussian_phi080_N64_M8_Q8","gaussian_phi080_N64","gaussian","Gaussian","inside formal moment assumptions","regular",0.8,"phi = 0.80",64,8,8,4,100000,20000,"F_feasible_leading",0.83129,-0.11871,0.0011842589915217,-0.11901,0.00107213697528671,0.16871,1.97816269437958,0.8325,0.00264049001134259,20000,1.10734956957283,0.00238207175070167,0.336875817638813,1.08277919078949,0.865581368977837,1.3220436109341,1.55198667912641,1.70345659015436,1.10734956957283,0.780915824474362,1.22884492698446,0,0,0,0.03152
"gaussian_phi080_N64_M16_Q4","gaussian_phi080_N64","gaussian","Gaussian","inside formal moment assumptions","regular",0.8,"phi = 0.80",64,16,4,5,100000,20000,"raw",0.69804,-0.25196,0.00145182698142719,-0.25226,0.00138854895653054,0.30196,2.09658425834051,0.69945,0.00324206490912813,20000,0.839042522904185,0.00253704427218305,0.358792241806224,0.806818055174559,0.575930108165998,1.06582669344228,1.32093901214416,1.48171029159335,0.839042522904185,0.591702567596182,1,0,0,0,0.16902
"gaussian_phi080_N64_M16_Q4","gaussian_phi080_N64","gaussian","Gaussian","inside formal moment assumptions","regular",0.8,"phi = 0.80",64,16,4,5,100000,20000,"K_leading",0.75583,-0.19417,0.00135849553219729,-0.19447,0.00129078691204572,0.24417,1.31036516146282,0.7565,0.0030348620232228,20000,0.985228285578382,0.00298415875626865,0.422023778538955,0.946880034783558,0.675781467390177,1.25167265382787,1.55126808108496,1.73983306246797,0.985228285578382,0.694794471473629,1.17422926572089,0,0,0,0.16902
"gaussian_phi080_N64_M16_Q4","gaussian_phi080_N64","gaussian","Gaussian","inside formal moment assumptions","regular",0.8,"phi = 0.80",64,16,4,5,100000,20000,"V_oracle",0.72946,-0.22054,0.00140480642225183,-0.22084,0.00133854953630735,0.27054,1.64481564599919,0.7312,0.00313485693453465,20000,0.915319160659196,0.00276992014187005,0.391725863132303,0.880058444389861,0.628227244344839,1.16282392808394,1.44016561244917,1.61704424732949,0.915319160659196,0.645493741672825,1.09090914426005,0,0,0,0.16902
"gaussian_phi080_N64_M16_Q4","gaussian_phi080_N64","gaussian","Gaussian","inside formal moment assumptions","regular",0.8,"phi = 0.80",64,16,4,5,100000,20000,"V_feasible",0.71144,-0.23856,0.00143280538245779,-0.23886,0.00136933478549898,0.28856,1.89546519287399,0.71355,0.00319684530044855,20000,0.873733154585011,0.0026774150948753,0.37864367392751,0.839845081241545,0.59563158806628,1.11274414799147,1.38269065979296,1.55314259845899,0.873733154585011,0.616166805434844,1.04134549886787,0,0,0,0.16902
"gaussian_phi080_N64_M16_Q4","gaussian_phi080_N64","gaussian","Gaussian","inside formal moment assumptions","regular",0.8,"phi = 0.80",64,16,4,5,100000,20000,"VK_leading_oracle",0.77862,-0.17138,0.0013129009696089,-0.17168,0.00124854930409401,0.22138,1.02800977874949,0.7785,0.00293630507611181,20000,1.05521324860126,0.00319950499316479,0.452478335421408,1.0139569778296,0.723749653569413,1.34011959848319,1.66186076772299,1.86665188730585,1.05521324860126,0.744148683189174,1.25763977366587,0,0,0,0.16902
"gaussian_phi080_N64_M16_Q4","gaussian_phi080_N64","gaussian","Gaussian","inside formal moment assumptions","regular",0.8,"phi = 0.80",64,16,4,5,100000,20000,"F_feasible_leading",0.76614,-0.18386,0.00133854211887411,-0.18416,0.00127297570623775,0.23386,1.18466574554624,0.7676,0.00298655520625352,20000,1.01872677877506,0.00311689632464708,0.440795705482675,0.978004895592171,0.695044303617143,1.29680487840207,1.61068145770395,1.80750953301577,1.01872677877506,0.718417999356899,1.21415393256701,0,0,0,0.16902
"gaussian_phi085_N64_M4_Q16","gaussian_phi085_N64","gaussian","Gaussian","inside formal moment assumptions","regular",0.85,"phi = 0.85",64,4,16,2,100000,20000,"raw",0.63367,-0.31633,0.0015235889573635,-0.31535,0.00146937584220432,0.36633,5.3994349493168,0.63785,0.00339850980210445,20000,0.777467862350324,0.00137151198534133,0.193961085062695,0.759946543792275,0.638293141496566,0.897596912057032,1.03594479232949,1.12541827854941,0.777467862350324,0.475118699112094,1,0,0,0,0.01025
"gaussian_phi085_N64_M4_Q16","gaussian_phi085_N64","gaussian","Gaussian","inside formal moment assumptions","regular",0.85,"phi = 0.85",64,4,16,2,100000,20000,"K_leading",0.65631,-0.29369,0.00150188942302688,-0.29271,0.00143893337729467,0.34369,4.89323792281835,0.6607,0.00334795094050077,20000,0.817248175097373,0.00144026882765603,0.203684770953435,0.799263573293897,0.671020751402648,0.943353085729923,1.08838484375112,1.18302915290234,0.817248175097373,0.499428862088495,1.05116650433214,0,0,0,0.01025
"gaussian_phi085_N64_M4_Q16","gaussian_phi085_N64","gaussian","Gaussian","inside formal moment assumptions","regular",0.85,"phi = 0.85",64,4,16,2,100000,20000,"V_oracle",0.88184,-0.06816,0.00102077526615803,-0.06718,0.000880838370396265,0.11816,1.59984473839734,0.8869,0.00223951322836013,20000,1.42841885815748,0.00249933216478481,0.353458944431399,1.397736813732,1.17359957519778,1.64862087164611,1.89598419880436,2.06025553844615,1.42841885815748,0.872921624854454,1.83727061571304,0,0,0,0.01025
"gaussian_phi085_N64_M4_Q16","gaussian_phi085_N64","gaussian","Gaussian","inside formal moment assumptions","regular",0.85,"phi = 0.85",64,4,16,2,100000,20000,"V_feasible",0.7032,-0.2468,0.00144467906470607,-0.24582,0.00136262388186852,0.2968,3.98263055341731,0.70895,0.00321200791951078,20000,0.905846243546156,0.00163747275082541,0.231573617223368,0.886152338093793,0.739594919390727,1.0503496508792,1.21465366989572,1.32129529333658,0.905846243546156,0.55357206345244,1.16512371432015,0,0,0,0.01025
"gaussian_phi085_N64_M4_Q16","gaussian_phi085_N64","gaussian","Gaussian","inside formal moment assumptions","regular",0.85,"phi = 0.85",64,4,16,2,100000,20000,"VK_leading_oracle",0.89568,-0.0543199999999999,0.00096662990642748,-0.05334,0.000835197832584709,0.10432,1.44985929417259,0.90035,0.0021180164954504,20000,1.49724043910743,0.00262003565025128,0.370528995048638,1.46471329435692,1.23037295457294,1.72877685507905,1.98662593568584,2.15778532653418,1.49724043910743,0.914979208962083,1.92579077748782,0,0,0,0.01025
"gaussian_phi085_N64_M4_Q16","gaussian_phi085_N64","gaussian","Gaussian","inside formal moment assumptions","regular",0.85,"phi = 0.85",64,4,16,2,100000,20000,"F_feasible_leading",0.72537,-0.22463,0.00141141192817689,-0.22365,0.00131959243262527,0.27463,3.60925893903444,0.7317,0.00313301061281318,20000,0.952507655238978,0.00171894805519542,0.243095965267222,0.932019733662352,0.777770187466694,1.1044453312909,1.27741914458201,1.38831351529726,0.952507655238978,0.582087337582496,1.22514087252366,0,0,0,0.01025
"gaussian_phi085_N64_M8_Q8","gaussian_phi085_N64","gaussian","Gaussian","inside formal moment assumptions","regular",0.85,"phi = 0.85",64,8,8,4,100000,20000,"raw",0.70576,-0.24424,0.00144105108306403,-0.24326,0.00135995007946696,0.29424,3.59699997974312,0.711,0.00320530029794402,20000,0.931923913289915,0.00202283451120113,0.286072000017699,0.906892435430936,0.726352077188325,1.11114925940309,1.31062252980347,1.44143561607898,0.931923913289915,0.569508398733328,1,0,0,0,0.04741
"gaussian_phi085_N64_M8_Q8","gaussian_phi085_N64","gaussian","Gaussian","inside formal moment assumptions","regular",0.85,"phi = 0.85",64,8,8,4,100000,20000,"K_leading",0.74719,-0.20281,0.00137439842804043,-0.20183,0.00127834379281496,0.25281,2.92256248354129,0.7542,0.00304452262267831,20000,1.02734254057839,0.0022305772522999,0.315451260212343,0.999922515424839,0.800852749431395,1.22494156319305,1.44424490740925,1.5884382153744,1.02734254057839,0.62781971456227,1.10238886021459,0,0,0,0.04741
"gaussian_phi085_N64_M8_Q8","gaussian_phi085_N64","gaussian","Gaussian","inside formal moment assumptions","regular",0.85,"phi = 0.85",64,8,8,4,100000,20000,"V_oracle",0.83276,-0.11724,0.0011801304266902,-0.11626,0.001065949101259,0.16724,1.76173395391095,0.83905,0.00259851012601452,20000,1.28843568037551,0.00280386120263003,0.396525853977112,1.25456073009848,1.00259581325185,1.53616199693453,1.81430732435407,1.99377457541134,1.28843568037551,0.78737644858918,1.38255458627199,0,0,0,0.04741
"gaussian_phi085_N64_M8_Q8","gaussian_phi085_N64","gaussian","Gaussian","inside formal moment assumptions","regular",0.85,"phi = 0.85",64,8,8,4,100000,20000,"V_feasible",0.75253,-0.19747,0.00136465599731214,-0.19649,0.00126768800157164,0.24747,2.83013005380266,0.75955,0.00302186860650823,20000,1.04491984417576,0.00233344636089976,0.329999149065459,1.01655446365429,0.808409385286124,1.25132538360571,1.48143986771745,1.63109082487498,1.04491984417576,0.638561387657069,1.12125016782426,0,0,0,0.04741
"gaussian_phi085_N64_M8_Q8","gaussian_phi085_N64","gaussian","Gaussian","inside formal moment assumptions","regular",0.85,"phi = 0.85",64,8,8,4,100000,20000,"VK_leading_oracle",0.86045,-0.0895499999999999,0.00109579102706675,-0.08857,0.000988667449465823,0.13955,1.43140883755265,0.8659,0.00240953512113852,20000,1.4043522761336,0.00306114083651874,0.432910688733893,1.36734275842371,1.09130026503342,1.6765258684293,1.97741973402445,2.17239894941773,1.4043522761336,0.858214286201645,1.50693877054393,0,0,0,0.04741
"gaussian_phi085_N64_M8_Q8","gaussian_phi085_N64","gaussian","Gaussian","inside formal moment assumptions","regular",0.85,"phi = 0.85",64,8,8,4,100000,20000,"F_feasible_leading",0.79048,-0.15952,0.0012869396629213,-0.15854,0.00118028158277851,0.20952,2.29948066871466,0.79785,0.002839765637337,20000,1.15020022546306,0.00256383071423277,0.362580416769668,1.11969630148471,0.889917280999819,1.37721936960192,1.63055658739598,1.79267829741498,1.15020022546306,0.702899323951999,1.2342211730597,0,0,0,0.04741
"gaussian_phi085_N64_M16_Q4","gaussian_phi085_N64","gaussian","Gaussian","inside formal moment assumptions","regular",0.85,"phi = 0.85",64,16,4,5,100000,20000,"raw",0.66882,-0.28118,0.00148828696023314,-0.2802,0.00143083894027271,0.33118,2.19722602661188,0.67545,0.00331071969139642,20000,0.905068476367693,0.00278623297134651,0.394032845600932,0.865321538311216,0.615273500120385,1.15433137800791,1.42774816842737,1.61416183479674,0.905068476367693,0.553096761838138,1,0,0,0,0.19229
"gaussian_phi085_N64_M16_Q4","gaussian_phi085_N64","gaussian","Gaussian","inside formal moment assumptions","regular",0.85,"phi = 0.85",64,16,4,5,100000,20000,"K_leading",0.73001,-0.21999,0.00140390669169999,-0.21901,0.001336960759948,0.26999,1.37326626663243,0.73635,0.00311559526816305,20000,1.06256437659704,0.00327767889134167,0.46353379412394,1.01562502125769,0.720774099635106,1.35550008799496,1.67584000901672,1.89641842621324,1.06256437659704,0.649344144985583,1.17401545224669,0,0,0,0.19229
"gaussian_phi085_N64_M16_Q4","gaussian_phi085_N64","gaussian","Gaussian","inside formal moment assumptions","regular",0.85,"phi = 0.85",64,16,4,5,100000,20000,"V_oracle",0.7142,-0.2358,0.00142869996850283,-0.23482,0.00136323668529812,0.2858,1.5685499284607,0.72015,0.00317438165238523,20000,1.01887178187433,0.00314093637612437,0.444195482166609,0.973513478884524,0.691721612258871,1.30009548547862,1.60533648611335,1.81847316538425,1.01887178187433,0.622643145792216,1.12573999479395,0,0,0,0.19229
"gaussian_phi085_N64_M16_Q4","gaussian_phi085_N64","gaussian","Gaussian","inside formal moment assumptions","regular",0.85,"phi = 0.85",64,16,4,5,100000,20000,"V_feasible",0.68433,-0.26567,0.00146977022387855,-0.26469,0.00140979144348345,0.31567,1.96776047022119,0.6899,0.00327061148716872,20000,0.944885434606622,0.00294044065452674,0.415841105298494,0.903107112136256,0.638428167999395,1.2082394369821,1.49603125201651,1.69442124185738,0.944885434606622,0.577429319255869,1.04399331020646,0,0,0,0.19229
"gaussian_phi085_N64_M16_Q4","gaussian_phi085_N64","gaussian","Gaussian","inside formal moment assumptions","regular",0.85,"phi = 0.85",64,16,4,5,100000,20000,"VK_leading_oracle",0.76095,-0.18905,0.00134872197839288,-0.18807,0.00128281456459306,0.23905,0.980343705287938,0.76775,0.0029858829305584,20000,1.16507270765565,0.003599891433555,0.50910152884042,1.11423824786007,0.789760625020247,1.48712581183514,1.8384206551662,2.08350856389179,1.16507270765565,0.711988052546577,1.28727575656091,0,0,0,0.19229
"gaussian_phi085_N64_M16_Q4","gaussian_phi085_N64","gaussian","Gaussian","inside formal moment assumptions","regular",0.85,"phi = 0.85",64,16,4,5,100000,20000,"F_feasible_leading",0.74137,-0.20863,0.0013847040228872,-0.20765,0.00131944389207038,0.25863,1.22985029388824,0.74755,0.00307179912673339,20000,1.10068207271111,0.00342309916349959,0.484099326236912,1.05181032254532,0.743601950579936,1.40703238780974,1.74068019089,1.97383268423329,1.10068207271111,0.672638265640444,1.21613126680588,0,0,0,0.19229
"gaussian_phi090_N64_M4_Q16","gaussian_phi090_N64","gaussian","Gaussian","inside formal moment assumptions","regular",0.9,"phi = 0.90",64,4,16,2,100000,20000,"raw",0.53549,-0.41451,0.00157715078511853,-0.41288,0.00155702450181524,0.46451,7.86321300347165,0.53455,0.00352708305473517,20000,0.752305265569028,0.0014785314774621,0.209095926782243,0.729374339953526,0.603009461568823,0.875437222438451,1.03036880535309,1.12687657324697,0.752305265569028,0.381567725605902,1,0,0,0,0.03066
"gaussian_phi090_N64_M4_Q16","gaussian_phi090_N64","gaussian","Gaussian","inside formal moment assumptions","regular",0.9,"phi = 0.90",64,4,16,2,100000,20000,"K_leading",0.55657,-0.39343,0.00157098642610304,-0.3918,0.00154374590898707,0.44343,7.12603678439618,0.55485,0.00351419604959655,20000,0.790534515427221,0.001551072081587,0.21935471739986,0.766818345955599,0.633876574335125,0.919774787102271,1.08258464271607,1.18361121921955,0.790534515427221,0.400957524651077,1.05081614021308,0,0,0,0.03066
"gaussian_phi090_N64_M4_Q16","gaussian_phi090_N64","gaussian","Gaussian","inside formal moment assumptions","regular",0.9,"phi = 0.90",64,4,16,2,100000,20000,"V_oracle",0.851,-0.099,0.00112605062053178,-0.09737,0.000998048491811856,0.149,1.71170460147645,0.8528,0.00250531594813908,20000,1.58646629975288,0.00303954267857625,0.429856247945438,1.54376310013654,1.28102845763878,1.84479549229779,2.15219075096651,2.35557798942563,1.58646629975288,0.804652533289457,2.10880658738033,0,0,0,0.03066
"gaussian_phi090_N64_M4_Q16","gaussian_phi090_N64","gaussian","Gaussian","inside formal moment assumptions","regular",0.9,"phi = 0.90",64,4,16,2,100000,20000,"V_feasible",0.60146,-0.34854,0.00154824374179262,-0.34691,0.00150534287774307,0.39854,5.74084317442031,0.5973,0.00346794398743694,20000,0.879172628430138,0.00175436093048287,0.248104102118636,0.853706706404548,0.701810266454427,1.02659333166986,1.2097366796355,1.32230028604339,0.879172628430138,0.445914598233355,1.16863814287562,0,0,0,0.03066
"gaussian_phi090_N64_M4_Q16","gaussian_phi090_N64","gaussian","Gaussian","inside formal moment assumptions","regular",0.9,"phi = 0.90",64,4,16,2,100000,20000,"VK_leading_oracle",0.86567,-0.0843299999999999,0.00107835732065026,-0.0827,0.000950061117066298,0.13433,1.55123229508803,0.86725,0.00239924402156179,20000,1.65769472186483,0.00317297860120906,0.448726937094946,1.61303593888762,1.33834132653687,1.92850825261088,2.24774595323451,2.46030321551715,1.65769472186483,0.840779446482332,2.20348679948556,0,0,0,0.03066
"gaussian_phi090_N64_M4_Q16","gaussian_phi090_N64","gaussian","Gaussian","inside formal moment assumptions","regular",0.9,"phi = 0.90",64,4,16,2,100000,20000,"F_feasible_leading",0.62373,-0.32627,0.0015319624248003,-0.32464,0.00148084794395182,0.37627,5.20263912681841,0.6203,0.00343167531972359,20000,0.923983133002343,0.00183936809902202,0.260125931183336,0.897507380594876,0.737827143281671,1.07853451545091,1.27057874162139,1.38769935787068,0.923983133002343,0.468642396502767,1.22820240039588,0,0,0,0.03066
"gaussian_phi090_N64_M8_Q8","gaussian_phi090_N64","gaussian","Gaussian","inside formal moment assumptions","regular",0.9,"phi = 0.90",64,8,8,4,100000,20000,"raw",0.62146,-0.32854,0.00153377791221545,-0.32691,0.00148385327347598,0.37854,4.54482812413071,0.62005,0.00343211303354071,20000,0.929950021351969,0.0021552741588668,0.304801794610169,0.899426222559445,0.710477441946156,1.11365335544444,1.33537043546103,1.47554474873782,0.929950021351969,0.471668790336111,1,0,0,0,0.08614
"gaussian_phi090_N64_M8_Q8","gaussian_phi090_N64","gaussian","Gaussian","inside formal moment assumptions","regular",0.9,"phi = 0.90",64,8,8,4,100000,20000,"K_leading",0.66289,-0.28711,0.00149488075745191,-0.28548,0.00143039580407717,0.33711,3.6926728508562,0.66175,0.00334542177834126,20000,1.02469136890038,0.00237222241949511,0.33548291186155,0.991785401913821,0.783052404638038,1.22722393189141,1.47231782806061,1.62512786518329,1.02469136890038,0.519721412269498,1.1018778916857,0,0,0,0.08614
"gaussian_phi090_N64_M8_Q8","gaussian_phi090_N64","gaussian","Gaussian","inside formal moment assumptions","regular",0.9,"phi = 0.90",64,8,8,4,100000,20000,"V_oracle",0.79734,-0.15266,0.00127117632293872,-0.15103,0.00117098808838136,0.20266,1.73629852508468,0.79735,0.00284238436440253,20000,1.42113749232252,0.00328480598037197,0.464541716720629,1.37595892057472,1.0867227391513,1.70262347330581,2.03902764298883,2.25287441490779,1.42113749232252,0.720798092923921,1.52818695595755,0,0,0,0.08614
"gaussian_phi090_N64_M8_Q8","gaussian_phi090_N64","gaussian","Gaussian","inside formal moment assumptions","regular",0.9,"phi = 0.90",64,8,8,4,100000,20000,"V_feasible",0.67143,-0.27857,0.00148530049181975,-0.27694,0.00141811934428127,0.32857,3.52382091015133,0.6711,0.0033220836082194,20000,1.04705754734131,0.00247512648224672,0.350035743978212,1.01361893671261,0.795339459352985,1.25917862758395,1.51304761186432,1.67315751958926,1.04705754734131,0.531065493228108,1.12592883843273,0,0,0,0.08614
"gaussian_phi090_N64_M8_Q8","gaussian_phi090_N64","gaussian","Gaussian","inside formal moment assumptions","regular",0.9,"phi = 0.90",64,8,8,4,100000,20000,"VK_leading_oracle",0.82538,-0.12462,0.00120053261346787,-0.12299,0.00110092993395002,0.17462,1.4107425516313,0.82745,0.00267185794439001,20000,1.53782539453997,0.00355595965358897,0.502888636935705,1.48939029795185,1.17584134372387,1.8428339993429,2.20669207956264,2.44064849258798,1.53782539453997,0.779981963478326,1.65366456178394,0,0,0,0.08614
"gaussian_phi090_N64_M8_Q8","gaussian_phi090_N64","gaussian","Gaussian","inside formal moment assumptions","regular",0.9,"phi = 0.90",64,8,8,4,100000,20000,"F_feasible_leading",0.71198,-0.23802,0.00143200726115478,-0.23639,0.00135141257288787,0.28802,2.86310448949795,0.71095,0.00320546484538514,20000,1.15145017071475,0.00271425666049661,0.383853858103582,1.11510189118073,0.874823332610092,1.38409499378789,1.66446037518699,1.8372132063467,1.15145017071475,0.584013222951237,1.23818500379274,0,0,0,0.08614
"gaussian_phi090_N64_M16_Q4","gaussian_phi090_N64","gaussian","Gaussian","inside formal moment assumptions","regular",0.9,"phi = 0.90",64,16,4,5,100000,20000,"raw",0.61258,-0.33742,0.00154053803458402,-0.33579,0.00149785619961729,0.38742,2.44027128105786,0.6125,0.00344487844488017,20000,0.951487202929972,0.00296218002573512,0.418915516658528,0.902818925688268,0.648636435281986,1.20679072800098,1.51186435768121,1.70728167858403,0.951487202929972,0.482592405744365,1,0,0,0,0.23913
"gaussian_phi090_N64_M16_Q4","gaussian_phi090_N64","gaussian","Gaussian","inside formal moment assumptions","regular",0.9,"phi = 0.90",64,16,4,5,100000,20000,"K_leading",0.67514,-0.27486,0.00148096583485238,-0.27323,0.0014240695034792,0.32486,1.52516955066116,0.67745,0.00330538573770143,20000,1.11676643517807,0.00348219166487432,0.492456267924781,1.05895224050735,0.761127729201276,1.41682574632698,1.77526552142877,2.00370800894977,1.11676643517807,0.566421701676643,1.17370620617823,0,0,0,0.23913
"gaussian_phi090_N64_M16_Q4","gaussian_phi090_N64","gaussian","Gaussian","inside formal moment assumptions","regular",0.9,"phi = 0.90",64,16,4,5,100000,20000,"V_oracle",0.67854,-0.27146,0.00147690036359939,-0.26983,0.00141944984391087,0.32146,1.48227293718408,0.6807,0.00329657026316746,20000,1.12641377774363,0.00351266513367524,0.496765867211863,1.06820712487223,0.7675626088818,1.42931406336272,1.79078502049308,2.02100778869274,1.12641377774363,0.571314814525049,1.18384543089491,0,0,0,0.23913
"gaussian_phi090_N64_M16_Q4","gaussian_phi090_N64","gaussian","Gaussian","inside formal moment assumptions","regular",0.9,"phi = 0.90",64,16,4,5,100000,20000,"V_feasible",0.62997,-0.32003,0.00152678681910737,-0.3184,0.00147987712340012,0.37003,2.16480401909725,0.6311,0.00341183814094397,20000,0.995481770378636,0.00312492263566094,0.441930797271838,0.943972397129185,0.675696389634871,1.26621840421455,1.58474538642464,1.79244800832481,0.995481770378636,0.504906362337111,1.04623768697381,0,0,0,0.23913
"gaussian_phi090_N64_M16_Q4","gaussian_phi090_N64","gaussian","Gaussian","inside formal moment assumptions","regular",0.9,"phi = 0.90",64,16,4,5,100000,20000,"VK_leading_oracle",0.72252,-0.22748,0.00141592672691775,-0.22585,0.00135625814997061,0.27748,0.92642058574005,0.72435,0.00315964458048686,20000,1.26910076776867,0.00396521313606432,0.560765819472212,1.20328231503928,0.864100073971569,1.61161208712467,2.01782137136573,2.27969062306972,1.26910076776867,0.643685370400696,1.33380750036432,0,0,0,0.23913
"gaussian_phi090_N64_M16_Q4","gaussian_phi090_N64","gaussian","Gaussian","inside formal moment assumptions","regular",0.9,"phi = 0.90",64,16,4,5,100000,20000,"F_feasible_leading",0.6886,-0.2614,0.00146434299260795,-0.25977,0.00140666814073277,0.3114,1.35300251193578,0.6902,0.003269739744995,20000,1.15857965864997,0.00363510254206054,0.514081131559893,1.09857407726368,0.786868303828542,1.47206604676827,1.84534644112533,2.08459291949208,1.15857965864997,0.587629284968456,1.21765133055105,0,0,0,0.23913
"gaussian_phi095_N64_M4_Q16","gaussian_phi095_N64","gaussian","Gaussian","inside formal moment assumptions","regular",0.95,"phi = 0.95",64,4,16,2,100000,20000,"raw",0.37986,-0.57014,0.00153481718911407,-0.57052,0.00156534143206458,0.62014,12.711554573689,0.3738,0.00342106386961717,20000,0.664340913310598,0.00153925879529659,0.217684066431051,0.633030454693972,0.505802272735936,0.78915329125396,0.956744720153206,1.06710879014741,0.664340913310598,0.25821400716562,1,0,0,0,0.11567
"gaussian_phi095_N64_M4_Q16","gaussian_phi095_N64","gaussian","Gaussian","inside formal moment assumptions","regular",0.95,"phi = 0.95",64,4,16,2,100000,20000,"K_leading",0.39617,-0.55383,0.00154667168817432,-0.55421,0.00157182615621915,0.60383,11.5198463324057,0.3903,0.00344939059835212,20000,0.697747490172855,0.00161290682035339,0.228099470018783,0.665255332539751,0.531586545952206,0.828755194905644,1.00465433412767,1.11983369025073,0.697747490172855,0.271198373933434,1.05028529207359,0,0,0,0.11567
"gaussian_phi095_N64_M4_Q16","gaussian_phi095_N64","gaussian","Gaussian","inside formal moment assumptions","regular",0.95,"phi = 0.95",64,4,16,2,100000,20000,"V_oracle",0.76883,-0.18117,0.00133315577146859,-0.18155,0.00124165671266817,0.23117,1.73180793533225,0.7638,0.0030034110607774,20000,1.68194145603107,0.00368029200334392,0.520471886462222,1.61951114696538,1.30328446769489,1.99304307975243,2.38151439446493,2.62239123782533,1.68194145603107,0.653731893487508,2.53174450396179,0,0,0,0.11567
"gaussian_phi095_N64_M4_Q16","gaussian_phi095_N64","gaussian","Gaussian","inside formal moment assumptions","regular",0.95,"phi = 0.95",64,4,16,2,100000,20000,"V_feasible",0.43666,-0.51334,0.00156840060061197,-0.51372,0.00158055135868025,0.56334,9.2002753828606,0.43105,0.00350175597022408,20000,0.77783677776975,0.00181352667756261,0.256471402313446,0.742231317870321,0.591160885623334,0.926343402840505,1.12287705207319,1.25054651283373,0.77783677776975,0.302327234834653,1.17083979352343,0,0,0,0.11567
"gaussian_phi095_N64_M4_Q16","gaussian_phi095_N64","gaussian","Gaussian","inside formal moment assumptions","regular",0.95,"phi = 0.95",64,4,16,2,100000,20000,"VK_leading_oracle",0.78317,-0.16683,0.00130312989030257,-0.16721,0.0012086863812535,0.21683,1.56945094139485,0.77875,0.002935118715657,20000,1.74446563124172,0.00380935234377374,0.538723774842256,1.68127545091214,1.3528630703974,2.06705282827133,2.46714143033043,2.71849258766121,1.74446563124172,0.678033599889142,2.6258590977764,0,0,0,0.11567
"gaussian_phi095_N64_M4_Q16","gaussian_phi095_N64","gaussian","Gaussian","inside formal moment assumptions","regular",0.95,"phi = 0.95",64,4,16,2,100000,20000,"F_feasible_leading",0.45547,-0.49453,0.00157485580006552,-0.49491,0.0015810648046994,0.54453,8.33774956571741,0.44905,0.00351713020444225,20000,0.816891876103012,0.00189862663691359,0.268506353980602,0.780396013821378,0.621776564065767,0.972549872771633,1.17822643764697,1.3112394357725,0.816891876103012,0.317507051761213,1.22962752968534,0,0,0,0.11567
"gaussian_phi095_N64_M8_Q8","gaussian_phi095_N64","gaussian","Gaussian","inside formal moment assumptions","regular",0.95,"phi = 0.95",64,8,8,4,100000,20000,"raw",0.46754,-0.48246,0.00157780337304748,-0.48284,0.00158021527482908,0.53246,6.2729046998414,0.45945,0.00352388775005675,20000,0.847322896321625,0.00220965441750129,0.312492324538794,0.806928690254405,0.619732463276385,1.03154322070459,1.26607451808186,1.41997508660822,0.847322896321625,0.329334888215886,1,0,0,0,0.19714
"gaussian_phi095_N64_M8_Q8","gaussian_phi095_N64","gaussian","Gaussian","inside formal moment assumptions","regular",0.95,"phi = 0.95",64,8,8,4,100000,20000,"K_leading",0.5073,-0.4427,0.00158097030332641,-0.44308,0.00157093151163828,0.4927,5.09673506862114,0.49895,0.00353552611007188,20000,0.932836706811833,0.00242516446429475,0.342970047639092,0.889241225477353,0.682828297130312,1.13554339898054,1.3938069448436,1.56025868434392,0.932836706811833,0.362572136189435,1.10092234124846,0,0,0,0.19714
"gaussian_phi095_N64_M8_Q8","gaussian_phi095_N64","gaussian","Gaussian","inside formal moment assumptions","regular",0.95,"phi = 0.95",64,8,8,4,100000,20000,"V_oracle",0.70721,-0.24279,0.00143897191042772,-0.24317,0.00137054817318581,0.29279,1.5983252666184,0.7023,0.00323322370089049,20000,1.49130638784339,0.00382250692562484,0.540584113648373,1.42761023630215,1.09567517931765,1.81563956834536,2.22490730374056,2.46571767122031,1.49130638784339,0.579636434549519,1.76002134996871,0,0,0,0.19714
"gaussian_phi095_N64_M8_Q8","gaussian_phi095_N64","gaussian","Gaussian","inside formal moment assumptions","regular",0.95,"phi = 0.95",64,8,8,4,100000,20000,"V_feasible",0.51713,-0.43287,0.00158021062868214,-0.43325,0.0015672488435757,0.48287,4.8030091970756,0.50825,0.00353505259861858,20000,0.956956798178527,0.00252242149978114,0.356724269501196,0.912222349564626,0.696952600605332,1.16876808442514,1.43683755458214,1.60770396964476,0.956956798178527,0.371947059997692,1.12938857468958,0,0,0,0.19714
"gaussian_phi095_N64_M8_Q8","gaussian_phi095_N64","gaussian","Gaussian","inside formal moment assumptions","regular",0.95,"phi = 0.95",64,8,8,4,100000,20000,"VK_leading_oracle",0.7332,-0.2168,0.00139863419091627,-0.21718,0.00132512113991905,0.2668,1.29863927912745,0.728,0.00314655367028754,20000,1.58874806754854,0.00406683743991153,0.575137666348956,1.52109696849972,1.16806102240923,1.93483621611602,2.37018515716349,2.62709106241993,1.58874806754854,0.61750977047916,1.87502081490488,0,0,0,0.19714
"gaussian_phi095_N64_M8_Q8","gaussian_phi095_N64","gaussian","Gaussian","inside formal moment assumptions","regular",0.95,"phi = 0.95",64,8,8,4,100000,20000,"F_feasible_leading",0.55692,-0.39308,0.00157085999885413,-0.39346,0.00154548250367375,0.44308,3.90244497262392,0.54835,0.00351896488686659,20000,1.05093881834242,0.00275773605212922,0.390002772636638,1.0021324724328,0.766611451100725,1.28367350126246,1.57522013555376,1.75972648585932,1.05093881834242,0.408475705971197,1.24030499223463,0,0,0,0.19714
"gaussian_phi095_N64_M16_Q4","gaussian_phi095_N64","gaussian","Gaussian","inside formal moment assumptions","regular",0.95,"phi = 0.95",64,16,4,5,100000,20000,"raw",0.49156,-0.45844,0.00158091355361386,-0.45882,0.00157640950475099,0.50844,2.90953759165369,0.484,0.00353372324892598,20000,0.918569452925669,0.00304499623230427,0.430627496909967,0.861965297803565,0.601708125123862,1.17521386335365,1.49999930587596,1.71397449951478,0.918569452925669,0.357026783309033,1,0,0,0,0.35118
"gaussian_phi095_N64_M16_Q4","gaussian_phi095_N64","gaussian","Gaussian","inside formal moment assumptions","regular",0.95,"phi = 0.95",64,16,4,5,100000,20000,"K_leading",0.55484,-0.39516,0.00157159974039194,-0.39554,0.00154838789037198,0.44516,1.81846099478356,0.54615,0.00352044157386542,20000,1.07780405155696,0.0035741079787766,0.505455197697176,1.01166650586561,0.705021243570693,1.38021843120244,1.76048377113968,2.00946621034711,1.07780405155696,0.418917603170026,1.17335063573486,0,0,0,0.35118
"gaussian_phi095_N64_M16_Q4","gaussian_phi095_N64","gaussian","Gaussian","inside formal moment assumptions","regular",0.95,"phi = 0.95",64,16,4,5,100000,20000,"V_oracle",0.59064,-0.35936,0.0015549417686846,-0.35974,0.00152331694960218,0.40936,1.30921246680978,0.5827,0.00348683746394924,20000,1.17891938067933,0.00391150573209724,0.553170445563203,1.10613346942025,0.771094716623324,1.5080992121956,1.92629047344153,2.19986203370663,1.17891938067933,0.458218801990445,1.28342976889166,0,0,0,0.35118
"gaussian_phi095_N64_M16_Q4","gaussian_phi095_N64","gaussian","Gaussian","inside formal moment assumptions","regular",0.95,"phi = 0.95",64,16,4,5,100000,20000,"V_feasible",0.50956,-0.44044,0.00158084979172596,-0.44082,0.00157098757347713,0.49044,2.56008699261065,0.5014,0.00353552004661266,20000,0.962829701500306,0.00320955165563189,0.453899148053164,0.903784329692339,0.628122266180724,1.23334178646783,1.57636190354661,1.80058855202372,0.962829701500306,0.374229722212271,1.0481838890175,0,0,0,0.35118
"gaussian_phi095_N64_M16_Q4","gaussian_phi095_N64","gaussian","Gaussian","inside formal moment assumptions","regular",0.95,"phi = 0.95",64,16,4,5,100000,20000,"VK_leading_oracle",0.62608,-0.32392,0.00153004520717527,-0.3243,0.00149121337747935,0.37392,0.818257791756113,0.6196,0.00343289848378888,20000,1.28946111792878,0.00428206311984319,0.605575173901989,1.20951460641947,0.842533238134528,1.64874152367417,2.10816900818029,2.4025497413839,1.28946111792878,0.501183828473593,1.40377095474034,0,0,0,0.35118
"gaussian_phi095_N64_M16_Q4","gaussian_phi095_N64","gaussian","Gaussian","inside formal moment assumptions","regular",0.95,"phi = 0.95",64,16,4,5,100000,20000,"F_feasible_leading",0.56978,-0.38022,0.00156566519920448,-0.3806,0.00153865528127672,0.43022,1.60005437038166,0.56105,0.0035090803460451,20000,1.11960342929132,0.00372809125278669,0.527231721145544,1.05054300806185,0.73052547737719,1.43353434019105,1.83101329101637,2.09144228891863,1.11960342929132,0.43516405827398,1.21885549941309,0,0,0,0.35118
"gaussian_phi000_N729_M9_Q81","gaussian_phi000_N729","gaussian","Gaussian","inside formal moment assumptions","regular",0,"phi = 0.00",729,9,81,4,100000,20000,"raw",0.94707,-0.00292999999999999,0.000708014230789184,-0.00277,0.000389903566600656,0.05293,1.02503869695732,0.9472,0.00158133108487755,20000,0.14537052628018,8.17787615585227e-05,0.0115652633710138,0.145190683725068,0.13748745024393,0.153000989303112,0.160369699762993,0.164862118358855,0.14537052628018,1.00129498310295,1,0,0,0,0
"gaussian_phi000_N729_M9_Q81","gaussian_phi000_N729","gaussian","Gaussian","inside formal moment assumptions","regular",0,"phi = 0.00",729,9,81,4,100000,20000,"K_leading",0.94912,-0.000879999999999992,0.000694918884475016,-0.00072,0.000389353736290432,0.05088,1.00605649886552,0.94965,0.00154620305102532,20000,0.146765360991712,8.25708170995731e-05,0.0116772769398445,0.146589478641343,0.138802652262447,0.154464648048435,0.161903434778401,0.166440507834286,0.146765360991712,1.01090243954308,1.00959503103707,0,0,0,0
"gaussian_phi000_N729_M9_Q81","gaussian_phi000_N729","gaussian","Gaussian","inside formal moment assumptions","regular",0,"phi = 0.00",729,9,81,4,100000,20000,"V_oracle",0.94707,-0.00292999999999999,0.000708014230789184,-0.00277,0.000389903566600656,0.05293,1.02503869695732,0.9472,0.00158133108487755,20000,0.14537052628018,8.17787615585227e-05,0.0115652633710138,0.145190683725068,0.13748745024393,0.153000989303112,0.160369699762993,0.164862118358855,0.14537052628018,1.00129498310295,1,0,0,0,0
"gaussian_phi000_N729_M9_Q81","gaussian_phi000_N729","gaussian","Gaussian","inside formal moment assumptions","regular",0,"phi = 0.00",729,9,81,4,100000,20000,"V_feasible",0.94669,-0.00330999999999992,0.000710408642261621,-0.00315,0.000423795435352612,0.05331,1.02873783158134,0.9468,0.00158697447994604,20000,0.145838265463077,9.74642205841849e-05,0.0137835222596277,0.145682801917841,0.136517736718601,0.15497376742078,0.163651726451939,0.169095017116478,0.145838265463077,1.00451671524646,1.00321756545062,0,0,0,0
"gaussian_phi000_N729_M9_Q81","gaussian_phi000_N729","gaussian","Gaussian","inside formal moment assumptions","regular",0,"phi = 0.00",729,9,81,4,100000,20000,"VK_leading_oracle",0.94912,-0.000879999999999992,0.000694918884475016,-0.00072,0.000389353736290432,0.05088,1.00605649886552,0.94965,0.00154620305102532,20000,0.146765360991712,8.25708170995731e-05,0.0116772769398445,0.146589478641343,0.138802652262447,0.154464648048435,0.161903434778401,0.166440507834286,0.146765360991712,1.01090243954308,1.00959503103707,0,0,0,0
"gaussian_phi000_N729_M9_Q81","gaussian_phi000_N729","gaussian","Gaussian","inside formal moment assumptions","regular",0,"phi = 0.00",729,9,81,4,100000,20000,"F_feasible_leading",0.94879,-0.00120999999999993,0.000697047601674376,-0.00105,0.000421059078880243,0.05121,1.0096871309965,0.94915,0.00155345224419678,20000,0.147254162460092,9.84184917493277e-05,0.0139184765820204,0.147099429452179,0.137843505752726,0.156478489261378,0.165235832978058,0.170729354206804,0.147254162460092,1.01426924621666,1.01295748339166,0,0,0,0
"gaussian_phi000_N729_M27_Q27","gaussian_phi000_N729","gaussian","Gaussian","inside formal moment assumptions","regular",0,"phi = 0.00",729,27,27,12,100000,20000,"raw",0.93828,-0.01172,0.000760990417810895,-0.01156,0.000540986682521767,0.06172,1.10235769898285,0.93895,0.00169296924809637,20000,0.144081143805445,0.000143080178538183,0.0202345928995463,0.143682714973874,0.130181271223722,0.15748360657152,0.170252206740127,0.178106413015574,0.144081143805445,0.992413869191563,1,0,0,0,0
"gaussian_phi000_N729_M27_Q27","gaussian_phi000_N729","gaussian","Gaussian","inside formal moment assumptions","regular",0,"phi = 0.00",729,27,27,12,100000,20000,"K_leading",0.9449,-0.00509999999999999,0.000721553809497255,-0.00494,0.000523983501254663,0.0551,1.04111560459491,0.94515,0.00160999188662552,20000,0.148420992193216,0.000147514520312109,0.0208617035272345,0.147973288177368,0.134084641891633,0.162246441965257,0.175441511855826,0.183493539802123,0.148420992193216,1.02230623134568,1.0301208629606,0,0,0,0
"gaussian_phi000_N729_M27_Q27","gaussian_phi000_N729","gaussian","Gaussian","inside formal moment assumptions","regular",0,"phi = 0.00",729,27,27,12,100000,20000,"V_oracle",0.93828,-0.01172,0.000760990417810895,-0.01156,0.000540986682521767,0.06172,1.10235769898285,0.93895,0.00169296924809637,20000,0.144081143805445,0.000143080178538183,0.0202345928995463,0.143682714973874,0.130181271223722,0.15748360657152,0.170252206740127,0.178106413015574,0.144081143805445,0.992413869191563,1,0,0,0,0
"gaussian_phi000_N729_M27_Q27","gaussian_phi000_N729","gaussian","Gaussian","inside formal moment assumptions","regular",0,"phi = 0.00",729,27,27,12,100000,20000,"V_feasible",0.93661,-0.0133899999999999,0.000770530388109385,-0.01323,0.000580131913042512,0.0633899999999999,1.11474712077574,0.93775,0.001708434041747,20000,0.145211415734328,0.000168039964052981,0.0237644396184413,0.14473467917822,0.128942478566564,0.160916339345813,0.17616042337574,0.185359708920177,0.145211415734328,1.00019904849091,1.00784469014494,0,0,0,0
"gaussian_phi000_N729_M27_Q27","gaussian_phi000_N729","gaussian","Gaussian","inside formal moment assumptions","regular",0,"phi = 0.00",729,27,27,12,100000,20000,"VK_leading_oracle",0.9449,-0.00509999999999999,0.000721553809497255,-0.00494,0.000523983501254663,0.0551,1.04111560459491,0.94515,0.00160999188662552,20000,0.148420992193216,0.000147514520312109,0.0208617035272345,0.147973288177368,0.134084641891633,0.162246441965257,0.175441511855826,0.183493539802123,0.148420992193216,1.02230623134568,1.0301208629606,0,0,0,0
"gaussian_phi000_N729_M27_Q27","gaussian_phi000_N729","gaussian","Gaussian","inside formal moment assumptions","regular",0,"phi = 0.00",729,27,27,12,100000,20000,"F_feasible_leading",0.94372,-0.00627999999999995,0.000728783655140536,-0.00612,0.000560204064860246,0.05628,1.05281672517709,0.94445,0.00161963263581591,20000,0.149715149890318,0.00017334766666424,0.0245150621202298,0.149227292034347,0.132951366391244,0.165878022286191,0.181673598457333,0.191170184800984,0.149715149890318,1.03122023642368,1.03910300776402,0,0,0,0
"gaussian_phi000_N729_M81_Q9","gaussian_phi000_N729","gaussian","Gaussian","inside formal moment assumptions","regular",0,"phi = 0.00",729,81,9,12,100000,20000,"raw",0.89196,-0.05804,0.000981668775096774,-0.05788,0.000843152515895938,0.10804,1.61254418346077,0.8943,0.0021740228839642,20000,0.132279354339641,0.000237909540630481,0.0336454898977578,0.130866995417438,0.108785363221065,0.154290284895565,0.176481504048807,0.190692330092353,0.132279354339641,0.911124539874755,1,0,0,0,0.00424
"gaussian_phi000_N729_M81_Q9","gaussian_phi000_N729","gaussian","Gaussian","inside formal moment assumptions","regular",0,"phi = 0.00",729,81,9,12,100000,20000,"K_leading",0.9146,-0.0354,0.000883780742039563,-0.03524,0.000771483879205365,0.0854,1.34378681955064,0.917,0.00195078189452332,20000,0.144480398870936,0.000260580076017121,0.0368515877587624,0.142892110425362,0.118658334430805,0.16856756842077,0.192969385209515,0.208301348669115,0.144480398870936,0.995163890838208,1.09223695256304,0,0,0,0.00424
"gaussian_phi000_N729_M81_Q9","gaussian_phi000_N729","gaussian","Gaussian","inside formal moment assumptions","regular",0,"phi = 0.00",729,81,9,12,100000,20000,"V_oracle",0.89196,-0.05804,0.000981668775096774,-0.05788,0.000843152515895938,0.10804,1.61254418346077,0.8943,0.0021740228839642,20000,0.132279354339641,0.000237909540630481,0.0336454898977578,0.130866995417438,0.108785363221065,0.154290284895565,0.176481504048807,0.190692330092353,0.132279354339641,0.911124539874755,1,0,0,0,0.00424
"gaussian_phi000_N729_M81_Q9","gaussian_phi000_N729","gaussian","Gaussian","inside formal moment assumptions","regular",0,"phi = 0.00",729,81,9,12,100000,20000,"V_feasible",0.89103,-0.05897,0.000985370687102067,-0.05881,0.000850130029001836,0.10897,1.61948243773938,0.8939,0.00217764540272286,20000,0.132530269651537,0.000243495075005845,0.0344354037444319,0.131048876627103,0.108226228637035,0.155017212621799,0.177789270002253,0.192476097352652,0.132530269651537,0.91285281485191,1.00189685921245,0,0,0,0.00424
"gaussian_phi000_N729_M81_Q9","gaussian_phi000_N729","gaussian","Gaussian","inside formal moment assumptions","regular",0,"phi = 0.00",729,81,9,12,100000,20000,"VK_leading_oracle",0.9146,-0.0354,0.000883780742039563,-0.03524,0.000771483879205365,0.0854,1.34378681955064,0.917,0.00195078189452332,20000,0.144480398870936,0.000260580076017121,0.0368515877587624,0.142892110425362,0.118658334430805,0.16856756842077,0.192969385209515,0.208301348669115,0.144480398870936,0.995163890838208,1.09223695256304,0,0,0,0.00424
"gaussian_phi000_N729_M81_Q9","gaussian_phi000_N729","gaussian","Gaussian","inside formal moment assumptions","regular",0,"phi = 0.00",729,81,9,12,100000,20000,"F_feasible_leading",0.91408,-0.03592,0.000886215287613568,-0.03576,0.000777443417994314,0.08592,1.34956869811615,0.91645,0.00195664761134958,20000,0.144855422376347,0.000266896351312037,0.0377448439773377,0.143193002135069,0.118242634738414,0.16934541543335,0.194598084749086,0.210507781986879,0.144855422376347,0.997747008366378,1.09507203977135,0,0,0,0.00424
"gaussian_phi005_N729_M9_Q81","gaussian_phi005_N729","gaussian","Gaussian","inside formal moment assumptions","regular",0.05,"phi = 0.05",729,9,81,4,100000,20000,"raw",0.94552,-0.00447999999999993,0.000717718117369208,-0.00389,0.000389807899486382,0.05448,1.03314198554927,0.94625,0.0015946933482648,20000,0.152027767957613,8.5787043078008e-05,0.0121321199796804,0.151735224655355,0.143861853499769,0.160106932264897,0.167705891653702,0.172483188869525,0.152027767957613,0.996106132010945,1,0,0,0,0
"gaussian_phi005_N729_M9_Q81","gaussian_phi005_N729","gaussian","Gaussian","inside formal moment assumptions","regular",0.05,"phi = 0.05",729,9,81,4,100000,20000,"K_leading",0.94744,-0.00256000000000001,0.000705673057442326,-0.00197,0.000387379260708309,0.0525600000000001,1.01400972655762,0.94815,0.00156782616223866,20000,0.1534867966653,8.66180360991142e-05,0.012249640139749,0.153199892889753,0.145244079086429,0.161650191917404,0.169320241220564,0.174144683511451,0.1534867966653,1.00566588193053,1.0095971198373,0,0,0,0
"gaussian_phi005_N729_M9_Q81","gaussian_phi005_N729","gaussian","Gaussian","inside formal moment assumptions","regular",0.05,"phi = 0.05",729,9,81,4,100000,20000,"V_oracle",0.94669,-0.00330999999999992,0.000710408642261621,-0.00272,0.000389265373845803,0.05331,1.02177437221455,0.94725,0.00158062388789996,20000,0.152889614561379,8.6277863178227e-05,0.0122015324239219,0.152598110836101,0.144676986591781,0.161018837493023,0.168660652156068,0.17345843527632,0.152889614561379,1.0017530654521,1.00566900780919,0,0,0,0
"gaussian_phi005_N729_M9_Q81","gaussian_phi005_N729","gaussian","Gaussian","inside formal moment assumptions","regular",0.05,"phi = 0.05",729,9,81,4,100000,20000,"V_feasible",0.94644,-0.00356000000000001,0.000711978415403164,-0.00297,0.000419539689583133,0.0535600000000001,1.02583184171562,0.9471,0.00158274429394012,20000,0.153387454906088,0.000102239986407842,0.0144589175394811,0.1530741754894,0.143556687264755,0.163105664975093,0.172144751658587,0.177641357233568,0.153387454906088,1.00501498152696,1.00894367500583,0,0,0,0
"gaussian_phi005_N729_M9_Q81","gaussian_phi005_N729","gaussian","Gaussian","inside formal moment assumptions","regular",0.05,"phi = 0.05",729,9,81,4,100000,20000,"VK_leading_oracle",0.94879,-0.00120999999999993,0.000697047601674376,-0.00062,0.00038418437237389,0.05121,1.00285262458095,0.94975,0.00154474815908613,20000,0.154357280459509,8.71140073803849e-05,0.012319781071001,0.154066377474522,0.146069971519902,0.162567814441596,0.170279817728926,0.175134686624674,0.154357280459509,1.01136940739088,1.01532294088896,0,0,0,0
"gaussian_phi005_N729_M9_Q81","gaussian_phi005_N729","gaussian","Gaussian","inside formal moment assumptions","regular",0.05,"phi = 0.05",729,9,81,4,100000,20000,"F_feasible_leading",0.9485,-0.00149999999999995,0.000698911653930595,-0.00091,0.000417005345211041,0.0515,1.00683495575792,0.9492,0.00155272921013292,20000,0.154876715216409,0.000103240934396394,0.0146004729615451,0.154556250751107,0.144937831089179,0.164697021601809,0.173818477309785,0.179385296489417,0.154876715216409,1.01477281292317,1.01873965063797,0,0,0,0
"gaussian_phi005_N729_M27_Q27","gaussian_phi005_N729","gaussian","Gaussian","inside formal moment assumptions","regular",0.05,"phi = 0.05",729,27,27,12,100000,20000,"raw",0.93775,-0.01225,0.000764034930484203,-0.01166,0.000537999385160787,0.06225,1.10260974920017,0.93825,0.0017020125954293,20000,0.151521948096917,0.00014984133919078,0.0211907654087748,0.151165279215587,0.136760585123399,0.165543878363703,0.178996893832209,0.187014785876428,0.151521948096917,0.992791933087276,1,0,0,0,0
"gaussian_phi005_N729_M27_Q27","gaussian_phi005_N729","gaussian","Gaussian","inside formal moment assumptions","regular",0.05,"phi = 0.05",729,27,27,12,100000,20000,"K_leading",0.94439,-0.00561,0.000724689781216763,-0.00502,0.000520913341648201,0.05561,1.04135365202239,0.94485,0.00161413254567275,20000,0.156087811591568,0.000154498871934627,0.0218494400061293,0.155690903547511,0.140837046102408,0.17053805275746,0.184392666217438,0.192721255972774,0.156087811591568,1.02270807726309,1.03013334735989,0,0,0,0
"gaussian_phi005_N729_M27_Q27","gaussian_phi005_N729","gaussian","Gaussian","inside formal moment assumptions","regular",0.05,"phi = 0.05",729,27,27,12,100000,20000,"V_oracle",0.93819,-0.01181,0.000761508528514291,-0.01122,0.000536790459527714,0.06181,1.09866686092771,0.9387,0.00169620620798298,20000,0.151803925883378,0.000150128502315049,0.0212313764072703,0.15144903161536,0.137014600787101,0.165847689130239,0.179337391738494,0.187374412954573,0.151803925883378,0.994639489003926,1.0018609699123,0,0,0,0
"gaussian_phi005_N729_M27_Q27","gaussian_phi005_N729","gaussian","Gaussian","inside formal moment assumptions","regular",0.05,"phi = 0.05",729,27,27,12,100000,20000,"V_feasible",0.93647,-0.0135299999999999,0.000771323143047063,-0.01294,0.000577519609441093,0.06353,1.11088099939188,0.93645,0.00172498402166513,20000,0.152954522925466,0.000175736042793603,0.0248528295116493,0.152314796419084,0.135741507723345,0.169319632188568,0.185297387717205,0.19481856204533,0.152954522925466,1.00217835367644,1.00945456976063,0,0,0,0
"gaussian_phi005_N729_M27_Q27","gaussian_phi005_N729","gaussian","Gaussian","inside formal moment assumptions","regular",0.05,"phi = 0.05",729,27,27,12,100000,20000,"VK_leading_oracle",0.94484,-0.00515999999999994,0.000721923641391525,-0.00457,0.000519897926461088,0.05516,1.0376298130984,0.9452,0.00160930046914801,20000,0.156378773245147,0.000154796240595167,0.0218914942854054,0.155982422035408,0.141107001265608,0.170856894230447,0.18473850966718,0.19307710510887,0.156378773245147,1.02461449667057,1.03205360813553,0,0,0,0
"gaussian_phi005_N729_M27_Q27","gaussian_phi005_N729","gaussian","Gaussian","inside formal moment assumptions","regular",0.05,"phi = 0.05",729,27,27,12,100000,20000,"F_feasible_leading",0.94375,-0.00624999999999998,0.000728600971039704,-0.00566,0.00055882266134049,0.05625,1.04916538831456,0.9436,0.00163124247124699,20000,0.157700008114689,0.000181302951993796,0.0256401093607905,0.157037256828363,0.139898691678736,0.174614386532691,0.191060734812767,0.200823508283042,0.157700008114689,1.0332714030572,1.04077336712844,0,0,0,0
"gaussian_phi005_N729_M81_Q9","gaussian_phi005_N729","gaussian","Gaussian","inside formal moment assumptions","regular",0.05,"phi = 0.05",729,81,9,12,100000,20000,"raw",0.89193,-0.05807,0.000981788546989625,-0.05748,0.000843900241542907,0.10807,1.59996565323309,0.8929,0.00218665943850431,20000,0.139532845573007,0.00025204413956239,0.0356444240485789,0.137705340134623,0.114583642147634,0.162634305454745,0.186018213921311,0.200981204554762,0.139532845573007,0.914237740640646,1,0,0,0,0.00375
"gaussian_phi005_N729_M81_Q9","gaussian_phi005_N729","gaussian","Gaussian","inside formal moment assumptions","regular",0.05,"phi = 0.05",729,81,9,12,100000,20000,"K_leading",0.91566,-0.0343399999999999,0.000878787598911136,-0.03375,0.000770918489954146,0.08434,1.33330471102758,0.91685,0.00195238415149273,20000,0.152394902905149,0.000276002211610168,0.0390326070904069,0.150425947743923,0.125082927793076,0.177605993691633,0.203545401993491,0.219814655137457,0.152394902905149,0.99851164895978,1.09217942398668,0,0,0,0.00375
"gaussian_phi005_N729_M81_Q9","gaussian_phi005_N729","gaussian","Gaussian","inside formal moment assumptions","regular",0.05,"phi = 0.05",729,81,9,12,100000,20000,"V_oracle",0.89212,-0.0578799999999999,0.000981029589767811,-0.05729,0.000843140360709104,0.10788,1.59820521844782,0.8934,0.00218215993914287,20000,0.139607600065692,0.000252182803737954,0.0356640341243487,0.137775788736633,0.114642912310347,0.162715817596444,0.186124334742621,0.201091326806873,0.139607600065692,0.914727542007585,1.00053574835644,0,0,0,0.00375
"gaussian_phi005_N729_M81_Q9","gaussian_phi005_N729","gaussian","Gaussian","inside formal moment assumptions","regular",0.05,"phi = 0.05",729,81,9,12,100000,20000,"V_feasible",0.89165,-0.0583499999999999,0.000982905272648387,-0.05776,0.000848672508362481,0.10835,1.60568894911933,0.8928,0.00218755754210032,20000,0.13987034826854,0.000258093899202966,0.036499989261859,0.137845524433653,0.114245795937177,0.163440600819475,0.187727611345138,0.203158460197892,0.13987034826854,0.916449103137817,1.0024188046488,0,0,0,0.00375
"gaussian_phi005_N729_M81_Q9","gaussian_phi005_N729","gaussian","Gaussian","inside formal moment assumptions","regular",0.05,"phi = 0.05",729,81,9,12,100000,20000,"VK_leading_oracle",0.91577,-0.03423,0.000878267084092305,-0.03364,0.000770512453432395,0.08423,1.33183768203985,0.91685,0.00195238415149273,20000,0.152475520042738,0.000276153024405084,0.0390539352404018,0.150506771539685,0.125145129145479,0.177699402420188,0.203651094507435,0.219938353346418,0.152475520042738,0.999039863154963,1.09275718857864,0,0,0,0.00375
"gaussian_phi005_N729_M81_Q9","gaussian_phi005_N729","gaussian","Gaussian","inside formal moment assumptions","regular",0.05,"phi = 0.05",729,81,9,12,100000,20000,"F_feasible_leading",0.91527,-0.0347299999999999,0.000880629474296653,-0.03414,0.000776498959114779,0.08473,1.33807412426611,0.917,0.00195078189452332,20000,0.152867235543736,0.000282830582563173,0.0399982845714723,0.150635159028275,0.124809001010296,0.178647167463711,0.205302075832737,0.22229327281857,0.152867235543736,1.00160643515553,1.09556452400845,0,0,0,0.00375
"gaussian_phi010_N729_M9_Q81","gaussian_phi010_N729","gaussian","Gaussian","inside formal moment assumptions","regular",0.1,"phi = 0.10",729,9,81,4,100000,20000,"raw",0.94451,-0.00548999999999999,0.000723953450851642,-0.00558,0.000392797885561759,0.05549,1.0397715763052,0.9454,0.00160653104545166,20000,0.158802161095149,8.93980060865025e-05,0.0126427872656644,0.158525116217417,0.150083108515772,0.167345158548742,0.175165572863676,0.179998342862168,0.158802161095149,0.989525936594844,1,0,0,0,0
"gaussian_phi010_N729_M9_Q81","gaussian_phi010_N729","gaussian","Gaussian","inside formal moment assumptions","regular",0.1,"phi = 0.10",729,9,81,4,100000,20000,"K_leading",0.94676,-0.00323999999999991,0.000709968326054057,-0.00333,0.000386769449292559,0.05324,1.02051654711437,0.94735,0.00157920830639913,20000,0.160325985688551,9.02648938784688e-05,0.0127653837129099,0.160046118323141,0.151525232261733,0.168961262005193,0.176852759986137,0.18173487317004,0.160325985688551,0.999021172349785,1.00959574216682,0,0,0,0
"gaussian_phi010_N729_M9_Q81","gaussian_phi010_N729","gaussian","Gaussian","inside formal moment assumptions","regular",0.1,"phi = 0.10",729,9,81,4,100000,20000,"V_oracle",0.94721,-0.00278999999999996,0.00070712952066789,-0.00288,0.000385640432508615,0.05279,1.01671389837414,0.9477,0.00157424124580701,20000,0.160632144961018,9.04391164419059e-05,0.0127900225041183,0.160349659367814,0.151812636960964,0.169283433433333,0.177190451915758,0.182080847207207,0.160632144961018,1.00092890797974,1.01152367104609,0,0,0,0
"gaussian_phi010_N729_M9_Q81","gaussian_phi010_N729","gaussian","Gaussian","inside formal moment assumptions","regular",0.1,"phi = 0.10",729,9,81,4,100000,20000,"V_feasible",0.94682,-0.00317999999999996,0.000709590639735334,-0.00327,0.000417606052336589,0.05318,1.02056191799025,0.94695,0.00158486115322447,20000,0.161078216164186,0.000106664535288288,0.0150846432428921,0.160747071805714,0.150716272994713,0.171162385690351,0.180648593440383,0.186293445292449,0.161078216164186,1.00370846099123,1.01433264543341,0,0,0,0
"gaussian_phi010_N729_M9_Q81","gaussian_phi010_N729","gaussian","Gaussian","inside formal moment assumptions","regular",0.1,"phi = 0.10",729,9,81,4,100000,20000,"VK_leading_oracle",0.94955,-0.00044999999999995,0.000692132917148144,-0.00054,0.000381835752628561,0.05045,0.997885863219067,0.9495,0.00154838222025442,20000,0.162174307712759,9.13169682250562e-05,0.0129141694938667,0.161888348925127,0.153262294455445,0.170900852371295,0.178894750809636,0.183823192288084,0.162174307712759,1.01053841222561,1.02123489122789,0,0,0,0
"gaussian_phi010_N729_M9_Q81","gaussian_phi010_N729","gaussian","Gaussian","inside formal moment assumptions","regular",0.1,"phi = 0.10",729,9,81,4,100000,20000,"F_feasible_leading",0.94888,-0.00112000000000001,0.000696467842760885,-0.00121,0.000413868423379603,0.0511200000000001,1.00166262321265,0.94885,0.00155778171609504,20000,0.162641696368561,0.000107709650725178,0.0152324448854016,0.162310440845717,0.152173120432178,0.172825326136534,0.18241287508721,0.188116612684037,0.162641696368561,1.01345079826744,1.02417810467397,0,0,0,0
"gaussian_phi010_N729_M27_Q27","gaussian_phi010_N729","gaussian","Gaussian","inside formal moment assumptions","regular",0.1,"phi = 0.10",729,27,27,12,100000,20000,"raw",0.9374,-0.0125999999999999,0.000766036813736781,-0.01269,0.000546344784844002,0.0626,1.10237734952564,0.93755,0.00171099382669839,20000,0.158539545903918,0.000157449644242181,0.0222667422278111,0.157885493688037,0.143230597363792,0.173415870406782,0.187575342894625,0.19584593565066,0.158539545903918,0.987889532270906,1,0,0,0,0
"gaussian_phi010_N729_M27_Q27","gaussian_phi010_N729","gaussian","Gaussian","inside formal moment assumptions","regular",0.1,"phi = 0.10",729,27,27,12,100000,20000,"K_leading",0.94436,-0.00563999999999998,0.000724873715898156,-0.00573,0.000530447438248925,0.05564,1.04113416344089,0.9442,0.00162305822446393,20000,0.163316283981752,0.000162336008397159,0.0229577784736774,0.162647887192683,0.147519106930521,0.178623409505823,0.193288458127785,0.201834803028985,0.163316283981752,1.0176542797261,1.03012963138376,0,0,0,0
"gaussian_phi010_N729_M27_Q27","gaussian_phi010_N729","gaussian","Gaussian","inside formal moment assumptions","regular",0.1,"phi = 0.10",729,27,27,12,100000,20000,"V_oracle",0.93823,-0.0117699999999999,0.000761278313759166,-0.01186,0.000544055478755282,0.06177,1.09443239766422,0.9382,0.00170265616023905,20000,0.159135784131649,0.000158058652042708,0.0223528689369207,0.158478500311328,0.143767394793954,0.174070389712537,0.188278441828247,0.196595277099776,0.159135784131649,0.991604804069856,1.0037608170525,0,0,0,0
"gaussian_phi010_N729_M27_Q27","gaussian_phi010_N729","gaussian","Gaussian","inside formal moment assumptions","regular",0.1,"phi = 0.10",729,27,27,12,100000,20000,"V_feasible",0.93733,-0.01267,0.000766436371135921,-0.01276,0.000580323351031059,0.06267,1.10689675564384,0.93685,0.00171991391499691,20000,0.160307310106088,0.000184378056800954,0.0260749948531906,0.159561880388954,0.142418087477308,0.177687656802545,0.194381410216123,0.204549792589923,0.160307310106088,0.998904801306087,1.01115030443724,0,0,0,0
"gaussian_phi010_N729_M27_Q27","gaussian_phi010_N729","gaussian","Gaussian","inside formal moment assumptions","regular",0.1,"phi = 0.10",729,27,27,12,100000,20000,"VK_leading_oracle",0.94519,-0.00480999999999998,0.000719762904712378,-0.0049,0.000528736886955087,0.05481,1.03363059779399,0.9449,0.00161344336745979,20000,0.163931515763672,0.000162966595242967,0.023046956920637,0.163257338061793,0.148069228975852,0.179300660959224,0.19402654149659,0.202600877888623,0.163931515763672,1.02148790390999,1.03401025169469,0,0,0,0
"gaussian_phi010_N729_M27_Q27","gaussian_phi010_N729","gaussian","Gaussian","inside formal moment assumptions","regular",0.1,"phi = 0.10",729,27,27,12,100000,20000,"F_feasible_leading",0.94412,-0.00588,0.000726343070456379,-0.00597,0.000562624880775428,0.05588,1.0454024914414,0.9433,0.00163531510724998,20000,0.165278858572619,0.000190210663617556,0.0268998500195935,0.164531088290202,0.146800879921075,0.183222276296308,0.200381470435969,0.210909140364794,0.165278858572619,1.02988344869189,1.04250871686478,0,0,0,0
"gaussian_phi010_N729_M81_Q9","gaussian_phi010_N729","gaussian","Gaussian","inside formal moment assumptions","regular",0.1,"phi = 0.10",729,81,9,12,100000,20000,"raw",0.89186,-0.05814,0.000982067922294583,-0.05823,0.000846876521695123,0.10814,1.60564851018999,0.8915,0.00219917882401591,20000,0.145886820057302,0.000262817743497936,0.0371680417287074,0.144279678752607,0.119420384389782,0.170482031834062,0.194976714238121,0.209537041822663,0.145886820057302,0.909048033468195,1,0,0,0,0.00394
"gaussian_phi010_N729_M81_Q9","gaussian_phi010_N729","gaussian","Gaussian","inside formal moment assumptions","regular",0.1,"phi = 0.10",729,81,9,12,100000,20000,"K_leading",0.91458,-0.03542,0.000883874558973161,-0.03551,0.000778521971407744,0.0854200000000001,1.33804042515833,0.91265,0.00199649665038537,20000,0.15933403148679,0.000287723293785224,0.0406902184281722,0.157517988893109,0.130287245196039,0.186215535681085,0.212930415381797,0.229017926342234,0.15933403148679,0.99284012038054,1.09217564290048,0,0,0,0.00394
"gaussian_phi010_N729_M81_Q9","gaussian_phi010_N729","gaussian","Gaussian","inside formal moment assumptions","regular",0.1,"phi = 0.10",729,81,9,12,100000,20000,"V_oracle",0.8921,-0.0579,0.000981109524976697,-0.05799,0.000846568819286216,0.1079,1.60208786984363,0.89175,0.00219695172341133,20000,0.146044465021966,0.000263108558836247,0.037209169228266,0.144430308218034,0.119546105022527,0.170664605836885,0.195194223871017,0.209756967065871,0.146044465021966,0.910030348697617,1.00108059771679,0,0,0,0.00394
"gaussian_phi010_N729_M81_Q9","gaussian_phi010_N729","gaussian","Gaussian","inside formal moment assumptions","regular",0.1,"phi = 0.10",729,81,9,12,100000,20000,"V_feasible",0.89165,-0.0583499999999999,0.000982905272648387,-0.05844,0.000853261357703163,0.10835,1.60920106954082,0.8913,0.0022009578596602,20000,0.146305614765495,0.000269067936648198,0.0380519525207627,0.144438433369792,0.119150773610446,0.1713145458263,0.196522149131958,0.211862127618291,0.146305614765495,0.911657621543117,1.00287068227293,0,0,0,0.00394
"gaussian_phi010_N729_M81_Q9","gaussian_phi010_N729","gaussian","Gaussian","inside formal moment assumptions","regular",0.1,"phi = 0.10",729,81,9,12,100000,20000,"VK_leading_oracle",0.91485,-0.0351499999999999,0.000882606806567907,-0.03524,0.000777423609028359,0.0851499999999999,1.33507322486969,0.9128,0.00199494561329376,20000,0.159504032362566,0.000288039465408483,0.0407349318479373,0.157685366582743,0.13042937341802,0.186423523181199,0.213166347525714,0.229264715257997,0.159504032362566,0.993899427600696,1.09334093580157,0,0,0,0.00394
"gaussian_phi010_N729_M81_Q9","gaussian_phi010_N729","gaussian","Gaussian","inside formal moment assumptions","regular",0.1,"phi = 0.10",729,81,9,12,100000,20000,"F_feasible_leading",0.91432,-0.0356799999999999,0.000885092862924563,-0.03577,0.00078365248172396,0.08568,1.34100089128402,0.91265,0.00199649665038537,20000,0.159896976282452,0.000294775128143856,0.0416874984071309,0.157800728019489,0.130130717208593,0.187332657238392,0.214952159048701,0.231601630563916,0.159896976282452,0.996347934583683,1.09603442051618,0,0,0,0.00394
"gaussian_phi015_N729_M9_Q81","gaussian_phi015_N729","gaussian","Gaussian","inside formal moment assumptions","regular",0.15,"phi = 0.15",729,9,81,4,100000,20000,"raw",0.94329,-0.00670999999999999,0.000731395760857281,-0.00737,0.000402937283686365,0.05671,1.05822637474563,0.94635,0.00159329340518311,20000,0.166106952332916,9.37887892060848e-05,0.0132637377693797,0.165789632568598,0.156998220625203,0.174909921843359,0.183232684773769,0.188612586492772,0.166106952332916,0.983842246452231,1,0,0,0,0
"gaussian_phi015_N729_M9_Q81","gaussian_phi015_N729","gaussian","Gaussian","inside formal moment assumptions","regular",0.15,"phi = 0.15",729,9,81,4,100000,20000,"K_leading",0.94571,-0.00428999999999991,0.000716537479131413,-0.00495,0.000393263933720365,0.0542899999999999,1.03862959002812,0.94855,0.00156209630785045,20000,0.167700704361058,9.46978471093478e-05,0.0133922979709573,0.167371801493029,0.15850027528581,0.176590038974508,0.184988792991471,0.190427061233211,0.167700704361058,0.993281951134259,1.00959473402984,0,0,0,0
"gaussian_phi015_N729_M9_Q81","gaussian_phi015_N729","gaussian","Gaussian","inside formal moment assumptions","regular",0.15,"phi = 0.15",729,9,81,4,100000,20000,"V_oracle",0.94775,-0.00224999999999997,0.000703704039351772,-0.00291,0.000386026953939866,0.05225,1.02257072242995,0.9503,0.00153671581627834,20000,0.169041501826577,9.54629658251998e-05,0.0135005020974357,0.168702498830892,0.159768557194015,0.178006028409932,0.186472995805149,0.191950781907258,0.169041501826577,1.00122342000108,1.01766662654661,0,0,0,0
"gaussian_phi015_N729_M9_Q81","gaussian_phi015_N729","gaussian","Gaussian","inside formal moment assumptions","regular",0.15,"phi = 0.15",729,9,81,4,100000,20000,"V_feasible",0.94727,-0.00273000000000001,0.000706749935267065,-0.00339,0.000416157194901288,0.0527300000000001,1.02591303929783,0.94975,0.00154474815908613,20000,0.169511883135093,0.000111526070444357,0.0157721681380587,0.16917730231232,0.158660094200464,0.180037574079458,0.189971073848162,0.196179700824012,0.169511883135093,1.00400946234765,1.02049842438475,0,0,0,0
"gaussian_phi015_N729_M9_Q81","gaussian_phi015_N729","gaussian","Gaussian","inside formal moment assumptions","regular",0.15,"phi = 0.15",729,9,81,4,100000,20000,"VK_leading_oracle",0.94964,-0.000359999999999916,0.000691548048945263,-0.00102,0.000384175834626176,0.05036,1.00363422757014,0.95175,0.00151528772020366,20000,0.170664664223301,9.63896446404904e-05,0.0136315542722905,0.170322859299747,0.161306406520461,0.179725463474264,0.188271648124339,0.193802665570573,0.170664664223301,1.01083732066159,1.02743841739538,0,0,0,0
"gaussian_phi015_N729_M9_Q81","gaussian_phi015_N729","gaussian","Gaussian","inside formal moment assumptions","regular",0.15,"phi = 0.15",729,9,81,4,100000,20000,"F_feasible_leading",0.9496,-0.000399999999999956,0.000691808065867983,-0.00106,0.000410841151668767,0.0504,1.0069146496812,0.95195,0.00151230283838919,20000,0.171156750111305,0.000112618754518175,0.0159266970017169,0.170825586308979,0.16020145082453,0.181775641495993,0.191809767103045,0.198089196304112,0.171156750111305,1.01375191802613,1.03040088152522,0,0,0,0
"gaussian_phi015_N729_M27_Q27","gaussian_phi015_N729","gaussian","Gaussian","inside formal moment assumptions","regular",0.15,"phi = 0.15",729,27,27,12,100000,20000,"raw",0.93687,-0.01313,0.000769055284748762,-0.01379,0.00054571177100496,0.06313,1.11146433583129,0.9372,0.00171546145395342,20000,0.166468283686981,0.000165089879118009,0.0233472346059223,0.165705669890294,0.150477599824048,0.181836172757034,0.196631304111721,0.206058614745968,0.166468283686981,0.985982391979582,1,0,0,0,0
"gaussian_phi015_N729_M27_Q27","gaussian_phi015_N729","gaussian","Gaussian","inside formal moment assumptions","regular",0.15,"phi = 0.15",729,27,27,12,100000,20000,"K_leading",0.94369,-0.00630999999999993,0.000728966281113194,-0.00697,0.00051963149555133,0.05631,1.049716317174,0.94455,0.00161825982926105,20000,0.171483829351222,0.000170227908039096,0.0240738616243289,0.170704560587962,0.155010012733715,0.18732225460847,0.202596928721548,0.212308341539656,0.171483829351222,1.01568919018512,1.03012913663285,0,0,0,0
"gaussian_phi015_N729_M27_Q27","gaussian_phi015_N729","gaussian","Gaussian","inside formal moment assumptions","regular",0.15,"phi = 0.15",729,27,27,12,100000,20000,"V_oracle",0.93821,-0.01179,0.000761393432464452,-0.01245,0.000539956378357461,0.06179,1.09929326711424,0.93875,0.00169555945781916,20000,0.167422282998627,0.000166065738128277,0.0234852419106509,0.166656455244727,0.151337872739507,0.182884143541413,0.197762680391636,0.207258121466057,0.167422282998627,0.991632876879225,1.00573081724948,0,0,0,0
"gaussian_phi015_N729_M27_Q27","gaussian_phi015_N729","gaussian","Gaussian","inside formal moment assumptions","regular",0.15,"phi = 0.15",729,27,27,12,100000,20000,"V_feasible",0.93681,-0.0131899999999999,0.000769396022214828,-0.01385,0.000574269164112726,0.06319,1.11068145694925,0.93705,0.00171737150174329,20000,0.168641945463062,0.000193778393069341,0.0274044031573527,0.1677097446523,0.149898338187263,0.186625349139575,0.20402879048088,0.215150539505081,0.168641945463062,0.998856869867298,1.01305751298648,0,0,0,0
"gaussian_phi015_N729_M27_Q27","gaussian_phi015_N729","gaussian","Gaussian","inside formal moment assumptions","regular",0.15,"phi = 0.15",729,27,27,12,100000,20000,"VK_leading_oracle",0.94506,-0.00493999999999994,0.000720566418867824,-0.0056,0.000516032036690193,0.05494,1.03822141894122,0.9458,0.00160097407849097,20000,0.172468219597917,0.000171238561937183,0.024216789669283,0.17168224362054,0.155887204004815,0.188401501372069,0.203764205861683,0.213518672777347,0.172468219597917,1.02151967890393,1.03604251679688,0,0,0,0
"gaussian_phi015_N729_M27_Q27","gaussian_phi015_N729","gaussian","Gaussian","inside formal moment assumptions","regular",0.15,"phi = 0.15",729,27,27,12,100000,20000,"F_feasible_leading",0.94392,-0.00607999999999997,0.000727564661043952,-0.00674,0.00055493135024797,0.05608,1.04897693156318,0.944,0.00162579211463213,20000,0.173870154320395,0.000199925882279759,0.0282737894189443,0.172920050553452,0.154535543131691,0.192404520056881,0.210361054062958,0.221961287247591,0.173870154320395,1.02982326034571,1.04446414938315,0,0,0,0
"gaussian_phi015_N729_M81_Q9","gaussian_phi015_N729","gaussian","Gaussian","inside formal moment assumptions","regular",0.15,"phi = 0.15",729,81,9,12,100000,20000,"raw",0.89149,-0.05851,0.00098354247442599,-0.05917,0.000843502356820809,0.10851,1.62427941580109,0.89415,0.00217538246637229,20000,0.153152463606863,0.000277473594217163,0.039240692014232,0.151150906009074,0.12618437505105,0.178691883668974,0.204450761911348,0.220805596896904,0.153152463606863,0.907113529737617,1,0,0,0,0.00379
"gaussian_phi015_N729_M81_Q9","gaussian_phi015_N729","gaussian","Gaussian","inside formal moment assumptions","regular",0.15,"phi = 0.15",729,81,9,12,100000,20000,"K_leading",0.91473,-0.0352699999999999,0.000883170578653976,-0.03593,0.000766809122899767,0.08527,1.35356617983424,0.91645,0.00195664761134958,20000,0.167270529957622,0.000303836354504713,0.0429689493282565,0.164971566445903,0.137860671759154,0.195092264656313,0.223549132899706,0.241314927744914,0.167270529957622,0.990734052051783,1.09218308356436,0,0,0,0.00379
"gaussian_phi015_N729_M81_Q9","gaussian_phi015_N729","gaussian","Gaussian","inside formal moment assumptions","regular",0.15,"phi = 0.15",729,81,9,12,100000,20000,"V_oracle",0.89203,-0.05797,0.000981389214837824,-0.05863,0.000841981187630225,0.10797,1.61880660339065,0.89495,0.00216811551237474,20000,0.153404144411914,0.000277941648132132,0.0393068848336791,0.151389212716008,0.126401372907188,0.17899048613142,0.204793882456926,0.221163081658786,0.153404144411914,0.908604221157526,1.00164333500829,0,0,0,0.00379
"gaussian_phi015_N729_M81_Q9","gaussian_phi015_N729","gaussian","Gaussian","inside formal moment assumptions","regular",0.15,"phi = 0.15",729,81,9,12,100000,20000,"V_feasible",0.89159,-0.05841,0.00098314430222628,-0.05907,0.000847593378422314,0.10841,1.62540456021278,0.89435,0.002173569385826,20000,0.15367375530294,0.000284183192455327,0.0401895724968807,0.151491763360113,0.126014061561472,0.179688857255268,0.206315295471578,0.2230603469588,0.15367375530294,0.910201111480113,1.00340374345799,0,0,0,0.00379
"gaussian_phi015_N729_M81_Q9","gaussian_phi015_N729","gaussian","Gaussian","inside formal moment assumptions","regular",0.15,"phi = 0.15",729,81,9,12,100000,20000,"VK_leading_oracle",0.91517,-0.0348299999999999,0.000881100851775777,-0.03549,0.000765055849010071,0.08483,1.34900550282554,0.91695,0.00195131619042122,20000,0.167541936557158,0.000304345340588382,0.0430409308305148,0.165242331766298,0.138086821286232,0.195421020434947,0.22391914778801,0.241704657579248,0.167541936557158,0.99234157825607,1.09395521698712,0,0,0,0.00379
"gaussian_phi015_N729_M81_Q9","gaussian_phi015_N729","gaussian","Gaussian","inside formal moment assumptions","regular",0.15,"phi = 0.15",729,81,9,12,100000,20000,"F_feasible_leading",0.91457,-0.03543,0.000883921462008928,-0.03609,0.000770766540406755,0.08543,1.35450380017732,0.9163,0.00195824296245384,20000,0.16794716853922,0.000311395642446504,0.0440379940811729,0.165487830741827,0.137571027178909,0.196411816844258,0.225753416210655,0.243791846866998,0.16794716853922,0.994741744763047,1.09660115537112,0,0,0,0.00379
"gaussian_phi020_N729_M9_Q81","gaussian_phi020_N729","gaussian","Gaussian","inside formal moment assumptions","regular",0.2,"phi = 0.20",729,9,81,4,100000,20000,"raw",0.94177,-0.00822999999999996,0.000740535394832685,-0.00881,0.000416323879036169,0.05823,1.0708195466642,0.94265,0.00164409515387644,20000,0.173821000243349,9.79142705070104e-05,0.0138471689300882,0.173597448424693,0.164466884235344,0.18306384007084,0.191683219322085,0.197233696473602,0.173821000243349,0.977836942163089,1,0,0,0,0
"gaussian_phi020_N729_M9_Q81","gaussian_phi020_N729","gaussian","Gaussian","inside formal moment assumptions","regular",0.2,"phi = 0.20",729,9,81,4,100000,20000,"K_leading",0.94396,-0.00603999999999993,0.000727320551063972,-0.00662,0.00040689484100209,0.05604,1.05098955505931,0.94465,0.00161688554789756,20000,0.175488739257242,9.88631795692724e-05,0.0139813649366192,0.175261104081876,0.166039923138568,0.184821554557707,0.193530969338043,0.199108690630504,0.175488739257242,0.98721887423912,1.00959457724647,0,0,0,0
"gaussian_phi020_N729_M9_Q81","gaussian_phi020_N729","gaussian","Gaussian","inside formal moment assumptions","regular",0.2,"phi = 0.20",729,9,81,4,100000,20000,"V_oracle",0.94725,-0.00274999999999992,0.000706876492040865,-0.00333,0.000394196226398286,0.05275,1.02182862860169,0.9483,0.00156568052296757,20000,0.178030844774766,0.000100310472033798,0.0141860429998244,0.177796652783656,0.168432761140748,0.18749798695154,0.196331848215777,0.201986497476005,0.178030844774766,1.00151958981682,1.02421942415199,0,0,0,0
"gaussian_phi020_N729_M9_Q81","gaussian_phi020_N729","gaussian","Gaussian","inside formal moment assumptions","regular",0.2,"phi = 0.20",729,9,81,4,100000,20000,"V_feasible",0.94665,-0.00334999999999996,0.000710660098077836,-0.00393,0.00042160091137625,0.05335,1.02522141830393,0.94695,0.00158486115322447,20000,0.178492279187402,0.000116144188453497,0.0164252686501753,0.178255081438593,0.167265548003306,0.189382458993651,0.199592269145681,0.20607351122034,0.178492279187402,1.00411540743626,1.02687407699595,0,0,0,0
"gaussian_phi020_N729_M9_Q81","gaussian_phi020_N729","gaussian","Gaussian","inside formal moment assumptions","regular",0.2,"phi = 0.20",729,9,81,4,100000,20000,"VK_leading_oracle",0.94963,-0.000369999999999981,0.00069161306450934,-0.00095,0.000389477203344328,0.05037,1.00290587622017,0.9505,0.00153378209012884,20000,0.179740790814496,0.000101284615160338,0.014323807641949,0.179499043178489,0.170042937763366,0.189306558960567,0.198221121349271,0.203935394555498,0.179740790814496,1.01113895919343,1.03405682030859,0,0,0,0
"gaussian_phi020_N729_M9_Q81","gaussian_phi020_N729","gaussian","Gaussian","inside formal moment assumptions","regular",0.2,"phi = 0.20",729,9,81,4,100000,20000,"F_feasible_leading",0.94912,-0.000879999999999992,0.000694918884475016,-0.00146,0.000416629835470527,0.05088,1.00623583648348,0.9499,0.00154256264054333,20000,0.18022394930236,0.000117282271692377,0.0165862179253286,0.179975868054233,0.168885717364754,0.191218561820541,0.201532357532945,0.20810604025877,0.18022394930236,1.01385698646109,1.03683645273037,0,0,0,0
"gaussian_phi020_N729_M27_Q27","gaussian_phi020_N729","gaussian","Gaussian","inside formal moment assumptions","regular",0.2,"phi = 0.20",729,27,27,12,100000,20000,"raw",0.93677,-0.01323,0.000769623070730082,-0.01381,0.000550995349307732,0.06323,1.11502327769611,0.93835,0.00170072451472894,20000,0.175314434139157,0.000174817798216563,0.0247229701182067,0.174533428805381,0.158511062297046,0.191538659167223,0.207442562446826,0.216807745085171,0.175314434139157,0.986238313872809,1,0,0,0,0
"gaussian_phi020_N729_M27_Q27","gaussian_phi020_N729","gaussian","Gaussian","inside formal moment assumptions","regular",0.2,"phi = 0.20",729,27,27,12,100000,20000,"K_leading",0.94345,-0.00654999999999994,0.000730425201509367,-0.00713,0.000531407992924974,0.05655,1.05307754004633,0.94495,0.00161275381723312,20000,0.180596457670356,0.000180253554810486,0.0254917021878951,0.179794710630137,0.163279164290237,0.197320509350005,0.213721897823755,0.22339774349498,0.180596457670356,1.0159525470837,1.03012885708547,0,0,0,0
"gaussian_phi020_N729_M27_Q27","gaussian_phi020_N729","gaussian","Gaussian","inside formal moment assumptions","regular",0.2,"phi = 0.20",729,27,27,12,100000,20000,"V_oracle",0.93844,-0.0115599999999999,0.000760068196940248,-0.01214,0.000547475297426298,0.0615599999999999,1.09844395411147,0.9401,0.00167797482102682,20000,0.176682834047526,0.000176224184983242,0.0249218632421446,0.175886900539712,0.159755544800526,0.193036062883397,0.209062217794868,0.218508496684671,0.176682834047526,0.993936301919031,1.00780540356011,0,0,0,0
"gaussian_phi020_N729_M27_Q27","gaussian_phi020_N729","gaussian","Gaussian","inside formal moment assumptions","regular",0.2,"phi = 0.20",729,27,27,12,100000,20000,"V_feasible",0.93752,-0.0124799999999999,0.000765351223948848,-0.01306,0.000579566840819271,0.06248,1.10944828947148,0.93925,0.0016890742656852,20000,0.178044410456764,0.000205473612798567,0.0290583569929531,0.177255184591656,0.158077548599114,0.196936040937926,0.216004958238822,0.226926276762476,0.178044410456764,1.00159590409982,1.01557188562945,0,0,0,0
"gaussian_phi020_N729_M27_Q27","gaussian_phi020_N729","gaussian","Gaussian","inside formal moment assumptions","regular",0.2,"phi = 0.20",729,27,27,12,100000,20000,"VK_leading_oracle",0.94536,-0.00463999999999998,0.000718710445172463,-0.00522,0.00052643165492101,0.05464,1.03741928999417,0.94695,0.00158486115322447,20000,0.182008453597612,0.000181709942948936,0.0256976665736427,0.181200912605519,0.164544307791077,0.198869104763409,0.215395796082038,0.225166187757535,0.182008453597612,1.02389578626608,1.03818293394565,0,0,0,0
"gaussian_phi020_N729_M27_Q27","gaussian_phi020_N729","gaussian","Gaussian","inside formal moment assumptions","regular",0.2,"phi = 0.20",729,27,27,12,100000,20000,"F_feasible_leading",0.94418,-0.00581999999999994,0.00072597608500556,-0.0064,0.000561777140809022,0.05582,1.04781227338973,0.9454,0.00160653104545166,20000,0.183562032420442,0.00021197693377747,0.0299780654658361,0.182727825805646,0.162978909425763,0.203094293449672,0.222663466267117,0.233893054789428,0.183562032420442,1.03263550565212,1.04704460486544,0,0,0,0
"gaussian_phi020_N729_M81_Q9","gaussian_phi020_N729","gaussian","Gaussian","inside formal moment assumptions","regular",0.2,"phi = 0.20",729,81,9,12,100000,20000,"raw",0.89031,-0.0596899999999999,0.000988221148832588,-0.06027,0.000853336131208288,0.10969,1.61464791242308,0.8921,0.00219382759122042,20000,0.162060879390763,0.000291842626765423,0.0412727800850251,0.16026008665894,0.132843287765138,0.18882792042245,0.216233965988858,0.233914948936924,0.162060879390763,0.911679915118819,1,0,0,0,0.00372
"gaussian_phi020_N729_M81_Q9","gaussian_phi020_N729","gaussian","Gaussian","inside formal moment assumptions","regular",0.2,"phi = 0.20",729,81,9,12,100000,20000,"K_leading",0.91396,-0.03604,0.000886775723618999,-0.03662,0.000781022314635478,0.08604,1.34553992701923,0.9157,0.00196460568562753,20000,0.177003596619096,0.000319662382518178,0.0452070876737704,0.174993164912391,0.145017644296326,0.20621890202805,0.236287464366347,0.25597532181864,0.177003596619096,0.995740764508161,1.09220434496288,0,0,0,0.00372
"gaussian_phi020_N729_M81_Q9","gaussian_phi020_N729","gaussian","Gaussian","inside formal moment assumptions","regular",0.2,"phi = 0.20",729,81,9,12,100000,20000,"V_oracle",0.89098,-0.05902,0.000985569072160851,-0.0596,0.000850697147553916,0.10902,1.60726075509757,0.89295,0.0021862101625873,20000,0.16242288900333,0.000292513695536048,0.0413676835406954,0.160618117977114,0.133129259409501,0.189253024530732,0.216700339151919,0.234432589356874,0.16242288900333,0.91371641457568,1.00223378778351,0,0,0,0.00372
"gaussian_phi020_N729_M81_Q9","gaussian_phi020_N729","gaussian","Gaussian","inside formal moment assumptions","regular",0.2,"phi = 0.20",729,81,9,12,100000,20000,"V_feasible",0.89056,-0.0594399999999999,0.00098723293300011,-0.06002,0.000855793970435173,0.10944,1.61380019786172,0.8918,0.00219650586159018,20000,0.162732961075225,0.000299155821981382,0.0423070220708941,0.160664928863387,0.132744383266028,0.190035798039319,0.218292343124601,0.23656994491279,0.162732961075225,0.915460737334191,1.00414709390069,0,0,0,0.00372
"gaussian_phi020_N729_M81_Q9","gaussian_phi020_N729","gaussian","Gaussian","inside formal moment assumptions","regular",0.2,"phi = 0.20",729,81,9,12,100000,20000,"VK_leading_oracle",0.91446,-0.0355399999999999,0.000884437156614307,-0.03612,0.000779717599900987,0.0855399999999999,1.33938396258131,0.91605,0.0019608977217081,20000,0.177393989032215,0.000320392561795527,0.0453103506174694,0.17538021355252,0.145350179460486,0.206671975120744,0.23683076302389,0.256552130098744,0.177393989032215,0.997936932537071,1.09461326940279,0,0,0,0.00372
"gaussian_phi020_N729_M81_Q9","gaussian_phi020_N729","gaussian","Gaussian","inside formal moment assumptions","regular",0.2,"phi = 0.20",729,81,9,12,100000,20000,"F_feasible_leading",0.91403,-0.0359699999999999,0.000886448865417515,-0.03655,0.000785968925894354,0.08597,1.3448334982181,0.9159,0.00196248808913583,20000,0.177847595994487,0.000327882659143416,0.0463696103427573,0.175567441494057,0.144997271605568,0.207698849170834,0.238615099665365,0.258815335882091,0.177847595994487,1.00048871652353,1.09741226052253,0,0,0,0.00372
"gaussian_phi025_N729_M9_Q81","gaussian_phi025_N729","gaussian","Gaussian","inside formal moment assumptions","regular",0.25,"phi = 0.25",729,9,81,4,100000,20000,"raw",0.94126,-0.00873999999999997,0.000743569851459834,-0.01005,0.000417003254084592,0.05874,1.0780689771627,0.94075,0.00166942261725424,20000,0.181998420731216,0.000100933976385262,0.0142742198308283,0.181779266550212,0.172366631847934,0.191559531207343,0.200500521536487,0.20572190291361,0.181998420731216,0.971377062912491,1,0,0,0,0
"gaussian_phi025_N729_M9_Q81","gaussian_phi025_N729","gaussian","Gaussian","inside formal moment assumptions","regular",0.25,"phi = 0.25",729,9,81,4,100000,20000,"K_leading",0.9435,-0.00649999999999995,0.000730121565220477,-0.00781,0.00040778879572276,0.0565,1.05810473684487,0.9425,0.00164611284546352,20000,0.183744513954177,0.000101911196107581,0.0144124195693005,0.183524072296229,0.174007134626103,0.193402261030519,0.202440097173313,0.207705316601104,0.183744513954177,0.980696456452703,1.00959400205752,0,0,0,0
"gaussian_phi025_N729_M9_Q81","gaussian_phi025_N729","gaussian","Gaussian","inside formal moment assumptions","regular",0.25,"phi = 0.25",729,9,81,4,100000,20000,"V_oracle",0.94861,-0.00139,0.0006982053272498,-0.0027,0.000388237823100832,0.05139,1.01492616756448,0.94705,0.00158345030708261,20000,0.187699650885665,0.000104126418853932,0.0147256993744572,0.187459379352734,0.177746469444004,0.197572430856967,0.20680102944967,0.212162998732427,0.187699650885665,1.00180614125375,1.03132571223169,0,0,0,0
"gaussian_phi025_N729_M9_Q81","gaussian_phi025_N729","gaussian","Gaussian","inside formal moment assumptions","regular",0.25,"phi = 0.25",729,9,81,4,100000,20000,"V_feasible",0.94815,-0.00184999999999991,0.000701153175133651,-0.00316,0.000417494774840201,0.05185,1.01838912990909,0.9466,0.00158978677815611,20000,0.188136140949126,0.000119640738973021,0.0169197555667986,0.18798809879617,0.176712716327953,0.199489270123342,0.209819586320032,0.216195016670849,0.188136140949126,1.00413581221536,1.0337240300946,0,0,0,0
"gaussian_phi025_N729_M9_Q81","gaussian_phi025_N729","gaussian","Gaussian","inside formal moment assumptions","regular",0.25,"phi = 0.25",729,9,81,4,100000,20000,"VK_leading_oracle",0.95068,0.000680000000000014,0.000684744752444296,-0.00063,0.000386907647863518,0.04932,0.996131238535506,0.949,0.00155561884791873,20000,0.18950291994426,0.000105137217511527,0.0148686478914971,0.189257321632892,0.179450296838384,0.199465609540394,0.208794810546149,0.214212348233614,0.18950291994426,1.01143069840508,1.04123386995828,0,0,0,0
"gaussian_phi025_N729_M9_Q81","gaussian_phi025_N729","gaussian","Gaussian","inside formal moment assumptions","regular",0.25,"phi = 0.25",729,9,81,4,100000,20000,"F_feasible_leading",0.95046,0.000460000000000016,0.000686190851002839,-0.00085,0.000414842736401349,0.04954,0.999530071947809,0.94875,0.00155922156058721,20000,0.18996087167541,0.00012081153604728,0.0170853312769189,0.189804273325293,0.178426706366842,0.201425052654821,0.211852640705507,0.218287912041824,0.18996087167541,1.01387491635913,1.04375011009548,0,0,0,0
"gaussian_phi025_N729_M27_Q27","gaussian_phi025_N729","gaussian","Gaussian","inside formal moment assumptions","regular",0.25,"phi = 0.25",729,27,27,12,100000,20000,"raw",0.9365,-0.0135,0.00077115335699198,-0.01481,0.00054727473365426,0.0635,1.11296418734377,0.935,0.00174320107847603,20000,0.184186113242929,0.000182991133406473,0.0258788542657458,0.18335551911698,0.166394518053119,0.201115750705016,0.218001770633597,0.228550755329211,0.184186113242929,0.983053396795198,1,0,0,0,0
"gaussian_phi025_N729_M27_Q27","gaussian_phi025_N729","gaussian","Gaussian","inside formal moment assumptions","regular",0.25,"phi = 0.25",729,27,27,12,100000,20000,"K_leading",0.9435,-0.00649999999999995,0.000730121565220477,-0.00781,0.000523538709101628,0.0565,1.05113284360245,0.94195,0.00165348416230698,20000,0.189735773772622,0.000188683747371343,0.0266839114531932,0.188892443896904,0.171384576953235,0.207191197844403,0.224679956128935,0.235463012100759,0.189735773772622,1.01267350516666,1.03013072175736,0,0,0,0
"gaussian_phi025_N729_M27_Q27","gaussian_phi025_N729","gaussian","Gaussian","inside formal moment assumptions","regular",0.25,"phi = 0.25",729,27,27,12,100000,20000,"V_oracle",0.93899,-0.01101,0.000756886912953316,-0.01232,0.000537294205115436,0.06101,1.09177845009041,0.9375,0.00171163299220364,20000,0.186032745695367,0.000184883056782139,0.0261464126354296,0.185214065377551,0.168055754812479,0.203132669790119,0.220203347658831,0.230867225151155,0.186032745695367,0.992909396647953,1.0100259048846,0,0,0,0
"gaussian_phi025_N729_M27_Q27","gaussian_phi025_N729","gaussian","Gaussian","inside formal moment assumptions","regular",0.25,"phi = 0.25",729,27,27,12,100000,20000,"V_feasible",0.93758,-0.01242,0.000765008128061395,-0.01373,0.000570804808302533,0.06242,1.10267409765364,0.9361,0.00172940437723512,20000,0.187452407830725,0.000214820462544108,0.0303802011605139,0.186574382335026,0.166577321070974,0.207401450293354,0.227128856000982,0.239559990891316,0.187452407830725,1.00048653511889,1.01773366368554,0,0,0,0
"gaussian_phi025_N729_M27_Q27","gaussian_phi025_N729","gaussian","Gaussian","inside formal moment assumptions","regular",0.25,"phi = 0.25",729,27,27,12,100000,20000,"VK_leading_oracle",0.94586,-0.00413999999999992,0.000715603664048752,-0.00545,0.000518657560493097,0.05414,1.03112409175205,0.94385,0.00162783871283368,20000,0.191641258147993,0.000190643114645771,0.0269610078305098,0.190799783074336,0.173080651807106,0.209241385776094,0.22696261058771,0.237825720084755,0.191641258147993,1.02284361438265,1.04047615085525,0,0,0,0
"gaussian_phi025_N729_M27_Q27","gaussian_phi025_N729","gaussian","Gaussian","inside formal moment assumptions","regular",0.25,"phi = 0.25",729,27,27,12,100000,20000,"F_feasible_leading",0.94497,-0.00502999999999998,0.000721122036135355,-0.00634,0.000553354412660693,0.05503,1.04141442556177,0.94285,0.00164139997410747,20000,0.193259728210665,0.000221622839461447,0.0313422025298013,0.192391795343284,0.171725095478035,0.213759066249701,0.234206233173983,0.247035428762499,0.193259728210665,1.03148184700893,1.04926329573918,0,0,0,0
"gaussian_phi025_N729_M81_Q9","gaussian_phi025_N729","gaussian","Gaussian","inside formal moment assumptions","regular",0.25,"phi = 0.25",729,81,9,12,100000,20000,"raw",0.89257,-0.05743,0.000979228242546139,-0.05874,0.000848235414866174,0.10743,1.60712129368649,0.89135,0.00220051332079586,20000,0.17004648807346,0.000307873602064578,0.0435399023536383,0.167738920567729,0.139104294705105,0.198976564320071,0.227319451445583,0.244384440513361,0.17004648807346,0.907586216845946,1,0,0,0,0.00393
"gaussian_phi025_N729_M81_Q9","gaussian_phi025_N729","gaussian","Gaussian","inside formal moment assumptions","regular",0.25,"phi = 0.25",729,81,9,12,100000,20000,"K_leading",0.91576,-0.0342399999999999,0.000878314422060802,-0.03555,0.000770758013697656,0.08424,1.33926774473874,0.9138,0.00198455990083444,20000,0.185731921186617,0.000337193573175662,0.0476863724330066,0.183132381279834,0.151839635297473,0.217406950638397,0.248646675165271,0.26722366374286,0.185731921186617,0.991303811134693,1.09224202917017,0,0,0,0.00393
"gaussian_phi025_N729_M81_Q9","gaussian_phi025_N729","gaussian","Gaussian","inside formal moment assumptions","regular",0.25,"phi = 0.25",729,81,9,12,100000,20000,"V_oracle",0.89333,-0.05667,0.000976173709439053,-0.05798,0.000846043943246176,0.10667,1.59770830175861,0.89215,0.00219338069541063,20000,0.170533400069866,0.000308779961529814,0.0436680809384506,0.16824424131094,0.139493452645311,0.199554722750759,0.227969908528432,0.245116563385199,0.170533400069866,0.910185003929181,1.0028634051895,0,0,0,0.00393
"gaussian_phi025_N729_M81_Q9","gaussian_phi025_N729","gaussian","Gaussian","inside formal moment assumptions","regular",0.25,"phi = 0.25",729,81,9,12,100000,20000,"V_feasible",0.89295,-0.0570499999999999,0.000977702907329215,-0.05836,0.000849675422430963,0.10705,1.60409520074073,0.89145,0.0021996238030627,20000,0.170852186536867,0.000315437043724961,0.0446095345310715,0.168382413497255,0.138996516643032,0.200318342528014,0.229812813356666,0.247163588352445,0.170852186536867,0.91188645749547,1.0047381070467,0,0,0,0.00393
"gaussian_phi025_N729_M81_Q9","gaussian_phi025_N729","gaussian","Gaussian","inside formal moment assumptions","regular",0.25,"phi = 0.25",729,81,9,12,100000,20000,"VK_leading_oracle",0.91632,-0.0336799999999999,0.000875657796173825,-0.03499,0.000769066260883376,0.08368,1.33142358479884,0.9144,0.00197829017082935,20000,0.186257037128457,0.00033817960824154,0.0478258188493206,0.183648441967846,0.152283523418835,0.218002976643779,0.249356262101482,0.267975768863413,0.186257037128457,0.994106503483475,1.09533010201301,0,0,0,0.00393
"gaussian_phi025_N729_M81_Q9","gaussian_phi025_N729","gaussian","Gaussian","inside formal moment assumptions","regular",0.25,"phi = 0.25",729,81,9,12,100000,20000,"F_feasible_leading",0.91618,-0.03382,0.000876323043175289,-0.03513,0.00077521922102616,0.08382,1.33674600061727,0.91465,0.00197566922206122,20000,0.186723237092057,0.000345702466237034,0.0488897116298241,0.184007056217364,0.151912096076965,0.219024645968809,0.251444411604495,0.270477231537304,0.186723237092057,0.996594744587719,1.09807170502335,0,0,0,0.00393
"gaussian_phi030_N729_M9_Q81","gaussian_phi030_N729","gaussian","Gaussian","inside formal moment assumptions","regular",0.3,"phi = 0.30",729,9,81,4,100000,20000,"raw",0.93779,-0.0122099999999999,0.000763805707624655,-0.01194,0.000433792860432785,0.06221,1.10497027928725,0.93825,0.0017020125954293,20000,0.190564085248233,0.000106793653422513,0.015102903304549,0.190326717550927,0.180152192013085,0.200803046357821,0.209976484729673,0.215613801021427,0.190564085248233,0.963608367420753,1,0,0,0,0
"gaussian_phi030_N729_M9_Q81","gaussian_phi030_N729","gaussian","Gaussian","inside formal moment assumptions","regular",0.3,"phi = 0.30",729,9,81,4,100000,20000,"K_leading",0.9404,-0.00959999999999994,0.000748651053562339,-0.00933,0.000419799086841233,0.0596,1.08450786670786,0.9409,0.0016674410034541,20000,0.192392501787519,0.00010782846427892,0.0152492476593111,0.19214429865986,0.181868819489956,0.202727780575337,0.211985289492061,0.217677103599427,0.192392501787519,0.972853957816713,1.00959475935302,0,0,0,0
"gaussian_phi030_N729_M9_Q81","gaussian_phi030_N729","gaussian","Gaussian","inside formal moment assumptions","regular",0.3,"phi = 0.30",729,9,81,4,100000,20000,"V_oracle",0.94739,-0.00261,0.000705989999220952,-0.00234,0.000394647692845169,0.05261,1.02494867908497,0.94765,0.0015749520230788,20000,0.198029736610953,0.000111022125393335,0.0157008995454741,0.197791017240759,0.187176382898787,0.208660294919545,0.21820973514569,0.224090173352394,0.198029736610953,1.00135925900136,1.03917659171189,0,0,0,0
"gaussian_phi030_N729_M9_Q81","gaussian_phi030_N729","gaussian","Gaussian","inside formal moment assumptions","regular",0.3,"phi = 0.30",729,9,81,4,100000,20000,"V_feasible",0.94662,-0.00337999999999994,0.000710848616795447,-0.00311,0.000419529544907615,0.05338,1.02964883757239,0.9471,0.00158274429394012,20000,0.19831975580348,0.000126539427825899,0.0178953775006318,0.198047500223757,0.186017720381007,0.210397310658074,0.221456824365733,0.227909776074434,0.19831975580348,1.00282577311532,1.04069849019632,0,0,0,0
"gaussian_phi030_N729_M9_Q81","gaussian_phi030_N729","gaussian","Gaussian","inside formal moment assumptions","regular",0.3,"phi = 0.30",729,9,81,4,100000,20000,"VK_leading_oracle",0.94946,-0.000539999999999985,0.000692717174610245,-0.00027,0.000387428408880557,0.05054,1.00596814799081,0.9497,0.00154547581669853,20000,0.19993307605689,0.000112101572123835,0.0158535563660873,0.199690134301339,0.188966183373205,0.210682465640416,0.220306950187785,0.226237169866097,0.19993307605689,1.01098370535891,1.04916451490034,0,0,0,0
"gaussian_phi030_N729_M9_Q81","gaussian_phi030_N729","gaussian","Gaussian","inside formal moment assumptions","regular",0.3,"phi = 0.30",729,9,81,4,100000,20000,"F_feasible_leading",0.94887,-0.00112999999999996,0.000696532289990924,-0.00086,0.000412546125836929,0.05113,1.01058126650623,0.9493,0.00155128188927738,20000,0.200243033075403,0.000127778853878874,0.0180706588139994,0.199964587765008,0.187822411502566,0.212436362627168,0.223615442294608,0.230101507965741,0.200243033075403,1.01255103729446,1.05079103869211,0,0,0,0
"gaussian_phi030_N729_M27_Q27","gaussian_phi030_N729","gaussian","Gaussian","inside formal moment assumptions","regular",0.3,"phi = 0.30",729,27,27,12,100000,20000,"raw",0.93542,-0.0145799999999999,0.000777234994065501,-0.01431,0.00055520745812103,0.06458,1.12812831387833,0.9354,0.00173820079392457,20000,0.193996418759059,0.000191613282843917,0.0270982103328699,0.193475797700325,0.175411066811092,0.211924138057907,0.228726763134181,0.239374010010437,0.193996418759059,0.980964341325814,1,0,0,0,0
"gaussian_phi030_N729_M27_Q27","gaussian_phi030_N729","gaussian","Gaussian","inside formal moment assumptions","regular",0.3,"phi = 0.30",729,27,27,12,100000,20000,"K_leading",0.94257,-0.00742999999999994,0.000735743128408278,-0.00716,0.000529990710203046,0.05743,1.06545451866286,0.943,0.00163937488086161,20000,0.199839952721276,0.00019754184452218,0.0279366355659465,0.199313538301429,0.180685587423744,0.218335312800031,0.235680258215713,0.24663988672576,0.199839952721276,1.01051281691587,1.03012186513337,0,0,0,0
"gaussian_phi030_N729_M27_Q27","gaussian_phi030_N729","gaussian","Gaussian","inside formal moment assumptions","regular",0.3,"phi = 0.30",729,27,27,12,100000,20000,"V_oracle",0.9385,-0.0115,0.000759721988624786,-0.01123,0.000545015450623571,0.0615,1.10157570792998,0.93935,0.00168777334823133,20000,0.19640922464533,0.000194058862369314,0.0274440675061378,0.195893496452825,0.177568506663219,0.2145623766804,0.231584792708788,0.242353846373539,0.19640922464533,0.99316496106979,1.01243737333763,0,0,0,0
"gaussian_phi030_N729_M27_Q27","gaussian_phi030_N729","gaussian","Gaussian","inside formal moment assumptions","regular",0.3,"phi = 0.30",729,27,27,12,100000,20000,"V_feasible",0.93751,-0.01249,0.000765408387071895,-0.01222,0.000577330104100324,0.06249,1.11129054289259,0.93775,0.001708434041747,20000,0.197892630449469,0.000224665765049389,0.0317725371933773,0.197242394899838,0.176107445727828,0.218685648204094,0.238765575478773,0.251405608306254,0.197892630449469,1.00066596653621,1.02008393616404,0,0,0,0
"gaussian_phi030_N729_M27_Q27","gaussian_phi030_N729","gaussian","Gaussian","inside formal moment assumptions","regular",0.3,"phi = 0.30",729,27,27,12,100000,20000,"VK_leading_oracle",0.94552,-0.00447999999999993,0.000717718117369208,-0.00421,0.000524524079766699,0.05448,1.04037705748943,0.946,0.00159818647222407,20000,0.202329609425754,0.000200073676331191,0.0282946906541415,0.201781120050662,0.182942951035196,0.221058060321589,0.238609915063573,0.249735134947263,0.202329609425754,1.02310204131939,1.04295538402204,0,0,0,0
"gaussian_phi030_N729_M27_Q27","gaussian_phi030_N729","gaussian","Gaussian","inside formal moment assumptions","regular",0.3,"phi = 0.30",729,27,27,12,100000,20000,"F_feasible_leading",0.94444,-0.00556000000000001,0.000724383092016925,-0.00529,0.000558769434769666,0.0555600000000001,1.04955217939856,0.9447,0.00161619785298707,20000,0.204019229349603,0.000231741631967858,0.0327732158895419,0.203290692131416,0.181548434498433,0.225460504590359,0.246186211637468,0.259193403141205,0.204019229349603,1.03164579128288,1.05166492585099,0,0,0,0
"gaussian_phi030_N729_M81_Q9","gaussian_phi030_N729","gaussian","Gaussian","inside formal moment assumptions","regular",0.3,"phi = 0.30",729,81,9,12,100000,20000,"raw",0.89045,-0.05955,0.000987667947743572,-0.05928,0.000850803182093571,0.10955,1.6243897508135,0.88995,0.00221290530185998,20000,0.179989237401299,0.000325549370166479,0.0460396334511454,0.177930946434185,0.14768371881825,0.210375385432909,0.239695460171999,0.259263862994788,0.179989237401299,0.910135480038885,1,0,0,0,0.0039
"gaussian_phi030_N729_M81_Q9","gaussian_phi030_N729","gaussian","Gaussian","inside formal moment assumptions","regular",0.3,"phi = 0.30",729,81,9,12,100000,20000,"K_leading",0.91389,-0.03611,0.000887102406151624,-0.03584,0.000778820267847528,0.08611,1.35365812567791,0.9139,0.0019835169522845,20000,0.196594398008259,0.000356429654729816,0.0504067651750866,0.194171788876723,0.161317605560127,0.229708374221588,0.261977833717381,0.283590387376019,0.196594398008259,0.994101310653762,1.0922564084759,0,0,0,0.0039
"gaussian_phi030_N729_M81_Q9","gaussian_phi030_N729","gaussian","Gaussian","inside formal moment assumptions","regular",0.3,"phi = 0.30",729,81,9,12,100000,20000,"V_oracle",0.89151,-0.0584899999999999,0.00098346286101713,-0.05822,0.000847886493060864,0.10849,1.61262573686654,0.89105,0.0022031783575099,20000,0.180627221809625,0.000326731284028558,0.0462067813124762,0.178570297714111,0.148207610549646,0.21112624250615,0.240577188042656,0.260186619218615,0.180627221809625,0.91336151874049,1.00354456976171,0,0,0,0.0039
"gaussian_phi030_N729_M81_Q9","gaussian_phi030_N729","gaussian","Gaussian","inside formal moment assumptions","regular",0.3,"phi = 0.30",729,81,9,12,100000,20000,"V_feasible",0.89097,-0.0590299999999999,0.000985608741337048,-0.05876,0.000853627501196575,0.10903,1.61837361589454,0.89045,0.00220849267035234,20000,0.18096812840298,0.00033371343619763,0.0471942067416816,0.178714905402163,0.14768832321961,0.211941393982485,0.24228077128682,0.262419723719094,0.18096812840298,0.915085350623283,1.00543860852912,0,0,0,0.0039
"gaussian_phi030_N729_M81_Q9","gaussian_phi030_N729","gaussian","Gaussian","inside formal moment assumptions","regular",0.3,"phi = 0.30",729,81,9,12,100000,20000,"VK_leading_oracle",0.91469,-0.03531,0.000883358386500066,-0.03504,0.000775969074950834,0.08531,1.34385478072212,0.91495,0.00197251739536056,20000,0.197282442981971,0.000357714623281079,0.0505884871703284,0.194874984543065,0.16188179879213,0.230516382345911,0.262894434398686,0.284576571616005,0.197282442981971,0.997580486139361,1.09607910911982,0,0,0,0.0039
"gaussian_phi030_N729_M81_Q9","gaussian_phi030_N729","gaussian","Gaussian","inside formal moment assumptions","regular",0.3,"phi = 0.30",729,81,9,12,100000,20000,"F_feasible_leading",0.9145,-0.0355,0.000884249681933785,-0.03523,0.000780060610430728,0.0855,1.34864467991212,0.9144,0.00197829017082935,20000,0.197776834225304,0.000365593859257948,0.0517027794082911,0.195142384976052,0.161302295146583,0.231654091798542,0.265190074657689,0.287218826631903,0.197776834225304,1.00008043012531,1.09882589137453,0,0,0,0.0039
"gaussian_phi035_N729_M9_Q81","gaussian_phi035_N729","gaussian","Gaussian","inside formal moment assumptions","regular",0.35,"phi = 0.35",729,9,81,4,100000,20000,"raw",0.93542,-0.0145799999999999,0.000777234994065501,-0.01344,0.000439540209714606,0.06458,1.12248034912877,0.93715,0.0017160984456027,20000,0.199679616655197,0.000112830161074033,0.0159565944035638,0.199351297803785,0.188821416971514,0.210284559695344,0.220328678877275,0.22617413262642,0.199679616655197,0.954875945361023,1,0,0,0,0
"gaussian_phi035_N729_M9_Q81","gaussian_phi035_N729","gaussian","Gaussian","inside formal moment assumptions","regular",0.35,"phi = 0.35",729,9,81,4,100000,20000,"K_leading",0.93778,-0.01222,0.000763863021751937,-0.01108,0.000425645565866106,0.0622200000000001,1.10169367599676,0.93945,0.00168647113079353,20000,0.201595319104486,0.000113924313003389,0.016111330853343,0.201259058902201,0.19062764851447,0.212298993748807,0.22244268705246,0.228350261399685,0.201595319104486,0.964036911402211,1.00959388084462,0,0,0,0
"gaussian_phi035_N729_M9_Q81","gaussian_phi035_N729","gaussian","Gaussian","inside formal moment assumptions","regular",0.35,"phi = 0.35",729,9,81,4,100000,20000,"V_oracle",0.94669,-0.00330999999999992,0.000710408642261621,-0.00217,0.000391221729386822,0.05331,1.02411707954072,0.9481,0.00156854056370882,20000,0.209264564680507,0.000118310188330356,0.0167315872903705,0.208924561408597,0.197892791757578,0.220384338083651,0.230889417523455,0.237050404182944,0.209264564680507,1.00071155171993,1.04800163474803,0,0,0,0
"gaussian_phi035_N729_M9_Q81","gaussian_phi035_N729","gaussian","Gaussian","inside formal moment assumptions","regular",0.35,"phi = 0.35",729,9,81,4,100000,20000,"V_feasible",0.94596,-0.00403999999999993,0.000714980268259201,-0.0029,0.000415352410822727,0.05404,1.03062403918585,0.94765,0.0015749520230788,20000,0.20926316800036,0.000133507158557173,0.018880763430545,0.208979342380012,0.196542274080462,0.221883776880427,0.233626575248445,0.240661670284115,0.20926316800036,1.00070487273938,1.04799464014253,0,0,0,0
"gaussian_phi035_N729_M9_Q81","gaussian_phi035_N729","gaussian","Gaussian","inside formal moment assumptions","regular",0.35,"phi = 0.35",729,9,81,4,100000,20000,"VK_leading_oracle",0.94883,-0.00117,0.000696790004951277,-3e-05,0.000389231943723868,0.05117,1.00515194843811,0.94995,0.00154183328378914,20000,0.211276487748891,0.000119462325796596,0.0168945241334179,0.210929764900254,0.19979700207506,0.222509393948729,0.233094316365845,0.239356745246633,0.211276487748891,1.01033264862555,1.05807739061178,0,0,0,0
"gaussian_phi035_N729_M9_Q81","gaussian_phi035_N729","gaussian","Gaussian","inside formal moment assumptions","regular",0.35,"phi = 0.35",729,9,81,4,100000,20000,"F_feasible_leading",0.94814,-0.00185999999999997,0.000701217087641196,-0.00072,0.000414000640054215,0.05186,1.01153840883056,0.94945,0.00154910776739386,20000,0.211291956422131,0.000134816282084747,0.0190659014552966,0.210995534618729,0.198437273050654,0.224039909312928,0.235876557839857,0.242990292821425,0.211291956422131,1.01040662044215,1.0581548580744,0,0,0,0
"gaussian_phi035_N729_M27_Q27","gaussian_phi035_N729","gaussian","Gaussian","inside formal moment assumptions","regular",0.35,"phi = 0.35",729,27,27,12,100000,20000,"raw",0.93416,-0.01584,0.000784251837103363,-0.0147,0.000551037327611628,0.06584,1.13737097249195,0.9363,0.00172688027957933,20000,0.204127512301857,0.000202744649837199,0.0286724233498351,0.203557780024848,0.184583726583606,0.222983590657646,0.241437273252761,0.252799950591933,0.204127512301857,0.976145960957087,1,0,0,0,0
"gaussian_phi035_N729_M27_Q27","gaussian_phi035_N729","gaussian","Gaussian","inside formal moment assumptions","regular",0.35,"phi = 0.35",729,27,27,12,100000,20000,"K_leading",0.9414,-0.00859999999999994,0.000742738446561103,-0.00746,0.000528437580479251,0.0586,1.0741836962424,0.9431,0.00163802304623592,20000,0.210276220354422,0.000209035823911159,0.0295621297196995,0.209688828776782,0.19012844577027,0.229731095651812,0.248758996007733,0.26040342827099,0.210276220354422,1.00554932977755,1.03012189774533,0,0,0,0
"gaussian_phi035_N729_M27_Q27","gaussian_phi035_N729","gaussian","Gaussian","inside formal moment assumptions","regular",0.35,"phi = 0.35",729,27,27,12,100000,20000,"V_oracle",0.93774,-0.0122599999999999,0.000764092222182637,-0.01112,0.000538670917781512,0.06226,1.10497624215366,0.9399,0.00168059498392682,20000,0.207211819498652,0.000205897699668271,0.0291183319332291,0.206630484567917,0.187363556891361,0.226373143483411,0.245082642064428,0.256609512812091,0.207211819498652,0.990895241828395,1.01510970844652,0,0,0,0
"gaussian_phi035_N729_M27_Q27","gaussian_phi035_N729","gaussian","Gaussian","inside formal moment assumptions","regular",0.35,"phi = 0.35",729,27,27,12,100000,20000,"V_feasible",0.9367,-0.0133,0.000770020194540377,-0.01216,0.000573868135764979,0.0633,1.11549128776915,0.938,0.00170522725758182,20000,0.208678336210878,0.000237110575512765,0.0335324991672242,0.208007834174384,0.185786569077443,0.230760008406864,0.252371192940321,0.265068238840793,0.208678336210878,0.997908183637038,1.02229402522817,0,0,0,0
"gaussian_phi035_N729_M27_Q27","gaussian_phi035_N729","gaussian","Gaussian","inside formal moment assumptions","regular",0.35,"phi = 0.35",729,27,27,12,100000,20000,"VK_leading_oracle",0.94458,-0.00541999999999998,0.000723523486833703,-0.00428,0.000519634021398871,0.05542,1.04358867314512,0.9457,0.00160236559498761,20000,0.213458775466118,0.000212300802883295,0.0300238674740253,0.212848378841675,0.193004962604354,0.233210674502612,0.252555976356842,0.264340942485565,0.213458775466118,1.02076843612325,1.0457129127722,0,0,0,0
"gaussian_phi035_N729_M27_Q27","gaussian_phi035_N729","gaussian","Gaussian","inside formal moment assumptions","regular",0.35,"phi = 0.35",729,27,27,12,100000,20000,"F_feasible_leading",0.94382,-0.00617999999999996,0.000728174481837973,-0.00504,0.000555651933759539,0.05618,1.05351954955975,0.94555,0.00160445002259341,20000,0.215136561511619,0.000244603435973738,0.0345921496557119,0.214437366880494,0.191537331035369,0.237943651675933,0.260150005058442,0.273293774084476,0.215136561511619,1.02879167636754,1.05393221661116,0,0,0,0
"gaussian_phi035_N729_M81_Q9","gaussian_phi035_N729","gaussian","Gaussian","inside formal moment assumptions","regular",0.35,"phi = 0.35",729,81,9,12,100000,20000,"raw",0.88973,-0.0602699999999999,0.000990507582505051,-0.05913,0.000848730601802683,0.11027,1.62718824421395,0.89265,0.0021889035782784,20000,0.188913894658379,0.00034385737226051,0.0486287759372787,0.186589684418453,0.154331138160751,0.220394933198311,0.252774520077481,0.27292592517105,0.188913894658379,0.903393830454141,1,0,0,0,0.00393
"gaussian_phi035_N729_M81_Q9","gaussian_phi035_N729","gaussian","Gaussian","inside formal moment assumptions","regular",0.35,"phi = 0.35",729,81,9,12,100000,20000,"K_leading",0.9128,-0.0372,0.00089216680054797,-0.03606,0.000776532545375878,0.0872000000000001,1.35599020351163,0.9147,0.00197514442509909,20000,0.206320778254492,0.000376512793709968,0.053246949927162,0.203774959989131,0.168337990183577,0.24072602930696,0.276315172351244,0.298537739811474,0.206320778254492,0.986634246817365,1.09214189156171,0,0,0,0.00393
"gaussian_phi035_N729_M81_Q9","gaussian_phi035_N729","gaussian","Gaussian","inside formal moment assumptions","regular",0.35,"phi = 0.35",729,81,9,12,100000,20000,"V_oracle",0.89087,-0.0591299999999999,0.000986005289539564,-0.05799,0.000845977987767742,0.10913,1.6129280097567,0.89365,0.00217990455639691,20000,0.189724162711119,0.000345371386937858,0.0488428899463125,0.187431980507426,0.154977734442277,0.221363279666218,0.253870656490193,0.274146352818821,0.189724162711119,0.907268564820201,1.00428908659262,0,0,0,0.00393
"gaussian_phi035_N729_M81_Q9","gaussian_phi035_N729","gaussian","Gaussian","inside formal moment assumptions","regular",0.35,"phi = 0.35",729,81,9,12,100000,20000,"V_feasible",0.89047,-0.05953,0.000987588877519386,-0.05839,0.00085112474005473,0.10953,1.61907911866563,0.89315,0.00218441156264107,20000,0.190054770053053,0.000352413997749111,0.0498388655186914,0.18758783421018,0.154422687351629,0.222314192540824,0.255872628160239,0.276513225033474,0.190054770053053,0.908849542405499,1.00603912907908,0,0,0,0.00393
"gaussian_phi035_N729_M81_Q9","gaussian_phi035_N729","gaussian","Gaussian","inside formal moment assumptions","regular",0.35,"phi = 0.35",729,81,9,12,100000,20000,"VK_leading_oracle",0.91388,-0.0361199999999999,0.000887149060755857,-0.03498,0.000772767732051279,0.08612,1.34410667479725,0.9159,0.00196248808913583,20000,0.207194430533673,0.00037815912465856,0.0534797762827274,0.204647376589508,0.169051052741429,0.241769397842387,0.277495057775264,0.299820306953678,0.207194430533673,0.990812087099581,1.09676649728889,0,0,0,0.00393
"gaussian_phi035_N729_M81_Q9","gaussian_phi035_N729","gaussian","Gaussian","inside formal moment assumptions","regular",0.35,"phi = 0.35",729,81,9,12,100000,20000,"F_feasible_leading",0.91342,-0.0365799999999999,0.000889291311101149,-0.03544,0.000778232690434683,0.08658,1.34923259888802,0.91525,0.00196935823937647,20000,0.207680289209866,0.000386120721733297,0.0546057161388517,0.204972454638774,0.168535010686142,0.24289223554137,0.279632367961291,0.302707515720369,0.207680289209866,0.993135482799716,1.0993383498097,0,0,0,0.00393
"gaussian_phi040_N729_M9_Q81","gaussian_phi040_N729","gaussian","Gaussian","inside formal moment assumptions","regular",0.4,"phi = 0.40",729,9,81,4,100000,20000,"raw",0.93236,-0.01764,0.000794133681441607,-0.01697,0.000458281890568362,0.06764,1.14480108346626,0.9329,0.00176914654565415,20000,0.209546436112499,0.000117921499272269,0.0166766183566213,0.209371838012823,0.198106106496757,0.220597173150318,0.231190210394746,0.237534532605804,0.209546436112499,0.945499786116925,1,0,0,0,0
"gaussian_phi040_N729_M9_Q81","gaussian_phi040_N729","gaussian","Gaussian","inside formal moment assumptions","regular",0.4,"phi = 0.40",729,9,81,4,100000,20000,"K_leading",0.93478,-0.0152199999999999,0.000780809526068938,-0.01455,0.000443604489212439,0.0652199999999999,1.12360106340207,0.93555,0.00173632078689394,20000,0.211556988050221,0.000119064310601758,0.0168382362847608,0.211383697771444,0.200015198627713,0.222728252589056,0.233420609304282,0.239830061872869,0.211556988050221,0.954571648480039,1.00959477992097,0,0,0,0
"gaussian_phi040_N729_M9_Q81","gaussian_phi040_N729","gaussian","Gaussian","inside formal moment assumptions","regular",0.4,"phi = 0.40",729,9,81,4,100000,20000,"V_oracle",0.94652,-0.00347999999999993,0.000711476560400973,-0.00281,0.000390413323575966,0.05348,1.02502898803065,0.94735,0.00157920830639913,20000,0.221729819397821,0.000124855510788823,0.0176572356694573,0.221539484158657,0.209636692475782,0.233426204676575,0.244635081000324,0.251424757768394,0.221729819397821,1.00047273867179,1.05814168692796,0,0,0,0
"gaussian_phi040_N729_M9_Q81","gaussian_phi040_N729","gaussian","Gaussian","inside formal moment assumptions","regular",0.4,"phi = 0.40",729,9,81,4,100000,20000,"V_feasible",0.94548,-0.00451999999999997,0.000717966361328997,-0.00385,0.000414431529368755,0.05452,1.03572372559319,0.94615,0.0015960917501823,20000,0.221216131951594,0.000139223760688706,0.0196892130570555,0.220975989164324,0.207722748128451,0.234262603590469,0.24672685764242,0.254433636156492,0.221216131951594,0.99815491652435,1.05569026157444,0,0,0,0
"gaussian_phi040_N729_M9_Q81","gaussian_phi040_N729","gaussian","Gaussian","inside formal moment assumptions","regular",0.4,"phi = 0.40",729,9,81,4,100000,20000,"VK_leading_oracle",0.94893,-0.0010699999999999,0.000696145495568275,-4e-04,0.000388329638321723,0.0510699999999999,1.00604696973379,0.9501,0.00153964265334525,20000,0.223862791118853,0.000126071780863283,0.0178292422329383,0.223669087117044,0.21163340330469,0.235682263868317,0.246984201163377,0.253842166422518,0.223862791118853,1.01009697444236,1.06832067999796,0,0,0,0
"gaussian_phi040_N729_M9_Q81","gaussian_phi040_N729","gaussian","Gaussian","inside formal moment assumptions","regular",0.4,"phi = 0.40",729,9,81,4,100000,20000,"F_feasible_leading",0.94785,-0.00214999999999999,0.000703067404307724,-0.00148,0.000409365083754975,0.05215,1.01654365660072,0.94885,0.00155778171609504,20000,0.223360563412318,0.000140588134628076,0.019882164669976,0.223128318868067,0.209727996887582,0.236535661465035,0.249126681468158,0.256890805746227,0.223360563412318,1.00783086007687,1.06592394295078,0,0,0,0
"gaussian_phi040_N729_M27_Q27","gaussian_phi040_N729","gaussian","Gaussian","inside formal moment assumptions","regular",0.4,"phi = 0.40",729,27,27,12,100000,20000,"raw",0.93287,-0.01713,0.000791350510835749,-0.01646,0.000568589409802161,0.06713,1.14336818335339,0.9334,0.00176301503113275,20000,0.215951495875645,0.000212566503170734,0.0300614431690275,0.215053031190729,0.195215094359103,0.235895062236672,0.254575098878747,0.267032110260042,0.215951495875645,0.974400218634277,1,0,0,0,0
"gaussian_phi040_N729_M27_Q27","gaussian_phi040_N729","gaussian","Gaussian","inside formal moment assumptions","regular",0.4,"phi = 0.40",729,27,27,12,100000,20000,"K_leading",0.94025,-0.00974999999999993,0.000749532771131456,-0.00908,0.000544590214551288,0.05975,1.07984772872264,0.94045,0.00167337678811438,20000,0.222454152413585,0.000219155952195362,0.0309933319869471,0.221503166234265,0.201045842382095,0.243070340828782,0.26228007166978,0.27508935859477,0.222454152413585,1.00374102003313,1.03011165313569,0,0,0,0
"gaussian_phi040_N729_M27_Q27","gaussian_phi040_N729","gaussian","Gaussian","inside formal moment assumptions","regular",0.4,"phi = 0.40",729,27,27,12,100000,20000,"V_oracle",0.93761,-0.0123899999999999,0.000764836504751179,-0.01172,0.000552294727744764,0.0623899999999999,1.10448065275409,0.9383,0.00170136871371258,20000,0.219863802491377,0.00021652831915837,0.0306217285591617,0.218932218284734,0.198720917139225,0.240214194455603,0.259204374598665,0.271887669257882,0.219863802491377,0.992053036487083,1.01811659882173,0,0,0,0
"gaussian_phi040_N729_M27_Q27","gaussian_phi040_N729","gaussian","Gaussian","inside formal moment assumptions","regular",0.4,"phi = 0.40",729,27,27,12,100000,20000,"V_feasible",0.93654,-0.0134599999999999,0.000770926899258289,-0.01279,0.000586231691122168,0.06346,1.11373001351588,0.9371,0.0017167351280847,20000,0.221431985870496,0.000249169730939689,0.0352379212827764,0.220385788656624,0.197254302436766,0.244758531457202,0.266885387807084,0.281426899529418,0.221431985870496,0.999128876463446,1.02537833772639,0,0,0,0
"gaussian_phi040_N729_M27_Q27","gaussian_phi040_N729","gaussian","Gaussian","inside formal moment assumptions","regular",0.4,"phi = 0.40",729,27,27,12,100000,20000,"VK_leading_oracle",0.94429,-0.00570999999999999,0.000725302667167301,-0.00504,0.000536049305091029,0.05571,1.04312061648998,0.94505,0.00161137359882803,20000,0.226490993240259,0.000223258229541697,0.0315734816129273,0.225532554973926,0.204706403279092,0.2474779834171,0.267081753469349,0.280234533839826,0.226490993240259,1.02195575185591,1.0488049287266,0,0,0,0
"gaussian_phi040_N729_M27_Q27","gaussian_phi040_N729","gaussian","Gaussian","inside formal moment assumptions","regular",0.4,"phi = 0.40",729,27,27,12,100000,20000,"F_feasible_leading",0.94372,-0.00627999999999995,0.000728783655140536,-0.00561,0.000567616508643828,0.05628,1.05185612387611,0.9447,0.00161619785298707,20000,0.228279355400802,0.000257031661407383,0.0363497661521611,0.227177584470835,0.203332844042044,0.25234842186733,0.275134379767926,0.290097161450556,0.228279355400802,1.03002506609319,1.05708624279341,0,0,0,0
"gaussian_phi040_N729_M81_Q9","gaussian_phi040_N729","gaussian","Gaussian","inside formal moment assumptions","regular",0.4,"phi = 0.40",729,81,9,12,100000,20000,"raw",0.8893,-0.0607,0.0009921971074338,-0.06003,0.000854910112066173,0.1107,1.63266890793421,0.8919,0.00219561369553025,20000,0.20066856274403,0.000359318780177826,0.0508153492142838,0.198401392166719,0.164816264643021,0.233804962502242,0.266836105133878,0.288323785437261,0.20066856274403,0.90544170864834,1,0,0,0,0.00402
"gaussian_phi040_N729_M81_Q9","gaussian_phi040_N729","gaussian","Gaussian","inside formal moment assumptions","regular",0.4,"phi = 0.40",729,81,9,12,100000,20000,"K_leading",0.9127,-0.0373,0.000892629318362331,-0.03663,0.000777874335535515,0.0873,1.36055742327851,0.91455,0.00197671820829374,20000,0.219158470970203,0.000393376943342076,0.0556319008399237,0.216694477145941,0.180062743020386,0.255367606607432,0.291485934513796,0.315206555889262,0.219158470970203,0.988870492251146,1.09214152916299,0,0,0,0.00402
"gaussian_phi040_N729_M81_Q9","gaussian_phi040_N729","gaussian","Gaussian","inside formal moment assumptions","regular",0.4,"phi = 0.40",729,81,9,12,100000,20000,"V_oracle",0.89045,-0.05955,0.000987667947743572,-0.05888,0.000850610775494241,0.10955,1.61558296213858,0.89295,0.0021862101625873,20000,0.201697592274412,0.000361206925344614,0.0510823732645439,0.199414573815324,0.16567089574245,0.235041571909076,0.268194123876913,0.289756741478735,0.201697592274412,0.91008481887696,1.00512800568415,0,0,0,0.00402
"gaussian_phi040_N729_M81_Q9","gaussian_phi040_N729","gaussian","Gaussian","inside formal moment assumptions","regular",0.4,"phi = 0.40",729,81,9,12,100000,20000,"V_feasible",0.89043,-0.0595699999999999,0.000987747007588481,-0.0589,0.000853531010070432,0.10957,1.62109241949566,0.89335,0.00218261056420975,20000,0.202054224222673,0.000368547671144318,0.0521205114913314,0.199570543024986,0.165305009559262,0.23578739684417,0.270240076718741,0.29218334492524,0.202054224222673,0.911693986930872,1.00690522451397,0,0,0,0.00402
"gaussian_phi040_N729_M81_Q9","gaussian_phi040_N729","gaussian","Gaussian","inside formal moment assumptions","regular",0.4,"phi = 0.40",729,81,9,12,100000,20000,"VK_leading_oracle",0.91378,-0.0362199999999999,0.000887615409960868,-0.03555,0.000774898689945851,0.08622,1.34631913511548,0.91565,0.0019651345691835,20000,0.22026796098584,0.000395429686894325,0.0559222026170901,0.217777863652686,0.180960128177975,0.256643902640037,0.292955030686987,0.316782664633967,0.22026796098584,0.993876650274851,1.09767049693185,0,0,0,0.00402
"gaussian_phi040_N729_M81_Q9","gaussian_phi040_N729","gaussian","Gaussian","inside formal moment assumptions","regular",0.4,"phi = 0.40",729,81,9,12,100000,20000,"F_feasible_leading",0.91335,-0.03665,0.000889616644965684,-0.03598,0.000778755713047812,0.08665,1.35091034957972,0.91485,0.00197356881688985,20000,0.220785815020174,0.000403708679961418,0.0570930290449177,0.218051198907432,0.180515137848498,0.257714228887109,0.295415189480337,0.319683871118936,0.220785815020174,0.996213272590104,1.10025114049282,0,0,0,0.00402
"gaussian_phi045_N729_M9_Q81","gaussian_phi045_N729","gaussian","Gaussian","inside formal moment assumptions","regular",0.45,"phi = 0.45",729,9,81,4,100000,20000,"raw",0.93127,-0.0187299999999999,0.00080003866844047,-0.01987,0.000483894794910759,0.06873,1.16370014111233,0.93025,0.0018011793011802,20000,0.220354095366363,0.000124666767128841,0.0176305432850815,0.220148452013292,0.208368500538292,0.232120609043816,0.243087039512111,0.249568472576267,0.220354095366363,0.935493043311378,1,0,0,0,0
"gaussian_phi045_N729_M9_Q81","gaussian_phi045_N729","gaussian","Gaussian","inside formal moment assumptions","regular",0.45,"phi = 0.45",729,9,81,4,100000,20000,"K_leading",0.93371,-0.0162899999999999,0.000786737795583764,-0.01743,0.000466330489718672,0.06629,1.14215013849914,0.9328,0.00177036945296737,20000,0.222468510204626,0.000125877226261349,0.0178017280572707,0.222259576131787,0.210372535466661,0.234351239535688,0.245414670916153,0.251965355216247,0.222468510204626,0.944469597019542,1.00959553229428,0,0,0,0
"gaussian_phi045_N729_M9_Q81","gaussian_phi045_N729","gaussian","Gaussian","inside formal moment assumptions","regular",0.45,"phi = 0.45",729,9,81,4,100000,20000,"V_oracle",0.94882,-0.00117999999999996,0.000696854415211671,-0.00232,0.000382554100064808,0.05118,1.01947023020109,0.9489,0.00155706117413543,20000,0.235786674944381,0.000133517100242483,0.0188821693971647,0.235546422058889,0.222951921798175,0.24838877514774,0.260116247152379,0.267113679541615,0.235786674944381,1.00101064039339,1.0700353653621,0,0,0,0
"gaussian_phi045_N729_M9_Q81","gaussian_phi045_N729","gaussian","Gaussian","inside formal moment assumptions","regular",0.45,"phi = 0.45",729,9,81,4,100000,20000,"V_feasible",0.94644,-0.00356000000000001,0.000711978415403164,-0.0047,0.000409366310054648,0.0535600000000001,1.03686276704367,0.9466,0.00158978677815611,20000,0.234434102429173,0.000146921622530168,0.0207778551188024,0.234165875194417,0.220315484805454,0.248182637435414,0.261190967099424,0.268792343911282,0.234434102429173,0.995268418192134,1.06389718802095,0,0,0,0
"gaussian_phi045_N729_M9_Q81","gaussian_phi045_N729","gaussian","Gaussian","inside formal moment assumptions","regular",0.45,"phi = 0.45",729,9,81,4,100000,20000,"VK_leading_oracle",0.9507,0.000700000000000034,0.000684613102416248,-0.00044,0.000377888200391227,0.0493,1.00059115186404,0.9506,0.00153231263128645,20000,0.238056313445295,0.000134821923263598,0.0190666992384605,0.237797595659262,0.225091554577512,0.250769486309094,0.262631090284941,0.269670254047397,0.238056313445295,1.01064618188359,1.08033532596479,0,0,0,0
"gaussian_phi045_N729_M9_Q81","gaussian_phi045_N729","gaussian","Gaussian","inside formal moment assumptions","regular",0.45,"phi = 0.45",729,9,81,4,100000,20000,"F_feasible_leading",0.94873,-0.00126999999999999,0.00069743377535075,-0.00241,0.000402049170419931,0.05127,1.01766160469101,0.94915,0.00155345224419678,20000,0.23670637286162,0.000148364070538029,0.0209818480723759,0.236438530382001,0.222455403491929,0.250602118653208,0.263742156701879,0.271390701603526,0.23670637286162,1.00491513330556,1.07420909272446,0,0,0,0
"gaussian_phi045_N729_M27_Q27","gaussian_phi045_N729","gaussian","Gaussian","inside formal moment assumptions","regular",0.45,"phi = 0.45",729,27,27,12,100000,20000,"raw",0.93438,-0.01562,0.00078303266598527,-0.01676,0.000556232072017768,0.06562,1.14380589982738,0.9349,0.00174444819355577,20000,0.228548512893088,0.000227526368276955,0.0321770875814766,0.227692614343188,0.206646581797364,0.249499304891649,0.270568538155101,0.282845287882968,0.228548512893088,0.970281689183808,1,0,0,0,0
"gaussian_phi045_N729_M27_Q27","gaussian_phi045_N729","gaussian","Gaussian","inside formal moment assumptions","regular",0.45,"phi = 0.45",729,27,27,12,100000,20000,"K_leading",0.94136,-0.00863999999999998,0.000742976112671195,-0.00978,0.000533335129598271,0.05864,1.08026112761475,0.9413,0.00166214184111946,20000,0.23543242601856,0.000234606205106477,0.0331783277078463,0.234508708048019,0.212808244445909,0.256995073671754,0.27885002261509,0.291465815472067,0.23543242601856,0.999506709163273,1.03012013965145,0,0,0,0
"gaussian_phi045_N729_M27_Q27","gaussian_phi045_N729","gaussian","Gaussian","inside formal moment assumptions","regular",0.45,"phi = 0.45",729,27,27,12,100000,20000,"V_oracle",0.93965,-0.01035,0.000753046329916029,-0.01149,0.000537385045220713,0.06035,1.09769720820037,0.9397,0.0016832098799615,20000,0.23348224051331,0.000232597897445492,0.032894310114688,0.232570357507527,0.211067047406835,0.254887070552876,0.276478249741235,0.289022776459833,0.23348224051331,0.99122737598231,1.02158722258906,0,0,0,0
"gaussian_phi045_N729_M27_Q27","gaussian_phi045_N729","gaussian","Gaussian","inside formal moment assumptions","regular",0.45,"phi = 0.45",729,27,27,12,100000,20000,"V_feasible",0.9389,-0.0111,0.000757408674362791,-0.01224,0.000567366762377239,0.0611,1.10700817671978,0.93905,0.00169167221263459,20000,0.235078720661927,0.000266392814291334,0.0376736330889542,0.233896764045741,0.209456573076765,0.259690429546745,0.284313425623753,0.298991710274124,0.235078720661927,0.998005085606145,1.02857252355824,0,0,0,0
"gaussian_phi045_N729_M27_Q27","gaussian_phi045_N729","gaussian","Gaussian","inside formal moment assumptions","regular",0.45,"phi = 0.45",729,27,27,12,100000,20000,"VK_leading_oracle",0.94609,-0.00390999999999997,0.000714168830879646,-0.00505,0.000521965228225976,0.05391,1.03671402996701,0.94555,0.00160445002259341,20000,0.240523333830191,0.000239858833229391,0.0339211615007992,0.239586340467907,0.217375599956213,0.26254390155815,0.28493497422523,0.297842152210269,0.240523333830191,1.02111969000668,1.05239509452728,0,0,0,0
"gaussian_phi045_N729_M27_Q27","gaussian_phi045_N729","gaussian","Gaussian","inside formal moment assumptions","regular",0.45,"phi = 0.45",729,27,27,12,100000,20000,"F_feasible_leading",0.9454,-0.00459999999999994,0.000718462525118743,-0.00574,0.000553600567860879,0.0546,1.04550772245757,0.94505,0.00161137359882803,20000,0.242346598546631,0.00027482744665737,0.0388664702375221,0.24112913499376,0.215926462996261,0.267768993188433,0.293135788544025,0.308304852567816,0.242346598546631,1.02886019265316,1.060372677463,0,0,0,0
"gaussian_phi045_N729_M81_Q9","gaussian_phi045_N729","gaussian","Gaussian","inside formal moment assumptions","regular",0.45,"phi = 0.45",729,81,9,12,100000,20000,"raw",0.89041,-0.0595899999999999,0.000987826057056605,-0.06073,0.000853595898103765,0.10959,1.62396921161981,0.89105,0.0022031783575099,20000,0.213108023684345,0.00038493397717479,0.0544378851138803,0.210227344355534,0.175126758397938,0.248651427763522,0.284750551788254,0.30666791820862,0.213108023684345,0.904730512492094,1,0,0,0,0.00378
"gaussian_phi045_N729_M81_Q9","gaussian_phi045_N729","gaussian","Gaussian","inside formal moment assumptions","regular",0.45,"phi = 0.45",729,81,9,12,100000,20000,"K_leading",0.91401,-0.03599,0.000886542271411804,-0.03713,0.00077660779174344,0.08599,1.35330767634984,0.91455,0.00197671820829374,20000,0.232740767444096,0.00042158257043896,0.0596207788774888,0.229485700510748,0.191144692878898,0.271590031043662,0.31129704479538,0.335220530857039,0.232740767444096,0.988079520268989,1.09212578400535,0,0,0,0.00378
"gaussian_phi045_N729_M81_Q9","gaussian_phi045_N729","gaussian","Gaussian","inside formal moment assumptions","regular",0.45,"phi = 0.45",729,81,9,12,100000,20000,"V_oracle",0.89215,-0.05785,0.000980909667094784,-0.05899,0.000847413110643092,0.10785,1.6038261770945,0.89295,0.0021862101625873,20000,0.214404871431105,0.000387344939384291,0.0547788466593849,0.211469939336187,0.176183010099565,0.25016863249803,0.286544774701426,0.308601383426283,0.214404871431105,0.91023616031457,1.00608540084197,0,0,0,0.00378
"gaussian_phi045_N729_M81_Q9","gaussian_phi045_N729","gaussian","Gaussian","inside formal moment assumptions","regular",0.45,"phi = 0.45",729,81,9,12,100000,20000,"V_feasible",0.89161,-0.0583899999999999,0.000983064636226937,-0.05953,0.000853386825355733,0.10839,1.60913995873115,0.8921,0.00219382759122042,20000,0.21476674087868,0.000394894485995853,0.0558465137801688,0.211744443855168,0.17551680235656,0.25110691061079,0.288470114820675,0.310807295080335,0.21476674087868,0.91177244376885,1.00778345726106,0,0,0,0.00378
"gaussian_phi045_N729_M81_Q9","gaussian_phi045_N729","gaussian","Gaussian","inside formal moment assumptions","regular",0.45,"phi = 0.45",729,81,9,12,100000,20000,"VK_leading_oracle",0.91548,-0.03452,0.00087963838933962,-0.03566,0.000772068393923782,0.08452,1.33652181424542,0.9159,0.00196248808913583,20000,0.234138964451235,0.000424205052147536,0.0599916537974232,0.230870106007132,0.192272204020611,0.273234193878307,0.313211236782677,0.337247052626274,0.234138964451235,0.994015437054119,1.09868676178069,0,0,0,0.00378
"gaussian_phi045_N729_M81_Q9","gaussian_phi045_N729","gaussian","Gaussian","inside formal moment assumptions","regular",0.45,"phi = 0.45",729,81,9,12,100000,20000,"F_feasible_leading",0.91511,-0.03489,0.000881383502795463,-0.03603,0.000777768886138037,0.08489,1.34094996560929,0.91545,0.00196724804612941,20000,0.234666983881498,0.00043272731432328,0.0611968836725268,0.231181748235052,0.191769315075169,0.274264599921815,0.315536630335906,0.340357533632893,0.234666983881498,0.996257094977124,1.10116446966392,0,0,0,0.00378
"gaussian_phi050_N729_M9_Q81","gaussian_phi050_N729","gaussian","Gaussian","inside formal moment assumptions","regular",0.5,"phi = 0.50",729,9,81,4,100000,20000,"raw",0.92578,-0.0242199999999999,0.000828923347481539,-0.02315,0.000500542985599443,0.07422,1.20842159736488,0.9233,0.00188171610504879,20000,0.231960799446746,0.000131213366683034,0.0185563722727781,0.231893364625702,0.219286249963725,0.244419321707087,0.255782147186547,0.262624572246443,0.231960799446746,0.923287956593874,1,0,0,0,0
"gaussian_phi050_N729_M9_Q81","gaussian_phi050_N729","gaussian","Gaussian","inside formal moment assumptions","regular",0.5,"phi = 0.50",729,9,81,4,100000,20000,"K_leading",0.92821,-0.02179,0.000816309965025541,-0.02072,0.000481984583873168,0.07179,1.1860434196359,0.9258,0.00185329922030955,20000,0.234186400358513,0.000132484122192808,0.0187360842404163,0.234126270486851,0.221384447191807,0.24677795978476,0.258240941259718,0.265137631355915,0.234186400358513,0.932146653938083,1.00959472857947,0,0,0,0
"gaussian_phi050_N729_M9_Q81","gaussian_phi050_N729","gaussian","Gaussian","inside formal moment assumptions","regular",0.5,"phi = 0.50",729,9,81,4,100000,20000,"V_oracle",0.9463,-0.00369999999999993,0.000712855595474988,-0.00263,0.000395768110544512,0.0537,1.0316326798822,0.94455,0.00161825982926105,20000,0.251515017705234,0.000142399690354133,0.0201383573376544,0.251459954062617,0.237742033741444,0.265001286134144,0.27736110241299,0.284727387345512,0.251515017705234,1.00112082431002,1.08429966746591,0,0,0,0
"gaussian_phi050_N729_M9_Q81","gaussian_phi050_N729","gaussian","Gaussian","inside formal moment assumptions","regular",0.5,"phi = 0.50",729,9,81,4,100000,20000,"V_feasible",0.94335,-0.00664999999999993,0.000731031993143939,-0.00558,0.000420583410162656,0.05665,1.05988107558136,0.94175,0.00165615424251487,20000,0.24867466013449,0.000154558162668332,0.0218578249821022,0.24851442805125,0.233640924974572,0.263346232908318,0.276823985391181,0.28488642407308,0.24867466013449,0.98981517290796,1.07205467789216,0,0,0,0
"gaussian_phi050_N729_M9_Q81","gaussian_phi050_N729","gaussian","Gaussian","inside formal moment assumptions","regular",0.5,"phi = 0.50",729,9,81,4,100000,20000,"VK_leading_oracle",0.94867,-0.00132999999999994,0.000697819683729257,-0.00026,0.000390385512037115,0.05133,1.0125283709955,0.9464,0.00159259285443581,20000,0.253937434589364,0.000143789122776474,0.020334852755222,0.253888582691268,0.240016767134298,0.267553672988235,0.280041467070471,0.287463775687981,0.253937434589364,1.01076292047584,1.09474288412109,0,0,0,0
"gaussian_phi050_N729_M9_Q81","gaussian_phi050_N729","gaussian","Gaussian","inside formal moment assumptions","regular",0.5,"phi = 0.50",729,9,81,4,100000,20000,"F_feasible_leading",0.94547,-0.00452999999999992,0.000718028405426972,-0.00346,0.00041458654442713,0.05453,1.04025364825578,0.9433,0.00163531510724998,20000,0.251084222269634,0.000156072096143874,0.0220719275074664,0.250933302710899,0.235899478962889,0.265911436543362,0.279534528419665,0.287637086351035,0.251084222269634,0.999406102519125,1.08244247678271,0,0,0,0
"gaussian_phi050_N729_M27_Q27","gaussian_phi050_N729","gaussian","Gaussian","inside formal moment assumptions","regular",0.5,"phi = 0.50",729,27,27,12,100000,20000,"raw",0.93127,-0.0187299999999999,0.00080003866844047,-0.01766,0.000561679979030754,0.06873,1.16445900158356,0.929,0.00181602588087285,20000,0.242934511892827,0.000242333352851721,0.0342711114218249,0.241899088759516,0.21907361433726,0.26555288046772,0.287414548643388,0.300756922489241,0.242934511892827,0.966967304849085,1,0,0,0,0
"gaussian_phi050_N729_M27_Q27","gaussian_phi050_N729","gaussian","Gaussian","inside formal moment assumptions","regular",0.5,"phi = 0.50",729,27,27,12,100000,20000,"K_leading",0.93922,-0.0107799999999999,0.000755551398648695,-0.00971,0.000539777799284785,0.0607799999999999,1.09976683482891,0.9371,0.0017167351280847,20000,0.250254619693402,0.000249835058429187,0.0353320127986831,0.249180463205217,0.225755073101093,0.273602789521532,0.296178353308011,0.309840154569998,0.250254619693402,0.996103983931755,1.03013202094482,0,0,0,0
"gaussian_phi050_N729_M27_Q27","gaussian_phi050_N729","gaussian","Gaussian","inside formal moment assumptions","regular",0.5,"phi = 0.50",729,27,27,12,100000,20000,"V_oracle",0.93813,-0.0118699999999999,0.000761853680833794,-0.0108,0.000542620073684566,0.06187,1.10898317234503,0.93585,0.00173255270482603,20000,0.249171488513987,0.000248723493150302,0.0351748137293969,0.248116690292601,0.224782129420911,0.27242218536739,0.294858013284865,0.308493158265075,0.249171488513987,0.991792729720914,1.02567348942134,0,0,0,0
"gaussian_phi050_N729_M27_Q27","gaussian_phi050_N729","gaussian","Gaussian","inside formal moment assumptions","regular",0.5,"phi = 0.50",729,27,27,12,100000,20000,"V_feasible",0.93725,-0.0127499999999999,0.000766892675020436,-0.01168,0.000573967830449324,0.06275,1.1173999003896,0.93485,0.00174507130943122,20000,0.250785300746412,0.000284321234165058,0.0402090945426881,0.249504097868121,0.222853387744684,0.277356299548601,0.303185775132444,0.318645675142186,0.250785300746412,0.998216286640682,1.03231648229976,0,0,0,0
"gaussian_phi050_N729_M27_Q27","gaussian_phi050_N729","gaussian","Gaussian","inside formal moment assumptions","regular",0.5,"phi = 0.50",729,27,27,12,100000,20000,"VK_leading_oracle",0.94505,-0.00495000000000001,0.000720628180825591,-0.00388,0.00052654746084497,0.0549500000000001,1.04737299610364,0.9431,0.00163802304623592,20000,0.256690505790342,0.0002564514405602,0.0362677105330353,0.255607221368818,0.231554367407072,0.280631233861242,0.30382331498602,0.317891662646482,0.256690505790342,1.02172114052669,1.05662428853906,0,0,0,0
"gaussian_phi050_N729_M27_Q27","gaussian_phi050_N729","gaussian","Gaussian","inside formal moment assumptions","regular",0.5,"phi = 0.50",729,27,27,12,100000,20000,"F_feasible_leading",0.94393,-0.00606999999999991,0.000727503643289846,-0.005,0.0005574523365554,0.05607,1.05532212814573,0.9418,0.0016554872394555,20000,0.258537486837789,0.000293273634972228,0.0414751552064181,0.257248409175492,0.229716106849598,0.285926253106699,0.312703168852444,0.328484660372881,0.258537486837789,1.02907279374238,1.06422708253097,0,0,0,0
"gaussian_phi050_N729_M81_Q9","gaussian_phi050_N729","gaussian","Gaussian","inside formal moment assumptions","regular",0.5,"phi = 0.50",729,81,9,12,100000,20000,"raw",0.88945,-0.06055,0.000991608276992483,-0.05948,0.00084842707069314,0.11055,1.62158048592898,0.88745,0.00223475387347242,20000,0.226889590413889,0.000411198267499098,0.0581522166721545,0.223951272429486,0.18579576269178,0.265146601255366,0.303544740710266,0.32627464437713,0.226889590413889,0.903102708756418,1,0,0,0,0.0043
"gaussian_phi050_N729_M81_Q9","gaussian_phi050_N729","gaussian","Gaussian","inside formal moment assumptions","regular",0.5,"phi = 0.50",729,81,9,12,100000,20000,"K_leading",0.91294,-0.03706,0.000891518684044255,-0.03599,0.00077546967221944,0.08706,1.35131707160748,0.91125,0.00201088832981844,20000,0.247805687565231,0.000450308432443108,0.0636832292412012,0.244442340026352,0.202688101912809,0.289760529425152,0.331734128605143,0.356734765806173,0.247805687565231,0.986356347495558,1.09218623522211,0,0,0,0.0043
"gaussian_phi050_N729_M81_Q9","gaussian_phi050_N729","gaussian","Gaussian","inside formal moment assumptions","regular",0.5,"phi = 0.50",729,81,9,12,100000,20000,"V_oracle",0.89134,-0.0586599999999999,0.000984139240148466,-0.05759,0.000842461284813827,0.10866,1.5978101810505,0.8894,0.00221774254592367,20000,0.228524996218881,0.000414244315100164,0.0585829928550606,0.225569503400082,0.187112199691655,0.267060339836986,0.305754368594543,0.328634026550275,0.228524996218881,0.909612215912345,1.00720793669736,0,0,0,0.0043
"gaussian_phi050_N729_M81_Q9","gaussian_phi050_N729","gaussian","Gaussian","inside formal moment assumptions","regular",0.5,"phi = 0.50",729,81,9,12,100000,20000,"V_feasible",0.89106,-0.05894,0.0009852516247132,-0.05787,0.000847241293362223,0.10894,1.60286464099639,0.8889,0.00222212499648422,20000,0.228890269227196,0.000422112394798887,0.0596957073570372,0.225626986747583,0.186470653901983,0.268072245570376,0.307518573277219,0.331356330280602,0.228890269227196,0.91106613472212,1.00881785193255,0,0,0,0.0043
"gaussian_phi050_N729_M81_Q9","gaussian_phi050_N729","gaussian","Gaussian","inside formal moment assumptions","regular",0.5,"phi = 0.50",729,81,9,12,100000,20000,"VK_leading_oracle",0.91481,-0.0351899999999999,0.00088279478872499,-0.03412,0.000769002060882607,0.08519,1.33150848420875,0.9128,0.00199494561329376,20000,0.249569009401644,0.000453621055881113,0.0641517049405074,0.24614408087294,0.204124057298677,0.291823968963848,0.334114772383236,0.359283276185571,0.249569009401644,0.993375006764893,1.09995795288089,0,0,0,0.0043
"gaussian_phi050_N729_M81_Q9","gaussian_phi050_N729","gaussian","Gaussian","inside formal moment assumptions","regular",0.5,"phi = 0.50",729,81,9,12,100000,20000,"F_feasible_leading",0.91449,-0.0355099999999999,0.000884296556026314,-0.03444,0.000774431960503061,0.08551,1.33572053416366,0.9124,0.00199907778738097,20000,0.250104062754128,0.00046249264582062,0.0654063372217337,0.246364784179521,0.203596231699202,0.293116508122462,0.336397501668275,0.362647770942231,0.250104062754128,0.995504712808594,1.10231616310775,0,0,0,0.0043
"gaussian_phi055_N729_M9_Q81","gaussian_phi055_N729","gaussian","Gaussian","inside formal moment assumptions","regular",0.55,"phi = 0.55",729,9,81,4,100000,20000,"raw",0.92156,-0.0284399999999999,0.000850218597773537,-0.02787,0.000537899176756428,0.07844,1.2399260855615,0.92105,0.00190678915326263,20000,0.244942637316799,0.000138344020391625,0.0195647989911056,0.244614850105052,0.231620569348664,0.258078076553611,0.270357101683831,0.277505540963635,0.244942637316799,0.910040547206429,1,0,0,0,0
"gaussian_phi055_N729_M9_Q81","gaussian_phi055_N729","gaussian","Gaussian","inside formal moment assumptions","regular",0.55,"phi = 0.55",729,9,81,4,100000,20000,"K_leading",0.92428,-0.02572,0.000836579234741097,-0.02515,0.000517858529691814,0.07572,1.21696449138444,0.92405,0.00187325382022832,20000,0.247293244672496,0.00013968602508041,0.0197545871142704,0.246963328650757,0.233838512997139,0.260553690840154,0.272951535451686,0.280187565697035,0.247293244672496,0.918773808298413,1.00959656261338,0,0,0,0
"gaussian_phi055_N729_M9_Q81","gaussian_phi055_N729","gaussian","Gaussian","inside formal moment assumptions","regular",0.55,"phi = 0.55",729,9,81,4,100000,20000,"V_oracle",0.94734,-0.00266,0.000706306763382597,-0.00209,0.000394788395952535,0.05266,1.02587499630811,0.94615,0.0015960917501823,20000,0.269899271372361,0.000152630166885913,0.0215851652037326,0.269539353263786,0.2551667862855,0.284389371809094,0.297901953856625,0.305811666930465,0.269899271372361,1.00276245614456,1.10188766777784,0,0,0,0
"gaussian_phi055_N729_M9_Q81","gaussian_phi055_N729","gaussian","Gaussian","inside formal moment assumptions","regular",0.55,"phi = 0.55",729,9,81,4,100000,20000,"V_feasible",0.94194,-0.00805999999999996,0.000739520360774468,-0.00749,0.000424429971147189,0.05806,1.07009994412612,0.9408,0.00166876241568415,20000,0.264733683197097,0.000162894279901339,0.0230367299869473,0.264369217371914,0.249091071001337,0.280320985986953,0.294640210351348,0.30312212866913,0.264733683197097,0.983570637434863,1.08079869677692,0,0,0,0
"gaussian_phi055_N729_M9_Q81","gaussian_phi055_N729","gaussian","Gaussian","inside formal moment assumptions","regular",0.55,"phi = 0.55",729,9,81,4,100000,20000,"VK_leading_oracle",0.94928,-0.000719999999999943,0.000693883863481491,-0.00015,0.00039051414828787,0.05072,1.00687731119129,0.94795,0.00157068134101096,20000,0.27250151286677,0.000154125083452014,0.0217965783319723,0.272133356393117,0.257611245774547,0.287153574450308,0.30078777312842,0.308774188797952,0.27250151286677,1.01243061886004,1.11251154903802,0,0,0,0
"gaussian_phi055_N729_M9_Q81","gaussian_phi055_N729","gaussian","Gaussian","inside formal moment assumptions","regular",0.55,"phi = 0.55",729,9,81,4,100000,20000,"F_feasible_leading",0.94444,-0.00556000000000001,0.000724383092016925,-0.00499,0.000416956517549942,0.0555600000000001,1.05028327849415,0.9431,0.00163802304623592,20000,0.26729884901449,0.000164492239228277,0.0232627155621749,0.266933117579324,0.251495814373978,0.283020611036359,0.297491669655395,0.306052294017851,0.26729884901449,0.993101052105447,1.09127121330362,0,0,0,0
"gaussian_phi055_N729_M27_Q27","gaussian_phi055_N729","gaussian","Gaussian","inside formal moment assumptions","regular",0.55,"phi = 0.55",729,27,27,12,100000,20000,"raw",0.93038,-0.01962,0.000804817094748863,-0.01905,0.000570678746531109,0.06962,1.16854589718933,0.9287,0.0018195646457326,20000,0.259427862970145,0.000258912010301023,0.036615687642899,0.258330225123977,0.234210242880078,0.283822127985961,0.307053319987156,0.321683082714688,0.259427862970145,0.963857811625489,1,0,0,0,0
"gaussian_phi055_N729_M27_Q27","gaussian_phi055_N729","gaussian","Gaussian","inside formal moment assumptions","regular",0.55,"phi = 0.55",729,27,27,12,100000,20000,"K_leading",0.93777,-0.01223,0.000763920330270114,-0.01166,0.00054556706318674,0.06223,1.10362668067881,0.9359,0.00173192364150386,20000,0.267241072351701,0.000266940120097878,0.0377510338183921,0.266123570034477,0.241254200823391,0.292309930254413,0.316292718962211,0.331492178499048,0.267241072351701,0.992886393251454,1.03011707875979,0,0,0,0
"gaussian_phi055_N729_M27_Q27","gaussian_phi055_N729","gaussian","Gaussian","inside formal moment assumptions","regular",0.55,"phi = 0.55",729,27,27,12,100000,20000,"V_oracle",0.93784,-0.0121599999999999,0.000763519052807459,-0.01159,0.000545306970977747,0.06216,1.10267697460279,0.936,0.00173066461222271,20000,0.267360634261866,0.000267063183087307,0.0377684375532599,0.266245462047261,0.241359415119437,0.292438370917459,0.316439349382485,0.331642066032905,0.267360634261866,0.993330604138308,1.03057794641215,0,0,0,0
"gaussian_phi055_N729_M27_Q27","gaussian_phi055_N729","gaussian","Gaussian","inside formal moment assumptions","regular",0.55,"phi = 0.55",729,27,27,12,100000,20000,"V_feasible",0.93735,-0.0126499999999999,0.000766322239661619,-0.01208,0.00057038933145694,0.06265,1.11060314610635,0.9356,0.00173569352133376,20000,0.269116743588502,0.000302760336229114,0.0428167773643851,0.267699436231616,0.239528551773748,0.297543820664163,0.324684487446488,0.341416248796609,0.269116743588502,0.99985511416267,1.03734710877787,0,0,0,0
"gaussian_phi055_N729_M27_Q27","gaussian_phi055_N729","gaussian","Gaussian","inside formal moment assumptions","regular",0.55,"phi = 0.55",729,27,27,12,100000,20000,"VK_leading_oracle",0.94487,-0.00512999999999997,0.000721738755367896,-0.00456,0.000527062464939802,0.05513,1.04141714268041,0.9428,0.00164207429795366,20000,0.27542660770761,0.000275380586999595,0.0389446960949091,0.274283227382028,0.248650578146502,0.301257263733222,0.326054794038076,0.34162926586018,0.27542660770761,1.02329828542372,1.06166933865275,0,0,0,0
"gaussian_phi055_N729_M27_Q27","gaussian_phi055_N729","gaussian","Gaussian","inside formal moment assumptions","regular",0.55,"phi = 0.55",729,27,27,12,100000,20000,"F_feasible_leading",0.94414,-0.00585999999999998,0.0007262207680864,-0.00529,0.000554818201965628,0.05586,1.04890297132266,0.94185,0.00165481989201242,20000,0.277424562723009,0.000312317895453449,0.044168420352209,0.275934921503075,0.246895251547131,0.306709279241602,0.334765467134979,0.351987564322635,0.277424562723009,1.03072132983699,1.06937072813545,0,0,0,0
"gaussian_phi055_N729_M81_Q9","gaussian_phi055_N729","gaussian","Gaussian","inside formal moment assumptions","regular",0.55,"phi = 0.55",729,81,9,12,100000,20000,"raw",0.88974,-0.06026,0.000990468234725375,-0.05969,0.000856199958995384,0.11026,1.63455467719701,0.8867,0.00224123972390282,20000,0.242844413850447,0.00044037447550085,0.0622783555776241,0.239376669747073,0.199117487081963,0.282868260838989,0.325624152140942,0.350115126199491,0.242844413850447,0.902244973302281,1,0,0,0,0.0038
"gaussian_phi055_N729_M81_Q9","gaussian_phi055_N729","gaussian","Gaussian","inside formal moment assumptions","regular",0.55,"phi = 0.55",729,81,9,12,100000,20000,"K_leading",0.91336,-0.03664,0.0008895701793563,-0.03607,0.000777750345519692,0.0866400000000001,1.36212889766417,0.91065,0.00201700988470558,20000,0.265223165059673,0.000482226549032078,0.0681971325777538,0.261304797694523,0.217372757937538,0.309084135391706,0.355778831046739,0.382774776550444,0.265223165059673,0.985389219723945,1.09215262914389,0,0,0,0.0038
"gaussian_phi055_N729_M81_Q9","gaussian_phi055_N729","gaussian","Gaussian","inside formal moment assumptions","regular",0.55,"phi = 0.55",729,81,9,12,100000,20000,"V_oracle",0.89226,-0.0577399999999999,0.000980469746601087,-0.05717,0.00084641779000134,0.10774,1.60620481706459,0.8893,0.00221862017930064,20000,0.244918832412981,0.000444239096169486,0.0628248954739253,0.241414461300134,0.200802586709303,0.285280289139501,0.328419264547448,0.35316137176066,0.244918832412981,0.909952104345138,1.00854217121836,0,0,0,0.0038
"gaussian_phi055_N729_M81_Q9","gaussian_phi055_N729","gaussian","Gaussian","inside formal moment assumptions","regular",0.55,"phi = 0.55",729,81,9,12,100000,20000,"V_feasible",0.89163,-0.0583699999999999,0.000982984959701826,-0.0578,0.000852290363660554,0.10837,1.61076930842051,0.8881,0.00222910733254368,20000,0.245318967867561,0.000452294836882043,0.0639641492509912,0.241577625920805,0.20035997945576,0.286302323397099,0.330511053587268,0.355843759249592,0.245318967867561,0.911438736039938,1.01018987415802,0,0,0,0.0038
"gaussian_phi055_N729_M81_Q9","gaussian_phi055_N729","gaussian","Gaussian","inside formal moment assumptions","regular",0.55,"phi = 0.55",729,81,9,12,100000,20000,"VK_leading_oracle",0.91548,-0.03452,0.00087963838933962,-0.03395,0.000770441374018236,0.08452,1.3385040142205,0.9129,0.00199391060481657,20000,0.267459559662164,0.000486428887479154,0.0687914329803076,0.263488921648879,0.219177864325507,0.311683090000157,0.358831594452861,0.38617198013456,0.267459559662164,0.993698143764754,1.10136179548637,0,0,0,0.0038
"gaussian_phi055_N729_M81_Q9","gaussian_phi055_N729","gaussian","Gaussian","inside formal moment assumptions","regular",0.55,"phi = 0.55",729,81,9,12,100000,20000,"F_feasible_leading",0.91517,-0.0348299999999999,0.000881100851775777,-0.03426,0.000773736719230196,0.08483,1.34230775701709,0.9124,0.00199907778738097,20000,0.268033438596824,0.000495511540116286,0.0700759140344831,0.263818538220296,0.218868366081625,0.313071690947915,0.36143977121311,0.38922963254531,0.268033438596824,0.995830288276014,1.10372495025514,0,0,0,0.0038
"gaussian_phi060_N729_M9_Q81","gaussian_phi060_N729","gaussian","Gaussian","inside formal moment assumptions","regular",0.6,"phi = 0.60",729,9,81,4,100000,20000,"raw",0.917,-0.0329999999999999,0.000872416185085994,-0.03348,0.000577229787816152,0.083,1.27668153238012,0.9188,0.00193140570569728,20000,0.258649123649231,0.000146468982562542,0.0207138421606935,0.258148968809173,0.244494672532746,0.27248232909587,0.285560867492591,0.293322510192371,0.258649123649231,0.891920033666882,1,0,0,0,0
"gaussian_phi060_N729_M9_Q81","gaussian_phi060_N729","gaussian","Gaussian","inside formal moment assumptions","regular",0.6,"phi = 0.60",729,9,81,4,100000,20000,"K_leading",0.91991,-0.03009,0.00085834487183183,-0.03057,0.000555659822713849,0.08009,1.25303928178049,0.9218,0.00189848307867097,20000,0.261131209255935,0.000147889045598735,0.0209146694012144,0.260613595908429,0.246839144568207,0.27508858063194,0.288323981244711,0.296156969257284,0.261131209255935,0.900479203892015,1.00959634261151,0,0,0,0
"gaussian_phi060_N729_M9_Q81","gaussian_phi060_N729","gaussian","Gaussian","inside formal moment assumptions","regular",0.6,"phi = 0.60",729,9,81,4,100000,20000,"V_oracle",0.94832,-0.0016799999999999,0.000700065551216455,-0.00216,0.000390838677140218,0.0516799999999999,1.01599979975437,0.9491,0.00155417486146186,20000,0.290749180138527,0.000164893629822066,0.0233194807643294,0.290162852383847,0.274811855750251,0.306313800708587,0.320959621693244,0.329698388186944,0.290749180138527,1.00261317293098,1.12410657355572,0,0,0,0
"gaussian_phi060_N729_M9_Q81","gaussian_phi060_N729","gaussian","Gaussian","inside formal moment assumptions","regular",0.6,"phi = 0.60",729,9,81,4,100000,20000,"V_feasible",0.94028,-0.00971999999999995,0.000749356534634883,-0.0102,0.000430303906111153,0.05972,1.08431868116716,0.9418,0.0016554872394555,20000,0.281753355829079,0.000172228656651126,0.0243568102065322,0.281132345114342,0.26515058267155,0.297975123253922,0.313384987373044,0.322789332339075,0.281753355829079,0.971592167300879,1.08932654344185,0,0,0,0
"gaussian_phi060_N729_M9_Q81","gaussian_phi060_N729","gaussian","Gaussian","inside formal moment assumptions","regular",0.6,"phi = 0.60",729,9,81,4,100000,20000,"VK_leading_oracle",0.95031,0.000310000000000032,0.000687174678666204,-0.00017,0.000386653858136784,0.04969,0.997184988647804,0.95095,0.00152715581228636,20000,0.293555390526433,0.000166511173445281,0.0235482359772975,0.292965514598667,0.277466509540616,0.309267935223282,0.324066334289984,0.332911727826544,0.293555390526433,1.01229004802858,1.13495606087783,0,0,0,0
"gaussian_phi060_N729_M9_Q81","gaussian_phi060_N729","gaussian","Gaussian","inside formal moment assumptions","regular",0.6,"phi = 0.60",729,9,81,4,100000,20000,"F_feasible_leading",0.94276,-0.00723999999999991,0.000734599090661021,-0.00772,0.000422144285828886,0.05724,1.06423870558999,0.9439,0.00162715687627223,20000,0.284482778919956,0.000173917620561373,0.0245956657733552,0.283853637894256,0.267728485105554,0.300860267123526,0.316435854987329,0.325951659601057,0.284482778919956,0.981004250747206,1.09987915252232,0,0,0,0
"gaussian_phi060_N729_M27_Q27","gaussian_phi060_N729","gaussian","Gaussian","inside formal moment assumptions","regular",0.6,"phi = 0.60",729,27,27,12,100000,20000,"raw",0.93001,-0.01999,0.000806792413821548,-0.02047,0.00057507660196793,0.06999,1.17089864590415,0.93155,0.00178556150132108,20000,0.277812221761838,0.000275999118845475,0.0390321697074294,0.27665835373336,0.250820472357201,0.303656352540424,0.328056214440879,0.344156779001231,0.277812221761838,0.958001645978617,1,0,0,0,0
"gaussian_phi060_N729_M27_Q27","gaussian_phi060_N729","gaussian","Gaussian","inside formal moment assumptions","regular",0.6,"phi = 0.60",729,27,27,12,100000,20000,"K_leading",0.93738,-0.01262,0.000766151000782483,-0.0131,0.000547801881038217,0.06262,1.1058487211317,0.9391,0.00169102321095838,20000,0.286183446074755,0.000284583083430212,0.040246125620896,0.284933435950272,0.258296356795349,0.312817652529008,0.337894786277278,0.354463028552696,0.286183446074755,0.986868794514313,1.03013267112522,0,0,0,0
"gaussian_phi060_N729_M27_Q27","gaussian_phi060_N729","gaussian","Gaussian","inside formal moment assumptions","regular",0.6,"phi = 0.60",729,27,27,12,100000,20000,"V_oracle",0.93888,-0.0111199999999999,0.000757524558017758,-0.0116,0.0005437438335959,0.06112,1.09239598361273,0.94045,0.00167337678811438,20000,0.288010430901502,0.000286460630315839,0.0405116508478605,0.286758660100745,0.259941492450828,0.314812147570881,0.340087988221135,0.356729848746616,0.288010430901502,0.993168929404353,1.0367090010475,0,0,0,0
"gaussian_phi060_N729_M27_Q27","gaussian_phi060_N729","gaussian","Gaussian","inside formal moment assumptions","regular",0.6,"phi = 0.60",729,27,27,12,100000,20000,"V_feasible",0.93807,-0.01193,0.000762198629623539,-0.01241,0.000568826119856979,0.06193,1.09986954475962,0.9396,0.00168451536057111,20000,0.289702549321375,0.000322544610320637,0.0456146962385789,0.288121831118854,0.257917487165868,0.319897035139033,0.348291950965904,0.367262741228408,0.289702549321375,0.999003993899172,1.04279987210113,0,0,0,0
"gaussian_phi060_N729_M27_Q27","gaussian_phi060_N729","gaussian","Gaussian","inside formal moment assumptions","regular",0.6,"phi = 0.60",729,27,27,12,100000,20000,"VK_leading_oracle",0.94545,-0.00454999999999994,0.000718152473364814,-0.00503,0.00052426113674141,0.05455,1.03170731785646,0.9466,0.00158978677815611,20000,0.296707077571707,0.000295418916477689,0.0417785438264313,0.295423679598026,0.267698422702952,0.324370548441224,0.350406680453271,0.36748189829211,0.296707077571707,1.02315825734578,1.06801304741037,0,0,0,0
"gaussian_phi060_N729_M27_Q27","gaussian_phi060_N729","gaussian","Gaussian","inside formal moment assumptions","regular",0.6,"phi = 0.60",729,27,27,12,100000,20000,"F_feasible_leading",0.94472,-0.00527999999999995,0.000722662587934369,-0.00576,0.000552694561862868,0.05528,1.03876568116186,0.94585,0.00160027774932978,20000,0.298643411736939,0.000332754426409207,0.0470585822767581,0.297003049236101,0.265839553458041,0.329744589093876,0.359078298977346,0.378626664029688,0.298643411736939,1.0298354701253,1.07498298614435,0,0,0,0
"gaussian_phi060_N729_M81_Q9","gaussian_phi060_N729","gaussian","Gaussian","inside formal moment assumptions","regular",0.6,"phi = 0.60",729,81,9,12,100000,20000,"raw",0.88903,-0.06097,0.000993255551708623,-0.06145,0.000858455790628408,0.11097,1.63422942376066,0.891,0.00220362201840515,20000,0.261123411855821,0.000471170303354711,0.0666335433191677,0.258176606282146,0.214030684574115,0.30488487608994,0.34828120589818,0.376616002599986,0.261123411855821,0.900452315506416,1,0,0,0,0.00374
"gaussian_phi060_N729_M81_Q9","gaussian_phi060_N729","gaussian","Gaussian","inside formal moment assumptions","regular",0.6,"phi = 0.60",729,81,9,12,100000,20000,"K_leading",0.91296,-0.03704,0.000891426039556844,-0.03752,0.0007799542161472,0.08704,1.36185785313389,0.9165,0.00195611541070562,20000,0.285207044883235,0.000516007215641606,0.0729744402642737,0.281999550794098,0.233582992466664,0.332942845706722,0.380683268062791,0.411541123656959,0.285207044883235,0.983501793801818,1.09223084539318,0,0,0,0.00374
"gaussian_phi060_N729_M81_Q9","gaussian_phi060_N729","gaussian","Gaussian","inside formal moment assumptions","regular",0.6,"phi = 0.60",729,81,9,12,100000,20000,"V_oracle",0.89205,-0.0579499999999999,0.000981309316678487,-0.05843,0.000848744104348034,0.10795,1.60051659397705,0.8944,0.00217311573552814,20000,0.263784829117757,0.000476106449866378,0.0673316198534337,0.260813763801529,0.216198789822225,0.308023487478659,0.351898240978818,0.380554467552952,0.263784829117757,0.909629889125752,1.01019218170834,0,0,0,0.00374
"gaussian_phi060_N729_M81_Q9","gaussian_phi060_N729","gaussian","Gaussian","inside formal moment assumptions","regular",0.6,"phi = 0.60",729,81,9,12,100000,20000,"V_feasible",0.89173,-0.0582699999999999,0.000982586419100121,-0.05875,0.000851934054323648,0.10827,1.60482090970469,0.8939,0.00217764540272286,20000,0.264166995480453,0.000484127063147235,0.0684659058614676,0.260942590250947,0.215555686404941,0.308934048296359,0.353952254612273,0.383104138250062,0.264166995480453,0.910947743330216,1.0116557286189,0,0,0,0.00374
"gaussian_phi060_N729_M81_Q9","gaussian_phi060_N729","gaussian","Gaussian","inside formal moment assumptions","regular",0.6,"phi = 0.60",729,81,9,12,100000,20000,"VK_leading_oracle",0.91544,-0.0345599999999999,0.000879827292143179,-0.03504,0.000771963692980073,0.08456,1.33376382831421,0.9189,0.00193032108728056,20000,0.288076655990884,0.000521375463608654,0.0737336251723918,0.28473925546315,0.235910332279735,0.336368215739196,0.384630177788434,0.415729253993006,0.288076655990884,0.993397298567634,1.10322032767381,0,0,0,0.00374
"gaussian_phi060_N729_M81_Q9","gaussian_phi060_N729","gaussian","Gaussian","inside formal moment assumptions","regular",0.6,"phi = 0.60",729,81,9,12,100000,20000,"F_feasible_leading",0.91514,-0.03486,0.000881242193724291,-0.03534,0.000775704106711194,0.08486,1.33735075808724,0.91845,0.00193519504830908,20000,0.28863349772947,0.000530425836847666,0.0750135412303067,0.285038290583238,0.235393591608957,0.337554542843251,0.386913077123816,0.419114186827035,0.28863349772947,0.99531749955351,1.1053528125959,0,0,0,0.00374
"gaussian_phi065_N729_M9_Q81","gaussian_phi065_N729","gaussian","Gaussian","inside formal moment assumptions","regular",0.65,"phi = 0.65",729,9,81,4,100000,20000,"raw",0.90793,-0.0420699999999999,0.000914292705319254,-0.04233,0.000641237727257395,0.09207,1.35794768771975,0.90605,0.00206304868459278,20000,0.273722000293216,0.000158287984668214,0.0223853014678493,0.273552766602579,0.258351031818707,0.288666783551407,0.302623026345252,0.311089170623737,0.273722000293216,0.869679033123305,1,0,0,0,0
"gaussian_phi065_N729_M9_Q81","gaussian_phi065_N729","gaussian","Gaussian","inside formal moment assumptions","regular",0.65,"phi = 0.65",729,9,81,4,100000,20000,"K_leading",0.91095,-0.0390499999999999,0.000900666961201531,-0.03931,0.000620524850034948,0.08905,1.33280050831753,0.90885,0.00203521101485816,20000,0.276348586643457,0.000159822083265657,0.0226022557721015,0.276164747209402,0.260830616206367,0.291432200033943,0.305536341541749,0.314072442365286,0.276348586643457,0.878024314375982,1.00959581746234,0,0,0,0
"gaussian_phi065_N729_M9_Q81","gaussian_phi065_N729","gaussian","Gaussian","inside formal moment assumptions","regular",0.65,"phi = 0.65",729,9,81,4,100000,20000,"V_oracle",0.94794,-0.00205999999999995,0.000702493817766391,-0.00232,0.000402427379135609,0.05206,1.0285082130285,0.94615,0.0015960917501823,20000,0.31561642112236,0.000182855939569558,0.0258597349699745,0.315371787190435,0.297862919885632,0.332897765068961,0.348837755128483,0.358981115348197,0.31561642112236,1.00278744005048,1.15305463493715,0,0,0,0
"gaussian_phi065_N729_M9_Q81","gaussian_phi065_N729","gaussian","Gaussian","inside formal moment assumptions","regular",0.65,"phi = 0.65",729,9,81,4,100000,20000,"V_feasible",0.93562,-0.0143799999999999,0.000776113494277738,-0.01464,0.000462232452980539,0.06438,1.13529027239774,0.9345,0.00174942490550466,20000,0.300522449873734,0.000185796461086296,0.0262755875109164,0.300339139943432,0.282466830807654,0.317934142893946,0.334365228337004,0.344341979373119,0.300522449873734,0.954830351079066,1.09791120023896,0,0,0,0
"gaussian_phi065_N729_M9_Q81","gaussian_phi065_N729","gaussian","Gaussian","inside formal moment assumptions","regular",0.65,"phi = 0.65",729,9,81,4,100000,20000,"VK_leading_oracle",0.95008,8.000000000008e-05,0.000688679850148093,-0.00018,0.000399000335855348,0.04992,1.00946176463908,0.94875,0.00155922156058721,20000,0.318666804599125,0.00018465420037284,0.026114047451643,0.318428829080725,0.300740036662811,0.336116079293117,0.352219221297586,0.36246678731016,0.318666804599125,1.01247922423256,1.16419872811744,0,0,0,0
"gaussian_phi065_N729_M9_Q81","gaussian_phi065_N729","gaussian","Gaussian","inside formal moment assumptions","regular",0.65,"phi = 0.65",729,9,81,4,100000,20000,"F_feasible_leading",0.93802,-0.01198,0.000762485931673497,-0.01224,0.000448891789898624,0.06198,1.11426637846445,0.93655,0.00172371832820795,20000,0.303432894053784,0.000187618120611006,0.0265332090715035,0.303239812612107,0.285194944644059,0.321021539423512,0.337603220674724,0.347697585027887,0.303432894053784,0.964077515273957,1.10854404735002,0,0,0,0
"gaussian_phi065_N729_M27_Q27","gaussian_phi065_N729","gaussian","Gaussian","inside formal moment assumptions","regular",0.65,"phi = 0.65",729,27,27,12,100000,20000,"raw",0.92745,-0.02255,0.000820283472343555,-0.02281,0.000593043468900518,0.07255,1.20336078794681,0.9273,0.00183595629032937,20000,0.298567689003756,0.000300154511654188,0.0424482581188826,0.297641552597048,0.268790594795943,0.326483647219609,0.353307085465323,0.369999213228491,0.298567689003756,0.948619617043917,1,0,0,0,0
"gaussian_phi065_N729_M27_Q27","gaussian_phi065_N729","gaussian","Gaussian","inside formal moment assumptions","regular",0.65,"phi = 0.65",729,27,27,12,100000,20000,"K_leading",0.93552,-0.0144799999999999,0.000776674510976123,-0.01474,0.000560205732124032,0.06448,1.13650741083866,0.93525,0.00174007812324619,20000,0.307560938382575,0.000309441451195892,0.0437616297041642,0.306571193241677,0.276904215076188,0.336357909295044,0.36401359879647,0.381206014301816,0.307560938382575,0.977193280892749,1.03012130819925,0,0,0,0
"gaussian_phi065_N729_M27_Q27","gaussian_phi065_N729","gaussian","Gaussian","inside formal moment assumptions","regular",0.65,"phi = 0.65",729,27,27,12,100000,20000,"V_oracle",0.93892,-0.01108,0.000757292767692918,-0.01134,0.000548923544011888,0.06108,1.10644999065702,0.9389,0.0016936172826232,20000,0.311876251117693,0.000313908569582633,0.0443933756448898,0.310876674837512,0.280772844447037,0.34107010390114,0.369167692652687,0.386530145112845,0.311876251117693,0.990904042187356,1.04457468977418,0,0,0,0
"gaussian_phi065_N729_M27_Q27","gaussian_phi065_N729","gaussian","Gaussian","inside formal moment assumptions","regular",0.65,"phi = 0.65",729,27,27,12,100000,20000,"V_feasible",0.93795,-0.01205,0.000762887917717931,-0.01231,0.000575141675484805,0.06205,1.1153954367001,0.9383,0.00170136871371258,20000,0.313301328304769,0.000349743626385994,0.0494612179788621,0.311979244710705,0.278691243331319,0.345660628261864,0.377348674832066,0.397217782939746,0.313301328304769,0.995431846853604,1.04934773534998,0,0,0,0
"gaussian_phi065_N729_M27_Q27","gaussian_phi065_N729","gaussian","Gaussian","inside formal moment assumptions","regular",0.65,"phi = 0.65",729,27,27,12,100000,20000,"VK_leading_oracle",0.94584,-0.00415999999999994,0.000715728261283568,-0.00442,0.000529346236478905,0.05416,1.04498054673163,0.9454,0.00160653104545166,20000,0.321293949518221,0.000323683057771085,0.0457756970210262,0.320274877885208,0.289246907522938,0.351336098834017,0.380440340483138,0.398328503166762,0.321293949518221,1.02082628018958,1.07611761537324,0,0,0,0
"gaussian_phi065_N729_M27_Q27","gaussian_phi065_N729","gaussian","Gaussian","inside formal moment assumptions","regular",0.65,"phi = 0.65",729,27,27,12,100000,20000,"F_feasible_leading",0.94464,-0.00535999999999992,0.000723154688846031,-0.00562,0.000555956155530694,0.05536,1.05342902355009,0.94495,0.00161275381723312,20000,0.322955737147884,0.000360756425872594,0.0510186630182267,0.321540897191246,0.287269606224127,0.356274043821937,0.389123699134933,0.409615640488833,0.322955737147884,1.02610616948409,1.08168348097379,0,0,0,0
"gaussian_phi065_N729_M81_Q9","gaussian_phi065_N729","gaussian","Gaussian","inside formal moment assumptions","regular",0.65,"phi = 0.65",729,81,9,12,100000,20000,"raw",0.88693,-0.06307,0.00100142486038644,-0.06333,0.000866487518090243,0.11307,1.66138232757312,0.88705,0.00223821689632618,20000,0.282153448090541,0.000512887325633109,0.0725332211879609,0.278581643489784,0.230635081452329,0.329139065721922,0.377197276635662,0.408425371366772,0.282153448090541,0.89646772150185,1,0,0,0,0.00439
"gaussian_phi065_N729_M81_Q9","gaussian_phi065_N729","gaussian","Gaussian","inside formal moment assumptions","regular",0.65,"phi = 0.65",729,81,9,12,100000,20000,"K_leading",0.91153,-0.03847,0.000898014805557236,-0.03873,0.000790510037925642,0.08847,1.3844852729776,0.9121,0.00200216869918596,20000,0.308173869204127,0.000561766774484661,0.0794458191366796,0.304286872827965,0.251695064134542,0.35962719054427,0.412534207975629,0.446154975166709,0.308173869204127,0.979140705957918,1.09222081562241,0,0,0,0.00439
"gaussian_phi065_N729_M81_Q9","gaussian_phi065_N729","gaussian","Gaussian","inside formal moment assumptions","regular",0.65,"phi = 0.65",729,81,9,12,100000,20000,"V_oracle",0.89077,-0.05923,0.000986401576945212,-0.05949,0.000854468665409681,0.10923,1.6202136853802,0.8906,0.00220716605628122,20000,0.285617978066507,0.000519370924596903,0.0734501405467194,0.281991473455995,0.233444858230256,0.333175077890729,0.381995720639032,0.413423177465885,0.285617978066507,0.907475346305471,1.01227888583114,0,0,0,0.00439
"gaussian_phi065_N729_M81_Q9","gaussian_phi065_N729","gaussian","Gaussian","inside formal moment assumptions","regular",0.65,"phi = 0.65",729,81,9,12,100000,20000,"V_feasible",0.89029,-0.0597099999999999,0.00098830013609227,-0.05997,0.0008584540526048,0.10971,1.62509666865261,0.8904,0.00220893458481685,20000,0.285935954569885,0.000527311346264664,0.0745730857480703,0.282030377626561,0.232971764797091,0.334132004288902,0.38394125881657,0.416135399085671,0.285935954569885,0.908485632280724,1.01340584885615,0,0,0,0.00439
"gaussian_phi065_N729_M81_Q9","gaussian_phi065_N729","gaussian","Gaussian","inside formal moment assumptions","regular",0.65,"phi = 0.65",729,81,9,12,100000,20000,"VK_leading_oracle",0.91438,-0.03562,0.000884811932559683,-0.03588,0.000782644479520435,0.08562,1.35017807115017,0.915,0.0019719913792915,20000,0.311908943100061,0.000568818696562309,0.0804431115209803,0.307867126730829,0.254670776471536,0.363943061058925,0.417446358129964,0.45169521651231,0.311908943100061,0.991007912287624,1.10545855530346,0,0,0,0.00439
"gaussian_phi065_N729_M81_Q9","gaussian_phi065_N729","gaussian","Gaussian","inside formal moment assumptions","regular",0.65,"phi = 0.65",729,81,9,12,100000,20000,"F_feasible_leading",0.91416,-0.03584,0.000885841376319711,-0.0361,0.000785731553229688,0.08584,1.35424722387718,0.91485,0.00197356881688985,20000,0.31239649826702,0.000577781624615723,0.0817106609621515,0.308105747732398,0.254267818815822,0.365149908210033,0.419864973983156,0.454843335819541,0.31239649826702,0.992556989474483,1.10718653406913,0,0,0,0.00439
"gaussian_phi070_N729_M9_Q81","gaussian_phi070_N729","gaussian","Gaussian","inside formal moment assumptions","regular",0.7,"phi = 0.70",729,9,81,4,100000,20000,"raw",0.89591,-0.05409,0.00096568769226909,-0.05375,0.00071485277165641,0.10409,1.45305856245614,0.89405,0.00217628809558845,20000,0.290248666972821,0.000169099199885796,0.0239142381864931,0.289863713841633,0.273939750211425,0.306251513418279,0.320996025764152,0.330288207706761,0.290248666972821,0.841417041656745,1,0,0,0,0
"gaussian_phi070_N729_M9_Q81","gaussian_phi070_N729","gaussian","Gaussian","inside formal moment assumptions","regular",0.7,"phi = 0.70",729,9,81,4,100000,20000,"K_leading",0.89933,-0.05067,0.000951501713608546,-0.05033,0.000693522689417735,0.10067,1.4261500705588,0.8978,0.00214190522666153,20000,0.293033937909448,0.000170737039211941,0.0241458636452954,0.292652360724564,0.276555775853512,0.309202787737938,0.324068874832679,0.333484411860121,0.293033937909448,0.849491409253853,1.00959615410357,0,0,0,0
"gaussian_phi070_N729_M9_Q81","gaussian_phi070_N729","gaussian","Gaussian","inside formal moment assumptions","regular",0.7,"phi = 0.70",729,9,81,4,100000,20000,"V_oracle",0.94661,-0.00339,0.000710911442445542,-0.00305,0.000400260636443019,0.05339,1.03162920661128,0.9447,0.00161619785298707,20000,0.346006430408232,0.000202053017357286,0.0285746117465081,0.345521226576842,0.326494823033896,0.365023676178848,0.382710682955542,0.393863158119802,0.346006430408232,1.00305613839586,1.19210342640655,0,0,0,0
"gaussian_phi070_N729_M9_Q81","gaussian_phi070_N729","gaussian","Gaussian","inside formal moment assumptions","regular",0.7,"phi = 0.70",729,9,81,4,100000,20000,"V_feasible",0.92741,-0.02259,0.000820491876254726,-0.02225,0.000508283344719838,0.07259,1.19599381354503,0.9251,0.0018613166039124,20000,0.321137558728323,0.000198269282640785,0.0280395108512582,0.320656812743142,0.302064049395362,0.339851949161225,0.357202458621114,0.36806300219627,0.321137558728323,0.930962465558397,1.10642216578516,0,0,0,0
"gaussian_phi070_N729_M9_Q81","gaussian_phi070_N729","gaussian","Gaussian","inside formal moment assumptions","regular",0.7,"phi = 0.70",729,9,81,4,100000,20000,"VK_leading_oracle",0.94885,-0.00114999999999998,0.000696661162258957,-0.00081,0.000397863069347005,0.05115,1.01252496204441,0.947,0.00158415592666884,20000,0.349357272159833,0.000204046624182016,0.0288565503274653,0.348861911455779,0.32967687484308,0.368540368242519,0.386432637546939,0.397693086415063,0.349357272159833,1.01277006880973,1.20364815385198,0,0,0,0
"gaussian_phi070_N729_M9_Q81","gaussian_phi070_N729","gaussian","Gaussian","inside formal moment assumptions","regular",0.7,"phi = 0.70",729,9,81,4,100000,20000,"F_feasible_leading",0.92984,-0.02016,0.000807697804875066,-0.01982,0.000491196588690198,0.07016,1.17384577996087,0.9274,0.00183479208631387,20000,0.32424708334356,0.000200211908191945,0.0283142395913646,0.323776183908209,0.304990175000803,0.343118753237797,0.360662029885684,0.371647121546685,0.32424708334356,0.939976829103971,1.11713547808963,0,0,0,0
"gaussian_phi070_N729_M27_Q27","gaussian_phi070_N729","gaussian","Gaussian","inside formal moment assumptions","regular",0.7,"phi = 0.70",729,27,27,12,100000,20000,"raw",0.92302,-0.02698,0.000842935819620925,-0.02664,0.000606223373904199,0.07698,1.23266916528168,0.923,0.00188508620492539,20000,0.324292035105058,0.00032172669409187,0.0454990254162183,0.322826767265466,0.292984793111642,0.354438302150891,0.383645788935415,0.400905175345878,0.324292035105058,0.940107142116504,1,0,0,0,0
"gaussian_phi070_N729_M27_Q27","gaussian_phi070_N729","gaussian","Gaussian","inside formal moment assumptions","regular",0.7,"phi = 0.70",729,27,27,12,100000,20000,"K_leading",0.93094,-0.01906,0.000801814918793608,-0.01872,0.000573322686616385,0.06906,1.16418754498826,0.9299,0.00180535301257123,20000,0.334066045848165,0.000331736592282554,0.0469146387941422,0.332539718400959,0.301750260323696,0.365123364169653,0.395213976122339,0.412959776397759,0.334066045848165,0.968441533072919,1.03013953376912,0,0,0,0
"gaussian_phi070_N729_M27_Q27","gaussian_phi070_N729","gaussian","Gaussian","inside formal moment assumptions","regular",0.7,"phi = 0.70",729,27,27,12,100000,20000,"V_oracle",0.93701,-0.0129899999999999,0.000768259460729251,-0.01265,0.000549638786866393,0.06299,1.11153712673943,0.93565,0.00173506595695956,20000,0.342207823142478,0.000340102858626651,0.048097807527167,0.34060871622578,0.309072791519728,0.374134399905155,0.404848471992624,0.423219237257198,0.342207823142478,0.992044157113395,1.05524584663825,0,0,0,0
"gaussian_phi070_N729_M27_Q27","gaussian_phi070_N729","gaussian","Gaussian","inside formal moment assumptions","regular",0.7,"phi = 0.70",729,27,27,12,100000,20000,"V_feasible",0.93561,-0.0143899999999999,0.000776169619992949,-0.01405,0.000575090673105401,0.0643899999999999,1.12344925504116,0.93435,0.00175128634865918,20000,0.343020597812965,0.000373851081150886,0.0528705269271428,0.341564073490932,0.306509048016237,0.378094163731478,0.412076418376165,0.43192268938631,0.343020597812965,0.994400352116485,1.05775215139601,0,0,0,0
"gaussian_phi070_N729_M27_Q27","gaussian_phi070_N729","gaussian","Gaussian","inside formal moment assumptions","regular",0.7,"phi = 0.70",729,27,27,12,100000,20000,"VK_leading_oracle",0.94433,-0.00566999999999995,0.000725057591505668,-0.00533,0.000528978930759148,0.05567,1.0497850641428,0.94265,0.00164409515387644,20000,0.352554242331958,0.000350772756514156,0.0496067589573315,0.35090493877102,0.318391159879272,0.385444334636153,0.417165481378522,0.436044505345271,0.352554242331958,1.02203793285386,1.08715048218111,0,0,0,0
"gaussian_phi070_N729_M27_Q27","gaussian_phi070_N729","gaussian","Gaussian","inside formal moment assumptions","regular",0.7,"phi = 0.70",729,27,27,12,100000,20000,"F_feasible_leading",0.9434,-0.00659999999999994,0.000730728677417275,-0.00626,0.000554807355856086,0.0566,1.06103540753887,0.94185,0.00165481989201242,20000,0.353584799093245,0.000385695560472709,0.0545455892567597,0.352069675685397,0.315819118643604,0.389741745853,0.424776768213309,0.445509698273175,0.353584799093245,1.0250254677507,1.09032834857846,0,0,0,0
"gaussian_phi070_N729_M81_Q9","gaussian_phi070_N729","gaussian","Gaussian","inside formal moment assumptions","regular",0.7,"phi = 0.70",729,81,9,12,100000,20000,"raw",0.88579,-0.06421,0.00100581348121806,-0.06387,0.00087184507347253,0.11421,1.68098720090899,0.88665,0.00224167100061539,20000,0.308480180074484,0.000551700021805766,0.0780221653199246,0.304656706042033,0.253341594445817,0.360099500259676,0.411332683497596,0.442831345105028,0.308480180074484,0.89426932855584,1,0,0,0,0.00437
"gaussian_phi070_N729_M81_Q9","gaussian_phi070_N729","gaussian","Gaussian","inside formal moment assumptions","regular",0.7,"phi = 0.70",729,81,9,12,100000,20000,"K_leading",0.90937,-0.0406299999999999,0.000907833702282527,-0.04029,0.000795910480980705,0.09063,1.40082266742416,0.9085,0.00203872202617228,20000,0.336938105259444,0.000604274087846233,0.0854572610422774,0.332676653717475,0.276376882063963,0.393219728850363,0.450021218421674,0.484083976477473,0.336938105259444,0.976767496318522,1.09225203764498,0,0,0,0.00437
"gaussian_phi070_N729_M81_Q9","gaussian_phi070_N729","gaussian","Gaussian","inside formal moment assumptions","regular",0.7,"phi = 0.70",729,81,9,12,100000,20000,"V_oracle",0.89013,-0.05987,0.000988931661440769,-0.05953,0.000857128425436572,0.10987,1.63015684196255,0.8911,0.00220273455050762,20000,0.313122248922371,0.000560244527241555,0.0792305408670309,0.309214829751062,0.257115326101527,0.365466674279675,0.417651417593548,0.449484245375196,0.313122248922371,0.907726464734599,1.01504819157836,0,0,0,0.00437
"gaussian_phi070_N729_M81_Q9","gaussian_phi070_N729","gaussian","Gaussian","inside formal moment assumptions","regular",0.7,"phi = 0.70",729,81,9,12,100000,20000,"V_feasible",0.88969,-0.06031,0.000990664947901156,-0.05997,0.000860664509802736,0.11031,1.6362125233849,0.8909,0.00220450890222743,20000,0.313287997613188,0.000567512041995996,0.0802583226600787,0.309066604218015,0.256533157635789,0.366243781727767,0.419123292515683,0.45171610315307,0.313287997613188,0.908206962283613,1.01558549900205,0,0,0,0.00437
"gaussian_phi070_N729_M81_Q9","gaussian_phi070_N729","gaussian","Gaussian","inside formal moment assumptions","regular",0.7,"phi = 0.70",729,81,9,12,100000,20000,"VK_leading_oracle",0.91318,-0.03682,0.000890406017499882,-0.03648,0.000783644203055424,0.08682,1.35846403496879,0.9128,0.00199494561329376,20000,0.34194271034431,0.000613568289845053,0.0867716596940941,0.337571743836325,0.280404716369157,0.399039221988916,0.456871317114057,0.49133943547386,0.34194271034431,0.991275607756505,1.108475462708,0,0,0,0.00437
"gaussian_phi070_N729_M81_Q9","gaussian_phi070_N729","gaussian","Gaussian","inside formal moment assumptions","regular",0.7,"phi = 0.70",729,81,9,12,100000,20000,"F_feasible_leading",0.91268,-0.0373199999999999,0.000892721779727592,-0.03698,0.00078799175459522,0.08732,1.36351043615409,0.9122,0.00200113917556976,20000,0.342264715194097,0.000621797214312431,0.087935405352645,0.337653185873476,0.279868124097438,0.400000707030601,0.458750365997236,0.493878467780074,0.342264715194097,0.992209084457478,1.10951930562105,0,0,0,0.00437
"gaussian_phi075_N729_M9_Q81","gaussian_phi075_N729","gaussian","Gaussian","inside formal moment assumptions","regular",0.75,"phi = 0.75",729,9,81,4,100000,20000,"raw",0.88296,-0.06704,0.00101657089472402,-0.06776,0.000795042228388813,0.11704,1.56182040841229,0.88655,0.00224253313799373,20000,0.308480356901511,0.000184597309641403,0.0261060018872458,0.307881030514852,0.290796062333978,0.325832825691689,0.34205315511174,0.352264951897564,0.308480356901511,0.804985115027663,1,0,0,0,0
"gaussian_phi075_N729_M9_Q81","gaussian_phi075_N729","gaussian","Gaussian","inside formal moment assumptions","regular",0.75,"phi = 0.75",729,9,81,4,100000,20000,"K_leading",0.88658,-0.0634199999999999,0.00100277566583957,-0.06414,0.000775026845126094,0.11342,1.53289780825651,0.8905,0.002208050610833,20000,0.311439446289544,0.00018638523572226,0.0263588528184526,0.310836490244316,0.293588295274286,0.32893281387649,0.345347526429808,0.355623315939504,0.311439446289544,0.812706912730856,1.00959247265451,0,0,0,0
"gaussian_phi075_N729_M9_Q81","gaussian_phi075_N729","gaussian","Gaussian","inside formal moment assumptions","regular",0.75,"phi = 0.75",729,9,81,4,100000,20000,"V_oracle",0.94794,-0.00205999999999995,0.000702493817766391,-0.00278,0.000403886552441985,0.05206,1.01629478409393,0.94825,0.00156639614242375,20000,0.38462220089304,0.000230919878430174,0.0326570023897498,0.38400166638297,0.362491337175124,0.406349288260128,0.426799089906915,0.439377036506429,0.38462220089304,1.00367864501313,1.24682882487665,0,0,0,0
"gaussian_phi075_N729_M9_Q81","gaussian_phi075_N729","gaussian","Gaussian","inside formal moment assumptions","regular",0.75,"phi = 0.75",729,9,81,4,100000,20000,"V_feasible",0.91798,-0.0320199999999999,0.000867713775389097,-0.03274,0.000579555245721086,0.08202,1.26582350834367,0.9192,0.00192706201249467,20000,0.343884732729894,0.000216312397524349,0.0305911926288374,0.343267291789364,0.323161297112259,0.36418213164504,0.383228647229063,0.395059309336503,0.343884732729894,0.897373479184646,1.11477027640916,0,0,0,0
"gaussian_phi075_N729_M9_Q81","gaussian_phi075_N729","gaussian","Gaussian","inside formal moment assumptions","regular",0.75,"phi = 0.75",729,9,81,4,100000,20000,"VK_leading_oracle",0.95023,0.000230000000000063,0.000687698677474372,-0.00049,0.00040261547410923,0.04977,0.997474510314409,0.95045,0.00153451616967694,20000,0.388355542675013,0.000233211843323018,0.0329811351733442,0.387746411673048,0.366001435854468,0.410287382581526,0.430940987004636,0.443629518160192,0.388355542675013,1.01342086845318,1.25893118957653,0,0,0,0
"gaussian_phi075_N729_M9_Q81","gaussian_phi075_N729","gaussian","Gaussian","inside formal moment assumptions","regular",0.75,"phi = 0.75",729,9,81,4,100000,20000,"F_feasible_leading",0.92116,-0.02884,0.000852198652897316,-0.02956,0.000556834952792698,0.07884,1.24238233226323,0.9219,0.00189737173479527,20000,0.347212172573239,0.000218431670252826,0.0308909030523355,0.346584990435003,0.326296583604106,0.367719738452574,0.386927267293428,0.398935096352734,0.347212172573239,0.906056494116122,1.12555682981167,0,0,0,0
"gaussian_phi075_N729_M27_Q27","gaussian_phi075_N729","gaussian","Gaussian","inside formal moment assumptions","regular",0.75,"phi = 0.75",729,27,27,12,100000,20000,"raw",0.92116,-0.02884,0.000852198652897316,-0.02956,0.00061795297770852,0.07884,1.24994178894179,0.9222,0.00189403220669555,20000,0.355330218100894,0.000354960718108483,0.0501990261658709,0.353932912449633,0.320580421862748,0.388393733787547,0.420486554515349,0.440084912438103,0.355330218100894,0.927240681915042,1,0,0,0,0
"gaussian_phi075_N729_M27_Q27","gaussian_phi075_N729","gaussian","Gaussian","inside formal moment assumptions","regular",0.75,"phi = 0.75",729,27,27,12,100000,20000,"K_leading",0.9294,-0.0206,0.000810034814066655,-0.02132,0.000582458555246368,0.0706,1.18050057844503,0.9302,0.00180177634572108,20000,0.366035622781972,0.000365962969972601,0.051754979546159,0.364552994061794,0.330212922013543,0.400101407884283,0.433257300108812,0.45352145457648,0.366035622781972,0.955176630593181,1.03012804466306,0,0,0,0
"gaussian_phi075_N729_M27_Q27","gaussian_phi075_N729","gaussian","Gaussian","inside formal moment assumptions","regular",0.75,"phi = 0.75",729,27,27,12,100000,20000,"V_oracle",0.93894,-0.01106,0.000757176837997571,-0.01178,0.000549377223912078,0.06106,1.09644290832475,0.94015,0.00167731895446275,20000,0.380377843549889,0.000380763009304961,0.0538480211809069,0.378804244876093,0.343161802156759,0.415746751874785,0.450305259940036,0.471537791056898,0.380377843549889,0.992602917150222,1.0704911211404,0,0,0,0
"gaussian_phi075_N729_M27_Q27","gaussian_phi075_N729","gaussian","Gaussian","inside formal moment assumptions","regular",0.75,"phi = 0.75",729,27,27,12,100000,20000,"V_feasible",0.93679,-0.0132099999999999,0.00076950955744552,-0.01393,0.000574423929366201,0.06321,1.11649761078759,0.93755,0.00171099382669839,20000,0.379339672091316,0.000412323102641964,0.058311292383602,0.377485512716615,0.339135446904482,0.417803161550726,0.45510795621097,0.478320143420593,0.379339672091316,0.989893789802885,1.06756941224628,0,0,0,0
"gaussian_phi075_N729_M27_Q27","gaussian_phi075_N729","gaussian","Gaussian","inside formal moment assumptions","regular",0.75,"phi = 0.75",729,27,27,12,100000,20000,"VK_leading_oracle",0.94595,-0.00405,0.000715042638588777,-0.00477,0.000532236135331901,0.05405,1.03552941341782,0.9472,0.00158133108487755,20000,0.391883364185276,0.0003926881239191,0.0555344870629238,0.390200712221626,0.353492755402462,0.428361641162146,0.464094232780118,0.485804524196207,0.391883364185276,1.0226267829975,1.10287091899964,0,0,0,0
"gaussian_phi075_N729_M27_Q27","gaussian_phi075_N729","gaussian","Gaussian","inside formal moment assumptions","regular",0.75,"phi = 0.75",729,27,27,12,100000,20000,"F_feasible_leading",0.94399,-0.00600999999999996,0.000727137400358419,-0.00673,0.000555562919480391,0.05601,1.05446996574383,0.94505,0.00161137359882803,20000,0.391000179010923,0.000425326356261988,0.0601502301460435,0.389061553334672,0.349551264771562,0.430637679552784,0.469275804123706,0.493233105725905,0.391000179010923,1.02032209518428,1.10038538546108,0,0,0,0
"gaussian_phi075_N729_M81_Q9","gaussian_phi075_N729","gaussian","Gaussian","inside formal moment assumptions","regular",0.75,"phi = 0.75",729,81,9,12,100000,20000,"raw",0.88635,-0.06365,0.00100366168353684,-0.06437,0.000870443914176024,0.11365,1.66138415470615,0.887,0.00223864914624869,20000,0.341529065833945,0.000613635032749453,0.0867810985661535,0.336757906657353,0.280035863984426,0.398135854688904,0.456659237039965,0.490772222572045,0.341529065833945,0.891226323475126,1,0,0,0,0.00439
"gaussian_phi075_N729_M81_Q9","gaussian_phi075_N729","gaussian","Gaussian","inside formal moment assumptions","regular",0.75,"phi = 0.75",729,81,9,12,100000,20000,"K_leading",0.91044,-0.0395599999999999,0.000902989514889292,-0.04028,0.000792831319900405,0.08956,1.38448679558846,0.9108,0.00201548207632814,20000,0.373021209408201,0.00067207035965618,0.0950451017494733,0.367465940708098,0.305703705718741,0.434591188433018,0.499017089232131,0.536339789628425,0.373021209408201,0.973405646243752,1.0922092633532,0,0,0,0.00439
"gaussian_phi075_N729_M81_Q9","gaussian_phi075_N729","gaussian","Gaussian","inside formal moment assumptions","regular",0.75,"phi = 0.75",729,81,9,12,100000,20000,"V_oracle",0.8919,-0.0580999999999999,0.000981908295107033,-0.05882,0.000850181924115681,0.1081,1.59857931956609,0.89285,0.00218710856497797,20000,0.347987141835841,0.000625576803396457,0.0884699199669277,0.343052406670187,0.285315797387311,0.405587207460202,0.465302779884486,0.500018115318877,0.347987141835841,0.908078790534814,1.01890930128048,0,0,0,0.00439
"gaussian_phi075_N729_M81_Q9","gaussian_phi075_N729","gaussian","Gaussian","inside formal moment assumptions","regular",0.75,"phi = 0.75",729,81,9,12,100000,20000,"V_feasible",0.89095,-0.0590499999999999,0.000985688071856406,-0.05977,0.000855559928250446,0.10905,1.60768168068798,0.8916,0.00219828842511623,20000,0.347716757295743,0.000632064247150799,0.0893873830611801,0.342531965277546,0.284518772839066,0.405849141455458,0.466219996067812,0.501694254246185,0.347716757295743,0.907373217148232,1.01811761305495,0,0,0,0.00439
"gaussian_phi075_N729_M81_Q9","gaussian_phi075_N729","gaussian","Gaussian","inside formal moment assumptions","regular",0.75,"phi = 0.75",729,81,9,12,100000,20000,"VK_leading_oracle",0.91481,-0.0351899999999999,0.00088279478872499,-0.03591,0.000778466941563861,0.08519,1.33214943297174,0.91525,0.00196935823937647,20000,0.379982330620909,0.000685057254122052,0.0968817259781478,0.374316217123794,0.311353581483117,0.442781729438355,0.508337306508472,0.546476474117766,0.379982330620909,0.991570818951723,1.1125914852754,0,0,0,0.00439
"gaussian_phi075_N729_M81_Q9","gaussian_phi075_N729","gaussian","Gaussian","inside formal moment assumptions","regular",0.75,"phi = 0.75",729,81,9,12,100000,20000,"F_feasible_leading",0.91426,-0.03574,0.000885373663489038,-0.03646,0.000783270591257064,0.08574,1.33973473390665,0.9147,0.00197514442509909,20000,0.379830748814035,0.000692417716714099,0.097922652580449,0.374002459762324,0.310541536902055,0.443217136630991,0.509671721200679,0.548495286613964,0.379830748814035,0.991175263463303,1.11214765245987,0,0,0,0.00439
"gaussian_phi080_N729_M9_Q81","gaussian_phi080_N729","gaussian","Gaussian","inside formal moment assumptions","regular",0.8,"phi = 0.80",729,9,81,4,100000,20000,"raw",0.85788,-0.09212,0.00110418252838922,-0.09174,0.000912823124411605,0.14212,1.77553680011995,0.8562,0.00248114449397854,20000,0.328086783285337,0.000202621620919264,0.0286550244334044,0.327368983288662,0.308299855763284,0.347091595444078,0.365439728096946,0.376325114590604,0.328086783285337,0.75558108444135,1,0,0,0,0
"gaussian_phi080_N729_M9_Q81","gaussian_phi080_N729","gaussian","Gaussian","inside formal moment assumptions","regular",0.8,"phi = 0.80",729,9,81,4,100000,20000,"K_leading",0.86186,-0.08814,0.00109113399910368,-0.08776,0.000894756855183741,0.13814,1.74265648900662,0.8599,0.00245430224300105,20000,0.331233582000939,0.000204579325961674,0.0289318857356145,0.330511106860378,0.31123991417372,0.350414279129972,0.368960480645292,0.379946790867859,0.331233582000939,0.762828135243714,1.00959136081036,0,0,0,0
"gaussian_phi080_N729_M9_Q81","gaussian_phi080_N729","gaussian","Gaussian","inside formal moment assumptions","regular",0.8,"phi = 0.80",729,9,81,4,100000,20000,"V_oracle",0.94729,-0.00270999999999999,0.000706623350166127,-0.00233,0.000408469557585134,0.05271,1.02264641968195,0.94435,0.00162100397130914,20000,0.435723815097176,0.000270140822865797,0.0382036815447439,0.434787131898939,0.409406651307022,0.461036795254345,0.485642460848719,0.499963402352003,0.435723815097176,1.00346825748759,1.32807487925604,0,0,0,0
"gaussian_phi080_N729_M9_Q81","gaussian_phi080_N729","gaussian","Gaussian","inside formal moment assumptions","regular",0.8,"phi = 0.80",729,9,81,4,100000,20000,"V_feasible",0.89985,-0.0501499999999999,0.000949315424398024,-0.04977,0.00069060425740246,0.10015,1.41757499356358,0.8965,0.00215392374516834,20000,0.368454020832707,0.000237040660798899,0.0335226117335683,0.367612160448269,0.345424380799055,0.390815164958828,0.41230410868974,0.424706580824895,0.368454020832707,0.848546490778419,1.1230382923175,0,0,0,0
"gaussian_phi080_N729_M9_Q81","gaussian_phi080_N729","gaussian","Gaussian","inside formal moment assumptions","regular",0.8,"phi = 0.80",729,9,81,4,100000,20000,"VK_leading_oracle",0.94958,-0.000419999999999976,0.00069193802901705,-4e-05,0.000406203931561894,0.05042,1.00370852302118,0.94685,0.00158627042934047,20000,0.439970875987832,0.000272835688812512,0.038584793141806,0.439016001427819,0.413419473573782,0.465533158175138,0.490417351455143,0.504827169498189,0.439970875987832,1.01324920276468,1.34101981061879,0,0,0,0
"gaussian_phi080_N729_M9_Q81","gaussian_phi080_N729","gaussian","Gaussian","inside formal moment assumptions","regular",0.8,"phi = 0.80",729,9,81,4,100000,20000,"F_feasible_leading",0.90292,-0.04708,0.000936245019212386,-0.0467,0.000671264184919812,0.0970800000000001,1.39132360479388,0.9001,0.00212037720700822,20000,0.372017760135484,0.000239356296358225,0.0338500920549196,0.371183839702087,0.34876756992187,0.394583217313991,0.416317666138723,0.428803233214164,0.372017760135484,0.856753752223379,1.13390047721593,0,0,0,0
"gaussian_phi080_N729_M27_Q27","gaussian_phi080_N729","gaussian","Gaussian","inside formal moment assumptions","regular",0.8,"phi = 0.80",729,27,27,12,100000,20000,"raw",0.91386,-0.0361399999999999,0.000887242359223228,-0.03576,0.000646541881214235,0.08614,1.31051353738757,0.91025,0.00202107567275449,20000,0.39328527885908,0.000396971046696829,0.0561401838108099,0.391177955945834,0.354395111453564,0.430135789706164,0.466516038564448,0.48961834068834,0.39328527885908,0.905732667800652,1,0,0,0,0
"gaussian_phi080_N729_M27_Q27","gaussian_phi080_N729","gaussian","Gaussian","inside formal moment assumptions","regular",0.8,"phi = 0.80",729,27,27,12,100000,20000,"K_leading",0.92202,-0.02798,0.000847933485598959,-0.0276,0.00061121693028037,0.07798,1.23770722975492,0.9183,0.00193681581468141,20000,0.405133554352706,0.000409316001292966,0.0578860240324836,0.402956760109785,0.36503819228011,0.443224939861131,0.48069665279823,0.504496650907121,0.405133554352706,0.933019145959229,1.03012641492201,0,0,0,0
"gaussian_phi080_N729_M27_Q27","gaussian_phi080_N729","gaussian","Gaussian","inside formal moment assumptions","regular",0.8,"phi = 0.80",729,27,27,12,100000,20000,"V_oracle",0.93817,-0.01183,0.000761623601918953,-0.01145,0.00054862736435567,0.0618300000000001,1.10203140866588,0.9354,0.00173820079392457,20000,0.430377985047412,0.00043577006153974,0.0616271931105658,0.427985851687848,0.387662319213866,0.470804294620708,0.510902069735168,0.53608234292425,0.430377985047412,0.991156856138862,1.09431501300007,0,0,0,0
"gaussian_phi080_N729_M27_Q27","gaussian_phi080_N729","gaussian","Gaussian","inside formal moment assumptions","regular",0.8,"phi = 0.80",729,27,27,12,100000,20000,"V_feasible",0.93323,-0.01677,0.00078937802794352,-0.01639,0.000577422733506511,0.06677,1.14365156633346,0.93025,0.0018011793011802,20000,0.424514161424956,0.000460302961550535,0.0650966691025268,0.421913308354308,0.37937290069562,0.4667810691187,0.509921697861733,0.537208881933696,0.424514161424956,0.977652519977367,1.07940516526952,0,0,0,0
"gaussian_phi080_N729_M27_Q27","gaussian_phi080_N729","gaussian","Gaussian","inside formal moment assumptions","regular",0.8,"phi = 0.80",729,27,27,12,100000,20000,"VK_leading_oracle",0.94491,-0.00508999999999993,0.000721492147566417,-0.00471,0.000531677520504542,0.05509,1.04080744151778,0.9424,0.00164745622096613,20000,0.443412392916949,0.000449514187843625,0.0635709060927582,0.440959259370262,0.399313885999213,0.48504196244946,0.526558047955509,0.552643581569221,0.443412392916949,1.02117498711779,1.12745738717525,0,0,0,0
"gaussian_phi080_N729_M27_Q27","gaussian_phi080_N729","gaussian","Gaussian","inside formal moment assumptions","regular",0.8,"phi = 0.80",729,27,27,12,100000,20000,"F_feasible_leading",0.94065,-0.00934999999999997,0.000747178542919964,-0.00897,0.00055650560463025,0.05935,1.08011536820382,0.93785,0.00170715227059568,20000,0.437539589680597,0.000474871203256981,0.0671569296026454,0.434808858552807,0.390983516486917,0.481257557086923,0.525653342092035,0.553750288885549,0.437539589680597,1.00764997098152,1.11252470712837,0,0,0,0
"gaussian_phi080_N729_M81_Q9","gaussian_phi080_N729","gaussian","Gaussian","inside formal moment assumptions","regular",0.8,"phi = 0.80",729,81,9,12,100000,20000,"raw",0.88348,-0.0665199999999999,0.00101460874035265,-0.06614,0.000875935315321152,0.11652,1.68770348153907,0.88085,0.00229077800648601,20000,0.383987624167901,0.000694760779961936,0.098254011762708,0.379003579356861,0.313747440460278,0.447760275842941,0.513003697387733,0.553760518902027,0.383987624167901,0.884320247757469,1,0,0,0,0.00489
"gaussian_phi080_N729_M81_Q9","gaussian_phi080_N729","gaussian","Gaussian","inside formal moment assumptions","regular",0.8,"phi = 0.80",729,81,9,12,100000,20000,"K_leading",0.90783,-0.0421699999999999,0.000914738711873505,-0.04179,0.00079664440337145,0.09217,1.40641956794922,0.9059,0.00206452403715723,20000,0.419397132387516,0.0007608834654228,0.107605171618636,0.413933652915975,0.342476878930754,0.489092211793761,0.560746294818888,0.604910560349199,0.419397132387516,0.965868045423071,1.09221523296837,0,0,0,0.00489
"gaussian_phi080_N729_M81_Q9","gaussian_phi080_N729","gaussian","Gaussian","inside formal moment assumptions","regular",0.8,"phi = 0.80",729,81,9,12,100000,20000,"V_oracle",0.89062,-0.05938,0.00098699551974667,-0.059,0.000853930495984843,0.10938,1.60488411249988,0.88745,0.00223475387347242,20000,0.393492714585522,0.000712454807822255,0.100756325180015,0.388339881182341,0.321491155857359,0.458921367595885,0.525965182010323,0.567299739695634,0.393492714585522,0.906210390522571,1.0247536374075,0,0,0,0.00489
"gaussian_phi080_N729_M81_Q9","gaussian_phi080_N729","gaussian","Gaussian","inside formal moment assumptions","regular",0.8,"phi = 0.80",729,81,9,12,100000,20000,"V_feasible",0.88906,-0.06094,0.00099313803874386,-0.06056,0.00086077422900708,0.11094,1.62239912338241,0.88625,0.0022451162275036,20000,0.392089899490233,0.000716493249913901,0.101327447137701,0.386612713733102,0.319582746289191,0.457694527042198,0.525475660885342,0.567198823506405,0.392089899490233,0.902979719233848,1.02110035535622,0,0,0,0.00489
"gaussian_phi080_N729_M81_Q9","gaussian_phi080_N729","gaussian","Gaussian","inside formal moment assumptions","regular",0.8,"phi = 0.80",729,81,9,12,100000,20000,"VK_leading_oracle",0.91393,-0.0360699999999999,0.000886915751917847,-0.03569,0.00077856810921268,0.08607,1.33740342708323,0.91185,0.00200473910397338,20000,0.429641102319551,0.000780120324413868,0.110325674306899,0.423901408880875,0.350804106905304,0.501038413256245,0.574783714433317,0.619935825341286,0.429641102319551,0.989459821454782,1.1188930977934,0,0,0,0.00489
"gaussian_phi080_N729_M81_Q9","gaussian_phi080_N729","gaussian","Gaussian","inside formal moment assumptions","regular",0.8,"phi = 0.80",729,81,9,12,100000,20000,"F_feasible_leading",0.91248,-0.03752,0.00089364562103778,-0.03714,0.000786010421129276,0.08752,1.35199926948534,0.91045,0.00201904429743381,20000,0.428262810508488,0.000784797533006727,0.110987131489506,0.422156663509326,0.349000224399739,0.499986258784034,0.574086509691071,0.620198492846004,0.428262810508488,0.986285627082027,1.11530368051973,0,0,0,0.00489
"gaussian_phi085_N729_M9_Q81","gaussian_phi085_N729","gaussian","Gaussian","inside formal moment assumptions","regular",0.85,"phi = 0.85",729,9,81,4,100000,20000,"raw",0.81831,-0.13169,0.00121933893524319,-0.13045,0.00106505366925483,0.18169,2.15195369419181,0.8236,0.00269520908279859,20000,0.349360816244732,0.000227543567613808,0.0321795199350207,0.348363966960609,0.327319260920008,0.370921686831887,0.391079882756628,0.403316818523037,0.349360816244732,0.688100916323504,1,0,0,0,0
"gaussian_phi085_N729_M9_Q81","gaussian_phi085_N729","gaussian","Gaussian","inside formal moment assumptions","regular",0.85,"phi = 0.85",729,9,81,4,100000,20000,"K_leading",0.82205,-0.12795,0.00120947838963745,-0.12671,0.00105193004737399,0.17795,2.11210269985493,0.8265,0.00267766456076933,20000,0.352709952549498,0.000229733768226955,0.0324892610761637,0.351709309148118,0.330449686243718,0.374455253291098,0.394854884829973,0.407165667973268,0.352709952549498,0.694697373776785,1.00958646805548,0,0,0,0
"gaussian_phi085_N729_M9_Q81","gaussian_phi085_N729","gaussian","Gaussian","inside formal moment assumptions","regular",0.85,"phi = 0.85",729,9,81,4,100000,20000,"V_oracle",0.94561,-0.00439000000000001,0.000717159172708542,-0.00315,0.000426851961487786,0.05439,1.03513002025466,0.9465,0.00159119059197822,20000,0.509448892083307,0.000333243968400582,0.0471278139691134,0.507948337936725,0.477389553932569,0.540999426685596,0.570562022478608,0.588425709790432,0.509448892083307,1.0034103229738,1.45823134248241,0,0,0,0
"gaussian_phi085_N729_M9_Q81","gaussian_phi085_N729","gaussian","Gaussian","inside formal moment assumptions","regular",0.85,"phi = 0.85",729,9,81,4,100000,20000,"V_feasible",0.86838,-0.0816199999999999,0.00106909389484741,-0.08038,0.000860115081823089,0.13162,1.69327303634618,0.87015,0.00237685693195867,20000,0.395131585675814,0.000265596272627658,0.0375609850865776,0.393946504417445,0.369511655573498,0.420358370668752,0.443693225101236,0.457957343084076,0.395131585675814,0.778251004489936,1.13101288783061,0,0,0,0
"gaussian_phi085_N729_M9_Q81","gaussian_phi085_N729","gaussian","Gaussian","inside formal moment assumptions","regular",0.85,"phi = 0.85",729,9,81,4,100000,20000,"VK_leading_oracle",0.94786,-0.00213999999999992,0.000703003701270484,-9e-04,0.000424256643951511,0.05214,1.0159609458055,0.9488,0.0015585018447214,20000,0.514446137517059,0.000336592198043621,0.0476013251462259,0.512965781624194,0.482095025376995,0.546307096352737,0.576118801913391,0.594250903418695,0.514446137517059,1.0132528954724,1.47253530904474,0,0,0,0
"gaussian_phi085_N729_M9_Q81","gaussian_phi085_N729","gaussian","Gaussian","inside formal moment assumptions","regular",0.85,"phi = 0.85",729,9,81,4,100000,20000,"F_feasible_leading",0.87216,-0.0778399999999999,0.00105592108796065,-0.0766,0.000841505485017663,0.12784,1.66191612826569,0.8736,0.00234971317398528,20000,0.398949781458575,0.000268178107532465,0.0379261116803963,0.397730773693062,0.373082908843541,0.424406229970653,0.447963490135617,0.462366748173261,0.398949781458575,0.785771321293238,1.14194197777207,0,0,0,0
"gaussian_phi085_N729_M27_Q27","gaussian_phi085_N729","gaussian","Gaussian","inside formal moment assumptions","regular",0.85,"phi = 0.85",729,27,27,12,100000,20000,"raw",0.90163,-0.0483699999999999,0.000941771432461189,-0.04713,0.000707313674352715,0.09837,1.42516416932664,0.90245,0.00209802284901762,20000,0.442863521433818,0.000446632122035824,0.0631633204374537,0.441040981910927,0.399469149716857,0.484872448638077,0.524336954914425,0.549268213117185,0.442863521433818,0.872263805026702,1,0,0,0,0
"gaussian_phi085_N729_M27_Q27","gaussian_phi085_N729","gaussian","Gaussian","inside formal moment assumptions","regular",0.85,"phi = 0.85",729,27,27,12,100000,20000,"K_leading",0.91043,-0.03957,0.000903034966654116,-0.03833,0.000663786499655704,0.08957,1.34598838214182,0.9112,0.00201139951277711,20000,0.456198766823157,0.000460457440640272,0.0651185157449077,0.454251359225869,0.411442162832386,0.499553269479169,0.540056383114349,0.565715623690196,0.456198766823157,0.898528898721053,1.03011141072573,0,0,0,0
"gaussian_phi085_N729_M27_Q27","gaussian_phi085_N729","gaussian","Gaussian","inside formal moment assumptions","regular",0.85,"phi = 0.85",729,27,27,12,100000,20000,"V_oracle",0.93692,-0.01308,0.000768771185724335,-0.01184,0.000552631159103411,0.06308,1.11519297252095,0.93685,0.00171991391499691,20000,0.503162226873175,0.000509529621516318,0.0720583701179207,0.501051948475455,0.453637076195567,0.551038203911822,0.596044847116918,0.624849809514759,0.503162226873175,0.991028109827492,1.13615640602805,0,0,0,0
"gaussian_phi085_N729_M27_Q27","gaussian_phi085_N729","gaussian","Gaussian","inside formal moment assumptions","regular",0.85,"phi = 0.85",729,27,27,12,100000,20000,"V_feasible",0.92608,-0.0239199999999999,0.00082738040585936,-0.02268,0.000602710385341157,0.07392,1.21092971330964,0.9267,0.00184292037266942,20000,0.484009972703562,0.000517270866441286,0.0731531474741748,0.481671296096467,0.433655401551532,0.532471391670766,0.578832955420747,0.608001837017209,0.484009972703562,0.953305838092991,1.09291000337198,0,0,0,0
"gaussian_phi085_N729_M27_Q27","gaussian_phi085_N729","gaussian","Gaussian","inside formal moment assumptions","regular",0.85,"phi = 0.85",729,27,27,12,100000,20000,"VK_leading_oracle",0.94389,-0.00610999999999995,0.000727747675365576,-0.00487,0.000536344765665776,0.05611,1.0532378073809,0.9441,0.00162442589858694,20000,0.518426312246128,0.000525617580490256,0.0743335510951052,0.516198579901136,0.467281793396891,0.567687142268855,0.614139431606481,0.644227173964569,0.518426312246128,1.02109224594003,1.17062319914647,0,0,0,0
"gaussian_phi085_N729_M27_Q27","gaussian_phi085_N729","gaussian","Gaussian","inside formal moment assumptions","regular",0.85,"phi = 0.85",729,27,27,12,100000,20000,"F_feasible_leading",0.93361,-0.0163899999999999,0.000787288815492764,-0.01515,0.000575333021024216,0.0663899999999999,1.14365584034799,0.9341,0.00175438293995353,20000,0.498822875924749,0.000533554263086801,0.0754559675119336,0.496349653137635,0.446886683315198,0.548842564725212,0.596764940633169,0.626925999124551,0.498822875924749,0.982481326029708,1.12635801275697,0,0,0,0
"gaussian_phi085_N729_M81_Q9","gaussian_phi085_N729","gaussian","Gaussian","inside formal moment assumptions","regular",0.85,"phi = 0.85",729,81,9,12,100000,20000,"raw",0.8798,-0.0701999999999999,0.00102835771986211,-0.06896,0.000886821880949317,0.1202,1.75617191880639,0.8799,0.00229865167000135,20000,0.44323309524247,0.00079798363443674,0.112851927837221,0.436839780522155,0.363994389433778,0.516493096305044,0.592007371266926,0.640661540929927,0.44323309524247,0.872991717444345,1,0,0,0,0.0049
"gaussian_phi085_N729_M81_Q9","gaussian_phi085_N729","gaussian","Gaussian","inside formal moment assumptions","regular",0.85,"phi = 0.85",729,81,9,12,100000,20000,"K_leading",0.90367,-0.04633,0.000933008741116609,-0.04509,0.000807573798952398,0.09633,1.46347659900532,0.9032,0.00209081036921094,20000,0.484090871002365,0.000873905035671429,0.123588835367268,0.477114417655448,0.397274416185896,0.564247571472081,0.646640797588595,0.700244877454196,0.484090871002365,0.953465175348191,1.09218123871717,0,0,0,0.0049
"gaussian_phi085_N729_M81_Q9","gaussian_phi085_N729","gaussian","Gaussian","inside formal moment assumptions","regular",0.85,"phi = 0.85",729,81,9,12,100000,20000,"V_oracle",0.88913,-0.06087,0.000992863752485708,-0.05963,0.00085507306266741,0.11087,1.63710818894841,0.8895,0.00221686433955711,20000,0.458600608314735,0.000826461860459841,0.116879357184641,0.451946794513237,0.376464422282277,0.53444354544893,0.612626937360997,0.663145829893701,0.458600608314735,0.903259564709824,1.03467140255819,0,0,0,0.0049
"gaussian_phi085_N729_M81_Q9","gaussian_phi085_N729","gaussian","Gaussian","inside formal moment assumptions","regular",0.85,"phi = 0.85",729,81,9,12,100000,20000,"V_feasible",0.88603,-0.06397,0.00100489222854991,-0.06273,0.000866808505132388,0.11397,1.67568293656228,0.88635,0.00224425575080025,20000,0.45405125582671,0.000824153751796114,0.116552941327073,0.447106046418051,0.372071429626378,0.529596910936518,0.607724403082175,0.658433462373115,0.45405125582671,0.894299161968219,1.02440738451248,0,0,0,0.0049
"gaussian_phi085_N729_M81_Q9","gaussian_phi085_N729","gaussian","Gaussian","inside formal moment assumptions","regular",0.85,"phi = 0.85",729,81,9,12,100000,20000,"VK_leading_oracle",0.91224,-0.0377599999999999,0.000894752381388281,-0.03652,0.000782092713615289,0.0877599999999999,1.36425682412367,0.91205,0.00200268316890116,20000,0.500646966380574,0.000904861373554343,0.12796672265481,0.493289014255449,0.41050205164318,0.583796344435089,0.668839179354082,0.724472071735722,0.500646966380574,0.986074053822142,1.12953426031216,0,0,0,0.0049
"gaussian_phi085_N729_M81_Q9","gaussian_phi085_N729","gaussian","Gaussian","inside formal moment assumptions","regular",0.85,"phi = 0.85",729,81,9,12,100000,20000,"F_feasible_leading",0.90931,-0.04069,0.000908104200518861,-0.03945,0.000793059433102365,0.09069,1.39640244713524,0.90915,0.00203219434971166,20000,0.495872160582524,0.000902604468063195,0.127647548019352,0.488510783968413,0.40577221909553,0.578756858301953,0.663539681409041,0.719361095267436,0.495872160582524,0.976669598336203,1.11876158595796,0,0,0,0.0049
"gaussian_phi090_N729_M9_Q81","gaussian_phi090_N729","gaussian","Gaussian","inside formal moment assumptions","regular",0.9,"phi = 0.90",729,9,81,4,100000,20000,"raw",0.75344,-0.19656,0.00136296796147232,-0.19796,0.00126005327718419,0.24656,2.86773077505976,0.75365,0.00304681536608308,20000,0.3717989583691,0.000269986470256467,0.0381818527893936,0.370527404179281,0.345479819228152,0.396748736097676,0.42161879967761,0.436395831426507,0.3717989583691,0.591367521156289,1,0,0,0,0
"gaussian_phi090_N729_M9_Q81","gaussian_phi090_N729","gaussian","Gaussian","inside formal moment assumptions","regular",0.9,"phi = 0.90",729,9,81,4,100000,20000,"K_leading",0.75769,-0.19231,0.00135497551232485,-0.19371,0.00124975196651167,0.24231,2.81462464959569,0.75785,0.00302913665505536,20000,0.375360580573915,0.000272574691765822,0.0385478825854891,0.374083510472341,0.348779777612903,0.40054283031308,0.425619565858176,0.44061947556333,0.375360580573915,0.597032485102921,1.00957943029329,0,0,0,0
"gaussian_phi090_N729_M9_Q81","gaussian_phi090_N729","gaussian","Gaussian","inside formal moment assumptions","regular",0.9,"phi = 0.90",729,9,81,4,100000,20000,"V_oracle",0.94728,-0.00271999999999994,0.000706686646258439,-0.00412,0.00044207715426394,0.05272,1.03196999020042,0.946,0.00159818647222407,20000,0.631055145671887,0.000460504415171051,0.0651251589467591,0.629244405159116,0.586223125111507,0.673700571323572,0.715507022960601,0.740466529913341,0.631055145671887,1.00372932416456,1.69730208078048,0,0,0,0
"gaussian_phi090_N729_M9_Q81","gaussian_phi090_N729","gaussian","Gaussian","inside formal moment assumptions","regular",0.9,"phi = 0.90",729,9,81,4,100000,20000,"V_feasible",0.81102,-0.13898,0.00123800872210175,-0.14038,0.00109852019711348,0.18898,2.22507661346089,0.8105,0.00277118882431349,20000,0.423366228164965,0.000314252262068368,0.0444419811023511,0.421964487791312,0.392749522066783,0.4524850224014,0.481193619718888,0.498524539785813,0.423366228164965,0.673388214935921,1.13869664945288,0,0,0,0
"gaussian_phi090_N729_M9_Q81","gaussian_phi090_N729","gaussian","Gaussian","inside formal moment assumptions","regular",0.9,"phi = 0.90",729,9,81,4,100000,20000,"VK_leading_oracle",0.94932,-0.000679999999999903,0.000693624809244882,-0.00208,0.000436759251288895,0.0506799999999999,1.01285943482634,0.94805,0.00156925456029288,20000,0.637321431881166,0.000465202272167277,0.0657895362545743,0.635517731522052,0.592029722434131,0.680411354489501,0.722715156829542,0.74780213743275,0.637321431881166,1.01369621099688,1.71415604464516,0,0,0,0
"gaussian_phi090_N729_M9_Q81","gaussian_phi090_N729","gaussian","Gaussian","inside formal moment assumptions","regular",0.9,"phi = 0.90",729,9,81,4,100000,20000,"F_feasible_leading",0.81529,-0.13471,0.00122716020103326,-0.13611,0.00108436729825478,0.18471,2.18387149098939,0.81395,0.00275168491564714,20000,0.427451991479106,0.000317290020458057,0.0448715850137421,0.426045357144845,0.396526426747662,0.45681746731868,0.485842041100885,0.503319090678589,0.427451991479106,0.679886855313274,1.14968582309679,0,0,0,0
"gaussian_phi090_N729_M27_Q27","gaussian_phi090_N729","gaussian","Gaussian","inside formal moment assumptions","regular",0.9,"phi = 0.90",729,27,27,12,100000,20000,"raw",0.87757,-0.07243,0.00103653699933963,-0.07383,0.000836659017152812,0.12243,1.63701210793222,0.8769,0.00232321318436341,20000,0.507745815022007,0.000523495594582519,0.0740334569701166,0.505429614849938,0.457212533902177,0.55573013879598,0.604148199525112,0.633610597112468,0.507745815022007,0.80759877683401,1,0,0,0,0
"gaussian_phi090_N729_M27_Q27","gaussian_phi090_N729","gaussian","Gaussian","inside formal moment assumptions","regular",0.9,"phi = 0.90",729,27,27,12,100000,20000,"K_leading",0.88793,-0.06207,0.000997548570747309,-0.06347,0.000786652260670363,0.11207,1.54606699082488,0.8869,0.00223951322836013,20000,0.523033196619892,0.000539668817043223,0.0763206960252371,0.520685786177231,0.470883004374522,0.572572807001381,0.622281255080048,0.652651629235157,0.523033196619892,0.831914232154723,1.03010833599332,0,0,0,0
"gaussian_phi090_N729_M27_Q27","gaussian_phi090_N729","gaussian","Gaussian","inside formal moment assumptions","regular",0.9,"phi = 0.90",729,27,27,12,100000,20000,"V_oracle",0.93739,-0.01261,0.000766093910039755,-0.01401,0.000556902415511914,0.0626100000000001,1.11045337757715,0.9363,0.00172688027957933,20000,0.621660886479259,0.000645349587243942,0.0912662138752262,0.618581911488509,0.559267748312725,0.680918485292667,0.740308679135244,0.776701930169157,0.621660886479259,0.988787217289887,1.22435452560513,0,0,0,0
"gaussian_phi090_N729_M27_Q27","gaussian_phi090_N729","gaussian","Gaussian","inside formal moment assumptions","regular",0.9,"phi = 0.90",729,27,27,12,100000,20000,"V_feasible",0.90991,-0.04009,0.00090539379222524,-0.04149,0.000684025202682459,0.09009,1.35131503754945,0.9088,0.00203571314285682,20000,0.562496635471373,0.000605346573772949,0.0856089334565789,0.560011997561594,0.503899105223804,0.617873710340818,0.673420142386521,0.707989463566094,0.562496635471373,0.894683090121063,1.10783116045377,0,0,0,0
"gaussian_phi090_N729_M27_Q27","gaussian_phi090_N729","gaussian","Gaussian","inside formal moment assumptions","regular",0.9,"phi = 0.90",729,27,27,12,100000,20000,"VK_leading_oracle",0.94424,-0.00575999999999999,0.000725608864333947,-0.00716,0.000536554026079601,0.05576,1.04876152326731,0.94315,0.00163734659586784,20000,0.640601863703266,0.000665939604710916,0.0941780820703555,0.637626286473951,0.576197669902114,0.701732802329482,0.763193696430924,0.800818629137713,0.640601863703266,1.01891392554741,1.26165857945181,0,0,0,0
"gaussian_phi090_N729_M27_Q27","gaussian_phi090_N729","gaussian","Gaussian","inside formal moment assumptions","regular",0.9,"phi = 0.90",729,27,27,12,100000,20000,"F_feasible_leading",0.91885,-0.03115,0.000863508410497547,-0.03255,0.000643357687520046,0.0811500000000001,1.27624197990781,0.91775,0.00194274210203002,20000,0.579670441141011,0.000624350496123306,0.088296493929195,0.577085595661628,0.519252354344273,0.636800167339459,0.694137320662471,0.730064500049847,0.579670441141011,0.921999010887013,1.14165478865815,0,0,0,0
"gaussian_phi090_N729_M81_Q9","gaussian_phi090_N729","gaussian","Gaussian","inside formal moment assumptions","regular",0.9,"phi = 0.90",729,81,9,12,100000,20000,"raw",0.87489,-0.07511,0.00104621932643208,-0.07651,0.000903200064605604,0.12511,1.79965372567851,0.87585,0.00233170299888301,20000,0.537310859622585,0.000970261359576419,0.137215677375953,0.529625469363378,0.440934140079365,0.625947965391627,0.716711746247113,0.773718799614862,0.537310859622585,0.854623672264088,1,0,0,0,0.00513
"gaussian_phi090_N729_M81_Q9","gaussian_phi090_N729","gaussian","Gaussian","inside formal moment assumptions","regular",0.9,"phi = 0.90",729,81,9,12,100000,20000,"K_leading",0.90043,-0.04957,0.000946867546703339,-0.05097,0.000817145806005686,0.09957,1.49971143806543,0.901,0.00211185937031801,20000,0.586866586638049,0.00106245765417509,0.150254202398152,0.578552334262217,0.481347795202531,0.68399630966259,0.783698617675886,0.84568221982506,0.586866586638049,0.933444892131895,1.09222915585639,0,0,0,0.00513
"gaussian_phi090_N729_M81_Q9","gaussian_phi090_N729","gaussian","Gaussian","inside formal moment assumptions","regular",0.9,"phi = 0.90",729,81,9,12,100000,20000,"V_oracle",0.89096,-0.05904,0.000985648407902128,-0.06044,0.000849044917994759,0.10904,1.61013371172206,0.8915,0.00219917882401591,20000,0.56711078491568,0.00102560926295497,0.14504305293664,0.559055021218239,0.465182235438754,0.660834172109408,0.756985522093465,0.81701869374215,0.56711078491568,0.90202215887772,1.05546123767911,0,0,0,0.00513
"gaussian_phi090_N729_M81_Q9","gaussian_phi090_N729","gaussian","Gaussian","inside formal moment assumptions","regular",0.9,"phi = 0.90",729,81,9,12,100000,20000,"V_feasible",0.88302,-0.0669799999999999,0.00101634482140659,-0.06838,0.0008768406038126,0.11698,1.7036962671924,0.88405,0.00226390809773718,20000,0.552358563829743,0.00100384424292494,0.14196501428546,0.544272597027382,0.452508410944662,0.643972758810087,0.738255738867969,0.79716864634323,0.552358563829743,0.878557906978232,1.0280055836164,0,0,0,0.00513
"gaussian_phi090_N729_M81_Q9","gaussian_phi090_N729","gaussian","Gaussian","inside formal moment assumptions","regular",0.9,"phi = 0.90",729,81,9,12,100000,20000,"VK_leading_oracle",0.91376,-0.0362399999999999,0.000887708636884873,-0.03764,0.000775137608675469,0.08624,1.34177809310172,0.91445,0.00197776638534484,20000,0.618953085461307,0.00112257881161071,0.158756618021253,0.61001174860033,0.507584334331999,0.721389672485756,0.826966065432722,0.89207966364685,0.618953085461307,0.984480304804722,1.15194598131902,0,0,0,0.00513
"gaussian_phi090_N729_M81_Q9","gaussian_phi090_N729","gaussian","Gaussian","inside formal moment assumptions","regular",0.9,"phi = 0.90",729,81,9,12,100000,20000,"F_feasible_leading",0.90715,-0.0428499999999999,0.000917762918732283,-0.04425,0.000796947756291002,0.09285,1.419746889327,0.908,0.00204372209461071,20000,0.603193452523435,0.0010991439849132,0.155442433046505,0.594262401907392,0.493945735940193,0.703338335052047,0.80699680978054,0.870781309840396,0.603193452523435,0.95941370670105,1.12261541288618,0,0,0,0.00513
"gaussian_phi095_N729_M9_Q81","gaussian_phi095_N729","gaussian","Gaussian","inside formal moment assumptions","regular",0.95,"phi = 0.95",729,9,81,4,100000,20000,"raw",0.60569,-0.34431,0.00154541134944713,-0.34454,0.00150277891502532,0.39431,5.23704176772078,0.6045,0.00345745390424804,20000,0.393097879174028,0.000365201438594605,0.0516472827458656,0.389901723618556,0.357093648155894,0.425807293260407,0.460826037217953,0.482205600313847,0.393097879174028,0.439478582628052,1,0,0,0,0
"gaussian_phi095_N729_M9_Q81","gaussian_phi095_N729","gaussian","Gaussian","inside formal moment assumptions","regular",0.95,"phi = 0.95",729,9,81,4,100000,20000,"K_leading",0.6101,-0.3399,0.00154232937467974,-0.34013,0.00149814494471755,0.3899,5.14005951276299,0.60895,0.00345057891881928,20000,0.396853994395966,0.000368671433710114,0.0521380141612377,0.393674707558869,0.36051775530745,0.429873816948994,0.465238647832736,0.486780569797851,0.396853994395966,0.443677873139091,1.0095551653187,0,0,0,0
"gaussian_phi095_N729_M9_Q81","gaussian_phi095_N729","gaussian","Gaussian","inside formal moment assumptions","regular",0.95,"phi = 0.95",729,9,81,4,100000,20000,"V_oracle",0.94243,-0.00756999999999997,0.000736584652976153,-0.0078,0.000510288353719776,0.05757,1.07294982179572,0.94245,0.00164678470815101,20000,0.898313623338569,0.000833003420039569,0.117804473412313,0.891285050183652,0.816428228114523,0.973511970051216,1.05219944480323,1.10461756894201,0.898313623338569,1.00430355607573,2.28521615335624,0,0,0,0
"gaussian_phi095_N729_M9_Q81","gaussian_phi095_N729","gaussian","Gaussian","inside formal moment assumptions","regular",0.95,"phi = 0.95",729,9,81,4,100000,20000,"V_feasible",0.6712,-0.2788,0.00148556575081684,-0.27903,0.00141835916058912,0.3288,4.00874630599157,0.66805,0.00332985883709805,20000,0.450416835720961,0.000423146757295745,0.059841988304184,0.446822705900774,0.408862658951893,0.488339409079566,0.528875057175141,0.55367234657235,0.450416835720961,0.503560469393493,1.14581344643062,0,0,0,0
"gaussian_phi095_N729_M9_Q81","gaussian_phi095_N729","gaussian","Gaussian","inside formal moment assumptions","regular",0.95,"phi = 0.95",729,9,81,4,100000,20000,"VK_leading_oracle",0.94462,-0.00537999999999994,0.000723277647933351,-0.00561,0.000502780078044137,0.05538,1.05308038065136,0.9443,0.00162168908857401,20000,0.907453536661816,0.000841612829442907,0.119022027766535,0.900260486916271,0.824705962987073,0.983524611132885,1.06293197273888,1.11587195273426,0.907453536661816,1.01452186649013,2.30846713945276,0,0,0,0
"gaussian_phi095_N729_M9_Q81","gaussian_phi095_N729","gaussian","Gaussian","inside formal moment assumptions","regular",0.95,"phi = 0.95",729,9,81,4,100000,20000,"F_feasible_leading",0.67561,-0.27439,0.00148040915932049,-0.27462,0.00141140301706662,0.32439,3.93451026328803,0.67295,0.00331729029103574,20000,0.454747328753333,0.000427186064691055,0.060413232634288,0.451110748138093,0.412790065039589,0.493054153241031,0.533945175081868,0.558980830111737,0.454747328753333,0.508401907215408,1.15682976898487,0,0,0,0
"gaussian_phi095_N729_M27_Q27","gaussian_phi095_N729","gaussian","Gaussian","inside formal moment assumptions","regular",0.95,"phi = 0.95",729,27,27,12,100000,20000,"raw",0.79463,-0.15537,0.0012774707945781,-0.1556,0.00114677789959325,0.20537,2.47319125710844,0.79385,0.00286052597873188,20000,0.593953993500911,0.000689220891686195,0.0974705532493495,0.589327500468343,0.526193443015633,0.656202491634681,0.720917464683562,0.762139666510679,0.593953993500911,0.664033242200453,1,0,0,0,2e-05
"gaussian_phi095_N729_M27_Q27","gaussian_phi095_N729","gaussian","Gaussian","inside formal moment assumptions","regular",0.95,"phi = 0.95",729,27,27,12,100000,20000,"K_leading",0.80714,-0.14286,0.00124765788740343,-0.14309,0.00110831620156345,0.19286,2.33579174282463,0.8053,0.00279992776692543,20000,0.611779803073074,0.000710077158494296,0.100420074787398,0.607026578852336,0.541963394264178,0.675850322937367,0.742523107712945,0.7849173352287,0.611779803073074,0.683962277537486,1.03001210492263,0,0,0,2e-05
"gaussian_phi095_N729_M27_Q27","gaussian_phi095_N729","gaussian","Gaussian","inside formal moment assumptions","regular",0.95,"phi = 0.95",729,27,27,12,100000,20000,"V_oracle",0.93167,-0.01833,0.000797878506415607,-0.01856,0.000598129452199451,0.06833,1.16621552161727,0.9317,0.00178374759985823,20000,0.879598402070974,0.0010287232357614,0.145483435194211,0.872427295781681,0.778997085008217,0.973741479184863,1.06961777532586,1.13154079850951,0.879598402070974,0.983380169428276,1.48092009094241,0,0,0,2e-05
"gaussian_phi095_N729_M27_Q27","gaussian_phi095_N729","gaussian","Gaussian","inside formal moment assumptions","regular",0.95,"phi = 0.95",729,27,27,12,100000,20000,"V_feasible",0.84203,-0.10797,0.00115332336792419,-0.1082,0.000986882637081732,0.15797,1.9796436321675,0.8407,0.0025876969490263,20000,0.667188011391454,0.000793075415852349,0.112157800908307,0.661730498785989,0.589423395064905,0.739124266682623,0.813575813251562,0.860708664173478,0.667188011391454,0.745907971339973,1.12329914217578,0,0,0,2e-05
"gaussian_phi095_N729_M27_Q27","gaussian_phi095_N729","gaussian","Gaussian","inside formal moment assumptions","regular",0.95,"phi = 0.95",729,27,27,12,100000,20000,"VK_leading_oracle",0.93881,-0.0111899999999999,0.000757929969720158,-0.01142,0.000576627402220541,0.06119,1.10142577041631,0.93865,0.0016968526379742,20000,0.906545558925096,0.00106147550540743,0.150115305587403,0.899404606904445,0.80263469309818,1.0035319307282,1.1028462101349,1.16634872750749,0.906545558925096,1.01350675857444,1.52628918880012,0,0,0,2e-05
"gaussian_phi095_N729_M27_Q27","gaussian_phi095_N729","gaussian","Gaussian","inside formal moment assumptions","regular",0.95,"phi = 0.95",729,27,27,12,100000,20000,"F_feasible_leading",0.85334,-0.09666,0.00111870838201919,-0.09689,0.000943733111277682,0.14666,1.86966343038042,0.85125,0.00251618200355221,20000,0.687427401280933,0.000817358852228132,0.115591997414673,0.681804999186988,0.607418505248327,0.761540929241166,0.838446353316195,0.886567527695574,0.687427401280933,0.768535359716055,1.15737482835845,0,0,0,2e-05
"gaussian_phi095_N729_M81_Q9","gaussian_phi095_N729","gaussian","Gaussian","inside formal moment assumptions","regular",0.95,"phi = 0.95",729,81,9,12,100000,20000,"raw",0.84642,-0.10358,0.00114014553281588,-0.10381,0.00100306774469574,0.15358,2.11917927076788,0.84385,0.00256677986492804,20000,0.709323465072765,0.00130605671835988,0.184704312433305,0.697925305028669,0.579383460631726,0.829812754973283,0.950794347274,1.02813799418748,0.709323465072765,0.793014889090742,1,0,0,0,0.00807
"gaussian_phi095_N729_M81_Q9","gaussian_phi095_N729","gaussian","Gaussian","inside formal moment assumptions","regular",0.95,"phi = 0.95",729,81,9,12,100000,20000,"K_leading",0.87464,-0.07536,0.00104711446556716,-0.07559,0.000913219501926337,0.12536,1.7659827256399,0.87385,0.00234772419057265,20000,0.774680024281585,0.00142989922396291,0.202218287535511,0.762322113716568,0.632594415771642,0.906152529958255,1.03910177295619,1.12485181211475,0.774680024281585,0.866082716540971,1.09213928824717,0,0,0,0.00807
"gaussian_phi095_N729_M81_Q9","gaussian_phi095_N729","gaussian","Gaussian","inside formal moment assumptions","regular",0.95,"phi = 0.95",729,81,9,12,100000,20000,"V_oracle",0.88364,-0.06636,0.00101400370019049,-0.06659,0.000882250249450249,0.11636,1.66176225618403,0.88305,0.00227236327971564,20000,0.797582911359252,0.00147353941672024,0.208389942781711,0.784634406029522,0.651210626678347,0.932722868043799,1.07011985954423,1.15820859497767,0.797582911359252,0.891687861936648,1.1244276421582,0,0,0,0.00807
"gaussian_phi095_N729_M81_Q9","gaussian_phi095_N729","gaussian","Gaussian","inside formal moment assumptions","regular",0.95,"phi = 0.95",729,81,9,12,100000,20000,"V_feasible",0.85691,-0.09309,0.00110731771366668,-0.09332,0.000970527276912891,0.14309,1.98972758751493,0.8545,0.00249328849112974,20000,0.731780993824449,0.00135335934437472,0.191393913957909,0.719837639971902,0.597071322165202,0.856439599773915,0.981967621917275,1.0628418856209,0.731780993824449,0.818122129368549,1.03166049039331,0,0,0,0.00807
"gaussian_phi095_N729_M81_Q9","gaussian_phi095_N729","gaussian","Gaussian","inside formal moment assumptions","regular",0.95,"phi = 0.95",729,81,9,12,100000,20000,"VK_leading_oracle",0.90775,-0.04225,0.000915095281924238,-0.04248,0.000803094605640865,0.0922500000000001,1.38480188015335,0.90715,0.002052180273514,20000,0.869484317624185,0.00161139583216852,0.227885784020419,0.855252465903364,0.709007333480965,1.01701544498154,1.16705016188165,1.26283841337431,0.869484317624185,0.972072747707775,1.22579381683784,0,0,0,0.00807
"gaussian_phi095_N729_M81_Q9","gaussian_phi095_N729","gaussian","Gaussian","inside formal moment assumptions","regular",0.95,"phi = 0.95",729,81,9,12,100000,20000,"F_feasible_leading",0.88398,-0.06602,0.00101271595030393,-0.06625,0.000881826032260055,0.11602,1.65810632292911,0.88325,0.00227067652363783,20000,0.798964537425556,0.00148136240846372,0.209496280883907,0.785749484724732,0.651955644353535,0.93484950320866,1.0730017123878,1.16176578988525,0.798964537425556,0.893232502845464,1.12637545036466,0,0,0,0.00807
"gaussian_phi000_N4096_M16_Q256","gaussian_phi000_N4096","gaussian","Gaussian","inside formal moment assumptions","regular",0,"phi = 0.00",4096,16,256,8,100000,20000,"raw",0.94946,-0.000539999999999985,0.000692717174610245,-0.00096,0.000283886579316281,0.05054,1.00189035919151,0.9505,0.00153378209012884,20000,0.061295316182934,1.92300432223279e-05,0.00271953879300369,0.0612665233882908,0.0594520492448571,0.063115974365516,0.0647630088928409,0.065822859090304,0.061295316182934,1.0007582452155,1,0,0,0,0
"gaussian_phi000_N4096_M16_Q256","gaussian_phi000_N4096","gaussian","Gaussian","inside formal moment assumptions","regular",0,"phi = 0.00",4096,16,256,8,100000,20000,"K_leading",0.95004,4.000000000004e-05,0.000688941205038572,-0.00038,0.000282133571191944,0.04996,0.996019907868125,0.95085,0.00152863137315705,20000,0.0614770272425454,1.92871454058314e-05,0.00272761426123887,0.0614481482697757,0.0596280700846241,0.0633031337403953,0.064955126733026,0.0660179943148414,0.0614770272425454,1.00372501090785,1.00296451786086,0,0,0,0
"gaussian_phi000_N4096_M16_Q256","gaussian_phi000_N4096","gaussian","Gaussian","inside formal moment assumptions","regular",0,"phi = 0.00",4096,16,256,8,100000,20000,"V_oracle",0.94946,-0.000539999999999985,0.000692717174610245,-0.00096,0.000283886579316281,0.05054,1.00189035919151,0.9505,0.00153378209012884,20000,0.061295316182934,1.92300432223279e-05,0.00271953879300369,0.0612665233882908,0.0594520492448571,0.063115974365516,0.0647630088928409,0.065822859090304,0.061295316182934,1.0007582452155,1,0,0,0,0
"gaussian_phi000_N4096_M16_Q256","gaussian_phi000_N4096","gaussian","Gaussian","inside formal moment assumptions","regular",0,"phi = 0.00",4096,16,256,8,100000,20000,"V_feasible",0.94921,-0.000789999999999957,0.000694336920377996,-0.00121,0.000311586793467404,0.05079,1.00359876840892,0.95025,0.00153744816985809,20000,0.0613677350001203,2.33097705720941e-05,0.00329649936788608,0.061323145830229,0.0591195552858156,0.0635755780883835,0.0656061700710565,0.0668491524466685,0.0613677350001203,1.00194061497752,1.00118147391507,0,0,0,0
"gaussian_phi000_N4096_M16_Q256","gaussian_phi000_N4096","gaussian","Gaussian","inside formal moment assumptions","regular",0,"phi = 0.00",4096,16,256,8,100000,20000,"VK_leading_oracle",0.95004,4.000000000004e-05,0.000688941205038572,-0.00038,0.000282133571191944,0.04996,0.996019907868125,0.95085,0.00152863137315705,20000,0.0614770272425454,1.92871454058314e-05,0.00272761426123887,0.0614481482697757,0.0596280700846241,0.0633031337403953,0.064955126733026,0.0660179943148414,0.0614770272425454,1.00372501090785,1.00296451786086,0,0,0,0
"gaussian_phi000_N4096_M16_Q256","gaussian_phi000_N4096","gaussian","Gaussian","inside formal moment assumptions","regular",0,"phi = 0.00",4096,16,256,8,100000,20000,"F_feasible_leading",0.94995,-4.99999999999945e-05,0.000689528806504848,-0.00047,0.00031224792391249,0.05005,0.997718306875275,0.951,0.00152641737411496,20000,0.0615504321831698,2.33793000365403e-05,0.00330633231904651,0.0615054872565024,0.0592953165653424,0.0637647788964679,0.0658014553827865,0.0670481476093801,0.0615504321831698,1.00492348094021,1.00416207984758,0,0,0,0
"gaussian_phi000_N4096_M64_Q64","gaussian_phi000_N4096","gaussian","Gaussian","inside formal moment assumptions","regular",0,"phi = 0.00",4096,64,64,17,100000,20000,"raw",0.94661,-0.00339,0.000710911442445542,-0.00381,0.000419233343814594,0.05339,1.02719553285837,0.9484,0.00156424806216917,20000,0.0612623761097583,3.87424838557136e-05,0.00547901461087708,0.0612225078801264,0.0574980362903493,0.0648838627285232,0.0683565568749923,0.0703830330659584,0.0612623761097583,1.0002204382201,1,0,0,0,0
"gaussian_phi000_N4096_M64_Q64","gaussian_phi000_N4096","gaussian","Gaussian","inside formal moment assumptions","regular",0,"phi = 0.00",4096,64,64,17,100000,20000,"K_leading",0.94919,-0.000809999999999977,0.000694466297958368,-0.00123,0.000411687461389898,0.05081,1.00312063755701,0.951,0.00152641737411496,20000,0.0620122905430783,3.92236126076824e-05,0.00554705649150528,0.0619724699083669,0.0581987580065818,0.0656769804032408,0.069198367721734,0.0712471691758264,0.0620122905430783,1.0124641641536,1.01224102754318,0,0,0,0
"gaussian_phi000_N4096_M64_Q64","gaussian_phi000_N4096","gaussian","Gaussian","inside formal moment assumptions","regular",0,"phi = 0.00",4096,64,64,17,100000,20000,"V_oracle",0.94661,-0.00339,0.000710911442445542,-0.00381,0.000419233343814594,0.05339,1.02719553285837,0.9484,0.00156424806216917,20000,0.0612623761097583,3.87424838557136e-05,0.00547901461087708,0.0612225078801264,0.0574980362903493,0.0648838627285232,0.0683565568749923,0.0703830330659584,0.0612623761097583,1.0002204382201,1,0,0,0,0
"gaussian_phi000_N4096_M64_Q64","gaussian_phi000_N4096","gaussian","Gaussian","inside formal moment assumptions","regular",0,"phi = 0.00",4096,64,64,17,100000,20000,"V_feasible",0.94613,-0.00386999999999993,0.000713918924668621,-0.00429,0.000432339945156912,0.05387,1.02911487019287,0.9479,0.00157139412624586,20000,0.0613277184926911,4.13527047632626e-05,0.00584815559170164,0.0612921893154959,0.0572876927170334,0.0651819622399305,0.0688825961404007,0.0711314725100216,0.0613277184926911,1.00128727223866,1.00106659889939,0,0,0,0
"gaussian_phi000_N4096_M64_Q64","gaussian_phi000_N4096","gaussian","Gaussian","inside formal moment assumptions","regular",0,"phi = 0.00",4096,64,64,17,100000,20000,"VK_leading_oracle",0.94919,-0.000809999999999977,0.000694466297958368,-0.00123,0.000411687461389898,0.05081,1.00312063755701,0.951,0.00152641737411496,20000,0.0620122905430783,3.92236126076824e-05,0.00554705649150528,0.0619724699083669,0.0581987580065818,0.0656769804032408,0.069198367721734,0.0712471691758264,0.0620122905430783,1.0124641641536,1.01224102754318,0,0,0,0
"gaussian_phi000_N4096_M64_Q64","gaussian_phi000_N4096","gaussian","Gaussian","inside formal moment assumptions","regular",0,"phi = 0.00",4096,64,64,17,100000,20000,"F_feasible_leading",0.94916,-0.000839999999999952,0.000694660308352219,-0.00126,0.000427300772126027,0.05084,1.00499499042272,0.9508,0.00152936849712553,20000,0.0620819061731777,4.18699438736919e-05,0.00592130424819754,0.0620424405639506,0.0579877348218924,0.0659850444532439,0.0697273787236445,0.0720128144233205,0.0620819061731777,1.01360076675485,1.01337737964899,0,0,0,0
"gaussian_phi000_N4096_M256_Q16","gaussian_phi000_N4096","gaussian","Gaussian","inside formal moment assumptions","regular",0,"phi = 0.00",4096,256,16,17,100000,20000,"raw",0.92506,-0.02494,0.000832610331427613,-0.02536,0.000655112964098527,0.07494,1.23339868999099,0.9265,0.00184523372503323,20000,0.0593485441451654,7.80453672138248e-05,0.011037281679418,0.0590082586036643,0.0516630688966739,0.0665658728880431,0.0736573574127628,0.0780469831016598,0.0593485441451654,0.968973627896008,1,0,0,0,6e-05
"gaussian_phi000_N4096_M256_Q16","gaussian_phi000_N4096","gaussian","Gaussian","inside formal moment assumptions","regular",0,"phi = 0.00",4096,256,16,17,100000,20000,"K_leading",0.93678,-0.01322,0.00076956631683046,-0.01364,0.000614282734115793,0.0632200000000001,1.11776756280433,0.9386,0.0016974987481586,20000,0.06242676974582,8.22307942445298e-05,0.0116291904465326,0.0620560395034757,0.0543197619856751,0.0700383735814239,0.0775224725925667,0.0821406901675071,0.06242676974582,1.01923129589293,1.05186691004796,0,0,0,6e-05
"gaussian_phi000_N4096_M256_Q16","gaussian_phi000_N4096","gaussian","Gaussian","inside formal moment assumptions","regular",0,"phi = 0.00",4096,256,16,17,100000,20000,"V_oracle",0.92506,-0.02494,0.000832610331427613,-0.02536,0.000655112964098527,0.07494,1.23339868999099,0.9265,0.00184523372503323,20000,0.0593485441451654,7.80453672138248e-05,0.011037281679418,0.0590082586036643,0.0516630688966739,0.0665658728880431,0.0736573574127628,0.0780469831016598,0.0593485441451654,0.968973627896008,1,0,0,0,6e-05
"gaussian_phi000_N4096_M256_Q16","gaussian_phi000_N4096","gaussian","Gaussian","inside formal moment assumptions","regular",0,"phi = 0.00",4096,256,16,17,100000,20000,"V_feasible",0.92512,-0.0248799999999999,0.000832303944481822,-0.0253,0.000655593927697611,0.0748799999999999,1.23405084397595,0.9265,0.00184523372503323,20000,0.0593642117487411,7.84555329315081e-05,0.0110952878714948,0.059010814178484,0.0516113496706451,0.0665952518297,0.0737391473808002,0.078184757934939,0.0593642117487411,0.969229430205835,1.00026399305663,0,0,0,6e-05
"gaussian_phi000_N4096_M256_Q16","gaussian_phi000_N4096","gaussian","Gaussian","inside formal moment assumptions","regular",0,"phi = 0.00",4096,256,16,17,100000,20000,"VK_leading_oracle",0.93678,-0.01322,0.00076956631683046,-0.01364,0.000614282734115793,0.0632200000000001,1.11776756280433,0.9386,0.0016974987481586,20000,0.06242676974582,8.22307942445298e-05,0.0116291904465326,0.0620560395034757,0.0543197619856751,0.0700383735814239,0.0775224725925667,0.0821406901675071,0.06242676974582,1.01923129589293,1.05186691004796,0,0,0,6e-05
"gaussian_phi000_N4096_M256_Q16","gaussian_phi000_N4096","gaussian","Gaussian","inside formal moment assumptions","regular",0,"phi = 0.00",4096,256,16,17,100000,20000,"F_feasible_leading",0.93674,-0.0132599999999999,0.000769793299529166,-0.01368,0.0006152498365084,0.06326,1.11835857735321,0.93845,0.00169943516351757,20000,0.0624469677547773,8.26738243036611e-05,0.0116918443583488,0.0620906633402873,0.0542883213590561,0.0700755936571442,0.0775929492058576,0.0822801873841531,0.0624469677547773,1.01956106536407,1.05220723868193,0,0,0,6e-05
"gaussian_phi005_N4096_M16_Q256","gaussian_phi005_N4096","gaussian","Gaussian","inside formal moment assumptions","regular",0.05,"phi = 0.05",4096,16,256,8,100000,20000,"raw",0.94879,-0.00120999999999993,0.000697047601674376,-0.00154,0.000286316439924496,0.05121,1.00711807675587,0.94745,0.00157779113795204,20000,0.0642298534005731,2.01005730067991e-05,0.00284265029576859,0.0642278202715358,0.0622753051665398,0.0661564681783292,0.0678912035886559,0.0689172990837634,0.0642298534005731,0.997496282869893,1,0,0,0,0
"gaussian_phi005_N4096_M16_Q256","gaussian_phi005_N4096","gaussian","Gaussian","inside formal moment assumptions","regular",0.05,"phi = 0.05",4096,16,256,8,100000,20000,"K_leading",0.94937,-0.000629999999999908,0.000693300822875611,-0.00096,0.00028459022104763,0.05063,1.00121699427488,0.9481,0.00156854056370882,20000,0.0644202647965244,2.01602891360678e-05,0.002851095431759,0.0644180460273092,0.0624607252360483,0.0663531542247166,0.0680924768108437,0.0691218507086543,0.0644202647965244,1.00045339159149,1.00296453106881,0,0,0,0
"gaussian_phi005_N4096_M16_Q256","gaussian_phi005_N4096","gaussian","Gaussian","inside formal moment assumptions","regular",0.05,"phi = 0.05",4096,16,256,8,100000,20000,"V_oracle",0.94937,-0.000629999999999908,0.000693300822875611,-0.00096,0.00028459022104763,0.05063,1.00083230873864,0.9481,0.00156854056370882,20000,0.0644327364106634,2.01642005554612e-05,0.00285164858999443,0.064430511516922,0.0624728703351259,0.0663660205694621,0.0681056672183329,0.0691352515938547,0.0644327364106634,1.00064707705216,1.00315870268028,0,0,0,0
"gaussian_phi005_N4096_M16_Q256","gaussian_phi005_N4096","gaussian","Gaussian","inside formal moment assumptions","regular",0.05,"phi = 0.05",4096,16,256,8,100000,20000,"V_feasible",0.94938,-0.000619999999999954,0.000693236003104282,-0.00095,0.00031191657205009,0.05062,1.00223432051824,0.94815,0.00156782616223866,20000,0.0645051325025302,2.43429716747865e-05,0.00344261606909472,0.0645200220248456,0.0621629013484736,0.0668447812780228,0.0689495975101686,0.0701867521929157,0.0645051325025302,1.00177139586512,1.0042858435351,0,0,0,0
"gaussian_phi005_N4096_M16_Q256","gaussian_phi005_N4096","gaussian","Gaussian","inside formal moment assumptions","regular",0.05,"phi = 0.05",4096,16,256,8,100000,20000,"VK_leading_oracle",0.95004,4.000000000004e-05,0.000688941205038572,-0.00029,0.000283019363294457,0.04996,0.994968056929628,0.9492,0.00155272921013292,20000,0.0646237584182166,2.0224109982837e-05,0.00286012106246531,0.0646216436509149,0.0626585128449638,0.0665630906599809,0.0683080960612128,0.0693404633708771,0.0646237584182166,1.00361366863524,1.00613274041258,0,0,0,0
"gaussian_phi005_N4096_M16_Q256","gaussian_phi005_N4096","gaussian","Gaussian","inside formal moment assumptions","regular",0.05,"phi = 0.05",4096,16,256,8,100000,20000,"F_feasible_leading",0.94996,-3.9999999999929e-05,0.000689463547984953,-0.00037,0.000311608090389226,0.05004,0.99636185379645,0.9487,0.00155994086426377,20000,0.0646971655193434,2.44155987920649e-05,0.00345288709451983,0.064711932467463,0.0623479130969694,0.0670437115682029,0.0691544156786023,0.0703954423211859,0.0646971655193434,1.00475368852683,1.00727562175576,0,0,0,0
"gaussian_phi005_N4096_M64_Q64","gaussian_phi005_N4096","gaussian","Gaussian","inside formal moment assumptions","regular",0.05,"phi = 0.05",4096,64,64,17,100000,20000,"raw",0.9464,-0.00359999999999994,0.000712229176599779,-0.00393,0.000422075031805158,0.0536,1.02624964817887,0.94535,0.00160722396541366,20000,0.0644557211123077,4.05179645206194e-05,0.00573010549448119,0.0643366387724423,0.0605637445824442,0.0682894230270908,0.0718864259926703,0.0740444503769787,0.0644557211123077,1.00100403185183,1,0,0,0,0
"gaussian_phi005_N4096_M64_Q64","gaussian_phi005_N4096","gaussian","Gaussian","inside formal moment assumptions","regular",0.05,"phi = 0.05",4096,64,64,17,100000,20000,"K_leading",0.9494,-0.000599999999999934,0.000693106341047317,-0.00093,0.00041796303416807,0.0506,1.00219692204967,0.94855,0.00156209630785045,20000,0.0652447714815056,4.10208256293206e-05,0.00580122079447271,0.0651266947715745,0.0613038325556881,0.0691260301000421,0.0727650141792786,0.0749516874490596,0.0652447714815056,1.01325806589677,1.0122417429451,0,0,0,0
"gaussian_phi005_N4096_M64_Q64","gaussian_phi005_N4096","gaussian","Gaussian","inside formal moment assumptions","regular",0.05,"phi = 0.05",4096,64,64,17,100000,20000,"V_oracle",0.9466,-0.00339999999999996,0.00071097426113749,-0.00373,0.000422093180028446,0.0534,1.02466719325517,0.9455,0.00160514407453038,20000,0.064506756369034,4.05504770234984e-05,0.005734703456733,0.0643878854400778,0.0606114907079203,0.0683439351423463,0.0719440919484078,0.0741025803843769,0.064506756369034,1.00179661468029,1.00079178784824,0,0,0,0
"gaussian_phi005_N4096_M64_Q64","gaussian_phi005_N4096","gaussian","Gaussian","inside formal moment assumptions","regular",0.05,"phi = 0.05",4096,64,64,17,100000,20000,"V_feasible",0.94653,-0.00346999999999997,0.000711413797307868,-0.0038,0.000436414372557832,0.05347,1.02667399704163,0.94565,0.00160306078331422,20000,0.0645878952026028,4.32610768620405e-05,0.00611804016211625,0.0644611019331402,0.0604064689128892,0.0686951199148059,0.0724886503638914,0.0748133687738756,0.0645878952026028,1.00305670917835,1.00205061844029,0,0,0,0
"gaussian_phi005_N4096_M64_Q64","gaussian_phi005_N4096","gaussian","Gaussian","inside formal moment assumptions","regular",0.05,"phi = 0.05",4096,64,64,17,100000,20000,"VK_leading_oracle",0.94959,-0.00040999999999991,0.000691873051216767,-0.00074,0.000417128594036227,0.05041,1.00065155591326,0.9486,0.00156137823732752,20000,0.0652964631541779,4.10537828753775e-05,0.00580588165290792,0.0651780496727293,0.0613517101561102,0.0691806324233503,0.0728228678107743,0.0750123690544097,0.0652964631541779,1.01406084293293,1.013043714776,0,0,0,0
"gaussian_phi005_N4096_M64_Q64","gaussian_phi005_N4096","gaussian","Gaussian","inside formal moment assumptions","regular",0.05,"phi = 0.05",4096,64,64,17,100000,20000,"F_feasible_leading",0.94943,-0.000569999999999959,0.000692911791644507,-9e-04,0.000428244946190074,0.05057,1.00261132523597,0.9482,0.00156711135532865,20000,0.0653822215430875,4.38018734203876e-05,0.00619452034484618,0.0652515157792064,0.0611532439802817,0.0695363234103362,0.0733868285324127,0.0757352359524074,0.0653822215430875,1.0153926796044,1.01437421558228,0,0,0,0
"gaussian_phi005_N4096_M256_Q16","gaussian_phi005_N4096","gaussian","Gaussian","inside formal moment assumptions","regular",0.05,"phi = 0.05",4096,256,16,17,100000,20000,"raw",0.92563,-0.02437,0.000829693335516202,-0.0247,0.000659926855821575,0.07437,1.22068067092439,0.9234,0.00188059086459549,20000,0.062434607275594,8.20921342744802e-05,0.0116095809655123,0.0618708634560906,0.0543465910224764,0.0700862585066581,0.0775106780883839,0.0823424088831675,0.062434607275594,0.969615924412041,1,0,0,0,2e-05
"gaussian_phi005_N4096_M256_Q16","gaussian_phi005_N4096","gaussian","Gaussian","inside formal moment assumptions","regular",0.05,"phi = 0.05",4096,256,16,17,100000,20000,"K_leading",0.93779,-0.0122099999999999,0.000763805707624655,-0.01254,0.000616953231868432,0.06221,1.10624185802523,0.93555,0.00173632078689394,20000,0.0656740237931755,8.65127182959166e-05,0.0122347459531848,0.0650750986942502,0.0571662388935271,0.0737151588327349,0.0815693608486454,0.0867124080517026,0.0656740237931755,1.01992439880327,1.05188495065377,0,0,0,2e-05
"gaussian_phi005_N4096_M256_Q16","gaussian_phi005_N4096","gaussian","Gaussian","inside formal moment assumptions","regular",0.05,"phi = 0.05",4096,256,16,17,100000,20000,"V_oracle",0.92567,-0.02433,0.000829488101783262,-0.02466,0.000659790267609316,0.07433,1.22023251297527,0.9234,0.00188059086459549,20000,0.0624463852751734,8.21081575384149e-05,0.0116118469972293,0.0618825679224991,0.0543570929631462,0.070099330754556,0.0775254191371654,0.0823583001442061,0.0624463852751734,0.96979883796669,1.00018864536982,0,0,0,2e-05
"gaussian_phi005_N4096_M256_Q16","gaussian_phi005_N4096","gaussian","Gaussian","inside formal moment assumptions","regular",0.05,"phi = 0.05",4096,256,16,17,100000,20000,"V_feasible",0.92556,-0.0244399999999999,0.000830052326061436,-0.02477,0.000661792150670063,0.07444,1.22090412457903,0.92315,0.00188340220744269,20000,0.0624656512966117,8.25353409953684e-05,0.0116722598610738,0.0618733531474417,0.0543377229434645,0.0701370644840829,0.0776619293897906,0.0825357622618231,0.0624656512966117,0.97009804127719,1.0004972245742,0,0,0,2e-05
"gaussian_phi005_N4096_M256_Q16","gaussian_phi005_N4096","gaussian","Gaussian","inside formal moment assumptions","regular",0.05,"phi = 0.05",4096,256,16,17,100000,20000,"VK_leading_oracle",0.93784,-0.0121599999999999,0.000763519052807459,-0.01249,0.000617044412046705,0.06216,1.10583571488384,0.9356,0.00173569352133376,20000,0.0656864205029738,8.65296882174666e-05,0.0122371458625057,0.065086680198233,0.057176819988343,0.0737294293297916,0.0815846039044247,0.0867292553510872,0.0656864205029738,1.02011692099177,1.05208350575548,0,0,0,2e-05
"gaussian_phi005_N4096_M256_Q16","gaussian_phi005_N4096","gaussian","Gaussian","inside formal moment assumptions","regular",0.05,"phi = 0.05",4096,256,16,17,100000,20000,"F_feasible_leading",0.93772,-0.01228,0.00076420678876859,-0.01261,0.000617991665103164,0.06228,1.10644436289975,0.93535,0.00173882686745978,20000,0.0657105489425486,8.69912100825456e-05,0.0123024149105983,0.0650913340015092,0.0571257479436299,0.07379593928023,0.0817076233009614,0.0868940946404051,0.0657105489425486,1.02049163816008,1.05246996513479,0,0,0,2e-05
"gaussian_phi010_N4096_M16_Q256","gaussian_phi010_N4096","gaussian","Gaussian","inside formal moment assumptions","regular",0.1,"phi = 0.10",4096,16,256,8,100000,20000,"raw",0.94759,-0.00240999999999991,0.000704721164007439,-0.00193,0.000294386850311247,0.05241,1.01884502356596,0.94805,0.00156925456029288,20000,0.0672994141343714,2.10981238153125e-05,0.00298372528402417,0.0672886197437969,0.065281807401509,0.0692678442369669,0.0711574944679075,0.0722505720789426,0.0672994141343714,0.99391396624345,1,0,0,0,0
"gaussian_phi010_N4096_M16_Q256","gaussian_phi010_N4096","gaussian","Gaussian","inside formal moment assumptions","regular",0.1,"phi = 0.10",4096,16,256,8,100000,20000,"K_leading",0.94836,-0.00163999999999997,0.000699809334033207,-0.00116,0.000295613629378246,0.05164,1.012875228506,0.9487,0.00155994086426377,20000,0.0674989229500892,2.1160726347921e-05,0.00299257861908956,0.0674886886531029,0.065475192404243,0.069473081949705,0.0713680992502464,0.0724645457447228,0.0674989229500892,0.996860419802983,1.0029644955797,0,0,0,0
"gaussian_phi010_N4096_M16_Q256","gaussian_phi010_N4096","gaussian","Gaussian","inside formal moment assumptions","regular",0.1,"phi = 0.10",4096,16,256,8,100000,20000,"V_oracle",0.94917,-0.000829999999999997,0.000694595645681716,-0.00035,0.000295465138377576,0.05083,1.00603043749059,0.94955,0.00154765625220848,20000,0.0677298723158365,2.12331957367229e-05,0.00300282733833962,0.0677197921304275,0.0656988867090118,0.0697107462687176,0.0716119084706071,0.0727120574902001,0.0677298723158365,1.00027120432561,1.00639616536045,0,0,0,0
"gaussian_phi010_N4096_M16_Q256","gaussian_phi010_N4096","gaussian","Gaussian","inside formal moment assumptions","regular",0.1,"phi = 0.10",4096,16,256,8,100000,20000,"V_feasible",0.94908,-0.000919999999999921,0.000695177341402897,-0.00044,0.000317488695847143,0.05092,1.00724125314181,0.9494,0.00154983289421795,20000,0.0677978871144098,2.55297366608699e-05,0.00361044998296158,0.0677859221636228,0.0653097086254438,0.0702104726261879,0.0724473278987159,0.0737999461527745,0.0677978871144098,1.00127568347424,1.00740679523663,0,0,0,0
"gaussian_phi010_N4096_M16_Q256","gaussian_phi010_N4096","gaussian","Gaussian","inside formal moment assumptions","regular",0.1,"phi = 0.10",4096,16,256,8,100000,20000,"VK_leading_oracle",0.94966,-0.000340000000000007,0.000691417995137529,0.00014,0.000293939905434223,0.0503400000000001,1.00013572789592,0.94985,0.0015432915716092,20000,0.0679306767944877,2.12962073186695e-05,0.00301173852171716,0.0679206292441527,0.0658934610821428,0.0699173884242057,0.0718239157398495,0.0729273362736175,0.0679306767944877,1.00323679293262,1.00937991315728,0,0,0,0
"gaussian_phi010_N4096_M16_Q256","gaussian_phi010_N4096","gaussian","Gaussian","inside formal moment assumptions","regular",0.1,"phi = 0.10",4096,16,256,8,100000,20000,"F_feasible_leading",0.94961,-0.000390000000000001,0.00069174307296857,9e-05,0.000317334092100518,0.05039,1.00133944892418,0.94985,0.0015432915716092,20000,0.0679997146223959,2.56058300352856e-05,0.00362121121117212,0.0679876417717535,0.06550385859474,0.0704196182431869,0.0726630490552843,0.0740194480043487,0.0679997146223959,1.00425638072903,1.01040574419602,0,0,0,0
"gaussian_phi010_N4096_M64_Q64","gaussian_phi010_N4096","gaussian","Gaussian","inside formal moment assumptions","regular",0.1,"phi = 0.10",4096,64,64,17,100000,20000,"raw",0.94617,-0.00383,0.000713668908528318,-0.00335,0.00042141375261791,0.05383,1.03129172676993,0.9454,0.00160653104545166,20000,0.0676459698163288,4.32150528356249e-05,0.00611153138188106,0.067565959915072,0.063508372203985,0.0717087829509616,0.075551476108159,0.0778780356707926,0.0676459698163288,0.999032087059343,1,0,0,0,0
"gaussian_phi010_N4096_M64_Q64","gaussian_phi010_N4096","gaussian","Gaussian","inside formal moment assumptions","regular",0.1,"phi = 0.10",4096,64,64,17,100000,20000,"K_leading",0.94877,-0.00122999999999995,0.000697176355737915,-0.00075,0.000417487865645434,0.05123,1.00712082692376,0.94735,0.00157920830639913,20000,0.068473955529091,4.37514209206188e-05,0.00618738528390331,0.0683906165626565,0.0642831568801296,0.0725836261430994,0.0764866279162109,0.0788233215058244,0.068473955529091,1.0112602256598,1.01223998584114,0,0,0,0
"gaussian_phi010_N4096_M64_Q64","gaussian_phi010_N4096","gaussian","Gaussian","inside formal moment assumptions","regular",0.1,"phi = 0.10",4096,64,64,17,100000,20000,"V_oracle",0.94642,-0.00357999999999992,0.000712103809847974,-0.0031,0.000420601556174832,0.05358,1.02808709335473,0.94565,0.00160306078331422,20000,0.067754021566468,4.32850242889427e-05,0.00612142683970717,0.0676739139085157,0.063610510312487,0.0718233079680295,0.0756733526602206,0.0780015338823094,0.067754021566468,1.00062785345526,1.00159731245531,0,0,0,0
"gaussian_phi010_N4096_M64_Q64","gaussian_phi010_N4096","gaussian","Gaussian","inside formal moment assumptions","regular",0.1,"phi = 0.10",4096,64,64,17,100000,20000,"V_feasible",0.9462,-0.00379999999999991,0.000713481324212484,-0.00332,0.000432078283319619,0.0538,1.03004341333861,0.94535,0.00160722396541366,20000,0.0678342500724371,4.62097819861517e-05,0.00653505003991197,0.0676966896546057,0.0633845320299501,0.072203261949967,0.0762728686272087,0.078821244248217,0.0678342500724371,1.00181271120772,1.00278331815804,0,0,0,0
"gaussian_phi010_N4096_M64_Q64","gaussian_phi010_N4096","gaussian","Gaussian","inside formal moment assumptions","regular",0.1,"phi = 0.10",4096,64,64,17,100000,20000,"VK_leading_oracle",0.94919,-0.000809999999999977,0.000694466297958368,-0.00033,0.000418211262410041,0.05081,1.00399130210423,0.94775,0.00157353006803175,20000,0.0685833966387762,4.38223491878186e-05,0.00619741605564627,0.0685000617263348,0.0643848827379063,0.0727023881411902,0.0766102720143815,0.078949211529574,0.0685833966387762,1.01287651086519,1.0138578369856,0,0,0,0
"gaussian_phi010_N4096_M64_Q64","gaussian_phi010_N4096","gaussian","Gaussian","inside formal moment assumptions","regular",0.1,"phi = 0.10",4096,64,64,17,100000,20000,"F_feasible_leading",0.94903,-0.000969999999999915,0.000695500245147332,-0.00049,0.000429068106475417,0.05097,1.00590177083849,0.9479,0.00157139412624586,20000,0.0686683699043076,4.67874396703461e-05,0.00661674317305164,0.0685254939942825,0.0641594867515708,0.0730872218837576,0.0772147995188242,0.0797875841228133,0.0686683699043076,1.01413144178035,1.01511398374145,0,0,0,0
"gaussian_phi010_N4096_M256_Q16","gaussian_phi010_N4096","gaussian","Gaussian","inside formal moment assumptions","regular",0.1,"phi = 0.10",4096,256,16,17,100000,20000,"raw",0.92443,-0.02557,0.000835818013086581,-0.02509,0.000661671593082982,0.07557,1.23078401170139,0.9217,0.00189959350914873,20000,0.0656126543902497,8.71430535651026e-05,0.0123238888218373,0.0651020728039787,0.0570411277687307,0.0736021762771149,0.0817701898836373,0.0868789534274711,0.0656126543902497,0.96900299058425,1,0,0,0,1e-05
"gaussian_phi010_N4096_M256_Q16","gaussian_phi010_N4096","gaussian","Gaussian","inside formal moment assumptions","regular",0.1,"phi = 0.10",4096,256,16,17,100000,20000,"K_leading",0.93635,-0.0136499999999999,0.000772001797277701,-0.01317,0.000627669858042034,0.06365,1.11539801060439,0.9333,0.0017642436056282,20000,0.0690177964393518,9.1823473306103e-05,0.0129858001293695,0.0684595341265141,0.0599915302753024,0.0774406875525596,0.0860639274853938,0.0914387089128197,0.0690177964393518,1.01929196089962,1.05189764201352,0,0,0,1e-05
"gaussian_phi010_N4096_M256_Q16","gaussian_phi010_N4096","gaussian","Gaussian","inside formal moment assumptions","regular",0.1,"phi = 0.10",4096,256,16,17,100000,20000,"V_oracle",0.92452,-0.0254799999999999,0.000835360817850586,-0.025,0.000661176505589631,0.07548,1.22987340806843,0.92185,0.00189792752100811,20000,0.0656376104020627,8.71772574939591e-05,0.0123287259878449,0.0651255229979466,0.0570629658745851,0.0736301455427371,0.0818009913738624,0.0869128740763829,0.0656376104020627,0.9693715543972,1.00038035363826,0,0,0,1e-05
"gaussian_phi010_N4096_M256_Q16","gaussian_phi010_N4096","gaussian","Gaussian","inside formal moment assumptions","regular",0.1,"phi = 0.10",4096,256,16,17,100000,20000,"V_feasible",0.92462,-0.02538,0.000834852415699925,-0.0249,0.000662121049388131,0.07538,1.23053152492371,0.92225,0.00189347481498963,20000,0.0656567011248688,8.76360341422169e-05,0.0123936068036515,0.0651230428054872,0.0570353336906711,0.0736709081308166,0.0819353298298459,0.0870505675716117,0.0656567011248688,0.969653496465593,1.00067131462716,0,0,0,1e-05
"gaussian_phi010_N4096_M256_Q16","gaussian_phi010_N4096","gaussian","Gaussian","inside formal moment assumptions","regular",0.1,"phi = 0.10",4096,256,16,17,100000,20000,"VK_leading_oracle",0.93646,-0.01354,0.000771379727501313,-0.01306,0.000627453823785472,0.06354,1.11457277606201,0.93335,0.00176362946079952,20000,0.0690440641825186,9.18596856561828e-05,0.0129909213290303,0.0684869306802037,0.0600142329287731,0.077469106799853,0.0860971823232705,0.0914741746336054,0.0690440641825186,1.01967989706714,1.05229798770005,0,0,0,1e-05
"gaussian_phi010_N4096_M256_Q16","gaussian_phi010_N4096","gaussian","Gaussian","inside formal moment assumptions","regular",0.1,"phi = 0.10",4096,256,16,17,100000,20000,"F_feasible_leading",0.93634,-0.01366,0.000772058316450254,-0.01318,0.000628384296961857,0.06366,1.11516919446212,0.933,0.00176792250961404,20000,0.0690681687615226,9.23550784614816e-05,0.0130609804514259,0.068494275039115,0.0599740737610868,0.0774923950725101,0.0862158696898943,0.091618404399792,0.0690681687615226,1.02003588646215,1.05266536468286,0,0,0,1e-05
"gaussian_phi015_N4096_M16_Q256","gaussian_phi015_N4096","gaussian","Gaussian","inside formal moment assumptions","regular",0.15,"phi = 0.15",4096,16,256,8,100000,20000,"raw",0.94611,-0.00388999999999995,0.000714043891508078,-0.00319,0.000290859218507597,0.05389,1.02524147171873,0.94625,0.0015946933482648,20000,0.0706450131861888,2.21612390765548e-05,0.00313407248610564,0.0706256262416447,0.0685375547712765,0.0727360144810243,0.0746822260611262,0.075823576739228,0.0706450131861888,0.991654099377294,1,0,0,0,0
"gaussian_phi015_N4096_M16_Q256","gaussian_phi015_N4096","gaussian","Gaussian","inside formal moment assumptions","regular",0.15,"phi = 0.15",4096,16,256,8,100000,20000,"K_leading",0.94689,-0.00310999999999995,0.00070914968730163,-0.00241,0.000288518199473645,0.05311,1.01923419747038,0.9468,0.00158697447994604,20000,0.0708544466878271,2.22270491615777e-05,0.00314337943758368,0.070834714434185,0.0687407195401693,0.0729514248095953,0.074903782692342,0.0760484171752541,0.0708544466878271,0.994593947231793,1.00296459002826,0,0,0,0
"gaussian_phi015_N4096_M16_Q256","gaussian_phi015_N4096","gaussian","Gaussian","inside formal moment assumptions","regular",0.15,"phi = 0.15",4096,16,256,8,100000,20000,"V_oracle",0.94845,-0.00154999999999994,0.000699232418441822,-0.00085,0.000283713905080099,0.05155,1.0056510660811,0.9487,0.00155994086426377,20000,0.0713349526382405,2.23780439516572e-05,0.00316473332558148,0.071314855622858,0.0692068034440825,0.0734455474716733,0.0754118657095443,0.0765639492311108,0.0713349526382405,1.00133887760992,1.0097662866908,0,0,0,0
"gaussian_phi015_N4096_M16_Q256","gaussian_phi015_N4096","gaussian","Gaussian","inside formal moment assumptions","regular",0.15,"phi = 0.15",4096,16,256,8,100000,20000,"V_feasible",0.94839,-0.00161,0.000699617094559589,-0.00091,0.000311275903222333,0.05161,1.00674866799264,0.94875,0.00155922156058721,20000,0.0714222233840265,2.67947628959754e-05,0.00378935170880598,0.0713951261150118,0.0688696385670354,0.073957301232868,0.0763008599830194,0.0776661898076556,0.0714222233840265,1.00256390948282,1.01100162860455,0,0,0,0
"gaussian_phi015_N4096_M16_Q256","gaussian_phi015_N4096","gaussian","Gaussian","inside formal moment assumptions","regular",0.15,"phi = 0.15",4096,16,256,8,100000,20000,"VK_leading_oracle",0.94909,-0.000909999999999966,0.000695112738338178,-0.00021,0.000285132200923922,0.05091,0.999758579365783,0.94935,0.00155055760131638,20000,0.0715464631820793,2.24445119494507e-05,0.00317413331997582,0.0715262688495445,0.0694120014366052,0.073662901416174,0.0756353769338326,0.0767908819570887,0.0715464631820793,1.00430788120125,1.01276027783468,0,0,0,0
"gaussian_phi015_N4096_M16_Q256","gaussian_phi015_N4096","gaussian","Gaussian","inside formal moment assumptions","regular",0.15,"phi = 0.15",4096,16,256,8,100000,20000,"F_feasible_leading",0.94913,-0.000869999999999926,0.000694854251624036,-0.00017,0.000310967326268822,0.05087,1.00084975001612,0.9495,0.00154838222025442,20000,0.0716348418208969,2.68746828050321e-05,0.00380065409073514,0.0716074942288893,0.0690743616024892,0.0741775030881138,0.0765278754091972,0.0778975902689294,0.0716348418208969,1.00554846472623,1.0140113022854,0,0,0,0
"gaussian_phi015_N4096_M64_Q64","gaussian_phi015_N4096","gaussian","Gaussian","inside formal moment assumptions","regular",0.15,"phi = 0.15",4096,64,64,17,100000,20000,"raw",0.9453,-0.00469999999999993,0.000719082123265486,-0.004,0.000414055206967796,0.0547,1.03332433226391,0.9455,0.00160514407453038,20000,0.0711749843850009,4.52317085119891e-05,0.00639672956269616,0.0710795058091777,0.066763475825713,0.0754763649496345,0.0794344023734873,0.0818335912982327,0.0711749843850009,0.999093380483645,1,0,0,0,0
"gaussian_phi015_N4096_M64_Q64","gaussian_phi015_N4096","gaussian","Gaussian","inside formal moment assumptions","regular",0.15,"phi = 0.15",4096,64,64,17,100000,20000,"K_leading",0.94793,-0.00206999999999991,0.000702557578423292,-0.00137,0.000408513035078439,0.0520699999999999,1.00910579322648,0.9481,0.00156854056370882,20000,0.0720463524242561,4.57937948085013e-05,0.00647622056907132,0.0719468783376166,0.067587063913084,0.0764003770601711,0.0804043462499392,0.0828439725386987,0.0720463524242561,1.01132489760314,1.01224261651456,0,0,0,0
"gaussian_phi015_N4096_M64_Q64","gaussian_phi015_N4096","gaussian","Gaussian","inside formal moment assumptions","regular",0.15,"phi = 0.15",4096,64,64,17,100000,20000,"V_oracle",0.94588,-0.0041199999999999,0.000715479039525268,-0.00342,0.000413382080946246,0.0541199999999999,1.02844619194814,0.9459,0.00159958103889737,20000,0.0713479544438211,4.53432466390558e-05,0.0064125034358981,0.071251745651691,0.0669264936251173,0.0756591649154374,0.0796280431028897,0.0820357102722868,0.0713479544438211,1.00152138580437,1.00243020859526,0,0,0,0
"gaussian_phi015_N4096_M64_Q64","gaussian_phi015_N4096","gaussian","Gaussian","inside formal moment assumptions","regular",0.15,"phi = 0.15",4096,64,64,17,100000,20000,"V_feasible",0.94554,-0.00445999999999991,0.000717593954824035,-0.00376,0.000424806342471821,0.05446,1.03041253007633,0.94565,0.00160306078331422,20000,0.0714349369915335,4.83246565060161e-05,0.00683413846278291,0.0712770546814236,0.0667290157354351,0.0760085392806738,0.0802319011647958,0.0828826066118911,0.0714349369915335,1.00274237219991,1.00365230296541,0,0,0,0
"gaussian_phi015_N4096_M64_Q64","gaussian_phi015_N4096","gaussian","Gaussian","inside formal moment assumptions","regular",0.15,"phi = 0.15",4096,64,64,17,100000,20000,"VK_leading_oracle",0.94857,-0.00142999999999993,0.000698462276003507,-0.00073,0.000406812396521123,0.05143,1.00434198432436,0.9489,0.00155706117413543,20000,0.0722215480858183,4.59068657127269e-05,0.00649221120969787,0.0721207250211924,0.0677521727775005,0.0765860312889618,0.0805993499468402,0.0830466981656515,0.0722215480858183,1.01378414402614,1.0147040945616,0,0,0,0
"gaussian_phi015_N4096_M64_Q64","gaussian_phi015_N4096","gaussian","Gaussian","inside formal moment assumptions","regular",0.15,"phi = 0.15",4096,64,64,17,100000,20000,"F_feasible_leading",0.94855,-0.00144999999999995,0.000698590706351008,-0.00075,0.000420352402112108,0.05145,1.00626223640266,0.9493,0.00155128188927738,20000,0.0723135211286867,4.8929505149857e-05,0.0069196769783132,0.0721492399276196,0.067549164460846,0.0769511606174065,0.0812253060792012,0.0839031477058207,0.0723135211286867,1.01507518271209,1.01599630479056,0,0,0,0
"gaussian_phi015_N4096_M256_Q16","gaussian_phi015_N4096","gaussian","Gaussian","inside formal moment assumptions","regular",0.15,"phi = 0.15",4096,256,16,17,100000,20000,"raw",0.92445,-0.02555,0.000835716444136407,-0.02485,0.000658884751903672,0.07555,1.23305033918568,0.9249,0.00186359853509279,20000,0.0691343045589741,9.11562043479154e-05,0.0128914340483275,0.0686531426925761,0.0601845222764312,0.0774875842077835,0.0858813029960862,0.0913573657475472,0.0691343045589741,0.970448067478145,1,0,0,0,4e-05
"gaussian_phi015_N4096_M256_Q16","gaussian_phi015_N4096","gaussian","Gaussian","inside formal moment assumptions","regular",0.15,"phi = 0.15",4096,256,16,17,100000,20000,"K_leading",0.93611,-0.01389,0.000773356760492853,-0.01319,0.000624471087114036,0.06389,1.11745186988702,0.93595,0.00173129427741213,20000,0.0727206826647582,9.60538660721639e-05,0.0135840680117623,0.0722219695332982,0.0632830933167133,0.0815274580785078,0.0903531331052987,0.0961340401719066,0.0727206826647582,1.02079056711283,1.05187552154697,0,0,0,4e-05
"gaussian_phi015_N4096_M256_Q16","gaussian_phi015_N4096","gaussian","Gaussian","inside formal moment assumptions","regular",0.15,"phi = 0.15",4096,256,16,17,100000,20000,"V_oracle",0.92459,-0.0254099999999999,0.000835004981422267,-0.02471,0.000658330079052241,0.07541,1.23166438412433,0.92495,0.00186302841497386,20000,0.0691742487880323,9.12105935396529e-05,0.0128991258415877,0.0686933708920543,0.0602184878498056,0.077532222517699,0.0859332965555692,0.0914081427217468,0.0691742487880323,0.971008770303518,1.00057777725997,0,0,0,4e-05
"gaussian_phi015_N4096_M256_Q16","gaussian_phi015_N4096","gaussian","Gaussian","inside formal moment assumptions","regular",0.15,"phi = 0.15",4096,256,16,17,100000,20000,"V_feasible",0.92453,-0.02547,0.000835309996947241,-0.02477,0.000659824843945912,0.07547,1.2323475178567,0.92495,0.00186302841497386,20000,0.0691948619980307,9.16757961755291e-05,0.0129649154292785,0.0686808565617906,0.0601808541050454,0.0775902608592401,0.0860484802878784,0.0914985607034475,0.0691948619980307,0.971298120864503,1.00087593907891,0,0,0,4e-05
"gaussian_phi015_N4096_M256_Q16","gaussian_phi015_N4096","gaussian","Gaussian","inside formal moment assumptions","regular",0.15,"phi = 0.15",4096,256,16,17,100000,20000,"VK_leading_oracle",0.93627,-0.0137299999999999,0.000772453798618403,-0.01303,0.000623863833749666,0.06373,1.11619584811267,0.93635,0.00172624849746495,20000,0.0727627244272346,9.61114544540829e-05,0.0135922122388368,0.0722633848584148,0.0633180939890236,0.0815752001791982,0.0904035222314495,0.0961890678299328,0.0727627244272346,1.02138071331317,1.05248363878695,0,0,0,4e-05
"gaussian_phi015_N4096_M256_Q16","gaussian_phi015_N4096","gaussian","Gaussian","inside formal moment assumptions","regular",0.15,"phi = 0.15",4096,256,16,17,100000,20000,"F_feasible_leading",0.93628,-0.01372,0.000772397317447439,-0.01302,0.00062394606264235,0.06372,1.11681493805763,0.9362,0.00172814293390333,20000,0.0727885884181622,9.66138583385705e-05,0.0136632628775599,0.0722480927644068,0.0633119437864933,0.0816322427343003,0.0904906446221252,0.0962762739066786,0.0727885884181622,1.02174376983298,1.05285775104703,0,0,0,4e-05
"gaussian_phi020_N4096_M16_Q256","gaussian_phi020_N4096","gaussian","Gaussian","inside formal moment assumptions","regular",0.2,"phi = 0.20",4096,16,256,8,100000,20000,"raw",0.94597,-0.00402999999999998,0.000714917891089599,-0.00408,0.000300057388418222,0.05403,1.03170360565148,0.94545,0.00160583774865333,20000,0.0740933723013275,2.32238595030904e-05,0.00328434970799177,0.074088987225921,0.0718483918197984,0.0762835180799768,0.0782769196977016,0.0795196967485823,0.0740933723013275,0.987774271792248,1,0,0,0,0
"gaussian_phi020_N4096_M16_Q256","gaussian_phi020_N4096","gaussian","Gaussian","inside formal moment assumptions","regular",0.2,"phi = 0.20",4096,16,256,8,100000,20000,"K_leading",0.94678,-0.00322,0.000709842458577958,-0.00327,0.000294608110783443,0.05322,1.02565846733712,0.94625,0.0015946933482648,20000,0.0743130220702081,2.32927800335005e-05,0.00329409654287497,0.0743083811734762,0.0720608493835379,0.0765098716447428,0.0785088275694833,0.0797551155014913,0.0743130220702081,0.990702528176949,1.00296449955048,0,0,0,0
"gaussian_phi020_N4096_M16_Q256","gaussian_phi020_N4096","gaussian","Gaussian","inside formal moment assumptions","regular",0.2,"phi = 0.20",4096,16,256,8,100000,20000,"V_oracle",0.94905,-0.000950000000000006,0.0006953711059571,-0.001,0.000282826448388405,0.0509500000000001,1.00493855189038,0.94845,0.00156353121970749,20000,0.0750809743359229,2.3533753898188e-05,0.00332817539363681,0.0750754531927233,0.0728060542603216,0.0773005717228347,0.0793199272220299,0.0805805098940127,0.0750809743359229,1.00094046804224,1.01332915487473,0,0,0,0
"gaussian_phi020_N4096_M16_Q256","gaussian_phi020_N4096","gaussian","Gaussian","inside formal moment assumptions","regular",0.2,"phi = 0.20",4096,16,256,8,100000,20000,"V_feasible",0.94913,-0.000869999999999926,0.000694854251624036,-0.00092,0.000309826557810913,0.05087,1.00599035170741,0.94915,0.00155345224419678,20000,0.0751635177802003,2.805732628326e-05,0.00396790513537133,0.0751518072270542,0.0724791842667996,0.0778233533311956,0.0801960000694696,0.0817231068504406,0.0751635177802003,1.00204089427511,1.01444320113438,0,0,0,0
"gaussian_phi020_N4096_M16_Q256","gaussian_phi020_N4096","gaussian","Gaussian","inside formal moment assumptions","regular",0.2,"phi = 0.20",4096,16,256,8,100000,20000,"VK_leading_oracle",0.94981,-0.000189999999999912,0.000690441626062623,-0.00024,0.00028213510948161,0.05019,0.999050240062893,0.9494,0.00154983289421795,20000,0.0753035972081638,2.36036131803886e-05,0.00333805498807139,0.0752978622056483,0.0730219101512533,0.0775294912700715,0.0795546225789007,0.080819646108746,0.0753035972081638,1.00390836029336,1.01633378086659,0,0,0,0
"gaussian_phi020_N4096_M16_Q256","gaussian_phi020_N4096","gaussian","Gaussian","inside formal moment assumptions","regular",0.2,"phi = 0.20",4096,16,256,8,100000,20000,"F_feasible_leading",0.94958,-0.000419999999999976,0.00069193802901705,-0.00047,0.00031096423908157,0.05042,1.00009587699037,0.94955,0.00154765625220848,20000,0.0753872596886828,2.81409719487328e-05,0.00397973441882588,0.075375207264732,0.0726947212633813,0.0780553185070569,0.0804340553094258,0.0819661362433783,0.0753872596886828,1.00502370493491,1.01746293018076,0,0,0,0
"gaussian_phi020_N4096_M64_Q64","gaussian_phi020_N4096","gaussian","Gaussian","inside formal moment assumptions","regular",0.2,"phi = 0.20",4096,64,64,17,100000,20000,"raw",0.94525,-0.00474999999999992,0.000719391670093559,-0.0048,0.000423522601184325,0.05475,1.03588692910104,0.94525,0.0016086086767763,20000,0.074868154042286,4.74733122246767e-05,0.00671374019989102,0.0747111915767163,0.0702699072571375,0.0793483269931019,0.083547878335972,0.0861608576896125,0.074868154042286,0.99810325866655,1,0,0,0,0
"gaussian_phi020_N4096_M64_Q64","gaussian_phi020_N4096","gaussian","Gaussian","inside formal moment assumptions","regular",0.2,"phi = 0.20",4096,64,64,17,100000,20000,"K_leading",0.94807,-0.00192999999999999,0.000701664272284118,-0.00198,0.000415165653233979,0.05193,1.01160832920023,0.9479,0.00157139412624586,20000,0.0757848533377442,4.80619508362758e-05,0.00679698627067701,0.0756250540510234,0.0711267577544029,0.0803186885640499,0.0845689411259521,0.0872230182807342,0.0757848533377442,1.01032421650528,1.0122441818846,0,0,0,0
"gaussian_phi020_N4096_M64_Q64","gaussian_phi020_N4096","gaussian","Gaussian","inside formal moment assumptions","regular",0.2,"phi = 0.20",4096,64,64,17,100000,20000,"V_oracle",0.94596,-0.00403999999999993,0.000714980268259201,-0.00409,0.000421111021400442,0.05404,1.02924757405054,0.94585,0.00160027774932978,20000,0.0751155305526624,4.76321147265359e-05,0.00673619826507783,0.0749568919521103,0.07050004393898,0.0796108104942104,0.0838217534959157,0.0864483395882346,0.0751155305526624,1.00140115353631,1.00330416201041,0,0,0,0
"gaussian_phi020_N4096_M64_Q64","gaussian_phi020_N4096","gaussian","Gaussian","inside formal moment assumptions","regular",0.2,"phi = 0.20",4096,64,64,17,100000,20000,"V_feasible",0.94588,-0.0041199999999999,0.000715479039525268,-0.00417,0.000433506620802846,0.0541199999999999,1.03097972865772,0.9458,0.00160097407849097,20000,0.0752054743677125,5.07297888779136e-05,0.00717427554474692,0.075039801156212,0.0703082437259722,0.0799728406236235,0.0845092490322448,0.0873101795537759,0.0752054743677125,1.00260023766022,1.0045055248088,0,0,0,0
"gaussian_phi020_N4096_M64_Q64","gaussian_phi020_N4096","gaussian","Gaussian","inside formal moment assumptions","regular",0.2,"phi = 0.20",4096,64,64,17,100000,20000,"VK_leading_oracle",0.94874,-0.00125999999999993,0.000697369431506716,-0.00131,0.000414589625829661,0.05126,1.00512458403373,0.94845,0.00156353121970749,20000,0.0760354141807362,4.82229233426851e-05,0.00681975122085034,0.0758753762554305,0.0713617691360431,0.0805841535132318,0.0848492557219686,0.0875114473396789,0.0760354141807362,1.01366456323993,1.01559087643313,0,0,0,0
"gaussian_phi020_N4096_M64_Q64","gaussian_phi020_N4096","gaussian","Gaussian","inside formal moment assumptions","regular",0.2,"phi = 0.20",4096,64,64,17,100000,20000,"F_feasible_leading",0.94849,-0.0015099999999999,0.000698975821470242,-0.00156,0.000426353705008902,0.0515099999999999,1.0068161412673,0.9486,0.00156137823732752,20000,0.0761305414179238,5.13633855743726e-05,0.00726387964886763,0.0759620959009428,0.0711704403151493,0.0809625090364146,0.0855537986254436,0.088390594090019,0.0761305414179238,1.01493275004966,1.01686147323634,0,0,0,0
"gaussian_phi020_N4096_M256_Q16","gaussian_phi020_N4096","gaussian","Gaussian","inside formal moment assumptions","regular",0.2,"phi = 0.20",4096,256,16,17,100000,20000,"raw",0.92572,-0.02428,0.000829231461052944,-0.02433,0.000662559356472315,0.07428,1.22217161040709,0.9258,0.00185329922030955,20000,0.0727298718482938,9.59985988751589e-05,0.0135762520498064,0.0722395159234849,0.063284923598601,0.0817205427571437,0.0903825591216317,0.095726307876965,0.0727298718482938,0.969596793493563,1,0,0,0,1e-05
"gaussian_phi020_N4096_M256_Q16","gaussian_phi020_N4096","gaussian","Gaussian","inside formal moment assumptions","regular",0.2,"phi = 0.20",4096,256,16,17,100000,20000,"K_leading",0.93782,-0.01218,0.000763633731575551,-0.01223,0.000621134549901461,0.06218,1.10759302193142,0.9369,0.00171927877320695,20000,0.0765013352756236,0.000101149051312792,0.0143046360187723,0.0759977487391635,0.0665510931057814,0.085955397449865,0.0951258465580832,0.100717593545588,0.0765013352756236,1.01987598075165,1.05185576890877,0,0,0,1e-05
"gaussian_phi020_N4096_M256_Q16","gaussian_phi020_N4096","gaussian","Gaussian","inside formal moment assumptions","regular",0.2,"phi = 0.20",4096,256,16,17,100000,20000,"V_oracle",0.92586,-0.0241399999999999,0.000828512283554082,-0.02419,0.000662157702913917,0.07414,1.22030653480165,0.92585,0.00185272471646492,20000,0.072786920571489,9.60762834445964e-05,0.013587238306975,0.0722954553087037,0.0633343659723153,0.0817834275418436,0.0904535091370505,0.0958067606437096,0.072786920571489,0.970357337375702,1.0007843919114,0,0,0,1e-05
"gaussian_phi020_N4096_M256_Q16","gaussian_phi020_N4096","gaussian","Gaussian","inside formal moment assumptions","regular",0.2,"phi = 0.20",4096,256,16,17,100000,20000,"V_feasible",0.92577,-0.02423,0.000828974710711974,-0.02428,0.000663407278443771,0.07423,1.220891097391,0.92585,0.00185272471646492,20000,0.0728081173225795,9.65519209205806e-05,0.013654503603906,0.0723288426262864,0.0633132625664322,0.0818550809857831,0.0905625768544466,0.0959435287106763,0.0728081173225795,0.970639921427723,1.00107583682326,0,0,0,1e-05
"gaussian_phi020_N4096_M256_Q16","gaussian_phi020_N4096","gaussian","Gaussian","inside formal moment assumptions","regular",0.2,"phi = 0.20",4096,256,16,17,100000,20000,"VK_leading_oracle",0.93804,-0.01196,0.000762371027781093,-0.01201,0.000620694330258072,0.06196,1.10590279716399,0.93725,0.00171482415279235,20000,0.0765613771114851,0.000101231293309631,0.0143162667935049,0.076055275127876,0.0666029373570257,0.0860252183944437,0.0952011052722967,0.100802714312286,0.0765613771114851,1.02067642725386,1.05268131464859,0,0,0,1e-05
"gaussian_phi020_N4096_M256_Q16","gaussian_phi020_N4096","gaussian","Gaussian","inside formal moment assumptions","regular",0.2,"phi = 0.20",4096,256,16,17,100000,20000,"F_feasible_leading",0.93791,-0.0120899999999999,0.000763117500126946,-0.01214,0.000623000871027363,0.06209,1.1064325570106,0.93715,0.0017160984456027,20000,0.0765880184174188,0.000101745442550236,0.0143889784764196,0.0760586985792809,0.0665770222854801,0.0860789930329611,0.0953044275826856,0.100984031146755,0.0765880184174188,1.021031595277,1.0530476195142,0,0,0,1e-05
"gaussian_phi025_N4096_M16_Q256","gaussian_phi025_N4096","gaussian","Gaussian","inside formal moment assumptions","regular",0.25,"phi = 0.25",4096,16,256,8,100000,20000,"raw",0.94604,-0.00395999999999996,0.000714481059231104,-0.00446,0.00030529005227842,0.05396,1.035820516159,0.9472,0.00158133108487755,20000,0.0778179481251128,2.44667037927558e-05,0.00346011443302805,0.0777841870028465,0.0754605762446027,0.0801208321967748,0.0822816276786787,0.0835520769573585,0.0778179481251128,0.984204993179359,1,0,0,0,0
"gaussian_phi025_N4096_M16_Q256","gaussian_phi025_N4096","gaussian","Gaussian","inside formal moment assumptions","regular",0.25,"phi = 0.25",4096,16,256,8,100000,20000,"K_leading",0.94679,-0.00320999999999994,0.000709779514356395,-0.00371,0.000302924539502442,0.05321,1.02975125532213,0.94765,0.0015749520230788,20000,0.0780486454138011,2.45393189135774e-05,0.00347038376189797,0.0780143023358917,0.0756844724349233,0.0803582884925591,0.0825255723208368,0.0837995528742902,0.0780486454138011,0.987122744532489,1.00296457686493,0,0,0,0
"gaussian_phi025_N4096_M16_Q256","gaussian_phi025_N4096","gaussian","Gaussian","inside formal moment assumptions","regular",0.25,"phi = 0.25",4096,16,256,8,100000,20000,"V_oracle",0.9501,9.9999999999989e-05,0.000688549126787625,-4e-04,0.000289826223783149,0.0499000000000001,1.00142355932103,0.9503,0.00153671581627834,20000,0.0791532132343511,2.48870156949504e-05,0.00351955551227909,0.0791171535462971,0.0767555763115582,0.0814963680551708,0.0836926346414695,0.084987202385372,0.0791532132343511,1.00109280144716,1.01715883213846,0,0,0,0
"gaussian_phi025_N4096_M16_Q256","gaussian_phi025_N4096","gaussian","Gaussian","inside formal moment assumptions","regular",0.25,"phi = 0.25",4096,16,256,8,100000,20000,"V_feasible",0.94997,-2.99999999999745e-05,0.00068939828183714,-0.00053,0.000308379866368445,0.05003,1.00291708879556,0.95075,0.0015301051842929,20000,0.0792340003448672,2.95636001093713e-05,0.00418092442272477,0.0791943868260302,0.0763885361869557,0.0820275916463056,0.0846059885360406,0.0861472922644831,0.0792340003448672,1.00211455901685,1.01819698737723,0,0,0,0
"gaussian_phi025_N4096_M16_Q256","gaussian_phi025_N4096","gaussian","Gaussian","inside formal moment assumptions","regular",0.25,"phi = 0.25",4096,16,256,8,100000,20000,"VK_leading_oracle",0.95068,0.000680000000000014,0.000684744752444296,0.00018,0.000288098084001022,0.04932,0.995555843153129,0.95095,0.00152715581228636,20000,0.0793879309308184,2.49609044769829e-05,0.00353000496404485,0.0793513467311357,0.0769839025082815,0.081737776025133,0.0839403462784403,0.0852407982276635,0.0793879309308184,1.00406140103654,1.0201750732772,0,0,0,0
"gaussian_phi025_N4096_M16_Q256","gaussian_phi025_N4096","gaussian","Gaussian","inside formal moment assumptions","regular",0.25,"phi = 0.25",4096,16,256,8,100000,20000,"F_feasible_leading",0.95056,0.000560000000000005,0.000685533999156862,6e-05,0.000308870390308265,0.04944,0.9970406214784,0.9513,0.00152197749654849,20000,0.0794698574263247,2.96517224145125e-05,0.00419338679863259,0.0794301206591838,0.0766165450589647,0.0822713187366332,0.0848574051508061,0.0864034395389884,0.0794698574263247,1.00509756901441,1.02122787018948,0,0,0,0
"gaussian_phi025_N4096_M64_Q64","gaussian_phi025_N4096","gaussian","Gaussian","inside formal moment assumptions","regular",0.25,"phi = 0.25",4096,64,64,17,100000,20000,"raw",0.94593,-0.00406999999999991,0.000715167358735002,-0.00457,0.000423429975237275,0.05407,1.0346011238441,0.9473,0.00157991629525111,20000,0.0788740573444185,5.03074826484752e-05,0.00711455242503227,0.0787289312501571,0.0740169533293709,0.0836503982955089,0.0881064942591187,0.0908371150621453,0.0788740573444185,0.997562168381565,1,0,0,0,0
"gaussian_phi025_N4096_M64_Q64","gaussian_phi025_N4096","gaussian","Gaussian","inside formal moment assumptions","regular",0.25,"phi = 0.25",4096,64,64,17,100000,20000,"K_leading",0.94894,-0.00105999999999995,0.000696081003906873,-0.00156,0.000418780870831247,0.05106,1.01035266000401,0.95025,0.00153744816985809,20000,0.079839659517048,5.09322946756989e-05,0.00720291418931563,0.0796827438625799,0.0749183581537455,0.0846709503925841,0.0891852323642058,0.0919441497074353,0.079839659517048,1.00977465280995,1.01224232916551,0,0,0,0
"gaussian_phi025_N4096_M64_Q64","gaussian_phi025_N4096","gaussian","Gaussian","inside formal moment assumptions","regular",0.25,"phi = 0.25",4096,64,64,17,100000,20000,"V_oracle",0.94695,-0.00305,0.000708771454701726,-0.00355,0.000421160003748561,0.05305,1.02611305628294,0.94815,0.00156782616223866,20000,0.0792080653305359,5.05235514614863e-05,0.0071451091696089,0.0790580528929307,0.0743295700725959,0.0840048953182413,0.0884751782893142,0.0912200581012604,0.0792080653305359,1.00178654509181,1.00423470019628,0,0,0,0
"gaussian_phi025_N4096_M64_Q64","gaussian_phi025_N4096","gaussian","Gaussian","inside formal moment assumptions","regular",0.25,"phi = 0.25",4096,64,64,17,100000,20000,"V_feasible",0.94676,-0.00323999999999991,0.000709968326054057,-0.00374,0.000433661163375332,0.05324,1.02790774422354,0.9483,0.00156568052296757,20000,0.0793053700110388,5.37375256451993e-05,0.00759963375758129,0.0791352370248287,0.0741027948599285,0.0843731472934745,0.0892029443022619,0.0920956322893852,0.0793053700110388,1.00301720915734,1.00546837174531,0,0,0,0
"gaussian_phi025_N4096_M64_Q64","gaussian_phi025_N4096","gaussian","Gaussian","inside formal moment assumptions","regular",0.25,"phi = 0.25",4096,64,64,17,100000,20000,"VK_leading_oracle",0.94981,-0.000189999999999912,0.000690441626062623,-0.00069,0.000417728361462134,0.05019,1.00206353152631,0.95095,0.00152715581228636,20000,0.0801779652363835,5.11513240369158e-05,0.00723388961863472,0.0800179872976353,0.0752320417409898,0.0850318642253295,0.0895654859581407,0.0923348774070817,0.0801779652363835,1.01405338523882,1.01653151791433,0,0,0,0
"gaussian_phi025_N4096_M64_Q64","gaussian_phi025_N4096","gaussian","Gaussian","inside formal moment assumptions","regular",0.25,"phi = 0.25",4096,64,64,17,100000,20000,"F_feasible_leading",0.94981,-0.000189999999999912,0.000690441626062623,-0.00069,0.000428365584484491,0.05019,1.0038161564683,0.95115,0.00152419942100763,20000,0.0802807186560406,5.44098469093737e-05,0.00769471434258802,0.0801078887353626,0.0750130209624887,0.0854068725500407,0.0902988545262972,0.0932459307273894,0.0802807186560406,1.01535296240745,1.01783427097556,0,0,0,0
"gaussian_phi025_N4096_M256_Q16","gaussian_phi025_N4096","gaussian","Gaussian","inside formal moment assumptions","regular",0.25,"phi = 0.25",4096,256,16,17,100000,20000,"raw",0.92516,-0.02484,0.000832099599807619,-0.02534,0.00065771055171078,0.07484,1.23304999950673,0.92615,0.00184927252588687,20000,0.07665913292352,0.000100085081807939,0.0141541680084009,0.0760660188420362,0.0668513200581838,0.0858397292885996,0.0951999183839548,0.100775368785166,0.07665913292352,0.969548840774182,1,0,0,0,6e-05
"gaussian_phi025_N4096_M256_Q16","gaussian_phi025_N4096","gaussian","Gaussian","inside formal moment assumptions","regular",0.25,"phi = 0.25",4096,256,16,17,100000,20000,"K_leading",0.93782,-0.01218,0.000763633731575551,-0.01268,0.000615138976134336,0.06218,1.11745156205297,0.93965,0.00168386278389897,20000,0.0806349034217438,0.000105457974745931,0.0149140098146095,0.0800235078236124,0.0702755354721404,0.0902604817153085,0.100181040415446,0.106093526865287,0.0806349034217438,1.01983252558422,1.05186297244179,0,0,0,6e-05
"gaussian_phi025_N4096_M256_Q16","gaussian_phi025_N4096","gaussian","Gaussian","inside formal moment assumptions","regular",0.25,"phi = 0.25",4096,256,16,17,100000,20000,"V_oracle",0.9254,-0.0246,0.000830872071982203,-0.0251,0.000657042020758315,0.0746,1.23064138510477,0.9264,0.00184638890811226,20000,0.0767361375065187,0.000100188845810626,0.0141688424543893,0.0761425614179707,0.0669186461550949,0.0859246489219003,0.0952963397179265,0.100882881479958,0.0767361375065187,0.970522758705854,1.00100450631336,0,0,0,6e-05
"gaussian_phi025_N4096_M256_Q16","gaussian_phi025_N4096","gaussian","Gaussian","inside formal moment assumptions","regular",0.25,"phi = 0.25",4096,256,16,17,100000,20000,"V_feasible",0.92539,-0.0246099999999999,0.000830923269020672,-0.02511,0.000658330625895628,0.07461,1.23124526824304,0.9266,0.00184407754717637,20000,0.0767589952418622,0.000100700219104601,0.0142411615591669,0.0761697541268881,0.066864410848171,0.0860109179654748,0.0954162316616885,0.10104310843841,0.0767589952418622,0.97081185264626,1.00130267998781,0,0,0,6e-05
"gaussian_phi025_N4096_M256_Q16","gaussian_phi025_N4096","gaussian","Gaussian","inside formal moment assumptions","regular",0.25,"phi = 0.25",4096,256,16,17,100000,20000,"VK_leading_oracle",0.93803,-0.0119699999999999,0.000762428482547707,-0.01247,0.000614612697955131,0.06197,1.1152687552512,0.93975,0.0016825566483777,20000,0.080715949765827,0.000105567836399125,0.0149295465986027,0.0801009153377076,0.0703464908362972,0.0903511688594213,0.100280347056988,0.106203299135346,0.080715949765827,1.02085756181876,1.05292020255896,0,0,0,6e-05
"gaussian_phi025_N4096_M256_Q16","gaussian_phi025_N4096","gaussian","Gaussian","inside formal moment assumptions","regular",0.25,"phi = 0.25",4096,256,16,17,100000,20000,"F_feasible_leading",0.93801,-0.0119899999999999,0.000762543375159735,-0.01249,0.000614608636807004,0.06199,1.11581602434526,0.93985,0.0016812492007433,20000,0.080744479222464,0.000106119480812066,0.0150075608996416,0.0801146165957602,0.0703422620885652,0.0904748554134241,0.100423296610236,0.106396823857084,0.080744479222464,1.02121838903602,1.05329236247715,0,0,0,6e-05
"gaussian_phi030_N4096_M16_Q256","gaussian_phi030_N4096","gaussian","Gaussian","inside formal moment assumptions","regular",0.3,"phi = 0.30",4096,16,256,8,100000,20000,"raw",0.94463,-0.00536999999999999,0.00072321617169419,-0.00563,0.000308194712543561,0.05537,1.04573541808955,0.94385,0.00162783871283368,20000,0.0818303953178461,2.55909694336634e-05,0.00361910960473621,0.0818266972446313,0.0793740440992899,0.084274453092,0.0864504252168656,0.0877682444446134,0.0818303953178461,0.980457646268704,1,0,0,0,0
"gaussian_phi030_N4096_M16_Q256","gaussian_phi030_N4096","gaussian","Gaussian","inside formal moment assumptions","regular",0.3,"phi = 0.30",4096,16,256,8,100000,20000,"K_leading",0.94538,-0.00461999999999996,0.00071858649862073,-0.00488,0.000307835676340538,0.05462,1.03960806212418,0.94465,0.00161688554789756,20000,0.0820730002136692,2.56669909893897e-05,0.00362986067625029,0.0820693813873026,0.0796096659079879,0.0845245722486583,0.0867069102138023,0.0880284721598757,0.0820730002136692,0.983364436883708,1.00296472838584,0,0,0,0
"gaussian_phi030_N4096_M16_Q256","gaussian_phi030_N4096","gaussian","Gaussian","inside formal moment assumptions","regular",0.3,"phi = 0.30",4096,16,256,8,100000,20000,"V_oracle",0.94961,-0.000390000000000001,0.00069174307296857,-0.00065,0.000294103111113092,0.05039,1.00280334887225,0.9491,0.00155417486146186,20000,0.083577088613063,2.61383523698768e-05,0.00369652124195667,0.0835727204212358,0.0810690663734121,0.0860734085587384,0.0882980795991446,0.0896408478620064,0.083577088613063,1.00138579638126,1.02134528726682,0,0,0,0
"gaussian_phi030_N4096_M16_Q256","gaussian_phi030_N4096","gaussian","Gaussian","inside formal moment assumptions","regular",0.3,"phi = 0.30",4096,16,256,8,100000,20000,"V_feasible",0.94959,-0.00040999999999991,0.000691873051216767,-0.00067,0.00031921235872895,0.05041,1.00383012373057,0.94915,0.00155345224419678,20000,0.0836713781269887,3.09207317925319e-05,0.00437285182594996,0.0836816339797873,0.0806993586088648,0.0866267822785683,0.0892447797531894,0.0908538875507623,0.0836713781269887,1.0025155339871,1.02249754265505,0,0,0,0
"gaussian_phi030_N4096_M16_Q256","gaussian_phi030_N4096","gaussian","Gaussian","inside formal moment assumptions","regular",0.3,"phi = 0.30",4096,16,256,8,100000,20000,"VK_leading_oracle",0.95038,0.000380000000000047,0.000686715775266595,0.00012,0.000296649180021385,0.04962,0.996927547999949,0.9504,0.00153524981680507,20000,0.0838249540345575,2.62160378367046e-05,0.00370750762603539,0.083821400329118,0.0813092644093697,0.0863286557864184,0.0885608291229174,0.0899072414114738,0.0838249540345575,1.00435561641947,1.0243743013701,0,0,0,0
"gaussian_phi030_N4096_M16_Q256","gaussian_phi030_N4096","gaussian","Gaussian","inside formal moment assumptions","regular",0.3,"phi = 0.30",4096,16,256,8,100000,20000,"F_feasible_leading",0.95029,0.000290000000000012,0.000687305724550582,3e-05,0.000318278186513057,0.04971,0.997948306599337,0.94985,0.0015432915716092,20000,0.083920448994429,3.1012968849903e-05,0.00438589611569871,0.0839314978179685,0.0809390808499612,0.0868847500291481,0.0895106005951325,0.0911242841141429,0.083920448994429,1.00549979717557,1.02554128778756,0,0,0,0
"gaussian_phi030_N4096_M64_Q64","gaussian_phi030_N4096","gaussian","Gaussian","inside formal moment assumptions","regular",0.3,"phi = 0.30",4096,64,64,17,100000,20000,"raw",0.94572,-0.00427999999999995,0.000716475272427458,-0.00454,0.000416648076866076,0.05428,1.03664042857855,0.9445,0.00161894641665498,20000,0.0831818151775039,5.28364592023376e-05,0.00747220371917186,0.0830648558127195,0.0781402352652579,0.0881566542916511,0.0928395978590134,0.0956347344785639,0.0831818151775039,0.996649795036583,1,0,0,0,0
"gaussian_phi030_N4096_M64_Q64","gaussian_phi030_N4096","gaussian","Gaussian","inside formal moment assumptions","regular",0.3,"phi = 0.30",4096,64,64,17,100000,20000,"K_leading",0.9484,-0.00159999999999993,0.000699553000136516,-0.00186,0.000409837874861312,0.0516,1.01234416853374,0.94725,0.00158062388789996,20000,0.084200139125668,5.34938352228203e-05,0.00756517072754641,0.0840752435486023,0.0790920001193509,0.0892317761482809,0.0939793832121038,0.0968012176756113,0.084200139125668,1.00885092760448,1.01224214626708,0,0,0,0
"gaussian_phi030_N4096_M64_Q64","gaussian_phi030_N4096","gaussian","Gaussian","inside formal moment assumptions","regular",0.3,"phi = 0.30",4096,64,64,17,100000,20000,"V_oracle",0.94699,-0.00300999999999996,0.000708519159232833,-0.00327,0.000411818852103288,0.05301,1.02612593121347,0.9457,0.00160236559498761,20000,0.0836179516447706,5.31179336277169e-05,0.00751201021415511,0.0834970377092784,0.0785455354197752,0.0886183332281008,0.0933273991574159,0.0961347445629206,0.0836179516447706,1.00187540017374,1.00524317083411,0,0,0,0
"gaussian_phi030_N4096_M64_Q64","gaussian_phi030_N4096","gaussian","Gaussian","inside formal moment assumptions","regular",0.3,"phi = 0.30",4096,64,64,17,100000,20000,"V_feasible",0.94678,-0.00322,0.000709842458577958,-0.00348,0.000423179260842102,0.05322,1.0276974834495,0.9451,0.00161068292969163,20000,0.0837192356500937,5.64732490784752e-05,0.00798652347580535,0.0835892945324512,0.0783464698622497,0.0890366164047906,0.0940797774468569,0.0970448894134334,0.0837192356500937,1.00308894285648,1.0064607928,0,0,0,0
"gaussian_phi030_N4096_M64_Q64","gaussian_phi030_N4096","gaussian","Gaussian","inside formal moment assumptions","regular",0.3,"phi = 0.30",4096,64,64,17,100000,20000,"VK_leading_oracle",0.9497,-0.000299999999999967,0.000691157796743985,-0.00056,0.000408164831882047,0.0503,1.00207610470066,0.9483,0.00156568052296757,20000,0.0846418876721483,5.37791898502481e-05,0.00760552596596583,0.0845161038601604,0.0795033968322709,0.0897003581726876,0.0944733152808965,0.0973069109198685,0.0846418876721483,1.01414377433267,1.01755278472258,0,0,0,0
"gaussian_phi030_N4096_M64_Q64","gaussian_phi030_N4096","gaussian","Gaussian","inside formal moment assumptions","regular",0.3,"phi = 0.30",4096,64,64,17,100000,20000,"F_feasible_leading",0.94941,-0.000589999999999979,0.00069304149875747,-0.00085,0.000420588330729039,0.05059,1.00361082368115,0.9478,0.00157281848920974,20000,0.0847488444327449,5.71808535189892e-05,0.00808659385546238,0.0846205206635692,0.0793039667903875,0.0901344214515362,0.0952354507046197,0.0982466176292644,0.0847488444327449,1.01542528560167,1.01883860374887,0,0,0,0
"gaussian_phi030_N4096_M256_Q16","gaussian_phi030_N4096","gaussian","Gaussian","inside formal moment assumptions","regular",0.3,"phi = 0.30",4096,256,16,17,100000,20000,"raw",0.92459,-0.0254099999999999,0.000835004981422267,-0.02567,0.000654763161874568,0.07541,1.23513873673364,0.92265,0.00188900737822805,20000,0.080959471668344,0.000106059820424994,0.0149991236467882,0.0804179390131546,0.0706241417896199,0.0908211541514726,0.100329406164153,0.106514353663564,0.080959471668344,0.970022602564542,1,0,0,0,1e-05
"gaussian_phi030_N4096_M256_Q16","gaussian_phi030_N4096","gaussian","Gaussian","inside formal moment assumptions","regular",0.3,"phi = 0.30",4096,256,16,17,100000,20000,"K_leading",0.93637,-0.0136299999999999,0.000771888742630698,-0.01389,0.00061852607442617,0.06363,1.11934448016486,0.9344,0.00175066615892351,20000,0.085156463990343,0.000111741983717703,0.0158027028860049,0.0845534853611258,0.0742649591957447,0.0955315490990766,0.105559315443778,0.112103678764268,0.085156463990343,1.02030921302819,1.05184065848641,0,0,0,1e-05
"gaussian_phi030_N4096_M256_Q16","gaussian_phi030_N4096","gaussian","Gaussian","inside formal moment assumptions","regular",0.3,"phi = 0.30",4096,256,16,17,100000,20000,"V_oracle",0.92499,-0.02501,0.000832967585803914,-0.02527,0.000653083866119323,0.07501,1.23215591824504,0.9229,0.00188620770330311,20000,0.0810600074678486,0.000106195552420528,0.0150183190496814,0.0805154027209,0.070710432287722,0.0909335619366947,0.100451936995818,0.106644569964387,0.0810600074678486,0.971227180557417,1.00124180404631,0,0,0,1e-05
"gaussian_phi030_N4096_M256_Q16","gaussian_phi030_N4096","gaussian","Gaussian","inside formal moment assumptions","regular",0.3,"phi = 0.30",4096,256,16,17,100000,20000,"V_feasible",0.92488,-0.0251199999999999,0.000833528557399205,-0.02538,0.000654035804546155,0.07512,1.23267736667578,0.92295,0.0018856470706365,20000,0.0810835262818686,0.000106708319269201,0.0150908352328542,0.0805153337597625,0.0706639172552508,0.0909619676655577,0.100576582387096,0.106853156834294,0.0810835262818686,0.971508973171853,1.0015323051271,0,0,0,1e-05
"gaussian_phi030_N4096_M256_Q16","gaussian_phi030_N4096","gaussian","Gaussian","inside formal moment assumptions","regular",0.3,"phi = 0.30",4096,256,16,17,100000,20000,"VK_leading_oracle",0.93671,-0.0132899999999999,0.000769963479004037,-0.01355,0.000617792676937755,0.06329,1.11664130090956,0.93465,0.00174756083585093,20000,0.0852622715692384,0.000111885660460668,0.0158230218458548,0.0846575819708759,0.0743571621033779,0.0956543315508792,0.105687437428927,0.112241410564276,0.0852622715692384,1.02157695528164,1.05314757880982,0,0,0,1e-05
"gaussian_phi030_N4096_M256_Q16","gaussian_phi030_N4096","gaussian","Gaussian","inside formal moment assumptions","regular",0.3,"phi = 0.30",4096,256,16,17,100000,20000,"F_feasible_leading",0.93664,-0.0133599999999999,0.000770360372812621,-0.01362,0.000619474610850142,0.06336,1.11711386354993,0.9347,0.00174693889418033,20000,0.0852916920400102,0.000112439614667708,0.0159013628011078,0.0846849172577195,0.0743201907942132,0.0957013375693774,0.105821838300819,0.112402378034779,0.0852916920400102,1.02192945908433,1.05351097632422,0,0,0,1e-05
"gaussian_phi035_N4096_M16_Q256","gaussian_phi035_N4096","gaussian","Gaussian","inside formal moment assumptions","regular",0.35,"phi = 0.35",4096,16,256,8,100000,20000,"raw",0.94236,-0.00763999999999998,0.000737004955207223,-0.0065,0.00031808569880634,0.05764,1.06287848480965,0.94155,0.00165881881922047,20000,0.0861310243013916,2.68354295697149e-05,0.00379510284495988,0.0861086319996121,0.0835339443116745,0.0886528734290433,0.0910027273967231,0.092459078213682,0.0861310243013916,0.975873642553299,1,0,0,0,0
"gaussian_phi035_N4096_M16_Q256","gaussian_phi035_N4096","gaussian","Gaussian","inside formal moment assumptions","regular",0.35,"phi = 0.35",4096,16,256,8,100000,20000,"K_leading",0.94305,-0.0069499999999999,0.000732848534828309,-0.00581,0.000313948124113278,0.0569499999999999,1.05665068118772,0.9426,0.0016447680687562,20000,0.0863863691251382,2.691508249872e-05,0.00380636747020806,0.0863638632996051,0.0837812783497086,0.0889154610189661,0.0912721561297577,0.0927330002296662,0.0863863691251382,0.97876672649463,1.00296460916165,0,0,0,0
"gaussian_phi035_N4096_M16_Q256","gaussian_phi035_N4096","gaussian","Gaussian","inside formal moment assumptions","regular",0.35,"phi = 0.35",4096,16,256,8,100000,20000,"V_oracle",0.94882,-0.00117999999999996,0.000696854415211671,-4e-05,0.000294280223610932,0.05118,1.01008269016704,0.94815,0.00156782616223866,20000,0.0883705271449712,2.75340802205145e-05,0.00389390696753204,0.0883478484363929,0.0857050885340896,0.0909575015866436,0.0933698113838393,0.0948618660467725,0.0883705271449712,1.00124744734894,1.02600111703935,0,0,0,0
"gaussian_phi035_N4096_M16_Q256","gaussian_phi035_N4096","gaussian","Gaussian","inside formal moment assumptions","regular",0.35,"phi = 0.35",4096,16,256,8,100000,20000,"V_feasible",0.9486,-0.00139999999999996,0.000698269575450628,-0.00026,0.000318748082352506,0.0514,1.01107144636259,0.9481,0.00156854056370882,20000,0.0884572325357948,3.23461812635378e-05,0.00457444082338737,0.088418836464698,0.08529995143583,0.0915209226660103,0.0943386019821536,0.096074039480843,0.0884572325357948,1.00222982862513,1.02700778556009,0,0,0,0
"gaussian_phi035_N4096_M16_Q256","gaussian_phi035_N4096","gaussian","Gaussian","inside formal moment assumptions","regular",0.35,"phi = 0.35",4096,16,256,8,100000,20000,"VK_leading_oracle",0.94959,-0.00040999999999991,0.000691873051216767,0.00073,0.000294101234195573,0.05041,1.00416423690434,0.9488,0.0015585018447214,20000,0.0886326165840881,2.76158518613307e-05,0.00390547122387802,0.0886100312980079,0.0859588210003691,0.0912269128563279,0.0936463321842717,0.0951430872159161,0.0886326165840881,1.00421694849792,1.02904403265823,0,0,0,0
"gaussian_phi035_N4096_M16_Q256","gaussian_phi035_N4096","gaussian","Gaussian","inside formal moment assumptions","regular",0.35,"phi = 0.35",4096,16,256,8,100000,20000,"F_feasible_leading",0.94934,-0.000659999999999994,0.000693495237186241,0.00048,0.000315592604455364,0.05066,1.00514719960656,0.9487,0.00155994086426377,20000,0.0887205288912625,3.24426102939037e-05,0.00458807794764237,0.0886815017767764,0.0855531781366677,0.0917935424479477,0.0946194181063132,0.0963597937217176,0.0887205288912625,1.0052130042644,1.03006471374135,0,0,0,0
"gaussian_phi035_N4096_M64_Q64","gaussian_phi035_N4096","gaussian","Gaussian","inside formal moment assumptions","regular",0.35,"phi = 0.35",4096,64,64,17,100000,20000,"raw",0.94364,-0.00635999999999992,0.000729270528679172,-0.00522,0.000427234527272098,0.05636,1.04812777797061,0.9435,0.00163260145167153,20000,0.0878717185193079,5.55957014569894e-05,0.00786241950101201,0.08769483161985,0.0825572085093657,0.0930803916517315,0.0980650534707065,0.101004001520507,0.0878717185193079,0.995595892704015,1,0,0,0,0
"gaussian_phi035_N4096_M64_Q64","gaussian_phi035_N4096","gaussian","Gaussian","inside formal moment assumptions","regular",0.35,"phi = 0.35",4096,64,64,17,100000,20000,"K_leading",0.94676,-0.00323999999999991,0.000709968326054057,-0.0021,0.000416362382518325,0.05324,1.02356228317442,0.9468,0.00158697447994604,20000,0.0889474058979357,5.6286317899434e-05,0.0079600874149423,0.0887682354068662,0.0835597703090334,0.0942221031919711,0.0992683636700051,0.102249487343441,0.0889474058979357,1.00778354481827,1.01224156528123,0,0,0,0
"gaussian_phi035_N4096_M64_Q64","gaussian_phi035_N4096","gaussian","Gaussian","inside formal moment assumptions","regular",0.35,"phi = 0.35",4096,64,64,17,100000,20000,"V_oracle",0.94534,-0.00466,0.000718834364787884,-0.00352,0.000421281225286278,0.05466,1.03526513138576,0.94505,0.00161137359882803,20000,0.0884300566457192,5.59540951028827e-05,0.00791310401648106,0.0882521428171329,0.0830791820399414,0.0936751975705108,0.0986920328168923,0.101655046995434,0.0884300566457192,1.00192192290761,1.00635401396285,0,0,0,0
"gaussian_phi035_N4096_M64_Q64","gaussian_phi035_N4096","gaussian","Gaussian","inside formal moment assumptions","regular",0.35,"phi = 0.35",4096,64,64,17,100000,20000,"V_feasible",0.94503,-0.00496999999999992,0.000720751684701465,-0.00383,0.000436067899015882,0.05497,1.03692556292493,0.945,0.00161206389451535,20000,0.0885280929292502,5.94217379126048e-05,0.00840350276557852,0.0883375665988361,0.0827986086868636,0.0941004035570383,0.0994040834411481,0.102624304894671,0.0885280929292502,1.00303268440021,1.00746968900805,0,0,0,0
"gaussian_phi035_N4096_M64_Q64","gaussian_phi035_N4096","gaussian","Gaussian","inside formal moment assumptions","regular",0.35,"phi = 0.35",4096,64,64,17,100000,20000,"VK_leading_oracle",0.94819,-0.00180999999999998,0.000700897452556364,-0.00067,0.00041628985571647,0.05181,1.01100110486891,0.94825,0.00156639614242375,20000,0.0895129282480643,5.66496320080213e-05,0.00801146778891887,0.0893315272909999,0.0840863921601859,0.0948214399733869,0.0998971051103797,0.102903922697196,0.0895129282480643,1.01419097303873,1.01867733733233,0,0,0,0
"gaussian_phi035_N4096_M64_Q64","gaussian_phi035_N4096","gaussian","Gaussian","inside formal moment assumptions","regular",0.35,"phi = 0.35",4096,64,64,17,100000,20000,"F_feasible_leading",0.94793,-0.00206999999999991,0.000702557578423292,-0.00093,0.000430921347733063,0.0520699999999999,1.01262262004388,0.9481,0.00156854056370882,20000,0.0896167854484688,6.01652549440953e-05,0.00850865195255744,0.0894244203909647,0.0838192554601764,0.0952548168859332,0.100626044791774,0.10388654434105,0.0896167854484688,1.01536768613701,1.01985925572603,0,0,0,0
"gaussian_phi035_N4096_M256_Q16","gaussian_phi035_N4096","gaussian","Gaussian","inside formal moment assumptions","regular",0.35,"phi = 0.35",4096,256,16,17,100000,20000,"raw",0.92391,-0.0260899999999999,0.000838452812625732,-0.02495,0.000663686205818531,0.07609,1.2412903582696,0.92415,0.00187212149044874,20000,0.085530175767582,0.000113006038427597,0.0159814672174362,0.0850397685670877,0.0743717736660952,0.0960681679466925,0.106488617499316,0.11264150713118,0.085530175767582,0.969065964924158,1,0,0,0,2e-05
"gaussian_phi035_N4096_M256_Q16","gaussian_phi035_N4096","gaussian","Gaussian","inside formal moment assumptions","regular",0.35,"phi = 0.35",4096,256,16,17,100000,20000,"K_leading",0.93614,-0.01386,0.00077318756068628,-0.01272,0.000627364289595382,0.06386,1.12491938718182,0.9357,0.00173443809344698,20000,0.0899651459191926,0.000119076117828353,0.0168399060787594,0.0894337855233192,0.078222872938429,0.101031575121402,0.112079169670224,0.118499707366962,0.0899651459191926,1.01931464722617,1.0518526954003,0,0,0,2e-05
"gaussian_phi035_N4096_M256_Q16","gaussian_phi035_N4096","gaussian","Gaussian","inside formal moment assumptions","regular",0.35,"phi = 0.35",4096,256,16,17,100000,20000,"V_oracle",0.92428,-0.02572,0.000836579234741097,-0.02458,0.000662240607050199,0.07572,1.23766341971825,0.9246,0.00186701419383999,20000,0.0856587614009764,0.000113181519778233,0.0160062840280375,0.085168330484075,0.0744821983944119,0.0962149656297525,0.106656788567906,0.112805461395385,0.0856587614009764,0.970522853791536,1.00150339493916,0,0,0,2e-05
"gaussian_phi035_N4096_M256_Q16","gaussian_phi035_N4096","gaussian","Gaussian","inside formal moment assumptions","regular",0.35,"phi = 0.35",4096,256,16,17,100000,20000,"V_feasible",0.92407,-0.02593,0.000837643331615551,-0.02479,0.000664197990504116,0.0759300000000001,1.23820424256395,0.92455,0.00186758262869411,20000,0.0856820565674673,0.00011371614467337,0.0160818914057861,0.0851526248911022,0.0744477259344285,0.0962779391430416,0.106781038684111,0.112954510581149,0.0856820565674673,0.970786790499149,1.00177575690126,0,0,0,2e-05
"gaussian_phi035_N4096_M256_Q16","gaussian_phi035_N4096","gaussian","Gaussian","inside formal moment assumptions","regular",0.35,"phi = 0.35",4096,256,16,17,100000,20000,"VK_leading_oracle",0.93652,-0.0134799999999999,0.000771040139032982,-0.01234,0.000626642777674576,0.06348,1.12163247411966,0.93615,0.00172877380677751,20000,0.0901004768448057,0.000119261924759014,0.0168661831468917,0.0895730469107308,0.0783430551063031,0.101184360734631,0.112257532327142,0.118683852922834,0.0901004768448057,1.02084796096996,1.05343495481224,0,0,0,2e-05
"gaussian_phi035_N4096_M256_Q16","gaussian_phi035_N4096","gaussian","Gaussian","inside formal moment assumptions","regular",0.35,"phi = 0.35",4096,256,16,17,100000,20000,"F_feasible_leading",0.93645,-0.01355,0.000771436306508839,-0.01241,0.000627665403410596,0.06355,1.12212259482358,0.93595,0.00173129427741213,20000,0.0901298688304973,0.000119839750384568,0.0169479000305263,0.0895915187297361,0.0783073301863348,0.101247865627504,0.112406356159909,0.118864127444783,0.0901298688304973,1.0211809752859,1.05377859944325,0,0,0,2e-05
"gaussian_phi040_N4096_M16_Q256","gaussian_phi040_N4096","gaussian","Gaussian","inside formal moment assumptions","regular",0.4,"phi = 0.40",4096,16,256,8,100000,20000,"raw",0.94166,-0.0083399999999999,0.000741191233083608,-0.00786,0.000327693878235127,0.0583399999999999,1.07398037206735,0.94205,0.00165214705005335,20000,0.0907621047411974,2.82779274802536e-05,0.00399910285583775,0.0907419100345149,0.0880231983278005,0.0934662328568451,0.0959006664886,0.0973714033699215,0.0907621047411974,0.970216260438208,1,0,0,0,0
"gaussian_phi040_N4096_M16_Q256","gaussian_phi040_N4096","gaussian","Gaussian","inside formal moment assumptions","regular",0.4,"phi = 0.40",4096,16,256,8,100000,20000,"K_leading",0.94251,-0.00749,0.000736103932199795,-0.00701,0.000322195029596006,0.05749,1.06768751832477,0.94305,0.00163869914108722,20000,0.091031178654811,2.83618672772381e-05,0.00401097373576958,0.0910107922553228,0.0882850630831501,0.093743271442164,0.0961843324841253,0.0976603141281778,0.091031178654811,0.973092569741436,1.00296460636717,0,0,0,0
"gaussian_phi040_N4096_M16_Q256","gaussian_phi040_N4096","gaussian","Gaussian","inside formal moment assumptions","regular",0.4,"phi = 0.40",4096,16,256,8,100000,20000,"V_oracle",0.9493,-0.000699999999999923,0.000693754351337705,-0.00022,0.000288444705278984,0.0507,1.0102879033963,0.94945,0.00154910776739386,20000,0.0936013406133449,2.91637372169562e-05,0.00412437527017045,0.0935799595075785,0.0907773879628106,0.0963931643618678,0.0988962451958337,0.100417793635479,0.0936013406133449,1.00056673344929,1.03128217310786,0,0,0,0
"gaussian_phi040_N4096_M16_Q256","gaussian_phi040_N4096","gaussian","Gaussian","inside formal moment assumptions","regular",0.4,"phi = 0.40",4096,16,256,8,100000,20000,"V_feasible",0.94909,-0.000909999999999966,0.000695112738338178,-0.00043,0.000313845720046267,0.05091,1.01156149115682,0.9492,0.00155272921013292,20000,0.0936837227884238,3.40712905891471e-05,0.00481840812387267,0.093679945495952,0.0903691081636114,0.0969244036585837,0.099882766636748,0.101658210549664,0.0936837227884238,1.00144737109052,1.03218984460042,0,0,0,0
"gaussian_phi040_N4096_M16_Q256","gaussian_phi040_N4096","gaussian","Gaussian","inside formal moment assumptions","regular",0.4,"phi = 0.40",4096,16,256,8,100000,20000,"VK_leading_oracle",0.95006,6.000000000006e-05,0.000688810542892601,0.00054,0.000288093585452956,0.04994,1.00436824771234,0.9501,0.00153964265334525,20000,0.0938789664247957,2.92503641844941e-05,0.00413662617340638,0.093857463194058,0.0910466091683403,0.0966785963344859,0.0991893387644381,0.100715822248012,0.0938789664247957,1.00353445965347,1.03434100269585,0,0,0,0
"gaussian_phi040_N4096_M16_Q256","gaussian_phi040_N4096","gaussian","Gaussian","inside formal moment assumptions","regular",0.4,"phi = 0.40",4096,16,256,8,100000,20000,"F_feasible_leading",0.94985,-0.000149999999999983,0.000690180972644132,0.00033,0.00031256981300004,0.05015,1.00563437304457,0.9498,0.00154402007758967,20000,0.0939625630611566,3.41728537391821e-05,0.00483277132229434,0.0939583069836326,0.0906379921400812,0.0972135146028048,0.100179935722932,0.101960795002388,0.0939625630611566,1.00442807947583,1.03526205489709,0,0,0,0
"gaussian_phi040_N4096_M64_Q64","gaussian_phi040_N4096","gaussian","Gaussian","inside formal moment assumptions","regular",0.4,"phi = 0.40",4096,64,64,17,100000,20000,"raw",0.94449,-0.0055099999999999,0.000724076238389301,-0.00503,0.000422195184112437,0.0555099999999999,1.0515058810466,0.94405,0.00162510918863934,20000,0.0927672397721621,5.91226566957452e-05,0.00836120629426514,0.0926200171515306,0.0870606233058411,0.0983452879156163,0.103686193690933,0.106712122907931,0.0927672397721621,0.991650477030732,1,0,0,0,0
"gaussian_phi040_N4096_M64_Q64","gaussian_phi040_N4096","gaussian","Gaussian","inside formal moment assumptions","regular",0.4,"phi = 0.40",4096,64,64,17,100000,20000,"K_leading",0.94724,-0.00275999999999998,0.000706939759809844,-0.00228,0.000412734441859648,0.05276,1.02686121195957,0.94695,0.00158486115322447,20000,0.0939029293035145,5.98563733654189e-05,0.00846496950078431,0.0937558787116453,0.0881241586852932,0.0995436501811365,0.104966235362773,0.108023504152171,0.0939029293035145,1.00379061473765,1.01224235553566,0,0,0,0
"gaussian_phi040_N4096_M64_Q64","gaussian_phi040_N4096","gaussian","Gaussian","inside formal moment assumptions","regular",0.4,"phi = 0.40",4096,64,64,17,100000,20000,"V_oracle",0.94633,-0.00366999999999995,0.00071266774235965,-0.00319,0.000414969831433093,0.05367,1.0360993806266,0.9458,0.00160097407849097,20000,0.0934723418187626,5.95781211015938e-05,0.00842561868825806,0.093324090332288,0.0877214028414253,0.0990897622570445,0.104479071733606,0.107527912302432,0.0934723418187626,0.9991877798823,1.00760076561868,0,0,0,0
"gaussian_phi040_N4096_M64_Q64","gaussian_phi040_N4096","gaussian","Gaussian","inside formal moment assumptions","regular",0.4,"phi = 0.40",4096,64,64,17,100000,20000,"V_feasible",0.94591,-0.00408999999999993,0.000715292051542585,-0.00361,0.000428452464942317,0.05409,1.03789662300081,0.9459,0.00159958103889737,20000,0.0935702170256599,6.31664720635969e-05,0.00893308814796,0.0933932392489321,0.0874419668945117,0.0994652999582417,0.105301519559929,0.108538080202333,0.0935702170256599,1.00023403280356,1.00865582780592,0,0,0,0
"gaussian_phi040_N4096_M64_Q64","gaussian_phi040_N4096","gaussian","Gaussian","inside formal moment assumptions","regular",0.4,"phi = 0.40",4096,64,64,17,100000,20000,"VK_leading_oracle",0.94888,-0.00112000000000001,0.000696467842760885,-0.00064,0.000409631031509845,0.0511200000000001,1.01181580139316,0.9486,0.00156137823732752,20000,0.0946171067352667,6.03180763168448e-05,0.00853026415835373,0.0944715308622332,0.0888036715598958,0.10030215579248,0.105768429276027,0.108850691708326,0.0946171067352667,1.01142493039284,1.01994095078875,0,0,0,0
"gaussian_phi040_N4096_M64_Q64","gaussian_phi040_N4096","gaussian","Gaussian","inside formal moment assumptions","regular",0.4,"phi = 0.40",4096,64,64,17,100000,20000,"F_feasible_leading",0.94855,-0.00144999999999995,0.000698590706351008,-0.00097,0.000422956711642928,0.05145,1.01357092089922,0.9487,0.00155994086426377,20000,0.094720958668954,6.39560771013889e-05,0.00904475516329636,0.0945495103903467,0.0885195707907107,0.100694223982584,0.106590630372818,0.109869864003845,0.094720958668954,1.01253507250588,1.02106044010354,0,0,0,0
"gaussian_phi040_N4096_M256_Q16","gaussian_phi040_N4096","gaussian","Gaussian","inside formal moment assumptions","regular",0.4,"phi = 0.40",4096,256,16,17,100000,20000,"raw",0.92395,-0.0260499999999999,0.00083825054428852,-0.02557,0.000656784641005441,0.07605,1.2459592097603,0.9238,0.00187608048867846,20000,0.0903576147585,0.000118926505471961,0.0168187476964086,0.0898338827602405,0.0787484037887705,0.101397439771145,0.112282392376543,0.118975939666062,0.0903576147585,0.965892399069893,1,0,0,0,2e-05
"gaussian_phi040_N4096_M256_Q16","gaussian_phi040_N4096","gaussian","Gaussian","inside formal moment assumptions","regular",0.4,"phi = 0.40",4096,256,16,17,100000,20000,"K_leading",0.93536,-0.01464,0.000777571028266872,-0.01416,0.000622895516108633,0.06464,1.12915053384527,0.936,0.00173066461222271,20000,0.095043911692038,0.000125325362461922,0.0177236827302974,0.0944906966189617,0.082799228871658,0.106707314723096,0.118190324973549,0.125187100636904,0.095043911692038,1.01598733130097,1.05186388492064,0,0,0,2e-05
"gaussian_phi040_N4096_M256_Q16","gaussian_phi040_N4096","gaussian","Gaussian","inside formal moment assumptions","regular",0.4,"phi = 0.40",4096,256,16,17,100000,20000,"V_oracle",0.92433,-0.02567,0.000836325601066953,-0.02519,0.000656169905275643,0.07567,1.24161263825781,0.924,0.00187381962845947,20000,0.0905199042943848,0.000119147450131807,0.0168499939898574,0.0899908403912947,0.078893598272485,0.101579566547553,0.11249087373317,0.119193747489354,0.0905199042943848,0.967627219423205,1.00179608034496,0,0,0,2e-05
"gaussian_phi040_N4096_M256_Q16","gaussian_phi040_N4096","gaussian","Gaussian","inside formal moment assumptions","regular",0.4,"phi = 0.40",4096,256,16,17,100000,20000,"V_feasible",0.92435,-0.02565,0.000836224117686162,-0.02517,0.000656329961749566,0.07565,1.24220067919624,0.92415,0.00187212149044874,20000,0.0905432450942701,0.000119705156271231,0.0169288655484766,0.0899773216485396,0.0788556439669866,0.101676460395923,0.112615687490611,0.119360573901904,0.0905432450942701,0.96787672469465,1.00205439614875,0,0,0,2e-05
"gaussian_phi040_N4096_M256_Q16","gaussian_phi040_N4096","gaussian","Gaussian","inside formal moment assumptions","regular",0.4,"phi = 0.40",4096,256,16,17,100000,20000,"VK_leading_oracle",0.93591,-0.0140899999999999,0.000774483517578005,-0.01361,0.000621813111405232,0.06409,1.12521145342114,0.93645,0.00172498402166513,20000,0.0952147183645662,0.000125559337088718,0.017756771739344,0.0946615207033928,0.0829433140669869,0.106903323615026,0.118405125597239,0.125413975197516,0.0952147183645662,1.01781319696981,1.0537542255741,0,0,0,2e-05
"gaussian_phi040_N4096_M256_Q16","gaussian_phi040_N4096","gaussian","Gaussian","inside formal moment assumptions","regular",0.4,"phi = 0.40",4096,256,16,17,100000,20000,"F_feasible_leading",0.93588,-0.0141199999999999,0.000774652345249144,-0.01364,0.000623973875602156,0.06412,1.12574436552159,0.93635,0.00172624849746495,20000,0.0952443175999935,0.000126161919115477,0.0178419897068125,0.0946507500693112,0.0828922435048861,0.106945492628365,0.118558788941444,0.125622640419889,0.0952443175999935,1.01812960280449,1.05408180433441,0,0,0,2e-05
"gaussian_phi045_N4096_M16_Q256","gaussian_phi045_N4096","gaussian","Gaussian","inside formal moment assumptions","regular",0.45,"phi = 0.45",4096,16,256,8,100000,20000,"raw",0.94116,-0.00883999999999996,0.0007441629821484,-0.0097,0.000345919494395685,0.05884,1.07747599388905,0.9403,0.00167534936655015,20000,0.0958676128452535,3.00501899492908e-05,0.00424973861781747,0.0958644515028786,0.0930185146866471,0.0987020860094843,0.10133135754407,0.102899671909639,0.0958676128452535,0.964119752820921,1,0,0,0,0
"gaussian_phi045_N4096_M16_Q256","gaussian_phi045_N4096","gaussian","Gaussian","inside formal moment assumptions","regular",0.45,"phi = 0.45",4096,16,256,8,100000,20000,"K_leading",0.94191,-0.00808999999999993,0.000739699614032615,-0.00895,0.000340734700318826,0.05809,1.07116265798735,0.9413,0.00166214184111946,20000,0.096151820841683,3.01394287248055e-05,0.00426235888647972,0.0961485021190288,0.0932942926713283,0.098994224015095,0.101631911931729,0.103205175187338,0.096151820841683,0.966977970889933,1.0029645882274,0,0,0,0
"gaussian_phi045_N4096_M16_Q256","gaussian_phi045_N4096","gaussian","Gaussian","inside formal moment assumptions","regular",0.45,"phi = 0.45",4096,16,256,8,100000,20000,"V_oracle",0.9504,0.000400000000000067,0.000686584590564047,-0.00046,0.000282840386060477,0.0496,1.00175468834187,0.9498,0.00154402007758967,20000,0.0994528294582389,3.11760814256667e-05,0.00440896371738258,0.0994498112357878,0.0964967985285672,0.10239004406841,0.105119864601366,0.106752999805666,0.0994528294582389,1.00017549732246,1.03739757887549,0,0,0,0
"gaussian_phi045_N4096_M16_Q256","gaussian_phi045_N4096","gaussian","Gaussian","inside formal moment assumptions","regular",0.45,"phi = 0.45",4096,16,256,8,100000,20000,"V_feasible",0.9502,0.000200000000000089,0.000687895050134829,-0.00066,0.000309186998378004,0.0498,1.00304316074313,0.94935,0.00155055760131638,20000,0.0995093321683425,3.61171263402267e-05,0.00510773299042912,0.0994837120082244,0.0961030397974784,0.102906922794205,0.106074484175573,0.107994032626856,0.0995093321683425,1.00074373280139,1.03798696155048,0,0,0,0
"gaussian_phi045_N4096_M16_Q256","gaussian_phi045_N4096","gaussian","Gaussian","inside formal moment assumptions","regular",0.45,"phi = 0.45",4096,16,256,8,100000,20000,"VK_leading_oracle",0.95102,0.00102000000000002,0.000682502451277649,0.00016,0.000282135676590891,0.04898,0.995885031964865,0.9503,0.00153671581627834,20000,0.0997478376373478,3.12687415700455e-05,0.00442206784066978,0.0997446660069139,0.0967820181725957,0.102693227770428,0.105431493435788,0.107071035064482,0.0997478376373478,1.00314233048208,1.04047482436386,0,0,0,0
"gaussian_phi045_N4096_M16_Q256","gaussian_phi045_N4096","gaussian","Gaussian","inside formal moment assumptions","regular",0.45,"phi = 0.45",4096,16,256,8,100000,20000,"F_feasible_leading",0.95085,0.000850000000000017,0.000683624732583601,-1e-05,0.000305779224293182,0.04915,0.997165954723146,0.95,0.00154110350074224,20000,0.0998054952421586,3.62248322325857e-05,0.00512296490380127,0.0997799112919065,0.096388293221776,0.103212794548894,0.106391461599829,0.108315927337934,0.0998054952421586,1.00372218048615,1.04107625380494,0,0,0,0
"gaussian_phi045_N4096_M64_Q64","gaussian_phi045_N4096","gaussian","Gaussian","inside formal moment assumptions","regular",0.45,"phi = 0.45",4096,64,64,17,100000,20000,"raw",0.94467,-0.00532999999999995,0.000722970200630704,-0.00619,0.000428157298415806,0.05533,1.04625641160048,0.9426,0.0016447680687562,20000,0.0985812704357105,6.2249208616556e-05,0.00880336750725256,0.0984105108080244,0.0926505691326279,0.104442574613612,0.109963556718903,0.113226972586354,0.0985812704357105,0.991410417600227,1,0,0,0,0
"gaussian_phi045_N4096_M64_Q64","gaussian_phi045_N4096","gaussian","Gaussian","inside formal moment assumptions","regular",0.45,"phi = 0.45",4096,64,64,17,100000,20000,"K_leading",0.94742,-0.00257999999999992,0.000705799855483125,-0.00344,0.000421525136657837,0.05258,1.02173477695359,0.94545,0.00160583774865333,20000,0.0997881231644625,6.30230517288002e-05,0.00891280544970104,0.099614600522207,0.0937783410765177,0.105717272243651,0.111308808406362,0.114607146606194,0.0997881231644625,1.00354747327526,1.01224221115652,0,0,0,0
"gaussian_phi045_N4096_M64_Q64","gaussian_phi045_N4096","gaussian","Gaussian","inside formal moment assumptions","regular",0.45,"phi = 0.45",4096,64,64,17,100000,20000,"V_oracle",0.94668,-0.00331999999999999,0.000710471516670443,-0.00418,0.000423352179952676,0.05332,1.02809079162236,0.9446,0.00161757287316522,20000,0.0994710570931912,6.2819682020278e-05,0.00888404462970424,0.0992999880210691,0.0934796425152353,0.105383328408933,0.110955192392407,0.114241207795594,0.0994710570931912,1.00035880868678,1.00902591996987,0,0,0,0
"gaussian_phi045_N4096_M64_Q64","gaussian_phi045_N4096","gaussian","Gaussian","inside formal moment assumptions","regular",0.45,"phi = 0.45",4096,64,64,17,100000,20000,"V_feasible",0.94649,-0.0035099999999999,0.000711664808038166,-0.00437,0.000435558179936138,0.0535099999999999,1.02954749715732,0.9446,0.00161757287316522,20000,0.0995739237312673,6.66009449671225e-05,0.00941879596393688,0.0993582942360824,0.0931875173947841,0.10584100716989,0.111808363009778,0.115252016069334,0.0995739237312673,1.00139331611564,1.01006939037374,0,0,0,0
"gaussian_phi045_N4096_M64_Q64","gaussian_phi045_N4096","gaussian","Gaussian","inside formal moment assumptions","regular",0.45,"phi = 0.45",4096,64,64,17,100000,20000,"VK_leading_oracle",0.94957,-0.00042999999999993,0.000692002999270957,-0.00129,0.000416034962293914,0.05043,1.00399491369371,0.94745,0.00157779113795204,20000,0.100689362699968,6.36013731172222e-05,0.00899459244479272,0.100506092591176,0.094624694606794,0.106671347992655,0.11231753680651,0.115650350348869,0.100689362699968,1.0126110434677,1.02138430814434,0,0,0,0
"gaussian_phi045_N4096_M64_Q64","gaussian_phi045_N4096","gaussian","Gaussian","inside formal moment assumptions","regular",0.45,"phi = 0.45",4096,64,64,17,100000,20000,"F_feasible_leading",0.9491,-0.000899999999999901,0.000695048127830008,-0.00176,0.000427048999189176,0.0508999999999999,1.00541747769269,0.94725,0.00158062388789996,20000,0.100798488043833,6.74348818347488e-05,0.00953673244677289,0.100584810063123,0.0943343070408757,0.107141511309684,0.113190797451616,0.116670844292546,0.100798488043833,1.01370849334082,1.02249126632598,0,0,0,0
"gaussian_phi045_N4096_M256_Q16","gaussian_phi045_N4096","gaussian","Gaussian","inside formal moment assumptions","regular",0.45,"phi = 0.45",4096,256,16,17,100000,20000,"raw",0.92371,-0.0262899999999999,0.000839463137368163,-0.02715,0.000666583241862697,0.07629,1.23744210211803,0.92295,0.0018856470706365,20000,0.0961370018472914,0.000126814762678213,0.0179343157288654,0.0955481335125064,0.0836816255676264,0.10779179721018,0.119543043525943,0.126580162707699,0.0961370018472914,0.966828939483123,1,0,0,0,0
"gaussian_phi045_N4096_M256_Q16","gaussian_phi045_N4096","gaussian","Gaussian","inside formal moment assumptions","regular",0.45,"phi = 0.45",4096,256,16,17,100000,20000,"K_leading",0.93647,-0.0135299999999999,0.000771323143047063,-0.01439,0.000624206035962288,0.06353,1.12143190504447,0.93665,0.00172245141440913,20000,0.101121963991142,0.000133610637674441,0.0188953975876512,0.100523468638735,0.088002235481075,0.113421105978877,0.125773503520279,0.133210177476387,0.101121963991142,1.01696162065991,1.05185268989112,0,0,0,0
"gaussian_phi045_N4096_M256_Q16","gaussian_phi045_N4096","gaussian","Gaussian","inside formal moment assumptions","regular",0.45,"phi = 0.45",4096,256,16,17,100000,20000,"V_oracle",0.92429,-0.02571,0.000836528516549197,-0.02657,0.000664563591725934,0.0757100000000001,1.23232660681889,0.9237,0.00187720949816476,20000,0.096341674861237,0.00012709302834089,0.0179736684362754,0.0957543691844429,0.0838608445989597,0.108015794401228,0.119802044134129,0.126847863238186,0.096341674861237,0.968887291514198,1.00212897230008,0,0,0,0
"gaussian_phi045_N4096_M256_Q16","gaussian_phi045_N4096","gaussian","Gaussian","inside formal moment assumptions","regular",0.45,"phi = 0.45",4096,256,16,17,100000,20000,"V_feasible",0.92424,-0.02576,0.000836782064817358,-0.02662,0.000665520987784647,0.07576,1.23281853636,0.9236,0.00187833756284647,20000,0.0963659177879279,0.000127671247193654,0.0180554409306353,0.0957909256542589,0.083821457786167,0.108081432705426,0.119902140426831,0.127051942297029,0.0963659177879279,0.969131097360564,1.00238114291311,0,0,0,0
"gaussian_phi045_N4096_M256_Q16","gaussian_phi045_N4096","gaussian","Gaussian","inside formal moment assumptions","regular",0.45,"phi = 0.45",4096,256,16,17,100000,20000,"VK_leading_oracle",0.937,-0.0129999999999999,0.000768316341099159,-0.01386,0.000621677463664792,0.0629999999999999,1.11679598742962,0.93715,0.0017160984456027,20000,0.101337373857471,0.000133905185920272,0.0189370530000539,0.100733158246386,0.0881939455941666,0.113666761835744,0.126046629948791,0.133496631122407,0.101337373857471,1.01912795088256,1.05409334502068,0,0,0,0
"gaussian_phi045_N4096_M256_Q16","gaussian_phi045_N4096","gaussian","Gaussian","inside formal moment assumptions","regular",0.45,"phi = 0.45",4096,256,16,17,100000,20000,"F_feasible_leading",0.93699,-0.01301,0.000768373215956933,-0.01387,0.000622398670307905,0.06301,1.11724179857625,0.93715,0.0017160984456027,20000,0.101368130526996,0.000134529981855307,0.0190254124885582,0.100743927575271,0.0881546401014665,0.113742180291232,0.126170319842503,0.133726757783533,0.101368130526996,1.01943726402535,1.05441327042853,0,0,0,0
"gaussian_phi050_N4096_M16_Q256","gaussian_phi050_N4096","gaussian","Gaussian","inside formal moment assumptions","regular",0.5,"phi = 0.50",4096,16,256,8,100000,20000,"raw",0.93843,-0.01157,0.000760125878391204,-0.01118,0.000354896232036007,0.06157,1.1040461604613,0.93855,0.00169814453890121,20000,0.10162241146068,3.19895975373209e-05,0.00452401226921361,0.101564927525776,0.098580334498143,0.104638654916165,0.107395213585895,0.109118788145488,0.10162241146068,0.958079292756002,1,0,0,0,0
"gaussian_phi050_N4096_M16_Q256","gaussian_phi050_N4096","gaussian","Gaussian","inside formal moment assumptions","regular",0.5,"phi = 0.50",4096,16,256,8,100000,20000,"K_leading",0.93915,-0.0108499999999999,0.000755958183367307,-0.01046,0.000348291683895798,0.06085,1.09757713998984,0.9391,0.00169102321095838,20000,0.101923678605177,3.20845123338449e-05,0.00453743524846503,0.101865562559251,0.0988724043514996,0.104948467800385,0.107713369397491,0.109442180001239,0.101923678605177,0.960919589582076,1.00296457385892,0,0,0,0
"gaussian_phi050_N4096_M16_Q256","gaussian_phi050_N4096","gaussian","Gaussian","inside formal moment assumptions","regular",0.5,"phi = 0.50",4096,16,256,8,100000,20000,"V_oracle",0.94891,-0.00108999999999992,0.000696274456662026,-7e-04,0.00028177277008068,0.05109,1.01237326621274,0.94815,0.00156782616223866,20000,0.106159537752406,3.34191994856744e-05,0.00472618851562927,0.106094035496474,0.102982353716999,0.109310787936815,0.112192500230016,0.113979907009335,0.106159537752406,1.00085456925496,1.04464690639113,0,0,0,0
"gaussian_phi050_N4096_M16_Q256","gaussian_phi050_N4096","gaussian","Gaussian","inside formal moment assumptions","regular",0.5,"phi = 0.50",4096,16,256,8,100000,20000,"V_feasible",0.94858,-0.00141999999999998,0.000698398049825456,-0.00103,0.000303463856007794,0.05142,1.01472637614598,0.9485,0.00156281396845562,20000,0.106181915799288,3.84341716048751e-05,0.00543541267421892,0.106118594857467,0.102551874021265,0.109810708545196,0.11314997149976,0.115158046882932,0.106181915799288,1.00106554578092,1.04486711418348,0,0,0,0
"gaussian_phi050_N4096_M16_Q256","gaussian_phi050_N4096","gaussian","Gaussian","inside formal moment assumptions","regular",0.5,"phi = 0.50",4096,16,256,8,100000,20000,"VK_leading_oracle",0.94948,-0.000519999999999965,0.000692587392319554,-0.00013,0.000279822468729979,0.05052,1.00644139160602,0.94875,0.00155922156058721,20000,0.106474474847342,3.35184472901851e-05,0.00474022427474675,0.106408226674142,0.103288281288086,0.109634567399428,0.11252486615885,0.11431677577117,0.106474474847342,1.00382374411355,1.04774599733385,0,0,0,0
"gaussian_phi050_N4096_M16_Q256","gaussian_phi050_N4096","gaussian","Gaussian","inside formal moment assumptions","regular",0.5,"phi = 0.50",4096,16,256,8,100000,20000,"F_feasible_leading",0.94918,-0.000819999999999932,0.000694530975551127,-0.00043,0.00030182621156987,0.05082,1.00878071378575,0.94885,0.00155778171609504,20000,0.10649791829962,3.85486797193746e-05,0.00545160656707163,0.106435440700063,0.102856430995404,0.11013715093714,0.113486437477062,0.115500170824024,0.10649791829962,1.00404476510544,1.04797668908719,0,0,0,0
"gaussian_phi050_N4096_M64_Q64","gaussian_phi050_N4096","gaussian","Gaussian","inside formal moment assumptions","regular",0.5,"phi = 0.50",4096,64,64,17,100000,20000,"raw",0.94372,-0.00627999999999995,0.000728783655140536,-0.00589,0.000417558166664509,0.05628,1.05949862297739,0.94285,0.00164139997410747,20000,0.104953543367972,6.65266476058983e-05,0.0094082887303477,0.104890359407834,0.0984608481821328,0.111307609775007,0.11704617821346,0.120591567752841,0.104953543367972,0.989484653600538,1,0,0,0,0
"gaussian_phi050_N4096_M64_Q64","gaussian_phi050_N4096","gaussian","Gaussian","inside formal moment assumptions","regular",0.5,"phi = 0.50",4096,64,64,17,100000,20000,"K_leading",0.94678,-0.00322,0.000709842458577958,-0.00283,0.000409416154072934,0.05322,1.03466662400135,0.94565,0.00160306078331422,20000,0.106238386577035,6.73534040078399e-05,0.00952520974198815,0.10617473063791,0.0996602242000278,0.112672757966782,0.118478083566477,0.122068240019259,0.106238386577035,1.0015979429365,1.01224201840007,0,0,0,0
"gaussian_phi050_N4096_M64_Q64","gaussian_phi050_N4096","gaussian","Gaussian","inside formal moment assumptions","regular",0.5,"phi = 0.50",4096,64,64,17,100000,20000,"V_oracle",0.94647,-0.00352999999999992,0.000711790271779546,-0.00314,0.000410491277655068,0.05353,1.03776354865385,0.9453,0.00160791650902651,20000,0.10607556822232,6.72485961875941e-05,0.00951038767790472,0.106012849920338,0.0995085061014322,0.112499471320281,0.118296989732635,0.121880365983374,0.10607556822232,1.00006291840903,1.0106906810227,0,0,0,0
"gaussian_phi050_N4096_M64_Q64","gaussian_phi050_N4096","gaussian","Gaussian","inside formal moment assumptions","regular",0.5,"phi = 0.50",4096,64,64,17,100000,20000,"V_feasible",0.94616,-0.00383999999999995,0.00071373142287558,-0.00345,0.000422590535657873,0.05384,1.03922347468468,0.9455,0.00160514407453038,20000,0.106189756594876,7.11684461769043e-05,0.0100647381796398,0.106061156496337,0.0991943769777841,0.112943773559799,0.119153110033716,0.122984431034481,0.106189756594876,1.0011394675053,1.01177867070738,0,0,0,0
"gaussian_phi050_N4096_M64_Q64","gaussian_phi050_N4096","gaussian","Gaussian","inside formal moment assumptions","regular",0.5,"phi = 0.50",4096,64,64,17,100000,20000,"VK_leading_oracle",0.94885,-0.00114999999999998,0.000696661162258957,-0.00076,0.000405210890720696,0.05115,1.01344096548228,0.94795,0.00157068134101096,20000,0.107374855002772,6.80852848735613e-05,0.00962871332662261,0.107302672314843,0.100724476154422,0.113878680936531,0.11974763921006,0.123390713901735,0.107374855002772,1.01231237934791,1.0230703181341,0,0,0,0
"gaussian_phi050_N4096_M64_Q64","gaussian_phi050_N4096","gaussian","Gaussian","inside formal moment assumptions","regular",0.5,"phi = 0.50",4096,64,64,17,100000,20000,"F_feasible_leading",0.9489,-0.00109999999999999,0.000696338926098491,-0.00071,0.000415808475102275,0.0511,1.01486667449676,0.9479,0.00157139412624586,20000,0.107495637243125,7.20593250034748e-05,0.0101907274715365,0.107365721600864,0.100409161179009,0.114333656732884,0.120617893765065,0.124521922924367,0.107495637243125,1.01345109433953,1.02422113435694,0,0,0,0
"gaussian_phi050_N4096_M256_Q16","gaussian_phi050_N4096","gaussian","Gaussian","inside formal moment assumptions","regular",0.5,"phi = 0.50",4096,256,16,17,100000,20000,"raw",0.92465,-0.02535,0.000834699811309431,-0.02496,0.000651900478403213,0.07535,1.24291240313283,0.92275,0.00188788820511173,20000,0.102634843963158,0.000135123114019328,0.019109294043622,0.101963766877842,0.0892395456529491,0.11523380484884,0.127451886571798,0.135207163676873,0.102634843963158,0.967624338991325,1,0,0,0,9e-05
"gaussian_phi050_N4096_M256_Q16","gaussian_phi050_N4096","gaussian","Gaussian","inside formal moment assumptions","regular",0.5,"phi = 0.50",4096,256,16,17,100000,20000,"K_leading",0.93703,-0.0129699999999999,0.000768145683448133,-0.01258,0.000611245590750332,0.06297,1.12638936533913,0.93625,0.00172751175828126,20000,0.10796053021144,0.000142383637337099,0.0201360870982138,0.107257941665111,0.0938273131990305,0.121248707210241,0.13407815541514,0.142368532427863,0.10796053021144,1.01783402837828,1.05188965114219,0,0,0,9e-05
"gaussian_phi050_N4096_M256_Q16","gaussian_phi050_N4096","gaussian","Gaussian","inside formal moment assumptions","regular",0.5,"phi = 0.50",4096,256,16,17,100000,20000,"V_oracle",0.92529,-0.02471,0.000831434999864692,-0.02432,0.000650299627015154,0.0747100000000001,1.23684151871506,0.9231,0.00188396377353706,20000,0.102893341429273,0.000135474528752362,0.0191589915917694,0.102219470041555,0.0894648765989188,0.115523748966401,0.127780992721881,0.135557911108185,0.102893341429273,0.970061410361255,1.002518613135,0,0,0,9e-05
"gaussian_phi050_N4096_M256_Q16","gaussian_phi050_N4096","gaussian","Gaussian","inside formal moment assumptions","regular",0.5,"phi = 0.50",4096,256,16,17,100000,20000,"V_feasible",0.92524,-0.02476,0.000831690702124294,-0.02437,0.000651433246505539,0.07476,1.23735088744802,0.92345,0.00188002789208033,20000,0.102920756964206,0.000136096573556241,0.0192469620115743,0.102234850282089,0.0894330242229521,0.115621077110643,0.127924758444238,0.135705115807114,0.102920756964206,0.970319879491655,1.0027857303622,0,0,0,9e-05
"gaussian_phi050_N4096_M256_Q16","gaussian_phi050_N4096","gaussian","Gaussian","inside formal moment assumptions","regular",0.5,"phi = 0.50",4096,256,16,17,100000,20000,"VK_leading_oracle",0.93763,-0.01237,0.000764722061274552,-0.01198,0.000610220058409421,0.06237,1.12088762633552,0.9368,0.00172054874967262,20000,0.108232608148214,0.000142755738849131,0.0201887101987032,0.10753530549903,0.094060120878615,0.121553086907927,0.13441778516812,0.142727942569459,0.108232608148214,1.02039913418016,1.05454058260239,0,0,0,9e-05
"gaussian_phi050_N4096_M256_Q16","gaussian_phi050_N4096","gaussian","Gaussian","inside formal moment assumptions","regular",0.5,"phi = 0.50",4096,256,16,17,100000,20000,"F_feasible_leading",0.9376,-0.0124,0.000764893718107294,-0.01201,0.000610951169581757,0.0624,1.12134924174977,0.93665,0.00172245141440913,20000,0.108266901195966,0.000143426858487649,0.02028362084818,0.107542182657607,0.0940384677958398,0.121681498659086,0.134637147736815,0.142872154202816,0.108266901195966,1.02072244336427,1.05487470936117,0,0,0,9e-05
"gaussian_phi055_N4096_M16_Q256","gaussian_phi055_N4096","gaussian","Gaussian","inside formal moment assumptions","regular",0.55,"phi = 0.55",4096,16,256,8,100000,20000,"raw",0.93927,-0.0107299999999999,0.000755260664274262,-0.01278,0.000373855739130934,0.06073,1.09793754714382,0.9422,0.00165013878204229,20000,0.107945741419408,3.38710377376725e-05,0.00479008809402674,0.107887519515846,0.10471596155156,0.111128107017103,0.11415261015245,0.115910844307002,0.107945741419408,0.949798396054908,1,0,0,0,0
"gaussian_phi055_N4096_M16_Q256","gaussian_phi055_N4096","gaussian","Gaussian","inside formal moment assumptions","regular",0.55,"phi = 0.55",4096,16,256,8,100000,20000,"K_leading",0.94002,-0.00997999999999999,0.000750882145213215,-0.01203,0.000366407059895597,0.05998,1.09150431932852,0.9428,0.00164207429795366,20000,0.108265760741243,3.39716169613441e-05,0.00480431214424767,0.108207662040672,0.105026376555964,0.111457509467477,0.11449065378654,0.116254356249128,0.108265760741243,0.952614198092012,1.0029646312826,0,0,0,0
"gaussian_phi055_N4096_M16_Q256","gaussian_phi055_N4096","gaussian","Gaussian","inside formal moment assumptions","regular",0.55,"phi = 0.55",4096,16,256,8,100000,20000,"V_oracle",0.95133,0.00133000000000005,0.000680450079726647,-0.00072,0.000282481174516355,0.04867,0.990106699599486,0.9544,0.00147513795964988,20000,0.113718136727426,3.56856326514122e-05,0.00504671056774912,0.113664798971137,0.110315630816473,0.11707152164135,0.120252850172132,0.122115512077044,0.113718136727426,1.00058883700106,1.05347497022222,0,0,0,0
"gaussian_phi055_N4096_M16_Q256","gaussian_phi055_N4096","gaussian","Gaussian","inside formal moment assumptions","regular",0.55,"phi = 0.55",4096,16,256,8,100000,20000,"V_feasible",0.95108,0.00108000000000008,0.00068210580997379,-0.00097,0.00029981909531399,0.04892,0.994285454079013,0.9539,0.0014828147220742,20000,0.113610265253622,4.06450925414515e-05,0.00574808411160302,0.113554781967744,0.109761520906876,0.117463313179824,0.121041375971354,0.123180598482859,0.113610265253622,0.999639692074618,1.05247565823098,0,0,0,0
"gaussian_phi055_N4096_M16_Q256","gaussian_phi055_N4096","gaussian","Gaussian","inside formal moment assumptions","regular",0.55,"phi = 0.55",4096,16,256,8,100000,20000,"VK_leading_oracle",0.95184,0.00184000000000006,0.000677056972491976,-0.00021,0.000282666513764153,0.04816,0.984305293156521,0.9547,0.00147050858549007,20000,0.114055552536999,3.57917282499859e-05,0.00506171475119023,0.114002391979528,0.110643578623716,0.117418743992438,0.120609167172006,0.122478408660807,0.114055552536999,1.00355770812577,1.05660076106062,0,0,0,0
"gaussian_phi055_N4096_M16_Q256","gaussian_phi055_N4096","gaussian","Gaussian","inside formal moment assumptions","regular",0.55,"phi = 0.55",4096,16,256,8,100000,20000,"F_feasible_leading",0.95165,0.00165000000000004,0.000678323503204776,-4e-04,0.000300664770122873,0.04835,0.988459562746519,0.9545,0.00147359679017023,20000,0.113948361593746,4.07662802674769e-05,0.00576522264417685,0.113892623050564,0.110088162384688,0.11781343787438,0.121401958165018,0.123547519680314,0.113948361593746,1.00261455108563,1.05560775344547,0,0,0,0
"gaussian_phi055_N4096_M64_Q64","gaussian_phi055_N4096","gaussian","Gaussian","inside formal moment assumptions","regular",0.55,"phi = 0.55",4096,64,64,17,100000,20000,"raw",0.94512,-0.00488,0.000720195706735329,-0.00693,0.000422636412552648,0.05488,1.04129855891344,0.94705,0.00158345030708261,20000,0.112249408866914,7.09624802730509e-05,0.0100356102021782,0.112066574571703,0.105446164659192,0.118975228659853,0.125147547454357,0.129018370668385,0.112249408866914,0.987665720740871,1,0,0,0,0
"gaussian_phi055_N4096_M64_Q64","gaussian_phi055_N4096","gaussian","Gaussian","inside formal moment assumptions","regular",0.55,"phi = 0.55",4096,64,64,17,100000,20000,"K_leading",0.94804,-0.00195999999999996,0.000701855814252472,-0.00401,0.000412965984566579,0.05196,1.0168931239389,0.95015,0.00153891158777884,20000,0.113623739958783,7.18458240169475e-05,0.0101605338724638,0.113440496403935,0.106736969997074,0.120434991717651,0.12668720818775,0.130628683228908,0.113623739958783,0.999758253985263,1.01224354859185,0,0,0,0
"gaussian_phi055_N4096_M64_Q64","gaussian_phi055_N4096","gaussian","Gaussian","inside formal moment assumptions","regular",0.55,"phi = 0.55",4096,64,64,17,100000,20000,"V_oracle",0.94815,-0.00184999999999991,0.000701153175133651,-0.0039,0.000413097575030482,0.05185,1.01603051701618,0.9502,0.0015381800934871,20000,0.11367324343488,7.18776571645289e-05,0.010165035759368,0.113489676677459,0.106783279556245,0.120487445323521,0.126742142827979,0.130685140371899,0.11367324343488,1.00019382765013,1.01268456183724,0,0,0,0
"gaussian_phi055_N4096_M64_Q64","gaussian_phi055_N4096","gaussian","Gaussian","inside formal moment assumptions","regular",0.55,"phi = 0.55",4096,64,64,17,100000,20000,"V_feasible",0.94798,-0.00201999999999991,0.000702238703006321,-0.00407,0.000420637754322176,0.05202,1.01762796007566,0.94975,0.00154474815908613,20000,0.113779139138729,7.58634981485871e-05,0.0107287187970798,0.11355302802299,0.106454778239565,0.120980843712571,0.127576741782315,0.131783346511857,0.113779139138729,1.00112558807294,1.01362795837641,0,0,0,0
"gaussian_phi055_N4096_M64_Q64","gaussian_phi055_N4096","gaussian","Gaussian","inside formal moment assumptions","regular",0.55,"phi = 0.55",4096,64,64,17,100000,20000,"VK_leading_oracle",0.95077,0.000770000000000048,0.000684152081777144,-0.00128,0.000405444521300509,0.04923,0.992217301773612,0.95305,0.0014957556200797,20000,0.115065911879914,7.27736533481297e-05,0.0102917487548363,0.114882256198084,0.108092828942624,0.121966321444909,0.128300178055683,0.132274785655553,0.115065911879914,1.01244770851598,1.02509147301024,0,0,0,0
"gaussian_phi055_N4096_M64_Q64","gaussian_phi055_N4096","gaussian","Gaussian","inside formal moment assumptions","regular",0.55,"phi = 0.55",4096,64,64,17,100000,20000,"F_feasible_leading",0.95051,0.00051000000000001,0.000685862521938617,-0.00154,0.000415665745257073,0.04949,0.993777304761383,0.9526,0.00150255182938892,20000,0.115178522426415,7.68147269674484e-05,0.0108632428667352,0.114947066336119,0.107756851222271,0.122462808955139,0.129143276666909,0.133406419372894,0.115178522426415,1.01343855183262,1.02609469028896,0,0,0,0
"gaussian_phi055_N4096_M256_Q16","gaussian_phi055_N4096","gaussian","Gaussian","inside formal moment assumptions","regular",0.55,"phi = 0.55",4096,256,16,17,100000,20000,"raw",0.92583,-0.0241699999999999,0.000828666465473293,-0.02622,0.000655994984198959,0.07417,1.22361227852985,0.9275,0.00183362687044011,20000,0.109912437165134,0.000144698414112734,0.0204634459692106,0.109200018364128,0.0957274897611941,0.123375050138388,0.136563991085943,0.144971820935398,0.109912437165134,0.967103057084208,1,0,0,0,1e-05
"gaussian_phi055_N4096_M256_Q16","gaussian_phi055_N4096","gaussian","Gaussian","inside formal moment assumptions","regular",0.55,"phi = 0.55",4096,256,16,17,100000,20000,"K_leading",0.9379,-0.0121,0.000763174881662126,-0.01415,0.000616523783820024,0.0621,1.10889862741768,0.93965,0.00168386278389897,20000,0.115613749601303,0.000152451120415419,0.021559844209046,0.114835596513333,0.1006768498025,0.129769682848347,0.143673217817123,0.152610810348601,0.115613749601303,1.01726805049735,1.05187140403049,0,0,0,1e-05
"gaussian_phi055_N4096_M256_Q16","gaussian_phi055_N4096","gaussian","Gaussian","inside formal moment assumptions","regular",0.55,"phi = 0.55",4096,256,16,17,100000,20000,"V_oracle",0.92646,-0.02354,0.000825420307479771,-0.02559,0.000653877507303888,0.07354,1.21654274340007,0.92785,0.00182954061857068,20000,0.11023999919674,0.000145142650123517,0.020526270428345,0.109523231807002,0.096011411524234,0.123738141027977,0.136977943324007,0.145402849419197,0.11023999919674,0.969985226293815,1.00298020897411,0,0,0,1e-05
"gaussian_phi055_N4096_M256_Q16","gaussian_phi055_N4096","gaussian","Gaussian","inside formal moment assumptions","regular",0.55,"phi = 0.55",4096,256,16,17,100000,20000,"V_feasible",0.92636,-0.02364,0.000825936743340554,-0.02569,0.000653838293498584,0.07364,1.21706931282435,0.92775,0.00183070939119239,20000,0.11026560740348,0.000145772443821572,0.0206153367072737,0.109516888426525,0.0959797774854264,0.123748060226022,0.137121601619514,0.145637160190489,0.11026560740348,0.970210549065868,1.00321319631749,0,0,0,1e-05
"gaussian_phi055_N4096_M256_Q16","gaussian_phi055_N4096","gaussian","Gaussian","inside formal moment assumptions","regular",0.55,"phi = 0.55",4096,256,16,17,100000,20000,"VK_leading_oracle",0.93853,-0.01147,0.000759548807516673,-0.01352,0.000613983603819074,0.06147,1.10249186120631,0.9402,0.00167666275678802,20000,0.115958510272985,0.000152921359537178,0.021626346063401,0.115174178464014,0.100980681071586,0.130161382483972,0.144091783216586,0.15307306845709,0.115958510272985,1.02030154796266,1.05500808883682,0,0,0,1e-05
"gaussian_phi055_N4096_M256_Q16","gaussian_phi055_N4096","gaussian","Gaussian","inside formal moment assumptions","regular",0.55,"phi = 0.55",4096,256,16,17,100000,20000,"F_feasible_leading",0.9384,-0.0115999999999999,0.000760298888595794,-0.01365,0.000614687362327821,0.0616,1.10296906474707,0.9402,0.00167666275678802,20000,0.115991132566493,0.000153601721598349,0.0217225637888242,0.115177906915508,0.10093674534459,0.130195422834606,0.144261050740109,0.153284825321556,0.115991132566493,1.02058858663266,1.05530489140393,0,0,0,1e-05
"gaussian_phi060_N4096_M16_Q256","gaussian_phi060_N4096","gaussian","Gaussian","inside formal moment assumptions","regular",0.6,"phi = 0.60",4096,16,256,8,100000,20000,"raw",0.93361,-0.0163899999999999,0.000787288815492764,-0.01643,0.000410855496522062,0.0663899999999999,1.14060943543089,0.93335,0.00176362946079952,20000,0.115113174498085,3.62774732085721e-05,0.00513040946201893,0.115077260964684,0.111589050983884,0.118576018898535,0.12168028428986,0.12363316871807,0.115113174498085,0.939931809115637,1,0,0,0,0
"gaussian_phi060_N4096_M16_Q256","gaussian_phi060_N4096","gaussian","Gaussian","inside formal moment assumptions","regular",0.6,"phi = 0.60",4096,16,256,8,100000,20000,"K_leading",0.93437,-0.0156299999999999,0.00078308813744048,-0.01567,0.000402052393925561,0.06563,1.13392617702016,0.93435,0.00175128634865918,20000,0.115454430160309,3.63851331965075e-05,0.00514563488352524,0.11541927402336,0.111919475791757,0.1189271093454,0.122040428775426,0.124000263752945,0.115454430160309,0.942718258654223,1.00296452307663,0,0,0,0
"gaussian_phi060_N4096_M16_Q256","gaussian_phi060_N4096","gaussian","Gaussian","inside formal moment assumptions","regular",0.6,"phi = 0.60",4096,16,256,8,100000,20000,"V_oracle",0.94888,-0.00112000000000001,0.000696467842760885,-0.00116,0.000293236088969347,0.0511200000000001,1.00744314650331,0.9468,0.00158697447994604,20000,0.122545218058835,3.86226223202291e-05,0.00546206362996818,0.122503720881261,0.118797620786663,0.126234384783717,0.129534142990412,0.131623498788135,0.122545218058835,1.00061655853673,1.06456292768535,0,0,0,0
"gaussian_phi060_N4096_M16_Q256","gaussian_phi060_N4096","gaussian","Gaussian","inside formal moment assumptions","regular",0.6,"phi = 0.60",4096,16,256,8,100000,20000,"V_feasible",0.9479,-0.00209999999999999,0.000702748817145928,-0.00214,0.00031137625720619,0.0521,1.01587268192409,0.94605,0.00159748861498291,20000,0.122163777588146,4.34662379988094e-05,0.0061470543283253,0.122096857736997,0.117958010751625,0.126291082778206,0.130064978026546,0.132391077261189,0.122163777588146,0.997501988608063,1.06124931503977,0,0,0,0
"gaussian_phi060_N4096_M16_Q256","gaussian_phi060_N4096","gaussian","Gaussian","inside formal moment assumptions","regular",0.6,"phi = 0.60",4096,16,256,8,100000,20000,"VK_leading_oracle",0.94956,-0.000439999999999996,0.000692067961980614,-0.00048,0.000291887903116042,0.05044,1.00154015931677,0.9474,0.00157849992081089,20000,0.122908875282624,3.87374000561626e-05,0.00547829565304975,0.122867316966648,0.119150235311614,0.126609153907952,0.129918969088518,0.132013951678515,0.122908875282624,1.00358592319671,1.06772205543396,0,0,0,0
"gaussian_phi060_N4096_M16_Q256","gaussian_phi060_N4096","gaussian","Gaussian","inside formal moment assumptions","regular",0.6,"phi = 0.60",4096,16,256,8,100000,20000,"F_feasible_leading",0.9486,-0.00139999999999996,0.000698269575450628,-0.00144,0.000311737446904215,0.0514,1.00992030292844,0.9467,0.0015883814088562,20000,0.12252728848691,4.35957584387857e-05,0.00616537128460721,0.122460651692109,0.118308494125489,0.126666570973295,0.1304516097011,0.132785316146601,0.12252728848691,1.00047015848261,1.06440717164784,0,0,0,0
"gaussian_phi060_N4096_M64_Q64","gaussian_phi060_N4096","gaussian","Gaussian","inside formal moment assumptions","regular",0.6,"phi = 0.60",4096,64,64,17,100000,20000,"raw",0.94284,-0.00715999999999994,0.000734116710067275,-0.0072,0.00042459793079339,0.05716,1.06238096453709,0.94265,0.00164409515387644,20000,0.120666002665327,7.60717656641112e-05,0.0107581722715854,0.120506083409047,0.113345208333579,0.127715026008702,0.134488959678524,0.13873007956301,0.120666002665327,0.985272230381067,1,0,0,0,0
"gaussian_phi060_N4096_M64_Q64","gaussian_phi060_N4096","gaussian","Gaussian","inside formal moment assumptions","regular",0.6,"phi = 0.60",4096,64,64,17,100000,20000,"K_leading",0.94609,-0.00390999999999997,0.000714168830879646,-0.00395,0.000413697578500122,0.05391,1.03748141068075,0.94545,0.00160583774865333,20000,0.122142970272634,7.70159795837448e-05,0.0108917042846781,0.121986965994236,0.114732587621976,0.129271702912293,0.136142771537582,0.140421745170585,0.122142970272634,0.997332090959102,1.01224013039865,0,0,0,0
"gaussian_phi060_N4096_M64_Q64","gaussian_phi060_N4096","gaussian","Gaussian","inside formal moment assumptions","regular",0.6,"phi = 0.60",4096,64,64,17,100000,20000,"V_oracle",0.94672,-0.00327999999999995,0.000710219977190166,-0.00332,0.000410964067668512,0.05328,1.0317288101852,0.946,0.00159818647222407,20000,0.1224919769915,7.72392102629237e-05,0.0109232738700814,0.122337124934012,0.115057915625606,0.12964019683708,0.136527002941387,0.140823083106518,0.1224919769915,1.00018183007964,1.0151324671891,0,0,0,0
"gaussian_phi060_N4096_M64_Q64","gaussian_phi060_N4096","gaussian","Gaussian","inside formal moment assumptions","regular",0.6,"phi = 0.60",4096,64,64,17,100000,20000,"V_feasible",0.94651,-0.00348999999999999,0.000711539316552501,-0.00353,0.000425414152058917,0.05349,1.03308827510776,0.94575,0.0016016700268782,20000,0.122608847392386,8.15146909878244e-05,0.0115279181527633,0.122423839251636,0.114799371702315,0.130099106982817,0.137413274299231,0.142099564000164,0.122608847392386,1.00113611014199,1.01610101175264,0,0,0,0
"gaussian_phi060_N4096_M64_Q64","gaussian_phi060_N4096","gaussian","Gaussian","inside formal moment assumptions","regular",0.6,"phi = 0.60",4096,64,64,17,100000,20000,"VK_leading_oracle",0.9496,-0.000399999999999956,0.000691808065867983,-0.00044,0.000408656009373825,0.0504,1.00754766619648,0.9488,0.0015585018447214,20000,0.123992446853011,7.81994429309037e-05,0.0110590712762905,0.123839341446311,0.116463560076744,0.131235135208157,0.138204617484725,0.142548073419601,0.123992446853011,1.01243359324753,1.027567368722,0,0,0,0
"gaussian_phi060_N4096_M64_Q64","gaussian_phi060_N4096","gaussian","Gaussian","inside formal moment assumptions","regular",0.6,"phi = 0.60",4096,64,64,17,100000,20000,"F_feasible_leading",0.94949,-0.00051000000000001,0.000692522489887513,-0.00055,0.000418686909261897,0.0505100000000001,1.00887526865992,0.94835,0.00156496449640239,20000,0.124116356475295,8.25339780198285e-05,0.0116720671072244,0.123926528888469,0.116209076643981,0.131706078689694,0.13910584811891,0.143842804893447,0.124116356475295,1.01344535055461,1.02859424969548,0,0,0,0
"gaussian_phi060_N4096_M256_Q16","gaussian_phi060_N4096","gaussian","Gaussian","inside formal moment assumptions","regular",0.6,"phi = 0.60",4096,256,16,17,100000,20000,"raw",0.92349,-0.0265099999999999,0.00084057254237811,-0.02655,0.000666824880725229,0.07651,1.24246654009155,0.9222,0.00189403220669555,20000,0.118345095401988,0.000156374673202,0.0221147183653929,0.117507035527598,0.102991396970063,0.132888443513293,0.147121715549765,0.155974870023249,0.118345095401988,0.966321362486657,1,0,0,0,2e-05
"gaussian_phi060_N4096_M256_Q16","gaussian_phi060_N4096","gaussian","Gaussian","inside formal moment assumptions","regular",0.6,"phi = 0.60",4096,256,16,17,100000,20000,"K_leading",0.93608,-0.0139199999999999,0.000773525911653902,-0.01396,0.000628374993575751,0.06392,1.12598530195797,0.93515,0.00174132819278848,20000,0.124487152073337,0.00016476015474575,0.023300604538013,0.123619224820195,0.108322352957641,0.139846724419323,0.154854132430965,0.164188062992829,0.124487152073337,1.0164730020706,1.05189954556617,0,0,0,2e-05
"gaussian_phi060_N4096_M256_Q16","gaussian_phi060_N4096","gaussian","Gaussian","inside formal moment assumptions","regular",0.6,"phi = 0.60",4096,256,16,17,100000,20000,"V_oracle",0.92459,-0.0254099999999999,0.000835004981422267,-0.02545,0.000662893180892437,0.07541,1.23393129228156,0.92295,0.0018856470706365,20000,0.118765018325893,0.000156946463395267,0.0221955817100079,0.117925284858531,0.103350973147871,0.133359792961301,0.147645583019534,0.15654681387934,0.118765018325893,0.969750152590622,1.0035482917351,0,0,0,2e-05
"gaussian_phi060_N4096_M256_Q16","gaussian_phi060_N4096","gaussian","Gaussian","inside formal moment assumptions","regular",0.6,"phi = 0.60",4096,256,16,17,100000,20000,"V_feasible",0.92445,-0.02555,0.000835716444136407,-0.02559,0.000664496752858391,0.07555,1.2343839170335,0.9229,0.00188620770330311,20000,0.118793067012794,0.00015760273416527,0.0222883924123606,0.117942939577002,0.103335809469469,0.133409035753968,0.14776391594578,0.156773473547663,0.118793067012794,0.969979178096498,1.00378529933399,0,0,0,2e-05
"gaussian_phi060_N4096_M256_Q16","gaussian_phi060_N4096","gaussian","Gaussian","inside formal moment assumptions","regular",0.6,"phi = 0.60",4096,256,16,17,100000,20000,"VK_leading_oracle",0.93685,-0.01315,0.000769168885876178,-0.01319,0.000625431171785918,0.06315,1.11825023363017,0.9358,0.00173318146770614,20000,0.124929144453781,0.000165365450806513,0.0233862063278511,0.124055662851425,0.108698729663998,0.140350172304928,0.155388727073125,0.164803958636085,0.124929144453781,1.02008199556398,1.05563432121482,0,0,0,2e-05
"gaussian_phi060_N4096_M256_Q16","gaussian_phi060_N4096","gaussian","Gaussian","inside formal moment assumptions","regular",0.6,"phi = 0.60",4096,256,16,17,100000,20000,"F_feasible_leading",0.93687,-0.01313,0.000769055284748762,-0.01317,0.000626713202904157,0.06313,1.11866042481161,0.93555,0.00173632078689394,20000,0.124964530372778,0.000166074454316606,0.0234864745658255,0.124072309077151,0.108674187062168,0.140441136427118,0.15555818948886,0.165037687142886,0.124964530372778,1.0203709316567,1.05593332742946,0,0,0,2e-05
"gaussian_phi065_N4096_M16_Q256","gaussian_phi065_N4096","gaussian","Gaussian","inside formal moment assumptions","regular",0.65,"phi = 0.65",4096,16,256,8,100000,20000,"raw",0.92951,-0.02049,0.000809451418554567,-0.01981,0.000444946759484984,0.0704900000000001,1.17090938670267,0.929,0.00181602588087285,20000,0.123336547315838,3.85603366244746e-05,0.00545325510240039,0.123300527827299,0.119656436076061,0.126994428568662,0.130334711450684,0.132373609240913,0.123336547315838,0.927694745425098,1,0,0,0,0
"gaussian_phi065_N4096_M16_Q256","gaussian_phi065_N4096","gaussian","Gaussian","inside formal moment assumptions","regular",0.65,"phi = 0.65",4096,16,256,8,100000,20000,"K_leading",0.93029,-0.01971,0.000805298180179243,-0.01903,0.000436898729461414,0.06971,1.16404858951496,0.9297,0.00180773214276894,20000,0.12370218351859,3.86748055549539e-05,0.00546944345379581,0.123668183750779,0.120010558674833,0.127370636771621,0.13072128829007,0.132765428210004,0.12370218351859,0.930444934168111,1.00296454060625,0,0,0,0
"gaussian_phi065_N4096_M16_Q256","gaussian_phi065_N4096","gaussian","Gaussian","inside formal moment assumptions","regular",0.65,"phi = 0.65",4096,16,256,8,100000,20000,"V_oracle",0.94865,-0.00134999999999996,0.000697948260976414,-0.00067,0.00028477415957776,0.05135,1.00689168751233,0.948,0.00156996815254323,20000,0.133083762770042,4.16127532639952e-05,0.00588493200336273,0.133054237525275,0.129102677247047,0.137031820225123,0.140639480234017,0.142829310467981,0.133083762770042,1.00100992049835,1.07902941720302,0,0,0,0
"gaussian_phi065_N4096_M16_Q256","gaussian_phi065_N4096","gaussian","Gaussian","inside formal moment assumptions","regular",0.65,"phi = 0.65",4096,16,256,8,100000,20000,"V_feasible",0.94683,-0.00317000000000001,0.000709527667536651,-0.00249,0.000303049364607771,0.0531700000000001,1.02332076670991,0.94615,0.0015960917501823,20000,0.132124058410817,4.61206127167095e-05,0.00652243960089276,0.132060749510065,0.127708434749594,0.13649976785269,0.140515305654688,0.142902573053139,0.132124058410817,0.993791357058803,1.07124823327895,0,0,0,0
"gaussian_phi065_N4096_M16_Q256","gaussian_phi065_N4096","gaussian","Gaussian","inside formal moment assumptions","regular",0.65,"phi = 0.65",4096,16,256,8,100000,20000,"VK_leading_oracle",0.94941,-0.000589999999999979,0.00069304149875747,9e-05,0.000283726495074464,0.05059,1.00099193153081,0.9488,0.0015585018447214,20000,0.133478790199007,4.17365010933467e-05,0.00590243258922104,0.133450007154304,0.129484868131093,0.137438733361057,0.141056451637141,0.143251934004721,0.133478790199007,1.00398117985436,1.08223225883887,0,0,0,0
"gaussian_phi065_N4096_M16_Q256","gaussian_phi065_N4096","gaussian","Gaussian","inside formal moment assumptions","regular",0.65,"phi = 0.65",4096,16,256,8,100000,20000,"F_feasible_leading",0.94757,-0.00242999999999993,0.000704848175850658,-0.00175,0.000299115813193982,0.05243,1.01732474659247,0.9471,0.00158274429394012,20000,0.13251718075654,4.62580667057248e-05,0.00654187853043953,0.132453690310456,0.128089060669289,0.136905865802704,0.140934002721591,0.143327691718473,0.13251718075654,0.996748287039196,1.07443562869644,0,0,0,0
"gaussian_phi065_N4096_M64_Q64","gaussian_phi065_N4096","gaussian","Gaussian","inside formal moment assumptions","regular",0.65,"phi = 0.65",4096,64,64,17,100000,20000,"raw",0.94137,-0.00862999999999992,0.000742916705290707,-0.00795,0.000427866574644546,0.05863,1.06645650021345,0.94075,0.00166942261725424,20000,0.130608670246965,8.31920495489588e-05,0.0117651324753752,0.130382160232503,0.122607843770962,0.13838832685477,0.14567530066262,0.150233213983664,0.130608670246965,0.982393132708602,1,0,0,0,0
"gaussian_phi065_N4096_M64_Q64","gaussian_phi065_N4096","gaussian","Gaussian","inside formal moment assumptions","regular",0.65,"phi = 0.65",4096,64,64,17,100000,20000,"K_leading",0.94459,-0.00540999999999991,0.000723462037013691,-0.00473,0.000418900973716054,0.05541,1.0414614259897,0.9437,0.00162988205094725,20000,0.132207613165651,8.42259122804616e-05,0.0119113427450275,0.131974357197147,0.124103088928807,0.140077160077657,0.147453876761277,0.152061928821903,0.132207613165651,0.994419826954401,1.01224224177203,0,0,0,0
"gaussian_phi065_N4096_M64_Q64","gaussian_phi065_N4096","gaussian","Gaussian","inside formal moment assumptions","regular",0.65,"phi = 0.65",4096,64,64,17,100000,20000,"V_oracle",0.9461,-0.0038999999999999,0.000714106364626447,-0.00322,0.000415810106876264,0.0538999999999999,1.02951165457513,0.9448,0.0016148213523483,20000,0.132993079958774,8.47341135926349e-05,0.0119832132638367,0.13275823077191,0.124834406078197,0.14091351362066,0.148329664616547,0.15295944526911,0.132993079958774,1.00032783583371,1.01825613649768,0,0,0,0
"gaussian_phi065_N4096_M64_Q64","gaussian_phi065_N4096","gaussian","Gaussian","inside formal moment assumptions","regular",0.65,"phi = 0.65",4096,64,64,17,100000,20000,"V_feasible",0.94589,-0.00410999999999995,0.000715416717025818,-0.00343,0.000424951946508742,0.05411,1.03076495782835,0.9449,0.00161344336745979,20000,0.133119493877674,8.91400893053467e-05,0.012606312324677,0.132810042505852,0.12453990803118,0.141408952733811,0.149317310778341,0.154249087763851,0.133119493877674,1.0012786775012,1.01922401955369,0,0,0,0
"gaussian_phi065_N4096_M64_Q64","gaussian_phi065_N4096","gaussian","Gaussian","inside formal moment assumptions","regular",0.65,"phi = 0.65",4096,64,64,17,100000,20000,"VK_leading_oracle",0.94889,-0.00110999999999994,0.000696403388130758,-0.00043,0.000409755817528318,0.05111,1.00538247517102,0.9477,0.00157424124580701,20000,0.134622733679066,8.57892102735377e-05,0.0121324264674114,0.134377189865313,0.126357610226417,0.142641174714303,0.15013820185384,0.154825170509256,0.134622733679066,1.01258552608108,1.0307335142798,0,0,0,0
"gaussian_phi065_N4096_M64_Q64","gaussian_phi065_N4096","gaussian","Gaussian","inside formal moment assumptions","regular",0.65,"phi = 0.65",4096,64,64,17,100000,20000,"F_feasible_leading",0.94885,-0.00114999999999998,0.000696661162258957,-0.00047,0.000418926659447044,0.05115,1.00660640412924,0.9476,0.00157566240038912,20000,0.134756478676719,9.02559033923933e-05,0.0127641122661758,0.134439411283089,0.126068539543607,0.143152061132509,0.15117635201826,0.156143983656017,0.134756478676719,1.01359150958111,1.03175752744371,0,0,0,0
"gaussian_phi065_N4096_M256_Q16","gaussian_phi065_N4096","gaussian","Gaussian","inside formal moment assumptions","regular",0.65,"phi = 0.65",4096,256,16,17,100000,20000,"raw",0.92378,-0.0262199999999999,0.000839109716306515,-0.02554,0.000659607030598028,0.07622,1.23915528225917,0.922,0.00189625947591568,20000,0.128397330171459,0.000168792854228077,0.0238709143681012,0.127538999140504,0.111835111723112,0.144061149004471,0.159786083174409,0.16936487476267,0.128397330171459,0.965760199380729,1,0,0,0,3e-05
"gaussian_phi065_N4096_M256_Q16","gaussian_phi065_N4096","gaussian","Gaussian","inside formal moment assumptions","regular",0.65,"phi = 0.65",4096,256,16,17,100000,20000,"K_leading",0.93616,-0.01384,0.000773074733774168,-0.01316,0.000623275243147269,0.06384,1.12298447454737,0.935,0.00174320107847603,20000,0.135060342647915,0.000177864738354349,0.0251538725248663,0.134126372628025,0.117552882025387,0.151525303209305,0.168186683318145,0.17824065989277,0.135060342647915,1.01587706901614,1.05189369956181,0,0,0,3e-05
"gaussian_phi065_N4096_M256_Q16","gaussian_phi065_N4096","gaussian","Gaussian","inside formal moment assumptions","regular",0.65,"phi = 0.65",4096,256,16,17,100000,20000,"V_oracle",0.92504,-0.02496,0.000832712425750931,-0.02428,0.00065628433098104,0.07496,1.22893442900849,0.92315,0.00188340220744269,20000,0.128944869225662,0.000169536319977428,0.0239760563026903,0.128086962778798,0.112321585177549,0.144678792598616,0.160474831282173,0.170104715114174,0.128944869225662,0.969878598302651,1.0042644115222,0,0,0,3e-05
"gaussian_phi065_N4096_M256_Q16","gaussian_phi065_N4096","gaussian","Gaussian","inside formal moment assumptions","regular",0.65,"phi = 0.65",4096,256,16,17,100000,20000,"V_feasible",0.925,-0.0249999999999999,0.000832916562447884,-0.02432,0.000657183151714154,0.075,1.22933877244905,0.92345,0.00188002789208033,20000,0.128975015100115,0.000170216413660515,0.024072236073721,0.128076964857865,0.112254513481697,0.1447300937372,0.160678010152144,0.170368506310408,0.128975015100115,0.970105345118051,1.0044991973578,0,0,0,3e-05
"gaussian_phi065_N4096_M256_Q16","gaussian_phi065_N4096","gaussian","Gaussian","inside formal moment assumptions","regular",0.65,"phi = 0.65",4096,256,16,17,100000,20000,"VK_leading_oracle",0.93707,-0.01293,0.000767918062686378,-0.01225,0.000622899072910331,0.06293,1.11372182628895,0.936,0.00173066461222271,20000,0.135636657162931,0.000178651971027689,0.0252652040372044,0.1347018990345,0.118054139983949,0.152164227061958,0.168912592777722,0.179004821054924,0.135636657162931,1.02021190697722,1.05638222369425,0,0,0,3e-05
"gaussian_phi065_N4096_M256_Q16","gaussian_phi065_N4096","gaussian","Gaussian","inside formal moment assumptions","regular",0.65,"phi = 0.65",4096,256,16,17,100000,20000,"F_feasible_leading",0.93696,-0.0130399999999999,0.000768543807469685,-0.01236,0.00062343900324082,0.06304,1.11408826253195,0.93585,0.00173255270482603,20000,0.135674388912691,0.000179386095664582,0.0253690249390009,0.134710438961307,0.118053936938373,0.152270174697388,0.169062338809265,0.179347344285523,0.135674388912691,1.02049571211648,1.05667609078408,0,0,0,3e-05
"gaussian_phi070_N4096_M16_Q256","gaussian_phi070_N4096","gaussian","Gaussian","inside formal moment assumptions","regular",0.7,"phi = 0.70",4096,16,256,8,100000,20000,"raw",0.92363,-0.02637,0.000839866793604796,-0.02479,0.000492500745755624,0.07637,1.21320201350159,0.92465,0.00186644551889414,20000,0.13276264047019,4.20149577472277e-05,0.00594181230686619,0.13270424632872,0.128727699492107,0.136731417068501,0.140530391752281,0.142638145241969,0.13276264047019,0.910876534182541,1,0,0,0,0
"gaussian_phi070_N4096_M16_Q256","gaussian_phi070_N4096","gaussian","Gaussian","inside formal moment assumptions","regular",0.7,"phi = 0.70",4096,16,256,8,100000,20000,"K_leading",0.92458,-0.02542,0.000835055828073788,-0.02384,0.00048344480676579,0.07542,1.20609340795373,0.92515,0.0018607455159156,20000,0.133156230441959,4.21396767293876e-05,0.00595945023447178,0.133098420321724,0.129109119604496,0.137137054567558,0.140947349934097,0.143061014997124,0.133156230441959,0.913576931433637,1.00296461391831,0,0,0,0
"gaussian_phi070_N4096_M16_Q256","gaussian_phi070_N4096","gaussian","Gaussian","inside formal moment assumptions","regular",0.7,"phi = 0.70",4096,16,256,8,100000,20000,"V_oracle",0.94825,-0.00174999999999992,0.000700513650830588,-0.00017,0.000288618336225265,0.05175,1.00642083717935,0.94885,0.00155778171609504,20000,0.145876640048807,4.61719448993466e-05,0.00652969906777993,0.145818995826716,0.141438341803738,0.150241125521183,0.154412291879,0.156713760608925,0.145876640048807,1.00085090079002,1.09877778516737,0,0,0,0
"gaussian_phi070_N4096_M16_Q256","gaussian_phi070_N4096","gaussian","Gaussian","inside formal moment assumptions","regular",0.7,"phi = 0.70",4096,16,256,8,100000,20000,"V_feasible",0.94484,-0.00515999999999994,0.000721923641391525,-0.00358,0.000309956120649306,0.05516,1.03853743969731,0.9457,0.00160236559498761,20000,0.143707591841,5.00649197667726e-05,0.00708024885332907,0.143618485526623,0.138888064998725,0.148432362990728,0.152942318517185,0.155527774607448,0.143707591841,0.985969190792356,1.08243999465548,0,0,0,0
"gaussian_phi070_N4096_M16_Q256","gaussian_phi070_N4096","gaussian","Gaussian","inside formal moment assumptions","regular",0.7,"phi = 0.70",4096,16,256,8,100000,20000,"VK_leading_oracle",0.94895,-0.00105,0.000696016504833039,0.00053,0.000288267275250278,0.05105,1.0005238400865,0.9498,0.00154402007758967,20000,0.146309795930169,4.63093080349737e-05,0.00654912514871731,0.146252308785006,0.141858182892862,0.150687223492016,0.154869947984727,0.157179490293904,0.146309795930169,1.00382275737994,1.10204041899137,0,0,0,0
"gaussian_phi070_N4096_M16_Q256","gaussian_phi070_N4096","gaussian","Gaussian","inside formal moment assumptions","regular",0.7,"phi = 0.70",4096,16,256,8,100000,20000,"F_feasible_leading",0.94549,-0.0045099999999999,0.000717904310475985,-0.00293,0.000307920605271865,0.0545099999999999,1.03245225938659,0.94615,0.0015960917501823,20000,0.144135156322265,5.02141079443943e-05,0.0071013472477429,0.144045579140657,0.139300771808697,0.148873807867809,0.153397366671803,0.155988960069436,0.144135156322265,0.988902685120693,1.08566051271501,0,0,0,0
"gaussian_phi070_N4096_M64_Q64","gaussian_phi070_N4096","gaussian","Gaussian","inside formal moment assumptions","regular",0.7,"phi = 0.70",4096,64,64,17,100000,20000,"raw",0.94005,-0.0099499999999999,0.000750706317410477,-0.00837,0.000433591179584076,0.0599499999999999,1.07419810946869,0.9402,0.00167666275678802,20000,0.142768370377073,9.04791464792496e-05,0.0127956836062897,0.142560861196942,0.134100753785792,0.151177702272743,0.159351037563381,0.164384431501838,0.142768370377073,0.979525248514148,1,0,0,0,0
"gaussian_phi070_N4096_M64_Q64","gaussian_phi070_N4096","gaussian","Gaussian","inside formal moment assumptions","regular",0.7,"phi = 0.70",4096,64,64,17,100000,20000,"K_leading",0.94311,-0.00688999999999995,0.000732485685184359,-0.00531,0.000427340455841302,0.05689,1.04902159127802,0.9434,0.00163395899581354,20000,0.144516603056492,9.1606965903839e-05,0.0129551813589059,0.144305470369695,0.135748084736189,0.153021490125245,0.16130826377007,0.166420990115931,0.144516603056492,0.99151976834544,1.01224523803698,0,0,0,0
"gaussian_phi070_N4096_M64_Q64","gaussian_phi070_N4096","gaussian","Gaussian","inside formal moment assumptions","regular",0.7,"phi = 0.70",4096,64,64,17,100000,20000,"V_oracle",0.94558,-0.00441999999999998,0.000717345548532923,-0.00284,0.000422280862947011,0.05442,1.0288129357523,0.94575,0.0016016700268782,20000,0.145967299315924,9.25436656652184e-05,0.0130876507095473,0.145751866559817,0.137104001023384,0.154564549428539,0.162930077403731,0.168116826605205,0.145967299315924,1.00147290859833,1.02240642609006,0,0,0,0
"gaussian_phi070_N4096_M64_Q64","gaussian_phi070_N4096","gaussian","Gaussian","inside formal moment assumptions","regular",0.7,"phi = 0.70",4096,64,64,17,100000,20000,"V_feasible",0.94544,-0.00456000000000001,0.000718214497208181,-0.00298,0.000431639964705067,0.0545600000000001,1.03046259855287,0.9453,0.00160791650902651,20000,0.146070782303378,9.69124381831482e-05,0.0137054884441252,0.145764226083739,0.136717386160953,0.155100897713936,0.163859774319111,0.169255788193977,0.146070782303378,1.00218289918472,1.02313125741776,0,0,0,0
"gaussian_phi070_N4096_M64_Q64","gaussian_phi070_N4096","gaussian","Gaussian","inside formal moment assumptions","regular",0.7,"phi = 0.70",4096,64,64,17,100000,20000,"VK_leading_oracle",0.94832,-0.0016799999999999,0.000700065551216455,-1e-04,0.000421428138615304,0.0516799999999999,1.0047001325706,0.9488,0.0015585018447214,20000,0.147756774981058,9.37001743129678e-05,0.0132512057310122,0.147538240742481,0.138782205508435,0.156460171171584,0.164933617113724,0.170180844539182,0.147756774981058,1.01375039408738,1.03494054453945,0,0,0,0
"gaussian_phi070_N4096_M64_Q64","gaussian_phi070_N4096","gaussian","Gaussian","inside formal moment assumptions","regular",0.7,"phi = 0.70",4096,64,64,17,100000,20000,"F_feasible_leading",0.9484,-0.00159999999999993,0.000699553000136516,-2e-05,0.000428954351905142,0.0516,1.00631113139929,0.949,0.00155561884791873,20000,0.147867469030405,9.81295001217927e-05,0.0138776069941132,0.14755498163377,0.138390095614033,0.157019022490736,0.165888709128454,0.171341502457571,0.147867469030405,1.01450985933804,1.03571588468696,0,0,0,0
"gaussian_phi070_N4096_M256_Q16","gaussian_phi070_N4096","gaussian","Gaussian","inside formal moment assumptions","regular",0.7,"phi = 0.70",4096,256,16,17,100000,20000,"raw",0.92352,-0.0264799999999999,0.000840421380023141,-0.0249,0.000661062984928592,0.07648,1.24301650377344,0.92375,0.00187664511162873,20000,0.14047796682531,0.00018460467485238,0.0261070434853711,0.139662543487202,0.122067702569135,0.157783116140889,0.174683557621795,0.184594880991348,0.14047796682531,0.963810926761278,1,0,0,0,2e-05
"gaussian_phi070_N4096_M256_Q16","gaussian_phi070_N4096","gaussian","Gaussian","inside formal moment assumptions","regular",0.7,"phi = 0.70",4096,256,16,17,100000,20000,"K_leading",0.93574,-0.0142599999999999,0.000775439568245005,-0.01268,0.00062257212591034,0.06426,1.12648370654468,0.93655,0.00172371832820795,20000,0.147763357515113,0.000194501060765195,0.0275066038030092,0.14684991086149,0.128325620203011,0.166019371427238,0.18379974546709,0.194230001948883,0.147763357515113,1.01379555645975,1.05186144741732,0,0,0,2e-05
"gaussian_phi070_N4096_M256_Q16","gaussian_phi070_N4096","gaussian","Gaussian","inside formal moment assumptions","regular",0.7,"phi = 0.70",4096,256,16,17,100000,20000,"V_oracle",0.92484,-0.02516,0.000833732417505761,-0.02358,0.000655624995284152,0.07516,1.23051226601298,0.92515,0.0018607455159156,20000,0.141209164600924,0.000185595353441393,0.0262471465950247,0.140384681801707,0.122704971745439,0.158614666472585,0.175618439324398,0.185559670171634,0.141209164600924,0.968827630958292,1.00520507088861,0,0,0,2e-05
"gaussian_phi070_N4096_M256_Q16","gaussian_phi070_N4096","gaussian","Gaussian","inside formal moment assumptions","regular",0.7,"phi = 0.70",4096,256,16,17,100000,20000,"V_feasible",0.92478,-0.0252199999999999,0.000834038078267413,-0.02364,0.000657279106740996,0.07522,1.23102921155151,0.92505,0.00186188744960591,20000,0.141234038801653,0.000186264894416851,0.0263418339878303,0.140390198746318,0.122600343090054,0.158626901860479,0.175743696749054,0.185754488336611,0.141234038801653,0.968998291361479,1.00538213923101,0,0,0,2e-05
"gaussian_phi070_N4096_M256_Q16","gaussian_phi070_N4096","gaussian","Gaussian","inside formal moment assumptions","regular",0.7,"phi = 0.70",4096,256,16,17,100000,20000,"VK_leading_oracle",0.93699,-0.01301,0.000768373215956933,-0.01143,0.000619190911572392,0.06301,1.11515174107426,0.9378,0.00170779331302122,20000,0.148532921179269,0.00019554981122635,0.0276549195155803,0.147609849190027,0.128978573713111,0.166897754243593,0.184742869335113,0.195245831355302,0.148532921179269,1.01907548672294,1.05733962795729,0,0,0,2e-05
"gaussian_phi070_N4096_M256_Q16","gaussian_phi070_N4096","gaussian","Gaussian","inside formal moment assumptions","regular",0.7,"phi = 0.70",4096,256,16,17,100000,20000,"F_feasible_leading",0.93696,-0.0130399999999999,0.000768543807469685,-0.01146,0.000619911708959646,0.06304,1.11562022296855,0.9378,0.00170779331302122,20000,0.148565187748211,0.00019627304421646,0.0277572001059173,0.147620591597763,0.128933245977701,0.166911022343755,0.184912892944375,0.195459130900303,0.148565187748211,1.01929686572221,1.05756931927238,0,0,0,2e-05
"gaussian_phi075_N4096_M16_Q256","gaussian_phi075_N4096","gaussian","Gaussian","inside formal moment assumptions","regular",0.75,"phi = 0.75",4096,16,256,8,100000,20000,"raw",0.9172,-0.0327999999999999,0.000871459465494523,-0.03309,0.000566174641376003,0.0828,1.27794702569693,0.91745,0.00194596373938468,20000,0.14384951984625,4.57656603519064e-05,0.00647224175606267,0.143751921227006,0.139525268452831,0.148175211117183,0.152130057538815,0.15465005326125,0.14384951984625,0.888061666284677,1,0,0,0,0
"gaussian_phi075_N4096_M16_Q256","gaussian_phi075_N4096","gaussian","Gaussian","inside formal moment assumptions","regular",0.75,"phi = 0.75",4096,16,256,8,100000,20000,"K_leading",0.91809,-0.03191,0.000867183670856411,-0.0322,0.000558779672453485,0.08191,1.27045905484324,0.91855,0.00193411345970189,20000,0.144275973659412,4.5901461238456e-05,0.00649144690161675,0.144178652700922,0.139939644021485,0.14861459446096,0.152579878221069,0.155111151841596,0.144275973659412,0.89069439863105,1.00296458280582,0,0,0,0
"gaussian_phi075_N4096_M16_Q256","gaussian_phi075_N4096","gaussian","Gaussian","inside formal moment assumptions","regular",0.75,"phi = 0.75",4096,16,256,8,100000,20000,"V_oracle",0.94937,-0.000629999999999908,0.000693300822875611,-0.00092,0.000289469124301262,0.05063,1.00768937012765,0.9488,0.0015585018447214,20000,0.162157188851488,5.15979595215948e-05,0.00729705341462174,0.162050829913507,0.157281448303239,0.167021903292437,0.17148279387191,0.174340812244624,0.162157188851488,1.00108490793301,1.12726958716863,0,0,0,0
"gaussian_phi075_N4096_M16_Q256","gaussian_phi075_N4096","gaussian","Gaussian","inside formal moment assumptions","regular",0.75,"phi = 0.75",4096,16,256,8,100000,20000,"V_feasible",0.94242,-0.00757999999999992,0.000736644714906718,-0.00787,0.000339826111147831,0.05758,1.06945655052107,0.9409,0.0016674410034541,20000,0.1574742554336,5.4450689748401e-05,0.00770049039227583,0.157345741599924,0.152314404655902,0.162566969167211,0.167334190252591,0.170341399662904,0.1574742554336,0.972174601811486,1.09471519683842,0,0,0,0
"gaussian_phi075_N4096_M16_Q256","gaussian_phi075_N4096","gaussian","Gaussian","inside formal moment assumptions","regular",0.75,"phi = 0.75",4096,16,256,8,100000,20000,"VK_leading_oracle",0.94992,-7.9999999999969e-05,0.000689724536318667,-0.00037,0.000289308603388631,0.05008,1.00178494022456,0.9495,0.00154838222025442,20000,0.162638916331008,5.17514989780938e-05,0.00731876717279576,0.162532853126073,0.157750080023689,0.167517713254331,0.171990562839063,0.174861865402674,0.162638916331008,1.00405887481601,1.13061841641766,0,0,0,0
"gaussian_phi075_N4096_M16_Q256","gaussian_phi075_N4096","gaussian","Gaussian","inside formal moment assumptions","regular",0.75,"phi = 0.75",4096,16,256,8,100000,20000,"F_feasible_leading",0.94332,-0.00667999999999991,0.000731213905775868,-0.00697,0.000333789312520715,0.05668,1.06319020354536,0.94195,0.00165348416230698,20000,0.157942731768067,5.46128658253268e-05,0.00772342555302393,0.157813252545669,0.152767710688114,0.163050379726608,0.167833511633818,0.170849248416322,0.157942731768067,0.975066762137404,1.09797190798329,0,0,0,0
"gaussian_phi075_N4096_M64_Q64","gaussian_phi075_N4096","gaussian","Gaussian","inside formal moment assumptions","regular",0.75,"phi = 0.75",4096,64,64,17,100000,20000,"raw",0.93977,-0.01023,0.000752345313669195,-0.01052,0.000435999079072387,0.06023,1.08983937454384,0.9381,0.00170394234057376,20000,0.157628575579768,0.000100147794272765,0.0141630368902295,0.157279139088852,0.147897829485644,0.167094844827277,0.175911188628958,0.181291155702655,0.157628575579768,0.973127304373816,1,0,0,0,0
"gaussian_phi075_N4096_M64_Q64","gaussian_phi075_N4096","gaussian","Gaussian","inside formal moment assumptions","regular",0.75,"phi = 0.75",4096,64,64,17,100000,20000,"K_leading",0.94256,-0.00744,0.00073580327805739,-0.00773,0.000423679437833205,0.05744,1.06429626420296,0.9409,0.0016674410034541,20000,0.159558764797682,0.00010139319669092,0.0143391633892661,0.159196993131848,0.149707504069902,0.169144916470679,0.178081800017935,0.183516107116903,0.159558764797682,0.985043416815044,1.012245173255,0,0,0,0
"gaussian_phi075_N4096_M64_Q64","gaussian_phi075_N4096","gaussian","Gaussian","inside formal moment assumptions","regular",0.75,"phi = 0.75",4096,64,64,17,100000,20000,"V_oracle",0.94634,-0.00366,0.000712605110843306,-0.00395,0.000410543128619399,0.05366,1.03231922942311,0.94475,0.00161550978796168,20000,0.162078122525359,0.000103020406309131,0.014569285580356,0.161696864664791,0.152070442666798,0.171822681331399,0.180909148842197,0.186441446923473,0.162078122525359,1.00059678831048,1.02822804766981,0,0,0,0
"gaussian_phi075_N4096_M64_Q64","gaussian_phi075_N4096","gaussian","Gaussian","inside formal moment assumptions","regular",0.75,"phi = 0.75",4096,64,64,17,100000,20000,"V_feasible",0.94595,-0.00405,0.000715042638588777,-0.00434,0.000420967238789625,0.05405,1.035280404845,0.94455,0.00161825982926105,20000,0.162059658129685,0.000107416520165777,0.0151909899641364,0.161679643353011,0.151597181130195,0.172201602089827,0.181762379617633,0.187490762765042,0.162059658129685,1.00048279750949,1.02811090903802,0,0,0,0
"gaussian_phi075_N4096_M64_Q64","gaussian_phi075_N4096","gaussian","Gaussian","inside formal moment assumptions","regular",0.75,"phi = 0.75",4096,64,64,17,100000,20000,"VK_leading_oracle",0.94938,-0.000619999999999954,0.000693236003104282,-0.00091,0.000403600480591239,0.05062,1.00812424748351,0.94735,0.00157920830639913,20000,0.164065699925474,0.000104305522314224,0.0147510284287185,0.163677504659274,0.153924888491743,0.173939381044866,0.183117618412492,0.188721448473351,0.164065699925474,1.01286718934972,1.04083729312423,0,0,0,0
"gaussian_phi075_N4096_M64_Q64","gaussian_phi075_N4096","gaussian","Gaussian","inside formal moment assumptions","regular",0.75,"phi = 0.75",4096,64,64,17,100000,20000,"F_feasible_leading",0.94894,-0.00105999999999995,0.000696081003906873,-0.00135,0.000410954333028183,0.05106,1.01101602035644,0.9469,0.00158556598727395,20000,0.164052926017509,0.000108762342461934,0.0153813179785134,0.163655552054859,0.153453332384727,0.174315521631248,0.183989177059844,0.189805312620101,0.164052926017509,1.01278832903788,1.04075625510229,0,0,0,0
"gaussian_phi075_N4096_M256_Q16","gaussian_phi075_N4096","gaussian","Gaussian","inside formal moment assumptions","regular",0.75,"phi = 0.75",4096,256,16,17,100000,20000,"raw",0.92336,-0.02664,0.00084122714173997,-0.02693,0.000657914948546387,0.07664,1.25561827523946,0.92415,0.00187212149044874,20000,0.156427482616036,0.000205606983816264,0.0290772185031586,0.155472939332594,0.135972171430898,0.175474514654784,0.194069452598802,0.205999354981521,0.156427482616036,0.965712301391008,1,0,0,0,2e-05
"gaussian_phi075_N4096_M256_Q16","gaussian_phi075_N4096","gaussian","Gaussian","inside formal moment assumptions","regular",0.75,"phi = 0.75",4096,256,16,17,100000,20000,"K_leading",0.93514,-0.01486,0.00077880151771809,-0.01515,0.000616934827259582,0.06486,1.13790406193576,0.9355,0.00173694775396383,20000,0.16454756807584,0.00021665111205516,0.030639094097162,0.163525210183581,0.143014249598974,0.184587254925652,0.204214028210617,0.216823155879542,0.16454756807584,1.01584202467069,1.0519095834313,0,0,0,2e-05
"gaussian_phi075_N4096_M256_Q16","gaussian_phi075_N4096","gaussian","Gaussian","inside formal moment assumptions","regular",0.75,"phi = 0.75",4096,256,16,17,100000,20000,"V_oracle",0.92468,-0.02532,0.000834547168229574,-0.02561,0.0006535637309823,0.0753200000000001,1.23983977136183,0.9252,0.00186017418539232,20000,0.157447455463291,0.000206990715324286,0.0292729076896914,0.156476548764819,0.136849446648065,0.176619303038778,0.195343328682854,0.207336900492776,0.157447455463291,0.97200915095482,1.00652041975104,0,0,0,2e-05
"gaussian_phi075_N4096_M256_Q16","gaussian_phi075_N4096","gaussian","Gaussian","inside formal moment assumptions","regular",0.75,"phi = 0.75",4096,256,16,17,100000,20000,"V_feasible",0.92464,-0.0253599999999999,0.000834750683737366,-0.02565,0.000654465475216671,0.07536,1.24070061867178,0.9253,0.00185903079587187,20000,0.157445571902077,0.000207627985116595,0.0293630312480088,0.156446025486123,0.136807885525467,0.17671219163841,0.195474559401032,0.207536762289742,0.157445571902077,0.971997522702519,1.00650837863664,0,0,0,2e-05
"gaussian_phi075_N4096_M256_Q16","gaussian_phi075_N4096","gaussian","Gaussian","inside formal moment assumptions","regular",0.75,"phi = 0.75",4096,256,16,17,100000,20000,"VK_leading_oracle",0.93661,-0.0133899999999999,0.000770530388109385,-0.01368,0.000613948161755904,0.0633899999999999,1.12360479279666,0.93745,0.00171227184611556,20000,0.165621158840796,0.000218116198909122,0.0308462886670548,0.164584739690508,0.143964026941831,0.185799106755237,0.205588561524043,0.218251040019946,0.165621158840796,1.02246988693018,1.05877276851234,0,0,0,2e-05
"gaussian_phi075_N4096_M256_Q16","gaussian_phi075_N4096","gaussian","Gaussian","inside formal moment assumptions","regular",0.75,"phi = 0.75",4096,256,16,17,100000,20000,"F_feasible_leading",0.93665,-0.01335,0.000770303690111894,-0.01364,0.000614119919423523,0.06335,1.1243849356713,0.93725,0.00171482415279235,20000,0.165625384874337,0.000218805796411345,0.0309438124810771,0.164579595208332,0.143870368024843,0.185840621251318,0.20575040025011,0.218502792293312,0.165625384874337,1.02249597654377,1.05879978443991,0,0,0,2e-05
"gaussian_phi080_N4096_M16_Q256","gaussian_phi080_N4096","gaussian","Gaussian","inside formal moment assumptions","regular",0.8,"phi = 0.80",4096,16,256,8,100000,20000,"raw",0.90555,-0.04445,0.000924819968966934,-0.04466,0.000653191480801079,0.09445,1.37918720502266,0.9077,0.00204671334094445,20000,0.157011410987561,5.07114077417658e-05,0.00717167605954372,0.157000249653881,0.152212234871689,0.161810570328208,0.166251092323275,0.168839075787651,0.157011410987561,0.854963544254163,1,0,0,0,0
"gaussian_phi080_N4096_M16_Q256","gaussian_phi080_N4096","gaussian","Gaussian","inside formal moment assumptions","regular",0.8,"phi = 0.80",4096,16,256,8,100000,20000,"K_leading",0.90632,-0.0436799999999999,0.000921433978101524,-0.04389,0.000647796939950131,0.09368,1.37110602999323,0.90855,0.00203822100739836,20000,0.157476883471121,5.08619231775769e-05,0.00719296215661077,0.157465829286081,0.152663288525806,0.162290899935448,0.166744591541183,0.169339590206693,0.157476883471121,0.857498149871644,1.00296457741914,0,0,0,0
"gaussian_phi080_N4096_M16_Q256","gaussian_phi080_N4096","gaussian","Gaussian","inside formal moment assumptions","regular",0.8,"phi = 0.80",4096,16,256,8,100000,20000,"V_oracle",0.95022,0.000219999999999998,0.00068776414271173,1e-05,0.000289656413718702,0.04978,1.00795687034028,0.95155,0.00151826541651979,20000,0.183916108659158,5.94169743618567e-05,0.00840282909777122,0.183904641394192,0.17830171282407,0.189551828345995,0.194760395189038,0.1977584690677,0.183916108659158,1.00146586235777,1.17135504675981,0,0,0,0
"gaussian_phi080_N4096_M16_Q256","gaussian_phi080_N4096","gaussian","Gaussian","inside formal moment assumptions","regular",0.8,"phi = 0.80",4096,16,256,8,100000,20000,"V_feasible",0.93622,-0.0137799999999999,0.000772736123136482,-0.01399,0.000390056816942358,0.0637799999999999,1.12642760964228,0.93825,0.0017020125954293,20000,0.173977278034295,6.02215855433163e-05,0.00851661830229694,0.173931827601014,0.168296347367021,0.179701070162764,0.18495660806056,0.188020642835425,0.173977278034295,0.947346624760138,1.10805499383786,0,0,0,0
"gaussian_phi080_N4096_M16_Q256","gaussian_phi080_N4096","gaussian","Gaussian","inside formal moment assumptions","regular",0.8,"phi = 0.80",4096,16,256,8,100000,20000,"VK_leading_oracle",0.95102,0.00102000000000002,0.000682502451277649,0.00081,0.000288260767262386,0.04898,1.00205087305313,0.95245,0.00150480891644089,20000,0.184462904008173,5.95940440026571e-05,0.00842787052652167,0.184452473390811,0.178831023984589,0.190115684099083,0.195337652907634,0.198346285300118,0.184462904008173,1.00444328983667,1.17483756656889,0,0,0,0
"gaussian_phi080_N4096_M16_Q256","gaussian_phi080_N4096","gaussian","Gaussian","inside formal moment assumptions","regular",0.8,"phi = 0.80",4096,16,256,8,100000,20000,"F_feasible_leading",0.93686,-0.0131399999999999,0.000769112088059991,-0.01335,0.00038330046203004,0.06314,1.11982744786703,0.9389,0.0016936172826232,20000,0.174494799547481,6.0400985470975e-05,0.00854198928337531,0.174450953080876,0.16879659146935,0.180235902929044,0.185505114932783,0.188580337857604,0.174494799547481,0.950164649414263,1.11135106964491,0,0,0,0
"gaussian_phi080_N4096_M64_Q64","gaussian_phi080_N4096","gaussian","Gaussian","inside formal moment assumptions","regular",0.8,"phi = 0.80",4096,64,64,17,100000,20000,"raw",0.93888,-0.0111199999999999,0.000757524558017758,-0.01133,0.000446114672682946,0.06112,1.10695092727016,0.94055,0.00167206006919608,20000,0.1772618806037,0.00011341656532749,0.0160395244883911,0.177003208465224,0.166391906122076,0.187776014161425,0.197859161681389,0.20388516124207,0.1772618806037,0.965232047459942,1,0,0,0,0
"gaussian_phi080_N4096_M64_Q64","gaussian_phi080_N4096","gaussian","Gaussian","inside formal moment assumptions","regular",0.8,"phi = 0.80",4096,64,64,17,100000,20000,"K_leading",0.94202,-0.00797999999999999,0.000739042079992743,-0.00819,0.000429919861498481,0.05798,1.08100676491227,0.94395,0.0016264746770239,20000,0.179432066580087,0.000114825716455761,0.0162388085520945,0.179170829524612,0.168422806017508,0.190084745961872,0.200282602784806,0.206380323369869,0.179432066580087,0.977049213374139,1.01224282383215,0,0,0,0
"gaussian_phi080_N4096_M64_Q64","gaussian_phi080_N4096","gaussian","Gaussian","inside formal moment assumptions","regular",0.8,"phi = 0.80",4096,64,64,17,100000,20000,"V_oracle",0.94757,-0.00242999999999993,0.000704848175850658,-0.00264,0.000414164241962284,0.05243,1.03119830512376,0.9493,0.00155128188927738,20000,0.183831944921516,0.000117686374191559,0.0166433666488217,0.183564588747619,0.172555958443831,0.194743490823711,0.205201201694559,0.211485285476351,0.183831944921516,1.00100757128848,1.03706416910077,0,0,0,0
"gaussian_phi080_N4096_M64_Q64","gaussian_phi080_N4096","gaussian","Gaussian","inside formal moment assumptions","regular",0.8,"phi = 0.80",4096,64,64,17,100000,20000,"V_feasible",0.94678,-0.00322,0.000709842458577958,-0.00343,0.000423301479847907,0.05322,1.03800366273879,0.9484,0.00156424806216917,20000,0.18341279287009,0.000121732212532934,0.017215534594176,0.183009982089229,0.171710891350645,0.194687154526402,0.205534703085981,0.212006691531834,0.18341279287009,0.998725191165819,1.03469957695045,0,0,0,0
"gaussian_phi080_N4096_M64_Q64","gaussian_phi080_N4096","gaussian","Gaussian","inside formal moment assumptions","regular",0.8,"phi = 0.80",4096,64,64,17,100000,20000,"VK_leading_oracle",0.95014,0.000140000000000029,0.000688287588149024,-7e-05,0.000408780652693129,0.04986,1.00702959484742,0.9517,0.00151603281626751,20000,0.186086875258318,0.000119154467900024,0.0168509864521564,0.185814975038104,0.17467359631954,0.197127988797466,0.207741890135788,0.21408126167841,0.186086875258318,1.01328618989761,1.04978506729457,0,0,0,0
"gaussian_phi080_N4096_M64_Q64","gaussian_phi080_N4096","gaussian","Gaussian","inside formal moment assumptions","regular",0.8,"phi = 0.80",4096,64,64,17,100000,20000,"F_feasible_leading",0.94963,-0.000369999999999981,0.00069161306450934,-0.00058,0.000415449590183478,0.05037,1.01367545189335,0.951,0.00152641737411496,20000,0.185668184700448,0.000123256379901538,0.0174310844105765,0.185260490401516,0.173820176321591,0.197093284647789,0.208064171597534,0.214588511065898,0.185668184700448,1.01100632271439,1.04742307860054,0,0,0,0
"gaussian_phi080_N4096_M256_Q16","gaussian_phi080_N4096","gaussian","Gaussian","inside formal moment assumptions","regular",0.8,"phi = 0.80",4096,256,16,17,100000,20000,"raw",0.9237,-0.0263,0.000839513609180935,-0.02651,0.000665038812225435,0.0763,1.2580068617192,0.92595,0.00185157497147698,20000,0.176932438167524,0.000232830046703349,0.0329271409775837,0.175584571930432,0.154355588847555,0.198463313260641,0.219653922744638,0.232790785902929,0.176932438167524,0.963438156996256,1,0,0,0,2e-05
"gaussian_phi080_N4096_M256_Q16","gaussian_phi080_N4096","gaussian","Gaussian","inside formal moment assumptions","regular",0.8,"phi = 0.80",4096,256,16,17,100000,20000,"K_leading",0.93632,-0.0136799999999999,0.000772171338499429,-0.01389,0.000621107508202378,0.06368,1.14006871843303,0.93765,0.00170971455950986,20000,0.186112517557746,0.000245337950916806,0.0346960257551371,0.18473855557947,0.162318003601825,0.208823257501405,0.23111907740021,0.244962542410657,0.186112517557746,1.01342581816453,1.05188465996003,0,0,0,2e-05
"gaussian_phi080_N4096_M256_Q16","gaussian_phi080_N4096","gaussian","Gaussian","inside formal moment assumptions","regular",0.8,"phi = 0.80",4096,256,16,17,100000,20000,"V_oracle",0.92598,-0.0240199999999999,0.000827895160029336,-0.02423,0.000657292470163711,0.07402,1.23750924828689,0.92805,0.0018272000095775,20000,0.178431927598334,0.000234868019875143,0.0332153539075141,0.177086553599241,0.155656495732172,0.200158474961856,0.221560921110233,0.23477577922397,0.178431927598334,0.971603224683206,1.00847492662363,0,0,0,2e-05
"gaussian_phi080_N4096_M256_Q16","gaussian_phi080_N4096","gaussian","Gaussian","inside formal moment assumptions","regular",0.8,"phi = 0.80",4096,256,16,17,100000,20000,"V_feasible",0.92577,-0.02423,0.000828974710711974,-0.02444,0.000658354918195333,0.07423,1.23938610751965,0.92785,0.00182954061857068,20000,0.178342577079643,0.000235382983980317,0.0332881808296813,0.17699404942214,0.155497325191302,0.200112610348986,0.221569968079444,0.234896911253939,0.178342577079643,0.971116690388273,1.00796992867291,0,0,0,2e-05
"gaussian_phi080_N4096_M256_Q16","gaussian_phi080_N4096","gaussian","Gaussian","inside formal moment assumptions","regular",0.8,"phi = 0.80",4096,256,16,17,100000,20000,"VK_leading_oracle",0.93828,-0.01172,0.000760990417810895,-0.01193,0.000614557180256873,0.06172,1.12149275625999,0.93995,0.00167994043793225,20000,0.187690748511494,0.000247495927049831,0.0350012096665973,0.186306022056746,0.163663053778117,0.210612256779732,0.233092181245341,0.247046725972082,0.187690748511494,1.02201965170428,1.06080462381796,0,0,0,2e-05
"gaussian_phi080_N4096_M256_Q16","gaussian_phi080_N4096","gaussian","Gaussian","inside formal moment assumptions","regular",0.8,"phi = 0.80",4096,256,16,17,100000,20000,"F_feasible_leading",0.93816,-0.01184,0.000761681130132551,-0.01205,0.000615184329707442,0.06184,1.12319365993968,0.93975,0.0016825566483777,20000,0.187602803110249,0.000248055598067255,0.0350803591009281,0.186169593607756,0.163558807884923,0.210569284900193,0.233123757007496,0.247175453933064,0.187602803110249,1.02154076859969,1.0603075674152,0,0,0,2e-05
"gaussian_phi085_N4096_M16_Q256","gaussian_phi085_N4096","gaussian","Gaussian","inside formal moment assumptions","regular",0.85,"phi = 0.85",4096,16,256,8,100000,20000,"raw",0.88426,-0.0657399999999999,0.00101165336158192,-0.06734,0.000792502065987999,0.11574,1.55114333966235,0.8851,0.00225497217277731,20000,0.172828880601504,5.73984768191536e-05,0.00811737043772047,0.172771203444225,0.167337315581152,0.178269332236786,0.183272928810253,0.186418625831396,0.172828880601504,0.804086898788657,1,0,0,0,0
"gaussian_phi085_N4096_M16_Q256","gaussian_phi085_N4096","gaussian","Gaussian","inside formal moment assumptions","regular",0.85,"phi = 0.85",4096,16,256,8,100000,20000,"K_leading",0.8855,-0.0645,0.00100692477375423,-0.0661,0.000785693370941063,0.1145,1.54205460915652,0.88625,0.0022451162275036,20000,0.173341222699797,5.75687409103865e-05,0.00814144941642115,0.173283688784401,0.16783285770807,0.17879906251821,0.183816010305286,0.186970317260819,0.173341222699797,0.806470571977431,1.00296444724117,0,0,0,0
"gaussian_phi085_N4096_M16_Q256","gaussian_phi085_N4096","gaussian","Gaussian","inside formal moment assumptions","regular",0.85,"phi = 0.85",4096,16,256,8,100000,20000,"V_oracle",0.95112,0.00112000000000001,0.000681841224919703,-0.00048,0.00030265262593627,0.04888,1.00283516561683,0.95065,0.00153157725074513,20000,0.215383613785015,7.15509861933726e-05,0.0101188375075838,0.21530170511535,0.208544576176827,0.22215153193973,0.228419905853738,0.232341531386906,0.215383613785015,1.0020729258648,1.2462246647401,0,0,0,0
"gaussian_phi085_N4096_M16_Q256","gaussian_phi085_N4096","gaussian","Gaussian","inside formal moment assumptions","regular",0.85,"phi = 0.85",4096,16,256,8,100000,20000,"V_feasible",0.92299,-0.02701,0.000843086353228422,-0.02861,0.000529072280671348,0.07701,1.23502321280166,0.9226,0.00188956661697861,20000,0.193949991455795,6.8022369682576e-05,0.00961981577498554,0.19388319076605,0.187450534483412,0.200434744448259,0.206276988688192,0.210092761399203,0.193949991455795,0.902352932027382,1.12220822573625,0,0,0,0
"gaussian_phi085_N4096_M16_Q256","gaussian_phi085_N4096","gaussian","Gaussian","inside formal moment assumptions","regular",0.85,"phi = 0.85",4096,16,256,8,100000,20000,"VK_leading_oracle",0.9517,0.00170000000000003,0.000677990486658921,1e-04,0.000304632283266695,0.0483,0.996959178318294,0.9512,0.00152345922164001,20000,0.216024822523435,7.17644502116026e-05,0.0101490258785497,0.215942726509634,0.20916611093796,0.222814391209206,0.229099449951503,0.233035005621327,0.216024822523435,1.00505615149328,1.24993474338082,0,0,0,0
"gaussian_phi085_N4096_M16_Q256","gaussian_phi085_N4096","gaussian","Gaussian","inside formal moment assumptions","regular",0.85,"phi = 0.85",4096,16,256,8,100000,20000,"F_feasible_leading",0.92398,-0.0260199999999999,0.000838098798471875,-0.02762,0.000520167340132594,0.07602,1.22778674866415,0.9234,0.00188059086459549,20000,0.194526829697983,6.82248343224972e-05,0.00964844859895329,0.194459772531695,0.188008663578136,0.201031348868236,0.206890328277756,0.210717805345976,0.194526829697983,0.905036673724076,1.12554585218028,0,0,0,0
"gaussian_phi085_N4096_M64_Q64","gaussian_phi085_N4096","gaussian","Gaussian","inside formal moment assumptions","regular",0.85,"phi = 0.85",4096,64,64,17,100000,20000,"raw",0.93581,-0.0141899999999999,0.000775046088307011,-0.01579,0.000468197555621034,0.06419,1.13368746606676,0.93445,0.00175004567797529,20000,0.204712642262781,0.000130097231964632,0.0183985269871581,0.204279790759584,0.192230603930952,0.216882029107403,0.228614773163135,0.235590091946849,0.204712642262781,0.952426198023293,1,0,0,0,0
"gaussian_phi085_N4096_M64_Q64","gaussian_phi085_N4096","gaussian","Gaussian","inside formal moment assumptions","regular",0.85,"phi = 0.85",4096,64,64,17,100000,20000,"K_leading",0.9389,-0.0111,0.000757408674362791,-0.0127,0.000453198801732241,0.0611,1.10711666608082,0.93765,0.00170971455950986,20000,0.20721842034466,0.000131712477534925,0.0186269572063652,0.206773204525532,0.194589603030073,0.21952651127944,0.231412767966866,0.238455181776555,0.20721842034466,0.964084338259451,1.01224046572885,0,0,0,0
"gaussian_phi085_N4096_M64_Q64","gaussian_phi085_N4096","gaussian","Gaussian","inside formal moment assumptions","regular",0.85,"phi = 0.85",4096,64,64,17,100000,20000,"V_oracle",0.94802,-0.00197999999999998,0.000701983472739922,-0.00358,0.00042008761078614,0.05198,1.02670896635755,0.9475,0.00157708195728694,20000,0.215401406707827,0.000136996812699656,0.0193742750521741,0.214943934116401,0.20225635485392,0.228215234552976,0.240558082495807,0.247881884195826,0.215401406707827,1.00215570749293,1.05221350438789,0,0,0,0
"gaussian_phi085_N4096_M64_Q64","gaussian_phi085_N4096","gaussian","Gaussian","inside formal moment assumptions","regular",0.85,"phi = 0.85",4096,64,64,17,100000,20000,"V_feasible",0.94578,-0.00422,0.000716101889398429,-0.00582,0.000428792624273257,0.05422,1.04613750528132,0.9451,0.00161068292969163,20000,0.213542288789166,0.000139915338489057,0.0197870169275246,0.213080153234661,0.200092754741591,0.226666446766074,0.239165113479312,0.246680783167442,0.213542288789166,0.993506155655902,1.04313190640689,0,0,0,0
"gaussian_phi085_N4096_M64_Q64","gaussian_phi085_N4096","gaussian","Gaussian","inside formal moment assumptions","regular",0.85,"phi = 0.85",4096,64,64,17,100000,20000,"VK_leading_oracle",0.95082,0.000820000000000043,0.00068382254715679,-0.00078,0.000412547715974988,0.04918,1.00264547495854,0.9501,0.00153964265334525,20000,0.218045126134117,0.000138707337998199,0.0196161798597722,0.217588545683241,0.20472867054422,0.231005758272312,0.243525385492827,0.25092711606438,0.218045126134117,1.0144556202584,1.0651277992603,0,0,0,0
"gaussian_phi085_N4096_M64_Q64","gaussian_phi085_N4096","gaussian","Gaussian","inside formal moment assumptions","regular",0.85,"phi = 0.85",4096,64,64,17,100000,20000,"F_feasible_leading",0.94842,-0.00157999999999991,0.000699424789380531,-0.00318,0.00042296650577398,0.05158,1.02161865750129,0.94765,0.0015749520230788,20000,0.216167584861023,0.000141665825791951,0.0200345732159761,0.215680383147951,0.202551288911679,0.229444568629364,0.242077482146432,0.249731802304362,0.216167584861023,1.00572035370818,1.05595620510597,0,0,0,0
"gaussian_phi085_N4096_M256_Q16","gaussian_phi085_N4096","gaussian","Gaussian","inside formal moment assumptions","regular",0.85,"phi = 0.85",4096,256,16,17,100000,20000,"raw",0.92372,-0.02628,0.000839412661329337,-0.02788,0.000662896259089236,0.07628,1.25575594297066,0.92495,0.00186302841497386,20000,0.206726897400535,0.00027324610179296,0.0386428343021183,0.20530360458265,0.179939259328256,0.231928516315397,0.256986194720163,0.272401758683565,0.206726897400535,0.961797526249505,1,0,0,0,8e-05
"gaussian_phi085_N4096_M256_Q16","gaussian_phi085_N4096","gaussian","Gaussian","inside formal moment assumptions","regular",0.85,"phi = 0.85",4096,256,16,17,100000,20000,"K_leading",0.93571,-0.0142899999999999,0.000775608122056493,-0.01589,0.000622397744846114,0.06429,1.13802882331716,0.9369,0.00171927877320695,20000,0.21745336923364,0.00028792923495009,0.0407193429070126,0.215979370681478,0.189292961398203,0.243936751145781,0.270191152295085,0.286838795231187,0.21745336923364,1.01170246945811,1.05188716111925,0,0,0,8e-05
"gaussian_phi085_N4096_M256_Q16","gaussian_phi085_N4096","gaussian","Gaussian","inside formal moment assumptions","regular",0.85,"phi = 0.85",4096,256,16,17,100000,20000,"V_oracle",0.92672,-0.02328,0.000824075491687503,-0.02488,0.000653310128607571,0.07328,1.22754143247165,0.92785,0.00182954061857068,20000,0.209154493529336,0.000276561553692375,0.0391117100062732,0.207701616357601,0.182048846530208,0.234652370691884,0.259988261799502,0.275690507886329,0.209154493529336,0.973091924708405,1.01174301050965,0,0,0,8e-05
"gaussian_phi085_N4096_M256_Q16","gaussian_phi085_N4096","gaussian","Gaussian","inside formal moment assumptions","regular",0.85,"phi = 0.85",4096,256,16,17,100000,20000,"V_feasible",0.92611,-0.02389,0.000827225893574421,-0.02549,0.000656054039747513,0.07389,1.23270933179261,0.92725,0.00183653801349169,20000,0.208756087651582,0.000276624874123025,0.0391206648674532,0.207291019310744,0.181642638457899,0.234280775442127,0.259647285998257,0.275287482440602,0.208756087651582,0.971238340136269,1.00981580179726,0,0,0,8e-05
"gaussian_phi085_N4096_M256_Q16","gaussian_phi085_N4096","gaussian","Gaussian","inside formal moment assumptions","regular",0.85,"phi = 0.85",4096,256,16,17,100000,20000,"VK_leading_oracle",0.93828,-0.01172,0.000760990417810895,-0.01332,0.000615166286702712,0.06172,1.11245942317743,0.9394,0.00168712240219849,20000,0.220008434873222,0.000291439810222988,0.0412158132232791,0.218525511673006,0.19149254819569,0.246788942184847,0.27335600957046,0.290292821518459,0.220008434873222,1.02358992020814,1.06424677988058,0,0,0,8e-05
"gaussian_phi085_N4096_M256_Q16","gaussian_phi085_N4096","gaussian","Gaussian","inside formal moment assumptions","regular",0.85,"phi = 0.85",4096,256,16,17,100000,20000,"F_feasible_leading",0.93777,-0.01223,0.000763920330270114,-0.01383,0.000616758554793648,0.06223,1.11714283193705,0.93885,0.0016942649955069,20000,0.219594986208316,0.000291520765469288,0.0412272620240053,0.218110900256253,0.191018023058981,0.246368843840164,0.273034854539741,0.289916950404489,0.219594986208316,1.02166634902249,1.06224680469542,0,0,0,8e-05
"gaussian_phi090_N4096_M16_Q256","gaussian_phi090_N4096","gaussian","Gaussian","inside formal moment assumptions","regular",0.9,"phi = 0.90",4096,16,256,8,100000,20000,"raw",0.83903,-0.11097,0.00116214740502227,-0.11003,0.000989567472908156,0.16097,1.95844565131795,0.84125,0.00258407079527632,20000,0.191843342001683,6.85559204725475e-05,0.0096952712513248,0.191745401959708,0.185253437821951,0.198365497876106,0.204318785559275,0.20788633142209,0.191843342001683,0.719406971787376,1,0,0,0,0
"gaussian_phi090_N4096_M16_Q256","gaussian_phi090_N4096","gaussian","Gaussian","inside formal moment assumptions","regular",0.9,"phi = 0.90",4096,16,256,8,100000,20000,"K_leading",0.84016,-0.10984,0.00115884068965497,-0.1089,0.000985097763765628,0.15984,1.94697038382976,0.8424,0.00257645337625194,20000,0.192412024193949,6.87593975931909e-05,0.00972404726168946,0.192314046453048,0.185803038925367,0.198952916280002,0.204924790253979,0.208503521018372,0.192412024193949,0.721539513524706,1.00296430507482,0,0,0,0
"gaussian_phi090_N4096_M16_Q256","gaussian_phi090_N4096","gaussian","Gaussian","inside formal moment assumptions","regular",0.9,"phi = 0.90",4096,16,256,8,100000,20000,"V_oracle",0.94823,-0.00176999999999994,0.000700641613808372,-0.00083,0.000305440737198625,0.05177,1.01606707525532,0.94885,0.00155778171609504,20000,0.267265541177287,9.55898138585696e-05,0.0135184411183509,0.267132442455722,0.258096553996216,0.276326989192594,0.284651173733159,0.289633531989683,0.267265541177287,1.00223803252854,1.39314473147024,0,0,0,0
"gaussian_phi090_N4096_M16_Q256","gaussian_phi090_N4096","gaussian","Gaussian","inside formal moment assumptions","regular",0.9,"phi = 0.90",4096,16,256,8,100000,20000,"V_feasible",0.88872,-0.06128,0.000994468509305348,-0.06034,0.000752991709094555,0.11128,1.51914645399651,0.8907,0.00220628092046321,20000,0.218103541534669,8.10456847499567e-05,0.0114615906545203,0.217988446671668,0.210322163561148,0.225782156821544,0.232816192204956,0.237108407641627,0.218103541534669,0.817881958865073,1.13688355956995,0,0,0,0
"gaussian_phi090_N4096_M16_Q256","gaussian_phi090_N4096","gaussian","Gaussian","inside formal moment assumptions","regular",0.9,"phi = 0.90",4096,16,256,8,100000,20000,"VK_leading_oracle",0.94895,-0.00105,0.000696016504833039,-0.00011,0.000305779028071155,0.05105,1.01011355723625,0.9495,0.00154838222025442,20000,0.268063548921224,9.58765707205487e-05,0.0135589946626823,0.267927584583902,0.258866777030992,0.277151391931019,0.285499456222981,0.29049857065901,0.268063548921224,1.00523053843747,1.39730441580231,0,0,0,0
"gaussian_phi090_N4096_M16_Q256","gaussian_phi090_N4096","gaussian","Gaussian","inside formal moment assumptions","regular",0.9,"phi = 0.90",4096,16,256,8,100000,20000,"F_feasible_leading",0.88977,-0.06023,0.000990350175947882,-0.05929,0.00074682831797232,0.11023,1.51024520524262,0.8919,0.00219561369553025,20000,0.218752091557645,8.12870589210553e-05,0.0114957261171577,0.218636622779656,0.210945784621705,0.226453723323162,0.23350676020613,0.237814210950343,0.218752091557645,0.820314002652538,1.14026418261482,0,0,0,0
"gaussian_phi090_N4096_M64_Q64","gaussian_phi090_N4096","gaussian","Gaussian","inside formal moment assumptions","regular",0.9,"phi = 0.90",4096,64,64,17,100000,20000,"raw",0.92506,-0.02494,0.000832610331427613,-0.024,0.000523108723333271,0.07494,1.21682861804514,0.9258,0.00185329922030955,20000,0.246270797148636,0.000157903577935421,0.0223309381463509,0.245996107279778,0.23116582331809,0.26094924966411,0.274918520398851,0.283928323210942,0.246270797148636,0.92350835096904,1,0,0,0,0
"gaussian_phi090_N4096_M64_Q64","gaussian_phi090_N4096","gaussian","Gaussian","inside formal moment assumptions","regular",0.9,"phi = 0.90",4096,64,64,17,100000,20000,"K_leading",0.92852,-0.0214799999999999,0.000814681591789087,-0.02054,0.000498581557857587,0.07148,1.18830919730971,0.92875,0.00181897550148428,20000,0.249286099759533,0.000159866008486307,0.0226084677363788,0.249019016944154,0.233992116169974,0.264136036079745,0.278274602568707,0.287411712548943,0.249286099759533,0.934815648359162,1.01224384963954,0,0,0,0
"gaussian_phi090_N4096_M64_Q64","gaussian_phi090_N4096","gaussian","Gaussian","inside formal moment assumptions","regular",0.9,"phi = 0.90",4096,64,64,17,100000,20000,"V_oracle",0.94563,-0.00436999999999999,0.00071703488827253,-0.00343,0.000416394146021349,0.05437,1.03932218862037,0.94615,0.0015960917501823,20000,0.267064033971282,0.000171472248290552,0.0242498379103105,0.266770277312631,0.250651292521187,0.282950036202392,0.298166171622593,0.307907755240846,0.267064033971282,1.00148238634685,1.08443240962141,0,0,0,0
"gaussian_phi090_N4096_M64_Q64","gaussian_phi090_N4096","gaussian","Gaussian","inside formal moment assumptions","regular",0.9,"phi = 0.90",4096,64,64,17,100000,20000,"V_feasible",0.93877,-0.01123,0.000758161507200148,-0.01029,0.000445020380916868,0.06123,1.10132300829887,0.93975,0.0016825566483777,20000,0.259390155138866,0.000170241881253904,0.0240758377353181,0.259040881333175,0.243046537941239,0.275133474048593,0.29026082465349,0.300020994987427,0.259390155138866,0.972705563158259,1.05327208155465,0,0,0,0
"gaussian_phi090_N4096_M64_Q64","gaussian_phi090_N4096","gaussian","Gaussian","inside formal moment assumptions","regular",0.9,"phi = 0.90",4096,64,64,17,100000,20000,"VK_leading_oracle",0.94831,-0.00168999999999997,0.00070012958729081,-0.00075,0.00041242705532101,0.05169,1.01496307482458,0.9488,0.0015585018447214,20000,0.270348513501007,0.000173623781877982,0.0245541107082351,0.270035155399904,0.253718346420265,0.286435279831439,0.301869767887616,0.311698758746186,0.270348513501007,1.01379908938029,1.09776927118906,0,0,0,0
"gaussian_phi090_N4096_M64_Q64","gaussian_phi090_N4096","gaussian","Gaussian","inside formal moment assumptions","regular",0.9,"phi = 0.90",4096,64,64,17,100000,20000,"F_feasible_leading",0.94161,-0.00839000000000001,0.000741489095671676,-0.00745,0.000433297648814905,0.0583900000000001,1.07551075029187,0.9427,0.00164342188740445,20000,0.262580088173018,0.000172374332589779,0.0243774118953475,0.262226627018889,0.246030544159162,0.278515784130467,0.293849880423849,0.303725099516044,0.262580088173018,0.9846677195738,1.06622503038612,0,0,0,0
"gaussian_phi090_N4096_M256_Q16","gaussian_phi090_N4096","gaussian","Gaussian","inside formal moment assumptions","regular",0.9,"phi = 0.90",4096,256,16,17,100000,20000,"raw",0.91977,-0.03023,0.000859029377262501,-0.02929,0.000675666725727442,0.08023,1.28668475924392,0.9211,0.00190623699995567,20000,0.25428677196779,0.000333849252292885,0.0472134140380715,0.252384665854869,0.221116050439041,0.285490468127859,0.316747323325228,0.33519569159951,0.25428677196779,0.953568024192003,1,0,0,0,4e-05
"gaussian_phi090_N4096_M256_Q16","gaussian_phi090_N4096","gaussian","Gaussian","inside formal moment assumptions","regular",0.9,"phi = 0.90",4096,256,16,17,100000,20000,"K_leading",0.93259,-0.0174099999999999,0.000792880141635544,-0.01647,0.00063418562969696,0.06741,1.1660580630648,0.93325,0.00176485746591616,20000,0.26747784167723,0.000351770697268354,0.0497478890922346,0.265386610590136,0.232507761974396,0.300309699348374,0.333207217563704,0.352684870045079,0.26747784167723,1.00303415324964,1.05187477747018,0,0,0,4e-05
"gaussian_phi090_N4096_M256_Q16","gaussian_phi090_N4096","gaussian","Gaussian","inside formal moment assumptions","regular",0.9,"phi = 0.90",4096,256,16,17,100000,20000,"V_oracle",0.92474,-0.0252599999999999,0.000834241765916811,-0.02432,0.000659310035489548,0.07526,1.24194145840997,0.92575,0.00185387347869265,20000,0.258951928280875,0.000340175250439481,0.0481080452755179,0.256960650277192,0.225169274535124,0.290713729304258,0.322616102635948,0.341387109577019,0.258951928280875,0.971062225143118,1.01834604402338,0,0,0,4e-05
"gaussian_phi090_N4096_M256_Q16","gaussian_phi090_N4096","gaussian","Gaussian","inside formal moment assumptions","regular",0.9,"phi = 0.90",4096,256,16,17,100000,20000,"V_feasible",0.9229,-0.0270999999999999,0.000843537728853902,-0.02616,0.000667503557750815,0.0770999999999999,1.2576392183879,0.92405,0.00187325382022832,20000,0.257333268707784,0.000338553961941156,0.0478787604572328,0.255393741339991,0.22369394909764,0.288950046876399,0.32065423084278,0.339399231372038,0.257333268707784,0.964992298662052,1.01198055532507,0,0,0,4e-05
"gaussian_phi090_N4096_M256_Q16","gaussian_phi090_N4096","gaussian","Gaussian","inside formal moment assumptions","regular",0.9,"phi = 0.90",4096,256,16,17,100000,20000,"VK_leading_oracle",0.93671,-0.0132899999999999,0.000769963479004037,-0.01235,0.000622879326022744,0.06329,1.12550944668403,0.9377,0.00170907445712584,20000,0.272387742000546,0.000358468814151111,0.0506951458660302,0.270218034504668,0.236741100266389,0.305791420784653,0.339399372945003,0.359341799884202,0.272387742000546,1.02144613714504,1.07118329393496,0,0,0,4e-05
"gaussian_phi090_N4096_M256_Q16","gaussian_phi090_N4096","gaussian","Gaussian","inside formal moment assumptions","regular",0.9,"phi = 0.90",4096,256,16,17,100000,20000,"F_feasible_leading",0.93539,-0.0146099999999999,0.000777403035111132,-0.01367,0.000626286861871087,0.0646099999999999,1.13973554166403,0.93625,0.00172751175828126,20000,0.270689702530746,0.00035676393907208,0.0504540401201384,0.268525686491844,0.235218887325726,0.303934040288988,0.337459959447406,0.357206368988243,0.270689702530746,1.0150785383522,1.06450563840196,0,0,0,4e-05
"gaussian_phi095_N4096_M16_Q256","gaussian_phi095_N4096","gaussian","Gaussian","inside formal moment assumptions","regular",0.95,"phi = 0.95",4096,16,256,8,100000,20000,"raw",0.73038,-0.21962,0.00140329988099479,-0.22012,0.00131022479860909,0.26962,3.14102593256987,0.72935,0.00314164429479214,20000,0.214720116010981,9.2143277109749e-05,0.0130310272170109,0.21439928435168,0.2058604241844,0.22333005466275,0.231421610426993,0.236720483961573,0.214720116010981,0.562701256144709,1,0,0,0,0
"gaussian_phi095_N4096_M16_Q256","gaussian_phi095_N4096","gaussian","Gaussian","inside formal moment assumptions","regular",0.95,"phi = 0.95",4096,16,256,8,100000,20000,"K_leading",0.73185,-0.21815,0.00140087678794389,-0.21865,0.00130707262972973,0.26815,3.12262148374622,0.7308,0.0031363303397442,20000,0.215356512485027,9.24163640334869e-05,0.0130696475401366,0.215034128625334,0.206470407991645,0.223992630626463,0.232109311059407,0.237424471916157,0.215356512485027,0.564369013698147,1.00296384188808,0,0,0,0
"gaussian_phi095_N4096_M16_Q256","gaussian_phi095_N4096","gaussian","Gaussian","inside formal moment assumptions","regular",0.95,"phi = 0.95",4096,16,256,8,100000,20000,"V_oracle",0.9499,-9.9999999999989e-05,0.00068985498476129,-6e-04,0.000331658710084629,0.0501,1.00394613935626,0.94985,0.0015432915716092,20000,0.382816409009438,0.000164430328148796,0.0232539600133486,0.382207861393028,0.366974193672016,0.398065828348323,0.412566777891122,0.421962144677317,0.382816409009438,1.00321887964797,1.78286234248244,0,0,0,0
"gaussian_phi095_N4096_M16_Q256","gaussian_phi095_N4096","gaussian","Gaussian","inside formal moment assumptions","regular",0.95,"phi = 0.95",4096,16,256,8,100000,20000,"V_feasible",0.79688,-0.15312,0.00127225101925681,-0.15362,0.00114027275606303,0.20312,2.37317064561059,0.7979,0.00283950338967926,20000,0.247321796167268,0.000108454722059645,0.0153378138840155,0.246915448671342,0.236896259913915,0.25744731867201,0.267038270984257,0.273174985034789,0.247321796167268,0.648138087668369,1.15183337621995,0,0,0,0
"gaussian_phi095_N4096_M16_Q256","gaussian_phi095_N4096","gaussian","Gaussian","inside formal moment assumptions","regular",0.95,"phi = 0.95",4096,16,256,8,100000,20000,"VK_leading_oracle",0.95056,0.000560000000000005,0.000685533999156862,6e-05,0.000328635122910562,0.04944,0.99806364244597,0.95045,0.00153451616967694,20000,0.383970179576664,0.000164928823540965,0.0233244579077872,0.383360378841566,0.368073681388623,0.399267315770891,0.413816648558912,0.423229993553894,0.383970179576664,1.00624248153279,1.78823571219116,0,0,0,0
"gaussian_phi095_N4096_M16_Q256","gaussian_phi095_N4096","gaussian","Gaussian","inside formal moment assumptions","regular",0.95,"phi = 0.95",4096,16,256,8,100000,20000,"F_feasible_leading",0.79836,-0.15164,0.00126878410456626,-0.15214,0.0011357583825229,0.20164,2.35926534885897,0.79945,0.00283133976678886,20000,0.248056949223839,0.000108777076525038,0.0153834016897004,0.247648827788483,0.237600160459709,0.258211799708431,0.267834042765244,0.273985951208029,0.248056949223839,0.650064649352836,1.15525714978262,0,0,0,0
"gaussian_phi095_N4096_M64_Q64","gaussian_phi095_N4096","gaussian","Gaussian","inside formal moment assumptions","regular",0.95,"phi = 0.95",4096,64,64,17,100000,20000,"raw",0.89777,-0.05223,0.00095801371127975,-0.05273,0.000708449355991591,0.10223,1.44410193458522,0.8976,0.00214376118072886,20000,0.320515470603744,0.000210162748376572,0.0297215009059752,0.319788279688819,0.300112915255937,0.340123630169409,0.358959884966363,0.370237459188714,0.320515470603744,0.839951380770102,1,0,0,0,0
"gaussian_phi095_N4096_M64_Q64","gaussian_phi095_N4096","gaussian","Gaussian","inside formal moment assumptions","regular",0.95,"phi = 0.95",4096,64,64,17,100000,20000,"K_leading",0.90178,-0.0482199999999999,0.000941131402090059,-0.04872,0.000684155170033061,0.09822,1.41025579549338,0.9015,0.00210710405533282,20000,0.324438573632152,0.000212766983136058,0.030089795317622,0.323704918194126,0.303783633564484,0.344284937250395,0.363351593979322,0.374771195424094,0.324438573632152,0.85023236907749,1.012239980245,0,0,0,0
"gaussian_phi095_N4096_M64_Q64","gaussian_phi095_N4096","gaussian","Gaussian","inside formal moment assumptions","regular",0.95,"phi = 0.95",4096,64,64,17,100000,20000,"V_oracle",0.94709,-0.00290999999999997,0.000707887928276786,-0.00341,0.000419744542376442,0.05291,1.02577139104576,0.9467,0.0015883814088562,20000,0.382292931512421,0.000251433523756442,0.0355580699331618,0.381366931001536,0.357879909441426,0.405806168218324,0.428336983233943,0.441622148554903,0.382292931512421,1.00184704057389,1.1927440843723,0,0,0,0
"gaussian_phi095_N4096_M64_Q64","gaussian_phi095_N4096","gaussian","Gaussian","inside formal moment assumptions","regular",0.95,"phi = 0.95",4096,64,64,17,100000,20000,"V_feasible",0.91649,-0.0335099999999999,0.000874849014973441,-0.03401,0.000590031084237774,0.08351,1.27871177756487,0.9164,0.00195717960340895,20000,0.341300906404449,0.000227147762659469,0.0321235446615726,0.340456405851054,0.319179401458084,0.362529870334291,0.382853610163868,0.395013038252444,0.341300906404449,0.89442224755174,1.06485002349981,0,0,0,0
"gaussian_phi095_N4096_M64_Q64","gaussian_phi095_N4096","gaussian","Gaussian","inside formal moment assumptions","regular",0.95,"phi = 0.95",4096,64,64,17,100000,20000,"VK_leading_oracle",0.94983,-0.000170000000000003,0.000690311314553079,-0.00067,0.000415809138875518,0.05017,1.00172987406812,0.9493,0.00155128188927738,20000,0.387021323945377,0.000254619210186949,0.036008594028711,0.386058062532571,0.362294100275779,0.410867415857333,0.433632260934261,0.447105368924758,0.387021323945377,1.01423839174768,1.20749654678558,0,0,0,0
"gaussian_phi095_N4096_M64_Q64","gaussian_phi095_N4096","gaussian","Gaussian","inside formal moment assumptions","regular",0.95,"phi = 0.95",4096,64,64,17,100000,20000,"F_feasible_leading",0.92001,-0.02999,0.000857855465098871,-0.03049,0.000565868183473864,0.07999,1.24874197027819,0.91925,0.00192651807025006,20000,0.345496659975313,0.00022998396478322,0.0325246442124767,0.344636333642249,0.323061116127519,0.366993787313139,0.387527415522003,0.399842503148283,0.345496659975313,0.905417751134077,1.07794066640375,0,0,0,0
"gaussian_phi095_N4096_M256_Q16","gaussian_phi095_N4096","gaussian","Gaussian","inside formal moment assumptions","regular",0.95,"phi = 0.95",4096,256,16,17,100000,20000,"raw",0.91539,-0.0346099999999999,0.000880063338061528,-0.03511,0.000692515468980114,0.08461,1.32597847009478,0.9141,0.00198142865125141,20000,0.355288061220979,0.000468922946683569,0.066315719090786,0.353839728323493,0.30868539880245,0.398675772292924,0.441951579080087,0.467662020955959,0.355288061220979,0.931077358080599,1,0,0,0,4e-05
"gaussian_phi095_N4096_M256_Q16","gaussian_phi095_N4096","gaussian","Gaussian","inside formal moment assumptions","regular",0.95,"phi = 0.95",4096,256,16,17,100000,20000,"K_leading",0.92885,-0.02115,0.000812943279079174,-0.02165,0.000646851574296292,0.07115,1.20166798852339,0.9273,0.00183595629032937,20000,0.373723149305734,0.000494105771550535,0.0698771083373589,0.372233451994038,0.324479319141692,0.419428077449871,0.464984916891898,0.492214192012819,0.373723149305734,0.979388841024746,1.0518877218148,0,0,0,4e-05
"gaussian_phi095_N4096_M256_Q16","gaussian_phi095_N4096","gaussian","Gaussian","inside formal moment assumptions","regular",0.95,"phi = 0.95",4096,256,16,17,100000,20000,"V_oracle",0.92562,-0.02438,0.000829744633004637,-0.02488,0.000657125691281159,0.07438,1.23089894894006,0.9238,0.00187608048867846,20000,0.369134772585417,0.000487823821195439,0.0689887063983257,0.367664977406053,0.320537218467427,0.414277269889729,0.459245291025076,0.486206354536835,0.369134772585417,0.967364418757501,1.03897319633216,0,0,0,4e-05
"gaussian_phi095_N4096_M256_Q16","gaussian_phi095_N4096","gaussian","Gaussian","inside formal moment assumptions","regular",0.95,"phi = 0.95",4096,256,16,17,100000,20000,"V_feasible",0.91919,-0.03081,0.000861856971312526,-0.03131,0.000678602567055593,0.08081,1.28985999784586,0.9181,0.00193897382653815,20000,0.360409138647517,0.00047645088794977,0.0673803307543269,0.35889895046696,0.312968683120929,0.404473973053807,0.448419898867344,0.474769534606554,0.360409138647517,0.944497790009668,1.01441387422065,0,0,0,4e-05
"gaussian_phi095_N4096_M256_Q16","gaussian_phi095_N4096","gaussian","Gaussian","inside formal moment assumptions","regular",0.95,"phi = 0.95",4096,256,16,17,100000,20000,"VK_leading_oracle",0.93769,-0.0123099999999999,0.000764378596639126,-0.01281,0.000621339600885857,0.06231,1.11550217247693,0.936,0.00173066461222271,20000,0.388295889050596,0.000514121098748539,0.072707703055234,0.386506664668406,0.33710527652856,0.435765183303869,0.483167592003317,0.511492417337625,0.388295889050596,1.01757855101673,1.09290441034293,0,0,0,4e-05
"gaussian_phi095_N4096_M256_Q16","gaussian_phi095_N4096","gaussian","Gaussian","inside formal moment assumptions","regular",0.95,"phi = 0.95",4096,256,16,17,100000,20000,"F_feasible_leading",0.93229,-0.01771,0.000794514668838783,-0.01821,0.00063622952374129,0.06771,1.16893562304781,0.93075,0.00179519410510396,20000,0.379118254194844,0.000502086644522179,0.0710057742169665,0.377529593152326,0.329107014867291,0.425535957115654,0.471774884321426,0.499518338879702,0.379118254194844,0.993527396622301,1.06707287853121,0,0,0,4e-05
