"phi","value","curve","panel"
-0.9,1.38333213926412,"Variance calibration","Even M"
-0.898198198198198,1.37848319408759,"Variance calibration","Even M"
-0.896396396396396,1.37371400124789,"Variance calibration","Even M"
-0.894594594594595,1.36902357839737,"Variance calibration","Even M"
-0.892792792792793,1.36441090528118,"Variance calibration","Even M"
-0.890990990990991,1.35987493008518,"Variance calibration","Even M"
-0.889189189189189,1.35541457507948,"Variance calibration","Even M"
-0.887387387387387,1.35102874163685,"Variance calibration","Even M"
-0.885585585585586,1.34671631469673,"Variance calibration","Even M"
-0.883783783783784,1.34247616673589,"Variance calibration","Even M"
-0.881981981981982,1.33830716130016,"Variance calibration","Even M"
-0.88018018018018,1.33420815614454,"Variance calibration","Even M"
-0.878378378378378,1.33017800602398,"Variance calibration","Even M"
-0.876576576576577,1.32621556517192,"Variance calibration","Even M"
-0.874774774774775,1.32231968949952,"Variance calibration","Even M"
-0.872972972972973,1.3184892385447,"Variance calibration","Even M"
-0.871171171171171,1.31472307719702,"Variance calibration","Even M"
-0.869369369369369,1.31102007722149,"Variance calibration","Even M"
-0.867567567567568,1.30737911860184,"Variance calibration","Even M"
-0.865765765765766,1.30379909072151,"Variance calibration","Even M"
-0.863963963963964,1.30027889339896,"Variance calibration","Even M"
-0.862162162162162,1.29681743779179,"Variance calibration","Even M"
-0.86036036036036,1.29341364718286,"Variance calibration","Even M"
-0.858558558558559,1.29006645766021,"Variance calibration","Even M"
-0.856756756756757,1.28677481870141,"Variance calibration","Even M"
-0.854954954954955,1.28353769367162,"Variance calibration","Even M"
-0.853153153153153,1.28035406024425,"Variance calibration","Even M"
-0.851351351351351,1.2772229107516,"Variance calibration","Even M"
-0.84954954954955,1.27414325247265,"Variance calibration","Even M"
-0.847747747747748,1.27111410786415,"Variance calibration","Even M"
-0.845945945945946,1.26813451474062,"Variance calibration","Even M"
-0.844144144144144,1.26520352640859,"Variance calibration","Even M"
-0.842342342342342,1.26232021175935,"Variance calibration","Even M"
-0.840540540540541,1.25948365532476,"Variance calibration","Even M"
-0.838738738738739,1.25669295729963,"Variance calibration","Even M"
-0.836936936936937,1.2539472335343,"Variance calibration","Even M"
-0.835135135135135,1.25124561550026,"Variance calibration","Even M"
-0.833333333333333,1.24858725023206,"Variance calibration","Even M"
-0.831531531531532,1.24597130024755,"Variance calibration","Even M"
-0.82972972972973,1.24339694344928,"Variance calibration","Even M"
-0.827927927927928,1.24086337300876,"Variance calibration","Even M"
-0.826126126126126,1.23836979723573,"Variance calibration","Even M"
-0.824324324324324,1.23591543943415,"Variance calibration","Even M"
-0.822522522522523,1.23349953774639,"Variance calibration","Even M"
-0.820720720720721,1.23112134498726,"Variance calibration","Even M"
-0.818918918918919,1.22878012846888,"Variance calibration","Even M"
-0.817117117117117,1.22647516981793,"Variance calibration","Even M"
-0.815315315315315,1.22420576478613,"Variance calibration","Even M"
-0.813513513513514,1.22197122305494,"Variance calibration","Even M"
-0.811711711711712,1.21977086803552,"Variance calibration","Even M"
-0.80990990990991,1.21760403666462,"Variance calibration","Even M"
-0.808108108108108,1.21547007919721,"Variance calibration","Even M"
-0.806306306306306,1.21336835899645,"Variance calibration","Even M"
-0.804504504504505,1.21129825232171,"Variance calibration","Even M"
-0.802702702702703,1.20925914811509,"Variance calibration","Even M"
-0.800900900900901,1.20725044778701,"Variance calibration","Even M"
-0.799099099099099,1.20527156500127,"Variance calibration","Even M"
-0.797297297297297,1.20332192546003,"Variance calibration","Even M"
-0.795495495495495,1.20140096668901,"Variance calibration","Even M"
-0.793693693693694,1.19950813782339,"Variance calibration","Even M"
-0.791891891891892,1.19764289939447,"Variance calibration","Even M"
-0.79009009009009,1.19580472311763,"Variance calibration","Even M"
-0.788288288288288,1.19399309168163,"Variance calibration","Even M"
-0.786486486486486,1.19220749853953,"Variance calibration","Even M"
-0.784684684684685,1.19044744770148,"Variance calibration","Even M"
-0.782882882882883,1.18871245352945,"Variance calibration","Even M"
-0.781081081081081,1.18700204053411,"Variance calibration","Even M"
-0.779279279279279,1.18531574317401,"Variance calibration","Even M"
-0.777477477477478,1.18365310565715,"Variance calibration","Even M"
-0.775675675675676,1.18201368174501,"Variance calibration","Even M"
-0.773873873873874,1.18039703455919,"Variance calibration","Even M"
-0.772072072072072,1.17880273639077,"Variance calibration","Even M"
-0.77027027027027,1.17723036851227,"Variance calibration","Even M"
-0.768468468468469,1.17567952099251,"Variance calibration","Even M"
-0.766666666666667,1.17414979251426,"Variance calibration","Even M"
-0.764864864864865,1.17264079019475,"Variance calibration","Even M"
-0.763063063063063,1.17115212940904,"Variance calibration","Even M"
-0.761261261261261,1.16968343361638,"Variance calibration","Even M"
-0.759459459459459,1.16823433418945,"Variance calibration","Even M"
-0.757657657657658,1.16680447024658,"Variance calibration","Even M"
-0.755855855855856,1.16539348848682,"Variance calibration","Even M"
-0.754054054054054,1.16400104302808,"Variance calibration","Even M"
-0.752252252252252,1.1626267952481,"Variance calibration","Even M"
-0.75045045045045,1.16127041362844,"Variance calibration","Even M"
-0.748648648648649,1.15993157360125,"Variance calibration","Even M"
-0.746846846846847,1.15860995739906,"Variance calibration","Even M"
-0.745045045045045,1.15730525390741,"Variance calibration","Even M"
-0.743243243243243,1.15601715852027,"Variance calibration","Even M"
-0.741441441441441,1.15474537299835,"Variance calibration","Even M"
-0.73963963963964,1.15348960533019,"Variance calibration","Even M"
-0.737837837837838,1.15224956959602,"Variance calibration","Even M"
-0.736036036036036,1.15102498583433,"Variance calibration","Even M"
-0.734234234234234,1.14981557991119,"Variance calibration","Even M"
-0.732432432432433,1.14862108339218,"Variance calibration","Even M"
-0.730630630630631,1.14744123341703,"Variance calibration","Even M"
-0.728828828828829,1.14627577257679,"Variance calibration","Even M"
-0.727027027027027,1.1451244487936,"Variance calibration","Even M"
-0.725225225225225,1.14398701520296,"Variance calibration","Even M"
-0.723423423423423,1.14286323003851,"Variance calibration","Even M"
-0.721621621621622,1.14175285651922,"Variance calibration","Even M"
-0.71981981981982,1.14065566273902,"Variance calibration","Even M"
-0.718018018018018,1.13957142155883,"Variance calibration","Even M"
-0.716216216216216,1.13849991050076,"Variance calibration","Even M"
-0.714414414414414,1.13744091164485,"Variance calibration","Even M"
-0.712612612612613,1.1363942115278,"Variance calibration","Even M"
-0.710810810810811,1.13535960104409,"Variance calibration","Even M"
-0.709009009009009,1.13433687534918,"Variance calibration","Even M"
-0.707207207207207,1.13332583376485,"Variance calibration","Even M"
-0.705405405405405,1.13232627968667,"Variance calibration","Even M"
-0.703603603603604,1.13133802049345,"Variance calibration","Even M"
-0.701801801801802,1.13036086745875,"Variance calibration","Even M"
-0.7,1.12939463566435,"Variance calibration","Even M"
-0.698198198198198,1.12843914391564,"Variance calibration","Even M"
-0.696396396396396,1.1274942146589,"Variance calibration","Even M"
-0.694594594594595,1.12655967390049,"Variance calibration","Even M"
-0.692792792792793,1.12563535112776,"Variance calibration","Even M"
-0.690990990990991,1.12472107923183,"Variance calibration","Even M"
-0.689189189189189,1.1238166944321,"Variance calibration","Even M"
-0.687387387387387,1.12292203620241,"Variance calibration","Even M"
-0.685585585585586,1.12203694719893,"Variance calibration","Even M"
-0.683783783783784,1.1211612731897,"Variance calibration","Even M"
-0.681981981981982,1.12029486298572,"Variance calibration","Even M"
-0.68018018018018,1.11943756837365,"Variance calibration","Even M"
-0.678378378378378,1.11858924405003,"Variance calibration","Even M"
-0.676576576576577,1.11774974755704,"Variance calibration","Even M"
-0.674774774774775,1.11691893921963,"Variance calibration","Even M"
-0.672972972972973,1.11609668208423,"Variance calibration","Even M"
-0.671171171171171,1.11528284185877,"Variance calibration","Even M"
-0.669369369369369,1.11447728685409,"Variance calibration","Even M"
-0.667567567567568,1.11367988792673,"Variance calibration","Even M"
-0.665765765765766,1.11289051842302,"Variance calibration","Even M"
-0.663963963963964,1.11210905412442,"Variance calibration","Even M"
-0.662162162162162,1.11133537319419,"Variance calibration","Even M"
-0.66036036036036,1.11056935612524,"Variance calibration","Even M"
-0.658558558558559,1.10981088568921,"Variance calibration","Even M"
-0.656756756756757,1.10905984688668,"Variance calibration","Even M"
-0.654954954954955,1.10831612689859,"Variance calibration","Even M"
-0.653153153153153,1.10757961503874,"Variance calibration","Even M"
-0.651351351351351,1.10685020270743,"Variance calibration","Even M"
-0.64954954954955,1.10612778334609,"Variance calibration","Even M"
-0.647747747747748,1.10541225239308,"Variance calibration","Even M"
-0.645945945945946,1.1047035072404,"Variance calibration","Even M"
-0.644144144144144,1.10400144719145,"Variance calibration","Even M"
-0.642342342342342,1.10330597341978,"Variance calibration","Even M"
-0.640540540540541,1.1026169889288,"Variance calibration","Even M"
-0.638738738738739,1.10193439851233,"Variance calibration","Even M"
-0.636936936936937,1.10125810871622,"Variance calibration","Even M"
-0.635135135135135,1.1005880278007,"Variance calibration","Even M"
-0.633333333333333,1.09992406570373,"Variance calibration","Even M"
-0.631531531531532,1.09926613400509,"Variance calibration","Even M"
-0.62972972972973,1.09861414589139,"Variance calibration","Even M"
-0.627927927927928,1.0979680161218,"Variance calibration","Even M"
-0.626126126126126,1.09732766099468,"Variance calibration","Even M"
-0.624324324324324,1.09669299831487,"Variance calibration","Even M"
-0.622522522522523,1.09606394736181,"Variance calibration","Even M"
-0.620720720720721,1.09544042885836,"Variance calibration","Even M"
-0.618918918918919,1.09482236494035,"Variance calibration","Even M"
-0.617117117117117,1.09420967912684,"Variance calibration","Even M"
-0.615315315315315,1.09360229629103,"Variance calibration","Even M"
-0.613513513513513,1.0930001426319,"Variance calibration","Even M"
-0.611711711711712,1.09240314564642,"Variance calibration","Even M"
-0.60990990990991,1.09181123410251,"Variance calibration","Even M"
-0.608108108108108,1.09122433801249,"Variance calibration","Even M"
-0.606306306306306,1.09064238860724,"Variance calibration","Even M"
-0.604504504504505,1.0900653183109,"Variance calibration","Even M"
-0.602702702702703,1.0894930607162,"Variance calibration","Even M"
-0.600900900900901,1.08892555056026,"Variance calibration","Even M"
-0.599099099099099,1.08836272370106,"Variance calibration","Even M"
-0.597297297297297,1.08780451709438,"Variance calibration","Even M"
-0.595495495495496,1.08725086877124,"Variance calibration","Even M"
-0.593693693693694,1.08670171781594,"Variance calibration","Even M"
-0.591891891891892,1.08615700434452,"Variance calibration","Even M"
-0.59009009009009,1.08561666948372,"Variance calibration","Even M"
-0.588288288288288,1.08508065535051,"Variance calibration","Even M"
-0.586486486486486,1.08454890503193,"Variance calibration","Even M"
-0.584684684684685,1.08402136256553,"Variance calibration","Even M"
-0.582882882882883,1.08349797292014,"Variance calibration","Even M"
-0.581081081081081,1.08297868197717,"Variance calibration","Even M"
-0.579279279279279,1.08246343651225,"Variance calibration","Even M"
-0.577477477477478,1.08195218417736,"Variance calibration","Even M"
-0.575675675675676,1.08144487348327,"Variance calibration","Even M"
-0.573873873873874,1.08094145378247,"Variance calibration","Even M"
-0.572072072072072,1.08044187525244,"Variance calibration","Even M"
-0.57027027027027,1.07994608887925,"Variance calibration","Even M"
-0.568468468468468,1.07945404644162,"Variance calibration","Even M"
-0.566666666666667,1.07896570049526,"Variance calibration","Even M"
-0.564864864864865,1.0784810043576,"Variance calibration","Even M"
-0.563063063063063,1.07799991209283,"Variance calibration","Even M"
-0.561261261261261,1.0775223784973,"Variance calibration","Even M"
-0.55945945945946,1.07704835908522,"Variance calibration","Even M"
-0.557657657657658,1.07657781007472,"Variance calibration","Even M"
-0.555855855855856,1.07611068837413,"Variance calibration","Even M"
-0.554054054054054,1.07564695156868,"Variance calibration","Even M"
-0.552252252252252,1.07518655790739,"Variance calibration","Even M"
-0.55045045045045,1.07472946629031,"Variance calibration","Even M"
-0.548648648648649,1.074275636256,"Variance calibration","Even M"
-0.546846846846847,1.07382502796933,"Variance calibration","Even M"
-0.545045045045045,1.07337760220952,"Variance calibration","Even M"
-0.543243243243243,1.0729333203584,"Variance calibration","Even M"
-0.541441441441441,1.07249214438904,"Variance calibration","Even M"
-0.53963963963964,1.07205403685448,"Variance calibration","Even M"
-0.537837837837838,1.07161896087682,"Variance calibration","Even M"
-0.536036036036036,1.07118688013652,"Variance calibration","Even M"
-0.534234234234234,1.07075775886186,"Variance calibration","Even M"
-0.532432432432432,1.07033156181875,"Variance calibration","Even M"
-0.530630630630631,1.06990825430064,"Variance calibration","Even M"
-0.528828828828829,1.06948780211872,"Variance calibration","Even M"
-0.527027027027027,1.06907017159232,"Variance calibration","Even M"
-0.525225225225225,1.06865532953949,"Variance calibration","Even M"
-0.523423423423423,1.0682432432678,"Variance calibration","Even M"
-0.521621621621622,1.06783388056532,"Variance calibration","Even M"
-0.51981981981982,1.06742720969182,"Variance calibration","Even M"
-0.518018018018018,1.06702319937013,"Variance calibration","Even M"
-0.516216216216216,1.06662181877769,"Variance calibration","Even M"
-0.514414414414414,1.0662230375383,"Variance calibration","Even M"
-0.512612612612613,1.06582682571397,"Variance calibration","Even M"
-0.510810810810811,1.06543315379706,"Variance calibration","Even M"
-0.509009009009009,1.06504199270247,"Variance calibration","Even M"
-0.507207207207207,1.06465331376008,"Variance calibration","Even M"
-0.505405405405405,1.06426708870727,"Variance calibration","Even M"
-0.503603603603604,1.06388328968166,"Variance calibration","Even M"
-0.501801801801802,1.06350188921399,"Variance calibration","Even M"
-0.5,1.06312286022108,"Variance calibration","Even M"
-0.498198198198198,1.06274617599904,"Variance calibration","Even M"
-0.496396396396396,1.06237181021657,"Variance calibration","Even M"
-0.494594594594595,1.06199973690833,"Variance calibration","Even M"
-0.492792792792793,1.06162993046859,"Variance calibration","Even M"
-0.490990990990991,1.0612623656449,"Variance calibration","Even M"
-0.489189189189189,1.06089701753189,"Variance calibration","Even M"
-0.487387387387387,1.06053386156527,"Variance calibration","Even M"
-0.485585585585586,1.0601728735159,"Variance calibration","Even M"
-0.483783783783784,1.05981402948398,"Variance calibration","Even M"
-0.481981981981982,1.05945730589333,"Variance calibration","Even M"
-0.48018018018018,1.05910267948591,"Variance calibration","Even M"
-0.478378378378378,1.05875012731625,"Variance calibration","Even M"
-0.476576576576577,1.05839962674618,"Variance calibration","Even M"
-0.474774774774775,1.05805115543958,"Variance calibration","Even M"
-0.472972972972973,1.05770469135718,"Variance calibration","Even M"
-0.471171171171171,1.05736021275161,"Variance calibration","Even M"
-0.469369369369369,1.05701769816239,"Variance calibration","Even M"
-0.467567567567568,1.05667712641114,"Variance calibration","Even M"
-0.465765765765766,1.0563384765968,"Variance calibration","Even M"
-0.463963963963964,1.056001728091,"Variance calibration","Even M"
-0.462162162162162,1.0556668605335,"Variance calibration","Even M"
-0.46036036036036,1.05533385382771,"Variance calibration","Even M"
-0.458558558558559,1.05500268813632,"Variance calibration","Even M"
-0.456756756756757,1.05467334387697,"Variance calibration","Even M"
-0.454954954954955,1.05434580171809,"Variance calibration","Even M"
-0.453153153153153,1.0540200425747,"Variance calibration","Even M"
-0.451351351351351,1.05369604760441,"Variance calibration","Even M"
-0.44954954954955,1.0533737982034,"Variance calibration","Even M"
-0.447747747747748,1.05305327600257,"Variance calibration","Even M"
-0.445945945945946,1.05273446286366,"Variance calibration","Even M"
-0.444144144144144,1.05241734087554,"Variance calibration","Even M"
-0.442342342342342,1.05210189235049,"Variance calibration","Even M"
-0.440540540540541,1.05178809982063,"Variance calibration","Even M"
-0.438738738738739,1.05147594603433,"Variance calibration","Even M"
-0.436936936936937,1.0511654139528,"Variance calibration","Even M"
-0.435135135135135,1.05085648674658,"Variance calibration","Even M"
-0.433333333333333,1.05054914779228,"Variance calibration","Even M"
-0.431531531531532,1.05024338066926,"Variance calibration","Even M"
-0.42972972972973,1.0499391691564,"Variance calibration","Even M"
-0.427927927927928,1.04963649722894,"Variance calibration","Even M"
-0.426126126126126,1.04933534905539,"Variance calibration","Even M"
-0.424324324324324,1.04903570899445,"Variance calibration","Even M"
-0.422522522522523,1.04873756159203,"Variance calibration","Even M"
-0.420720720720721,1.04844089157835,"Variance calibration","Even M"
-0.418918918918919,1.04814568386498,"Variance calibration","Even M"
-0.417117117117117,1.04785192354208,"Variance calibration","Even M"
-0.415315315315315,1.04755959587558,"Variance calibration","Even M"
-0.413513513513514,1.04726868630447,"Variance calibration","Even M"
-0.411711711711712,1.04697918043808,"Variance calibration","Even M"
-0.40990990990991,1.04669106405351,"Variance calibration","Even M"
-0.408108108108108,1.04640432309301,"Variance calibration","Even M"
-0.406306306306306,1.04611894366142,"Variance calibration","Even M"
-0.404504504504505,1.04583491202373,"Variance calibration","Even M"
-0.402702702702703,1.04555221460258,"Variance calibration","Even M"
-0.400900900900901,1.04527083797589,"Variance calibration","Even M"
-0.399099099099099,1.04499076887447,"Variance calibration","Even M"
-0.397297297297297,1.04471199417973,"Variance calibration","Even M"
-0.395495495495496,1.04443450092136,"Variance calibration","Even M"
-0.393693693693694,1.04415827627514,"Variance calibration","Even M"
-0.391891891891892,1.04388330756068,"Variance calibration","Even M"
-0.39009009009009,1.0436095822393,"Variance calibration","Even M"
-0.388288288288288,1.04333708791189,"Variance calibration","Even M"
-0.386486486486487,1.04306581231683,"Variance calibration","Even M"
-0.384684684684685,1.04279574332791,"Variance calibration","Even M"
-0.382882882882883,1.04252686895235,"Variance calibration","Even M"
-0.381081081081081,1.04225917732881,"Variance calibration","Even M"
-0.379279279279279,1.0419926567254,"Variance calibration","Even M"
-0.377477477477478,1.04172729553783,"Variance calibration","Even M"
-0.375675675675676,1.04146308228746,"Variance calibration","Even M"
-0.373873873873874,1.04120000561951,"Variance calibration","Even M"
-0.372072072072072,1.04093805430121,"Variance calibration","Even M"
-0.37027027027027,1.04067721721999,"Variance calibration","Even M"
-0.368468468468468,1.04041748338176,"Variance calibration","Even M"
-0.366666666666667,1.04015884190919,"Variance calibration","Even M"
-0.364864864864865,1.03990128203993,"Variance calibration","Even M"
-0.363063063063063,1.03964479312505,"Variance calibration","Even M"
-0.361261261261261,1.03938936462729,"Variance calibration","Even M"
-0.359459459459459,1.03913498611952,"Variance calibration","Even M"
-0.357657657657658,1.0388816472831,"Variance calibration","Even M"
-0.355855855855856,1.03862933790636,"Variance calibration","Even M"
-0.354054054054054,1.03837804788301,"Variance calibration","Even M"
-0.352252252252252,1.03812776721066,"Variance calibration","Even M"
-0.35045045045045,1.03787848598934,"Variance calibration","Even M"
-0.348648648648649,1.03763019441998,"Variance calibration","Even M"
-0.346846846846847,1.03738288280304,"Variance calibration","Even M"
-0.345045045045045,1.03713654153705,"Variance calibration","Even M"
-0.343243243243243,1.03689116111721,"Variance calibration","Even M"
-0.341441441441442,1.03664673213404,"Variance calibration","Even M"
-0.33963963963964,1.03640324527203,"Variance calibration","Even M"
-0.337837837837838,1.03616069130828,"Variance calibration","Even M"
-0.336036036036036,1.03591906111122,"Variance calibration","Even M"
-0.334234234234234,1.03567834563931,"Variance calibration","Even M"
-0.332432432432432,1.03543853593978,"Variance calibration","Even M"
-0.330630630630631,1.03519962314737,"Variance calibration","Even M"
-0.328828828828829,1.03496159848311,"Variance calibration","Even M"
-0.327027027027027,1.03472445325314,"Variance calibration","Even M"
-0.325225225225225,1.03448817884744,"Variance calibration","Even M"
-0.323423423423423,1.03425276673876,"Variance calibration","Even M"
-0.321621621621622,1.03401820848139,"Variance calibration","Even M"
-0.31981981981982,1.03378449571005,"Variance calibration","Even M"
-0.318018018018018,1.03355162013879,"Variance calibration","Even M"
-0.316216216216216,1.03331957355985,"Variance calibration","Even M"
-0.314414414414414,1.03308834784261,"Variance calibration","Even M"
-0.312612612612613,1.03285793493251,"Variance calibration","Even M"
-0.310810810810811,1.03262832685,"Variance calibration","Even M"
-0.309009009009009,1.03239951568949,"Variance calibration","Even M"
-0.307207207207207,1.03217149361836,"Variance calibration","Even M"
-0.305405405405405,1.03194425287592,"Variance calibration","Even M"
-0.303603603603604,1.03171778577244,"Variance calibration","Even M"
-0.301801801801802,1.0314920846882,"Variance calibration","Even M"
-0.3,1.03126714207246,"Variance calibration","Even M"
-0.298198198198198,1.03104295044258,"Variance calibration","Even M"
-0.296396396396396,1.03081950238307,"Variance calibration","Even M"
-0.294594594594595,1.03059679054465,"Variance calibration","Even M"
-0.292792792792793,1.03037480764336,"Variance calibration","Even M"
-0.290990990990991,1.03015354645967,"Variance calibration","Even M"
-0.289189189189189,1.02993299983761,"Variance calibration","Even M"
-0.287387387387387,1.02971316068388,"Variance calibration","Even M"
-0.285585585585586,1.02949402196701,"Variance calibration","Even M"
-0.283783783783784,1.02927557671651,"Variance calibration","Even M"
-0.281981981981982,1.02905781802207,"Variance calibration","Even M"
-0.28018018018018,1.02884073903269,"Variance calibration","Even M"
-0.278378378378378,1.02862433295594,"Variance calibration","Even M"
-0.276576576576577,1.02840859305709,"Variance calibration","Even M"
-0.274774774774775,1.02819351265839,"Variance calibration","Even M"
-0.272972972972973,1.02797908513828,"Variance calibration","Even M"
-0.271171171171171,1.0277653039306,"Variance calibration","Even M"
-0.269369369369369,1.02755216252388,"Variance calibration","Even M"
-0.267567567567568,1.02733965446058,"Variance calibration","Even M"
-0.265765765765766,1.02712777333635,"Variance calibration","Even M"
-0.263963963963964,1.02691651279932,"Variance calibration","Even M"
-0.262162162162162,1.02670586654942,"Variance calibration","Even M"
-0.26036036036036,1.02649582833761,"Variance calibration","Even M"
-0.258558558558559,1.02628639196527,"Variance calibration","Even M"
-0.256756756756757,1.02607755128344,"Variance calibration","Even M"
-0.254954954954955,1.02586930019221,"Variance calibration","Even M"
-0.253153153153153,1.02566163264003,"Variance calibration","Even M"
-0.251351351351351,1.02545454262307,"Variance calibration","Even M"
-0.24954954954955,1.02524802418453,"Variance calibration","Even M"
-0.247747747747748,1.02504207141408,"Variance calibration","Even M"
-0.245945945945946,1.02483667844715,"Variance calibration","Even M"
-0.244144144144144,1.02463183946437,"Variance calibration","Even M"
-0.242342342342342,1.02442754869094,"Variance calibration","Even M"
-0.240540540540541,1.02422380039601,"Variance calibration","Even M"
-0.238738738738739,1.02402058889209,"Variance calibration","Even M"
-0.236936936936937,1.02381790853448,"Variance calibration","Even M"
-0.235135135135135,1.02361575372069,"Variance calibration","Even M"
-0.233333333333333,1.02341411888983,"Variance calibration","Even M"
-0.231531531531531,1.02321299852208,"Variance calibration","Even M"
-0.22972972972973,1.02301238713811,"Variance calibration","Even M"
-0.227927927927928,1.02281227929856,"Variance calibration","Even M"
-0.226126126126126,1.02261266960345,"Variance calibration","Even M"
-0.224324324324324,1.02241355269167,"Variance calibration","Even M"
-0.222522522522523,1.02221492324046,"Variance calibration","Even M"
-0.220720720720721,1.02201677596485,"Variance calibration","Even M"
-0.218918918918919,1.02181910561717,"Variance calibration","Even M"
-0.217117117117117,1.02162190698654,"Variance calibration","Even M"
-0.215315315315315,1.02142517489834,"Variance calibration","Even M"
-0.213513513513514,1.02122890421373,"Variance calibration","Even M"
-0.211711711711712,1.02103308982917,"Variance calibration","Even M"
-0.20990990990991,1.0208377266759,"Variance calibration","Even M"
-0.208108108108108,1.02064280971947,"Variance calibration","Even M"
-0.206306306306306,1.02044833395928,"Variance calibration","Even M"
-0.204504504504505,1.02025429442811,"Variance calibration","Even M"
-0.202702702702703,1.02006068619161,"Variance calibration","Even M"
-0.200900900900901,1.01986750434793,"Variance calibration","Even M"
-0.199099099099099,1.01967474402716,"Variance calibration","Even M"
-0.197297297297297,1.01948240039097,"Variance calibration","Even M"
-0.195495495495495,1.01929046863212,"Variance calibration","Even M"
-0.193693693693694,1.01909894397405,"Variance calibration","Even M"
-0.191891891891892,1.0189078216704,"Variance calibration","Even M"
-0.19009009009009,1.01871709700464,"Variance calibration","Even M"
-0.188288288288288,1.01852676528962,"Variance calibration","Even M"
-0.186486486486486,1.01833682186714,"Variance calibration","Even M"
-0.184684684684685,1.01814726210756,"Variance calibration","Even M"
-0.182882882882883,1.01795808140938,"Variance calibration","Even M"
-0.181081081081081,1.01776927519883,"Variance calibration","Even M"
-0.179279279279279,1.01758083892948,"Variance calibration","Even M"
-0.177477477477477,1.01739276808183,"Variance calibration","Even M"
-0.175675675675676,1.01720505816295,"Variance calibration","Even M"
-0.173873873873874,1.01701770470605,"Variance calibration","Even M"
-0.172072072072072,1.01683070327012,"Variance calibration","Even M"
-0.17027027027027,1.01664404943957,"Variance calibration","Even M"
-0.168468468468469,1.01645773882381,"Variance calibration","Even M"
-0.166666666666667,1.01627176705691,"Variance calibration","Even M"
-0.164864864864865,1.01608612979723,"Variance calibration","Even M"
-0.163063063063063,1.01590082272706,"Variance calibration","Even M"
-0.161261261261261,1.01571584155223,"Variance calibration","Even M"
-0.159459459459459,1.0155311820018,"Variance calibration","Even M"
-0.157657657657658,1.01534683982766,"Variance calibration","Even M"
-0.155855855855856,1.01516281080423,"Variance calibration","Even M"
-0.154054054054054,1.01497909072806,"Variance calibration","Even M"
-0.152252252252252,1.01479567541755,"Variance calibration","Even M"
-0.15045045045045,1.01461256071255,"Variance calibration","Even M"
-0.148648648648649,1.01442974247407,"Variance calibration","Even M"
-0.146846846846847,1.01424721658393,"Variance calibration","Even M"
-0.145045045045045,1.01406497894441,"Variance calibration","Even M"
-0.143243243243243,1.01388302547796,"Variance calibration","Even M"
-0.141441441441441,1.01370135212687,"Variance calibration","Even M"
-0.13963963963964,1.01351995485293,"Variance calibration","Even M"
-0.137837837837838,1.01333882963713,"Variance calibration","Even M"
-0.136036036036036,1.01315797247933,"Variance calibration","Even M"
-0.134234234234234,1.01297737939797,"Variance calibration","Even M"
-0.132432432432432,1.01279704642975,"Variance calibration","Even M"
-0.130630630630631,1.01261696962931,"Variance calibration","Even M"
-0.128828828828829,1.01243714506895,"Variance calibration","Even M"
-0.127027027027027,1.01225756883833,"Variance calibration","Even M"
-0.125225225225225,1.01207823704414,"Variance calibration","Even M"
-0.123423423423423,1.01189914580984,"Variance calibration","Even M"
-0.121621621621622,1.01172029127536,"Variance calibration","Even M"
-0.11981981981982,1.01154166959679,"Variance calibration","Even M"
-0.118018018018018,1.0113632769461,"Variance calibration","Even M"
-0.116216216216216,1.01118510951087,"Variance calibration","Even M"
-0.114414414414414,1.01100716349398,"Variance calibration","Even M"
-0.112612612612613,1.01082943511335,"Variance calibration","Even M"
-0.110810810810811,1.01065192060166,"Variance calibration","Even M"
-0.109009009009009,1.01047461620606,"Variance calibration","Even M"
-0.107207207207207,1.01029751818789,"Variance calibration","Even M"
-0.105405405405405,1.01012062282242,"Variance calibration","Even M"
-0.103603603603604,1.0099439263986,"Variance calibration","Even M"
-0.101801801801802,1.00976742521874,"Variance calibration","Even M"
-0.1,1.00959111559828,"Variance calibration","Even M"
-0.0981981981981982,1.00941499386551,"Variance calibration","Even M"
-0.0963963963963964,1.00923905636132,"Variance calibration","Even M"
-0.0945945945945946,1.00906329943892,"Variance calibration","Even M"
-0.0927927927927928,1.00888771946358,"Variance calibration","Even M"
-0.0909909909909909,1.00871231281241,"Variance calibration","Even M"
-0.0891891891891892,1.00853707587406,"Variance calibration","Even M"
-0.0873873873873874,1.00836200504846,"Variance calibration","Even M"
-0.0855855855855856,1.00818709674661,"Variance calibration","Even M"
-0.0837837837837838,1.00801234739031,"Variance calibration","Even M"
-0.081981981981982,1.00783775341187,"Variance calibration","Even M"
-0.0801801801801801,1.00766331125393,"Variance calibration","Even M"
-0.0783783783783784,1.00748901736917,"Variance calibration","Even M"
-0.0765765765765766,1.00731486822005,"Variance calibration","Even M"
-0.0747747747747748,1.00714086027863,"Variance calibration","Even M"
-0.072972972972973,1.00696699002623,"Variance calibration","Even M"
-0.0711711711711712,1.00679325395329,"Variance calibration","Even M"
-0.0693693693693693,1.00661964855906,"Variance calibration","Even M"
-0.0675675675675675,1.00644617035138,"Variance calibration","Even M"
-0.0657657657657658,1.00627281584646,"Variance calibration","Even M"
-0.063963963963964,1.00609958156862,"Variance calibration","Even M"
-0.0621621621621622,1.00592646405004,"Variance calibration","Even M"
-0.0603603603603604,1.00575345983059,"Variance calibration","Even M"
-0.0585585585585585,1.0055805654575,"Variance calibration","Even M"
-0.0567567567567567,1.00540777748524,"Variance calibration","Even M"
-0.0549549549549549,1.00523509247518,"Variance calibration","Even M"
-0.0531531531531532,1.00506250699542,"Variance calibration","Even M"
-0.0513513513513514,1.00489001762056,"Variance calibration","Even M"
-0.0495495495495496,1.00471762093146,"Variance calibration","Even M"
-0.0477477477477477,1.00454531351499,"Variance calibration","Even M"
-0.0459459459459459,1.00437309196383,"Variance calibration","Even M"
-0.0441441441441441,1.00420095287626,"Variance calibration","Even M"
-0.0423423423423424,1.00402889285589,"Variance calibration","Even M"
-0.0405405405405406,1.00385690851145,"Variance calibration","Even M"
-0.0387387387387388,1.00368499645659,"Variance calibration","Even M"
-0.0369369369369369,1.00351315330963,"Variance calibration","Even M"
-0.0351351351351351,1.00334137569336,"Variance calibration","Even M"
-0.0333333333333333,1.00316966023477,"Variance calibration","Even M"
-0.0315315315315315,1.00299800356489,"Variance calibration","Even M"
-0.0297297297297298,1.00282640231853,"Variance calibration","Even M"
-0.027927927927928,1.00265485313408,"Variance calibration","Even M"
-0.0261261261261261,1.00248335265327,"Variance calibration","Even M"
-0.0243243243243243,1.00231189752096,"Variance calibration","Even M"
-0.0225225225225225,1.00214048438492,"Variance calibration","Even M"
-0.0207207207207207,1.00196910989561,"Variance calibration","Even M"
-0.0189189189189189,1.00179777070597,"Variance calibration","Even M"
-0.0171171171171172,1.0016264634712,"Variance calibration","Even M"
-0.0153153153153153,1.00145518484851,"Variance calibration","Even M"
-0.0135135135135135,1.00128393149697,"Variance calibration","Even M"
-0.0117117117117117,1.00111270007721,"Variance calibration","Even M"
-0.00990990990990992,1.00094148725127,"Variance calibration","Even M"
-0.00810810810810814,1.00077028968235,"Variance calibration","Even M"
-0.00630630630630635,1.0005991040346,"Variance calibration","Even M"
-0.00450450450450446,1.00042792697291,"Variance calibration","Even M"
-0.00270270270270268,1.00025675516269,"Variance calibration","Even M"
-0.000900900900900892,1.00008558526963,"Variance calibration","Even M"
0.000900900900900892,0.999914413959528,"Variance calibration","Even M"
0.00270270270270268,0.99974323789804,"Variance calibration","Even M"
0.00450450450450446,0.999572053750474,"Variance calibration","Even M"
0.00630630630630635,0.999400858181572,"Variance calibration","Even M"
0.00810810810810814,0.999229647855296,"Variance calibration","Even M"
0.00990990990990992,0.999058419434609,"Variance calibration","Even M"
0.0117117117117117,0.998887169581258,"Variance calibration","Even M"
0.0135135135135135,0.998715894955558,"Variance calibration","Even M"
0.0153153153153153,0.998544592216175,"Variance calibration","Even M"
0.0171171171171172,0.998373258019906,"Variance calibration","Even M"
0.0189189189189189,0.998201889021465,"Variance calibration","Even M"
0.0207207207207207,0.998030481873261,"Variance calibration","Even M"
0.0225225225225225,0.997859033225184,"Variance calibration","Even M"
0.0243243243243243,0.997687539724381,"Variance calibration","Even M"
0.0261261261261261,0.997515998015043,"Variance calibration","Even M"
0.0279279279279279,0.99734440473818,"Variance calibration","Even M"
0.0297297297297298,0.997172756531405,"Variance calibration","Even M"
0.0315315315315315,0.997001050028712,"Variance calibration","Even M"
0.0333333333333333,0.996829281860255,"Variance calibration","Even M"
0.0351351351351351,0.996657448652125,"Variance calibration","Even M"
0.0369369369369369,0.996485547026134,"Variance calibration","Even M"
0.0387387387387387,0.996313573599585,"Variance calibration","Even M"
0.0405405405405406,0.996141524985052,"Variance calibration","Even M"
0.0423423423423424,0.995969397790159,"Variance calibration","Even M"
0.0441441441441441,0.99579718861735,"Variance calibration","Even M"
0.0459459459459459,0.995624894063669,"Variance calibration","Even M"
0.0477477477477477,0.99545251072053,"Variance calibration","Even M"
0.0495495495495495,0.995280035173492,"Variance calibration","Even M"
0.0513513513513514,0.995107464002031,"Variance calibration","Even M"
0.0531531531531532,0.994934793779313,"Variance calibration","Even M"
0.0549549549549549,0.994762021071963,"Variance calibration","Even M"
0.0567567567567567,0.994589142439835,"Variance calibration","Even M"
0.0585585585585585,0.994416154435782,"Variance calibration","Even M"
0.0603603603603603,0.994243053605422,"Variance calibration","Even M"
0.0621621621621622,0.994069836486908,"Variance calibration","Even M"
0.063963963963964,0.99389649961069,"Variance calibration","Even M"
0.0657657657657658,0.993723039499284,"Variance calibration","Even M"
0.0675675675675675,0.99354945266703,"Variance calibration","Even M"
0.0693693693693693,0.99337573561986,"Variance calibration","Even M"
0.0711711711711711,0.993201884855059,"Variance calibration","Even M"
0.072972972972973,0.993027896861019,"Variance calibration","Even M"
0.0747747747747748,0.992853768117007,"Variance calibration","Even M"
0.0765765765765766,0.992679495092914,"Variance calibration","Even M"
0.0783783783783784,0.992505074249018,"Variance calibration","Even M"
0.0801801801801801,0.992330502035734,"Variance calibration","Even M"
0.0819819819819819,0.992155774893372,"Variance calibration","Even M"
0.0837837837837838,0.991980889251886,"Variance calibration","Even M"
0.0855855855855856,0.991805841530625,"Variance calibration","Even M"
0.0873873873873874,0.991630628138083,"Variance calibration","Even M"
0.0891891891891892,0.991455245471645,"Variance calibration","Even M"
0.0909909909909909,0.991279689917338,"Variance calibration","Even M"
0.0927927927927927,0.991103957849568,"Variance calibration","Even M"
0.0945945945945946,0.990928045630869,"Variance calibration","Even M"
0.0963963963963964,0.990751949611641,"Variance calibration","Even M"
0.0981981981981982,0.990575666129889,"Variance calibration","Even M"
0.1,0.990399191510964,"Variance calibration","Even M"
0.101801801801802,0.990222522067295,"Variance calibration","Even M"
0.103603603603604,0.990045654098123,"Variance calibration","Even M"
0.105405405405405,0.989868583889238,"Variance calibration","Even M"
0.107207207207207,0.989691307712702,"Variance calibration","Even M"
0.109009009009009,0.989513821826583,"Variance calibration","Even M"
0.110810810810811,0.989336122474676,"Variance calibration","Even M"
0.112612612612613,0.989158205886233,"Variance calibration","Even M"
0.114414414414414,0.988980068275679,"Variance calibration","Even M"
0.116216216216216,0.988801705842336,"Variance calibration","Even M"
0.118018018018018,0.988623114770137,"Variance calibration","Even M"
0.11981981981982,0.988444291227345,"Variance calibration","Even M"
0.121621621621622,0.988265231366263,"Variance calibration","Even M"
0.123423423423423,0.988085931322947,"Variance calibration","Even M"
0.125225225225225,0.987906387216912,"Variance calibration","Even M"
0.127027027027027,0.98772659515084,"Variance calibration","Even M"
0.128828828828829,0.987546551210282,"Variance calibration","Even M"
0.130630630630631,0.987366251463358,"Variance calibration","Even M"
0.132432432432433,0.987185691960458,"Variance calibration","Even M"
0.134234234234234,0.987004868733936,"Variance calibration","Even M"
0.136036036036036,0.986823777797802,"Variance calibration","Even M"
0.137837837837838,0.986642415147414,"Variance calibration","Even M"
0.13963963963964,0.986460776759165,"Variance calibration","Even M"
0.141441441441441,0.986278858590165,"Variance calibration","Even M"
0.143243243243243,0.986096656577927,"Variance calibration","Even M"
0.145045045045045,0.985914166640044,"Variance calibration","Even M"
0.146846846846847,0.985731384673862,"Variance calibration","Even M"
0.148648648648649,0.985548306556157,"Variance calibration","Even M"
0.15045045045045,0.9853649281428,"Variance calibration","Even M"
0.152252252252252,0.985181245268429,"Variance calibration","Even M"
0.154054054054054,0.984997253746107,"Variance calibration","Even M"
0.155855855855856,0.984812949366983,"Variance calibration","Even M"
0.157657657657658,0.98462832789995,"Variance calibration","Even M"
0.159459459459459,0.984443385091299,"Variance calibration","Even M"
0.161261261261261,0.984258116664364,"Variance calibration","Even M"
0.163063063063063,0.984072518319172,"Variance calibration","Even M"
0.164864864864865,0.983886585732084,"Variance calibration","Even M"
0.166666666666667,0.983700314555433,"Variance calibration","Even M"
0.168468468468468,0.983513700417162,"Variance calibration","Even M"
0.17027027027027,0.983326738920451,"Variance calibration","Even M"
0.172072072072072,0.983139425643347,"Variance calibration","Even M"
0.173873873873874,0.982951756138386,"Variance calibration","Even M"
0.175675675675676,0.982763725932215,"Variance calibration","Even M"
0.177477477477478,0.982575330525202,"Variance calibration","Even M"
0.179279279279279,0.982386565391053,"Variance calibration","Even M"
0.181081081081081,0.982197425976414,"Variance calibration","Even M"
0.182882882882883,0.982007907700478,"Variance calibration","Even M"
0.184684684684685,0.981818005954577,"Variance calibration","Even M"
0.186486486486486,0.981627716101784,"Variance calibration","Even M"
0.188288288288288,0.981437033476492,"Variance calibration","Even M"
0.19009009009009,0.98124595338401,"Variance calibration","Even M"
0.191891891891892,0.981054471100131,"Variance calibration","Even M"
0.193693693693694,0.980862581870716,"Variance calibration","Even M"
0.195495495495495,0.980670280911261,"Variance calibration","Even M"
0.197297297297297,0.980477563406459,"Variance calibration","Even M"
0.199099099099099,0.980284424509766,"Variance calibration","Even M"
0.200900900900901,0.980090859342951,"Variance calibration","Even M"
0.202702702702703,0.979896862995649,"Variance calibration","Even M"
0.204504504504505,0.979702430524903,"Variance calibration","Even M"
0.206306306306306,0.979507556954705,"Variance calibration","Even M"
0.208108108108108,0.979312237275527,"Variance calibration","Even M"
0.20990990990991,0.979116466443852,"Variance calibration","Even M"
0.211711711711712,0.978920239381695,"Variance calibration","Even M"
0.213513513513513,0.978723550976116,"Variance calibration","Even M"
0.215315315315315,0.978526396078736,"Variance calibration","Even M"
0.217117117117117,0.978328769505238,"Variance calibration","Even M"
0.218918918918919,0.978130666034867,"Variance calibration","Even M"
0.220720720720721,0.97793208040992,"Variance calibration","Even M"
0.222522522522523,0.977733007335233,"Variance calibration","Even M"
0.224324324324324,0.977533441477661,"Variance calibration","Even M"
0.226126126126126,0.977333377465551,"Variance calibration","Even M"
0.227927927927928,0.977132809888207,"Variance calibration","Even M"
0.22972972972973,0.976931733295347,"Variance calibration","Even M"
0.231531531531531,0.976730142196563,"Variance calibration","Even M"
0.233333333333333,0.976528031060756,"Variance calibration","Even M"
0.235135135135135,0.976325394315585,"Variance calibration","Even M"
0.236936936936937,0.976122226346888,"Variance calibration","Even M"
0.238738738738739,0.975918521498113,"Variance calibration","Even M"
0.240540540540541,0.975714274069731,"Variance calibration","Even M"
0.242342342342342,0.975509478318644,"Variance calibration","Even M"
0.244144144144144,0.975304128457587,"Variance calibration","Even M"
0.245945945945946,0.975098218654519,"Variance calibration","Even M"
0.247747747747748,0.974891743032008,"Variance calibration","Even M"
0.24954954954955,0.974684695666609,"Variance calibration","Even M"
0.251351351351351,0.974477070588229,"Variance calibration","Even M"
0.253153153153153,0.97426886177949,"Variance calibration","Even M"
0.254954954954955,0.974060063175077,"Variance calibration","Even M"
0.256756756756757,0.973850668661079,"Variance calibration","Even M"
0.258558558558558,0.973640672074325,"Variance calibration","Even M"
0.26036036036036,0.973430067201706,"Variance calibration","Even M"
0.262162162162162,0.973218847779492,"Variance calibration","Even M"
0.263963963963964,0.973007007492631,"Variance calibration","Even M"
0.265765765765766,0.972794539974052,"Variance calibration","Even M"
0.267567567567568,0.972581438803945,"Variance calibration","Even M"
0.269369369369369,0.972367697509038,"Variance calibration","Even M"
0.271171171171171,0.972153309561863,"Variance calibration","Even M"
0.272972972972973,0.971938268380012,"Variance calibration","Even M"
0.274774774774775,0.97172256732538,"Variance calibration","Even M"
0.276576576576577,0.971506199703399,"Variance calibration","Even M"
0.278378378378378,0.97128915876226,"Variance calibration","Even M"
0.28018018018018,0.971071437692126,"Variance calibration","Even M"
0.281981981981982,0.970853029624334,"Variance calibration","Even M"
0.283783783783784,0.970633927630581,"Variance calibration","Even M"
0.285585585585586,0.970414124722101,"Variance calibration","Even M"
0.287387387387387,0.970193613848832,"Variance calibration","Even M"
0.289189189189189,0.969972387898568,"Variance calibration","Even M"
0.290990990990991,0.969750439696103,"Variance calibration","Even M"
0.292792792792793,0.96952776200235,"Variance calibration","Even M"
0.294594594594595,0.969304347513469,"Variance calibration","Even M"
0.296396396396396,0.969080188859956,"Variance calibration","Even M"
0.298198198198198,0.968855278605741,"Variance calibration","Even M"
0.3,0.968629609247261,"Variance calibration","Even M"
0.301801801801802,0.968403173212518,"Variance calibration","Even M"
0.303603603603604,0.968175962860129,"Variance calibration","Even M"
0.305405405405406,0.96794797047836,"Variance calibration","Even M"
0.307207207207207,0.96771918828414,"Variance calibration","Even M"
0.309009009009009,0.967489608422069,"Variance calibration","Even M"
0.310810810810811,0.967259222963404,"Variance calibration","Even M"
0.312612612612613,0.967028023905032,"Variance calibration","Even M"
0.314414414414414,0.966796003168427,"Variance calibration","Even M"
0.316216216216216,0.96656315259859,"Variance calibration","Even M"
0.318018018018018,0.966329463962976,"Variance calibration","Even M"
0.31981981981982,0.9660949289504,"Variance calibration","Even M"
0.321621621621622,0.96585953916993,"Variance calibration","Even M"
0.323423423423423,0.965623286149757,"Variance calibration","Even M"
0.325225225225225,0.965386161336055,"Variance calibration","Even M"
0.327027027027027,0.965148156091819,"Variance calibration","Even M"
0.328828828828829,0.964909261695681,"Variance calibration","Even M"
0.330630630630631,0.964669469340715,"Variance calibration","Even M"
0.332432432432432,0.964428770133221,"Variance calibration","Even M"
0.334234234234234,0.96418715509148,"Variance calibration","Even M"
0.336036036036036,0.963944615144506,"Variance calibration","Even M"
0.337837837837838,0.963701141130765,"Variance calibration","Even M"
0.33963963963964,0.963456723796876,"Variance calibration","Even M"
0.341441441441441,0.963211353796296,"Variance calibration","Even M"
0.343243243243243,0.962965021687979,"Variance calibration","Even M"
0.345045045045045,0.962717717935014,"Variance calibration","Even M"
0.346846846846847,0.962469432903241,"Variance calibration","Even M"
0.348648648648649,0.962220156859846,"Variance calibration","Even M"
0.350450450450451,0.961969879971934,"Variance calibration","Even M"
0.352252252252252,0.961718592305071,"Variance calibration","Even M"
0.354054054054054,0.961466283821811,"Variance calibration","Even M"
0.355855855855856,0.961212944380196,"Variance calibration","Even M"
0.357657657657658,0.960958563732226,"Variance calibration","Even M"
0.359459459459459,0.960703131522312,"Variance calibration","Even M"
0.361261261261261,0.960446637285696,"Variance calibration","Even M"
0.363063063063063,0.960189070446849,"Variance calibration","Even M"
0.364864864864865,0.959930420317838,"Variance calibration","Even M"
0.366666666666667,0.959670676096673,"Variance calibration","Even M"
0.368468468468468,0.959409826865615,"Variance calibration","Even M"
0.37027027027027,0.959147861589463,"Variance calibration","Even M"
0.372072072072072,0.958884769113814,"Variance calibration","Even M"
0.373873873873874,0.958620538163285,"Variance calibration","Even M"
0.375675675675676,0.958355157339711,"Variance calibration","Even M"
0.377477477477478,0.958088615120307,"Variance calibration","Even M"
0.379279279279279,0.957820899855806,"Variance calibration","Even M"
0.381081081081081,0.957551999768557,"Variance calibration","Even M"
0.382882882882883,0.957281902950595,"Variance calibration","Even M"
0.384684684684685,0.957010597361672,"Variance calibration","Even M"
0.386486486486486,0.956738070827263,"Variance calibration","Even M"
0.388288288288288,0.956464311036524,"Variance calibration","Even M"
0.39009009009009,0.956189305540228,"Variance calibration","Even M"
0.391891891891892,0.955913041748655,"Variance calibration","Even M"
0.393693693693694,0.955635506929447,"Variance calibration","Even M"
0.395495495495496,0.955356688205428,"Variance calibration","Even M"
0.397297297297297,0.95507657255238,"Variance calibration","Even M"
0.399099099099099,0.954795146796786,"Variance calibration","Even M"
0.400900900900901,0.954512397613527,"Variance calibration","Even M"
0.402702702702703,0.954228311523536,"Variance calibration","Even M"
0.404504504504504,0.953942874891421,"Variance calibration","Even M"
0.406306306306306,0.95365607392303,"Variance calibration","Even M"
0.408108108108108,0.953367894662984,"Variance calibration","Even M"
0.40990990990991,0.953078322992157,"Variance calibration","Even M"
0.411711711711712,0.952787344625116,"Variance calibration","Even M"
0.413513513513514,0.952494945107512,"Variance calibration","Even M"
0.415315315315315,0.95220110981342,"Variance calibration","Even M"
0.417117117117117,0.951905823942633,"Variance calibration","Even M"
0.418918918918919,0.95160907251791,"Variance calibration","Even M"
0.420720720720721,0.951310840382164,"Variance calibration","Even M"
0.422522522522523,0.951011112195606,"Variance calibration","Even M"
0.424324324324324,0.950709872432831,"Variance calibration","Even M"
0.426126126126126,0.95040710537985,"Variance calibration","Even M"
0.427927927927928,0.950102795131072,"Variance calibration","Even M"
0.42972972972973,0.949796925586217,"Variance calibration","Even M"
0.431531531531531,0.949489480447187,"Variance calibration","Even M"
0.433333333333333,0.949180443214862,"Variance calibration","Even M"
0.435135135135135,0.948869797185849,"Variance calibration","Even M"
0.436936936936937,0.948557525449156,"Variance calibration","Even M"
0.438738738738739,0.948243610882814,"Variance calibration","Even M"
0.440540540540541,0.947928036150428,"Variance calibration","Even M"
0.442342342342342,0.947610783697665,"Variance calibration","Even M"
0.444144144144144,0.947291835748667,"Variance calibration","Even M"
0.445945945945946,0.946971174302408,"Variance calibration","Even M"
0.447747747747748,0.946648781128966,"Variance calibration","Even M"
0.44954954954955,0.946324637765734,"Variance calibration","Even M"
0.451351351351351,0.945998725513552,"Variance calibration","Even M"
0.453153153153153,0.945671025432758,"Variance calibration","Even M"
0.454954954954955,0.945341518339178,"Variance calibration","Even M"
0.456756756756757,0.945010184800016,"Variance calibration","Even M"
0.458558558558559,0.944677005129679,"Variance calibration","Even M"
0.46036036036036,0.944341959385514,"Variance calibration","Even M"
0.462162162162162,0.944005027363458,"Variance calibration","Even M"
0.463963963963964,0.943666188593606,"Variance calibration","Even M"
0.465765765765766,0.943325422335688,"Variance calibration","Even M"
0.467567567567568,0.942982707574452,"Variance calibration","Even M"
0.469369369369369,0.942638023014964,"Variance calibration","Even M"
0.471171171171171,0.942291347077804,"Variance calibration","Even M"
0.472972972972973,0.941942657894171,"Variance calibration","Even M"
0.474774774774775,0.94159193330088,"Variance calibration","Even M"
0.476576576576576,0.941239150835274,"Variance calibration","Even M"
0.478378378378378,0.940884287730014,"Variance calibration","Even M"
0.48018018018018,0.940527320907774,"Variance calibration","Even M"
0.481981981981982,0.940168226975823,"Variance calibration","Even M"
0.483783783783784,0.939806982220501,"Variance calibration","Even M"
0.485585585585586,0.939443562601569,"Variance calibration","Even M"
0.487387387387387,0.939077943746461,"Variance calibration","Even M"
0.489189189189189,0.938710100944397,"Variance calibration","Even M"
0.490990990990991,0.938340009140389,"Variance calibration","Even M"
0.492792792792793,0.937967642929114,"Variance calibration","Even M"
0.494594594594595,0.937592976548662,"Variance calibration","Even M"
0.496396396396396,0.937215983874154,"Variance calibration","Even M"
0.498198198198198,0.936836638411221,"Variance calibration","Even M"
0.5,0.936454913289352,"Variance calibration","Even M"
0.501801801801802,0.936070781255099,"Variance calibration","Even M"
0.503603603603604,0.935684214665138,"Variance calibration","Even M"
0.505405405405405,0.93529518547918,"Variance calibration","Even M"
0.507207207207207,0.934903665252735,"Variance calibration","Even M"
0.509009009009009,0.934509625129726,"Variance calibration","Even M"
0.510810810810811,0.93411303583493,"Variance calibration","Even M"
0.512612612612613,0.933713867666273,"Variance calibration","Even M"
0.514414414414414,0.933312090486951,"Variance calibration","Even M"
0.516216216216216,0.932907673717382,"Variance calibration","Even M"
0.518018018018018,0.932500586326986,"Variance calibration","Even M"
0.51981981981982,0.932090796825785,"Variance calibration","Even M"
0.521621621621622,0.931678273255821,"Variance calibration","Even M"
0.523423423423424,0.931262983182387,"Variance calibration","Even M"
0.525225225225225,0.930844893685068,"Variance calibration","Even M"
0.527027027027027,0.930423971348585,"Variance calibration","Even M"
0.528828828828829,0.930000182253434,"Variance calibration","Even M"
0.530630630630631,0.929573491966329,"Variance calibration","Even M"
0.532432432432432,0.929143865530421,"Variance calibration","Even M"
0.534234234234234,0.928711267455315,"Variance calibration","Even M"
0.536036036036036,0.928275661706852,"Variance calibration","Even M"
0.537837837837838,0.927837011696677,"Variance calibration","Even M"
0.53963963963964,0.927395280271563,"Variance calibration","Even M"
0.541441441441441,0.926950429702507,"Variance calibration","Even M"
0.543243243243243,0.926502421673572,"Variance calibration","Even M"
0.545045045045045,0.926051217270488,"Variance calibration","Even M"
0.546846846846847,0.925596776968995,"Variance calibration","Even M"
0.548648648648649,0.925139060622916,"Variance calibration","Even M"
0.55045045045045,0.924678027451969,"Variance calibration","Even M"
0.552252252252252,0.924213636029301,"Variance calibration","Even M"
0.554054054054054,0.923745844268738,"Variance calibration","Even M"
0.555855855855856,0.923274609411749,"Variance calibration","Even M"
0.557657657657658,0.922799888014104,"Variance calibration","Even M"
0.559459459459459,0.922321635932241,"Variance calibration","Even M"
0.561261261261261,0.92183980830931,"Variance calibration","Even M"
0.563063063063063,0.921354359560903,"Variance calibration","Even M"
0.564864864864865,0.920865243360453,"Variance calibration","Even M"
0.566666666666667,0.920372412624299,"Variance calibration","Even M"
0.568468468468469,0.919875819496409,"Variance calibration","Even M"
0.57027027027027,0.919375415332742,"Variance calibration","Even M"
0.572072072072072,0.918871150685259,"Variance calibration","Even M"
0.573873873873874,0.918362975285552,"Variance calibration","Even M"
0.575675675675676,0.917850838028101,"Variance calibration","Even M"
0.577477477477477,0.917334686953137,"Variance calibration","Even M"
0.579279279279279,0.916814469229106,"Variance calibration","Even M"
0.581081081081081,0.916290131134722,"Variance calibration","Even M"
0.582882882882883,0.915761618040602,"Variance calibration","Even M"
0.584684684684685,0.91522887439047,"Variance calibration","Even M"
0.586486486486486,0.914691843681914,"Variance calibration","Even M"
0.588288288288288,0.914150468446698,"Variance calibration","Even M"
0.59009009009009,0.913604690230605,"Variance calibration","Even M"
0.591891891891892,0.913054449572801,"Variance calibration","Even M"
0.593693693693694,0.912499685984716,"Variance calibration","Even M"
0.595495495495496,0.911940337928424,"Variance calibration","Even M"
0.597297297297297,0.911376342794502,"Variance calibration","Even M"
0.599099099099099,0.910807636879373,"Variance calibration","Even M"
0.600900900900901,0.9102341553621,"Variance calibration","Even M"
0.602702702702703,0.909655832280633,"Variance calibration","Even M"
0.604504504504504,0.90907260050748,"Variance calibration","Even M"
0.606306306306306,0.908484391724809,"Variance calibration","Even M"
0.608108108108108,0.907891136398934,"Variance calibration","Even M"
0.60990990990991,0.907292763754207,"Variance calibration","Even M"
0.611711711711712,0.906689201746272,"Variance calibration","Even M"
0.613513513513514,0.906080377034672,"Variance calibration","Even M"
0.615315315315315,0.905466214954806,"Variance calibration","Even M"
0.617117117117117,0.904846639489199,"Variance calibration","Even M"
0.618918918918919,0.904221573238079,"Variance calibration","Even M"
0.620720720720721,0.903590937389248,"Variance calibration","Even M"
0.622522522522522,0.902954651687211,"Variance calibration","Even M"
0.624324324324324,0.902312634401566,"Variance calibration","Even M"
0.626126126126126,0.901664802294616,"Variance calibration","Even M"
0.627927927927928,0.901011070588203,"Variance calibration","Even M"
0.62972972972973,0.90035135292972,"Variance calibration","Even M"
0.631531531531532,0.899685561357306,"Variance calibration","Even M"
0.633333333333333,0.899013606264182,"Variance calibration","Even M"
0.635135135135135,0.89833539636212,"Variance calibration","Even M"
0.636936936936937,0.897650838644011,"Variance calibration","Even M"
0.638738738738739,0.896959838345524,"Variance calibration","Even M"
0.640540540540541,0.896262298905811,"Variance calibration","Even M"
0.642342342342342,0.895558121927262,"Variance calibration","Even M"
0.644144144144144,0.894847207134252,"Variance calibration","Even M"
0.645945945945946,0.89412945233089,"Variance calibration","Even M"
0.647747747747748,0.893404753357713,"Variance calibration","Even M"
0.649549549549549,0.892673004047315,"Variance calibration","Even M"
0.651351351351351,0.891934096178885,"Variance calibration","Even M"
0.653153153153153,0.891187919431614,"Variance calibration","Even M"
0.654954954954955,0.890434361336952,"Variance calibration","Even M"
0.656756756756757,0.889673307229684,"Variance calibration","Even M"
0.658558558558559,0.888904640197791,"Variance calibration","Even M"
0.66036036036036,0.888128241031064,"Variance calibration","Even M"
0.662162162162162,0.887343988168449,"Variance calibration","Even M"
0.663963963963964,0.886551757644079,"Variance calibration","Even M"
0.665765765765766,0.885751423031963,"Variance calibration","Even M"
0.667567567567568,0.884942855389302,"Variance calibration","Even M"
0.669369369369369,0.884125923198388,"Variance calibration","Even M"
0.671171171171171,0.883300492307059,"Variance calibration","Even M"
0.672972972972973,0.882466425867664,"Variance calibration","Even M"
0.674774774774775,0.881623584274516,"Variance calibration","Even M"
0.676576576576577,0.880771825099765,"Variance calibration","Even M"
0.678378378378378,0.879911003027682,"Variance calibration","Even M"
0.68018018018018,0.879040969787296,"Variance calibration","Even M"
0.681981981981982,0.878161574083345,"Variance calibration","Even M"
0.683783783783784,0.877272661525496,"Variance calibration","Even M"
0.685585585585586,0.876374074555797,"Variance calibration","Even M"
0.687387387387387,0.875465652374307,"Variance calibration","Even M"
0.689189189189189,0.874547230862863,"Variance calibration","Even M"
0.690990990990991,0.873618642506933,"Variance calibration","Even M"
0.692792792792793,0.872679716315512,"Variance calibration","Even M"
0.694594594594594,0.871730277739001,"Variance calibration","Even M"
0.696396396396396,0.870770148585026,"Variance calibration","Even M"
0.698198198198198,0.869799146932145,"Variance calibration","Even M"
0.7,0.86881708704138,"Variance calibration","Even M"
0.701801801801802,0.867823779265528,"Variance calibration","Even M"
0.703603603603604,0.866819029956193,"Variance calibration","Even M"
0.705405405405405,0.865802641368473,"Variance calibration","Even M"
0.707207207207207,0.864774411563252,"Variance calibration","Even M"
0.709009009009009,0.863734134307035,"Variance calibration","Even M"
0.710810810810811,0.862681598969255,"Variance calibration","Even M"
0.712612612612613,0.861616590416997,"Variance calibration","Even M"
0.714414414414414,0.860538888907071,"Variance calibration","Even M"
0.716216216216216,0.859448269975363,"Variance calibration","Even M"
0.718018018018018,0.858344504323399,"Variance calibration","Even M"
0.71981981981982,0.857227357702055,"Variance calibration","Even M"
0.721621621621622,0.856096590792325,"Variance calibration","Even M"
0.723423423423423,0.854951959083095,"Variance calibration","Even M"
0.725225225225225,0.853793212745828,"Variance calibration","Even M"
0.727027027027027,0.852620096506094,"Variance calibration","Even M"
0.728828828828829,0.851432349511862,"Variance calibration","Even M"
0.730630630630631,0.850229705198464,"Variance calibration","Even M"
0.732432432432432,0.849011891150162,"Variance calibration","Even M"
0.734234234234234,0.847778628958226,"Variance calibration","Even M"
0.736036036036036,0.846529634075423,"Variance calibration","Even M"
0.737837837837838,0.845264615666853,"Variance calibration","Even M"
0.73963963963964,0.843983276457014,"Variance calibration","Even M"
0.741441441441442,0.842685312573015,"Variance calibration","Even M"
0.743243243243243,0.84137041338384,"Variance calibration","Even M"
0.745045045045045,0.840038261335561,"Variance calibration","Even M"
0.746846846846847,0.838688531782395,"Variance calibration","Even M"
0.748648648648649,0.837320892813513,"Variance calibration","Even M"
0.75045045045045,0.835935005075483,"Variance calibration","Even M"
0.752252252252252,0.834530521590238,"Variance calibration","Even M"
0.754054054054054,0.83310708756847,"Variance calibration","Even M"
0.755855855855856,0.83166434021832,"Variance calibration","Even M"
0.757657657657658,0.830201908549263,"Variance calibration","Even M"
0.759459459459459,0.828719413171048,"Variance calibration","Even M"
0.761261261261261,0.827216466087595,"Variance calibration","Even M"
0.763063063063063,0.825692670485702,"Variance calibration","Even M"
0.764864864864865,0.824147620518444,"Variance calibration","Even M"
0.766666666666667,0.822580901083139,"Variance calibration","Even M"
0.768468468468469,0.820992087593724,"Variance calibration","Even M"
0.77027027027027,0.819380745747432,"Variance calibration","Even M"
0.772072072072072,0.817746431285606,"Variance calibration","Even M"
0.773873873873874,0.81608868974852,"Variance calibration","Even M"
0.775675675675676,0.814407056224052,"Variance calibration","Even M"
0.777477477477477,0.812701055090061,"Variance calibration","Even M"
0.779279279279279,0.810970199750308,"Variance calibration","Even M"
0.781081081081081,0.809213992363782,"Variance calibration","Even M"
0.782882882882883,0.807431923567234,"Variance calibration","Even M"
0.784684684684685,0.805623472190798,"Variance calibration","Even M"
0.786486486486487,0.803788104966485,"Variance calibration","Even M"
0.788288288288288,0.80192527622942,"Variance calibration","Even M"
0.79009009009009,0.800034427611602,"Variance calibration","Even M"
0.791891891891892,0.798114987728047,"Variance calibration","Even M"
0.793693693693694,0.796166371855102,"Variance calibration","Even M"
0.795495495495495,0.794187981600744,"Variance calibration","Even M"
0.797297297297297,0.792179204566688,"Variance calibration","Even M"
0.799099099099099,0.790139414002084,"Variance calibration","Even M"
0.800900900900901,0.788067968448616,"Variance calibration","Even M"
0.802702702702703,0.785964211376792,"Variance calibration","Even M"
0.804504504504505,0.783827470813211,"Variance calibration","Even M"
0.806306306306306,0.781657058958605,"Variance calibration","Even M"
0.808108108108108,0.77945227179641,"Variance calibration","Even M"
0.80990990990991,0.777212388691675,"Variance calibration","Even M"
0.811711711711712,0.774936671980047,"Variance calibration","Even M"
0.813513513513514,0.772624366546629,"Variance calibration","Even M"
0.815315315315315,0.77027469939444,"Variance calibration","Even M"
0.817117117117117,0.767886879202262,"Variance calibration","Even M"
0.818918918918919,0.765460095871608,"Variance calibration","Even M"
0.820720720720721,0.762993520062561,"Variance calibration","Even M"
0.822522522522522,0.760486302718233,"Variance calibration","Even M"
0.824324324324324,0.757937574577561,"Variance calibration","Even M"
0.826126126126126,0.755346445676201,"Variance calibration","Even M"
0.827927927927928,0.752712004835217,"Variance calibration","Even M"
0.82972972972973,0.750033319137307,"Variance calibration","Even M"
0.831531531531532,0.747309433390263,"Variance calibration","Even M"
0.833333333333333,0.744539369577406,"Variance calibration","Even M"
0.835135135135135,0.741722126294665,"Variance calibration","Even M"
0.836936936936937,0.738856678174039,"Variance calibration","Even M"
0.838738738738739,0.735941975293105,"Variance calibration","Even M"
0.840540540540541,0.732976942570294,"Variance calibration","Even M"
0.842342342342342,0.729960479145606,"Variance calibration","Even M"
0.844144144144144,0.72689145774645,"Variance calibration","Even M"
0.845945945945946,0.723768724038294,"Variance calibration","Even M"
0.847747747747748,0.7205910959598,"Variance calibration","Even M"
0.84954954954955,0.717357363042118,"Variance calibration","Even M"
0.851351351351351,0.714066285712002,"Variance calibration","Even M"
0.853153153153153,0.71071659457843,"Variance calibration","Even M"
0.854954954954955,0.707306989702379,"Variance calibration","Even M"
0.856756756756757,0.703836139849434,"Variance calibration","Even M"
0.858558558558559,0.700302681724882,"Variance calibration","Even M"
0.86036036036036,0.69670521919097,"Variance calibration","Even M"
0.862162162162162,0.693042322465979,"Variance calibration","Even M"
0.863963963963964,0.689312527304795,"Variance calibration","Even M"
0.865765765765766,0.685514334160642,"Variance calibration","Even M"
0.867567567567567,0.681646207327661,"Variance calibration","Even M"
0.869369369369369,0.677706574064017,"Variance calibration","Even M"
0.871171171171171,0.673693823695228,"Variance calibration","Even M"
0.872972972972973,0.669606306697432,"Variance calibration","Even M"
0.874774774774775,0.665442333760299,"Variance calibration","Even M"
0.876576576576577,0.661200174829342,"Variance calibration","Even M"
0.878378378378378,0.656878058127382,"Variance calibration","Even M"
0.88018018018018,0.652474169154952,"Variance calibration","Even M"
0.881981981981982,0.647986649669464,"Variance calibration","Even M"
0.883783783783784,0.643413596642996,"Variance calibration","Even M"
0.885585585585586,0.638753061198594,"Variance calibration","Even M"
0.887387387387387,0.634003047525042,"Variance calibration","Even M"
0.889189189189189,0.629161511770127,"Variance calibration","Even M"
0.890990990990991,0.624226360912467,"Variance calibration","Even M"
0.892792792792793,0.619195451612099,"Variance calibration","Even M"
0.894594594594595,0.614066589040079,"Variance calibration","Even M"
0.896396396396396,0.608837525687516,"Variance calibration","Even M"
0.898198198198198,0.603505960154558,"Variance calibration","Even M"
0.9,0.598069535920053,"Variance calibration","Even M"
-0.9,0.915127256871312,"Gaussian Bartlett refinement","Even M"
-0.898198198198198,0.915214815437401,"Gaussian Bartlett refinement","Even M"
-0.896396396396396,0.915302712148967,"Gaussian Bartlett refinement","Even M"
-0.894594594594595,0.915390859293194,"Gaussian Bartlett refinement","Even M"
-0.892792792792793,0.915479173910144,"Gaussian Bartlett refinement","Even M"
-0.890990990990991,0.915567577633393,"Gaussian Bartlett refinement","Even M"
-0.889189189189189,0.915655996532305,"Gaussian Bartlett refinement","Even M"
-0.887387387387387,0.915744360956011,"Gaussian Bartlett refinement","Even M"
-0.885585585585586,0.915832605379178,"Gaussian Bartlett refinement","Even M"
-0.883783783783784,0.915920668249684,"Gaussian Bartlett refinement","Even M"
-0.881981981981982,0.916008491838338,"Gaussian Bartlett refinement","Even M"
-0.88018018018018,0.916096022090799,"Gaussian Bartlett refinement","Even M"
-0.878378378378378,0.916183208481831,"Gaussian Bartlett refinement","Even M"
-0.876576576576577,0.916270003872072,"Gaussian Bartlett refinement","Even M"
-0.874774774774775,0.916356364367448,"Gaussian Bartlett refinement","Even M"
-0.872972972972973,0.916442249181384,"Gaussian Bartlett refinement","Even M"
-0.871171171171171,0.916527620499947,"Gaussian Bartlett refinement","Even M"
-0.869369369369369,0.916612443350045,"Gaussian Bartlett refinement","Even M"
-0.867567567567568,0.916696685470783,"Gaussian Bartlett refinement","Even M"
-0.865765765765766,0.916780317188093,"Gaussian Bartlett refinement","Even M"
-0.863963963963964,0.916863311292704,"Gaussian Bartlett refinement","Even M"
-0.862162162162162,0.91694564292153,"Gaussian Bartlett refinement","Even M"
-0.86036036036036,0.917027289442533,"Gaussian Bartlett refinement","Even M"
-0.858558558558559,0.9171082303431,"Gaussian Bartlett refinement","Even M"
-0.856756756756757,0.917188447121968,"Gaussian Bartlett refinement","Even M"
-0.854954954954955,0.917267923184705,"Gaussian Bartlett refinement","Even M"
-0.853153153153153,0.917346643742757,"Gaussian Bartlett refinement","Even M"
-0.851351351351351,0.917424595716061,"Gaussian Bartlett refinement","Even M"
-0.84954954954955,0.917501767639187,"Gaussian Bartlett refinement","Even M"
-0.847747747747748,0.917578149571003,"Gaussian Bartlett refinement","Even M"
-0.845945945945946,0.917653733007809,"Gaussian Bartlett refinement","Even M"
-0.844144144144144,0.917728510799903,"Gaussian Bartlett refinement","Even M"
-0.842342342342342,0.917802477071535,"Gaussian Bartlett refinement","Even M"
-0.840540540540541,0.91787562714417,"Gaussian Bartlett refinement","Even M"
-0.838738738738739,0.917947957463013,"Gaussian Bartlett refinement","Even M"
-0.836936936936937,0.91801946552672,"Gaussian Bartlett refinement","Even M"
-0.835135135135135,0.918090149820221,"Gaussian Bartlett refinement","Even M"
-0.833333333333333,0.918160009750573,"Gaussian Bartlett refinement","Even M"
-0.831531531531532,0.918229045585778,"Gaussian Bartlett refinement","Even M"
-0.82972972972973,0.918297258396454,"Gaussian Bartlett refinement","Even M"
-0.827927927927928,0.918364650000308,"Gaussian Bartlett refinement","Even M"
-0.826126126126126,0.9184312229093,"Gaussian Bartlett refinement","Even M"
-0.824324324324324,0.918496980279411,"Gaussian Bartlett refinement","Even M"
-0.822522522522523,0.918561925862947,"Gaussian Bartlett refinement","Even M"
-0.820720720720721,0.918626063963271,"Gaussian Bartlett refinement","Even M"
-0.818918918918919,0.918689399391873,"Gaussian Bartlett refinement","Even M"
-0.817117117117117,0.918751937427716,"Gaussian Bartlett refinement","Even M"
-0.815315315315315,0.918813683778739,"Gaussian Bartlett refinement","Even M"
-0.813513513513514,0.918874644545452,"Gaussian Bartlett refinement","Even M"
-0.811711711711712,0.918934826186535,"Gaussian Bartlett refinement","Even M"
-0.80990990990991,0.918994235486353,"Gaussian Bartlett refinement","Even M"
-0.808108108108108,0.919052879524309,"Gaussian Bartlett refinement","Even M"
-0.806306306306306,0.919110765645958,"Gaussian Bartlett refinement","Even M"
-0.804504504504505,0.919167901435797,"Gaussian Bartlett refinement","Even M"
-0.802702702702703,0.919224294691669,"Gaussian Bartlett refinement","Even M"
-0.800900900900901,0.919279953400691,"Gaussian Bartlett refinement","Even M"
-0.799099099099099,0.919334885716647,"Gaussian Bartlett refinement","Even M"
-0.797297297297297,0.919389099938773,"Gaussian Bartlett refinement","Even M"
-0.795495495495495,0.919442604491862,"Gaussian Bartlett refinement","Even M"
-0.793693693693694,0.91949540790764,"Gaussian Bartlett refinement","Even M"
-0.791891891891892,0.91954751880733,"Gaussian Bartlett refinement","Even M"
-0.79009009009009,0.919598945885359,"Gaussian Bartlett refinement","Even M"
-0.788288288288288,0.919649697894146,"Gaussian Bartlett refinement","Even M"
-0.786486486486486,0.919699783629912,"Gaussian Bartlett refinement","Even M"
-0.784684684684685,0.919749211919466,"Gaussian Bartlett refinement","Even M"
-0.782882882882883,0.919797991607904,"Gaussian Bartlett refinement","Even M"
-0.781081081081081,0.919846131547189,"Gaussian Bartlett refinement","Even M"
-0.779279279279279,0.919893640585545,"Gaussian Bartlett refinement","Even M"
-0.777477477477478,0.919940527557639,"Gaussian Bartlett refinement","Even M"
-0.775675675675676,0.919986801275493,"Gaussian Bartlett refinement","Even M"
-0.773873873873874,0.920032470520093,"Gaussian Bartlett refinement","Even M"
-0.772072072072072,0.920077544033658,"Gaussian Bartlett refinement","Even M"
-0.77027027027027,0.920122030512518,"Gaussian Bartlett refinement","Even M"
-0.768468468468469,0.920165938600584,"Gaussian Bartlett refinement","Even M"
-0.766666666666667,0.920209276883362,"Gaussian Bartlett refinement","Even M"
-0.764864864864865,0.920252053882485,"Gaussian Bartlett refinement","Even M"
-0.763063063063063,0.920294278050729,"Gaussian Bartlett refinement","Even M"
-0.761261261261261,0.920335957767492,"Gaussian Bartlett refinement","Even M"
-0.759459459459459,0.92037710133469,"Gaussian Bartlett refinement","Even M"
-0.757657657657658,0.920417716973065,"Gaussian Bartlett refinement","Even M"
-0.755855855855856,0.92045781281887,"Gaussian Bartlett refinement","Even M"
-0.754054054054054,0.920497396920901,"Gaussian Bartlett refinement","Even M"
-0.752252252252252,0.92053647723787,"Gaussian Bartlett refinement","Even M"
-0.75045045045045,0.920575061636075,"Gaussian Bartlett refinement","Even M"
-0.748648648648649,0.920613157887377,"Gaussian Bartlett refinement","Even M"
-0.746846846846847,0.920650773667428,"Gaussian Bartlett refinement","Even M"
-0.745045045045045,0.920687916554169,"Gaussian Bartlett refinement","Even M"
-0.743243243243243,0.920724594026556,"Gaussian Bartlett refinement","Even M"
-0.741441441441441,0.920760813463501,"Gaussian Bartlett refinement","Even M"
-0.73963963963964,0.920796582143029,"Gaussian Bartlett refinement","Even M"
-0.737837837837838,0.920831907241614,"Gaussian Bartlett refinement","Even M"
-0.736036036036036,0.920866795833698,"Gaussian Bartlett refinement","Even M"
-0.734234234234234,0.920901254891371,"Gaussian Bartlett refinement","Even M"
-0.732432432432433,0.920935291284205,"Gaussian Bartlett refinement","Even M"
-0.730630630630631,0.920968911779225,"Gaussian Bartlett refinement","Even M"
-0.728828828828829,0.921002123041011,"Gaussian Bartlett refinement","Even M"
-0.727027027027027,0.921034931631923,"Gaussian Bartlett refinement","Even M"
-0.725225225225225,0.921067344012433,"Gaussian Bartlett refinement","Even M"
-0.723423423423423,0.921099366541555,"Gaussian Bartlett refinement","Even M"
-0.721621621621622,0.921131005477376,"Gaussian Bartlett refinement","Even M"
-0.71981981981982,0.921162266977669,"Gaussian Bartlett refinement","Even M"
-0.718018018018018,0.921193157100577,"Gaussian Bartlett refinement","Even M"
-0.716216216216216,0.921223681805381,"Gaussian Bartlett refinement","Even M"
-0.714414414414414,0.921253846953317,"Gaussian Bartlett refinement","Even M"
-0.712612612612613,0.92128365830847,"Gaussian Bartlett refinement","Even M"
-0.710810810810811,0.921313121538703,"Gaussian Bartlett refinement","Even M"
-0.709009009009009,0.921342242216641,"Gaussian Bartlett refinement","Even M"
-0.707207207207207,0.921371025820704,"Gaussian Bartlett refinement","Even M"
-0.705405405405405,0.921399477736163,"Gaussian Bartlett refinement","Even M"
-0.703603603603604,0.921427603256245,"Gaussian Bartlett refinement","Even M"
-0.701801801801802,0.921455407583256,"Gaussian Bartlett refinement","Even M"
-0.7,0.921482895829736,"Gaussian Bartlett refinement","Even M"
-0.698198198198198,0.921510073019632,"Gaussian Bartlett refinement","Even M"
-0.696396396396396,0.921536944089496,"Gaussian Bartlett refinement","Even M"
-0.694594594594595,0.921563513889693,"Gaussian Bartlett refinement","Even M"
-0.692792792792793,0.921589787185623,"Gaussian Bartlett refinement","Even M"
-0.690990990990991,0.921615768658956,"Gaussian Bartlett refinement","Even M"
-0.689189189189189,0.921641462908875,"Gaussian Bartlett refinement","Even M"
-0.687387387387387,0.92166687445332,"Gaussian Bartlett refinement","Even M"
-0.685585585585586,0.921692007730242,"Gaussian Bartlett refinement","Even M"
-0.683783783783784,0.921716867098853,"Gaussian Bartlett refinement","Even M"
-0.681981981981982,0.921741456840881,"Gaussian Bartlett refinement","Even M"
-0.68018018018018,0.92176578116182,"Gaussian Bartlett refinement","Even M"
-0.678378378378378,0.921789844192177,"Gaussian Bartlett refinement","Even M"
-0.676576576576577,0.921813649988717,"Gaussian Bartlett refinement","Even M"
-0.674774774774775,0.921837202535695,"Gaussian Bartlett refinement","Even M"
-0.672972972972973,0.921860505746096,"Gaussian Bartlett refinement","Even M"
-0.671171171171171,0.921883563462844,"Gaussian Bartlett refinement","Even M"
-0.669369369369369,0.921906379460027,"Gaussian Bartlett refinement","Even M"
-0.667567567567568,0.921928957444091,"Gaussian Bartlett refinement","Even M"
-0.665765765765766,0.921951301055038,"Gaussian Bartlett refinement","Even M"
-0.663963963963964,0.921973413867603,"Gaussian Bartlett refinement","Even M"
-0.662162162162162,0.921995299392423,"Gaussian Bartlett refinement","Even M"
-0.66036036036036,0.922016961077196,"Gaussian Bartlett refinement","Even M"
-0.658558558558559,0.922038402307817,"Gaussian Bartlett refinement","Even M"
-0.656756756756757,0.922059626409513,"Gaussian Bartlett refinement","Even M"
-0.654954954954955,0.922080636647954,"Gaussian Bartlett refinement","Even M"
-0.653153153153153,0.922101436230355,"Gaussian Bartlett refinement","Even M"
-0.651351351351351,0.92212202830656,"Gaussian Bartlett refinement","Even M"
-0.64954954954955,0.922142415970112,"Gaussian Bartlett refinement","Even M"
-0.647747747747748,0.922162602259311,"Gaussian Bartlett refinement","Even M"
-0.645945945945946,0.922182590158249,"Gaussian Bartlett refinement","Even M"
-0.644144144144144,0.922202382597838,"Gaussian Bartlett refinement","Even M"
-0.642342342342342,0.922221982456816,"Gaussian Bartlett refinement","Even M"
-0.640540540540541,0.92224139256274,"Gaussian Bartlett refinement","Even M"
-0.638738738738739,0.922260615692964,"Gaussian Bartlett refinement","Even M"
-0.636936936936937,0.922279654575598,"Gaussian Bartlett refinement","Even M"
-0.635135135135135,0.922298511890453,"Gaussian Bartlett refinement","Even M"
-0.633333333333333,0.922317190269972,"Gaussian Bartlett refinement","Even M"
-0.631531531531532,0.92233569230014,"Gaussian Bartlett refinement","Even M"
-0.62972972972973,0.922354020521384,"Gaussian Bartlett refinement","Even M"
-0.627927927927928,0.922372177429456,"Gaussian Bartlett refinement","Even M"
-0.626126126126126,0.922390165476295,"Gaussian Bartlett refinement","Even M"
-0.624324324324324,0.92240798707088,"Gaussian Bartlett refinement","Even M"
-0.622522522522523,0.922425644580066,"Gaussian Bartlett refinement","Even M"
-0.620720720720721,0.922443140329404,"Gaussian Bartlett refinement","Even M"
-0.618918918918919,0.922460476603942,"Gaussian Bartlett refinement","Even M"
-0.617117117117117,0.922477655649022,"Gaussian Bartlett refinement","Even M"
-0.615315315315315,0.922494679671049,"Gaussian Bartlett refinement","Even M"
-0.613513513513513,0.922511550838254,"Gaussian Bartlett refinement","Even M"
-0.611711711711712,0.92252827128144,"Gaussian Bartlett refinement","Even M"
-0.60990990990991,0.922544843094713,"Gaussian Bartlett refinement","Even M"
-0.608108108108108,0.9225612683362,"Gaussian Bartlett refinement","Even M"
-0.606306306306306,0.922577549028754,"Gaussian Bartlett refinement","Even M"
-0.604504504504505,0.92259368716064,"Gaussian Bartlett refinement","Even M"
-0.602702702702703,0.922609684686218,"Gaussian Bartlett refinement","Even M"
-0.600900900900901,0.922625543526598,"Gaussian Bartlett refinement","Even M"
-0.599099099099099,0.922641265570297,"Gaussian Bartlett refinement","Even M"
-0.597297297297297,0.922656852673873,"Gaussian Bartlett refinement","Even M"
-0.595495495495496,0.922672306662547,"Gaussian Bartlett refinement","Even M"
-0.593693693693694,0.922687629330819,"Gaussian Bartlett refinement","Even M"
-0.591891891891892,0.922702822443067,"Gaussian Bartlett refinement","Even M"
-0.59009009009009,0.922717887734131,"Gaussian Bartlett refinement","Even M"
-0.588288288288288,0.92273282690989,"Gaussian Bartlett refinement","Even M"
-0.586486486486486,0.922747641647828,"Gaussian Bartlett refinement","Even M"
-0.584684684684685,0.922762333597584,"Gaussian Bartlett refinement","Even M"
-0.582882882882883,0.922776904381492,"Gaussian Bartlett refinement","Even M"
-0.581081081081081,0.922791355595113,"Gaussian Bartlett refinement","Even M"
-0.579279279279279,0.922805688807755,"Gaussian Bartlett refinement","Even M"
-0.577477477477478,0.922819905562979,"Gaussian Bartlett refinement","Even M"
-0.575675675675676,0.922834007379094,"Gaussian Bartlett refinement","Even M"
-0.573873873873874,0.922847995749655,"Gaussian Bartlett refinement","Even M"
-0.572072072072072,0.922861872143927,"Gaussian Bartlett refinement","Even M"
-0.57027027027027,0.922875638007363,"Gaussian Bartlett refinement","Even M"
-0.568468468468468,0.922889294762058,"Gaussian Bartlett refinement","Even M"
-0.566666666666667,0.922902843807197,"Gaussian Bartlett refinement","Even M"
-0.564864864864865,0.922916286519496,"Gaussian Bartlett refinement","Even M"
-0.563063063063063,0.922929624253628,"Gaussian Bartlett refinement","Even M"
-0.561261261261261,0.92294285834265,"Gaussian Bartlett refinement","Even M"
-0.55945945945946,0.922955990098412,"Gaussian Bartlett refinement","Even M"
-0.557657657657658,0.922969020811959,"Gaussian Bartlett refinement","Even M"
-0.555855855855856,0.92298195175393,"Gaussian Bartlett refinement","Even M"
-0.554054054054054,0.922994784174943,"Gaussian Bartlett refinement","Even M"
-0.552252252252252,0.923007519305973,"Gaussian Bartlett refinement","Even M"
-0.55045045045045,0.923020158358726,"Gaussian Bartlett refinement","Even M"
-0.548648648648649,0.923032702525999,"Gaussian Bartlett refinement","Even M"
-0.546846846846847,0.923045152982041,"Gaussian Bartlett refinement","Even M"
-0.545045045045045,0.923057510882894,"Gaussian Bartlett refinement","Even M"
-0.543243243243243,0.923069777366741,"Gaussian Bartlett refinement","Even M"
-0.541441441441441,0.923081953554235,"Gaussian Bartlett refinement","Even M"
-0.53963963963964,0.923094040548828,"Gaussian Bartlett refinement","Even M"
-0.537837837837838,0.923106039437094,"Gaussian Bartlett refinement","Even M"
-0.536036036036036,0.923117951289038,"Gaussian Bartlett refinement","Even M"
-0.534234234234234,0.923129777158404,"Gaussian Bartlett refinement","Even M"
-0.532432432432432,0.92314151808298,"Gaussian Bartlett refinement","Even M"
-0.530630630630631,0.923153175084886,"Gaussian Bartlett refinement","Even M"
-0.528828828828829,0.923164749170867,"Gaussian Bartlett refinement","Even M"
-0.527027027027027,0.923176241332575,"Gaussian Bartlett refinement","Even M"
-0.525225225225225,0.923187652546843,"Gaussian Bartlett refinement","Even M"
-0.523423423423423,0.923198983775956,"Gaussian Bartlett refinement","Even M"
-0.521621621621622,0.923210235967922,"Gaussian Bartlett refinement","Even M"
-0.51981981981982,0.923221410056723,"Gaussian Bartlett refinement","Even M"
-0.518018018018018,0.923232506962577,"Gaussian Bartlett refinement","Even M"
-0.516216216216216,0.92324352759218,"Gaussian Bartlett refinement","Even M"
-0.514414414414414,0.923254472838959,"Gaussian Bartlett refinement","Even M"
-0.512612612612613,0.923265343583302,"Gaussian Bartlett refinement","Even M"
-0.510810810810811,0.923276140692799,"Gaussian Bartlett refinement","Even M"
-0.509009009009009,0.923286865022465,"Gaussian Bartlett refinement","Even M"
-0.507207207207207,0.923297517414974,"Gaussian Bartlett refinement","Even M"
-0.505405405405405,0.923308098700868,"Gaussian Bartlett refinement","Even M"
-0.503603603603604,0.92331860969878,"Gaussian Bartlett refinement","Even M"
-0.501801801801802,0.923329051215644,"Gaussian Bartlett refinement","Even M"
-0.5,0.923339424046901,"Gaussian Bartlett refinement","Even M"
-0.498198198198198,0.923349728976701,"Gaussian Bartlett refinement","Even M"
-0.496396396396396,0.923359966778104,"Gaussian Bartlett refinement","Even M"
-0.494594594594595,0.923370138213271,"Gaussian Bartlett refinement","Even M"
-0.492792792792793,0.923380244033659,"Gaussian Bartlett refinement","Even M"
-0.490990990990991,0.923390284980207,"Gaussian Bartlett refinement","Even M"
-0.489189189189189,0.923400261783515,"Gaussian Bartlett refinement","Even M"
-0.487387387387387,0.923410175164029,"Gaussian Bartlett refinement","Even M"
-0.485585585585586,0.923420025832213,"Gaussian Bartlett refinement","Even M"
-0.483783783783784,0.923429814488723,"Gaussian Bartlett refinement","Even M"
-0.481981981981982,0.923439541824577,"Gaussian Bartlett refinement","Even M"
-0.48018018018018,0.923449208521319,"Gaussian Bartlett refinement","Even M"
-0.478378378378378,0.923458815251179,"Gaussian Bartlett refinement","Even M"
-0.476576576576577,0.923468362677239,"Gaussian Bartlett refinement","Even M"
-0.474774774774775,0.923477851453582,"Gaussian Bartlett refinement","Even M"
-0.472972972972973,0.923487282225448,"Gaussian Bartlett refinement","Even M"
-0.471171171171171,0.923496655629384,"Gaussian Bartlett refinement","Even M"
-0.469369369369369,0.923505972293389,"Gaussian Bartlett refinement","Even M"
-0.467567567567568,0.923515232837063,"Gaussian Bartlett refinement","Even M"
-0.465765765765766,0.923524437871741,"Gaussian Bartlett refinement","Even M"
-0.463963963963964,0.923533588000637,"Gaussian Bartlett refinement","Even M"
-0.462162162162162,0.923542683818977,"Gaussian Bartlett refinement","Even M"
-0.46036036036036,0.923551725914135,"Gaussian Bartlett refinement","Even M"
-0.458558558558559,0.92356071486576,"Gaussian Bartlett refinement","Even M"
-0.456756756756757,0.923569651245907,"Gaussian Bartlett refinement","Even M"
-0.454954954954955,0.923578535619161,"Gaussian Bartlett refinement","Even M"
-0.453153153153153,0.923587368542762,"Gaussian Bartlett refinement","Even M"
-0.451351351351351,0.923596150566723,"Gaussian Bartlett refinement","Even M"
-0.44954954954955,0.923604882233951,"Gaussian Bartlett refinement","Even M"
-0.447747747747748,0.923613564080362,"Gaussian Bartlett refinement","Even M"
-0.445945945945946,0.923622196634995,"Gaussian Bartlett refinement","Even M"
-0.444144144144144,0.923630780420127,"Gaussian Bartlett refinement","Even M"
-0.442342342342342,0.923639315951377,"Gaussian Bartlett refinement","Even M"
-0.440540540540541,0.923647803737818,"Gaussian Bartlett refinement","Even M"
-0.438738738738739,0.923656244282082,"Gaussian Bartlett refinement","Even M"
-0.436936936936937,0.923664638080464,"Gaussian Bartlett refinement","Even M"
-0.435135135135135,0.92367298562302,"Gaussian Bartlett refinement","Even M"
-0.433333333333333,0.923681287393674,"Gaussian Bartlett refinement","Even M"
-0.431531531531532,0.92368954387031,"Gaussian Bartlett refinement","Even M"
-0.42972972972973,0.923697755524868,"Gaussian Bartlett refinement","Even M"
-0.427927927927928,0.923705922823446,"Gaussian Bartlett refinement","Even M"
-0.426126126126126,0.923714046226381,"Gaussian Bartlett refinement","Even M"
-0.424324324324324,0.92372212618835,"Gaussian Bartlett refinement","Even M"
-0.422522522522523,0.923730163158455,"Gaussian Bartlett refinement","Even M"
-0.420720720720721,0.923738157580309,"Gaussian Bartlett refinement","Even M"
-0.418918918918919,0.923746109892127,"Gaussian Bartlett refinement","Even M"
-0.417117117117117,0.923754020526805,"Gaussian Bartlett refinement","Even M"
-0.415315315315315,0.923761889912008,"Gaussian Bartlett refinement","Even M"
-0.413513513513514,0.923769718470246,"Gaussian Bartlett refinement","Even M"
-0.411711711711712,0.92377750661896,"Gaussian Bartlett refinement","Even M"
-0.40990990990991,0.923785254770594,"Gaussian Bartlett refinement","Even M"
-0.408108108108108,0.92379296333268,"Gaussian Bartlett refinement","Even M"
-0.406306306306306,0.923800632707904,"Gaussian Bartlett refinement","Even M"
-0.404504504504505,0.92380826329419,"Gaussian Bartlett refinement","Even M"
-0.402702702702703,0.923815855484767,"Gaussian Bartlett refinement","Even M"
-0.400900900900901,0.923823409668242,"Gaussian Bartlett refinement","Even M"
-0.399099099099099,0.923830926228671,"Gaussian Bartlett refinement","Even M"
-0.397297297297297,0.923838405545628,"Gaussian Bartlett refinement","Even M"
-0.395495495495496,0.923845847994274,"Gaussian Bartlett refinement","Even M"
-0.393693693693694,0.923853253945423,"Gaussian Bartlett refinement","Even M"
-0.391891891891892,0.923860623765606,"Gaussian Bartlett refinement","Even M"
-0.39009009009009,0.923867957817137,"Gaussian Bartlett refinement","Even M"
-0.388288288288288,0.923875256458179,"Gaussian Bartlett refinement","Even M"
-0.386486486486487,0.923882520042802,"Gaussian Bartlett refinement","Even M"
-0.384684684684685,0.923889748921044,"Gaussian Bartlett refinement","Even M"
-0.382882882882883,0.923896943438976,"Gaussian Bartlett refinement","Even M"
-0.381081081081081,0.923904103938757,"Gaussian Bartlett refinement","Even M"
-0.379279279279279,0.923911230758692,"Gaussian Bartlett refinement","Even M"
-0.377477477477478,0.923918324233291,"Gaussian Bartlett refinement","Even M"
-0.375675675675676,0.923925384693325,"Gaussian Bartlett refinement","Even M"
-0.373873873873874,0.923932412465879,"Gaussian Bartlett refinement","Even M"
-0.372072072072072,0.923939407874408,"Gaussian Bartlett refinement","Even M"
-0.37027027027027,0.923946371238791,"Gaussian Bartlett refinement","Even M"
-0.368468468468468,0.92395330287538,"Gaussian Bartlett refinement","Even M"
-0.366666666666667,0.923960203097057,"Gaussian Bartlett refinement","Even M"
-0.364864864864865,0.923967072213278,"Gaussian Bartlett refinement","Even M"
-0.363063063063063,0.923973910530127,"Gaussian Bartlett refinement","Even M"
-0.361261261261261,0.923980718350368,"Gaussian Bartlett refinement","Even M"
-0.359459459459459,0.923987495973482,"Gaussian Bartlett refinement","Even M"
-0.357657657657658,0.923994243695729,"Gaussian Bartlett refinement","Even M"
-0.355855855855856,0.924000961810182,"Gaussian Bartlett refinement","Even M"
-0.354054054054054,0.924007650606779,"Gaussian Bartlett refinement","Even M"
-0.352252252252252,0.924014310372369,"Gaussian Bartlett refinement","Even M"
-0.35045045045045,0.924020941390753,"Gaussian Bartlett refinement","Even M"
-0.348648648648649,0.924027543942727,"Gaussian Bartlett refinement","Even M"
-0.346846846846847,0.92403411830613,"Gaussian Bartlett refinement","Even M"
-0.345045045045045,0.92404066475588,"Gaussian Bartlett refinement","Even M"
-0.343243243243243,0.924047183564018,"Gaussian Bartlett refinement","Even M"
-0.341441441441442,0.924053674999753,"Gaussian Bartlett refinement","Even M"
-0.33963963963964,0.924060139329494,"Gaussian Bartlett refinement","Even M"
-0.337837837837838,0.924066576816894,"Gaussian Bartlett refinement","Even M"
-0.336036036036036,0.924072987722892,"Gaussian Bartlett refinement","Even M"
-0.334234234234234,0.924079372305743,"Gaussian Bartlett refinement","Even M"
-0.332432432432432,0.924085730821065,"Gaussian Bartlett refinement","Even M"
-0.330630630630631,0.924092063521867,"Gaussian Bartlett refinement","Even M"
-0.328828828828829,0.924098370658592,"Gaussian Bartlett refinement","Even M"
-0.327027027027027,0.924104652479152,"Gaussian Bartlett refinement","Even M"
-0.325225225225225,0.92411090922896,"Gaussian Bartlett refinement","Even M"
-0.323423423423423,0.924117141150967,"Gaussian Bartlett refinement","Even M"
-0.321621621621622,0.924123348485696,"Gaussian Bartlett refinement","Even M"
-0.31981981981982,0.924129531471276,"Gaussian Bartlett refinement","Even M"
-0.318018018018018,0.924135690343475,"Gaussian Bartlett refinement","Even M"
-0.316216216216216,0.92414182533573,"Gaussian Bartlett refinement","Even M"
-0.314414414414414,0.924147936679185,"Gaussian Bartlett refinement","Even M"
-0.312612612612613,0.924154024602717,"Gaussian Bartlett refinement","Even M"
-0.310810810810811,0.924160089332968,"Gaussian Bartlett refinement","Even M"
-0.309009009009009,0.924166131094379,"Gaussian Bartlett refinement","Even M"
-0.307207207207207,0.924172150109217,"Gaussian Bartlett refinement","Even M"
-0.305405405405405,0.924178146597606,"Gaussian Bartlett refinement","Even M"
-0.303603603603604,0.924184120777556,"Gaussian Bartlett refinement","Even M"
-0.301801801801802,0.924190072864991,"Gaussian Bartlett refinement","Even M"
-0.3,0.92419600307378,"Gaussian Bartlett refinement","Even M"
-0.298198198198198,0.924201911615762,"Gaussian Bartlett refinement","Even M"
-0.296396396396396,0.924207798700774,"Gaussian Bartlett refinement","Even M"
-0.294594594594595,0.924213664536679,"Gaussian Bartlett refinement","Even M"
-0.292792792792793,0.924219509329395,"Gaussian Bartlett refinement","Even M"
-0.290990990990991,0.924225333282915,"Gaussian Bartlett refinement","Even M"
-0.289189189189189,0.92423113659934,"Gaussian Bartlett refinement","Even M"
-0.287387387387387,0.9242369194789,"Gaussian Bartlett refinement","Even M"
-0.285585585585586,0.92424268211998,"Gaussian Bartlett refinement","Even M"
-0.283783783783784,0.924248424719147,"Gaussian Bartlett refinement","Even M"
-0.281981981981982,0.924254147471171,"Gaussian Bartlett refinement","Even M"
-0.28018018018018,0.924259850569051,"Gaussian Bartlett refinement","Even M"
-0.278378378378378,0.924265534204039,"Gaussian Bartlett refinement","Even M"
-0.276576576576577,0.924271198565664,"Gaussian Bartlett refinement","Even M"
-0.274774774774775,0.924276843841753,"Gaussian Bartlett refinement","Even M"
-0.272972972972973,0.924282470218454,"Gaussian Bartlett refinement","Even M"
-0.271171171171171,0.92428807788026,"Gaussian Bartlett refinement","Even M"
-0.269369369369369,0.924293667010029,"Gaussian Bartlett refinement","Even M"
-0.267567567567568,0.924299237789008,"Gaussian Bartlett refinement","Even M"
-0.265765765765766,0.924304790396854,"Gaussian Bartlett refinement","Even M"
-0.263963963963964,0.924310325011653,"Gaussian Bartlett refinement","Even M"
-0.262162162162162,0.924315841809942,"Gaussian Bartlett refinement","Even M"
-0.26036036036036,0.924321340966731,"Gaussian Bartlett refinement","Even M"
-0.258558558558559,0.924326822655522,"Gaussian Bartlett refinement","Even M"
-0.256756756756757,0.924332287048327,"Gaussian Bartlett refinement","Even M"
-0.254954954954955,0.924337734315693,"Gaussian Bartlett refinement","Even M"
-0.253153153153153,0.924343164626716,"Gaussian Bartlett refinement","Even M"
-0.251351351351351,0.924348578149063,"Gaussian Bartlett refinement","Even M"
-0.24954954954955,0.924353975048988,"Gaussian Bartlett refinement","Even M"
-0.247747747747748,0.924359355491357,"Gaussian Bartlett refinement","Even M"
-0.245945945945946,0.924364719639657,"Gaussian Bartlett refinement","Even M"
-0.244144144144144,0.924370067656024,"Gaussian Bartlett refinement","Even M"
-0.242342342342342,0.924375399701253,"Gaussian Bartlett refinement","Even M"
-0.240540540540541,0.92438071593482,"Gaussian Bartlett refinement","Even M"
-0.238738738738739,0.924386016514896,"Gaussian Bartlett refinement","Even M"
-0.236936936936937,0.924391301598371,"Gaussian Bartlett refinement","Even M"
-0.235135135135135,0.92439657134086,"Gaussian Bartlett refinement","Even M"
-0.233333333333333,0.924401825896731,"Gaussian Bartlett refinement","Even M"
-0.231531531531531,0.924407065419112,"Gaussian Bartlett refinement","Even M"
-0.22972972972973,0.924412290059915,"Gaussian Bartlett refinement","Even M"
-0.227927927927928,0.924417499969847,"Gaussian Bartlett refinement","Even M"
-0.226126126126126,0.924422695298427,"Gaussian Bartlett refinement","Even M"
-0.224324324324324,0.924427876194003,"Gaussian Bartlett refinement","Even M"
-0.222522522522523,0.924433042803765,"Gaussian Bartlett refinement","Even M"
-0.220720720720721,0.924438195273764,"Gaussian Bartlett refinement","Even M"
-0.218918918918919,0.924443333748921,"Gaussian Bartlett refinement","Even M"
-0.217117117117117,0.924448458373048,"Gaussian Bartlett refinement","Even M"
-0.215315315315315,0.924453569288859,"Gaussian Bartlett refinement","Even M"
-0.213513513513514,0.924458666637987,"Gaussian Bartlett refinement","Even M"
-0.211711711711712,0.924463750560995,"Gaussian Bartlett refinement","Even M"
-0.20990990990991,0.924468821197391,"Gaussian Bartlett refinement","Even M"
-0.208108108108108,0.924473878685644,"Gaussian Bartlett refinement","Even M"
-0.206306306306306,0.924478923163197,"Gaussian Bartlett refinement","Even M"
-0.204504504504505,0.924483954766479,"Gaussian Bartlett refinement","Even M"
-0.202702702702703,0.924488973630918,"Gaussian Bartlett refinement","Even M"
-0.200900900900901,0.924493979890957,"Gaussian Bartlett refinement","Even M"
-0.199099099099099,0.924498973680065,"Gaussian Bartlett refinement","Even M"
-0.197297297297297,0.92450395513075,"Gaussian Bartlett refinement","Even M"
-0.195495495495495,0.924508924374573,"Gaussian Bartlett refinement","Even M"
-0.193693693693694,0.924513881542158,"Gaussian Bartlett refinement","Even M"
-0.191891891891892,0.924518826763207,"Gaussian Bartlett refinement","Even M"
-0.19009009009009,0.924523760166512,"Gaussian Bartlett refinement","Even M"
-0.188288288288288,0.924528681879964,"Gaussian Bartlett refinement","Even M"
-0.186486486486486,0.924533592030569,"Gaussian Bartlett refinement","Even M"
-0.184684684684685,0.924538490744458,"Gaussian Bartlett refinement","Even M"
-0.182882882882883,0.924543378146898,"Gaussian Bartlett refinement","Even M"
-0.181081081081081,0.924548254362305,"Gaussian Bartlett refinement","Even M"
-0.179279279279279,0.924553119514254,"Gaussian Bartlett refinement","Even M"
-0.177477477477477,0.924557973725492,"Gaussian Bartlett refinement","Even M"
-0.175675675675676,0.924562817117946,"Gaussian Bartlett refinement","Even M"
-0.173873873873874,0.924567649812739,"Gaussian Bartlett refinement","Even M"
-0.172072072072072,0.924572471930195,"Gaussian Bartlett refinement","Even M"
-0.17027027027027,0.924577283589854,"Gaussian Bartlett refinement","Even M"
-0.168468468468469,0.924582084910481,"Gaussian Bartlett refinement","Even M"
-0.166666666666667,0.924586876010077,"Gaussian Bartlett refinement","Even M"
-0.164864864864865,0.92459165700589,"Gaussian Bartlett refinement","Even M"
-0.163063063063063,0.924596428014421,"Gaussian Bartlett refinement","Even M"
-0.161261261261261,0.924601189151442,"Gaussian Bartlett refinement","Even M"
-0.159459459459459,0.924605940531999,"Gaussian Bartlett refinement","Even M"
-0.157657657657658,0.924610682270424,"Gaussian Bartlett refinement","Even M"
-0.155855855855856,0.924615414480346,"Gaussian Bartlett refinement","Even M"
-0.154054054054054,0.924620137274701,"Gaussian Bartlett refinement","Even M"
-0.152252252252252,0.924624850765738,"Gaussian Bartlett refinement","Even M"
-0.15045045045045,0.924629555065034,"Gaussian Bartlett refinement","Even M"
-0.148648648648649,0.924634250283498,"Gaussian Bartlett refinement","Even M"
-0.146846846846847,0.924638936531384,"Gaussian Bartlett refinement","Even M"
-0.145045045045045,0.924643613918299,"Gaussian Bartlett refinement","Even M"
-0.143243243243243,0.924648282553209,"Gaussian Bartlett refinement","Even M"
-0.141441441441441,0.924652942544456,"Gaussian Bartlett refinement","Even M"
-0.13963963963964,0.924657593999757,"Gaussian Bartlett refinement","Even M"
-0.137837837837838,0.92466223702622,"Gaussian Bartlett refinement","Even M"
-0.136036036036036,0.924666871730351,"Gaussian Bartlett refinement","Even M"
-0.134234234234234,0.924671498218059,"Gaussian Bartlett refinement","Even M"
-0.132432432432432,0.924676116594671,"Gaussian Bartlett refinement","Even M"
-0.130630630630631,0.924680726964933,"Gaussian Bartlett refinement","Even M"
-0.128828828828829,0.924685329433026,"Gaussian Bartlett refinement","Even M"
-0.127027027027027,0.924689924102567,"Gaussian Bartlett refinement","Even M"
-0.125225225225225,0.924694511076624,"Gaussian Bartlett refinement","Even M"
-0.123423423423423,0.924699090457718,"Gaussian Bartlett refinement","Even M"
-0.121621621621622,0.924703662347835,"Gaussian Bartlett refinement","Even M"
-0.11981981981982,0.924708226848432,"Gaussian Bartlett refinement","Even M"
-0.118018018018018,0.924712784060447,"Gaussian Bartlett refinement","Even M"
-0.116216216216216,0.924717334084305,"Gaussian Bartlett refinement","Even M"
-0.114414414414414,0.924721877019924,"Gaussian Bartlett refinement","Even M"
-0.112612612612613,0.924726412966727,"Gaussian Bartlett refinement","Even M"
-0.110810810810811,0.924730942023646,"Gaussian Bartlett refinement","Even M"
-0.109009009009009,0.924735464289133,"Gaussian Bartlett refinement","Even M"
-0.107207207207207,0.924739979861161,"Gaussian Bartlett refinement","Even M"
-0.105405405405405,0.92474448883724,"Gaussian Bartlett refinement","Even M"
-0.103603603603604,0.924748991314418,"Gaussian Bartlett refinement","Even M"
-0.101801801801802,0.924753487389288,"Gaussian Bartlett refinement","Even M"
-0.1,0.924757977158001,"Gaussian Bartlett refinement","Even M"
-0.0981981981981982,0.924762460716267,"Gaussian Bartlett refinement","Even M"
-0.0963963963963964,0.924766938159365,"Gaussian Bartlett refinement","Even M"
-0.0945945945945946,0.924771409582149,"Gaussian Bartlett refinement","Even M"
-0.0927927927927928,0.924775875079055,"Gaussian Bartlett refinement","Even M"
-0.0909909909909909,0.92478033474411,"Gaussian Bartlett refinement","Even M"
-0.0891891891891892,0.924784788670934,"Gaussian Bartlett refinement","Even M"
-0.0873873873873874,0.924789236952752,"Gaussian Bartlett refinement","Even M"
-0.0855855855855856,0.924793679682396,"Gaussian Bartlett refinement","Even M"
-0.0837837837837838,0.924798116952316,"Gaussian Bartlett refinement","Even M"
-0.081981981981982,0.924802548854584,"Gaussian Bartlett refinement","Even M"
-0.0801801801801801,0.924806975480901,"Gaussian Bartlett refinement","Even M"
-0.0783783783783784,0.924811396922601,"Gaussian Bartlett refinement","Even M"
-0.0765765765765766,0.924815813270664,"Gaussian Bartlett refinement","Even M"
-0.0747747747747748,0.924820224615716,"Gaussian Bartlett refinement","Even M"
-0.072972972972973,0.924824631048036,"Gaussian Bartlett refinement","Even M"
-0.0711711711711712,0.924829032657567,"Gaussian Bartlett refinement","Even M"
-0.0693693693693693,0.924833429533917,"Gaussian Bartlett refinement","Even M"
-0.0675675675675675,0.924837821766368,"Gaussian Bartlett refinement","Even M"
-0.0657657657657658,0.924842209443881,"Gaussian Bartlett refinement","Even M"
-0.063963963963964,0.924846592655101,"Gaussian Bartlett refinement","Even M"
-0.0621621621621622,0.924850971488367,"Gaussian Bartlett refinement","Even M"
-0.0603603603603604,0.924855346031714,"Gaussian Bartlett refinement","Even M"
-0.0585585585585585,0.924859716372879,"Gaussian Bartlett refinement","Even M"
-0.0567567567567567,0.924864082599311,"Gaussian Bartlett refinement","Even M"
-0.0549549549549549,0.924868444798173,"Gaussian Bartlett refinement","Even M"
-0.0531531531531532,0.924872803056347,"Gaussian Bartlett refinement","Even M"
-0.0513513513513514,0.924877157460444,"Gaussian Bartlett refinement","Even M"
-0.0495495495495496,0.924881508096807,"Gaussian Bartlett refinement","Even M"
-0.0477477477477477,0.924885855051516,"Gaussian Bartlett refinement","Even M"
-0.0459459459459459,0.924890198410397,"Gaussian Bartlett refinement","Even M"
-0.0441441441441441,0.924894538259024,"Gaussian Bartlett refinement","Even M"
-0.0423423423423424,0.924898874682726,"Gaussian Bartlett refinement","Even M"
-0.0405405405405406,0.924903207766592,"Gaussian Bartlett refinement","Even M"
-0.0387387387387388,0.924907537595479,"Gaussian Bartlett refinement","Even M"
-0.0369369369369369,0.924911864254015,"Gaussian Bartlett refinement","Even M"
-0.0351351351351351,0.924916187826604,"Gaussian Bartlett refinement","Even M"
-0.0333333333333333,0.924920508397434,"Gaussian Bartlett refinement","Even M"
-0.0315315315315315,0.92492482605048,"Gaussian Bartlett refinement","Even M"
-0.0297297297297298,0.924929140869511,"Gaussian Bartlett refinement","Even M"
-0.027927927927928,0.924933452938094,"Gaussian Bartlett refinement","Even M"
-0.0261261261261261,0.924937762339602,"Gaussian Bartlett refinement","Even M"
-0.0243243243243243,0.924942069157214,"Gaussian Bartlett refinement","Even M"
-0.0225225225225225,0.924946373473926,"Gaussian Bartlett refinement","Even M"
-0.0207207207207207,0.924950675372553,"Gaussian Bartlett refinement","Even M"
-0.0189189189189189,0.924954974935736,"Gaussian Bartlett refinement","Even M"
-0.0171171171171172,0.924959272245945,"Gaussian Bartlett refinement","Even M"
-0.0153153153153153,0.924963567385486,"Gaussian Bartlett refinement","Even M"
-0.0135135135135135,0.924967860436504,"Gaussian Bartlett refinement","Even M"
-0.0117117117117117,0.924972151480993,"Gaussian Bartlett refinement","Even M"
-0.00990990990990992,0.924976440600794,"Gaussian Bartlett refinement","Even M"
-0.00810810810810814,0.924980727877607,"Gaussian Bartlett refinement","Even M"
-0.00630630630630635,0.92498501339299,"Gaussian Bartlett refinement","Even M"
-0.00450450450450446,0.924989297228369,"Gaussian Bartlett refinement","Even M"
-0.00270270270270268,0.92499357946504,"Gaussian Bartlett refinement","Even M"
-0.000900900900900892,0.924997860184175,"Gaussian Bartlett refinement","Even M"
0.000900900900900892,0.925002139466827,"Gaussian Bartlett refinement","Even M"
0.00270270270270268,0.925006417393934,"Gaussian Bartlett refinement","Even M"
0.00450450450450446,0.925010694046326,"Gaussian Bartlett refinement","Even M"
0.00630630630630635,0.925014969504728,"Gaussian Bartlett refinement","Even M"
0.00810810810810814,0.925019243849766,"Gaussian Bartlett refinement","Even M"
0.00990990990990992,0.925023517161971,"Gaussian Bartlett refinement","Even M"
0.0117117117117117,0.925027789521783,"Gaussian Bartlett refinement","Even M"
0.0135135135135135,0.925032061009561,"Gaussian Bartlett refinement","Even M"
0.0153153153153153,0.925036331705581,"Gaussian Bartlett refinement","Even M"
0.0171171171171172,0.925040601690044,"Gaussian Bartlett refinement","Even M"
0.0189189189189189,0.925044871043081,"Gaussian Bartlett refinement","Even M"
0.0207207207207207,0.925049139844759,"Gaussian Bartlett refinement","Even M"
0.0225225225225225,0.925053408175083,"Gaussian Bartlett refinement","Even M"
0.0243243243243243,0.925057676114001,"Gaussian Bartlett refinement","Even M"
0.0261261261261261,0.925061943741412,"Gaussian Bartlett refinement","Even M"
0.0279279279279279,0.925066211137168,"Gaussian Bartlett refinement","Even M"
0.0297297297297298,0.925070478381078,"Gaussian Bartlett refinement","Even M"
0.0315315315315315,0.925074745552916,"Gaussian Bartlett refinement","Even M"
0.0333333333333333,0.925079012732423,"Gaussian Bartlett refinement","Even M"
0.0351351351351351,0.925083279999313,"Gaussian Bartlett refinement","Even M"
0.0369369369369369,0.925087547433276,"Gaussian Bartlett refinement","Even M"
0.0387387387387387,0.925091815113987,"Gaussian Bartlett refinement","Even M"
0.0405405405405406,0.925096083121104,"Gaussian Bartlett refinement","Even M"
0.0423423423423424,0.925100351534279,"Gaussian Bartlett refinement","Even M"
0.0441441441441441,0.92510462043316,"Gaussian Bartlett refinement","Even M"
0.0459459459459459,0.925108889897395,"Gaussian Bartlett refinement","Even M"
0.0477477477477477,0.925113160006638,"Gaussian Bartlett refinement","Even M"
0.0495495495495495,0.925117430840553,"Gaussian Bartlett refinement","Even M"
0.0513513513513514,0.92512170247882,"Gaussian Bartlett refinement","Even M"
0.0531531531531532,0.925125975001137,"Gaussian Bartlett refinement","Even M"
0.0549549549549549,0.925130248487228,"Gaussian Bartlett refinement","Even M"
0.0567567567567567,0.925134523016844,"Gaussian Bartlett refinement","Even M"
0.0585585585585585,0.925138798669772,"Gaussian Bartlett refinement","Even M"
0.0603603603603603,0.925143075525836,"Gaussian Bartlett refinement","Even M"
0.0621621621621622,0.925147353664903,"Gaussian Bartlett refinement","Even M"
0.063963963963964,0.925151633166887,"Gaussian Bartlett refinement","Even M"
0.0657657657657658,0.925155914111758,"Gaussian Bartlett refinement","Even M"
0.0675675675675675,0.925160196579539,"Gaussian Bartlett refinement","Even M"
0.0693693693693693,0.925164480650316,"Gaussian Bartlett refinement","Even M"
0.0711711711711711,0.925168766404243,"Gaussian Bartlett refinement","Even M"
0.072972972972973,0.925173053921544,"Gaussian Bartlett refinement","Even M"
0.0747747747747748,0.925177343282518,"Gaussian Bartlett refinement","Even M"
0.0765765765765766,0.925181634567547,"Gaussian Bartlett refinement","Even M"
0.0783783783783784,0.925185927857096,"Gaussian Bartlett refinement","Even M"
0.0801801801801801,0.925190223231722,"Gaussian Bartlett refinement","Even M"
0.0819819819819819,0.925194520772074,"Gaussian Bartlett refinement","Even M"
0.0837837837837838,0.925198820558904,"Gaussian Bartlett refinement","Even M"
0.0855855855855856,0.925203122673066,"Gaussian Bartlett refinement","Even M"
0.0873873873873874,0.925207427195524,"Gaussian Bartlett refinement","Even M"
0.0891891891891892,0.925211734207354,"Gaussian Bartlett refinement","Even M"
0.0909909909909909,0.925216043789752,"Gaussian Bartlett refinement","Even M"
0.0927927927927927,0.925220356024038,"Gaussian Bartlett refinement","Even M"
0.0945945945945946,0.925224670991658,"Gaussian Bartlett refinement","Even M"
0.0963963963963964,0.925228988774192,"Gaussian Bartlett refinement","Even M"
0.0981981981981982,0.925233309453357,"Gaussian Bartlett refinement","Even M"
0.1,0.925237633111014,"Gaussian Bartlett refinement","Even M"
0.101801801801802,0.92524195982917,"Gaussian Bartlett refinement","Even M"
0.103603603603604,0.925246289689984,"Gaussian Bartlett refinement","Even M"
0.105405405405405,0.925250622775772,"Gaussian Bartlett refinement","Even M"
0.107207207207207,0.925254959169012,"Gaussian Bartlett refinement","Even M"
0.109009009009009,0.925259298952349,"Gaussian Bartlett refinement","Even M"
0.110810810810811,0.9252636422086,"Gaussian Bartlett refinement","Even M"
0.112612612612613,0.925267989020757,"Gaussian Bartlett refinement","Even M"
0.114414414414414,0.925272339471995,"Gaussian Bartlett refinement","Even M"
0.116216216216216,0.925276693645674,"Gaussian Bartlett refinement","Even M"
0.118018018018018,0.925281051625346,"Gaussian Bartlett refinement","Even M"
0.11981981981982,0.92528541349476,"Gaussian Bartlett refinement","Even M"
0.121621621621622,0.925289779337864,"Gaussian Bartlett refinement","Even M"
0.123423423423423,0.925294149238815,"Gaussian Bartlett refinement","Even M"
0.125225225225225,0.92529852328198,"Gaussian Bartlett refinement","Even M"
0.127027027027027,0.925302901551941,"Gaussian Bartlett refinement","Even M"
0.128828828828829,0.925307284133505,"Gaussian Bartlett refinement","Even M"
0.130630630630631,0.925311671111702,"Gaussian Bartlett refinement","Even M"
0.132432432432433,0.925316062571794,"Gaussian Bartlett refinement","Even M"
0.134234234234234,0.925320458599282,"Gaussian Bartlett refinement","Even M"
0.136036036036036,0.925324859279907,"Gaussian Bartlett refinement","Even M"
0.137837837837838,0.925329264699657,"Gaussian Bartlett refinement","Even M"
0.13963963963964,0.925333674944773,"Gaussian Bartlett refinement","Even M"
0.141441441441441,0.925338090101753,"Gaussian Bartlett refinement","Even M"
0.143243243243243,0.925342510257357,"Gaussian Bartlett refinement","Even M"
0.145045045045045,0.925346935498615,"Gaussian Bartlett refinement","Even M"
0.146846846846847,0.925351365912828,"Gaussian Bartlett refinement","Even M"
0.148648648648649,0.925355801587576,"Gaussian Bartlett refinement","Even M"
0.15045045045045,0.925360242610724,"Gaussian Bartlett refinement","Even M"
0.152252252252252,0.925364689070425,"Gaussian Bartlett refinement","Even M"
0.154054054054054,0.925369141055127,"Gaussian Bartlett refinement","Even M"
0.155855855855856,0.925373598653578,"Gaussian Bartlett refinement","Even M"
0.157657657657658,0.925378061954832,"Gaussian Bartlett refinement","Even M"
0.159459459459459,0.925382531048252,"Gaussian Bartlett refinement","Even M"
0.161261261261261,0.92538700602352,"Gaussian Bartlett refinement","Even M"
0.163063063063063,0.925391486970639,"Gaussian Bartlett refinement","Even M"
0.164864864864865,0.925395973979938,"Gaussian Bartlett refinement","Even M"
0.166666666666667,0.925400467142082,"Gaussian Bartlett refinement","Even M"
0.168468468468468,0.925404966548073,"Gaussian Bartlett refinement","Even M"
0.17027027027027,0.925409472289257,"Gaussian Bartlett refinement","Even M"
0.172072072072072,0.925413984457331,"Gaussian Bartlett refinement","Even M"
0.173873873873874,0.925418503144347,"Gaussian Bartlett refinement","Even M"
0.175675675675676,0.925423028442719,"Gaussian Bartlett refinement","Even M"
0.177477477477478,0.92542756044523,"Gaussian Bartlett refinement","Even M"
0.179279279279279,0.925432099245032,"Gaussian Bartlett refinement","Even M"
0.181081081081081,0.92543664493566,"Gaussian Bartlett refinement","Even M"
0.182882882882883,0.925441197611033,"Gaussian Bartlett refinement","Even M"
0.184684684684685,0.925445757365459,"Gaussian Bartlett refinement","Even M"
0.186486486486486,0.925450324293645,"Gaussian Bartlett refinement","Even M"
0.188288288288288,0.925454898490699,"Gaussian Bartlett refinement","Even M"
0.19009009009009,0.925459480052139,"Gaussian Bartlett refinement","Even M"
0.191891891891892,0.925464069073899,"Gaussian Bartlett refinement","Even M"
0.193693693693694,0.92546866565233,"Gaussian Bartlett refinement","Even M"
0.195495495495495,0.925473269884214,"Gaussian Bartlett refinement","Even M"
0.197297297297297,0.925477881866766,"Gaussian Bartlett refinement","Even M"
0.199099099099099,0.925482501697638,"Gaussian Bartlett refinement","Even M"
0.200900900900901,0.925487129474931,"Gaussian Bartlett refinement","Even M"
0.202702702702703,0.925491765297196,"Gaussian Bartlett refinement","Even M"
0.204504504504505,0.925496409263444,"Gaussian Bartlett refinement","Even M"
0.206306306306306,0.92550106147315,"Gaussian Bartlett refinement","Even M"
0.208108108108108,0.92550572202626,"Gaussian Bartlett refinement","Even M"
0.20990990990991,0.925510391023199,"Gaussian Bartlett refinement","Even M"
0.211711711711712,0.925515068564875,"Gaussian Bartlett refinement","Even M"
0.213513513513513,0.92551975475269,"Gaussian Bartlett refinement","Even M"
0.215315315315315,0.925524449688539,"Gaussian Bartlett refinement","Even M"
0.217117117117117,0.925529153474826,"Gaussian Bartlett refinement","Even M"
0.218918918918919,0.925533866214462,"Gaussian Bartlett refinement","Even M"
0.220720720720721,0.925538588010878,"Gaussian Bartlett refinement","Even M"
0.222522522522523,0.925543318968029,"Gaussian Bartlett refinement","Even M"
0.224324324324324,0.925548059190401,"Gaussian Bartlett refinement","Even M"
0.226126126126126,0.925552808783018,"Gaussian Bartlett refinement","Even M"
0.227927927927928,0.925557567851451,"Gaussian Bartlett refinement","Even M"
0.22972972972973,0.925562336501823,"Gaussian Bartlett refinement","Even M"
0.231531531531531,0.925567114840813,"Gaussian Bartlett refinement","Even M"
0.233333333333333,0.925571902975669,"Gaussian Bartlett refinement","Even M"
0.235135135135135,0.925576701014214,"Gaussian Bartlett refinement","Even M"
0.236936936936937,0.925581509064849,"Gaussian Bartlett refinement","Even M"
0.238738738738739,0.925586327236564,"Gaussian Bartlett refinement","Even M"
0.240540540540541,0.925591155638945,"Gaussian Bartlett refinement","Even M"
0.242342342342342,0.925595994382178,"Gaussian Bartlett refinement","Even M"
0.244144144144144,0.925600843577063,"Gaussian Bartlett refinement","Even M"
0.245945945945946,0.925605703335015,"Gaussian Bartlett refinement","Even M"
0.247747747747748,0.925610573768075,"Gaussian Bartlett refinement","Even M"
0.24954954954955,0.925615454988915,"Gaussian Bartlett refinement","Even M"
0.251351351351351,0.925620347110849,"Gaussian Bartlett refinement","Even M"
0.253153153153153,0.925625250247839,"Gaussian Bartlett refinement","Even M"
0.254954954954955,0.925630164514501,"Gaussian Bartlett refinement","Even M"
0.256756756756757,0.925635090026117,"Gaussian Bartlett refinement","Even M"
0.258558558558558,0.925640026898638,"Gaussian Bartlett refinement","Even M"
0.26036036036036,0.925644975248695,"Gaussian Bartlett refinement","Even M"
0.262162162162162,0.925649935193607,"Gaussian Bartlett refinement","Even M"
0.263963963963964,0.925654906851388,"Gaussian Bartlett refinement","Even M"
0.265765765765766,0.925659890340754,"Gaussian Bartlett refinement","Even M"
0.267567567567568,0.925664885781133,"Gaussian Bartlett refinement","Even M"
0.269369369369369,0.925669893292675,"Gaussian Bartlett refinement","Even M"
0.271171171171171,0.925674912996254,"Gaussian Bartlett refinement","Even M"
0.272972972972973,0.925679945013483,"Gaussian Bartlett refinement","Even M"
0.274774774774775,0.92568498946672,"Gaussian Bartlett refinement","Even M"
0.276576576576577,0.925690046479074,"Gaussian Bartlett refinement","Even M"
0.278378378378378,0.925695116174416,"Gaussian Bartlett refinement","Even M"
0.28018018018018,0.925700198677389,"Gaussian Bartlett refinement","Even M"
0.281981981981982,0.925705294113412,"Gaussian Bartlett refinement","Even M"
0.283783783783784,0.925710402608694,"Gaussian Bartlett refinement","Even M"
0.285585585585586,0.92571552429024,"Gaussian Bartlett refinement","Even M"
0.287387387387387,0.925720659285857,"Gaussian Bartlett refinement","Even M"
0.289189189189189,0.92572580772417,"Gaussian Bartlett refinement","Even M"
0.290990990990991,0.925730969734623,"Gaussian Bartlett refinement","Even M"
0.292792792792793,0.925736145447495,"Gaussian Bartlett refinement","Even M"
0.294594594594595,0.925741334993905,"Gaussian Bartlett refinement","Even M"
0.296396396396396,0.925746538505819,"Gaussian Bartlett refinement","Even M"
0.298198198198198,0.925751756116067,"Gaussian Bartlett refinement","Even M"
0.3,0.925756987958343,"Gaussian Bartlett refinement","Even M"
0.301801801801802,0.925762234167222,"Gaussian Bartlett refinement","Even M"
0.303603603603604,0.925767494878164,"Gaussian Bartlett refinement","Even M"
0.305405405405406,0.925772770227526,"Gaussian Bartlett refinement","Even M"
0.307207207207207,0.925778060352571,"Gaussian Bartlett refinement","Even M"
0.309009009009009,0.925783365391477,"Gaussian Bartlett refinement","Even M"
0.310810810810811,0.925788685483349,"Gaussian Bartlett refinement","Even M"
0.312612612612613,0.925794020768224,"Gaussian Bartlett refinement","Even M"
0.314414414414414,0.925799371387085,"Gaussian Bartlett refinement","Even M"
0.316216216216216,0.925804737481869,"Gaussian Bartlett refinement","Even M"
0.318018018018018,0.925810119195477,"Gaussian Bartlett refinement","Even M"
0.31981981981982,0.925815516671784,"Gaussian Bartlett refinement","Even M"
0.321621621621622,0.925820930055648,"Gaussian Bartlett refinement","Even M"
0.323423423423423,0.925826359492924,"Gaussian Bartlett refinement","Even M"
0.325225225225225,0.925831805130467,"Gaussian Bartlett refinement","Even M"
0.327027027027027,0.925837267116148,"Gaussian Bartlett refinement","Even M"
0.328828828828829,0.925842745598864,"Gaussian Bartlett refinement","Even M"
0.330630630630631,0.925848240728542,"Gaussian Bartlett refinement","Even M"
0.332432432432432,0.925853752656159,"Gaussian Bartlett refinement","Even M"
0.334234234234234,0.925859281533744,"Gaussian Bartlett refinement","Even M"
0.336036036036036,0.925864827514392,"Gaussian Bartlett refinement","Even M"
0.337837837837838,0.925870390752274,"Gaussian Bartlett refinement","Even M"
0.33963963963964,0.925875971402648,"Gaussian Bartlett refinement","Even M"
0.341441441441441,0.925881569621869,"Gaussian Bartlett refinement","Even M"
0.343243243243243,0.925887185567398,"Gaussian Bartlett refinement","Even M"
0.345045045045045,0.925892819397816,"Gaussian Bartlett refinement","Even M"
0.346846846846847,0.925898471272832,"Gaussian Bartlett refinement","Even M"
0.348648648648649,0.925904141353294,"Gaussian Bartlett refinement","Even M"
0.350450450450451,0.925909829801202,"Gaussian Bartlett refinement","Even M"
0.352252252252252,0.925915536779714,"Gaussian Bartlett refinement","Even M"
0.354054054054054,0.925921262453162,"Gaussian Bartlett refinement","Even M"
0.355855855855856,0.92592700698706,"Gaussian Bartlett refinement","Even M"
0.357657657657658,0.925932770548116,"Gaussian Bartlett refinement","Even M"
0.359459459459459,0.92593855330424,"Gaussian Bartlett refinement","Even M"
0.361261261261261,0.925944355424562,"Gaussian Bartlett refinement","Even M"
0.363063063063063,0.925950177079432,"Gaussian Bartlett refinement","Even M"
0.364864864864865,0.925956018440442,"Gaussian Bartlett refinement","Even M"
0.366666666666667,0.92596187968043,"Gaussian Bartlett refinement","Even M"
0.368468468468468,0.925967760973493,"Gaussian Bartlett refinement","Even M"
0.37027027027027,0.925973662494997,"Gaussian Bartlett refinement","Even M"
0.372072072072072,0.925979584421592,"Gaussian Bartlett refinement","Even M"
0.373873873873874,0.925985526931217,"Gaussian Bartlett refinement","Even M"
0.375675675675676,0.925991490203115,"Gaussian Bartlett refinement","Even M"
0.377477477477478,0.925997474417841,"Gaussian Bartlett refinement","Even M"
0.379279279279279,0.926003479757279,"Gaussian Bartlett refinement","Even M"
0.381081081081081,0.926009506404643,"Gaussian Bartlett refinement","Even M"
0.382882882882883,0.926015554544499,"Gaussian Bartlett refinement","Even M"
0.384684684684685,0.926021624362766,"Gaussian Bartlett refinement","Even M"
0.386486486486486,0.926027716046734,"Gaussian Bartlett refinement","Even M"
0.388288288288288,0.92603382978507,"Gaussian Bartlett refinement","Even M"
0.39009009009009,0.926039965767832,"Gaussian Bartlett refinement","Even M"
0.391891891891892,0.926046124186478,"Gaussian Bartlett refinement","Even M"
0.393693693693694,0.926052305233878,"Gaussian Bartlett refinement","Even M"
0.395495495495496,0.92605850910432,"Gaussian Bartlett refinement","Even M"
0.397297297297297,0.926064735993529,"Gaussian Bartlett refinement","Even M"
0.399099099099099,0.926070986098669,"Gaussian Bartlett refinement","Even M"
0.400900900900901,0.926077259618356,"Gaussian Bartlett refinement","Even M"
0.402702702702703,0.926083556752672,"Gaussian Bartlett refinement","Even M"
0.404504504504504,0.92608987770317,"Gaussian Bartlett refinement","Even M"
0.406306306306306,0.926096222672885,"Gaussian Bartlett refinement","Even M"
0.408108108108108,0.926102591866346,"Gaussian Bartlett refinement","Even M"
0.40990990990991,0.926108985489584,"Gaussian Bartlett refinement","Even M"
0.411711711711712,0.926115403750143,"Gaussian Bartlett refinement","Even M"
0.413513513513514,0.926121846857085,"Gaussian Bartlett refinement","Even M"
0.415315315315315,0.926128315021006,"Gaussian Bartlett refinement","Even M"
0.417117117117117,0.926134808454039,"Gaussian Bartlett refinement","Even M"
0.418918918918919,0.926141327369866,"Gaussian Bartlett refinement","Even M"
0.420720720720721,0.926147871983726,"Gaussian Bartlett refinement","Even M"
0.422522522522523,0.926154442512424,"Gaussian Bartlett refinement","Even M"
0.424324324324324,0.926161039174335,"Gaussian Bartlett refinement","Even M"
0.426126126126126,0.926167662189419,"Gaussian Bartlett refinement","Even M"
0.427927927927928,0.926174311779222,"Gaussian Bartlett refinement","Even M"
0.42972972972973,0.926180988166887,"Gaussian Bartlett refinement","Even M"
0.431531531531531,0.92618769157716,"Gaussian Bartlett refinement","Even M"
0.433333333333333,0.926194422236397,"Gaussian Bartlett refinement","Even M"
0.435135135135135,0.926201180372567,"Gaussian Bartlett refinement","Even M"
0.436936936936937,0.926207966215264,"Gaussian Bartlett refinement","Even M"
0.438738738738739,0.926214779995708,"Gaussian Bartlett refinement","Even M"
0.440540540540541,0.926221621946751,"Gaussian Bartlett refinement","Even M"
0.442342342342342,0.926228492302883,"Gaussian Bartlett refinement","Even M"
0.444144144144144,0.926235391300234,"Gaussian Bartlett refinement","Even M"
0.445945945945946,0.926242319176581,"Gaussian Bartlett refinement","Even M"
0.447747747747748,0.926249276171346,"Gaussian Bartlett refinement","Even M"
0.44954954954955,0.926256262525605,"Gaussian Bartlett refinement","Even M"
0.451351351351351,0.926263278482085,"Gaussian Bartlett refinement","Even M"
0.453153153153153,0.92627032428517,"Gaussian Bartlett refinement","Even M"
0.454954954954955,0.926277400180895,"Gaussian Bartlett refinement","Even M"
0.456756756756757,0.926284506416956,"Gaussian Bartlett refinement","Even M"
0.458558558558559,0.926291643242699,"Gaussian Bartlett refinement","Even M"
0.46036036036036,0.926298810909128,"Gaussian Bartlett refinement","Even M"
0.462162162162162,0.926306009668896,"Gaussian Bartlett refinement","Even M"
0.463963963963964,0.926313239776307,"Gaussian Bartlett refinement","Even M"
0.465765765765766,0.926320501487309,"Gaussian Bartlett refinement","Even M"
0.467567567567568,0.926327795059492,"Gaussian Bartlett refinement","Even M"
0.469369369369369,0.926335120752082,"Gaussian Bartlett refinement","Even M"
0.471171171171171,0.926342478825932,"Gaussian Bartlett refinement","Even M"
0.472972972972973,0.926349869543518,"Gaussian Bartlett refinement","Even M"
0.474774774774775,0.92635729316893,"Gaussian Bartlett refinement","Even M"
0.476576576576576,0.926364749967858,"Gaussian Bartlett refinement","Even M"
0.478378378378378,0.926372240207586,"Gaussian Bartlett refinement","Even M"
0.48018018018018,0.92637976415698,"Gaussian Bartlett refinement","Even M"
0.481981981981982,0.926387322086471,"Gaussian Bartlett refinement","Even M"
0.483783783783784,0.926394914268041,"Gaussian Bartlett refinement","Even M"
0.485585585585586,0.926402540975209,"Gaussian Bartlett refinement","Even M"
0.487387387387387,0.926410202483012,"Gaussian Bartlett refinement","Even M"
0.489189189189189,0.926417899067985,"Gaussian Bartlett refinement","Even M"
0.490990990990991,0.926425631008141,"Gaussian Bartlett refinement","Even M"
0.492792792792793,0.926433398582948,"Gaussian Bartlett refinement","Even M"
0.494594594594595,0.926441202073303,"Gaussian Bartlett refinement","Even M"
0.496396396396396,0.92644904176151,"Gaussian Bartlett refinement","Even M"
0.498198198198198,0.926456917931244,"Gaussian Bartlett refinement","Even M"
0.5,0.92646483086753,"Gaussian Bartlett refinement","Even M"
0.501801801801802,0.926472780856702,"Gaussian Bartlett refinement","Even M"
0.503603603603604,0.926480768186373,"Gaussian Bartlett refinement","Even M"
0.505405405405405,0.926488793145397,"Gaussian Bartlett refinement","Even M"
0.507207207207207,0.926496856023826,"Gaussian Bartlett refinement","Even M"
0.509009009009009,0.926504957112873,"Gaussian Bartlett refinement","Even M"
0.510810810810811,0.926513096704864,"Gaussian Bartlett refinement","Even M"
0.512612612612613,0.926521275093187,"Gaussian Bartlett refinement","Even M"
0.514414414414414,0.926529492572249,"Gaussian Bartlett refinement","Even M"
0.516216216216216,0.926537749437414,"Gaussian Bartlett refinement","Even M"
0.518018018018018,0.92654604598495,"Gaussian Bartlett refinement","Even M"
0.51981981981982,0.926554382511968,"Gaussian Bartlett refinement","Even M"
0.521621621621622,0.926562759316357,"Gaussian Bartlett refinement","Even M"
0.523423423423424,0.926571176696716,"Gaussian Bartlett refinement","Even M"
0.525225225225225,0.926579634952284,"Gaussian Bartlett refinement","Even M"
0.527027027027027,0.926588134382862,"Gaussian Bartlett refinement","Even M"
0.528828828828829,0.926596675288734,"Gaussian Bartlett refinement","Even M"
0.530630630630631,0.926605257970581,"Gaussian Bartlett refinement","Even M"
0.532432432432432,0.926613882729394,"Gaussian Bartlett refinement","Even M"
0.534234234234234,0.926622549866381,"Gaussian Bartlett refinement","Even M"
0.536036036036036,0.926631259682862,"Gaussian Bartlett refinement","Even M"
0.537837837837838,0.926640012480173,"Gaussian Bartlett refinement","Even M"
0.53963963963964,0.92664880855955,"Gaussian Bartlett refinement","Even M"
0.541441441441441,0.926657648222014,"Gaussian Bartlett refinement","Even M"
0.543243243243243,0.926666531768252,"Gaussian Bartlett refinement","Even M"
0.545045045045045,0.926675459498488,"Gaussian Bartlett refinement","Even M"
0.546846846846847,0.926684431712348,"Gaussian Bartlett refinement","Even M"
0.548648648648649,0.926693448708717,"Gaussian Bartlett refinement","Even M"
0.55045045045045,0.926702510785592,"Gaussian Bartlett refinement","Even M"
0.552252252252252,0.926711618239928,"Gaussian Bartlett refinement","Even M"
0.554054054054054,0.92672077136747,"Gaussian Bartlett refinement","Even M"
0.555855855855856,0.926729970462582,"Gaussian Bartlett refinement","Even M"
0.557657657657658,0.926739215818067,"Gaussian Bartlett refinement","Even M"
0.559459459459459,0.926748507724976,"Gaussian Bartlett refinement","Even M"
0.561261261261261,0.926757846472411,"Gaussian Bartlett refinement","Even M"
0.563063063063063,0.926767232347313,"Gaussian Bartlett refinement","Even M"
0.564864864864865,0.926776665634244,"Gaussian Bartlett refinement","Even M"
0.566666666666667,0.926786146615157,"Gaussian Bartlett refinement","Even M"
0.568468468468469,0.926795675569158,"Gaussian Bartlett refinement","Even M"
0.57027027027027,0.926805252772247,"Gaussian Bartlett refinement","Even M"
0.572072072072072,0.926814878497058,"Gaussian Bartlett refinement","Even M"
0.573873873873874,0.926824553012577,"Gaussian Bartlett refinement","Even M"
0.575675675675676,0.926834276583858,"Gaussian Bartlett refinement","Even M"
0.577477477477477,0.926844049471709,"Gaussian Bartlett refinement","Even M"
0.579279279279279,0.926853871932379,"Gaussian Bartlett refinement","Even M"
0.581081081081081,0.926863744217221,"Gaussian Bartlett refinement","Even M"
0.582882882882883,0.926873666572339,"Gaussian Bartlett refinement","Even M"
0.584684684684685,0.926883639238226,"Gaussian Bartlett refinement","Even M"
0.586486486486486,0.926893662449375,"Gaussian Bartlett refinement","Even M"
0.588288288288288,0.926903736433877,"Gaussian Bartlett refinement","Even M"
0.59009009009009,0.926913861412998,"Gaussian Bartlett refinement","Even M"
0.591891891891892,0.926924037600742,"Gaussian Bartlett refinement","Even M"
0.593693693693694,0.926934265203384,"Gaussian Bartlett refinement","Even M"
0.595495495495496,0.926944544418986,"Gaussian Bartlett refinement","Even M"
0.597297297297297,0.926954875436894,"Gaussian Bartlett refinement","Even M"
0.599099099099099,0.926965258437203,"Gaussian Bartlett refinement","Even M"
0.600900900900901,0.926975693590207,"Gaussian Bartlett refinement","Even M"
0.602702702702703,0.926986181055811,"Gaussian Bartlett refinement","Even M"
0.604504504504504,0.926996720982931,"Gaussian Bartlett refinement","Even M"
0.606306306306306,0.92700731350885,"Gaussian Bartlett refinement","Even M"
0.608108108108108,0.92701795875856,"Gaussian Bartlett refinement","Even M"
0.60990990990991,0.927028656844057,"Gaussian Bartlett refinement","Even M"
0.611711711711712,0.927039407863618,"Gaussian Bartlett refinement","Even M"
0.613513513513514,0.927050211901034,"Gaussian Bartlett refinement","Even M"
0.615315315315315,0.927061069024817,"Gaussian Bartlett refinement","Even M"
0.617117117117117,0.927071979287357,"Gaussian Bartlett refinement","Even M"
0.618918918918919,0.927082942724056,"Gaussian Bartlett refinement","Even M"
0.620720720720721,0.927093959352408,"Gaussian Bartlett refinement","Even M"
0.622522522522522,0.927105029171046,"Gaussian Bartlett refinement","Even M"
0.624324324324324,0.927116152158741,"Gaussian Bartlett refinement","Even M"
0.626126126126126,0.927127328273353,"Gaussian Bartlett refinement","Even M"
0.627927927927928,0.927138557450735,"Gaussian Bartlett refinement","Even M"
0.62972972972973,0.927149839603593,"Gaussian Bartlett refinement","Even M"
0.631531531531532,0.927161174620282,"Gaussian Bartlett refinement","Even M"
0.633333333333333,0.927172562363552,"Gaussian Bartlett refinement","Even M"
0.635135135135135,0.927184002669239,"Gaussian Bartlett refinement","Even M"
0.636936936936937,0.927195495344891,"Gaussian Bartlett refinement","Even M"
0.638738738738739,0.927207040168332,"Gaussian Bartlett refinement","Even M"
0.640540540540541,0.92721863688616,"Gaussian Bartlett refinement","Even M"
0.642342342342342,0.927230285212178,"Gaussian Bartlett refinement","Even M"
0.644144144144144,0.927241984825745,"Gaussian Bartlett refinement","Even M"
0.645945945945946,0.927253735370061,"Gaussian Bartlett refinement","Even M"
0.647747747747748,0.927265536450366,"Gaussian Bartlett refinement","Even M"
0.649549549549549,0.927277387632057,"Gaussian Bartlett refinement","Even M"
0.651351351351351,0.927289288438718,"Gaussian Bartlett refinement","Even M"
0.653153153153153,0.927301238350064,"Gaussian Bartlett refinement","Even M"
0.654954954954955,0.927313236799777,"Gaussian Bartlett refinement","Even M"
0.656756756756757,0.92732528317326,"Gaussian Bartlett refinement","Even M"
0.658558558558559,0.927337376805269,"Gaussian Bartlett refinement","Even M"
0.66036036036036,0.927349516977448,"Gaussian Bartlett refinement","Even M"
0.662162162162162,0.927361702915745,"Gaussian Bartlett refinement","Even M"
0.663963963963964,0.927373933787707,"Gaussian Bartlett refinement","Even M"
0.665765765765766,0.927386208699653,"Gaussian Bartlett refinement","Even M"
0.667567567567568,0.927398526693711,"Gaussian Bartlett refinement","Even M"
0.669369369369369,0.927410886744722,"Gaussian Bartlett refinement","Even M"
0.671171171171171,0.927423287757,"Gaussian Bartlett refinement","Even M"
0.672972972972973,0.927435728560935,"Gaussian Bartlett refinement","Even M"
0.674774774774775,0.927448207909446,"Gaussian Bartlett refinement","Even M"
0.676576576576577,0.927460724474265,"Gaussian Bartlett refinement","Even M"
0.678378378378378,0.927473276842044,"Gaussian Bartlett refinement","Even M"
0.68018018018018,0.927485863510291,"Gaussian Bartlett refinement","Even M"
0.681981981981982,0.927498482883103,"Gaussian Bartlett refinement","Even M"
0.683783783783784,0.927511133266709,"Gaussian Bartlett refinement","Even M"
0.685585585585586,0.927523812864801,"Gaussian Bartlett refinement","Even M"
0.687387387387387,0.92753651977365,"Gaussian Bartlett refinement","Even M"
0.689189189189189,0.927549251976984,"Gaussian Bartlett refinement","Even M"
0.690990990990991,0.927562007340638,"Gaussian Bartlett refinement","Even M"
0.692792792792793,0.927574783606942,"Gaussian Bartlett refinement","Even M"
0.694594594594594,0.927587578388856,"Gaussian Bartlett refinement","Even M"
0.696396396396396,0.927600389163817,"Gaussian Bartlett refinement","Even M"
0.698198198198198,0.927613213267304,"Gaussian Bartlett refinement","Even M"
0.7,0.927626047886104,"Gaussian Bartlett refinement","Even M"
0.701801801801802,0.927638890051246,"Gaussian Bartlett refinement","Even M"
0.703603603603604,0.927651736630618,"Gaussian Bartlett refinement","Even M"
0.705405405405405,0.92766458432122,"Gaussian Bartlett refinement","Even M"
0.707207207207207,0.927677429641062,"Gaussian Bartlett refinement","Even M"
0.709009009009009,0.927690268920674,"Gaussian Bartlett refinement","Even M"
0.710810810810811,0.927703098294207,"Gaussian Bartlett refinement","Even M"
0.712612612612613,0.927715913690124,"Gaussian Bartlett refinement","Even M"
0.714414414414414,0.927728710821438,"Gaussian Bartlett refinement","Even M"
0.716216216216216,0.927741485175493,"Gaussian Bartlett refinement","Even M"
0.718018018018018,0.927754232003247,"Gaussian Bartlett refinement","Even M"
0.71981981981982,0.927766946308061,"Gaussian Bartlett refinement","Even M"
0.721621621621622,0.927779622833934,"Gaussian Bartlett refinement","Even M"
0.723423423423423,0.927792256053191,"Gaussian Bartlett refinement","Even M"
0.725225225225225,0.92780484015357,"Gaussian Bartlett refinement","Even M"
0.727027027027027,0.927817369024699,"Gaussian Bartlett refinement","Even M"
0.728828828828829,0.927829836243916,"Gaussian Bartlett refinement","Even M"
0.730630630630631,0.927842235061416,"Gaussian Bartlett refinement","Even M"
0.732432432432432,0.927854558384676,"Gaussian Bartlett refinement","Even M"
0.734234234234234,0.927866798762132,"Gaussian Bartlett refinement","Even M"
0.736036036036036,0.927878948366072,"Gaussian Bartlett refinement","Even M"
0.737837837837838,0.927890998974701,"Gaussian Bartlett refinement","Even M"
0.73963963963964,0.927902941953333,"Gaussian Bartlett refinement","Even M"
0.741441441441442,0.92791476823468,"Gaussian Bartlett refinement","Even M"
0.743243243243243,0.927926468298181,"Gaussian Bartlett refinement","Even M"
0.745045045045045,0.927938032148329,"Gaussian Bartlett refinement","Even M"
0.746846846846847,0.927949449291941,"Gaussian Bartlett refinement","Even M"
0.748648648648649,0.927960708714324,"Gaussian Bartlett refinement","Even M"
0.75045045045045,0.927971798854274,"Gaussian Bartlett refinement","Even M"
0.752252252252252,0.927982707577864,"Gaussian Bartlett refinement","Even M"
0.754054054054054,0.927993422150933,"Gaussian Bartlett refinement","Even M"
0.755855855855856,0.928003929210246,"Gaussian Bartlett refinement","Even M"
0.757657657657658,0.928014214733222,"Gaussian Bartlett refinement","Even M"
0.759459459459459,0.928024264006183,"Gaussian Bartlett refinement","Even M"
0.761261261261261,0.928034061591042,"Gaussian Bartlett refinement","Even M"
0.763063063063063,0.928043591290339,"Gaussian Bartlett refinement","Even M"
0.764864864864865,0.928052836110558,"Gaussian Bartlett refinement","Even M"
0.766666666666667,0.928061778223625,"Gaussian Bartlett refinement","Even M"
0.768468468468469,0.928070398926499,"Gaussian Bartlett refinement","Even M"
0.77027027027027,0.928078678598755,"Gaussian Bartlett refinement","Even M"
0.772072072072072,0.928086596658054,"Gaussian Bartlett refinement","Even M"
0.773873873873874,0.928094131513401,"Gaussian Bartlett refinement","Even M"
0.775675675675676,0.928101260516061,"Gaussian Bartlett refinement","Even M"
0.777477477477477,0.92810795990802,"Gaussian Bartlett refinement","Even M"
0.779279279279279,0.92811420476786,"Gaussian Bartlett refinement","Even M"
0.781081081081081,0.928119968953918,"Gaussian Bartlett refinement","Even M"
0.782882882882883,0.928125225044578,"Gaussian Bartlett refinement","Even M"
0.784684684684685,0.928129944275543,"Gaussian Bartlett refinement","Even M"
0.786486486486487,0.928134096473943,"Gaussian Bartlett refinement","Even M"
0.788288288288288,0.92813764998909,"Gaussian Bartlett refinement","Even M"
0.79009009009009,0.928140571619715,"Gaussian Bartlett refinement","Even M"
0.791891891891892,0.928142826537491,"Gaussian Bartlett refinement","Even M"
0.793693693693694,0.928144378206643,"Gaussian Bartlett refinement","Even M"
0.795495495495495,0.928145188299434,"Gaussian Bartlett refinement","Even M"
0.797297297297297,0.928145216607307,"Gaussian Bartlett refinement","Even M"
0.799099099099099,0.928144420947426,"Gaussian Bartlett refinement","Even M"
0.800900900900901,0.928142757064395,"Gaussian Bartlett refinement","Even M"
0.802702702702703,0.928140178526846,"Gaussian Bartlett refinement","Even M"
0.804504504504505,0.92813663661865,"Gaussian Bartlett refinement","Even M"
0.806306306306306,0.92813208022442,"Gaussian Bartlett refinement","Even M"
0.808108108108108,0.928126455708997,"Gaussian Bartlett refinement","Even M"
0.80990990990991,0.92811970679057,"Gaussian Bartlett refinement","Even M"
0.811711711711712,0.928111774407069,"Gaussian Bartlett refinement","Even M"
0.813513513513514,0.928102596575432,"Gaussian Bartlett refinement","Even M"
0.815315315315315,0.92809210824334,"Gaussian Bartlett refinement","Even M"
0.817117117117117,0.92808024113297,"Gaussian Bartlett refinement","Even M"
0.818918918918919,0.928066923576292,"Gaussian Bartlett refinement","Even M"
0.820720720720721,0.928052080341393,"Gaussian Bartlett refinement","Even M"
0.822522522522522,0.928035632449303,"Gaussian Bartlett refinement","Even M"
0.824324324324324,0.928017496980718,"Gaussian Bartlett refinement","Even M"
0.826126126126126,0.927997586872,"Gaussian Bartlett refinement","Even M"
0.827927927927928,0.927975810699784,"Gaussian Bartlett refinement","Even M"
0.82972972972973,0.927952072453461,"Gaussian Bartlett refinement","Even M"
0.831531531531532,0.927926271294758,"Gaussian Bartlett refinement","Even M"
0.833333333333333,0.927898301303572,"Gaussian Bartlett refinement","Even M"
0.835135135135135,0.927868051209147,"Gaussian Bartlett refinement","Even M"
0.836936936936937,0.927835404105605,"Gaussian Bartlett refinement","Even M"
0.838738738738739,0.927800237150777,"Gaussian Bartlett refinement","Even M"
0.840540540540541,0.927762421247163,"Gaussian Bartlett refinement","Even M"
0.842342342342342,0.92772182070378,"Gaussian Bartlett refinement","Even M"
0.844144144144144,0.927678292877519,"Gaussian Bartlett refinement","Even M"
0.845945945945946,0.927631687792536,"Gaussian Bartlett refinement","Even M"
0.847747747747748,0.92758184773605,"Gaussian Bartlett refinement","Even M"
0.84954954954955,0.92752860682878,"Gaussian Bartlett refinement","Even M"
0.851351351351351,0.927471790568079,"Gaussian Bartlett refinement","Even M"
0.853153153153153,0.927411215341653,"Gaussian Bartlett refinement","Even M"
0.854954954954955,0.927346687909521,"Gaussian Bartlett refinement","Even M"
0.856756756756757,0.927278004851676,"Gaussian Bartlett refinement","Even M"
0.858558558558559,0.927204951978617,"Gaussian Bartlett refinement","Even M"
0.86036036036036,0.927127303701652,"Gaussian Bartlett refinement","Even M"
0.862162162162162,0.92704482235954,"Gaussian Bartlett refinement","Even M"
0.863963963963964,0.926957257497694,"Gaussian Bartlett refinement","Even M"
0.865765765765766,0.926864345095726,"Gaussian Bartlett refinement","Even M"
0.867567567567567,0.926765806738694,"Gaussian Bartlett refinement","Even M"
0.869369369369369,0.926661348726861,"Gaussian Bartlett refinement","Even M"
0.871171171171171,0.926550661118213,"Gaussian Bartlett refinement","Even M"
0.872972972972973,0.926433416697307,"Gaussian Bartlett refinement","Even M"
0.874774774774775,0.926309269863282,"Gaussian Bartlett refinement","Even M"
0.876576576576577,0.926177855429007,"Gaussian Bartlett refinement","Even M"
0.878378378378378,0.926038787322382,"Gaussian Bartlett refinement","Even M"
0.88018018018018,0.9258916571797,"Gaussian Bartlett refinement","Even M"
0.881981981981982,0.925736032819748,"Gaussian Bartlett refinement","Even M"
0.883783783783784,0.925571456585866,"Gaussian Bartlett refinement","Even M"
0.885585585585586,0.925397443541573,"Gaussian Bartlett refinement","Even M"
0.887387387387387,0.925213479503492,"Gaussian Bartlett refinement","Even M"
0.889189189189189,0.925019018893153,"Gaussian Bartlett refinement","Even M"
0.890990990990991,0.92481348238678,"Gaussian Bartlett refinement","Even M"
0.892792792792793,0.924596254339352,"Gaussian Bartlett refinement","Even M"
0.894594594594595,0.924366679955885,"Gaussian Bartlett refinement","Even M"
0.896396396396396,0.924124062179153,"Gaussian Bartlett refinement","Even M"
0.898198198198198,0.923867658258586,"Gaussian Bartlett refinement","Even M"
0.9,0.923596675960022,"Gaussian Bartlett refinement","Even M"
-0.9,1.2659249459467,"Total correction","Even M"
-0.898198198198198,1.26160824206043,"Total correction","Even M"
-0.896396396396396,1.2573641510592,"Total correction","Even M"
-0.894594594594595,1.25319166982181,"Total correction","Even M"
-0.892792792792793,1.24908976844081,"Total correction","Even M"
-0.890990990990991,1.24505739562247,"Total correction","Even M"
-0.889189189189189,1.24109348345881,"Total correction","Even M"
-0.887387387387387,1.23719695164344,"Total correction","Even M"
-0.885585585585586,1.23336671119535,"Total correction","Even M"
-0.883783783783784,1.22960166774601,"Total correction","Even M"
-0.881981981981982,1.22590072443901,"Total correction","Even M"
-0.88018018018018,1.22226278448512,"Total correction","Even M"
-0.878378378378378,1.21868675341102,"Total correction","Even M"
-0.876576576576577,1.21517154103528,"Total correction","Even M"
-0.874774774774775,1.21171606320128,"Total correction","Even M"
-0.872972972972973,1.20831924329335,"Total correction","Even M"
-0.871171171171171,1.20498001355975,"Total correction","Even M"
-0.869369369369369,1.20169731626295,"Total correction","Even M"
-0.867567567567568,1.19847010467602,"Total correction","Even M"
-0.865765765765766,1.19529734394122,"Total correction","Even M"
-0.863963963963964,1.19217801180579,"Total correction","Even M"
-0.862162162162162,1.18911109924785,"Total correction","Even M"
-0.86036036036036,1.18609561100408,"Total correction","Even M"
-0.858558558558559,1.18313056600975,"Total correction","Even M"
-0.856756756756757,1.1802149977604,"Total correction","Even M"
-0.854954954954955,1.17734795460346,"Total correction","Even M"
-0.853153153153153,1.17452849996747,"Total correction","Even M"
-0.851351351351351,1.17175571253557,"Total correction","Even M"
-0.84954954954955,1.1690286863692,"Total correction","Even M"
-0.847747747747748,1.16634653098758,"Total correction","Even M"
-0.845945945945946,1.16370837140778,"Total correction","Even M"
-0.844144144144144,1.16111334814974,"Total correction","Even M"
-0.842342342342342,1.15856061721019,"Total correction","Even M"
-0.840540540540541,1.15604935000904,"Total correction","Even M"
-0.838738738738739,1.15357873331135,"Total correction","Even M"
-0.836936936936937,1.15114796912786,"Total correction","Even M"
-0.835135135135135,1.14875627459653,"Total correction","Even M"
-0.833333333333333,1.14640288184751,"Total correction","Even M"
-0.831531531531532,1.14408703785358,"Total correction","Even M"
-0.82972972972973,1.14180800426801,"Total correction","Even M"
-0.827927927927928,1.13956505725139,"Total correction","Even M"
-0.826126126126126,1.13735748728916,"Total correction","Even M"
-0.824324324324324,1.13518459900097,"Total correction","Even M"
-0.822522522522523,1.13304571094338,"Total correction","Even M"
-0.820720720720721,1.13094015540681,"Total correction","Even M"
-0.818918918918919,1.12886727820774,"Total correction","Even M"
-0.817117117117117,1.12682643847721,"Total correction","Even M"
-0.815315315315315,1.12481700844631,"Total correction","Even M"
-0.813513513513514,1.12283837322938,"Total correction","Even M"
-0.811711711711712,1.12088993060562,"Total correction","Even M"
-0.80990990990991,1.1189710907997,"Total correction","Even M"
-0.808108108108108,1.11708127626184,"Total correction","Even M"
-0.806306306306306,1.11521992144781,"Total correction","Even M"
-0.804504504504505,1.11338647259939,"Total correction","Even M"
-0.802702702702703,1.11158038752554,"Total correction","Even M"
-0.800900900900901,1.10980113538461,"Total correction","Even M"
-0.799099099099099,1.10804819646797,"Total correction","Even M"
-0.797297297297297,1.10632106198529,"Total correction","Even M"
-0.795495495495495,1.10461923385159,"Total correction","Even M"
-0.793693693693694,1.10294222447645,"Total correction","Even M"
-0.791891891891892,1.1012895565554,"Total correction","Even M"
-0.79009009009009,1.0996607628637,"Total correction","Even M"
-0.788288288288288,1.0980553860527,"Total correction","Even M"
-0.786486486486486,1.09647297844876,"Total correction","Even M"
-0.784684684684685,1.09491310185498,"Total correction","Even M"
-0.782882882882883,1.09337532735569,"Total correction","Even M"
-0.781081081081081,1.09185923512392,"Total correction","Even M"
-0.779279279279279,1.0903644142317,"Total correction","Even M"
-0.777477477477478,1.08889046246348,"Total correction","Even M"
-0.775675675675676,1.08743698613246,"Total correction","Even M"
-0.773873873873874,1.08600359990009,"Total correction","Even M"
-0.772072072072072,1.08458992659857,"Total correction","Even M"
-0.77027027027027,1.08319559705651,"Total correction","Even M"
-0.768468468468469,1.08182024992756,"Total correction","Even M"
-0.766666666666667,1.0804635315223,"Total correction","Even M"
-0.764864864864865,1.0791250956431,"Total correction","Even M"
-0.763063063063063,1.07780460342207,"Total correction","Even M"
-0.761261261261261,1.0765017231621,"Total correction","Even M"
-0.759459459459459,1.07521613018095,"Total correction","Even M"
-0.757657657657658,1.07394750665832,"Total correction","Even M"
-0.755855855855856,1.07269554148593,"Total correction","Even M"
-0.754054054054054,1.07145993012056,"Total correction","Even M"
-0.752252252252252,1.07024037444004,"Total correction","Even M"
-0.75045045045045,1.06903658260215,"Total correction","Even M"
-0.748648648648649,1.06784826890632,"Total correction","Even M"
-0.746846846846847,1.06667515365823,"Total correction","Even M"
-0.745045045045045,1.06551696303721,"Total correction","Even M"
-0.743243243243243,1.06437342896631,"Total correction","Even M"
-0.741441441441441,1.06324428898517,"Total correction","Even M"
-0.73963963963964,1.06212928612555,"Total correction","Even M"
-0.737837837837838,1.06102816878943,"Total correction","Even M"
-0.736036036036036,1.05994069062979,"Total correction","Even M"
-0.734234234234234,1.05886661043386,"Total correction","Even M"
-0.732432432432433,1.05780569200895,"Total correction","Even M"
-0.730630630630631,1.05675770407069,"Total correction","Even M"
-0.728828828828829,1.0557224201337,"Total correction","Even M"
-0.727027027027027,1.05469961840466,"Total correction","Even M"
-0.725225225225225,1.0536890816777,"Total correction","Even M"
-0.723423423423423,1.0526905972321,"Total correction","Even M"
-0.721621621621622,1.05170395673221,"Total correction","Even M"
-0.71981981981982,1.0507289561296,"Total correction","Even M"
-0.718018018018018,1.04976539556737,"Total correction","Even M"
-0.716216216216216,1.04881307928661,"Total correction","Even M"
-0.714414414414414,1.04787181553491,"Total correction","Even M"
-0.712612612612613,1.04694141647691,"Total correction","Even M"
-0.710810810810811,1.04602169810687,"Total correction","Even M"
-0.709009009009009,1.04511248016323,"Total correction","Even M"
-0.707207207207207,1.04421358604503,"Total correction","Even M"
-0.705405405405405,1.04332484273023,"Total correction","Even M"
-0.703603603603604,1.04244608069595,"Total correction","Even M"
-0.701801801801802,1.04157713384037,"Total correction","Even M"
-0.7,1.04071783940655,"Total correction","Even M"
-0.698198198198198,1.03986803790791,"Total correction","Even M"
-0.696396396396396,1.03902757305535,"Total correction","Even M"
-0.694594594594595,1.03819629168616,"Total correction","Even M"
-0.692792792792793,1.03737404369444,"Total correction","Even M"
-0.690990990990991,1.03656068196318,"Total correction","Even M"
-0.689189189189189,1.03575606229782,"Total correction","Even M"
-0.687387387387387,1.03496004336143,"Total correction","Even M"
-0.685585585585586,1.03417248661129,"Total correction","Even M"
-0.683783783783784,1.03339325623697,"Total correction","Even M"
-0.681981981981982,1.03262221909981,"Total correction","Even M"
-0.68018018018018,1.03185924467382,"Total correction","Even M"
-0.678378378378378,1.03110420498793,"Total correction","Even M"
-0.676576576576577,1.03035697456952,"Total correction","Even M"
-0.674774774774775,1.02961743038936,"Total correction","Even M"
-0.672972972972973,1.02888545180771,"Total correction","Even M"
-0.671171171171171,1.02816092052173,"Total correction","Even M"
-0.669369369369369,1.02744372051409,"Total correction","Even M"
-0.667567567567568,1.02673373800275,"Total correction","Even M"
-0.665765765765766,1.02603086139192,"Total correction","Even M"
-0.663963963963964,1.02533498122416,"Total correction","Even M"
-0.662162162162162,1.02464599013356,"Total correction","Even M"
-0.66036036036036,1.02396378280005,"Total correction","Even M"
-0.658558558558559,1.0232882559047,"Total correction","Even M"
-0.656756756756757,1.02261930808612,"Total correction","Even M"
-0.654954954954955,1.02195683989784,"Total correction","Even M"
-0.653153153153153,1.02130075376668,"Total correction","Even M"
-0.651351351351351,1.0206509539521,"Total correction","Even M"
-0.64954954954955,1.02000734650643,"Total correction","Even M"
-0.647747747747748,1.01936983923613,"Total correction","Even M"
-0.645945945945946,1.01873834166385,"Total correction","Even M"
-0.644144144144144,1.01811276499141,"Total correction","Even M"
-0.642342342342342,1.01749302206364,"Total correction","Even M"
-0.640540540540541,1.01687902733303,"Total correction","Even M"
-0.638738738738739,1.01627069682524,"Total correction","Even M"
-0.636936936936937,1.01566794810537,"Total correction","Even M"
-0.635135135135135,1.01507070024504,"Total correction","Even M"
-0.633333333333333,1.01447887379019,"Total correction","Even M"
-0.631531531531532,1.01389239072969,"Total correction","Even M"
-0.62972972972973,1.01331117446459,"Total correction","Even M"
-0.627927927927928,1.01273514977817,"Total correction","Even M"
-0.626126126126126,1.0121642428066,"Total correction","Even M"
-0.624324324324324,1.01159838101035,"Total correction","Even M"
-0.622522522522523,1.01103749314619,"Total correction","Even M"
-0.620720720720721,1.0104815092399,"Total correction","Even M"
-0.618918918918919,1.00993036055954,"Total correction","Even M"
-0.617117117117117,1.0093839795894,"Total correction","Even M"
-0.615315315315315,1.00884230000452,"Total correction","Even M"
-0.613513513513513,1.00830525664578,"Total correction","Even M"
-0.611711711711712,1.0077727854956,"Total correction","Even M"
-0.60990990990991,1.00724482365415,"Total correction","Even M"
-0.608108108108108,1.00672130931613,"Total correction","Even M"
-0.606306306306306,1.00620218174813,"Total correction","Even M"
-0.604504504504505,1.00568738126639,"Total correction","Even M"
-0.602702702702703,1.00517684921519,"Total correction","Even M"
-0.600900900900901,1.00467052794566,"Total correction","Even M"
-0.599099099099099,1.00416836079508,"Total correction","Even M"
-0.597297297297297,1.00367029206672,"Total correction","Even M"
-0.595495495495496,1.00317626701002,"Total correction","Even M"
-0.593693693693694,1.00268623180132,"Total correction","Even M"
-0.591891891891892,1.00220013352499,"Total correction","Even M"
-0.59009009009009,1.00171792015498,"Total correction","Even M"
-0.588288288288288,1.00123954053681,"Total correction","Even M"
-0.586486486486486,1.00076494436995,"Total correction","Even M"
-0.584684684684685,1.0002940821906,"Total correction","Even M"
-0.582882882882883,0.999826905354866,"Total correction","Even M"
-0.581081081081081,0.999363366022319,"Total correction","Even M"
-0.579279279279279,0.998903417139899,"Total correction","Even M"
-0.577477477477478,0.998447012426208,"Total correction","Even M"
-0.575675675675676,0.997994106356143,"Total correction","Even M"
-0.573873873873874,0.997544654145875,"Total correction","Even M"
-0.572072072072072,0.997098611738162,"Total correction","Even M"
-0.57027027027027,0.996655935787994,"Total correction","Even M"
-0.568468468468468,0.996216583648557,"Total correction","Even M"
-0.566666666666667,0.995780513357502,"Total correction","Even M"
-0.564864864864865,0.995347683623532,"Total correction","Even M"
-0.563063063063063,0.994918053813278,"Total correction","Even M"
-0.561261261261261,0.994491583938466,"Total correction","Even M"
-0.55945945945946,0.994068234643371,"Total correction","Even M"
-0.557657657657658,0.993647967192547,"Total correction","Even M"
-0.555855855855856,0.993230743458824,"Total correction","Even M"
-0.554054054054054,0.992816525911573,"Total correction","Even M"
-0.552252252252252,0.992405277605231,"Total correction","Even M"
-0.55045045045045,0.991996962168069,"Total correction","Even M"
-0.548648648648649,0.991591543791211,"Total correction","Even M"
-0.546846846846847,0.991188987217895,"Total correction","Even M"
-0.545045045045045,0.990789257732965,"Total correction","Even M"
-0.543243243243243,0.990392321152588,"Total correction","Even M"
-0.541441441441441,0.989998143814203,"Total correction","Even M"
-0.53963963963964,0.989606692566681,"Total correction","Even M"
-0.537837837837838,0.989217934760697,"Total correction","Even M"
-0.536036036036036,0.988831838239318,"Total correction","Even M"
-0.534234234234234,0.988448371328783,"Total correction","Even M"
-0.532432432432432,0.988067502829486,"Total correction","Even M"
-0.530630630630631,0.987689202007159,"Total correction","Even M"
-0.528828828828829,0.987313438584227,"Total correction","Even M"
-0.527027027027027,0.986940182731368,"Total correction","Even M"
-0.525225225225225,0.986569405059235,"Total correction","Even M"
-0.523423423423423,0.986201076610362,"Total correction","Even M"
-0.521621621621622,0.985835168851248,"Total correction","Even M"
-0.51981981981982,0.985471653664593,"Total correction","Even M"
-0.518018018018018,0.985110503341714,"Total correction","Even M"
-0.516216216216216,0.984751690575105,"Total correction","Even M"
-0.514414414414414,0.984395188451174,"Total correction","Even M"
-0.512612612612613,0.984040970443108,"Total correction","Even M"
-0.510810810810811,0.983689010403904,"Total correction","Even M"
-0.509009009009009,0.983339282559543,"Total correction","Even M"
-0.507207207207207,0.982991761502305,"Total correction","Even M"
-0.505405405405405,0.982646422184214,"Total correction","Even M"
-0.503603603603604,0.982303239910636,"Total correction","Even M"
-0.501801801801802,0.981962190333994,"Total correction","Even M"
-0.5,0.981623249447623,"Total correction","Even M"
-0.498198198198198,0.981286393579742,"Total correction","Even M"
-0.496396396396396,0.980951599387562,"Total correction","Even M"
-0.494594594594595,0.980618843851501,"Total correction","Even M"
-0.492792792792793,0.980288104269526,"Total correction","Even M"
-0.490990990990991,0.979959358251609,"Total correction","Even M"
-0.489189189189189,0.979632583714293,"Total correction","Even M"
-0.487387387387387,0.97930775887537,"Total correction","Even M"
-0.485585585585586,0.978984862248667,"Total correction","Even M"
-0.483783783783784,0.978663872638934,"Total correction","Even M"
-0.481981981981982,0.978344769136841,"Total correction","Even M"
-0.48018018018018,0.978027531114067,"Total correction","Even M"
-0.478378378378378,0.977712138218495,"Total correction","Even M"
-0.476576576576577,0.977398570369498,"Total correction","Even M"
-0.474774774774775,0.97708680775332,"Total correction","Even M"
-0.472972972972973,0.976776830818551,"Total correction","Even M"
-0.471171171171171,0.976468620271688,"Total correction","Even M"
-0.469369369369369,0.976162157072782,"Total correction","Even M"
-0.467567567567568,0.975857422431183,"Total correction","Even M"
-0.465765765765766,0.975554397801348,"Total correction","Even M"
-0.463963963963964,0.97525306487875,"Total correction","Even M"
-0.462162162162162,0.974953405595859,"Total correction","Even M"
-0.46036036036036,0.974655402118196,"Total correction","Even M"
-0.458558558558559,0.974359036840475,"Total correction","Even M"
-0.456756756756757,0.97406429238281,"Total correction","Even M"
-0.454954954954955,0.973771151587004,"Total correction","Even M"
-0.453153153153153,0.973479597512898,"Total correction","Even M"
-0.451351351351351,0.973189613434801,"Total correction","Even M"
-0.44954954954955,0.972901182837983,"Total correction","Even M"
-0.447747747747748,0.972614289415236,"Total correction","Even M"
-0.445945945945946,0.972328917063497,"Total correction","Even M"
-0.444144144144144,0.972045049880547,"Total correction","Even M"
-0.442342342342342,0.971762672161754,"Total correction","Even M"
-0.440540540540541,0.971481768396893,"Total correction","Even M"
-0.438738738738739,0.971202323267023,"Total correction","Even M"
-0.436936936936937,0.970924321641409,"Total correction","Even M"
-0.435135135135135,0.970647748574527,"Total correction","Even M"
-0.433333333333333,0.970372589303099,"Total correction","Even M"
-0.431531531531532,0.970098829243201,"Total correction","Even M"
-0.42972972972973,0.969826453987412,"Total correction","Even M"
-0.427927927927928,0.96955544930203,"Total correction","Even M"
-0.426126126126126,0.969285801124325,"Total correction","Even M"
-0.424324324324324,0.969017495559852,"Total correction","Even M"
-0.422522522522523,0.968750518879808,"Total correction","Even M"
-0.420720720720721,0.968484857518439,"Total correction","Even M"
-0.418918918918919,0.968220498070499,"Total correction","Even M"
-0.417117117117117,0.967957427288746,"Total correction","Even M"
-0.415315315315315,0.967695632081489,"Total correction","Even M"
-0.413513513513514,0.967435099510182,"Total correction","Even M"
-0.411711711711712,0.967175816787051,"Total correction","Even M"
-0.40990990990991,0.966917771272779,"Total correction","Even M"
-0.408108108108108,0.966660950474217,"Total correction","Even M"
-0.406306306306306,0.966405342042145,"Total correction","Even M"
-0.404504504504505,0.966150933769073,"Total correction","Even M"
-0.402702702702703,0.965897713587074,"Total correction","Even M"
-0.400900900900901,0.965645669565663,"Total correction","Even M"
-0.399099099099099,0.965394789909712,"Total correction","Even M"
-0.397297297297297,0.965145062957394,"Total correction","Even M"
-0.395495495495496,0.964896477178175,"Total correction","Even M"
-0.393693693693694,0.964649021170833,"Total correction","Even M"
-0.391891891891892,0.964402683661513,"Total correction","Even M"
-0.39009009009009,0.964157453501817,"Total correction","Even M"
-0.388288288288288,0.963913319666928,"Total correction","Even M"
-0.386486486486487,0.963670271253761,"Total correction","Even M"
-0.384684684684685,0.963428297479155,"Total correction","Even M"
-0.382882882882883,0.963187387678087,"Total correction","Even M"
-0.381081081081081,0.96294753130192,"Total correction","Even M"
-0.379279279279279,0.962708717916686,"Total correction","Even M"
-0.377477477477478,0.962470937201388,"Total correction","Even M"
-0.375675675675676,0.962234178946339,"Total correction","Even M"
-0.373873873873874,0.961998433051523,"Total correction","Even M"
-0.372072072072072,0.961763689524995,"Total correction","Even M"
-0.37027027027027,0.96152993848129,"Total correction","Even M"
-0.368468468468468,0.961297170139873,"Total correction","Even M"
-0.366666666666667,0.961065374823612,"Total correction","Even M"
-0.364864864864865,0.960834542957272,"Total correction","Even M"
-0.363063063063063,0.960604665066036,"Total correction","Even M"
-0.361261261261261,0.960375731774055,"Total correction","Even M"
-0.359459459459459,0.960147733803013,"Total correction","Even M"
-0.357657657657658,0.959920661970725,"Total correction","Even M"
-0.355855855855856,0.95969450718975,"Total correction","Even M"
-0.354054054054054,0.959469260466035,"Total correction","Even M"
-0.352252252252252,0.95924491289757,"Total correction","Even M"
-0.35045045045045,0.959021455673075,"Total correction","Even M"
-0.348648648648649,0.958798880070706,"Total correction","Even M"
-0.346846846846847,0.958577177456777,"Total correction","Even M"
-0.345045045045045,0.958356339284506,"Total correction","Even M"
-0.343243243243243,0.958136357092781,"Total correction","Even M"
-0.341441441441442,0.957917222504949,"Total correction","Even M"
-0.33963963963964,0.957698927227616,"Total correction","Even M"
-0.337837837837838,0.957481463049473,"Total correction","Even M"
-0.336036036036036,0.957264821840141,"Total correction","Even M"
-0.334234234234234,0.957048995549026,"Total correction","Even M"
-0.332432432432432,0.956833976204203,"Total correction","Even M"
-0.330630630630631,0.956619755911309,"Total correction","Even M"
-0.328828828828829,0.956406326852458,"Total correction","Even M"
-0.327027027027027,0.956193681285171,"Total correction","Even M"
-0.325225225225225,0.955981811541323,"Total correction","Even M"
-0.323423423423423,0.955770710026105,"Total correction","Even M"
-0.321621621621622,0.955560369217005,"Total correction","Even M"
-0.31981981981982,0.955350781662803,"Total correction","Even M"
-0.318018018018018,0.955141939982578,"Total correction","Even M"
-0.316216216216216,0.954933836864739,"Total correction","Even M"
-0.314414414414414,0.954726465066059,"Total correction","Even M"
-0.312612612612613,0.954519817410733,"Total correction","Even M"
-0.310810810810811,0.95431388678945,"Total correction","Even M"
-0.309009009009009,0.954108666158468,"Total correction","Even M"
-0.307207207207207,0.953904148538719,"Total correction","Even M"
-0.305405405405405,0.953700327014915,"Total correction","Even M"
-0.303603603603604,0.953497194734672,"Total correction","Even M"
-0.301801801801802,0.953294744907646,"Total correction","Even M"
-0.3,0.953092970804686,"Total correction","Even M"
-0.298198198198198,0.95289186575699,"Total correction","Even M"
-0.296396396396396,0.952691423155285,"Total correction","Even M"
-0.294594594594595,0.95249163644901,"Total correction","Even M"
-0.292792792792793,0.952292499145515,"Total correction","Even M"
-0.290990990990991,0.952094004809269,"Total correction","Even M"
-0.289189189189189,0.951896147061085,"Total correction","Even M"
-0.287387387387387,0.951698919577352,"Total correction","Even M"
-0.285585585585586,0.951502316089273,"Total correction","Even M"
-0.283783783783784,0.951306330382127,"Total correction","Even M"
-0.281981981981982,0.951110956294529,"Total correction","Even M"
-0.28018018018018,0.950916187717708,"Total correction","Even M"
-0.278378378378378,0.950722018594792,"Total correction","Even M"
-0.276576576576577,0.950528442920103,"Total correction","Even M"
-0.274774774774775,0.950335454738464,"Total correction","Even M"
-0.272972972972973,0.950143048144516,"Total correction","Even M"
-0.271171171171171,0.949951217282037,"Total correction","Even M"
-0.269369369369369,0.949759956343286,"Total correction","Even M"
-0.267567567567568,0.949569259568338,"Total correction","Even M"
-0.265765765765766,0.949379121244441,"Total correction","Even M"
-0.263963963963964,0.949189535705377,"Total correction","Even M"
-0.262162162162162,0.949000497330833,"Total correction","Even M"
-0.26036036036036,0.948812000545778,"Total correction","Even M"
-0.258558558558559,0.948624039819853,"Total correction","Even M"
-0.256756756756757,0.948436609666765,"Total correction","Even M"
-0.254954954954955,0.948249704643692,"Total correction","Even M"
-0.253153153153153,0.948063319350693,"Total correction","Even M"
-0.251351351351351,0.94787744843013,"Total correction","Even M"
-0.24954954954955,0.947692086566095,"Total correction","Even M"
-0.247747747747748,0.947507228483843,"Total correction","Even M"
-0.245945945945946,0.947322868949238,"Total correction","Even M"
-0.244144144144144,0.9471390027682,"Total correction","Even M"
-0.242342342342342,0.946955624786164,"Total correction","Even M"
-0.240540540540541,0.946772729887541,"Total correction","Even M"
-0.238738738738739,0.946590312995194,"Total correction","Even M"
-0.236936936936937,0.946408369069913,"Total correction","Even M"
-0.235135135135135,0.946226893109898,"Total correction","Even M"
-0.233333333333333,0.946045880150253,"Total correction","Even M"
-0.231531531531531,0.945865325262486,"Total correction","Even M"
-0.22972972972973,0.945685223554005,"Total correction","Even M"
-0.227927927927928,0.945505570167637,"Total correction","Even M"
-0.226126126126126,0.94532636028114,"Total correction","Even M"
-0.224324324324324,0.945147589106727,"Total correction","Even M"
-0.222522522522523,0.944969251890594,"Total correction","Even M"
-0.220720720720721,0.944791343912453,"Total correction","Even M"
-0.218918918918919,0.944613860485076,"Total correction","Even M"
-0.217117117117117,0.944436796953837,"Total correction","Even M"
-0.215315315315315,0.944260148696265,"Total correction","Even M"
-0.213513513513514,0.9440839111216,"Total correction","Even M"
-0.211711711711712,0.943908079670358,"Total correction","Even M"
-0.20990990990991,0.943732649813891,"Total correction","Even M"
-0.208108108108108,0.943557617053971,"Total correction","Even M"
-0.206306306306306,0.943382976922355,"Total correction","Even M"
-0.204504504504505,0.943208724980378,"Total correction","Even M"
-0.202702702702703,0.943034856818534,"Total correction","Even M"
-0.200900900900901,0.942861368056072,"Total correction","Even M"
-0.199099099099099,0.942688254340591,"Total correction","Even M"
-0.197297297297297,0.942515511347643,"Total correction","Even M"
-0.195495495495495,0.942343134780339,"Total correction","Even M"
-0.193693693693694,0.942171120368959,"Total correction","Even M"
-0.191891891891892,0.94199946387057,"Total correction","Even M"
-0.19009009009009,0.941828161068642,"Total correction","Even M"
-0.188288288288288,0.941657207772673,"Total correction","Even M"
-0.186486486486486,0.94148659981782,"Total correction","Even M"
-0.184684684684685,0.941316333064527,"Total correction","Even M"
-0.182882882882883,0.941146403398164,"Total correction","Even M"
-0.181081081081081,0.940976806728667,"Total correction","Even M"
-0.179279279279279,0.940807538990181,"Total correction","Even M"
-0.177477477477477,0.940638596140707,"Total correction","Even M"
-0.175675675675676,0.94046997416176,"Total correction","Even M"
-0.173873873873874,0.940301669058015,"Total correction","Even M"
-0.172072072072072,0.940133676856973,"Total correction","Even M"
-0.17027027027027,0.939965993608624,"Total correction","Even M"
-0.168468468468469,0.939798615385107,"Total correction","Even M"
-0.166666666666667,0.939631538280388,"Total correction","Even M"
-0.164864864864865,0.939464758409925,"Total correction","Even M"
-0.163063063063063,0.939298271910352,"Total correction","Even M"
-0.161261261261261,0.939132074939152,"Total correction","Even M"
-0.159459459459459,0.938966163674345,"Total correction","Even M"
-0.157657657657658,0.938800534314171,"Total correction","Even M"
-0.155855855855856,0.938635183076782,"Total correction","Even M"
-0.154054054054054,0.938470106199931,"Total correction","Even M"
-0.152252252252252,0.938305299940669,"Total correction","Even M"
-0.15045045045045,0.938140760575043,"Total correction","Even M"
-0.148648648648649,0.937976484397798,"Total correction","Even M"
-0.146846846846847,0.937812467722079,"Total correction","Even M"
-0.145045045045045,0.937648706879139,"Total correction","Even M"
-0.143243243243243,0.937485198218049,"Total correction","Even M"
-0.141441441441441,0.937321938105407,"Total correction","Even M"
-0.13963963963964,0.937158922925057,"Total correction","Even M"
-0.137837837837838,0.936996149077802,"Total correction","Even M"
-0.136036036036036,0.93683361298113,"Total correction","Even M"
-0.134234234234234,0.936671311068927,"Total correction","Even M"
-0.132432432432432,0.936509239791211,"Total correction","Even M"
-0.130630630630631,0.936347395613855,"Total correction","Even M"
-0.128828828828829,0.936185775018313,"Total correction","Even M"
-0.127027027027027,0.936024374501361,"Total correction","Even M"
-0.125225225225225,0.935863190574821,"Total correction","Even M"
-0.123423423423423,0.935702219765305,"Total correction","Even M"
-0.121621621621622,0.935541458613948,"Total correction","Even M"
-0.11981981981982,0.935380903676151,"Total correction","Even M"
-0.118018018018018,0.935220551521325,"Total correction","Even M"
-0.116216216216216,0.935060398732634,"Total correction","Even M"
-0.114414414414414,0.934900441906738,"Total correction","Even M"
-0.112612612612613,0.93474067765355,"Total correction","Even M"
-0.110810810810811,0.934581102595981,"Total correction","Even M"
-0.109009009009009,0.93442171336969,"Total correction","Even M"
-0.107207207207207,0.934262506622846,"Total correction","Even M"
-0.105405405405405,0.934103479015877,"Total correction","Even M"
-0.103603603603604,0.933944627221231,"Total correction","Even M"
-0.101801801801802,0.933785947923135,"Total correction","Even M"
-0.1,0.933627437817357,"Total correction","Even M"
-0.0981981981981982,0.933469093610968,"Total correction","Even M"
-0.0963963963963964,0.933310912022105,"Total correction","Even M"
-0.0945945945945946,0.93315288977974,"Total correction","Even M"
-0.0927927927927928,0.932995023623447,"Total correction","Even M"
-0.0909909909909909,0.932837310303169,"Total correction","Even M"
-0.0891891891891892,0.932679746578991,"Total correction","Even M"
-0.0873873873873874,0.93252232922091,"Total correction","Even M"
-0.0855855855855856,0.932365055008611,"Total correction","Even M"
-0.0837837837837838,0.932207920731239,"Total correction","Even M"
-0.081981981981982,0.932050923187176,"Total correction","Even M"
-0.0801801801801801,0.931894059183819,"Total correction","Even M"
-0.0783783783783784,0.93173732553736,"Total correction","Even M"
-0.0765765765765766,0.931580719072562,"Total correction","Even M"
-0.0747747747747748,0.931424236622543,"Total correction","Even M"
-0.072972972972973,0.93126787502856,"Total correction","Even M"
-0.0711711711711712,0.931111631139786,"Total correction","Even M"
-0.0693693693693693,0.930955501813102,"Total correction","Even M"
-0.0675675675675675,0.930799483912877,"Total correction","Even M"
-0.0657657657657658,0.930643574310759,"Total correction","Even M"
-0.063963963963964,0.930487769885459,"Total correction","Even M"
-0.0621621621621622,0.93033206752254,"Total correction","Even M"
-0.0603603603603604,0.930176464114209,"Total correction","Even M"
-0.0585585585585585,0.930020956559108,"Total correction","Even M"
-0.0567567567567567,0.929865541762099,"Total correction","Even M"
-0.0549549549549549,0.929710216634064,"Total correction","Even M"
-0.0531531531531532,0.929554978091694,"Total correction","Even M"
-0.0513513513513514,0.929399823057283,"Total correction","Even M"
-0.0495495495495496,0.929244748458524,"Total correction","Even M"
-0.0477477477477477,0.929089751228303,"Total correction","Even M"
-0.0459459459459459,0.928934828304495,"Total correction","Even M"
-0.0441441441441441,0.928779976629764,"Total correction","Even M"
-0.0423423423423424,0.928625193151354,"Total correction","Even M"
-0.0405405405405406,0.928470474820895,"Total correction","Even M"
-0.0387387387387388,0.928315818594193,"Total correction","Even M"
-0.0369369369369369,0.928161221431039,"Total correction","Even M"
-0.0351351351351351,0.928006680294999,"Total correction","Even M"
-0.0333333333333333,0.927852192153221,"Total correction","Even M"
-0.0315315315315315,0.927697753976232,"Total correction","Even M"
-0.0297297297297298,0.927543362737742,"Total correction","Even M"
-0.027927927927928,0.927389015414445,"Total correction","Even M"
-0.0261261261261261,0.927234708985818,"Total correction","Even M"
-0.0243243243243243,0.927080440433928,"Total correction","Even M"
-0.0225225225225225,0.926926206743232,"Total correction","Even M"
-0.0207207207207207,0.92677200490038,"Total correction","Even M"
-0.0189189189189189,0.926617831894019,"Total correction","Even M"
-0.0171171171171172,0.926463684714599,"Total correction","Even M"
-0.0153153153153153,0.926309560354172,"Total correction","Even M"
-0.0135135135135135,0.926155455806201,"Total correction","Even M"
-0.0117117117117117,0.926001368065359,"Total correction","Even M"
-0.00990990990990992,0.92584729412734,"Total correction","Even M"
-0.00810810810810814,0.925693230988659,"Total correction","Even M"
-0.00630630630630635,0.925539175646457,"Total correction","Even M"
-0.00450450450450446,0.925385125098308,"Total correction","Even M"
-0.00270270270270268,0.92523107634202,"Total correction","Even M"
-0.000900900900900892,0.925077026375445,"Total correction","Even M"
0.000900900900900892,0.924922972196282,"Total correction","Even M"
0.00270270270270268,0.924768910801878,"Total correction","Even M"
0.00450450450450446,0.924614839189037,"Total correction","Even M"
0.00630630630630635,0.924460754353826,"Total correction","Even M"
0.00810810810810814,0.924306653291374,"Total correction","Even M"
0.00990990990990992,0.924152532995681,"Total correction","Even M"
0.0117117117117117,0.923998390459422,"Total correction","Even M"
0.0135135135135135,0.923844222673749,"Total correction","Even M"
0.0153153153153153,0.923690026628096,"Total correction","Even M"
0.0171171171171172,0.923535799309983,"Total correction","Even M"
0.0189189189189189,0.923381537704821,"Total correction","Even M"
0.0207207207207207,0.923227238795711,"Total correction","Even M"
0.0225225225225225,0.923072899563249,"Total correction","Even M"
0.0243243243243243,0.922918516985331,"Total correction","Even M"
0.0261261261261261,0.92276408803695,"Total correction","Even M"
0.0279279279279279,0.922609609690002,"Total correction","Even M"
0.0297297297297298,0.922455078913085,"Total correction","Even M"
0.0315315315315315,0.922300492671301,"Total correction","Even M"
0.0333333333333333,0.922145847926055,"Total correction","Even M"
0.0351351351351351,0.921991141634855,"Total correction","Even M"
0.0369369369369369,0.921836370751113,"Total correction","Even M"
0.0387387387387387,0.921681532223942,"Total correction","Even M"
0.0405405405405406,0.921526622997955,"Total correction","Even M"
0.0423423423423424,0.921371640013061,"Total correction","Even M"
0.0441441441441441,0.921216580204262,"Total correction","Even M"
0.0459459459459459,0.921061440501453,"Total correction","Even M"
0.0477477477477477,0.920906217829212,"Total correction","Even M"
0.0495495495495495,0.920750909106596,"Total correction","Even M"
0.0513513513513514,0.92059551124694,"Total correction","Even M"
0.0531531531531532,0.920440021157643,"Total correction","Even M"
0.0549549549549549,0.920284435739962,"Total correction","Even M"
0.0567567567567567,0.920128751888809,"Total correction","Even M"
0.0585585585585585,0.919972966492534,"Total correction","Even M"
0.0603603603603603,0.919817076432719,"Total correction","Even M"
0.0621621621621622,0.919661078583966,"Total correction","Even M"
0.063963963963964,0.919504969813683,"Total correction","Even M"
0.0657657657657658,0.919348746981874,"Total correction","Even M"
0.0675675675675675,0.919192406940922,"Total correction","Even M"
0.0693693693693693,0.919035946535373,"Total correction","Even M"
0.0711711711711711,0.918879362601723,"Total correction","Even M"
0.072972972972973,0.918722651968197,"Total correction","Even M"
0.0747747747747748,0.918565811454529,"Total correction","Even M"
0.0765765765765766,0.918408837871749,"Total correction","Even M"
0.0783783783783784,0.918251728021953,"Total correction","Even M"
0.0801801801801801,0.918094478698087,"Total correction","Even M"
0.0819819819819819,0.91793708668372,"Total correction","Even M"
0.0837837837837838,0.917779548752818,"Total correction","Even M"
0.0855855855855856,0.917621861669523,"Total correction","Even M"
0.0873873873873874,0.917464022187917,"Total correction","Even M"
0.0891891891891892,0.917306027051799,"Total correction","Even M"
0.0909909909909909,0.917147872994452,"Total correction","Even M"
0.0927927927927927,0.916989556738411,"Total correction","Even M"
0.0945945945945946,0.916831074995227,"Total correction","Even M"
0.0963963963963964,0.916672424465237,"Total correction","Even M"
0.0981981981981982,0.916513601837321,"Total correction","Even M"
0.1,0.916354603788666,"Total correction","Even M"
0.101801801801802,0.916195426984527,"Total correction","Even M"
0.103603603603604,0.916036068077981,"Total correction","Even M"
0.105405405405405,0.915876523709688,"Total correction","Even M"
0.107207207207207,0.915716790507642,"Total correction","Even M"
0.109009009009009,0.915556865086924,"Total correction","Even M"
0.110810810810811,0.915396744049452,"Total correction","Even M"
0.112612612612613,0.915236423983735,"Total correction","Even M"
0.114414414414414,0.915075901464611,"Total correction","Even M"
0.116216216216216,0.914915173052998,"Total correction","Even M"
0.118018018018018,0.914754235295637,"Total correction","Even M"
0.11981981981982,0.914593084724828,"Total correction","Even M"
0.121621621621622,0.914431717858173,"Total correction","Even M"
0.123423423423423,0.914270131198309,"Total correction","Even M"
0.125225225225225,0.914108321232645,"Total correction","Even M"
0.127027027027027,0.913946284433092,"Total correction","Even M"
0.128828828828829,0.913784017255795,"Total correction","Even M"
0.130630630630631,0.913621516140856,"Total correction","Even M"
0.132432432432433,0.913458777512063,"Total correction","Even M"
0.134234234234234,0.91329579777661,"Total correction","Even M"
0.136036036036036,0.913132573324817,"Total correction","Even M"
0.137837837837838,0.912969100529851,"Total correction","Even M"
0.13963963963964,0.912805375747433,"Total correction","Even M"
0.141441441441441,0.91264139531556,"Total correction","Even M"
0.143243243243243,0.912477155554207,"Total correction","Even M"
0.145045045045045,0.912312652765036,"Total correction","Even M"
0.146846846846847,0.912147883231102,"Total correction","Even M"
0.148648648648649,0.911982843216551,"Total correction","Even M"
0.15045045045045,0.911817528966321,"Total correction","Even M"
0.152252252252252,0.911651936705834,"Total correction","Even M"
0.154054054054054,0.911486062640694,"Total correction","Even M"
0.155855855855856,0.911319902956369,"Total correction","Even M"
0.157657657657658,0.911153453817882,"Total correction","Even M"
0.159459459459459,0.910986711369495,"Total correction","Even M"
0.161261261261261,0.910819671734384,"Total correction","Even M"
0.163063063063063,0.91065233101432,"Total correction","Even M"
0.164864864864865,0.910484685289338,"Total correction","Even M"
0.166666666666667,0.910316730617411,"Total correction","Even M"
0.168468468468468,0.910148463034116,"Total correction","Even M"
0.17027027027027,0.909979878552291,"Total correction","Even M"
0.172072072072072,0.909810973161701,"Total correction","Even M"
0.173873873873874,0.909641742828693,"Total correction","Even M"
0.175675675675676,0.909472183495841,"Total correction","Even M"
0.177477477477478,0.909302291081603,"Total correction","Even M"
0.179279279279279,0.909132061479959,"Total correction","Even M"
0.181081081081081,0.908961490560055,"Total correction","Even M"
0.182882882882883,0.908790574165835,"Total correction","Even M"
0.184684684684685,0.908619308115679,"Total correction","Even M"
0.186486486486486,0.908447688202026,"Total correction","Even M"
0.188288288288288,0.908275710191,"Total correction","Even M"
0.19009009009009,0.908103369822032,"Total correction","Even M"
0.191891891891892,0.907930662807469,"Total correction","Even M"
0.193693693693694,0.907757584832191,"Total correction","Even M"
0.195495495495495,0.907584131553215,"Total correction","Even M"
0.197297297297297,0.907410298599297,"Total correction","Even M"
0.199099099099099,0.907236081570528,"Total correction","Even M"
0.200900900900901,0.907061476037926,"Total correction","Even M"
0.202702702702703,0.906886477543028,"Total correction","Even M"
0.204504504504505,0.906711081597466,"Total correction","Even M"
0.206306306306306,0.906535283682551,"Total correction","Even M"
0.208108108108108,0.906359079248839,"Total correction","Even M"
0.20990990990991,0.906182463715702,"Total correction","Even M"
0.211711711711712,0.906005432470893,"Total correction","Even M"
0.213513513513513,0.905827980870097,"Total correction","Even M"
0.215315315315315,0.905650104236482,"Total correction","Even M"
0.217117117117117,0.905471797860251,"Total correction","Even M"
0.218918918918919,0.905293056998177,"Total correction","Even M"
0.220720720720721,0.905113876873137,"Total correction","Even M"
0.222522522522523,0.904934252673643,"Total correction","Even M"
0.224324324324324,0.904754179553362,"Total correction","Even M"
0.226126126126126,0.904573652630635,"Total correction","Even M"
0.227927927927928,0.904392666987983,"Total correction","Even M"
0.22972972972973,0.904211217671617,"Total correction","Even M"
0.231531531531531,0.904029299690929,"Total correction","Even M"
0.233333333333333,0.903846908017988,"Total correction","Even M"
0.235135135135135,0.903664037587021,"Total correction","Even M"
0.236936936936937,0.903480683293893,"Total correction","Even M"
0.238738738738739,0.903296839995576,"Total correction","Even M"
0.240540540540541,0.903112502509617,"Total correction","Even M"
0.242342342342342,0.902927665613586,"Total correction","Even M"
0.244144144144144,0.902742324044535,"Total correction","Even M"
0.245945945945946,0.902556472498436,"Total correction","Even M"
0.247747747747748,0.902370105629615,"Total correction","Even M"
0.24954954954955,0.90218321805018,"Total correction","Even M"
0.251351351351351,0.90199580432944,"Total correction","Even M"
0.253153153153153,0.901807858993318,"Total correction","Even M"
0.254954954954955,0.901619376523752,"Total correction","Even M"
0.256756756756757,0.901430351358091,"Total correction","Even M"
0.258558558558558,0.901240777888486,"Total correction","Even M"
0.26036036036036,0.901050650461259,"Total correction","Even M"
0.262162162162162,0.900859963376284,"Total correction","Even M"
0.263963963963964,0.900668710886339,"Total correction","Even M"
0.265765765765766,0.900476887196465,"Total correction","Even M"
0.267567567567568,0.900284486463304,"Total correction","Even M"
0.269369369369369,0.900091502794435,"Total correction","Even M"
0.271171171171171,0.899897930247698,"Total correction","Even M"
0.272972972972973,0.89970376283051,"Total correction","Even M"
0.274774774774775,0.899508994499169,"Total correction","Even M"
0.276576576576577,0.899313619158147,"Total correction","Even M"
0.278378378378378,0.89911763065938,"Total correction","Even M"
0.28018018018018,0.898921022801539,"Total correction","Even M"
0.281981981981982,0.898723789329292,"Total correction","Even M"
0.283783783783784,0.898525923932563,"Total correction","Even M"
0.285585585585586,0.898327420245774,"Total correction","Even M"
0.287387387387387,0.898128271847069,"Total correction","Even M"
0.289189189189189,0.897928472257544,"Total correction","Even M"
0.290990990990991,0.89772801494045,"Total correction","Even M"
0.292792792792793,0.897526893300392,"Total correction","Even M"
0.294594594594595,0.897325100682514,"Total correction","Even M"
0.296396396396396,0.89712263037167,"Total correction","Even M"
0.298198198198198,0.896919475591586,"Total correction","Even M"
0.3,0.896715629504012,"Total correction","Even M"
0.301801801801802,0.896511085207848,"Total correction","Even M"
0.303603603603604,0.896305835738276,"Total correction","Even M"
0.305405405405406,0.896099874065862,"Total correction","Even M"
0.307207207207207,0.895893193095655,"Total correction","Even M"
0.309009009009009,0.895685785666265,"Total correction","Even M"
0.310810810810811,0.895477644548935,"Total correction","Even M"
0.312612612612613,0.89526876244659,"Total correction","Even M"
0.314414414414414,0.895059131992875,"Total correction","Even M"
0.316216216216216,0.894848745751185,"Total correction","Even M"
0.318018018018018,0.894637596213664,"Total correction","Even M"
0.31981981981982,0.894425675800205,"Total correction","Even M"
0.321621621621622,0.894212976857425,"Total correction","Even M"
0.323423423423423,0.893999491657623,"Total correction","Even M"
0.325225225225225,0.893785212397732,"Total correction","Even M"
0.327027027027027,0.893570131198239,"Total correction","Even M"
0.328828828828829,0.893354240102101,"Total correction","Even M"
0.330630630630631,0.893137531073638,"Total correction","Even M"
0.332432432432432,0.892919995997407,"Total correction","Even M"
0.334234234234234,0.892701626677062,"Total correction","Even M"
0.336036036036036,0.892482414834195,"Total correction","Even M"
0.337837837837838,0.892262352107154,"Total correction","Even M"
0.33963963963964,0.892041430049846,"Total correction","Even M"
0.341441441441441,0.89181964013052,"Total correction","Even M"
0.343243243243243,0.891596973730532,"Total correction","Even M"
0.345045045045045,0.891373422143081,"Total correction","Even M"
0.346846846846847,0.89114897657194,"Total correction","Even M"
0.348648648648649,0.890923628130148,"Total correction","Even M"
0.350450450450451,0.890697367838696,"Total correction","Even M"
0.352252252252252,0.89047018662518,"Total correction","Even M"
0.354054054054054,0.890242075322442,"Total correction","Even M"
0.355855855855856,0.890013024667174,"Total correction","Even M"
0.357657657657658,0.889783025298518,"Total correction","Even M"
0.359459459459459,0.889552067756623,"Total correction","Even M"
0.361261261261261,0.889320142481192,"Total correction","Even M"
0.363063063063063,0.889087239809995,"Total correction","Even M"
0.364864864864865,0.888853349977366,"Total correction","Even M"
0.366666666666667,0.888618463112665,"Total correction","Even M"
0.368468468468468,0.888382569238719,"Total correction","Even M"
0.37027027027027,0.88814565827024,"Total correction","Even M"
0.372072072072072,0.887907720012204,"Total correction","Even M"
0.373873873873874,0.887668744158217,"Total correction","Even M"
0.375675675675676,0.887428720288839,"Total correction","Even M"
0.377477477477478,0.887187637869891,"Total correction","Even M"
0.379279279279279,0.886945486250724,"Total correction","Even M"
0.381081081081081,0.886702254662461,"Total correction","Even M"
0.382882882882883,0.886457932216208,"Total correction","Even M"
0.384684684684685,0.886212507901237,"Total correction","Even M"
0.386486486486486,0.885965970583128,"Total correction","Even M"
0.388288288288288,0.88571830900189,"Total correction","Even M"
0.39009009009009,0.88546951177004,"Total correction","Even M"
0.391891891891892,0.885219567370649,"Total correction","Even M"
0.393693693693694,0.88496846415536,"Total correction","Even M"
0.395495495495496,0.884716190342359,"Total correction","Even M"
0.397297297297297,0.884462734014325,"Total correction","Even M"
0.399099099099099,0.884208083116323,"Total correction","Even M"
0.400900900900901,0.883952225453682,"Total correction","Even M"
0.402702702702703,0.883695148689813,"Total correction","Even M"
0.404504504504504,0.883436840344006,"Total correction","Even M"
0.406306306306306,0.883177287789171,"Total correction","Even M"
0.408108108108108,0.882916478249551,"Total correction","Even M"
0.40990990990991,0.882654398798381,"Total correction","Even M"
0.411711711711712,0.882391036355516,"Total correction","Even M"
0.413513513513514,0.882126377685007,"Total correction","Even M"
0.415315315315315,0.881860409392634,"Total correction","Even M"
0.417117117117117,0.881593117923394,"Total correction","Even M"
0.418918918918919,0.881324489558944,"Total correction","Even M"
0.420720720720721,0.881054510414991,"Total correction","Even M"
0.422522522522523,0.880783166438641,"Total correction","Even M"
0.424324324324324,0.88051044340569,"Total correction","Even M"
0.426126126126126,0.880236326917869,"Total correction","Even M"
0.427927927927928,0.879960802400036,"Total correction","Even M"
0.42972972972973,0.879683855097314,"Total correction","Even M"
0.431531531531531,0.879405470072177,"Total correction","Even M"
0.433333333333333,0.879125632201476,"Total correction","Even M"
0.435135135135135,0.878844326173411,"Total correction","Even M"
0.436936936936937,0.878561536484446,"Total correction","Even M"
0.438738738738739,0.878277247436161,"Total correction","Even M"
0.440540540540541,0.877991443132048,"Total correction","Even M"
0.442342342342342,0.877704107474241,"Total correction","Even M"
0.444144144144144,0.877415224160184,"Total correction","Even M"
0.445945945945946,0.877124776679232,"Total correction","Even M"
0.447747747747748,0.876832748309191,"Total correction","Even M"
0.44954954954955,0.876539122112786,"Total correction","Even M"
0.451351351351351,0.876243880934057,"Total correction","Even M"
0.453153153153153,0.87594700739469,"Total correction","Even M"
0.454954954954955,0.875648483890274,"Total correction","Even M"
0.456756756756757,0.875348292586479,"Total correction","Even M"
0.458558558558559,0.875046415415162,"Total correction","Even M"
0.46036036036036,0.874742834070397,"Total correction","Even M"
0.462162162162162,0.874437530004422,"Total correction","Even M"
0.463963963963964,0.874130484423503,"Total correction","Even M"
0.465765765765766,0.873821678283721,"Total correction","Even M"
0.467567567567568,0.873511092286672,"Total correction","Even M"
0.469369369369369,0.87319870687507,"Total correction","Even M"
0.471171171171171,0.87288450222828,"Total correction","Even M"
0.472972972972973,0.87256845825774,"Total correction","Even M"
0.474774774774775,0.872250554602303,"Total correction","Even M"
0.476576576576576,0.871930770623478,"Total correction","Even M"
0.478378378378378,0.871609085400572,"Total correction","Even M"
0.48018018018018,0.87128547772574,"Total correction","Even M"
0.481981981981982,0.870959926098918,"Total correction","Even M"
0.483783783783784,0.870632408722667,"Total correction","Even M"
0.485585585585586,0.870302903496896,"Total correction","Even M"
0.487387387387387,0.869971388013489,"Total correction","Even M"
0.489189189189189,0.869637839550805,"Total correction","Even M"
0.490990990990991,0.86930223506807,"Total correction","Even M"
0.492792792792793,0.868964551199656,"Total correction","Even M"
0.494594594594595,0.868624764249229,"Total correction","Even M"
0.496396396396396,0.86828285018378,"Total correction","Even M"
0.498198198198198,0.867938784627527,"Total correction","Even M"
0.5,0.867592542855687,"Total correction","Even M"
0.501801801801802,0.867244099788117,"Total correction","Even M"
0.503603603603604,0.86689342998282,"Total correction","Even M"
0.505405405405405,0.866540507629305,"Total correction","Even M"
0.507207207207207,0.866185306541811,"Total correction","Even M"
0.509009009009009,0.865827800152384,"Total correction","Even M"
0.510810810810811,0.865467961503802,"Total correction","Even M"
0.512612612612613,0.865105763242347,"Total correction","Even M"
0.514414414414414,0.864741177610419,"Total correction","Even M"
0.516216216216216,0.864374176438996,"Total correction","Even M"
0.518018018018018,0.864004731139916,"Total correction","Even M"
0.51981981981982,0.863632812698003,"Total correction","Even M"
0.521621621621622,0.863258391663012,"Total correction","Even M"
0.523423423423424,0.862881438141398,"Total correction","Even M"
0.525225225225225,0.862501921787908,"Total correction","Even M"
0.527027027027027,0.862119811796979,"Total correction","Even M"
0.528828828828829,0.861735076893949,"Total correction","Even M"
0.530630630630631,0.861347685326074,"Total correction","Even M"
0.532432432432432,0.860957604853342,"Total correction","Even M"
0.534234234234234,0.860564802739082,"Total correction","Even M"
0.536036036036036,0.860169245740363,"Total correction","Even M"
0.537837837837838,0.859770900098176,"Total correction","Even M"
0.53963963963964,0.859369731527394,"Total correction","Even M"
0.541441441441441,0.85896570520651,"Total correction","Even M"
0.543243243243243,0.858558785767135,"Total correction","Even M"
0.545045045045045,0.858148937283264,"Total correction","Even M"
0.546846846846847,0.857736123260294,"Total correction","Even M"
0.548648648648649,0.857320306623793,"Total correction","Even M"
0.55045045045045,0.856901449708008,"Total correction","Even M"
0.552252252252252,0.856479514244122,"Total correction","Even M"
0.554054054054054,0.85605446134822,"Total correction","Even M"
0.555855855855856,0.855626251509002,"Total correction","Even M"
0.557657657657658,0.855194844575191,"Total correction","Even M"
0.559459459459459,0.854760199742663,"Total correction","Even M"
0.561261261261261,0.854322275541276,"Total correction","Even M"
0.563063063063063,0.853881029821389,"Total correction","Even M"
0.564864864864865,0.853436419740066,"Total correction","Even M"
0.566666666666667,0.85298840174697,"Total correction","Even M"
0.568468468468469,0.852536931569907,"Total correction","Even M"
0.57027027027027,0.852081964200052,"Total correction","Even M"
0.572072072072072,0.85162345387681,"Total correction","Even M"
0.573873873873874,0.851161354072333,"Total correction","Even M"
0.575675675675676,0.850695617475663,"Total correction","Even M"
0.577477477477477,0.850226195976508,"Total correction","Even M"
0.579279279279279,0.849753040648626,"Total correction","Even M"
0.581081081081081,0.849276101732816,"Total correction","Even M"
0.582882882882883,0.848795328619511,"Total correction","Even M"
0.584684684684685,0.848310669830944,"Total correction","Even M"
0.586486486486486,0.8478220730029,"Total correction","Even M"
0.588288288288288,0.847329484866023,"Total correction","Even M"
0.59009009009009,0.846832851226676,"Total correction","Even M"
0.591891891891892,0.846332116947343,"Total correction","Even M"
0.593693693693694,0.845827225926561,"Total correction","Even M"
0.595495495495496,0.845318121078359,"Total correction","Even M"
0.597297297297297,0.844804744311209,"Total correction","Even M"
0.599099099099099,0.844287036506466,"Total correction","Even M"
0.600900900900901,0.843764937496279,"Total correction","Even M"
0.602702702702703,0.843238386040969,"Total correction","Even M"
0.604504504504504,0.84270731980586,"Total correction","Even M"
0.606306306306306,0.842171675337537,"Total correction","Even M"
0.608108108108108,0.841631388039529,"Total correction","Even M"
0.60990990990991,0.841086392147395,"Total correction","Even M"
0.611711711711712,0.8405366207032,"Total correction","Even M"
0.613513513513514,0.839982005529362,"Total correction","Even M"
0.615315315315315,0.839422477201857,"Total correction","Even M"
0.617117117117117,0.838857965022765,"Total correction","Even M"
0.618918918918919,0.838288396992133,"Total correction","Even M"
0.620720720720721,0.837713699779151,"Total correction","Even M"
0.622522522522522,0.837133798692604,"Total correction","Even M"
0.624324324324324,0.836548617650597,"Total correction","Even M"
0.626126126126126,0.835958079149528,"Total correction","Even M"
0.627927927927928,0.835362104232289,"Total correction","Even M"
0.62972972972973,0.834760612455668,"Total correction","Even M"
0.631531531531532,0.834153521856948,"Total correction","Even M"
0.633333333333333,0.833540748919659,"Total correction","Even M"
0.635135135135135,0.832922208538487,"Total correction","Even M"
0.636936936936937,0.832297813983291,"Total correction","Even M"
0.638738738738739,0.831667476862218,"Total correction","Even M"
0.640540540540541,0.831031107083903,"Total correction","Even M"
0.642342342342342,0.830388612818697,"Total correction","Even M"
0.644144144144144,0.829739900458938,"Total correction","Even M"
0.645945945945946,0.829084874578205,"Total correction","Even M"
0.647747747747748,0.828423437889546,"Total correction","Even M"
0.649549549549549,0.827755491202654,"Total correction","Even M"
0.651351351351351,0.827080933379949,"Total correction","Even M"
0.653153153153153,0.826399661291552,"Total correction","Even M"
0.654954954954955,0.825711569769112,"Total correction","Even M"
0.656756756756757,0.825016551558458,"Total correction","Even M"
0.658558558558559,0.824314497271051,"Total correction","Even M"
0.66036036036036,0.823605295334187,"Total correction","Even M"
0.662162162162162,0.822888831939941,"Total correction","Even M"
0.663963963963964,0.822164990992795,"Total correction","Even M"
0.665765765765766,0.821433654055935,"Total correction","Even M"
0.667567567567568,0.820694700296164,"Total correction","Even M"
0.669369369369369,0.819948006427413,"Total correction","Even M"
0.671171171171171,0.819193446652788,"Total correction","Even M"
0.672972972972973,0.818430892605141,"Total correction","Even M"
0.674774774774775,0.817660213286103,"Total correction","Even M"
0.676576576576577,0.816881275003548,"Total correction","Even M"
0.678378378378378,0.816093941307454,"Total correction","Even M"
0.68018018018018,0.815298072924094,"Total correction","Even M"
0.681981981981982,0.81449352768854,"Total correction","Even M"
0.683783783783784,0.813680160475415,"Total correction","Even M"
0.685585585585586,0.812857823127855,"Total correction","Even M"
0.687387387387387,0.812026364384633,"Total correction","Even M"
0.689189189189189,0.811185629805391,"Total correction","Even M"
0.690990990990991,0.810335461693934,"Total correction","Even M"
0.692792792792793,0.809475699019529,"Total correction","Even M"
0.694594594594594,0.808606177336165,"Total correction","Even M"
0.696396396396396,0.807726728699705,"Total correction","Even M"
0.698198198198198,0.806837181582887,"Total correction","Even M"
0.7,0.805937360788113,"Total correction","Even M"
0.701801801801802,0.805027087357953,"Total correction","Even M"
0.703603603603604,0.80410617848333,"Total correction","Even M"
0.705405405405405,0.803174447409299,"Total correction","Even M"
0.707207207207207,0.80223170333836,"Total correction","Even M"
0.709009009009009,0.801277751331259,"Total correction","Even M"
0.710810810810811,0.800312392205178,"Total correction","Even M"
0.712612612612613,0.799335422429274,"Total correction","Even M"
0.714414414414414,0.79834663401747,"Total correction","Even M"
0.716216216216216,0.797345814418451,"Total correction","Even M"
0.718018018018018,0.796332746402763,"Total correction","Even M"
0.71981981981982,0.795307207946963,"Total correction","Even M"
0.721621621621622,0.79426897211472,"Total correction","Even M"
0.723423423423423,0.7932178069348,"Total correction","Even M"
0.725225225225225,0.792153475275846,"Total correction","Even M"
0.727027027027027,0.79107573471787,"Total correction","Even M"
0.728828828828829,0.789984337420364,"Total correction","Even M"
0.730630630630631,0.788879029986952,"Total correction","Even M"
0.732432432432432,0.787759553326472,"Total correction","Even M"
0.734234234234234,0.786625642510418,"Total correction","Even M"
0.736036036036036,0.785477026626619,"Total correction","Even M"
0.737837837837838,0.784313428629083,"Total correction","Even M"
0.73963963963964,0.783134565183876,"Total correction","Even M"
0.741441441441442,0.781940146510958,"Total correction","Even M"
0.743243243243243,0.780729876221847,"Total correction","Even M"
0.745045045045045,0.779503451153024,"Total correction","Even M"
0.746846846846847,0.77826056119494,"Total correction","Even M"
0.748648648648649,0.777000889116538,"Total correction","Even M"
0.75045045045045,0.775724110385153,"Total correction","Even M"
0.752252252252252,0.774429892981676,"Total correction","Even M"
0.754054054054054,0.773117897210861,"Total correction","Even M"
0.755855855855856,0.771787775506648,"Total correction","Even M"
0.757657657657658,0.770439172232366,"Total correction","Even M"
0.759459459459459,0.769071723475698,"Total correction","Even M"
0.761261261261261,0.767685056838259,"Total correction","Even M"
0.763063063063063,0.766278791219661,"Total correction","Even M"
0.764864864864865,0.76485253659591,"Total correction","Even M"
0.766666666666667,0.76340589379201,"Total correction","Even M"
0.768468468468469,0.761938454248607,"Total correction","Even M"
0.77027027027027,0.760449799782538,"Total correction","Even M"
0.772072072072072,0.758939502341127,"Total correction","Even M"
0.773873873873874,0.757407123750062,"Total correction","Even M"
0.775675675675676,0.755852215454718,"Total correction","Even M"
0.777477477477477,0.754274318254731,"Total correction","Even M"
0.779279279279279,0.75267296203169,"Total correction","Even M"
0.781081081081081,0.751047665469749,"Total correction","Even M"
0.782882882882883,0.749397935769015,"Total correction","Even M"
0.784684684684685,0.747723268351514,"Total correction","Even M"
0.786486486486487,0.746023146559571,"Total correction","Even M"
0.788288288288288,0.744297041346425,"Total correction","Even M"
0.79009009009009,0.742544410958884,"Total correction","Even M"
0.791891891891892,0.740764700611845,"Total correction","Even M"
0.793693693693694,0.738957342154492,"Total correction","Even M"
0.795495495495495,0.73712175372797,"Total correction","Even M"
0.797297297297297,0.735257339414353,"Total correction","Even M"
0.799099099099099,0.733363488876704,"Total correction","Even M"
0.800900900900901,0.731439576990036,"Total correction","Even M"
0.802702702702703,0.729484963462967,"Total correction","Even M"
0.804504504504505,0.727498992449877,"Total correction","Even M"
0.806306306306306,0.725480992153352,"Total correction","Even M"
0.808108108108108,0.723430274416728,"Total correction","Even M"
0.80990990990991,0.721346134306516,"Total correction","Even M"
0.811711711711712,0.71922784968451,"Total correction","Even M"
0.813513513513514,0.717074680769375,"Total correction","Even M"
0.815315315315315,0.714885869687491,"Total correction","Even M"
0.817117117117117,0.712660640012879,"Total correction","Even M"
0.818918918918919,0.710398196295976,"Total correction","Even M"
0.820720720720721,0.708097723581062,"Total correction","Even M"
0.822522522522522,0.705758386912147,"Total correction","Even M"
0.824324324324324,0.703379330827104,"Total correction","Even M"
0.826126126126126,0.700959678839857,"Total correction","Even M"
0.827927927927928,0.698498532910421,"Total correction","Even M"
0.82972972972973,0.695994972902612,"Total correction","Even M"
0.831531531531532,0.693448056029225,"Total correction","Even M"
0.833333333333333,0.690856816284507,"Total correction","Even M"
0.835135135135135,0.688220263863736,"Total correction","Even M"
0.836936936936937,0.685537384569734,"Total correction","Even M"
0.838738738738739,0.682807139206154,"Total correction","Even M"
0.840540540540541,0.680028462957359,"Total correction","Even M"
0.842342342342342,0.677200264754766,"Total correction","Even M"
0.844144144144144,0.674321426629478,"Total correction","Even M"
0.845945945945946,0.671390803051093,"Total correction","Even M"
0.847747747747748,0.668407220252536,"Total correction","Even M"
0.84954954954955,0.665369475540823,"Total correction","Even M"
0.851351351351351,0.662276336593609,"Total correction","Even M"
0.853153153153153,0.659126540741463,"Total correction","Even M"
0.854954954954955,0.655918794235755,"Total correction","Even M"
0.856756756756757,0.652651771502088,"Total correction","Even M"
0.858558558558559,0.649324114379216,"Total correction","Even M"
0.86036036036036,0.645934431343393,"Total correction","Even M"
0.862162162162162,0.642481296718117,"Total correction","Even M"
0.863963963963964,0.638963249869257,"Total correction","Even M"
0.865765765765766,0.635378794385536,"Total correction","Even M"
0.867567567567567,0.631726397244391,"Total correction","Even M"
0.869369369369369,0.628004487963222,"Total correction","Even M"
0.871171171171171,0.62421145773607,"Total correction","Even M"
0.872972972972973,0.620345658555767,"Total correction","Even M"
0.874774774774775,0.616405402321621,"Total correction","Even M"
0.876576576576577,0.612388959932725,"Total correction","Even M"
0.878378378378378,0.608294560366962,"Total correction","Even M"
0.88018018018018,0.604120389745826,"Total correction","Even M"
0.881981981981982,0.599864590385169,"Total correction","Even M"
0.883783783783784,0.595525259832009,"Total correction","Even M"
0.885585585585586,0.591100449887533,"Total correction","Even M"
0.887387387387387,0.586588165616462,"Total correction","Even M"
0.889189189189189,0.581986364342936,"Total correction","Even M"
0.890990990990991,0.577292954633086,"Total correction","Even M"
0.892792792792793,0.57250579526451,"Total correction","Even M"
0.894594594594595,0.567622694182813,"Total correction","Even M"
0.896396396396396,0.562641407445451,"Total correction","Even M"
0.898198198198198,0.557559638153091,"Total correction","Even M"
0.9,0.552375035368713,"Total correction","Even M"
-0.9,1.4673907304993,"Variance calibration","Odd M, even Q"
-0.898198198198198,1.45687080838603,"Variance calibration","Odd M, even Q"
-0.896396396396396,1.44678713351109,"Variance calibration","Odd M, even Q"
-0.894594594594595,1.43711482916183,"Variance calibration","Odd M, even Q"
-0.892792792792793,1.42783076218568,"Variance calibration","Odd M, even Q"
-0.890990990990991,1.41891339832149,"Variance calibration","Odd M, even Q"
-0.889189189189189,1.41034267146494,"Variance calibration","Odd M, even Q"
-0.887387387387387,1.40209986533625,"Variance calibration","Odd M, even Q"
-0.885585585585586,1.39416750620761,"Variance calibration","Odd M, even Q"
-0.883783783783784,1.38652926551079,"Variance calibration","Odd M, even Q"
-0.881981981981982,1.37916987128703,"Variance calibration","Odd M, even Q"
-0.88018018018018,1.37207502756347,"Variance calibration","Odd M, even Q"
-0.878378378378378,1.36523134084709,"Variance calibration","Odd M, even Q"
-0.876576576576577,1.35862625302001,"Variance calibration","Odd M, even Q"
-0.874774774774775,1.35224798000072,"Variance calibration","Odd M, even Q"
-0.872972972972973,1.34608545560692,"Variance calibration","Odd M, even Q"
-0.871171171171171,1.34012828011736,"Variance calibration","Odd M, even Q"
-0.869369369369369,1.33436667308512,"Variance calibration","Odd M, even Q"
-0.867567567567568,1.32879143000229,"Variance calibration","Odd M, even Q"
-0.865765765765766,1.32339388245826,"Variance calibration","Odd M, even Q"
-0.863963963963964,1.31816586147147,"Variance calibration","Odd M, even Q"
-0.862162162162162,1.31309966370721,"Variance calibration","Odd M, even Q"
-0.86036036036036,1.30818802032315,"Variance calibration","Odd M, even Q"
-0.858558558558559,1.30342406821082,"Variance calibration","Odd M, even Q"
-0.856756756756757,1.29880132342328,"Variance calibration","Odd M, even Q"
-0.854954954954955,1.29431365660076,"Variance calibration","Odd M, even Q"
-0.853153153153153,1.28995527022373,"Variance calibration","Odd M, even Q"
-0.851351351351351,1.28572067753926,"Variance calibration","Odd M, even Q"
-0.84954954954955,1.2816046830211,"Variance calibration","Odd M, even Q"
-0.847747747747748,1.27760236423723,"Variance calibration","Odd M, even Q"
-0.845945945945946,1.27370905500985,"Variance calibration","Odd M, even Q"
-0.844144144144144,1.26992032976372,"Variance calibration","Odd M, even Q"
-0.842342342342342,1.26623198896787,"Variance calibration","Odd M, even Q"
-0.840540540540541,1.26264004558439,"Variance calibration","Odd M, even Q"
-0.838738738738739,1.25914071244552,"Variance calibration","Odd M, even Q"
-0.836936936936937,1.25573039048726,"Variance calibration","Odd M, even Q"
-0.835135135135135,1.25240565777387,"Variance calibration","Odd M, even Q"
-0.833333333333333,1.24916325925322,"Variance calibration","Odd M, even Q"
-0.831531531531532,1.24600009718817,"Variance calibration","Odd M, even Q"
-0.82972972972973,1.24291322221371,"Variance calibration","Odd M, even Q"
-0.827927927927928,1.23989982497361,"Variance calibration","Odd M, even Q"
-0.826126126126126,1.23695722829452,"Variance calibration","Odd M, even Q"
-0.824324324324324,1.2340828798584,"Variance calibration","Odd M, even Q"
-0.822522522522523,1.23127434533777,"Variance calibration","Odd M, even Q"
-0.820720720720721,1.22852930196081,"Variance calibration","Odd M, even Q"
-0.818918918918919,1.22584553247611,"Variance calibration","Odd M, even Q"
-0.817117117117117,1.2232209194891,"Variance calibration","Odd M, even Q"
-0.815315315315315,1.22065344014464,"Variance calibration","Odd M, even Q"
-0.813513513513514,1.21814116113177,"Variance calibration","Odd M, even Q"
-0.811711711711712,1.21568223398898,"Variance calibration","Odd M, even Q"
-0.80990990990991,1.21327489068951,"Variance calibration","Odd M, even Q"
-0.808108108108108,1.21091743948814,"Variance calibration","Odd M, even Q"
-0.806306306306306,1.208608261012,"Variance calibration","Odd M, even Q"
-0.804504504504505,1.20634580457936,"Variance calibration","Odd M, even Q"
-0.802702702702703,1.20412858473159,"Variance calibration","Odd M, even Q"
-0.800900900900901,1.20195517796436,"Variance calibration","Odd M, even Q"
-0.799099099099099,1.19982421964543,"Variance calibration","Odd M, even Q"
-0.797297297297297,1.19773440110691,"Variance calibration","Odd M, even Q"
-0.795495495495495,1.19568446690122,"Variance calibration","Odd M, even Q"
-0.793693693693694,1.19367321221017,"Variance calibration","Odd M, even Q"
-0.791891891891892,1.19169948039783,"Variance calibration","Odd M, even Q"
-0.79009009009009,1.18976216069823,"Variance calibration","Odd M, even Q"
-0.788288288288288,1.18786018602945,"Variance calibration","Odd M, even Q"
-0.786486486486486,1.18599253092664,"Variance calibration","Odd M, even Q"
-0.784684684684685,1.18415820958653,"Variance calibration","Odd M, even Q"
-0.782882882882883,1.18235627401687,"Variance calibration","Odd M, even Q"
-0.781081081081081,1.18058581228439,"Variance calibration","Odd M, even Q"
-0.779279279279279,1.1788459468556,"Variance calibration","Odd M, even Q"
-0.777477477477478,1.17713583302474,"Variance calibration","Odd M, even Q"
-0.775675675675676,1.175454657424,"Variance calibration","Odd M, even Q"
-0.773873873873874,1.17380163661095,"Variance calibration","Odd M, even Q"
-0.772072072072072,1.17217601572906,"Variance calibration","Odd M, even Q"
-0.77027027027027,1.17057706723671,"Variance calibration","Odd M, even Q"
-0.768468468468469,1.16900408970111,"Variance calibration","Odd M, even Q"
-0.766666666666667,1.16745640665325,"Variance calibration","Odd M, even Q"
-0.764864864864865,1.16593336550053,"Variance calibration","Odd M, even Q"
-0.763063063063063,1.16443433649378,"Variance calibration","Odd M, even Q"
-0.761261261261261,1.16295871174564,"Variance calibration","Odd M, even Q"
-0.759459459459459,1.16150590429751,"Variance calibration","Odd M, even Q"
-0.757657657657658,1.16007534723235,"Variance calibration","Odd M, even Q"
-0.755855855855856,1.15866649283079,"Variance calibration","Odd M, even Q"
-0.754054054054054,1.15727881176828,"Variance calibration","Odd M, even Q"
-0.752252252252252,1.15591179235093,"Variance calibration","Odd M, even Q"
-0.75045045045045,1.15456493978814,"Variance calibration","Odd M, even Q"
-0.748648648648649,1.15323777549981,"Variance calibration","Odd M, even Q"
-0.746846846846847,1.15192983645654,"Variance calibration","Odd M, even Q"
-0.745045045045045,1.15064067455087,"Variance calibration","Odd M, even Q"
-0.743243243243243,1.14936985599809,"Variance calibration","Odd M, even Q"
-0.741441441441441,1.1481169607649,"Variance calibration","Odd M, even Q"
-0.73963963963964,1.14688158202464,"Variance calibration","Odd M, even Q"
-0.737837837837838,1.1456633256376,"Variance calibration","Odd M, even Q"
-0.736036036036036,1.14446180965517,"Variance calibration","Odd M, even Q"
-0.734234234234234,1.14327666384657,"Variance calibration","Odd M, even Q"
-0.732432432432433,1.14210752924706,"Variance calibration","Odd M, even Q"
-0.730630630630631,1.14095405772647,"Variance calibration","Odd M, even Q"
-0.728828828828829,1.13981591157716,"Variance calibration","Odd M, even Q"
-0.727027027027027,1.13869276312017,"Variance calibration","Odd M, even Q"
-0.725225225225225,1.13758429432905,"Variance calibration","Odd M, even Q"
-0.723423423423423,1.13649019647005,"Variance calibration","Odd M, even Q"
-0.721621621621622,1.13541016975822,"Variance calibration","Odd M, even Q"
-0.71981981981982,1.13434392302843,"Variance calibration","Odd M, even Q"
-0.718018018018018,1.13329117342066,"Variance calibration","Odd M, even Q"
-0.716216216216216,1.13225164607884,"Variance calibration","Odd M, even Q"
-0.714414414414414,1.13122507386263,"Variance calibration","Odd M, even Q"
-0.712612612612613,1.13021119707139,"Variance calibration","Odd M, even Q"
-0.710810810810811,1.12920976317997,"Variance calibration","Odd M, even Q"
-0.709009009009009,1.12822052658551,"Variance calibration","Odd M, even Q"
-0.707207207207207,1.12724324836492,"Variance calibration","Odd M, even Q"
-0.705405405405405,1.12627769604244,"Variance calibration","Odd M, even Q"
-0.703603603603604,1.12532364336682,"Variance calibration","Odd M, even Q"
-0.701801801801802,1.12438087009768,"Variance calibration","Odd M, even Q"
-0.7,1.12344916180063,"Variance calibration","Odd M, even Q"
-0.698198198198198,1.12252830965073,"Variance calibration","Odd M, even Q"
-0.696396396396396,1.12161811024387,"Variance calibration","Odd M, even Q"
-0.694594594594595,1.12071836541583,"Variance calibration","Odd M, even Q"
-0.692792792792793,1.11982888206847,"Variance calibration","Odd M, even Q"
-0.690990990990991,1.11894947200296,"Variance calibration","Odd M, even Q"
-0.689189189189189,1.11807995175948,"Variance calibration","Odd M, even Q"
-0.687387387387387,1.11722014246338,"Variance calibration","Odd M, even Q"
-0.685585585585586,1.11636986967718,"Variance calibration","Odd M, even Q"
-0.683783783783784,1.11552896325851,"Variance calibration","Odd M, even Q"
-0.681981981981982,1.1146972572234,"Variance calibration","Odd M, even Q"
-0.68018018018018,1.11387458961491,"Variance calibration","Odd M, even Q"
-0.678378378378378,1.11306080237676,"Variance calibration","Odd M, even Q"
-0.676576576576577,1.11225574123173,"Variance calibration","Odd M, even Q"
-0.674774774774775,1.11145925556475,"Variance calibration","Odd M, even Q"
-0.672972972972973,1.11067119831025,"Variance calibration","Odd M, even Q"
-0.671171171171171,1.10989142584384,"Variance calibration","Odd M, even Q"
-0.669369369369369,1.10911979787793,"Variance calibration","Odd M, even Q"
-0.667567567567568,1.10835617736124,"Variance calibration","Odd M, even Q"
-0.665765765765766,1.10760043038203,"Variance calibration","Odd M, even Q"
-0.663963963963964,1.10685242607474,"Variance calibration","Odd M, even Q"
-0.662162162162162,1.10611203653021,"Variance calibration","Odd M, even Q"
-0.66036036036036,1.10537913670893,"Variance calibration","Odd M, even Q"
-0.658558558558559,1.10465360435755,"Variance calibration","Odd M, even Q"
-0.656756756756757,1.10393531992833,"Variance calibration","Odd M, even Q"
-0.654954954954955,1.10322416650135,"Variance calibration","Odd M, even Q"
-0.653153153153153,1.10252002970965,"Variance calibration","Odd M, even Q"
-0.651351351351351,1.10182279766676,"Variance calibration","Odd M, even Q"
-0.64954954954955,1.10113236089695,"Variance calibration","Odd M, even Q"
-0.647747747747748,1.10044861226778,"Variance calibration","Odd M, even Q"
-0.645945945945946,1.09977144692501,"Variance calibration","Odd M, even Q"
-0.644144144144144,1.09910076222973,"Variance calibration","Odd M, even Q"
-0.642342342342342,1.09843645769759,"Variance calibration","Odd M, even Q"
-0.640540540540541,1.09777843494017,"Variance calibration","Odd M, even Q"
-0.638738738738739,1.09712659760822,"Variance calibration","Odd M, even Q"
-0.636936936936937,1.09648085133683,"Variance calibration","Odd M, even Q"
-0.635135135135135,1.09584110369248,"Variance calibration","Odd M, even Q"
-0.633333333333333,1.09520726412172,"Variance calibration","Odd M, even Q"
-0.631531531531532,1.09457924390161,"Variance calibration","Odd M, even Q"
-0.62972972972973,1.09395695609181,"Variance calibration","Odd M, even Q"
-0.627927927927928,1.09334031548806,"Variance calibration","Odd M, even Q"
-0.626126126126126,1.09272923857738,"Variance calibration","Odd M, even Q"
-0.624324324324324,1.09212364349452,"Variance calibration","Odd M, even Q"
-0.622522522522523,1.09152344997988,"Variance calibration","Odd M, even Q"
-0.620720720720721,1.09092857933874,"Variance calibration","Odd M, even Q"
-0.618918918918919,1.0903389544018,"Variance calibration","Odd M, even Q"
-0.617117117117117,1.08975449948689,"Variance calibration","Odd M, even Q"
-0.615315315315315,1.08917514036192,"Variance calibration","Odd M, even Q"
-0.613513513513513,1.08860080420899,"Variance calibration","Odd M, even Q"
-0.611711711711712,1.0880314195895,"Variance calibration","Odd M, even Q"
-0.60990990990991,1.08746691641046,"Variance calibration","Odd M, even Q"
-0.608108108108108,1.08690722589172,"Variance calibration","Odd M, even Q"
-0.606306306306306,1.08635228053424,"Variance calibration","Odd M, even Q"
-0.604504504504505,1.08580201408926,"Variance calibration","Odd M, even Q"
-0.602702702702703,1.08525636152847,"Variance calibration","Odd M, even Q"
-0.600900900900901,1.08471525901494,"Variance calibration","Odd M, even Q"
-0.599099099099099,1.08417864387507,"Variance calibration","Odd M, even Q"
-0.597297297297297,1.08364645457117,"Variance calibration","Odd M, even Q"
-0.595495495495496,1.08311863067501,"Variance calibration","Odd M, even Q"
-0.593693693693694,1.08259511284201,"Variance calibration","Odd M, even Q"
-0.591891891891892,1.08207584278626,"Variance calibration","Odd M, even Q"
-0.59009009009009,1.08156076325617,"Variance calibration","Odd M, even Q"
-0.588288288288288,1.0810498180109,"Variance calibration","Odd M, even Q"
-0.586486486486486,1.08054295179736,"Variance calibration","Odd M, even Q"
-0.584684684684685,1.08004011032796,"Variance calibration","Odd M, even Q"
-0.582882882882883,1.07954124025889,"Variance calibration","Odd M, even Q"
-0.581081081081081,1.07904628916904,"Variance calibration","Odd M, even Q"
-0.579279279279279,1.07855520553952,"Variance calibration","Odd M, even Q"
-0.577477477477478,1.07806793873372,"Variance calibration","Odd M, even Q"
-0.575675675675676,1.07758443897789,"Variance calibration","Odd M, even Q"
-0.573873873873874,1.07710465734229,"Variance calibration","Odd M, even Q"
-0.572072072072072,1.07662854572286,"Variance calibration","Odd M, even Q"
-0.57027027027027,1.07615605682328,"Variance calibration","Odd M, even Q"
-0.568468468468468,1.07568714413766,"Variance calibration","Odd M, even Q"
-0.566666666666667,1.07522176193356,"Variance calibration","Odd M, even Q"
-0.564864864864865,1.07475986523552,"Variance calibration","Odd M, even Q"
-0.563063063063063,1.074301409809,"Variance calibration","Odd M, even Q"
-0.561261261261261,1.07384635214478,"Variance calibration","Odd M, even Q"
-0.55945945945946,1.07339464944369,"Variance calibration","Odd M, even Q"
-0.557657657657658,1.07294625960179,"Variance calibration","Odd M, even Q"
-0.555855855855856,1.07250114119594,"Variance calibration","Odd M, even Q"
-0.554054054054054,1.07205925346969,"Variance calibration","Odd M, even Q"
-0.552252252252252,1.07162055631955,"Variance calibration","Odd M, even Q"
-0.55045045045045,1.07118501028162,"Variance calibration","Odd M, even Q"
-0.548648648648649,1.07075257651853,"Variance calibration","Odd M, even Q"
-0.546846846846847,1.07032321680676,"Variance calibration","Odd M, even Q"
-0.545045045045045,1.06989689352418,"Variance calibration","Odd M, even Q"
-0.543243243243243,1.069473569638,"Variance calibration","Odd M, even Q"
-0.541441441441441,1.06905320869294,"Variance calibration","Odd M, even Q"
-0.53963963963964,1.06863577479972,"Variance calibration","Odd M, even Q"
-0.537837837837838,1.06822123262388,"Variance calibration","Odd M, even Q"
-0.536036036036036,1.06780954737473,"Variance calibration","Odd M, even Q"
-0.534234234234234,1.06740068479475,"Variance calibration","Odd M, even Q"
-0.532432432432432,1.06699461114908,"Variance calibration","Odd M, even Q"
-0.530630630630631,1.06659129321537,"Variance calibration","Odd M, even Q"
-0.528828828828829,1.06619069827382,"Variance calibration","Odd M, even Q"
-0.527027027027027,1.06579279409746,"Variance calibration","Odd M, even Q"
-0.525225225225225,1.06539754894269,"Variance calibration","Odd M, even Q"
-0.523423423423423,1.06500493153999,"Variance calibration","Odd M, even Q"
-0.521621621621622,1.06461491108488,"Variance calibration","Odd M, even Q"
-0.51981981981982,1.06422745722909,"Variance calibration","Odd M, even Q"
-0.518018018018018,1.06384254007193,"Variance calibration","Odd M, even Q"
-0.516216216216216,1.06346013015183,"Variance calibration","Odd M, even Q"
-0.514414414414414,1.06308019843813,"Variance calibration","Odd M, even Q"
-0.512612612612613,1.06270271632301,"Variance calibration","Odd M, even Q"
-0.510810810810811,1.06232765561359,"Variance calibration","Odd M, even Q"
-0.509009009009009,1.06195498852428,"Variance calibration","Odd M, even Q"
-0.507207207207207,1.06158468766922,"Variance calibration","Odd M, even Q"
-0.505405405405405,1.06121672605495,"Variance calibration","Odd M, even Q"
-0.503603603603604,1.06085107707321,"Variance calibration","Odd M, even Q"
-0.501801801801802,1.06048771449388,"Variance calibration","Odd M, even Q"
-0.5,1.06012661245815,"Variance calibration","Odd M, even Q"
-0.498198198198198,1.05976774547174,"Variance calibration","Odd M, even Q"
-0.496396396396396,1.05941108839837,"Variance calibration","Odd M, even Q"
-0.494594594594595,1.05905661645328,"Variance calibration","Odd M, even Q"
-0.492792792792793,1.05870430519696,"Variance calibration","Odd M, even Q"
-0.490990990990991,1.05835413052896,"Variance calibration","Odd M, even Q"
-0.489189189189189,1.0580060686819,"Variance calibration","Odd M, even Q"
-0.487387387387387,1.05766009621552,"Variance calibration","Odd M, even Q"
-0.485585585585586,1.05731619001093,"Variance calibration","Odd M, even Q"
-0.483783783783784,1.05697432726496,"Variance calibration","Odd M, even Q"
-0.481981981981982,1.05663448548462,"Variance calibration","Odd M, even Q"
-0.48018018018018,1.05629664248166,"Variance calibration","Odd M, even Q"
-0.478378378378378,1.05596077636731,"Variance calibration","Odd M, even Q"
-0.476576576576577,1.05562686554702,"Variance calibration","Odd M, even Q"
-0.474774774774775,1.05529488871545,"Variance calibration","Odd M, even Q"
-0.472972972972973,1.05496482485144,"Variance calibration","Odd M, even Q"
-0.471171171171171,1.05463665321311,"Variance calibration","Odd M, even Q"
-0.469369369369369,1.05431035333316,"Variance calibration","Odd M, even Q"
-0.467567567567568,1.05398590501409,"Variance calibration","Odd M, even Q"
-0.465765765765766,1.0536632883237,"Variance calibration","Odd M, even Q"
-0.463963963963964,1.05334248359053,"Variance calibration","Odd M, even Q"
-0.462162162162162,1.05302347139951,"Variance calibration","Odd M, even Q"
-0.46036036036036,1.05270623258761,"Variance calibration","Odd M, even Q"
-0.458558558558559,1.05239074823961,"Variance calibration","Odd M, even Q"
-0.456756756756757,1.05207699968399,"Variance calibration","Odd M, even Q"
-0.454954954954955,1.05176496848884,"Variance calibration","Odd M, even Q"
-0.453153153153153,1.05145463645788,"Variance calibration","Odd M, even Q"
-0.451351351351351,1.05114598562657,"Variance calibration","Odd M, even Q"
-0.44954954954955,1.05083899825828,"Variance calibration","Odd M, even Q"
-0.447747747747748,1.05053365684054,"Variance calibration","Odd M, even Q"
-0.445945945945946,1.05022994408135,"Variance calibration","Odd M, even Q"
-0.444144144144144,1.0499278429056,"Variance calibration","Odd M, even Q"
-0.442342342342342,1.04962733645149,"Variance calibration","Odd M, even Q"
-0.440540540540541,1.04932840806711,"Variance calibration","Odd M, even Q"
-0.438738738738739,1.04903104130701,"Variance calibration","Odd M, even Q"
-0.436936936936937,1.04873521992888,"Variance calibration","Odd M, even Q"
-0.435135135135135,1.04844092789025,"Variance calibration","Odd M, even Q"
-0.433333333333333,1.04814814934532,"Variance calibration","Odd M, even Q"
-0.431531531531532,1.04785686864177,"Variance calibration","Odd M, even Q"
-0.42972972972973,1.04756707031768,"Variance calibration","Odd M, even Q"
-0.427927927927928,1.04727873909854,"Variance calibration","Odd M, even Q"
-0.426126126126126,1.0469918598942,"Variance calibration","Odd M, even Q"
-0.424324324324324,1.04670641779602,"Variance calibration","Odd M, even Q"
-0.422522522522523,1.04642239807395,"Variance calibration","Odd M, even Q"
-0.420720720720721,1.04613978617377,"Variance calibration","Odd M, even Q"
-0.418918918918919,1.04585856771429,"Variance calibration","Odd M, even Q"
-0.417117117117117,1.04557872848463,"Variance calibration","Odd M, even Q"
-0.415315315315315,1.04530025444163,"Variance calibration","Odd M, even Q"
-0.413513513513514,1.04502313170716,"Variance calibration","Odd M, even Q"
-0.411711711711712,1.04474734656559,"Variance calibration","Odd M, even Q"
-0.40990990990991,1.0444728854613,"Variance calibration","Odd M, even Q"
-0.408108108108108,1.04419973499614,"Variance calibration","Odd M, even Q"
-0.406306306306306,1.04392788192709,"Variance calibration","Odd M, even Q"
-0.404504504504505,1.04365731316379,"Variance calibration","Odd M, even Q"
-0.402702702702703,1.04338801576628,"Variance calibration","Odd M, even Q"
-0.400900900900901,1.04311997694264,"Variance calibration","Odd M, even Q"
-0.399099099099099,1.04285318404675,"Variance calibration","Odd M, even Q"
-0.397297297297297,1.04258762457612,"Variance calibration","Odd M, even Q"
-0.395495495495496,1.04232328616961,"Variance calibration","Odd M, even Q"
-0.393693693693694,1.04206015660542,"Variance calibration","Odd M, even Q"
-0.391891891891892,1.04179822379885,"Variance calibration","Odd M, even Q"
-0.39009009009009,1.04153747580036,"Variance calibration","Odd M, even Q"
-0.388288288288288,1.04127790079346,"Variance calibration","Odd M, even Q"
-0.386486486486487,1.04101948709275,"Variance calibration","Odd M, even Q"
-0.384684684684685,1.04076222314193,"Variance calibration","Odd M, even Q"
-0.382882882882883,1.04050609751192,"Variance calibration","Odd M, even Q"
-0.381081081081081,1.04025109889895,"Variance calibration","Odd M, even Q"
-0.379279279279279,1.03999721612267,"Variance calibration","Odd M, even Q"
-0.377477477477478,1.03974443812436,"Variance calibration","Odd M, even Q"
-0.375675675675676,1.03949275396512,"Variance calibration","Odd M, even Q"
-0.373873873873874,1.0392421528241,"Variance calibration","Odd M, even Q"
-0.372072072072072,1.03899262399678,"Variance calibration","Odd M, even Q"
-0.37027027027027,1.03874415689323,"Variance calibration","Odd M, even Q"
-0.368468468468468,1.03849674103647,"Variance calibration","Odd M, even Q"
-0.366666666666667,1.0382503660608,"Variance calibration","Odd M, even Q"
-0.364864864864865,1.03800502171017,"Variance calibration","Odd M, even Q"
-0.363063063063063,1.03776069783661,"Variance calibration","Odd M, even Q"
-0.361261261261261,1.03751738439863,"Variance calibration","Odd M, even Q"
-0.359459459459459,1.03727507145972,"Variance calibration","Odd M, even Q"
-0.357657657657658,1.03703374918679,"Variance calibration","Odd M, even Q"
-0.355855855855856,1.03679340784868,"Variance calibration","Odd M, even Q"
-0.354054054054054,1.03655403781473,"Variance calibration","Odd M, even Q"
-0.352252252252252,1.0363156295533,"Variance calibration","Odd M, even Q"
-0.35045045045045,1.03607817363038,"Variance calibration","Odd M, even Q"
-0.348648648648649,1.03584166070815,"Variance calibration","Odd M, even Q"
-0.346846846846847,1.03560608154366,"Variance calibration","Odd M, even Q"
-0.345045045045045,1.03537142698742,"Variance calibration","Odd M, even Q"
-0.343243243243243,1.03513768798211,"Variance calibration","Odd M, even Q"
-0.341441441441442,1.03490485556128,"Variance calibration","Odd M, even Q"
-0.33963963963964,1.03467292084801,"Variance calibration","Odd M, even Q"
-0.337837837837838,1.03444187505369,"Variance calibration","Odd M, even Q"
-0.336036036036036,1.03421170947674,"Variance calibration","Odd M, even Q"
-0.334234234234234,1.03398241550143,"Variance calibration","Odd M, even Q"
-0.332432432432432,1.03375398459661,"Variance calibration","Odd M, even Q"
-0.330630630630631,1.03352640831455,"Variance calibration","Odd M, even Q"
-0.328828828828829,1.03329967828979,"Variance calibration","Odd M, even Q"
-0.327027027027027,1.03307378623796,"Variance calibration","Odd M, even Q"
-0.325225225225225,1.03284872395464,"Variance calibration","Odd M, even Q"
-0.323423423423423,1.03262448331427,"Variance calibration","Odd M, even Q"
-0.321621621621622,1.03240105626902,"Variance calibration","Odd M, even Q"
-0.31981981981982,1.03217843484775,"Variance calibration","Odd M, even Q"
-0.318018018018018,1.03195661115489,"Variance calibration","Odd M, even Q"
-0.316216216216216,1.03173557736943,"Variance calibration","Odd M, even Q"
-0.314414414414414,1.03151532574387,"Variance calibration","Odd M, even Q"
-0.312612612612613,1.03129584860322,"Variance calibration","Odd M, even Q"
-0.310810810810811,1.03107713834396,"Variance calibration","Odd M, even Q"
-0.309009009009009,1.0308591874331,"Variance calibration","Odd M, even Q"
-0.307207207207207,1.03064198840716,"Variance calibration","Odd M, even Q"
-0.305405405405405,1.03042553387125,"Variance calibration","Odd M, even Q"
-0.303603603603604,1.03020981649812,"Variance calibration","Odd M, even Q"
-0.301801801801802,1.02999482902721,"Variance calibration","Odd M, even Q"
-0.3,1.02978056426375,"Variance calibration","Odd M, even Q"
-0.298198198198198,1.02956701507786,"Variance calibration","Odd M, even Q"
-0.296396396396396,1.02935417440365,"Variance calibration","Odd M, even Q"
-0.294594594594595,1.02914203523835,"Variance calibration","Odd M, even Q"
-0.292792792792793,1.02893059064146,"Variance calibration","Odd M, even Q"
-0.290990990990991,1.02871983373387,"Variance calibration","Odd M, even Q"
-0.289189189189189,1.02850975769706,"Variance calibration","Odd M, even Q"
-0.287387387387387,1.02830035577223,"Variance calibration","Odd M, even Q"
-0.285585585585586,1.02809162125954,"Variance calibration","Odd M, even Q"
-0.283783783783784,1.02788354751725,"Variance calibration","Odd M, even Q"
-0.281981981981982,1.02767612796097,"Variance calibration","Odd M, even Q"
-0.28018018018018,1.02746935606287,"Variance calibration","Odd M, even Q"
-0.278378378378378,1.02726322535091,"Variance calibration","Odd M, even Q"
-0.276576576576577,1.02705772940807,"Variance calibration","Odd M, even Q"
-0.274774774774775,1.02685286187163,"Variance calibration","Odd M, even Q"
-0.272972972972973,1.02664861643241,"Variance calibration","Odd M, even Q"
-0.271171171171171,1.02644498683407,"Variance calibration","Odd M, even Q"
-0.269369369369369,1.02624196687236,"Variance calibration","Odd M, even Q"
-0.267567567567568,1.02603955039444,"Variance calibration","Odd M, even Q"
-0.265765765765766,1.02583773129818,"Variance calibration","Odd M, even Q"
-0.263963963963964,1.02563650353147,"Variance calibration","Odd M, even Q"
-0.262162162162162,1.02543586109154,"Variance calibration","Odd M, even Q"
-0.26036036036036,1.0252357980243,"Variance calibration","Odd M, even Q"
-0.258558558558559,1.02503630842367,"Variance calibration","Odd M, even Q"
-0.256756756756757,1.02483738643094,"Variance calibration","Odd M, even Q"
-0.254954954954955,1.02463902623415,"Variance calibration","Odd M, even Q"
-0.253153153153153,1.0244412220674,"Variance calibration","Odd M, even Q"
-0.251351351351351,1.02424396821028,"Variance calibration","Odd M, even Q"
-0.24954954954955,1.02404725898725,"Variance calibration","Odd M, even Q"
-0.247747747747748,1.02385108876699,"Variance calibration","Odd M, even Q"
-0.245945945945946,1.02365545196186,"Variance calibration","Odd M, even Q"
-0.244144144144144,1.02346034302725,"Variance calibration","Odd M, even Q"
-0.242342342342342,1.02326575646106,"Variance calibration","Odd M, even Q"
-0.240540540540541,1.02307168680307,"Variance calibration","Odd M, even Q"
-0.238738738738739,1.02287812863439,"Variance calibration","Odd M, even Q"
-0.236936936936937,1.02268507657691,"Variance calibration","Odd M, even Q"
-0.235135135135135,1.02249252529275,"Variance calibration","Odd M, even Q"
-0.233333333333333,1.02230046948367,"Variance calibration","Odd M, even Q"
-0.231531531531531,1.0221089038906,"Variance calibration","Odd M, even Q"
-0.22972972972973,1.02191782329304,"Variance calibration","Odd M, even Q"
-0.227927927927928,1.02172722250858,"Variance calibration","Odd M, even Q"
-0.226126126126126,1.02153709639238,"Variance calibration","Odd M, even Q"
-0.224324324324324,1.02134743983661,"Variance calibration","Odd M, even Q"
-0.222522522522523,1.02115824776999,"Variance calibration","Odd M, even Q"
-0.220720720720721,1.0209695151573,"Variance calibration","Odd M, even Q"
-0.218918918918919,1.02078123699883,"Variance calibration","Odd M, even Q"
-0.217117117117117,1.02059340832994,"Variance calibration","Odd M, even Q"
-0.215315315315315,1.02040602422057,"Variance calibration","Odd M, even Q"
-0.213513513513514,1.02021907977476,"Variance calibration","Odd M, even Q"
-0.211711711711712,1.02003257013016,"Variance calibration","Odd M, even Q"
-0.20990990990991,1.01984649045761,"Variance calibration","Odd M, even Q"
-0.208108108108108,1.01966083596064,"Variance calibration","Odd M, even Q"
-0.206306306306306,1.01947560187504,"Variance calibration","Odd M, even Q"
-0.204504504504505,1.0192907834684,"Variance calibration","Odd M, even Q"
-0.202702702702703,1.01910637603967,"Variance calibration","Odd M, even Q"
-0.200900900900901,1.01892237491875,"Variance calibration","Odd M, even Q"
-0.199099099099099,1.018738775466,"Variance calibration","Odd M, even Q"
-0.197297297297297,1.01855557307187,"Variance calibration","Odd M, even Q"
-0.195495495495495,1.01837276315644,"Variance calibration","Odd M, even Q"
-0.193693693693694,1.01819034116904,"Variance calibration","Odd M, even Q"
-0.191891891891892,1.01800830258779,"Variance calibration","Odd M, even Q"
-0.19009009009009,1.01782664291922,"Variance calibration","Odd M, even Q"
-0.188288288288288,1.01764535769789,"Variance calibration","Odd M, even Q"
-0.186486486486486,1.01746444248593,"Variance calibration","Odd M, even Q"
-0.184684684684685,1.01728389287271,"Variance calibration","Odd M, even Q"
-0.182882882882883,1.0171037044744,"Variance calibration","Odd M, even Q"
-0.181081081081081,1.01692387293362,"Variance calibration","Odd M, even Q"
-0.179279279279279,1.01674439391904,"Variance calibration","Odd M, even Q"
-0.177477477477477,1.01656526312501,"Variance calibration","Odd M, even Q"
-0.175675675675676,1.01638647627118,"Variance calibration","Odd M, even Q"
-0.173873873873874,1.01620802910214,"Variance calibration","Odd M, even Q"
-0.172072072072072,1.01602991738704,"Variance calibration","Odd M, even Q"
-0.17027027027027,1.01585213691927,"Variance calibration","Odd M, even Q"
-0.168468468468469,1.01567468351603,"Variance calibration","Odd M, even Q"
-0.166666666666667,1.01549755301804,"Variance calibration","Odd M, even Q"
-0.164864864864865,1.01532074128918,"Variance calibration","Odd M, even Q"
-0.163063063063063,1.01514424421611,"Variance calibration","Odd M, even Q"
-0.161261261261261,1.01496805770795,"Variance calibration","Odd M, even Q"
-0.159459459459459,1.01479217769596,"Variance calibration","Odd M, even Q"
-0.157657657657658,1.01461660013317,"Variance calibration","Odd M, even Q"
-0.155855855855856,1.01444132099405,"Variance calibration","Odd M, even Q"
-0.154054054054054,1.01426633627421,"Variance calibration","Odd M, even Q"
-0.152252252252252,1.01409164199005,"Variance calibration","Odd M, even Q"
-0.15045045045045,1.01391723417845,"Variance calibration","Odd M, even Q"
-0.148648648648649,1.01374310889642,"Variance calibration","Odd M, even Q"
-0.146846846846847,1.01356926222083,"Variance calibration","Odd M, even Q"
-0.145045045045045,1.01339569024806,"Variance calibration","Odd M, even Q"
-0.143243243243243,1.01322238909371,"Variance calibration","Odd M, even Q"
-0.141441441441441,1.01304935489228,"Variance calibration","Odd M, even Q"
-0.13963963963964,1.01287658379686,"Variance calibration","Odd M, even Q"
-0.137837837837838,1.01270407197886,"Variance calibration","Odd M, even Q"
-0.136036036036036,1.01253181562765,"Variance calibration","Odd M, even Q"
-0.134234234234234,1.01235981095034,"Variance calibration","Odd M, even Q"
-0.132432432432432,1.01218805417143,"Variance calibration","Odd M, even Q"
-0.130630630630631,1.01201654153253,"Variance calibration","Odd M, even Q"
-0.128828828828829,1.01184526929207,"Variance calibration","Odd M, even Q"
-0.127027027027027,1.01167423372504,"Variance calibration","Odd M, even Q"
-0.125225225225225,1.01150343112266,"Variance calibration","Odd M, even Q"
-0.123423423423423,1.01133285779216,"Variance calibration","Odd M, even Q"
-0.121621621621622,1.01116251005642,"Variance calibration","Odd M, even Q"
-0.11981981981982,1.01099238425376,"Variance calibration","Odd M, even Q"
-0.118018018018018,1.01082247673765,"Variance calibration","Odd M, even Q"
-0.116216216216216,1.0106527838764,"Variance calibration","Odd M, even Q"
-0.114414414414414,1.01048330205296,"Variance calibration","Odd M, even Q"
-0.112612612612613,1.01031402766458,"Variance calibration","Odd M, even Q"
-0.110810810810811,1.01014495712258,"Variance calibration","Odd M, even Q"
-0.109009009009009,1.00997608685209,"Variance calibration","Odd M, even Q"
-0.107207207207207,1.00980741329177,"Variance calibration","Odd M, even Q"
-0.105405405405405,1.00963893289355,"Variance calibration","Odd M, even Q"
-0.103603603603604,1.0094706421224,"Variance calibration","Odd M, even Q"
-0.101801801801802,1.00930253745605,"Variance calibration","Odd M, even Q"
-0.1,1.00913461538472,"Variance calibration","Odd M, even Q"
-0.0981981981981982,1.00896687241089,"Variance calibration","Odd M, even Q"
-0.0963963963963964,1.00879930504907,"Variance calibration","Odd M, even Q"
-0.0945945945945946,1.0086319098255,"Variance calibration","Odd M, even Q"
-0.0927927927927928,1.00846468327793,"Variance calibration","Odd M, even Q"
-0.0909909909909909,1.00829762195538,"Variance calibration","Odd M, even Q"
-0.0891891891891892,1.00813072241789,"Variance calibration","Odd M, even Q"
-0.0873873873873874,1.00796398123626,"Variance calibration","Odd M, even Q"
-0.0855855855855856,1.00779739499183,"Variance calibration","Odd M, even Q"
-0.0837837837837838,1.00763096027625,"Variance calibration","Odd M, even Q"
-0.081981981981982,1.00746467369119,"Variance calibration","Odd M, even Q"
-0.0801801801801801,1.00729853184816,"Variance calibration","Odd M, even Q"
-0.0783783783783784,1.00713253136826,"Variance calibration","Odd M, even Q"
-0.0765765765765766,1.00696666888192,"Variance calibration","Odd M, even Q"
-0.0747747747747748,1.00680094102869,"Variance calibration","Odd M, even Q"
-0.072972972972973,1.00663534445701,"Variance calibration","Odd M, even Q"
-0.0711711711711712,1.00646987582396,"Variance calibration","Odd M, even Q"
-0.0693693693693693,1.00630453179506,"Variance calibration","Odd M, even Q"
-0.0675675675675675,1.00613930904401,"Variance calibration","Odd M, even Q"
-0.0657657657657658,1.00597420425248,"Variance calibration","Odd M, even Q"
-0.063963963963964,1.0058092141099,"Variance calibration","Odd M, even Q"
-0.0621621621621622,1.0056443353132,"Variance calibration","Odd M, even Q"
-0.0603603603603604,1.00547956456661,"Variance calibration","Odd M, even Q"
-0.0585585585585585,1.00531489858144,"Variance calibration","Odd M, even Q"
-0.0567567567567567,1.00515033407582,"Variance calibration","Odd M, even Q"
-0.0549549549549549,1.00498586777456,"Variance calibration","Odd M, even Q"
-0.0531531531531532,1.00482149640883,"Variance calibration","Odd M, even Q"
-0.0513513513513514,1.00465721671601,"Variance calibration","Odd M, even Q"
-0.0495495495495496,1.00449302543947,"Variance calibration","Odd M, even Q"
-0.0477477477477477,1.0043289193283,"Variance calibration","Odd M, even Q"
-0.0459459459459459,1.00416489513716,"Variance calibration","Odd M, even Q"
-0.0441441441441441,1.00400094962602,"Variance calibration","Odd M, even Q"
-0.0423423423423424,1.00383707955995,"Variance calibration","Odd M, even Q"
-0.0405405405405406,1.00367328170893,"Variance calibration","Odd M, even Q"
-0.0387387387387388,1.00350955284761,"Variance calibration","Odd M, even Q"
-0.0369369369369369,1.0033458897551,"Variance calibration","Odd M, even Q"
-0.0351351351351351,1.00318228921479,"Variance calibration","Odd M, even Q"
-0.0333333333333333,1.00301874801408,"Variance calibration","Odd M, even Q"
-0.0315315315315315,1.00285526294423,"Variance calibration","Odd M, even Q"
-0.0297297297297298,1.0026918308001,"Variance calibration","Odd M, even Q"
-0.027927927927928,1.00252844837998,"Variance calibration","Odd M, even Q"
-0.0261261261261261,1.00236511248535,"Variance calibration","Odd M, even Q"
-0.0243243243243243,1.00220181992067,"Variance calibration","Odd M, even Q"
-0.0225225225225225,1.00203856749321,"Variance calibration","Odd M, even Q"
-0.0207207207207207,1.0018753520128,"Variance calibration","Odd M, even Q"
-0.0189189189189189,1.00171217029163,"Variance calibration","Odd M, even Q"
-0.0171171171171172,1.00154901914406,"Variance calibration","Odd M, even Q"
-0.0153153153153153,1.00138589538639,"Variance calibration","Odd M, even Q"
-0.0135135135135135,1.00122279583668,"Variance calibration","Odd M, even Q"
-0.0117117117117117,1.00105971731451,"Variance calibration","Odd M, even Q"
-0.00990990990990992,1.00089665664079,"Variance calibration","Odd M, even Q"
-0.00810810810810814,1.00073361063756,"Variance calibration","Odd M, even Q"
-0.00630630630630635,1.00057057612778,"Variance calibration","Odd M, even Q"
-0.00450450450450446,1.00040754993511,"Variance calibration","Odd M, even Q"
-0.00270270270270268,1.00024452888373,"Variance calibration","Odd M, even Q"
-0.000900900900900892,1.00008150979809,"Variance calibration","Odd M, even Q"
0.000900900900900892,0.999918489502754,"Variance calibration","Odd M, even Q"
0.00270270270270268,0.999755464822167,"Variance calibration","Odd M, even Q"
0.00450450450450446,0.999592432580448,"Variance calibration","Odd M, even Q"
0.00630630630630635,0.999429389601192,"Variance calibration","Odd M, even Q"
0.00810810810810814,0.999266332707259,"Variance calibration","Odd M, even Q"
0.00990990990990992,0.99910325872057,"Variance calibration","Odd M, even Q"
0.0117117117117117,0.998940164461897,"Variance calibration","Odd M, even Q"
0.0135135135135135,0.998777046750663,"Variance calibration","Odd M, even Q"
0.0153153153153153,0.998613902404726,"Variance calibration","Odd M, even Q"
0.0171171171171172,0.99845072824018,"Variance calibration","Odd M, even Q"
0.0189189189189189,0.998287521071142,"Variance calibration","Odd M, even Q"
0.0207207207207207,0.998124277709549,"Variance calibration","Odd M, even Q"
0.0225225225225225,0.997960994964947,"Variance calibration","Odd M, even Q"
0.0243243243243243,0.997797669644281,"Variance calibration","Odd M, even Q"
0.0261261261261261,0.997634298551692,"Variance calibration","Odd M, even Q"
0.0279279279279279,0.997470878488304,"Variance calibration","Odd M, even Q"
0.0297297297297298,0.997307406252015,"Variance calibration","Odd M, even Q"
0.0315315315315315,0.997143878637287,"Variance calibration","Odd M, even Q"
0.0333333333333333,0.996980292434938,"Variance calibration","Odd M, even Q"
0.0351351351351351,0.996816644431927,"Variance calibration","Odd M, even Q"
0.0369369369369369,0.996652931411148,"Variance calibration","Odd M, even Q"
0.0387387387387387,0.996489150151212,"Variance calibration","Odd M, even Q"
0.0405405405405406,0.99632529742624,"Variance calibration","Odd M, even Q"
0.0423423423423424,0.996161370005646,"Variance calibration","Odd M, even Q"
0.0441441441441441,0.995997364653926,"Variance calibration","Odd M, even Q"
0.0459459459459459,0.995833278130441,"Variance calibration","Odd M, even Q"
0.0477477477477477,0.995669107189203,"Variance calibration","Odd M, even Q"
0.0495495495495495,0.99550484857866,"Variance calibration","Odd M, even Q"
0.0513513513513514,0.995340499041478,"Variance calibration","Odd M, even Q"
0.0531531531531532,0.995176055314325,"Variance calibration","Odd M, even Q"
0.0549549549549549,0.995011514127648,"Variance calibration","Odd M, even Q"
0.0567567567567567,0.994846872205463,"Variance calibration","Odd M, even Q"
0.0585585585585585,0.994682126265124,"Variance calibration","Odd M, even Q"
0.0603603603603603,0.994517273017112,"Variance calibration","Odd M, even Q"
0.0621621621621622,0.994352309164805,"Variance calibration","Odd M, even Q"
0.063963963963964,0.99418723140426,"Variance calibration","Odd M, even Q"
0.0657657657657658,0.994022036423987,"Variance calibration","Odd M, even Q"
0.0675675675675675,0.993856720904726,"Variance calibration","Odd M, even Q"
0.0693693693693693,0.993691281519218,"Variance calibration","Odd M, even Q"
0.0711711711711711,0.993525714931979,"Variance calibration","Odd M, even Q"
0.072972972972973,0.993360017799072,"Variance calibration","Odd M, even Q"
0.0747747747747748,0.993194186767879,"Variance calibration","Odd M, even Q"
0.0765765765765766,0.993028218476867,"Variance calibration","Odd M, even Q"
0.0783783783783784,0.992862109555357,"Variance calibration","Odd M, even Q"
0.0801801801801801,0.992695856623292,"Variance calibration","Odd M, even Q"
0.0819819819819819,0.992529456291002,"Variance calibration","Odd M, even Q"
0.0837837837837838,0.992362905158968,"Variance calibration","Odd M, even Q"
0.0855855855855856,0.992196199817581,"Variance calibration","Odd M, even Q"
0.0873873873873874,0.99202933684691,"Variance calibration","Odd M, even Q"
0.0891891891891892,0.991862312816457,"Variance calibration","Odd M, even Q"
0.0909909909909909,0.991695124284917,"Variance calibration","Odd M, even Q"
0.0927927927927927,0.991527767799931,"Variance calibration","Odd M, even Q"
0.0945945945945946,0.991360239897849,"Variance calibration","Odd M, even Q"
0.0963963963963964,0.991192537103474,"Variance calibration","Odd M, even Q"
0.0981981981981982,0.991024655929822,"Variance calibration","Odd M, even Q"
0.1,0.990856592877867,"Variance calibration","Odd M, even Q"
0.101801801801802,0.990688344436292,"Variance calibration","Odd M, even Q"
0.103603603603604,0.990519907081235,"Variance calibration","Odd M, even Q"
0.105405405405405,0.990351277276033,"Variance calibration","Odd M, even Q"
0.107207207207207,0.990182451470966,"Variance calibration","Odd M, even Q"
0.109009009009009,0.990013426102999,"Variance calibration","Odd M, even Q"
0.110810810810811,0.989844197595518,"Variance calibration","Odd M, even Q"
0.112612612612613,0.989674762358073,"Variance calibration","Odd M, even Q"
0.114414414414414,0.989505116786106,"Variance calibration","Odd M, even Q"
0.116216216216216,0.989335257260691,"Variance calibration","Odd M, even Q"
0.118018018018018,0.98916518014826,"Variance calibration","Odd M, even Q"
0.11981981981982,0.988994881800335,"Variance calibration","Odd M, even Q"
0.121621621621622,0.988824358553255,"Variance calibration","Odd M, even Q"
0.123423423423423,0.988653606727896,"Variance calibration","Odd M, even Q"
0.125225225225225,0.9884826226294,"Variance calibration","Odd M, even Q"
0.127027027027027,0.988311402546892,"Variance calibration","Odd M, even Q"
0.128828828828829,0.988139942753195,"Variance calibration","Odd M, even Q"
0.130630630630631,0.987968239504547,"Variance calibration","Odd M, even Q"
0.132432432432433,0.987796289040319,"Variance calibration","Odd M, even Q"
0.134234234234234,0.987624087582717,"Variance calibration","Odd M, even Q"
0.136036036036036,0.987451631336492,"Variance calibration","Odd M, even Q"
0.137837837837838,0.987278916488651,"Variance calibration","Odd M, even Q"
0.13963963963964,0.98710593920815,"Variance calibration","Odd M, even Q"
0.141441441441441,0.986932695645603,"Variance calibration","Odd M, even Q"
0.143243243243243,0.98675918193297,"Variance calibration","Odd M, even Q"
0.145045045045045,0.98658539418326,"Variance calibration","Odd M, even Q"
0.146846846846847,0.986411328490216,"Variance calibration","Odd M, even Q"
0.148648648648649,0.986236980928005,"Variance calibration","Odd M, even Q"
0.15045045045045,0.986062347550905,"Variance calibration","Odd M, even Q"
0.152252252252252,0.985887424392986,"Variance calibration","Odd M, even Q"
0.154054054054054,0.98571220746779,"Variance calibration","Odd M, even Q"
0.155855855855856,0.985536692768006,"Variance calibration","Odd M, even Q"
0.157657657657658,0.985360876265145,"Variance calibration","Odd M, even Q"
0.159459459459459,0.985184753909208,"Variance calibration","Odd M, even Q"
0.161261261261261,0.985008321628351,"Variance calibration","Odd M, even Q"
0.163063063063063,0.984831575328555,"Variance calibration","Odd M, even Q"
0.164864864864865,0.984654510893275,"Variance calibration","Odd M, even Q"
0.166666666666667,0.984477124183107,"Variance calibration","Odd M, even Q"
0.168468468468468,0.98429941103543,"Variance calibration","Odd M, even Q"
0.17027027027027,0.984121367264066,"Variance calibration","Odd M, even Q"
0.172072072072072,0.983942988658916,"Variance calibration","Odd M, even Q"
0.173873873873874,0.983764270985604,"Variance calibration","Odd M, even Q"
0.175675675675676,0.98358520998512,"Variance calibration","Odd M, even Q"
0.177477477477478,0.983405801373446,"Variance calibration","Odd M, even Q"
0.179279279279279,0.98322604084119,"Variance calibration","Odd M, even Q"
0.181081081081081,0.983045924053211,"Variance calibration","Odd M, even Q"
0.182882882882883,0.982865446648243,"Variance calibration","Odd M, even Q"
0.184684684684685,0.982684604238506,"Variance calibration","Odd M, even Q"
0.186486486486486,0.982503392409327,"Variance calibration","Odd M, even Q"
0.188288288288288,0.982321806718745,"Variance calibration","Odd M, even Q"
0.19009009009009,0.982139842697113,"Variance calibration","Odd M, even Q"
0.191891891891892,0.981957495846706,"Variance calibration","Odd M, even Q"
0.193693693693694,0.981774761641306,"Variance calibration","Odd M, even Q"
0.195495495495495,0.981591635525802,"Variance calibration","Odd M, even Q"
0.197297297297297,0.981408112915772,"Variance calibration","Odd M, even Q"
0.199099099099099,0.981224189197063,"Variance calibration","Odd M, even Q"
0.200900900900901,0.98103985972537,"Variance calibration","Odd M, even Q"
0.202702702702703,0.980855119825808,"Variance calibration","Odd M, even Q"
0.204504504504505,0.980669964792475,"Variance calibration","Odd M, even Q"
0.206306306306306,0.980484389888016,"Variance calibration","Odd M, even Q"
0.208108108108108,0.980298390343178,"Variance calibration","Odd M, even Q"
0.20990990990991,0.980111961356361,"Variance calibration","Odd M, even Q"
0.211711711711712,0.979925098093164,"Variance calibration","Odd M, even Q"
0.213513513513513,0.979737795685922,"Variance calibration","Odd M, even Q"
0.215315315315315,0.979550049233244,"Variance calibration","Odd M, even Q"
0.217117117117117,0.979361853799537,"Variance calibration","Odd M, even Q"
0.218918918918919,0.979173204414534,"Variance calibration","Odd M, even Q"
0.220720720720721,0.978984096072804,"Variance calibration","Odd M, even Q"
0.222522522522523,0.978794523733269,"Variance calibration","Odd M, even Q"
0.224324324324324,0.978604482318703,"Variance calibration","Odd M, even Q"
0.226126126126126,0.978413966715236,"Variance calibration","Odd M, even Q"
0.227927927927928,0.97822297177184,"Variance calibration","Odd M, even Q"
0.22972972972973,0.978031492299818,"Variance calibration","Odd M, even Q"
0.231531531531531,0.977839523072284,"Variance calibration","Odd M, even Q"
0.233333333333333,0.977647058823631,"Variance calibration","Odd M, even Q"
0.235135135135135,0.977454094248999,"Variance calibration","Odd M, even Q"
0.236936936936937,0.977260624003734,"Variance calibration","Odd M, even Q"
0.238738738738739,0.977066642702839,"Variance calibration","Odd M, even Q"
0.240540540540541,0.976872144920417,"Variance calibration","Odd M, even Q"
0.242342342342342,0.976677125189109,"Variance calibration","Odd M, even Q"
0.244144144144144,0.976481577999522,"Variance calibration","Odd M, even Q"
0.245945945945946,0.976285497799656,"Variance calibration","Odd M, even Q"
0.247747747747748,0.97608887899431,"Variance calibration","Odd M, even Q"
0.24954954954955,0.975891715944497,"Variance calibration","Odd M, even Q"
0.251351351351351,0.975694002966837,"Variance calibration","Odd M, even Q"
0.253153153153153,0.975495734332948,"Variance calibration","Odd M, even Q"
0.254954954954955,0.97529690426883,"Variance calibration","Odd M, even Q"
0.256756756756757,0.975097506954239,"Variance calibration","Odd M, even Q"
0.258558558558558,0.97489753652205,"Variance calibration","Odd M, even Q"
0.26036036036036,0.974696987057613,"Variance calibration","Odd M, even Q"
0.262162162162162,0.974495852598105,"Variance calibration","Odd M, even Q"
0.263963963963964,0.974294127131865,"Variance calibration","Odd M, even Q"
0.265765765765766,0.974091804597723,"Variance calibration","Odd M, even Q"
0.267567567567568,0.973888878884323,"Variance calibration","Odd M, even Q"
0.269369369369369,0.973685343829431,"Variance calibration","Odd M, even Q"
0.271171171171171,0.973481193219237,"Variance calibration","Odd M, even Q"
0.272972972972973,0.973276420787647,"Variance calibration","Odd M, even Q"
0.274774774774775,0.973071020215564,"Variance calibration","Odd M, even Q"
0.276576576576577,0.972864985130155,"Variance calibration","Odd M, even Q"
0.278378378378378,0.972658309104116,"Variance calibration","Odd M, even Q"
0.28018018018018,0.972450985654922,"Variance calibration","Odd M, even Q"
0.281981981981982,0.972243008244062,"Variance calibration","Odd M, even Q"
0.283783783783784,0.972034370276272,"Variance calibration","Odd M, even Q"
0.285585585585586,0.971825065098747,"Variance calibration","Odd M, even Q"
0.287387387387387,0.971615086000351,"Variance calibration","Odd M, even Q"
0.289189189189189,0.971404426210808,"Variance calibration","Odd M, even Q"
0.290990990990991,0.971193078899888,"Variance calibration","Odd M, even Q"
0.292792792792793,0.970981037176571,"Variance calibration","Odd M, even Q"
0.294594594594595,0.970768294088211,"Variance calibration","Odd M, even Q"
0.296396396396396,0.970554842619679,"Variance calibration","Odd M, even Q"
0.298198198198198,0.970340675692495,"Variance calibration","Odd M, even Q"
0.3,0.970125786163951,"Variance calibration","Odd M, even Q"
0.301801801801802,0.969910166826213,"Variance calibration","Odd M, even Q"
0.303603603603604,0.969693810405418,"Variance calibration","Odd M, even Q"
0.305405405405406,0.969476709560754,"Variance calibration","Odd M, even Q"
0.307207207207207,0.969258856883525,"Variance calibration","Odd M, even Q"
0.309009009009009,0.969040244896199,"Variance calibration","Odd M, even Q"
0.310810810810811,0.968820866051452,"Variance calibration","Odd M, even Q"
0.312612612612613,0.968600712731186,"Variance calibration","Odd M, even Q"
0.314414414414414,0.968379777245535,"Variance calibration","Odd M, even Q"
0.316216216216216,0.968158051831865,"Variance calibration","Odd M, even Q"
0.318018018018018,0.967935528653741,"Variance calibration","Odd M, even Q"
0.31981981981982,0.967712199799894,"Variance calibration","Odd M, even Q"
0.321621621621622,0.967488057283165,"Variance calibration","Odd M, even Q"
0.323423423423423,0.967263093039433,"Variance calibration","Odd M, even Q"
0.325225225225225,0.967037298926523,"Variance calibration","Odd M, even Q"
0.327027027027027,0.966810666723107,"Variance calibration","Odd M, even Q"
0.328828828828829,0.966583188127576,"Variance calibration","Odd M, even Q"
0.330630630630631,0.966354854756903,"Variance calibration","Odd M, even Q"
0.332432432432432,0.966125658145479,"Variance calibration","Odd M, even Q"
0.334234234234234,0.965895589743942,"Variance calibration","Odd M, even Q"
0.336036036036036,0.965664640917977,"Variance calibration","Odd M, even Q"
0.337837837837838,0.965432802947103,"Variance calibration","Odd M, even Q"
0.33963963963964,0.965200067023435,"Variance calibration","Odd M, even Q"
0.341441441441441,0.964966424250436,"Variance calibration","Odd M, even Q"
0.343243243243243,0.964731865641635,"Variance calibration","Odd M, even Q"
0.345045045045045,0.964496382119337,"Variance calibration","Odd M, even Q"
0.346846846846847,0.964259964513303,"Variance calibration","Odd M, even Q"
0.348648648648649,0.964022603559413,"Variance calibration","Odd M, even Q"
0.350450450450451,0.963784289898309,"Variance calibration","Odd M, even Q"
0.352252252252252,0.963545014074005,"Variance calibration","Odd M, even Q"
0.354054054054054,0.963304766532492,"Variance calibration","Odd M, even Q"
0.355855855855856,0.963063537620303,"Variance calibration","Odd M, even Q"
0.357657657657658,0.962821317583062,"Variance calibration","Odd M, even Q"
0.359459459459459,0.962578096564009,"Variance calibration","Odd M, even Q"
0.361261261261261,0.962333864602498,"Variance calibration","Odd M, even Q"
0.363063063063063,0.962088611632473,"Variance calibration","Odd M, even Q"
0.364864864864865,0.961842327480913,"Variance calibration","Odd M, even Q"
0.366666666666667,0.961595001866259,"Variance calibration","Odd M, even Q"
0.368468468468468,0.961346624396806,"Variance calibration","Odd M, even Q"
0.37027027027027,0.961097184569069,"Variance calibration","Odd M, even Q"
0.372072072072072,0.96084667176613,"Variance calibration","Odd M, even Q"
0.373873873873874,0.960595075255945,"Variance calibration","Odd M, even Q"
0.375675675675676,0.96034238418963,"Variance calibration","Odd M, even Q"
0.377477477477478,0.960088587599713,"Variance calibration","Odd M, even Q"
0.379279279279279,0.959833674398356,"Variance calibration","Odd M, even Q"
0.381081081081081,0.959577633375554,"Variance calibration","Odd M, even Q"
0.382882882882883,0.959320453197291,"Variance calibration","Odd M, even Q"
0.384684684684685,0.959062122403668,"Variance calibration","Odd M, even Q"
0.386486486486486,0.958802629407007,"Variance calibration","Odd M, even Q"
0.388288288288288,0.958541962489908,"Variance calibration","Odd M, even Q"
0.39009009009009,0.95828010980328,"Variance calibration","Odd M, even Q"
0.391891891891892,0.958017059364339,"Variance calibration","Odd M, even Q"
0.393693693693694,0.957752799054562,"Variance calibration","Odd M, even Q"
0.395495495495496,0.957487316617613,"Variance calibration","Odd M, even Q"
0.397297297297297,0.957220599657227,"Variance calibration","Odd M, even Q"
0.399099099099099,0.956952635635063,"Variance calibration","Odd M, even Q"
0.400900900900901,0.956683411868506,"Variance calibration","Odd M, even Q"
0.402702702702703,0.956412915528445,"Variance calibration","Odd M, even Q"
0.404504504504504,0.956141133636997,"Variance calibration","Odd M, even Q"
0.406306306306306,0.955868053065199,"Variance calibration","Odd M, even Q"
0.408108108108108,0.955593660530656,"Variance calibration","Odd M, even Q"
0.40990990990991,0.955317942595143,"Variance calibration","Odd M, even Q"
0.411711711711712,0.955040885662165,"Variance calibration","Odd M, even Q"
0.413513513513514,0.954762475974477,"Variance calibration","Odd M, even Q"
0.415315315315315,0.954482699611547,"Variance calibration","Odd M, even Q"
0.417117117117117,0.954201542486987,"Variance calibration","Odd M, even Q"
0.418918918918919,0.953918990345925,"Variance calibration","Odd M, even Q"
0.420720720720721,0.953635028762332,"Variance calibration","Odd M, even Q"
0.422522522522523,0.9533496431363,"Variance calibration","Odd M, even Q"
0.424324324324324,0.95306281869127,"Variance calibration","Odd M, even Q"
0.426126126126126,0.952774540471203,"Variance calibration","Odd M, even Q"
0.427927927927928,0.952484793337705,"Variance calibration","Odd M, even Q"
0.42972972972973,0.952193561967094,"Variance calibration","Odd M, even Q"
0.431531531531531,0.951900830847409,"Variance calibration","Odd M, even Q"
0.433333333333333,0.95160658427537,"Variance calibration","Odd M, even Q"
0.435135135135135,0.951310806353268,"Variance calibration","Odd M, even Q"
0.436936936936937,0.951013480985811,"Variance calibration","Odd M, even Q"
0.438738738738739,0.950714591876896,"Variance calibration","Odd M, even Q"
0.440540540540541,0.950414122526327,"Variance calibration","Odd M, even Q"
0.442342342342342,0.950112056226467,"Variance calibration","Odd M, even Q"
0.444144144144144,0.949808376058823,"Variance calibration","Odd M, even Q"
0.445945945945946,0.949503064890573,"Variance calibration","Odd M, even Q"
0.447747747747748,0.949196105371012,"Variance calibration","Odd M, even Q"
0.44954954954955,0.948887479927946,"Variance calibration","Odd M, even Q"
0.451351351351351,0.948577170763997,"Variance calibration","Odd M, even Q"
0.453153153153153,0.948265159852848,"Variance calibration","Odd M, even Q"
0.454954954954955,0.947951428935414,"Variance calibration","Odd M, even Q"
0.456756756756757,0.947635959515928,"Variance calibration","Odd M, even Q"
0.458558558558559,0.947318732857957,"Variance calibration","Odd M, even Q"
0.46036036036036,0.946999729980339,"Variance calibration","Odd M, even Q"
0.462162162162162,0.946678931653037,"Variance calibration","Odd M, even Q"
0.463963963963964,0.946356318392904,"Variance calibration","Odd M, even Q"
0.465765765765766,0.94603187045938,"Variance calibration","Odd M, even Q"
0.467567567567568,0.945705567850082,"Variance calibration","Odd M, even Q"
0.469369369369369,0.945377390296317,"Variance calibration","Odd M, even Q"
0.471171171171171,0.945047317258507,"Variance calibration","Odd M, even Q"
0.472972972972973,0.944715327921506,"Variance calibration","Odd M, even Q"
0.474774774774775,0.944381401189842,"Variance calibration","Odd M, even Q"
0.476576576576576,0.944045515682842,"Variance calibration","Odd M, even Q"
0.478378378378378,0.943707649729673,"Variance calibration","Odd M, even Q"
0.48018018018018,0.943367781364268,"Variance calibration","Odd M, even Q"
0.481981981981982,0.94302588832016,"Variance calibration","Odd M, even Q"
0.483783783783784,0.942681948025197,"Variance calibration","Odd M, even Q"
0.485585585585586,0.942335937596158,"Variance calibration","Odd M, even Q"
0.487387387387387,0.941987833833248,"Variance calibration","Odd M, even Q"
0.489189189189189,0.941637613214484,"Variance calibration","Odd M, even Q"
0.490990990990991,0.941285251889963,"Variance calibration","Odd M, even Q"
0.492792792792793,0.940930725676003,"Variance calibration","Odd M, even Q"
0.494594594594595,0.940574010049173,"Variance calibration","Odd M, even Q"
0.496396396396396,0.940215080140184,"Variance calibration","Odd M, even Q"
0.498198198198198,0.939853910727659,"Variance calibration","Odd M, even Q"
0.5,0.939490476231766,"Variance calibration","Odd M, even Q"
0.501801801801802,0.93912475070772,"Variance calibration","Odd M, even Q"
0.503603603603604,0.938756707839141,"Variance calibration","Odd M, even Q"
0.505405405405405,0.938386320931272,"Variance calibration","Odd M, even Q"
0.507207207207207,0.938013562904052,"Variance calibration","Odd M, even Q"
0.509009009009009,0.937638406285038,"Variance calibration","Odd M, even Q"
0.510810810810811,0.937260823202175,"Variance calibration","Odd M, even Q"
0.512612612612613,0.936880785376408,"Variance calibration","Odd M, even Q"
0.514414414414414,0.936498264114137,"Variance calibration","Odd M, even Q"
0.516216216216216,0.936113230299501,"Variance calibration","Odd M, even Q"
0.518018018018018,0.935725654386497,"Variance calibration","Odd M, even Q"
0.51981981981982,0.93533550639093,"Variance calibration","Odd M, even Q"
0.521621621621622,0.934942755882176,"Variance calibration","Odd M, even Q"
0.523423423423424,0.934547371974773,"Variance calibration","Odd M, even Q"
0.525225225225225,0.934149323319823,"Variance calibration","Odd M, even Q"
0.527027027027027,0.933748578096197,"Variance calibration","Odd M, even Q"
0.528828828828829,0.933345104001554,"Variance calibration","Odd M, even Q"
0.530630630630631,0.932938868243157,"Variance calibration","Odd M, even Q"
0.532432432432432,0.932529837528475,"Variance calibration","Odd M, even Q"
0.534234234234234,0.932117978055588,"Variance calibration","Odd M, even Q"
0.536036036036036,0.931703255503366,"Variance calibration","Odd M, even Q"
0.537837837837838,0.931285635021431,"Variance calibration","Odd M, even Q"
0.53963963963964,0.930865081219888,"Variance calibration","Odd M, even Q"
0.541441441441441,0.93044155815883,"Variance calibration","Odd M, even Q"
0.543243243243243,0.930015029337599,"Variance calibration","Odd M, even Q"
0.545045045045045,0.929585457683802,"Variance calibration","Odd M, even Q"
0.546846846846847,0.929152805542081,"Variance calibration","Odd M, even Q"
0.548648648648649,0.928717034662619,"Variance calibration","Odd M, even Q"
0.55045045045045,0.928278106189388,"Variance calibration","Odd M, even Q"
0.552252252252252,0.92783598064812,"Variance calibration","Odd M, even Q"
0.554054054054054,0.927390617934011,"Variance calibration","Odd M, even Q"
0.555855855855856,0.926941977299126,"Variance calibration","Odd M, even Q"
0.557657657657658,0.926490017339522,"Variance calibration","Odd M, even Q"
0.559459459459459,0.926034695982072,"Variance calibration","Odd M, even Q"
0.561261261261261,0.925575970470971,"Variance calibration","Odd M, even Q"
0.563063063063063,0.925113797353942,"Variance calibration","Odd M, even Q"
0.564864864864865,0.924648132468104,"Variance calibration","Odd M, even Q"
0.566666666666667,0.92417893092552,"Variance calibration","Odd M, even Q"
0.568468468468469,0.923706147098394,"Variance calibration","Odd M, even Q"
0.57027027027027,0.923229734603931,"Variance calibration","Odd M, even Q"
0.572072072072072,0.922749646288824,"Variance calibration","Odd M, even Q"
0.573873873873874,0.922265834213387,"Variance calibration","Odd M, even Q"
0.575675675675676,0.921778249635303,"Variance calibration","Odd M, even Q"
0.577477477477477,0.921286842992983,"Variance calibration","Odd M, even Q"
0.579279279279279,0.92079156388854,"Variance calibration","Odd M, even Q"
0.581081081081081,0.920292361070337,"Variance calibration","Odd M, even Q"
0.582882882882883,0.919789182415135,"Variance calibration","Odd M, even Q"
0.584684684684685,0.919281974909794,"Variance calibration","Odd M, even Q"
0.586486486486486,0.918770684632555,"Variance calibration","Odd M, even Q"
0.588288288288288,0.918255256733843,"Variance calibration","Odd M, even Q"
0.59009009009009,0.917735635416632,"Variance calibration","Odd M, even Q"
0.591891891891892,0.917211763916316,"Variance calibration","Odd M, even Q"
0.593693693693694,0.9166835844801,"Variance calibration","Odd M, even Q"
0.595495495495496,0.916151038345883,"Variance calibration","Odd M, even Q"
0.597297297297297,0.915614065720633,"Variance calibration","Odd M, even Q"
0.599099099099099,0.915072605758226,"Variance calibration","Odd M, even Q"
0.600900900900901,0.91452659653675,"Variance calibration","Odd M, even Q"
0.602702702702703,0.913975975035243,"Variance calibration","Odd M, even Q"
0.604504504504504,0.913420677109868,"Variance calibration","Odd M, even Q"
0.606306306306306,0.912860637469494,"Variance calibration","Odd M, even Q"
0.608108108108108,0.91229578965068,"Variance calibration","Odd M, even Q"
0.60990990990991,0.911726065992032,"Variance calibration","Odd M, even Q"
0.611711711711712,0.911151397607938,"Variance calibration","Odd M, even Q"
0.613513513513514,0.910571714361633,"Variance calibration","Odd M, even Q"
0.615315315315315,0.909986944837616,"Variance calibration","Odd M, even Q"
0.617117117117117,0.909397016313358,"Variance calibration","Odd M, even Q"
0.618918918918919,0.908801854730319,"Variance calibration","Odd M, even Q"
0.620720720720721,0.908201384664236,"Variance calibration","Odd M, even Q"
0.622522522522522,0.907595529294663,"Variance calibration","Odd M, even Q"
0.624324324324324,0.906984210373754,"Variance calibration","Odd M, even Q"
0.626126126126126,0.906367348194258,"Variance calibration","Odd M, even Q"
0.627927927927928,0.905744861556705,"Variance calibration","Odd M, even Q"
0.62972972972973,0.905116667735773,"Variance calibration","Odd M, even Q"
0.631531531531532,0.904482682445799,"Variance calibration","Odd M, even Q"
0.633333333333333,0.90384281980542,"Variance calibration","Odd M, even Q"
0.635135135135135,0.903196992301319,"Variance calibration","Odd M, even Q"
0.636936936936937,0.902545110751052,"Variance calibration","Odd M, even Q"
0.638738738738739,0.901887084264931,"Variance calibration","Odd M, even Q"
0.640540540540541,0.901222820206931,"Variance calibration","Odd M, even Q"
0.642342342342342,0.900552224154612,"Variance calibration","Odd M, even Q"
0.644144144144144,0.899875199858012,"Variance calibration","Odd M, even Q"
0.645945945945946,0.899191649197486,"Variance calibration","Odd M, even Q"
0.647747747747748,0.898501472140477,"Variance calibration","Odd M, even Q"
0.649549549549549,0.897804566697169,"Variance calibration","Odd M, even Q"
0.651351351351351,0.897100828875012,"Variance calibration","Odd M, even Q"
0.653153153153153,0.896390152632068,"Variance calibration","Odd M, even Q"
0.654954954954955,0.895672429829169,"Variance calibration","Odd M, even Q"
0.656756756756757,0.894947550180835,"Variance calibration","Odd M, even Q"
0.658558558558559,0.894215401204929,"Variance calibration","Odd M, even Q"
0.66036036036036,0.893475868171016,"Variance calibration","Odd M, even Q"
0.662162162162162,0.892728834047379,"Variance calibration","Odd M, even Q"
0.663963963963964,0.891974179446677,"Variance calibration","Odd M, even Q"
0.665765765765766,0.891211782570181,"Variance calibration","Odd M, even Q"
0.667567567567568,0.890441519150578,"Variance calibration","Odd M, even Q"
0.669369369369369,0.889663262393281,"Variance calibration","Odd M, even Q"
0.671171171171171,0.888876882916219,"Variance calibration","Odd M, even Q"
0.672972972972973,0.888082248688058,"Variance calibration","Odd M, even Q"
0.674774774774775,0.887279224964816,"Variance calibration","Odd M, even Q"
0.676576576576577,0.886467674224828,"Variance calibration","Odd M, even Q"
0.678378378378378,0.885647456102007,"Variance calibration","Odd M, even Q"
0.68018018018018,0.884818427317372,"Variance calibration","Odd M, even Q"
0.681981981981982,0.883980441608782,"Variance calibration","Odd M, even Q"
0.683783783783784,0.883133349658831,"Variance calibration","Odd M, even Q"
0.685585585585586,0.882276999020859,"Variance calibration","Odd M, even Q"
0.687387387387387,0.881411234043023,"Variance calibration","Odd M, even Q"
0.689189189189189,0.880535895790378,"Variance calibration","Odd M, even Q"
0.690990990990991,0.879650821964914,"Variance calibration","Odd M, even Q"
0.692792792792793,0.878755846823487,"Variance calibration","Odd M, even Q"
0.694594594594594,0.877850801093607,"Variance calibration","Odd M, even Q"
0.696396396396396,0.876935511886995,"Variance calibration","Odd M, even Q"
0.698198198198198,0.87600980261088,"Variance calibration","Odd M, even Q"
0.7,0.875073492876953,"Variance calibration","Odd M, even Q"
0.701801801801802,0.874126398407918,"Variance calibration","Odd M, even Q"
0.703603603603604,0.873168330941592,"Variance calibration","Odd M, even Q"
0.705405405405405,0.872199098132461,"Variance calibration","Odd M, even Q"
0.707207207207207,0.871218503450648,"Variance calibration","Odd M, even Q"
0.709009009009009,0.870226346078209,"Variance calibration","Odd M, even Q"
0.710810810810811,0.869222420802687,"Variance calibration","Odd M, even Q"
0.712612612612613,0.868206517907853,"Variance calibration","Odd M, even Q"
0.714414414414414,0.867178423061562,"Variance calibration","Odd M, even Q"
0.716216216216216,0.866137917200635,"Variance calibration","Odd M, even Q"
0.718018018018018,0.865084776412695,"Variance calibration","Odd M, even Q"
0.71981981981982,0.864018771814877,"Variance calibration","Odd M, even Q"
0.721621621621622,0.862939669429323,"Variance calibration","Odd M, even Q"
0.723423423423423,0.861847230055371,"Variance calibration","Odd M, even Q"
0.725225225225225,0.86074120913837,"Variance calibration","Odd M, even Q"
0.727027027027027,0.859621356634999,"Variance calibration","Odd M, even Q"
0.728828828828829,0.858487416875025,"Variance calibration","Odd M, even Q"
0.730630630630631,0.857339128419388,"Variance calibration","Odd M, even Q"
0.732432432432432,0.856176223914518,"Variance calibration","Odd M, even Q"
0.734234234234234,0.854998429942786,"Variance calibration","Odd M, even Q"
0.736036036036036,0.853805466868986,"Variance calibration","Odd M, even Q"
0.737837837837838,0.852597048682733,"Variance calibration","Odd M, even Q"
0.73963963963964,0.851372882836683,"Variance calibration","Odd M, even Q"
0.741441441441442,0.850132670080443,"Variance calibration","Odd M, even Q"
0.743243243243243,0.848876104290081,"Variance calibration","Odd M, even Q"
0.745045045045045,0.847602872293094,"Variance calibration","Odd M, even Q"
0.746846846846847,0.846312653688731,"Variance calibration","Odd M, even Q"
0.748648648648649,0.845005120663534,"Variance calibration","Odd M, even Q"
0.75045045045045,0.843679937801984,"Variance calibration","Odd M, even Q"
0.752252252252252,0.842336761892105,"Variance calibration","Odd M, even Q"
0.754054054054054,0.840975241725907,"Variance calibration","Odd M, even Q"
0.755855855855856,0.839595017894519,"Variance calibration","Odd M, even Q"
0.757657657657658,0.838195722577884,"Variance calibration","Odd M, even Q"
0.759459459459459,0.836776979328853,"Variance calibration","Odd M, even Q"
0.761261261261261,0.835338402851552,"Variance calibration","Odd M, even Q"
0.763063063063063,0.833879598773853,"Variance calibration","Odd M, even Q"
0.764864864864865,0.832400163413799,"Variance calibration","Odd M, even Q"
0.766666666666667,0.830899683539825,"Variance calibration","Odd M, even Q"
0.768468468468469,0.829377736124611,"Variance calibration","Odd M, even Q"
0.77027027027027,0.827833888092393,"Variance calibration","Odd M, even Q"
0.772072072072072,0.826267696059568,"Variance calibration","Odd M, even Q"
0.773873873873874,0.824678706068412,"Variance calibration","Odd M, even Q"
0.775675675675676,0.823066453313726,"Variance calibration","Odd M, even Q"
0.777477477477477,0.821430461862236,"Variance calibration","Odd M, even Q"
0.779279279279279,0.819770244364545,"Variance calibration","Odd M, even Q"
0.781081081081081,0.818085301759445,"Variance calibration","Odd M, even Q"
0.782882882882883,0.816375122970394,"Variance calibration","Odd M, even Q"
0.784684684684685,0.814639184593945,"Variance calibration","Odd M, even Q"
0.786486486486487,0.812876950579928,"Variance calibration","Odd M, even Q"
0.788288288288288,0.811087871903155,"Variance calibration","Odd M, even Q"
0.79009009009009,0.809271386226439,"Variance calibration","Odd M, even Q"
0.791891891891892,0.807426917554699,"Variance calibration","Odd M, even Q"
0.793693693693694,0.805553875879916,"Variance calibration","Odd M, even Q"
0.795495495495495,0.803651656816703,"Variance calibration","Odd M, even Q"
0.797297297297297,0.80171964122825,"Variance calibration","Odd M, even Q"
0.799099099099099,0.799757194842391,"Variance calibration","Odd M, even Q"
0.800900900900901,0.797763667857537,"Variance calibration","Odd M, even Q"
0.802702702702703,0.795738394538225,"Variance calibration","Odd M, even Q"
0.804504504504505,0.793680692799994,"Variance calibration","Odd M, even Q"
0.806306306306306,0.79158986378334,"Variance calibration","Odd M, even Q"
0.808108108108108,0.789465191416447,"Variance calibration","Odd M, even Q"
0.80990990990991,0.787305941966422,"Variance calibration","Odd M, even Q"
0.811711711711712,0.785111363578733,"Variance calibration","Odd M, even Q"
0.813513513513514,0.782880685804555,"Variance calibration","Odd M, even Q"
0.815315315315315,0.78061311911571,"Variance calibration","Odd M, even Q"
0.817117117117117,0.77830785440689,"Variance calibration","Odd M, even Q"
0.818918918918919,0.775964062484843,"Variance calibration","Odd M, even Q"
0.820720720720721,0.77358089354419,"Variance calibration","Odd M, even Q"
0.822522522522522,0.771157476629535,"Variance calibration","Odd M, even Q"
0.824324324324324,0.768692919083534,"Variance calibration","Odd M, even Q"
0.826126126126126,0.766186305980553,"Variance calibration","Odd M, even Q"
0.827927927927928,0.763636699545578,"Variance calibration","Odd M, even Q"
0.82972972972973,0.761043138557992,"Variance calibration","Odd M, even Q"
0.831531531531532,0.758404637739855,"Variance calibration","Odd M, even Q"
0.833333333333333,0.755720187128299,"Variance calibration","Odd M, even Q"
0.835135135135135,0.752988751431653,"Variance calibration","Odd M, even Q"
0.836936936936937,0.750209269368892,"Variance calibration","Odd M, even Q"
0.838738738738739,0.747380652992016,"Variance calibration","Odd M, even Q"
0.840540540540541,0.744501786990932,"Variance calibration","Odd M, even Q"
0.842342342342342,0.741571527980426,"Variance calibration","Odd M, even Q"
0.844144144144144,0.738588703768795,"Variance calibration","Odd M, even Q"
0.845945945945946,0.735552112607697,"Variance calibration","Odd M, even Q"
0.847747747747748,0.732460522422785,"Variance calibration","Odd M, even Q"
0.84954954954955,0.729312670024667,"Variance calibration","Odd M, even Q"
0.851351351351351,0.726107260299727,"Variance calibration","Odd M, even Q"
0.853153153153153,0.722842965380362,"Variance calibration","Odd M, even Q"
0.854954954954955,0.719518423794148,"Variance calibration","Odd M, even Q"
0.856756756756757,0.716132239591463,"Variance calibration","Odd M, even Q"
0.858558558558559,0.712682981451092,"Variance calibration","Odd M, even Q"
0.86036036036036,0.709169181763316,"Variance calibration","Odd M, even Q"
0.862162162162162,0.70558933569001,"Variance calibration","Odd M, even Q"
0.863963963963964,0.701941900201252,"Variance calibration","Odd M, even Q"
0.865765765765766,0.698225293087948,"Variance calibration","Odd M, even Q"
0.867567567567567,0.694437891949981,"Variance calibration","Odd M, even Q"
0.869369369369369,0.690578033159401,"Variance calibration","Odd M, even Q"
0.871171171171171,0.686644010798158,"Variance calibration","Odd M, even Q"
0.872972972972973,0.682634075569894,"Variance calibration","Odd M, even Q"
0.874774774774775,0.678546433685337,"Variance calibration","Odd M, even Q"
0.876576576576577,0.674379245720814,"Variance calibration","Odd M, even Q"
0.878378378378378,0.670130625449441,"Variance calibration","Odd M, even Q"
0.88018018018018,0.665798638644569,"Variance calibration","Odd M, even Q"
0.881981981981982,0.661381301855063,"Variance calibration","Odd M, even Q"
0.883783783783784,0.656876581152049,"Variance calibration","Odd M, even Q"
0.885585585585586,0.652282390846774,"Variance calibration","Odd M, even Q"
0.887387387387387,0.647596592179293,"Variance calibration","Odd M, even Q"
0.889189189189189,0.64281699197771,"Variance calibration","Odd M, even Q"
0.890990990990991,0.637941341287818,"Variance calibration","Odd M, even Q"
0.892792792792793,0.632967333972986,"Variance calibration","Odd M, even Q"
0.894594594594595,0.627892605284302,"Variance calibration","Odd M, even Q"
0.896396396396396,0.622714730401026,"Variance calibration","Odd M, even Q"
0.898198198198198,0.61743122294158,"Variance calibration","Odd M, even Q"
0.9,0.612039533445413,"Variance calibration","Odd M, even Q"
-0.9,0.91083792219929,"Gaussian Bartlett refinement","Odd M, even Q"
-0.898198198198198,0.911203015014527,"Gaussian Bartlett refinement","Odd M, even Q"
-0.896396396396396,0.911550963332977,"Gaussian Bartlett refinement","Odd M, even Q"
-0.894594594594595,0.911882854682589,"Gaussian Bartlett refinement","Odd M, even Q"
-0.892792792792793,0.912199693467506,"Gaussian Bartlett refinement","Odd M, even Q"
-0.890990990990991,0.912502408306818,"Gaussian Bartlett refinement","Odd M, even Q"
-0.889189189189189,0.912791858641528,"Gaussian Bartlett refinement","Odd M, even Q"
-0.887387387387387,0.91306884069091,"Gaussian Bartlett refinement","Odd M, even Q"
-0.885585585585586,0.913334092829556,"Gaussian Bartlett refinement","Odd M, even Q"
-0.883783783783784,0.913588300447762,"Gaussian Bartlett refinement","Odd M, even Q"
-0.881981981981982,0.913832100350487,"Gaussian Bartlett refinement","Odd M, even Q"
-0.88018018018018,0.914066084743587,"Gaussian Bartlett refinement","Odd M, even Q"
-0.878378378378378,0.914290804850383,"Gaussian Bartlett refinement","Odd M, even Q"
-0.876576576576577,0.914506774196701,"Gaussian Bartlett refinement","Odd M, even Q"
-0.874774774774775,0.914714471598158,"Gaussian Bartlett refinement","Odd M, even Q"
-0.872972972972973,0.914914343879731,"Gaussian Bartlett refinement","Odd M, even Q"
-0.871171171171171,0.91510680835428,"Gaussian Bartlett refinement","Odd M, even Q"
-0.869369369369369,0.915292255083803,"Gaussian Bartlett refinement","Odd M, even Q"
-0.867567567567568,0.915471048944603,"Gaussian Bartlett refinement","Odd M, even Q"
-0.865765765765766,0.915643531515297,"Gaussian Bartlett refinement","Odd M, even Q"
-0.863963963963964,0.915810022804584,"Gaussian Bartlett refinement","Odd M, even Q"
-0.862162162162162,0.915970822833901,"Gaussian Bartlett refinement","Odd M, even Q"
-0.86036036036036,0.916126213088553,"Gaussian Bartlett refinement","Odd M, even Q"
-0.858558558558559,0.916276457849474,"Gaussian Bartlett refinement","Odd M, even Q"
-0.856756756756757,0.916421805416581,"Gaussian Bartlett refinement","Odd M, even Q"
-0.854954954954955,0.916562489233524,"Gaussian Bartlett refinement","Odd M, even Q"
-0.853153153153153,0.916698728922722,"Gaussian Bartlett refinement","Odd M, even Q"
-0.851351351351351,0.916830731238636,"Gaussian Bartlett refinement","Odd M, even Q"
-0.84954954954955,0.916958690946498,"Gaussian Bartlett refinement","Odd M, even Q"
-0.847747747747748,0.917082791632987,"Gaussian Bartlett refinement","Odd M, even Q"
-0.845945945945946,0.917203206454738,"Gaussian Bartlett refinement","Odd M, even Q"
-0.844144144144144,0.917320098830006,"Gaussian Bartlett refinement","Odd M, even Q"
-0.842342342342342,0.917433623078289,"Gaussian Bartlett refinement","Odd M, even Q"
-0.840540540540541,0.917543925012293,"Gaussian Bartlett refinement","Odd M, even Q"
-0.838738738738739,0.917651142486207,"Gaussian Bartlett refinement","Odd M, even Q"
-0.836936936936937,0.917755405903871,"Gaussian Bartlett refinement","Odd M, even Q"
-0.835135135135135,0.91785683869013,"Gaussian Bartlett refinement","Odd M, even Q"
-0.833333333333333,0.917955557728346,"Gaussian Bartlett refinement","Odd M, even Q"
-0.831531531531532,0.918051673766778,"Gaussian Bartlett refinement","Odd M, even Q"
-0.82972972972973,0.91814529179632,"Gaussian Bartlett refinement","Odd M, even Q"
-0.827927927927928,0.918236511401828,"Gaussian Bartlett refinement","Odd M, even Q"
-0.826126126126126,0.918325427089123,"Gaussian Bartlett refinement","Odd M, even Q"
-0.824324324324324,0.918412128589535,"Gaussian Bartlett refinement","Odd M, even Q"
-0.822522522522523,0.918496701143722,"Gaussian Bartlett refinement","Odd M, even Q"
-0.820720720720721,0.918579225766335,"Gaussian Bartlett refinement","Odd M, even Q"
-0.818918918918919,0.918659779492968,"Gaussian Bartlett refinement","Odd M, even Q"
-0.817117117117117,0.918738435610732,"Gaussian Bartlett refinement","Odd M, even Q"
-0.815315315315315,0.918815263873655,"Gaussian Bartlett refinement","Odd M, even Q"
-0.813513513513514,0.918890330704022,"Gaussian Bartlett refinement","Odd M, even Q"
-0.811711711711712,0.918963699380689,"Gaussian Bartlett refinement","Odd M, even Q"
-0.80990990990991,0.919035430215311,"Gaussian Bartlett refinement","Odd M, even Q"
-0.808108108108108,0.919105580717337,"Gaussian Bartlett refinement","Odd M, even Q"
-0.806306306306306,0.919174205748595,"Gaussian Bartlett refinement","Odd M, even Q"
-0.804504504504505,0.919241357668174,"Gaussian Bartlett refinement","Odd M, even Q"
-0.802702702702703,0.919307086468308,"Gaussian Bartlett refinement","Odd M, even Q"
-0.800900900900901,0.919371439901864,"Gaussian Bartlett refinement","Odd M, even Q"
-0.799099099099099,0.919434463602032,"Gaussian Bartlett refinement","Odd M, even Q"
-0.797297297297297,0.919496201194731,"Gaussian Bartlett refinement","Odd M, even Q"
-0.795495495495495,0.919556694404244,"Gaussian Bartlett refinement","Odd M, even Q"
-0.793693693693694,0.919615983152519,"Gaussian Bartlett refinement","Odd M, even Q"
-0.791891891891892,0.919674105652578,"Gaussian Bartlett refinement","Odd M, even Q"
-0.79009009009009,0.919731098496403,"Gaussian Bartlett refinement","Odd M, even Q"
-0.788288288288288,0.919786996737685,"Gaussian Bartlett refinement","Odd M, even Q"
-0.786486486486486,0.919841833969753,"Gaussian Bartlett refinement","Odd M, even Q"
-0.784684684684685,0.919895642399009,"Gaussian Bartlett refinement","Odd M, even Q"
-0.782882882882883,0.919948452914141,"Gaussian Bartlett refinement","Odd M, even Q"
-0.781081081081081,0.920000295151413,"Gaussian Bartlett refinement","Odd M, even Q"
-0.779279279279279,0.920051197556243,"Gaussian Bartlett refinement","Odd M, even Q"
-0.777477477477478,0.920101187441335,"Gaussian Bartlett refinement","Odd M, even Q"
-0.775675675675676,0.920150291041566,"Gaussian Bartlett refinement","Odd M, even Q"
-0.773873873873874,0.920198533565829,"Gaussian Bartlett refinement","Odd M, even Q"
-0.772072072072072,0.920245939246023,"Gaussian Bartlett refinement","Odd M, even Q"
-0.77027027027027,0.920292531383368,"Gaussian Bartlett refinement","Odd M, even Q"
-0.768468468468469,0.920338332392198,"Gaussian Bartlett refinement","Odd M, even Q"
-0.766666666666667,0.920383363841398,"Gaussian Bartlett refinement","Odd M, even Q"
-0.764864864864865,0.920427646493612,"Gaussian Bartlett refinement","Odd M, even Q"
-0.763063063063063,0.920471200342367,"Gaussian Bartlett refinement","Odd M, even Q"
-0.761261261261261,0.920514044647231,"Gaussian Bartlett refinement","Odd M, even Q"
-0.759459459459459,0.920556197967122,"Gaussian Bartlett refinement","Odd M, even Q"
-0.757657657657658,0.920597678191872,"Gaussian Bartlett refinement","Odd M, even Q"
-0.755855855855856,0.92063850257216,"Gaussian Bartlett refinement","Odd M, even Q"
-0.754054054054054,0.92067868774789,"Gaussian Bartlett refinement","Odd M, even Q"
-0.752252252252252,0.920718249775121,"Gaussian Bartlett refinement","Odd M, even Q"
-0.75045045045045,0.920757204151619,"Gaussian Bartlett refinement","Odd M, even Q"
-0.748648648648649,0.920795565841118,"Gaussian Bartlett refinement","Odd M, even Q"
-0.746846846846847,0.920833349296356,"Gaussian Bartlett refinement","Odd M, even Q"
-0.745045045045045,0.920870568480962,"Gaussian Bartlett refinement","Odd M, even Q"
-0.743243243243243,0.920907236890247,"Gaussian Bartlett refinement","Odd M, even Q"
-0.741441441441441,0.920943367570974,"Gaussian Bartlett refinement","Odd M, even Q"
-0.73963963963964,0.920978973140153,"Gaussian Bartlett refinement","Odd M, even Q"
-0.737837837837838,0.921014065802918,"Gaussian Bartlett refinement","Odd M, even Q"
-0.736036036036036,0.921048657369535,"Gaussian Bartlett refinement","Odd M, even Q"
-0.734234234234234,0.92108275927159,"Gaussian Bartlett refinement","Odd M, even Q"
-0.732432432432433,0.921116382577397,"Gaussian Bartlett refinement","Odd M, even Q"
-0.730630630630631,0.921149538006677,"Gaussian Bartlett refinement","Odd M, even Q"
-0.728828828828829,0.921182235944537,"Gaussian Bartlett refinement","Odd M, even Q"
-0.727027027027027,0.921214486454786,"Gaussian Bartlett refinement","Odd M, even Q"
-0.725225225225225,0.921246299292634,"Gaussian Bartlett refinement","Odd M, even Q"
-0.723423423423423,0.921277683916798,"Gaussian Bartlett refinement","Odd M, even Q"
-0.721621621621622,0.921308649501042,"Gaussian Bartlett refinement","Odd M, even Q"
-0.71981981981982,0.921339204945191,"Gaussian Bartlett refinement","Odd M, even Q"
-0.718018018018018,0.921369358885639,"Gaussian Bartlett refinement","Odd M, even Q"
-0.716216216216216,0.92139911970538,"Gaussian Bartlett refinement","Odd M, even Q"
-0.714414414414414,0.921428495543583,"Gaussian Bartlett refinement","Odd M, even Q"
-0.712612612612613,0.921457494304739,"Gaussian Bartlett refinement","Odd M, even Q"
-0.710810810810811,0.921486123667399,"Gaussian Bartlett refinement","Odd M, even Q"
-0.709009009009009,0.92151439109252,"Gaussian Bartlett refinement","Odd M, even Q"
-0.707207207207207,0.921542303831447,"Gaussian Bartlett refinement","Odd M, even Q"
-0.705405405405405,0.921569868933546,"Gaussian Bartlett refinement","Odd M, even Q"
-0.703603603603604,0.921597093253493,"Gaussian Bartlett refinement","Odd M, even Q"
-0.701801801801802,0.921623983458264,"Gaussian Bartlett refinement","Odd M, even Q"
-0.7,0.921650546033807,"Gaussian Bartlett refinement","Odd M, even Q"
-0.698198198198198,0.921676787291439,"Gaussian Bartlett refinement","Odd M, even Q"
-0.696396396396396,0.921702713373967,"Gaussian Bartlett refinement","Odd M, even Q"
-0.694594594594595,0.921728330261547,"Gaussian Bartlett refinement","Odd M, even Q"
-0.692792792792793,0.921753643777303,"Gaussian Bartlett refinement","Odd M, even Q"
-0.690990990990991,0.921778659592702,"Gaussian Bartlett refinement","Odd M, even Q"
-0.689189189189189,0.921803383232717,"Gaussian Bartlett refinement","Odd M, even Q"
-0.687387387387387,0.921827820080764,"Gaussian Bartlett refinement","Odd M, even Q"
-0.685585585585586,0.921851975383449,"Gaussian Bartlett refinement","Odd M, even Q"
-0.683783783783784,0.921875854255109,"Gaussian Bartlett refinement","Odd M, even Q"
-0.681981981981982,0.921899461682179,"Gaussian Bartlett refinement","Odd M, even Q"
-0.68018018018018,0.921922802527376,"Gaussian Bartlett refinement","Odd M, even Q"
-0.678378378378378,0.92194588153372,"Gaussian Bartlett refinement","Odd M, even Q"
-0.676576576576577,0.921968703328395,"Gaussian Bartlett refinement","Odd M, even Q"
-0.674774774774775,0.921991272426449,"Gaussian Bartlett refinement","Odd M, even Q"
-0.672972972972973,0.922013593234363,"Gaussian Bartlett refinement","Odd M, even Q"
-0.671171171171171,0.922035670053466,"Gaussian Bartlett refinement","Odd M, even Q"
-0.669369369369369,0.922057507083228,"Gaussian Bartlett refinement","Odd M, even Q"
-0.667567567567568,0.922079108424424,"Gaussian Bartlett refinement","Odd M, even Q"
-0.665765765765766,0.922100478082167,"Gaussian Bartlett refinement","Odd M, even Q"
-0.663963963963964,0.922121619968844,"Gaussian Bartlett refinement","Odd M, even Q"
-0.662162162162162,0.922142537906922,"Gaussian Bartlett refinement","Odd M, even Q"
-0.66036036036036,0.92216323563166,"Gaussian Bartlett refinement","Odd M, even Q"
-0.658558558558559,0.92218371679372,"Gaussian Bartlett refinement","Odd M, even Q"
-0.656756756756757,0.922203984961672,"Gaussian Bartlett refinement","Odd M, even Q"
-0.654954954954955,0.922224043624418,"Gaussian Bartlett refinement","Odd M, even Q"
-0.653153153153153,0.922243896193517,"Gaussian Bartlett refinement","Odd M, even Q"
-0.651351351351351,0.922263546005435,"Gaussian Bartlett refinement","Odd M, even Q"
-0.64954954954955,0.922282996323705,"Gaussian Bartlett refinement","Odd M, even Q"
-0.647747747747748,0.922302250341018,"Gaussian Bartlett refinement","Odd M, even Q"
-0.645945945945946,0.922321311181229,"Gaussian Bartlett refinement","Odd M, even Q"
-0.644144144144144,0.922340181901304,"Gaussian Bartlett refinement","Odd M, even Q"
-0.642342342342342,0.922358865493188,"Gaussian Bartlett refinement","Odd M, even Q"
-0.640540540540541,0.922377364885613,"Gaussian Bartlett refinement","Odd M, even Q"
-0.638738738738739,0.922395682945844,"Gaussian Bartlett refinement","Odd M, even Q"
-0.636936936936937,0.922413822481362,"Gaussian Bartlett refinement","Odd M, even Q"
-0.635135135135135,0.922431786241489,"Gaussian Bartlett refinement","Odd M, even Q"
-0.633333333333333,0.922449576918961,"Gaussian Bartlett refinement","Odd M, even Q"
-0.631531531531532,0.922467197151446,"Gaussian Bartlett refinement","Odd M, even Q"
-0.62972972972973,0.922484649523009,"Gaussian Bartlett refinement","Odd M, even Q"
-0.627927927927928,0.922501936565533,"Gaussian Bartlett refinement","Odd M, even Q"
-0.626126126126126,0.922519060760085,"Gaussian Bartlett refinement","Odd M, even Q"
-0.624324324324324,0.922536024538249,"Gaussian Bartlett refinement","Odd M, even Q"
-0.622522522522523,0.922552830283401,"Gaussian Bartlett refinement","Odd M, even Q"
-0.620720720720721,0.922569480331956,"Gaussian Bartlett refinement","Odd M, even Q"
-0.618918918918919,0.922585976974565,"Gaussian Bartlett refinement","Odd M, even Q"
-0.617117117117117,0.92260232245728,"Gaussian Bartlett refinement","Odd M, even Q"
-0.615315315315315,0.922618518982678,"Gaussian Bartlett refinement","Odd M, even Q"
-0.613513513513513,0.92263456871095,"Gaussian Bartlett refinement","Odd M, even Q"
-0.611711711711712,0.922650473760958,"Gaussian Bartlett refinement","Odd M, even Q"
-0.60990990990991,0.922666236211257,"Gaussian Bartlett refinement","Odd M, even Q"
-0.608108108108108,0.922681858101086,"Gaussian Bartlett refinement","Odd M, even Q"
-0.606306306306306,0.92269734143133,"Gaussian Bartlett refinement","Odd M, even Q"
-0.604504504504505,0.922712688165446,"Gaussian Bartlett refinement","Odd M, even Q"
-0.602702702702703,0.922727900230373,"Gaussian Bartlett refinement","Odd M, even Q"
-0.600900900900901,0.922742979517401,"Gaussian Bartlett refinement","Odd M, even Q"
-0.599099099099099,0.922757927883026,"Gaussian Bartlett refinement","Odd M, even Q"
-0.597297297297297,0.922772747149768,"Gaussian Bartlett refinement","Odd M, even Q"
-0.595495495495496,0.922787439106974,"Gaussian Bartlett refinement","Odd M, even Q"
-0.593693693693694,0.922802005511596,"Gaussian Bartlett refinement","Odd M, even Q"
-0.591891891891892,0.922816448088939,"Gaussian Bartlett refinement","Odd M, even Q"
-0.59009009009009,0.922830768533397,"Gaussian Bartlett refinement","Odd M, even Q"
-0.588288288288288,0.922844968509161,"Gaussian Bartlett refinement","Odd M, even Q"
-0.586486486486486,0.922859049650911,"Gaussian Bartlett refinement","Odd M, even Q"
-0.584684684684685,0.922873013564484,"Gaussian Bartlett refinement","Odd M, even Q"
-0.582882882882883,0.922886861827528,"Gaussian Bartlett refinement","Odd M, even Q"
-0.581081081081081,0.922900595990134,"Gaussian Bartlett refinement","Odd M, even Q"
-0.579279279279279,0.922914217575449,"Gaussian Bartlett refinement","Odd M, even Q"
-0.577477477477478,0.922927728080278,"Gaussian Bartlett refinement","Odd M, even Q"
-0.575675675675676,0.922941128975665,"Gaussian Bartlett refinement","Odd M, even Q"
-0.573873873873874,0.922954421707459,"Gaussian Bartlett refinement","Odd M, even Q"
-0.572072072072072,0.922967607696861,"Gaussian Bartlett refinement","Odd M, even Q"
-0.57027027027027,0.922980688340964,"Gaussian Bartlett refinement","Odd M, even Q"
-0.568468468468468,0.922993665013273,"Gaussian Bartlett refinement","Odd M, even Q"
-0.566666666666667,0.92300653906421,"Gaussian Bartlett refinement","Odd M, even Q"
-0.564864864864865,0.92301931182161,"Gaussian Bartlett refinement","Odd M, even Q"
-0.563063063063063,0.923031984591202,"Gaussian Bartlett refinement","Odd M, even Q"
-0.561261261261261,0.923044558657073,"Gaussian Bartlett refinement","Odd M, even Q"
-0.55945945945946,0.92305703528213,"Gaussian Bartlett refinement","Odd M, even Q"
-0.557657657657658,0.923069415708539,"Gaussian Bartlett refinement","Odd M, even Q"
-0.555855855855856,0.923081701158158,"Gaussian Bartlett refinement","Odd M, even Q"
-0.554054054054054,0.923093892832962,"Gaussian Bartlett refinement","Odd M, even Q"
-0.552252252252252,0.923105991915448,"Gaussian Bartlett refinement","Odd M, even Q"
-0.55045045045045,0.923117999569041,"Gaussian Bartlett refinement","Odd M, even Q"
-0.548648648648649,0.923129916938479,"Gaussian Bartlett refinement","Odd M, even Q"
-0.546846846846847,0.923141745150196,"Gaussian Bartlett refinement","Odd M, even Q"
-0.545045045045045,0.923153485312694,"Gaussian Bartlett refinement","Odd M, even Q"
-0.543243243243243,0.923165138516901,"Gaussian Bartlett refinement","Odd M, even Q"
-0.541441441441441,0.923176705836526,"Gaussian Bartlett refinement","Odd M, even Q"
-0.53963963963964,0.923188188328403,"Gaussian Bartlett refinement","Odd M, even Q"
-0.537837837837838,0.923199587032826,"Gaussian Bartlett refinement","Odd M, even Q"
-0.536036036036036,0.923210902973877,"Gaussian Bartlett refinement","Odd M, even Q"
-0.534234234234234,0.923222137159744,"Gaussian Bartlett refinement","Odd M, even Q"
-0.532432432432432,0.923233290583035,"Gaussian Bartlett refinement","Odd M, even Q"
-0.530630630630631,0.923244364221081,"Gaussian Bartlett refinement","Odd M, even Q"
-0.528828828828829,0.923255359036233,"Gaussian Bartlett refinement","Odd M, even Q"
-0.527027027027027,0.923266275976155,"Gaussian Bartlett refinement","Odd M, even Q"
-0.525225225225225,0.923277115974101,"Gaussian Bartlett refinement","Odd M, even Q"
-0.523423423423423,0.923287879949199,"Gaussian Bartlett refinement","Odd M, even Q"
-0.521621621621622,0.923298568806716,"Gaussian Bartlett refinement","Odd M, even Q"
-0.51981981981982,0.923309183438325,"Gaussian Bartlett refinement","Odd M, even Q"
-0.518018018018018,0.92331972472236,"Gaussian Bartlett refinement","Odd M, even Q"
-0.516216216216216,0.923330193524072,"Gaussian Bartlett refinement","Odd M, even Q"
-0.514414414414414,0.923340590695869,"Gaussian Bartlett refinement","Odd M, even Q"
-0.512612612612613,0.923350917077564,"Gaussian Bartlett refinement","Odd M, even Q"
-0.510810810810811,0.923361173496603,"Gaussian Bartlett refinement","Odd M, even Q"
-0.509009009009009,0.923371360768302,"Gaussian Bartlett refinement","Odd M, even Q"
-0.507207207207207,0.923381479696064,"Gaussian Bartlett refinement","Odd M, even Q"
-0.505405405405405,0.923391531071605,"Gaussian Bartlett refinement","Odd M, even Q"
-0.503603603603604,0.923401515675165,"Gaussian Bartlett refinement","Odd M, even Q"
-0.501801801801802,0.923411434275719,"Gaussian Bartlett refinement","Odd M, even Q"
-0.5,0.923421287631185,"Gaussian Bartlett refinement","Odd M, even Q"
-0.498198198198198,0.923431076488621,"Gaussian Bartlett refinement","Odd M, even Q"
-0.496396396396396,0.923440801584421,"Gaussian Bartlett refinement","Odd M, even Q"
-0.494594594594595,0.923450463644512,"Gaussian Bartlett refinement","Odd M, even Q"
-0.492792792792793,0.92346006338454,"Gaussian Bartlett refinement","Odd M, even Q"
-0.490990990990991,0.92346960151005,"Gaussian Bartlett refinement","Odd M, even Q"
-0.489189189189189,0.923479078716673,"Gaussian Bartlett refinement","Odd M, even Q"
-0.487387387387387,0.923488495690297,"Gaussian Bartlett refinement","Odd M, even Q"
-0.485585585585586,0.923497853107241,"Gaussian Bartlett refinement","Odd M, even Q"
-0.483783783783784,0.923507151634425,"Gaussian Bartlett refinement","Odd M, even Q"
-0.481981981981982,0.923516391929533,"Gaussian Bartlett refinement","Odd M, even Q"
-0.48018018018018,0.923525574641177,"Gaussian Bartlett refinement","Odd M, even Q"
-0.478378378378378,0.923534700409053,"Gaussian Bartlett refinement","Odd M, even Q"
-0.476576576576577,0.923543769864102,"Gaussian Bartlett refinement","Odd M, even Q"
-0.474774774774775,0.923552783628651,"Gaussian Bartlett refinement","Odd M, even Q"
-0.472972972972973,0.923561742316574,"Gaussian Bartlett refinement","Odd M, even Q"
-0.471171171171171,0.923570646533427,"Gaussian Bartlett refinement","Odd M, even Q"
-0.469369369369369,0.923579496876601,"Gaussian Bartlett refinement","Odd M, even Q"
-0.467567567567568,0.923588293935451,"Gaussian Bartlett refinement","Odd M, even Q"
-0.465765765765766,0.923597038291443,"Gaussian Bartlett refinement","Odd M, even Q"
-0.463963963963964,0.92360573051828,"Gaussian Bartlett refinement","Odd M, even Q"
-0.462162162162162,0.923614371182039,"Gaussian Bartlett refinement","Odd M, even Q"
-0.46036036036036,0.923622960841297,"Gaussian Bartlett refinement","Odd M, even Q"
-0.458558558558559,0.923631500047258,"Gaussian Bartlett refinement","Odd M, even Q"
-0.456756756756757,0.923639989343878,"Gaussian Bartlett refinement","Odd M, even Q"
-0.454954954954955,0.923648429267984,"Gaussian Bartlett refinement","Odd M, even Q"
-0.453153153153153,0.923656820349393,"Gaussian Bartlett refinement","Odd M, even Q"
-0.451351351351351,0.923665163111031,"Gaussian Bartlett refinement","Odd M, even Q"
-0.44954954954955,0.923673458069044,"Gaussian Bartlett refinement","Odd M, even Q"
-0.447747747747748,0.923681705732913,"Gaussian Bartlett refinement","Odd M, even Q"
-0.445945945945946,0.923689906605561,"Gaussian Bartlett refinement","Odd M, even Q"
-0.444144144144144,0.923698061183464,"Gaussian Bartlett refinement","Odd M, even Q"
-0.442342342342342,0.923706169956751,"Gaussian Bartlett refinement","Odd M, even Q"
-0.440540540540541,0.923714233409315,"Gaussian Bartlett refinement","Odd M, even Q"
-0.438738738738739,0.923722252018908,"Gaussian Bartlett refinement","Odd M, even Q"
-0.436936936936937,0.923730226257244,"Gaussian Bartlett refinement","Odd M, even Q"
-0.435135135135135,0.923738156590096,"Gaussian Bartlett refinement","Odd M, even Q"
-0.433333333333333,0.92374604347739,"Gaussian Bartlett refinement","Odd M, even Q"
-0.431531531531532,0.923753887373304,"Gaussian Bartlett refinement","Odd M, even Q"
-0.42972972972973,0.923761688726353,"Gaussian Bartlett refinement","Odd M, even Q"
-0.427927927927928,0.923769447979486,"Gaussian Bartlett refinement","Odd M, even Q"
-0.426126126126126,0.923777165570171,"Gaussian Bartlett refinement","Odd M, even Q"
-0.424324324324324,0.923784841930483,"Gaussian Bartlett refinement","Odd M, even Q"
-0.422522522522523,0.92379247748719,"Gaussian Bartlett refinement","Odd M, even Q"
-0.420720720720721,0.923800072661837,"Gaussian Bartlett refinement","Odd M, even Q"
-0.418918918918919,0.923807627870827,"Gaussian Bartlett refinement","Odd M, even Q"
-0.417117117117117,0.923815143525503,"Gaussian Bartlett refinement","Odd M, even Q"
-0.415315315315315,0.923822620032228,"Gaussian Bartlett refinement","Odd M, even Q"
-0.413513513513514,0.92383005779246,"Gaussian Bartlett refinement","Odd M, even Q"
-0.411711711711712,0.923837457202832,"Gaussian Bartlett refinement","Odd M, even Q"
-0.40990990990991,0.923844818655224,"Gaussian Bartlett refinement","Odd M, even Q"
-0.408108108108108,0.923852142536839,"Gaussian Bartlett refinement","Odd M, even Q"
-0.406306306306306,0.923859429230275,"Gaussian Bartlett refinement","Odd M, even Q"
-0.404504504504505,0.923866679113593,"Gaussian Bartlett refinement","Odd M, even Q"
-0.402702702702703,0.923873892560391,"Gaussian Bartlett refinement","Odd M, even Q"
-0.400900900900901,0.923881069939871,"Gaussian Bartlett refinement","Odd M, even Q"
-0.399099099099099,0.923888211616905,"Gaussian Bartlett refinement","Odd M, even Q"
-0.397297297297297,0.923895317952102,"Gaussian Bartlett refinement","Odd M, even Q"
-0.395495495495496,0.923902389301874,"Gaussian Bartlett refinement","Odd M, even Q"
-0.393693693693694,0.923909426018497,"Gaussian Bartlett refinement","Odd M, even Q"
-0.391891891891892,0.923916428450176,"Gaussian Bartlett refinement","Odd M, even Q"
-0.39009009009009,0.923923396941107,"Gaussian Bartlett refinement","Odd M, even Q"
-0.388288288288288,0.923930331831535,"Gaussian Bartlett refinement","Odd M, even Q"
-0.386486486486487,0.923937233457813,"Gaussian Bartlett refinement","Odd M, even Q"
-0.384684684684685,0.923944102152466,"Gaussian Bartlett refinement","Odd M, even Q"
-0.382882882882883,0.92395093824424,"Gaussian Bartlett refinement","Odd M, even Q"
-0.381081081081081,0.923957742058167,"Gaussian Bartlett refinement","Odd M, even Q"
-0.379279279279279,0.923964513915611,"Gaussian Bartlett refinement","Odd M, even Q"
-0.377477477477478,0.92397125413433,"Gaussian Bartlett refinement","Odd M, even Q"
-0.375675675675676,0.923977963028529,"Gaussian Bartlett refinement","Odd M, even Q"
-0.373873873873874,0.923984640908906,"Gaussian Bartlett refinement","Odd M, even Q"
-0.372072072072072,0.92399128808271,"Gaussian Bartlett refinement","Odd M, even Q"
-0.37027027027027,0.92399790485379,"Gaussian Bartlett refinement","Odd M, even Q"
-0.368468468468468,0.924004491522645,"Gaussian Bartlett refinement","Odd M, even Q"
-0.366666666666667,0.924011048386472,"Gaussian Bartlett refinement","Odd M, even Q"
-0.364864864864865,0.924017575739215,"Gaussian Bartlett refinement","Odd M, even Q"
-0.363063063063063,0.924024073871612,"Gaussian Bartlett refinement","Odd M, even Q"
-0.361261261261261,0.924030543071243,"Gaussian Bartlett refinement","Odd M, even Q"
-0.359459459459459,0.924036983622575,"Gaussian Bartlett refinement","Odd M, even Q"
-0.357657657657658,0.924043395807005,"Gaussian Bartlett refinement","Odd M, even Q"
-0.355855855855856,0.924049779902908,"Gaussian Bartlett refinement","Odd M, even Q"
-0.354054054054054,0.924056136185678,"Gaussian Bartlett refinement","Odd M, even Q"
-0.352252252252252,0.924062464927773,"Gaussian Bartlett refinement","Odd M, even Q"
-0.35045045045045,0.924068766398755,"Gaussian Bartlett refinement","Odd M, even Q"
-0.348648648648649,0.924075040865331,"Gaussian Bartlett refinement","Odd M, even Q"
-0.346846846846847,0.924081288591399,"Gaussian Bartlett refinement","Odd M, even Q"
-0.345045045045045,0.924087509838079,"Gaussian Bartlett refinement","Odd M, even Q"
-0.343243243243243,0.924093704863762,"Gaussian Bartlett refinement","Odd M, even Q"
-0.341441441441442,0.924099873924142,"Gaussian Bartlett refinement","Odd M, even Q"
-0.33963963963964,0.924106017272259,"Gaussian Bartlett refinement","Odd M, even Q"
-0.337837837837838,0.924112135158533,"Gaussian Bartlett refinement","Odd M, even Q"
-0.336036036036036,0.924118227830802,"Gaussian Bartlett refinement","Odd M, even Q"
-0.334234234234234,0.92412429553436,"Gaussian Bartlett refinement","Odd M, even Q"
-0.332432432432432,0.924130338511991,"Gaussian Bartlett refinement","Odd M, even Q"
-0.330630630630631,0.924136357004004,"Gaussian Bartlett refinement","Odd M, even Q"
-0.328828828828829,0.924142351248269,"Gaussian Bartlett refinement","Odd M, even Q"
-0.327027027027027,0.924148321480251,"Gaussian Bartlett refinement","Odd M, even Q"
-0.325225225225225,0.924154267933042,"Gaussian Bartlett refinement","Odd M, even Q"
-0.323423423423423,0.924160190837398,"Gaussian Bartlett refinement","Odd M, even Q"
-0.321621621621622,0.924166090421764,"Gaussian Bartlett refinement","Odd M, even Q"
-0.31981981981982,0.924171966912316,"Gaussian Bartlett refinement","Odd M, even Q"
-0.318018018018018,0.924177820532983,"Gaussian Bartlett refinement","Odd M, even Q"
-0.316216216216216,0.924183651505485,"Gaussian Bartlett refinement","Odd M, even Q"
-0.314414414414414,0.92418946004936,"Gaussian Bartlett refinement","Odd M, even Q"
-0.312612612612613,0.924195246381995,"Gaussian Bartlett refinement","Odd M, even Q"
-0.310810810810811,0.924201010718655,"Gaussian Bartlett refinement","Odd M, even Q"
-0.309009009009009,0.924206753272514,"Gaussian Bartlett refinement","Odd M, even Q"
-0.307207207207207,0.924212474254682,"Gaussian Bartlett refinement","Odd M, even Q"
-0.305405405405405,0.924218173874232,"Gaussian Bartlett refinement","Odd M, even Q"
-0.303603603603604,0.924223852338233,"Gaussian Bartlett refinement","Odd M, even Q"
-0.301801801801802,0.92422950985177,"Gaussian Bartlett refinement","Odd M, even Q"
-0.3,0.924235146617978,"Gaussian Bartlett refinement","Odd M, even Q"
-0.298198198198198,0.924240762838065,"Gaussian Bartlett refinement","Odd M, even Q"
-0.296396396396396,0.924246358711338,"Gaussian Bartlett refinement","Odd M, even Q"
-0.294594594594595,0.92425193443523,"Gaussian Bartlett refinement","Odd M, even Q"
-0.292792792792793,0.924257490205325,"Gaussian Bartlett refinement","Odd M, even Q"
-0.290990990990991,0.924263026215383,"Gaussian Bartlett refinement","Odd M, even Q"
-0.289189189189189,0.924268542657364,"Gaussian Bartlett refinement","Odd M, even Q"
-0.287387387387387,0.924274039721454,"Gaussian Bartlett refinement","Odd M, even Q"
-0.285585585585586,0.924279517596089,"Gaussian Bartlett refinement","Odd M, even Q"
-0.283783783783784,0.924284976467974,"Gaussian Bartlett refinement","Odd M, even Q"
-0.281981981981982,0.924290416522114,"Gaussian Bartlett refinement","Odd M, even Q"
-0.28018018018018,0.924295837941828,"Gaussian Bartlett refinement","Odd M, even Q"
-0.278378378378378,0.924301240908782,"Gaussian Bartlett refinement","Odd M, even Q"
-0.276576576576577,0.924306625602999,"Gaussian Bartlett refinement","Odd M, even Q"
-0.274774774774775,0.924311992202893,"Gaussian Bartlett refinement","Odd M, even Q"
-0.272972972972973,0.924317340885282,"Gaussian Bartlett refinement","Odd M, even Q"
-0.271171171171171,0.924322671825413,"Gaussian Bartlett refinement","Odd M, even Q"
-0.269369369369369,0.924327985196981,"Gaussian Bartlett refinement","Odd M, even Q"
-0.267567567567568,0.924333281172153,"Gaussian Bartlett refinement","Odd M, even Q"
-0.265765765765766,0.924338559921586,"Gaussian Bartlett refinement","Odd M, even Q"
-0.263963963963964,0.924343821614446,"Gaussian Bartlett refinement","Odd M, even Q"
-0.262162162162162,0.924349066418429,"Gaussian Bartlett refinement","Odd M, even Q"
-0.26036036036036,0.924354294499784,"Gaussian Bartlett refinement","Odd M, even Q"
-0.258558558558559,0.924359506023325,"Gaussian Bartlett refinement","Odd M, even Q"
-0.256756756756757,0.924364701152456,"Gaussian Bartlett refinement","Odd M, even Q"
-0.254954954954955,0.924369880049188,"Gaussian Bartlett refinement","Odd M, even Q"
-0.253153153153153,0.924375042874156,"Gaussian Bartlett refinement","Odd M, even Q"
-0.251351351351351,0.924380189786639,"Gaussian Bartlett refinement","Odd M, even Q"
-0.24954954954955,0.924385320944578,"Gaussian Bartlett refinement","Odd M, even Q"
-0.247747747747748,0.924390436504591,"Gaussian Bartlett refinement","Odd M, even Q"
-0.245945945945946,0.924395536621995,"Gaussian Bartlett refinement","Odd M, even Q"
-0.244144144144144,0.924400621450819,"Gaussian Bartlett refinement","Odd M, even Q"
-0.242342342342342,0.924405691143823,"Gaussian Bartlett refinement","Odd M, even Q"
-0.240540540540541,0.924410745852515,"Gaussian Bartlett refinement","Odd M, even Q"
-0.238738738738739,0.924415785727166,"Gaussian Bartlett refinement","Odd M, even Q"
-0.236936936936937,0.924420810916827,"Gaussian Bartlett refinement","Odd M, even Q"
-0.235135135135135,0.924425821569348,"Gaussian Bartlett refinement","Odd M, even Q"
-0.233333333333333,0.924430817831389,"Gaussian Bartlett refinement","Odd M, even Q"
-0.231531531531531,0.924435799848436,"Gaussian Bartlett refinement","Odd M, even Q"
-0.22972972972973,0.924440767764824,"Gaussian Bartlett refinement","Odd M, even Q"
-0.227927927927928,0.92444572172374,"Gaussian Bartlett refinement","Odd M, even Q"
-0.226126126126126,0.924450661867249,"Gaussian Bartlett refinement","Odd M, even Q"
-0.224324324324324,0.924455588336302,"Gaussian Bartlett refinement","Odd M, even Q"
-0.222522522522523,0.924460501270756,"Gaussian Bartlett refinement","Odd M, even Q"
-0.220720720720721,0.924465400809382,"Gaussian Bartlett refinement","Odd M, even Q"
-0.218918918918919,0.924470287089886,"Gaussian Bartlett refinement","Odd M, even Q"
-0.217117117117117,0.924475160248917,"Gaussian Bartlett refinement","Odd M, even Q"
-0.215315315315315,0.924480020422085,"Gaussian Bartlett refinement","Odd M, even Q"
-0.213513513513514,0.924484867743975,"Gaussian Bartlett refinement","Odd M, even Q"
-0.211711711711712,0.924489702348157,"Gaussian Bartlett refinement","Odd M, even Q"
-0.20990990990991,0.924494524367202,"Gaussian Bartlett refinement","Odd M, even Q"
-0.208108108108108,0.924499333932695,"Gaussian Bartlett refinement","Odd M, even Q"
-0.206306306306306,0.924504131175247,"Gaussian Bartlett refinement","Odd M, even Q"
-0.204504504504505,0.924508916224509,"Gaussian Bartlett refinement","Odd M, even Q"
-0.202702702702703,0.924513689209184,"Gaussian Bartlett refinement","Odd M, even Q"
-0.200900900900901,0.92451845025704,"Gaussian Bartlett refinement","Odd M, even Q"
-0.199099099099099,0.924523199494923,"Gaussian Bartlett refinement","Odd M, even Q"
-0.197297297297297,0.924527937048766,"Gaussian Bartlett refinement","Odd M, even Q"
-0.195495495495495,0.924532663043606,"Gaussian Bartlett refinement","Odd M, even Q"
-0.193693693693694,0.924537377603592,"Gaussian Bartlett refinement","Odd M, even Q"
-0.191891891891892,0.924542080851999,"Gaussian Bartlett refinement","Odd M, even Q"
-0.19009009009009,0.924546772911238,"Gaussian Bartlett refinement","Odd M, even Q"
-0.188288288288288,0.924551453902869,"Gaussian Bartlett refinement","Odd M, even Q"
-0.186486486486486,0.924556123947613,"Gaussian Bartlett refinement","Odd M, even Q"
-0.184684684684685,0.924560783165359,"Gaussian Bartlett refinement","Odd M, even Q"
-0.182882882882883,0.924565431675181,"Gaussian Bartlett refinement","Odd M, even Q"
-0.181081081081081,0.924570069595344,"Gaussian Bartlett refinement","Odd M, even Q"
-0.179279279279279,0.924574697043318,"Gaussian Bartlett refinement","Odd M, even Q"
-0.177477477477477,0.924579314135787,"Gaussian Bartlett refinement","Odd M, even Q"
-0.175675675675676,0.924583920988661,"Gaussian Bartlett refinement","Odd M, even Q"
-0.173873873873874,0.924588517717085,"Gaussian Bartlett refinement","Odd M, even Q"
-0.172072072072072,0.92459310443545,"Gaussian Bartlett refinement","Odd M, even Q"
-0.17027027027027,0.924597681257403,"Gaussian Bartlett refinement","Odd M, even Q"
-0.168468468468469,0.924602248295858,"Gaussian Bartlett refinement","Odd M, even Q"
-0.166666666666667,0.924606805663004,"Gaussian Bartlett refinement","Odd M, even Q"
-0.164864864864865,0.924611353470318,"Gaussian Bartlett refinement","Odd M, even Q"
-0.163063063063063,0.924615891828571,"Gaussian Bartlett refinement","Odd M, even Q"
-0.161261261261261,0.92462042084784,"Gaussian Bartlett refinement","Odd M, even Q"
-0.159459459459459,0.924624940637519,"Gaussian Bartlett refinement","Odd M, even Q"
-0.157657657657658,0.924629451306324,"Gaussian Bartlett refinement","Odd M, even Q"
-0.155855855855856,0.924633952962305,"Gaussian Bartlett refinement","Odd M, even Q"
-0.154054054054054,0.924638445712857,"Gaussian Bartlett refinement","Odd M, even Q"
-0.152252252252252,0.924642929664724,"Gaussian Bartlett refinement","Odd M, even Q"
-0.15045045045045,0.924647404924016,"Gaussian Bartlett refinement","Odd M, even Q"
-0.148648648648649,0.924651871596209,"Gaussian Bartlett refinement","Odd M, even Q"
-0.146846846846847,0.924656329786159,"Gaussian Bartlett refinement","Odd M, even Q"
-0.145045045045045,0.92466077959811,"Gaussian Bartlett refinement","Odd M, even Q"
-0.143243243243243,0.924665221135702,"Gaussian Bartlett refinement","Odd M, even Q"
-0.141441441441441,0.924669654501981,"Gaussian Bartlett refinement","Odd M, even Q"
-0.13963963963964,0.924674079799405,"Gaussian Bartlett refinement","Odd M, even Q"
-0.137837837837838,0.924678497129854,"Gaussian Bartlett refinement","Odd M, even Q"
-0.136036036036036,0.924682906594639,"Gaussian Bartlett refinement","Odd M, even Q"
-0.134234234234234,0.924687308294507,"Gaussian Bartlett refinement","Odd M, even Q"
-0.132432432432432,0.924691702329654,"Gaussian Bartlett refinement","Odd M, even Q"
-0.130630630630631,0.924696088799729,"Gaussian Bartlett refinement","Odd M, even Q"
-0.128828828828829,0.924700467803842,"Gaussian Bartlett refinement","Odd M, even Q"
-0.127027027027027,0.924704839440576,"Gaussian Bartlett refinement","Odd M, even Q"
-0.125225225225225,0.924709203807989,"Gaussian Bartlett refinement","Odd M, even Q"
-0.123423423423423,0.924713561003628,"Gaussian Bartlett refinement","Odd M, even Q"
-0.121621621621622,0.924717911124529,"Gaussian Bartlett refinement","Odd M, even Q"
-0.11981981981982,0.924722254267234,"Gaussian Bartlett refinement","Odd M, even Q"
-0.118018018018018,0.924726590527788,"Gaussian Bartlett refinement","Odd M, even Q"
-0.116216216216216,0.924730920001755,"Gaussian Bartlett refinement","Odd M, even Q"
-0.114414414414414,0.924735242784223,"Gaussian Bartlett refinement","Odd M, even Q"
-0.112612612612613,0.924739558969808,"Gaussian Bartlett refinement","Odd M, even Q"
-0.110810810810811,0.924743868652664,"Gaussian Bartlett refinement","Odd M, even Q"
-0.109009009009009,0.924748171926491,"Gaussian Bartlett refinement","Odd M, even Q"
-0.107207207207207,0.92475246888454,"Gaussian Bartlett refinement","Odd M, even Q"
-0.105405405405405,0.92475675961962,"Gaussian Bartlett refinement","Odd M, even Q"
-0.103603603603604,0.924761044224108,"Gaussian Bartlett refinement","Odd M, even Q"
-0.101801801801802,0.924765322789952,"Gaussian Bartlett refinement","Odd M, even Q"
-0.1,0.924769595408679,"Gaussian Bartlett refinement","Odd M, even Q"
-0.0981981981981982,0.924773862171405,"Gaussian Bartlett refinement","Odd M, even Q"
-0.0963963963963964,0.924778123168835,"Gaussian Bartlett refinement","Odd M, even Q"
-0.0945945945945946,0.924782378491277,"Gaussian Bartlett refinement","Odd M, even Q"
-0.0927927927927928,0.924786628228644,"Gaussian Bartlett refinement","Odd M, even Q"
-0.0909909909909909,0.92479087247046,"Gaussian Bartlett refinement","Odd M, even Q"
-0.0891891891891892,0.924795111305872,"Gaussian Bartlett refinement","Odd M, even Q"
-0.0873873873873874,0.924799344823649,"Gaussian Bartlett refinement","Odd M, even Q"
-0.0855855855855856,0.924803573112194,"Gaussian Bartlett refinement","Odd M, even Q"
-0.0837837837837838,0.924807796259548,"Gaussian Bartlett refinement","Odd M, even Q"
-0.081981981981982,0.924812014353395,"Gaussian Bartlett refinement","Odd M, even Q"
-0.0801801801801801,0.924816227481072,"Gaussian Bartlett refinement","Odd M, even Q"
-0.0783783783783784,0.924820435729572,"Gaussian Bartlett refinement","Odd M, even Q"
-0.0765765765765766,0.924824639185551,"Gaussian Bartlett refinement","Odd M, even Q"
-0.0747747747747748,0.924828837935334,"Gaussian Bartlett refinement","Odd M, even Q"
-0.072972972972973,0.924833032064921,"Gaussian Bartlett refinement","Odd M, even Q"
-0.0711711711711712,0.924837221659994,"Gaussian Bartlett refinement","Odd M, even Q"
-0.0693693693693693,0.924841406805922,"Gaussian Bartlett refinement","Odd M, even Q"
-0.0675675675675675,0.924845587587766,"Gaussian Bartlett refinement","Odd M, even Q"
-0.0657657657657658,0.924849764090286,"Gaussian Bartlett refinement","Odd M, even Q"
-0.063963963963964,0.924853936397947,"Gaussian Bartlett refinement","Odd M, even Q"
-0.0621621621621622,0.924858104594924,"Gaussian Bartlett refinement","Odd M, even Q"
-0.0603603603603604,0.92486226876511,"Gaussian Bartlett refinement","Odd M, even Q"
-0.0585585585585585,0.924866428992116,"Gaussian Bartlett refinement","Odd M, even Q"
-0.0567567567567567,0.924870585359283,"Gaussian Bartlett refinement","Odd M, even Q"
-0.0549549549549549,0.924874737949684,"Gaussian Bartlett refinement","Odd M, even Q"
-0.0531531531531532,0.924878886846133,"Gaussian Bartlett refinement","Odd M, even Q"
-0.0513513513513514,0.924883032131184,"Gaussian Bartlett refinement","Odd M, even Q"
-0.0495495495495496,0.924887173887143,"Gaussian Bartlett refinement","Odd M, even Q"
-0.0477477477477477,0.924891312196072,"Gaussian Bartlett refinement","Odd M, even Q"
-0.0459459459459459,0.924895447139792,"Gaussian Bartlett refinement","Odd M, even Q"
-0.0441441441441441,0.924899578799889,"Gaussian Bartlett refinement","Odd M, even Q"
-0.0423423423423424,0.924903707257721,"Gaussian Bartlett refinement","Odd M, even Q"
-0.0405405405405406,0.924907832594425,"Gaussian Bartlett refinement","Odd M, even Q"
-0.0387387387387388,0.924911954890916,"Gaussian Bartlett refinement","Odd M, even Q"
-0.0369369369369369,0.924916074227898,"Gaussian Bartlett refinement","Odd M, even Q"
-0.0351351351351351,0.924920190685867,"Gaussian Bartlett refinement","Odd M, even Q"
-0.0333333333333333,0.924924304345117,"Gaussian Bartlett refinement","Odd M, even Q"
-0.0315315315315315,0.924928415285745,"Gaussian Bartlett refinement","Odd M, even Q"
-0.0297297297297298,0.924932523587654,"Gaussian Bartlett refinement","Odd M, even Q"
-0.027927927927928,0.924936629330562,"Gaussian Bartlett refinement","Odd M, even Q"
-0.0261261261261261,0.924940732594004,"Gaussian Bartlett refinement","Odd M, even Q"
-0.0243243243243243,0.924944833457339,"Gaussian Bartlett refinement","Odd M, even Q"
-0.0225225225225225,0.924948931999753,"Gaussian Bartlett refinement","Odd M, even Q"
-0.0207207207207207,0.924953028300266,"Gaussian Bartlett refinement","Odd M, even Q"
-0.0189189189189189,0.924957122437737,"Gaussian Bartlett refinement","Odd M, even Q"
-0.0171171171171172,0.924961214490865,"Gaussian Bartlett refinement","Odd M, even Q"
-0.0153153153153153,0.924965304538202,"Gaussian Bartlett refinement","Odd M, even Q"
-0.0135135135135135,0.924969392658149,"Gaussian Bartlett refinement","Odd M, even Q"
-0.0117117117117117,0.924973478928967,"Gaussian Bartlett refinement","Odd M, even Q"
-0.00990990990990992,0.924977563428779,"Gaussian Bartlett refinement","Odd M, even Q"
-0.00810810810810814,0.924981646235576,"Gaussian Bartlett refinement","Odd M, even Q"
-0.00630630630630635,0.924985727427222,"Gaussian Bartlett refinement","Odd M, even Q"
-0.00450450450450446,0.924989807081457,"Gaussian Bartlett refinement","Odd M, even Q"
-0.00270270270270268,0.924993885275905,"Gaussian Bartlett refinement","Odd M, even Q"
-0.000900900900900892,0.924997962088076,"Gaussian Bartlett refinement","Odd M, even Q"
0.000900900900900892,0.925002037595372,"Gaussian Bartlett refinement","Odd M, even Q"
0.00270270270270268,0.925006111875092,"Gaussian Bartlett refinement","Odd M, even Q"
0.00450450450450446,0.925010185004435,"Gaussian Bartlett refinement","Odd M, even Q"
0.00630630630630635,0.925014257060508,"Gaussian Bartlett refinement","Odd M, even Q"
0.00810810810810814,0.925018328120326,"Gaussian Bartlett refinement","Odd M, even Q"
0.00990990990990992,0.925022398260823,"Gaussian Bartlett refinement","Odd M, even Q"
0.0117117117117117,0.925026467558849,"Gaussian Bartlett refinement","Odd M, even Q"
0.0135135135135135,0.925030536091182,"Gaussian Bartlett refinement","Odd M, even Q"
0.0153153153153153,0.925034603934528,"Gaussian Bartlett refinement","Odd M, even Q"
0.0171171171171172,0.925038671165529,"Gaussian Bartlett refinement","Odd M, even Q"
0.0189189189189189,0.925042737860762,"Gaussian Bartlett refinement","Odd M, even Q"
0.0207207207207207,0.925046804096751,"Gaussian Bartlett refinement","Odd M, even Q"
0.0225225225225225,0.925050869949967,"Gaussian Bartlett refinement","Odd M, even Q"
0.0243243243243243,0.925054935496832,"Gaussian Bartlett refinement","Odd M, even Q"
0.0261261261261261,0.925059000813728,"Gaussian Bartlett refinement","Odd M, even Q"
0.0279279279279279,0.925063065976996,"Gaussian Bartlett refinement","Odd M, even Q"
0.0297297297297298,0.925067131062945,"Gaussian Bartlett refinement","Odd M, even Q"
0.0315315315315315,0.925071196147854,"Gaussian Bartlett refinement","Odd M, even Q"
0.0333333333333333,0.92507526130798,"Gaussian Bartlett refinement","Odd M, even Q"
0.0351351351351351,0.925079326619558,"Gaussian Bartlett refinement","Odd M, even Q"
0.0369369369369369,0.925083392158806,"Gaussian Bartlett refinement","Odd M, even Q"
0.0387387387387387,0.925087458001936,"Gaussian Bartlett refinement","Odd M, even Q"
0.0405405405405406,0.925091524225149,"Gaussian Bartlett refinement","Odd M, even Q"
0.0423423423423424,0.925095590904647,"Gaussian Bartlett refinement","Odd M, even Q"
0.0441441441441441,0.925099658116635,"Gaussian Bartlett refinement","Odd M, even Q"
0.0459459459459459,0.925103725937323,"Gaussian Bartlett refinement","Odd M, even Q"
0.0477477477477477,0.925107794442936,"Gaussian Bartlett refinement","Odd M, even Q"
0.0495495495495495,0.925111863709713,"Gaussian Bartlett refinement","Odd M, even Q"
0.0513513513513514,0.925115933813916,"Gaussian Bartlett refinement","Odd M, even Q"
0.0531531531531532,0.925120004831832,"Gaussian Bartlett refinement","Odd M, even Q"
0.0549549549549549,0.925124076839776,"Gaussian Bartlett refinement","Odd M, even Q"
0.0567567567567567,0.925128149914101,"Gaussian Bartlett refinement","Odd M, even Q"
0.0585585585585585,0.925132224131198,"Gaussian Bartlett refinement","Odd M, even Q"
0.0603603603603603,0.925136299567499,"Gaussian Bartlett refinement","Odd M, even Q"
0.0621621621621622,0.925140376299489,"Gaussian Bartlett refinement","Odd M, even Q"
0.063963963963964,0.925144454403701,"Gaussian Bartlett refinement","Odd M, even Q"
0.0657657657657658,0.92514853395673,"Gaussian Bartlett refinement","Odd M, even Q"
0.0675675675675675,0.925152615035229,"Gaussian Bartlett refinement","Odd M, even Q"
0.0693693693693693,0.925156697715918,"Gaussian Bartlett refinement","Odd M, even Q"
0.0711711711711711,0.925160782075591,"Gaussian Bartlett refinement","Odd M, even Q"
0.072972972972973,0.925164868191115,"Gaussian Bartlett refinement","Odd M, even Q"
0.0747747747747748,0.925168956139436,"Gaussian Bartlett refinement","Odd M, even Q"
0.0765765765765766,0.925173045997588,"Gaussian Bartlett refinement","Odd M, even Q"
0.0783783783783784,0.925177137842691,"Gaussian Bartlett refinement","Odd M, even Q"
0.0801801801801801,0.925181231751962,"Gaussian Bartlett refinement","Odd M, even Q"
0.0819819819819819,0.925185327802713,"Gaussian Bartlett refinement","Odd M, even Q"
0.0837837837837838,0.925189426072362,"Gaussian Bartlett refinement","Odd M, even Q"
0.0855855855855856,0.925193526638433,"Gaussian Bartlett refinement","Odd M, even Q"
0.0873873873873874,0.925197629578563,"Gaussian Bartlett refinement","Odd M, even Q"
0.0891891891891892,0.925201734970505,"Gaussian Bartlett refinement","Odd M, even Q"
0.0909909909909909,0.925205842892135,"Gaussian Bartlett refinement","Odd M, even Q"
0.0927927927927927,0.925209953421454,"Gaussian Bartlett refinement","Odd M, even Q"
0.0945945945945946,0.925214066636594,"Gaussian Bartlett refinement","Odd M, even Q"
0.0963963963963964,0.925218182615822,"Gaussian Bartlett refinement","Odd M, even Q"
0.0981981981981982,0.925222301437547,"Gaussian Bartlett refinement","Odd M, even Q"
0.1,0.925226423180322,"Gaussian Bartlett refinement","Odd M, even Q"
0.101801801801802,0.925230547922848,"Gaussian Bartlett refinement","Odd M, even Q"
0.103603603603604,0.925234675743983,"Gaussian Bartlett refinement","Odd M, even Q"
0.105405405405405,0.925238806722742,"Gaussian Bartlett refinement","Odd M, even Q"
0.107207207207207,0.925242940938305,"Gaussian Bartlett refinement","Odd M, even Q"
0.109009009009009,0.92524707847002,"Gaussian Bartlett refinement","Odd M, even Q"
0.110810810810811,0.925251219397408,"Gaussian Bartlett refinement","Odd M, even Q"
0.112612612612613,0.92525536380017,"Gaussian Bartlett refinement","Odd M, even Q"
0.114414414414414,0.925259511758188,"Gaussian Bartlett refinement","Odd M, even Q"
0.116216216216216,0.925263663351533,"Gaussian Bartlett refinement","Odd M, even Q"
0.118018018018018,0.925267818660467,"Gaussian Bartlett refinement","Odd M, even Q"
0.11981981981982,0.925271977765453,"Gaussian Bartlett refinement","Odd M, even Q"
0.121621621621622,0.925276140747152,"Gaussian Bartlett refinement","Odd M, even Q"
0.123423423423423,0.925280307686435,"Gaussian Bartlett refinement","Odd M, even Q"
0.125225225225225,0.925284478664386,"Gaussian Bartlett refinement","Odd M, even Q"
0.127027027027027,0.925288653762303,"Gaussian Bartlett refinement","Odd M, even Q"
0.128828828828829,0.925292833061711,"Gaussian Bartlett refinement","Odd M, even Q"
0.130630630630631,0.925297016644357,"Gaussian Bartlett refinement","Odd M, even Q"
0.132432432432433,0.925301204592224,"Gaussian Bartlett refinement","Odd M, even Q"
0.134234234234234,0.92530539698753,"Gaussian Bartlett refinement","Odd M, even Q"
0.136036036036036,0.925309593912738,"Gaussian Bartlett refinement","Odd M, even Q"
0.137837837837838,0.925313795450554,"Gaussian Bartlett refinement","Odd M, even Q"
0.13963963963964,0.925318001683941,"Gaussian Bartlett refinement","Odd M, even Q"
0.141441441441441,0.925322212696117,"Gaussian Bartlett refinement","Odd M, even Q"
0.143243243243243,0.925326428570563,"Gaussian Bartlett refinement","Odd M, even Q"
0.145045045045045,0.92533064939103,"Gaussian Bartlett refinement","Odd M, even Q"
0.146846846846847,0.925334875241539,"Gaussian Bartlett refinement","Odd M, even Q"
0.148648648648649,0.925339106206392,"Gaussian Bartlett refinement","Odd M, even Q"
0.15045045045045,0.925343342370174,"Gaussian Bartlett refinement","Odd M, even Q"
0.152252252252252,0.925347583817759,"Gaussian Bartlett refinement","Odd M, even Q"
0.154054054054054,0.925351830634314,"Gaussian Bartlett refinement","Odd M, even Q"
0.155855855855856,0.925356082905308,"Gaussian Bartlett refinement","Odd M, even Q"
0.157657657657658,0.925360340716514,"Gaussian Bartlett refinement","Odd M, even Q"
0.159459459459459,0.925364604154014,"Gaussian Bartlett refinement","Odd M, even Q"
0.161261261261261,0.925368873304208,"Gaussian Bartlett refinement","Odd M, even Q"
0.163063063063063,0.925373148253817,"Gaussian Bartlett refinement","Odd M, even Q"
0.164864864864865,0.925377429089889,"Gaussian Bartlett refinement","Odd M, even Q"
0.166666666666667,0.925381715899803,"Gaussian Bartlett refinement","Odd M, even Q"
0.168468468468468,0.925386008771278,"Gaussian Bartlett refinement","Odd M, even Q"
0.17027027027027,0.925390307792376,"Gaussian Bartlett refinement","Odd M, even Q"
0.172072072072072,0.925394613051506,"Gaussian Bartlett refinement","Odd M, even Q"
0.173873873873874,0.925398924637437,"Gaussian Bartlett refinement","Odd M, even Q"
0.175675675675676,0.925403242639294,"Gaussian Bartlett refinement","Odd M, even Q"
0.177477477477478,0.92540756714657,"Gaussian Bartlett refinement","Odd M, even Q"
0.179279279279279,0.925411898249131,"Gaussian Bartlett refinement","Odd M, even Q"
0.181081081081081,0.925416236037221,"Gaussian Bartlett refinement","Odd M, even Q"
0.182882882882883,0.925420580601467,"Gaussian Bartlett refinement","Odd M, even Q"
0.184684684684685,0.925424932032885,"Gaussian Bartlett refinement","Odd M, even Q"
0.186486486486486,0.925429290422891,"Gaussian Bartlett refinement","Odd M, even Q"
0.188288288288288,0.925433655863297,"Gaussian Bartlett refinement","Odd M, even Q"
0.19009009009009,0.925438028446327,"Gaussian Bartlett refinement","Odd M, even Q"
0.191891891891892,0.925442408264618,"Gaussian Bartlett refinement","Odd M, even Q"
0.193693693693694,0.925446795411226,"Gaussian Bartlett refinement","Odd M, even Q"
0.195495495495495,0.925451189979633,"Gaussian Bartlett refinement","Odd M, even Q"
0.197297297297297,0.925455592063755,"Gaussian Bartlett refinement","Odd M, even Q"
0.199099099099099,0.925460001757946,"Gaussian Bartlett refinement","Odd M, even Q"
0.200900900900901,0.925464419157003,"Gaussian Bartlett refinement","Odd M, even Q"
0.202702702702703,0.925468844356177,"Gaussian Bartlett refinement","Odd M, even Q"
0.204504504504505,0.925473277451174,"Gaussian Bartlett refinement","Odd M, even Q"
0.206306306306306,0.925477718538166,"Gaussian Bartlett refinement","Odd M, even Q"
0.208108108108108,0.925482167713795,"Gaussian Bartlett refinement","Odd M, even Q"
0.20990990990991,0.92548662507518,"Gaussian Bartlett refinement","Odd M, even Q"
0.211711711711712,0.925491090719922,"Gaussian Bartlett refinement","Odd M, even Q"
0.213513513513513,0.925495564746114,"Gaussian Bartlett refinement","Odd M, even Q"
0.215315315315315,0.925500047252345,"Gaussian Bartlett refinement","Odd M, even Q"
0.217117117117117,0.925504538337709,"Gaussian Bartlett refinement","Odd M, even Q"
0.218918918918919,0.925509038101807,"Gaussian Bartlett refinement","Odd M, even Q"
0.220720720720721,0.925513546644762,"Gaussian Bartlett refinement","Odd M, even Q"
0.222522522522523,0.925518064067216,"Gaussian Bartlett refinement","Odd M, even Q"
0.224324324324324,0.925522590470345,"Gaussian Bartlett refinement","Odd M, even Q"
0.226126126126126,0.925527125955863,"Gaussian Bartlett refinement","Odd M, even Q"
0.227927927927928,0.925531670626027,"Gaussian Bartlett refinement","Odd M, even Q"
0.22972972972973,0.925536224583647,"Gaussian Bartlett refinement","Odd M, even Q"
0.231531531531531,0.925540787932093,"Gaussian Bartlett refinement","Odd M, even Q"
0.233333333333333,0.925545360775301,"Gaussian Bartlett refinement","Odd M, even Q"
0.235135135135135,0.92554994321778,"Gaussian Bartlett refinement","Odd M, even Q"
0.236936936936937,0.92555453536462,"Gaussian Bartlett refinement","Odd M, even Q"
0.238738738738739,0.9255591373215,"Gaussian Bartlett refinement","Odd M, even Q"
0.240540540540541,0.925563749194694,"Gaussian Bartlett refinement","Odd M, even Q"
0.242342342342342,0.92556837109108,"Gaussian Bartlett refinement","Odd M, even Q"
0.244144144144144,0.925573003118147,"Gaussian Bartlett refinement","Odd M, even Q"
0.245945945945946,0.925577645384,"Gaussian Bartlett refinement","Odd M, even Q"
0.247747747747748,0.925582297997374,"Gaussian Bartlett refinement","Odd M, even Q"
0.24954954954955,0.925586961067635,"Gaussian Bartlett refinement","Odd M, even Q"
0.251351351351351,0.925591634704792,"Gaussian Bartlett refinement","Odd M, even Q"
0.253153153153153,0.925596319019502,"Gaussian Bartlett refinement","Odd M, even Q"
0.254954954954955,0.92560101412308,"Gaussian Bartlett refinement","Odd M, even Q"
0.256756756756757,0.925605720127509,"Gaussian Bartlett refinement","Odd M, even Q"
0.258558558558558,0.925610437145441,"Gaussian Bartlett refinement","Odd M, even Q"
0.26036036036036,0.925615165290212,"Gaussian Bartlett refinement","Odd M, even Q"
0.262162162162162,0.92561990467585,"Gaussian Bartlett refinement","Odd M, even Q"
0.263963963963964,0.925624655417076,"Gaussian Bartlett refinement","Odd M, even Q"
0.265765765765766,0.925629417629321,"Gaussian Bartlett refinement","Odd M, even Q"
0.267567567567568,0.925634191428731,"Gaussian Bartlett refinement","Odd M, even Q"
0.269369369369369,0.925638976932173,"Gaussian Bartlett refinement","Odd M, even Q"
0.271171171171171,0.925643774257247,"Gaussian Bartlett refinement","Odd M, even Q"
0.272972972972973,0.925648583522293,"Gaussian Bartlett refinement","Odd M, even Q"
0.274774774774775,0.925653404846401,"Gaussian Bartlett refinement","Odd M, even Q"
0.276576576576577,0.925658238349419,"Gaussian Bartlett refinement","Odd M, even Q"
0.278378378378378,0.925663084151959,"Gaussian Bartlett refinement","Odd M, even Q"
0.28018018018018,0.925667942375411,"Gaussian Bartlett refinement","Odd M, even Q"
0.281981981981982,0.925672813141949,"Gaussian Bartlett refinement","Odd M, even Q"
0.283783783783784,0.925677696574541,"Gaussian Bartlett refinement","Odd M, even Q"
0.285585585585586,0.925682592796956,"Gaussian Bartlett refinement","Odd M, even Q"
0.287387387387387,0.925687501933777,"Gaussian Bartlett refinement","Odd M, even Q"
0.289189189189189,0.925692424110406,"Gaussian Bartlett refinement","Odd M, even Q"
0.290990990990991,0.925697359453077,"Gaussian Bartlett refinement","Odd M, even Q"
0.292792792792793,0.925702308088862,"Gaussian Bartlett refinement","Odd M, even Q"
0.294594594594595,0.925707270145686,"Gaussian Bartlett refinement","Odd M, even Q"
0.296396396396396,0.925712245752329,"Gaussian Bartlett refinement","Odd M, even Q"
0.298198198198198,0.925717235038442,"Gaussian Bartlett refinement","Odd M, even Q"
0.3,0.925722238134553,"Gaussian Bartlett refinement","Odd M, even Q"
0.301801801801802,0.925727255172079,"Gaussian Bartlett refinement","Odd M, even Q"
0.303603603603604,0.925732286283335,"Gaussian Bartlett refinement","Odd M, even Q"
0.305405405405406,0.925737331601543,"Gaussian Bartlett refinement","Odd M, even Q"
0.307207207207207,0.925742391260844,"Gaussian Bartlett refinement","Odd M, even Q"
0.309009009009009,0.925747465396307,"Gaussian Bartlett refinement","Odd M, even Q"
0.310810810810811,0.925752554143939,"Gaussian Bartlett refinement","Odd M, even Q"
0.312612612612613,0.925757657640695,"Gaussian Bartlett refinement","Odd M, even Q"
0.314414414414414,0.925762776024492,"Gaussian Bartlett refinement","Odd M, even Q"
0.316216216216216,0.925767909434212,"Gaussian Bartlett refinement","Odd M, even Q"
0.318018018018018,0.925773058009721,"Gaussian Bartlett refinement","Odd M, even Q"
0.31981981981982,0.925778221891872,"Gaussian Bartlett refinement","Odd M, even Q"
0.321621621621622,0.925783401222523,"Gaussian Bartlett refinement","Odd M, even Q"
0.323423423423423,0.925788596144542,"Gaussian Bartlett refinement","Odd M, even Q"
0.325225225225225,0.925793806801819,"Gaussian Bartlett refinement","Odd M, even Q"
0.327027027027027,0.925799033339279,"Gaussian Bartlett refinement","Odd M, even Q"
0.328828828828829,0.925804275902892,"Gaussian Bartlett refinement","Odd M, even Q"
0.330630630630631,0.925809534639684,"Gaussian Bartlett refinement","Odd M, even Q"
0.332432432432432,0.925814809697747,"Gaussian Bartlett refinement","Odd M, even Q"
0.334234234234234,0.925820101226253,"Gaussian Bartlett refinement","Odd M, even Q"
0.336036036036036,0.925825409375462,"Gaussian Bartlett refinement","Odd M, even Q"
0.337837837837838,0.925830734296736,"Gaussian Bartlett refinement","Odd M, even Q"
0.33963963963964,0.92583607614255,"Gaussian Bartlett refinement","Odd M, even Q"
0.341441441441441,0.925841435066502,"Gaussian Bartlett refinement","Odd M, even Q"
0.343243243243243,0.925846811223327,"Gaussian Bartlett refinement","Odd M, even Q"
0.345045045045045,0.925852204768906,"Gaussian Bartlett refinement","Odd M, even Q"
0.346846846846847,0.925857615860282,"Gaussian Bartlett refinement","Odd M, even Q"
0.348648648648649,0.925863044655665,"Gaussian Bartlett refinement","Odd M, even Q"
0.350450450450451,0.925868491314452,"Gaussian Bartlett refinement","Odd M, even Q"
0.352252252252252,0.925873955997234,"Gaussian Bartlett refinement","Odd M, even Q"
0.354054054054054,0.925879438865809,"Gaussian Bartlett refinement","Odd M, even Q"
0.355855855855856,0.925884940083195,"Gaussian Bartlett refinement","Odd M, even Q"
0.357657657657658,0.925890459813639,"Gaussian Bartlett refinement","Odd M, even Q"
0.359459459459459,0.925895998222637,"Gaussian Bartlett refinement","Odd M, even Q"
0.361261261261261,0.925901555476937,"Gaussian Bartlett refinement","Odd M, even Q"
0.363063063063063,0.925907131744557,"Gaussian Bartlett refinement","Odd M, even Q"
0.364864864864865,0.925912727194798,"Gaussian Bartlett refinement","Odd M, even Q"
0.366666666666667,0.925918341998253,"Gaussian Bartlett refinement","Odd M, even Q"
0.368468468468468,0.925923976326822,"Gaussian Bartlett refinement","Odd M, even Q"
0.37027027027027,0.925929630353724,"Gaussian Bartlett refinement","Odd M, even Q"
0.372072072072072,0.925935304253511,"Gaussian Bartlett refinement","Odd M, even Q"
0.373873873873874,0.925940998202079,"Gaussian Bartlett refinement","Odd M, even Q"
0.375675675675676,0.925946712376681,"Gaussian Bartlett refinement","Odd M, even Q"
0.377477477477478,0.925952446955941,"Gaussian Bartlett refinement","Odd M, even Q"
0.379279279279279,0.925958202119867,"Gaussian Bartlett refinement","Odd M, even Q"
0.381081081081081,0.925963978049864,"Gaussian Bartlett refinement","Odd M, even Q"
0.382882882882883,0.925969774928743,"Gaussian Bartlett refinement","Odd M, even Q"
0.384684684684685,0.925975592940742,"Gaussian Bartlett refinement","Odd M, even Q"
0.386486486486486,0.925981432271533,"Gaussian Bartlett refinement","Odd M, even Q"
0.388288288288288,0.925987293108234,"Gaussian Bartlett refinement","Odd M, even Q"
0.39009009009009,0.925993175639429,"Gaussian Bartlett refinement","Odd M, even Q"
0.391891891891892,0.925999080055175,"Gaussian Bartlett refinement","Odd M, even Q"
0.393693693693694,0.926005006547018,"Gaussian Bartlett refinement","Odd M, even Q"
0.395495495495496,0.926010955308005,"Gaussian Bartlett refinement","Odd M, even Q"
0.397297297297297,0.926016926532697,"Gaussian Bartlett refinement","Odd M, even Q"
0.399099099099099,0.926022920417184,"Gaussian Bartlett refinement","Odd M, even Q"
0.400900900900901,0.926028937159097,"Gaussian Bartlett refinement","Odd M, even Q"
0.402702702702703,0.92603497695762,"Gaussian Bartlett refinement","Odd M, even Q"
0.404504504504504,0.926041040013508,"Gaussian Bartlett refinement","Odd M, even Q"
0.406306306306306,0.926047126529091,"Gaussian Bartlett refinement","Odd M, even Q"
0.408108108108108,0.926053236708298,"Gaussian Bartlett refinement","Odd M, even Q"
0.40990990990991,0.926059370756662,"Gaussian Bartlett refinement","Odd M, even Q"
0.411711711711712,0.926065528881336,"Gaussian Bartlett refinement","Odd M, even Q"
0.413513513513514,0.926071711291108,"Gaussian Bartlett refinement","Odd M, even Q"
0.415315315315315,0.926077918196408,"Gaussian Bartlett refinement","Odd M, even Q"
0.417117117117117,0.92608414980933,"Gaussian Bartlett refinement","Odd M, even Q"
0.418918918918919,0.926090406343633,"Gaussian Bartlett refinement","Odd M, even Q"
0.420720720720721,0.926096688014767,"Gaussian Bartlett refinement","Odd M, even Q"
0.422522522522523,0.926102995039873,"Gaussian Bartlett refinement","Odd M, even Q"
0.424324324324324,0.926109327637804,"Gaussian Bartlett refinement","Odd M, even Q"
0.426126126126126,0.926115686029136,"Gaussian Bartlett refinement","Odd M, even Q"
0.427927927927928,0.926122070436175,"Gaussian Bartlett refinement","Odd M, even Q"
0.42972972972973,0.926128481082977,"Gaussian Bartlett refinement","Odd M, even Q"
0.431531531531531,0.926134918195353,"Gaussian Bartlett refinement","Odd M, even Q"
0.433333333333333,0.926141382000885,"Gaussian Bartlett refinement","Odd M, even Q"
0.435135135135135,0.926147872728937,"Gaussian Bartlett refinement","Odd M, even Q"
0.436936936936937,0.926154390610664,"Gaussian Bartlett refinement","Odd M, even Q"
0.438738738738739,0.926160935879026,"Gaussian Bartlett refinement","Odd M, even Q"
0.440540540540541,0.926167508768797,"Gaussian Bartlett refinement","Odd M, even Q"
0.442342342342342,0.926174109516579,"Gaussian Bartlett refinement","Odd M, even Q"
0.444144144144144,0.926180738360806,"Gaussian Bartlett refinement","Odd M, even Q"
0.445945945945946,0.92618739554176,"Gaussian Bartlett refinement","Odd M, even Q"
0.447747747747748,0.926194081301581,"Gaussian Bartlett refinement","Odd M, even Q"
0.44954954954955,0.926200795884271,"Gaussian Bartlett refinement","Odd M, even Q"
0.451351351351351,0.926207539535709,"Gaussian Bartlett refinement","Odd M, even Q"
0.453153153153153,0.926214312503656,"Gaussian Bartlett refinement","Odd M, even Q"
0.454954954954955,0.926221115037766,"Gaussian Bartlett refinement","Odd M, even Q"
0.456756756756757,0.926227947389592,"Gaussian Bartlett refinement","Odd M, even Q"
0.458558558558559,0.926234809812597,"Gaussian Bartlett refinement","Odd M, even Q"
0.46036036036036,0.926241702562153,"Gaussian Bartlett refinement","Odd M, even Q"
0.462162162162162,0.926248625895559,"Gaussian Bartlett refinement","Odd M, even Q"
0.463963963963964,0.926255580072039,"Gaussian Bartlett refinement","Odd M, even Q"
0.465765765765766,0.926262565352749,"Gaussian Bartlett refinement","Odd M, even Q"
0.467567567567568,0.926269582000782,"Gaussian Bartlett refinement","Odd M, even Q"
0.469369369369369,0.926276630281176,"Gaussian Bartlett refinement","Odd M, even Q"
0.471171171171171,0.926283710460911,"Gaussian Bartlett refinement","Odd M, even Q"
0.472972972972973,0.926290822808919,"Gaussian Bartlett refinement","Odd M, even Q"
0.474774774774775,0.92629796759608,"Gaussian Bartlett refinement","Odd M, even Q"
0.476576576576576,0.926305145095228,"Gaussian Bartlett refinement","Odd M, even Q"
0.478378378378378,0.926312355581148,"Gaussian Bartlett refinement","Odd M, even Q"
0.48018018018018,0.92631959933058,"Gaussian Bartlett refinement","Odd M, even Q"
0.481981981981982,0.926326876622213,"Gaussian Bartlett refinement","Odd M, even Q"
0.483783783783784,0.926334187736686,"Gaussian Bartlett refinement","Odd M, even Q"
0.485585585585586,0.926341532956586,"Gaussian Bartlett refinement","Odd M, even Q"
0.487387387387387,0.926348912566439,"Gaussian Bartlett refinement","Odd M, even Q"
0.489189189189189,0.926356326852711,"Gaussian Bartlett refinement","Odd M, even Q"
0.490990990990991,0.926363776103795,"Gaussian Bartlett refinement","Odd M, even Q"
0.492792792792793,0.92637126061001,"Gaussian Bartlett refinement","Odd M, even Q"
0.494594594594595,0.926378780663586,"Gaussian Bartlett refinement","Odd M, even Q"
0.496396396396396,0.926386336558657,"Gaussian Bartlett refinement","Odd M, even Q"
0.498198198198198,0.926393928591249,"Gaussian Bartlett refinement","Odd M, even Q"
0.5,0.926401557059266,"Gaussian Bartlett refinement","Odd M, even Q"
0.501801801801802,0.926409222262474,"Gaussian Bartlett refinement","Odd M, even Q"
0.503603603603604,0.926416924502488,"Gaussian Bartlett refinement","Odd M, even Q"
0.505405405405405,0.926424664082751,"Gaussian Bartlett refinement","Odd M, even Q"
0.507207207207207,0.926432441308513,"Gaussian Bartlett refinement","Odd M, even Q"
0.509009009009009,0.926440256486811,"Gaussian Bartlett refinement","Odd M, even Q"
0.510810810810811,0.926448109926445,"Gaussian Bartlett refinement","Odd M, even Q"
0.512612612612613,0.926456001937952,"Gaussian Bartlett refinement","Odd M, even Q"
0.514414414414414,0.926463932833574,"Gaussian Bartlett refinement","Odd M, even Q"
0.516216216216216,0.926471902927233,"Gaussian Bartlett refinement","Odd M, even Q"
0.518018018018018,0.926479912534493,"Gaussian Bartlett refinement","Odd M, even Q"
0.51981981981982,0.926487961972528,"Gaussian Bartlett refinement","Odd M, even Q"
0.521621621621622,0.92649605156008,"Gaussian Bartlett refinement","Odd M, even Q"
0.523423423423424,0.926504181617423,"Gaussian Bartlett refinement","Odd M, even Q"
0.525225225225225,0.926512352466311,"Gaussian Bartlett refinement","Odd M, even Q"
0.527027027027027,0.926520564429939,"Gaussian Bartlett refinement","Odd M, even Q"
0.528828828828829,0.926528817832889,"Gaussian Bartlett refinement","Odd M, even Q"
0.530630630630631,0.926537113001073,"Gaussian Bartlett refinement","Odd M, even Q"
0.532432432432432,0.926545450261682,"Gaussian Bartlett refinement","Odd M, even Q"
0.534234234234234,0.92655382994312,"Gaussian Bartlett refinement","Odd M, even Q"
0.536036036036036,0.92656225237494,"Gaussian Bartlett refinement","Odd M, even Q"
0.537837837837838,0.926570717887776,"Gaussian Bartlett refinement","Odd M, even Q"
0.53963963963964,0.926579226813271,"Gaussian Bartlett refinement","Odd M, even Q"
0.541441441441441,0.926587779483993,"Gaussian Bartlett refinement","Odd M, even Q"
0.543243243243243,0.92659637623336,"Gaussian Bartlett refinement","Odd M, even Q"
0.545045045045045,0.926605017395547,"Gaussian Bartlett refinement","Odd M, even Q"
0.546846846846847,0.926613703305396,"Gaussian Bartlett refinement","Odd M, even Q"
0.548648648648649,0.926622434298319,"Gaussian Bartlett refinement","Odd M, even Q"
0.55045045045045,0.926631210710189,"Gaussian Bartlett refinement","Odd M, even Q"
0.552252252252252,0.926640032877236,"Gaussian Bartlett refinement","Odd M, even Q"
0.554054054054054,0.92664890113593,"Gaussian Bartlett refinement","Odd M, even Q"
0.555855855855856,0.926657815822857,"Gaussian Bartlett refinement","Odd M, even Q"
0.557657657657658,0.92666677727459,"Gaussian Bartlett refinement","Odd M, even Q"
0.559459459459459,0.926675785827553,"Gaussian Bartlett refinement","Odd M, even Q"
0.561261261261261,0.926684841817881,"Gaussian Bartlett refinement","Odd M, even Q"
0.563063063063063,0.926693945581262,"Gaussian Bartlett refinement","Odd M, even Q"
0.564864864864865,0.926703097452782,"Gaussian Bartlett refinement","Odd M, even Q"
0.566666666666667,0.926712297766755,"Gaussian Bartlett refinement","Odd M, even Q"
0.568468468468469,0.926721546856549,"Gaussian Bartlett refinement","Odd M, even Q"
0.57027027027027,0.926730845054393,"Gaussian Bartlett refinement","Odd M, even Q"
0.572072072072072,0.926740192691188,"Gaussian Bartlett refinement","Odd M, even Q"
0.573873873873874,0.926749590096295,"Gaussian Bartlett refinement","Odd M, even Q"
0.575675675675676,0.92675903759732,"Gaussian Bartlett refinement","Odd M, even Q"
0.577477477477477,0.926768535519887,"Gaussian Bartlett refinement","Odd M, even Q"
0.579279279279279,0.926778084187395,"Gaussian Bartlett refinement","Odd M, even Q"
0.581081081081081,0.926787683920764,"Gaussian Bartlett refinement","Odd M, even Q"
0.582882882882883,0.926797335038175,"Gaussian Bartlett refinement","Odd M, even Q"
0.584684684684685,0.926807037854787,"Gaussian Bartlett refinement","Odd M, even Q"
0.586486486486486,0.926816792682441,"Gaussian Bartlett refinement","Odd M, even Q"
0.588288288288288,0.92682659982936,"Gaussian Bartlett refinement","Odd M, even Q"
0.59009009009009,0.926836459599818,"Gaussian Bartlett refinement","Odd M, even Q"
0.591891891891892,0.926846372293802,"Gaussian Bartlett refinement","Odd M, even Q"
0.593693693693694,0.926856338206658,"Gaussian Bartlett refinement","Odd M, even Q"
0.595495495495496,0.926866357628713,"Gaussian Bartlett refinement","Odd M, even Q"
0.597297297297297,0.926876430844886,"Gaussian Bartlett refinement","Odd M, even Q"
0.599099099099099,0.926886558134268,"Gaussian Bartlett refinement","Odd M, even Q"
0.600900900900901,0.926896739769697,"Gaussian Bartlett refinement","Odd M, even Q"
0.602702702702703,0.926906976017297,"Gaussian Bartlett refinement","Odd M, even Q"
0.604504504504504,0.926917267136006,"Gaussian Bartlett refinement","Odd M, even Q"
0.606306306306306,0.926927613377071,"Gaussian Bartlett refinement","Odd M, even Q"
0.608108108108108,0.926938014983527,"Gaussian Bartlett refinement","Odd M, even Q"
0.60990990990991,0.926948472189643,"Gaussian Bartlett refinement","Odd M, even Q"
0.611711711711712,0.926958985220347,"Gaussian Bartlett refinement","Odd M, even Q"
0.613513513513514,0.926969554290618,"Gaussian Bartlett refinement","Odd M, even Q"
0.615315315315315,0.926980179604851,"Gaussian Bartlett refinement","Odd M, even Q"
0.617117117117117,0.926990861356194,"Gaussian Bartlett refinement","Odd M, even Q"
0.618918918918919,0.927001599725844,"Gaussian Bartlett refinement","Odd M, even Q"
0.620720720720721,0.927012394882315,"Gaussian Bartlett refinement","Odd M, even Q"
0.622522522522522,0.927023246980675,"Gaussian Bartlett refinement","Odd M, even Q"
0.624324324324324,0.927034156161735,"Gaussian Bartlett refinement","Odd M, even Q"
0.626126126126126,0.927045122551206,"Gaussian Bartlett refinement","Odd M, even Q"
0.627927927927928,0.927056146258815,"Gaussian Bartlett refinement","Odd M, even Q"
0.62972972972973,0.927067227377374,"Gaussian Bartlett refinement","Odd M, even Q"
0.631531531531532,0.927078365981812,"Gaussian Bartlett refinement","Odd M, even Q"
0.633333333333333,0.927089562128149,"Gaussian Bartlett refinement","Odd M, even Q"
0.635135135135135,0.927100815852428,"Gaussian Bartlett refinement","Odd M, even Q"
0.636936936936937,0.9271121271696,"Gaussian Bartlett refinement","Odd M, even Q"
0.638738738738739,0.92712349607234,"Gaussian Bartlett refinement","Odd M, even Q"
0.640540540540541,0.927134922529824,"Gaussian Bartlett refinement","Odd M, even Q"
0.642342342342342,0.927146406486431,"Gaussian Bartlett refinement","Odd M, even Q"
0.644144144144144,0.927157947860395,"Gaussian Bartlett refinement","Odd M, even Q"
0.645945945945946,0.927169546542384,"Gaussian Bartlett refinement","Odd M, even Q"
0.647747747747748,0.927181202394014,"Gaussian Bartlett refinement","Odd M, even Q"
0.649549549549549,0.927192915246291,"Gaussian Bartlett refinement","Odd M, even Q"
0.651351351351351,0.927204684897979,"Gaussian Bartlett refinement","Odd M, even Q"
0.653153153153153,0.927216511113885,"Gaussian Bartlett refinement","Odd M, even Q"
0.654954954954955,0.927228393623066,"Gaussian Bartlett refinement","Odd M, even Q"
0.656756756756757,0.927240332116949,"Gaussian Bartlett refinement","Odd M, even Q"
0.658558558558559,0.927252326247359,"Gaussian Bartlett refinement","Odd M, even Q"
0.66036036036036,0.927264375624451,"Gaussian Bartlett refinement","Odd M, even Q"
0.662162162162162,0.927276479814546,"Gaussian Bartlett refinement","Odd M, even Q"
0.663963963963964,0.927288638337858,"Gaussian Bartlett refinement","Odd M, even Q"
0.665765765765766,0.927300850666116,"Gaussian Bartlett refinement","Odd M, even Q"
0.667567567567568,0.927313116220064,"Gaussian Bartlett refinement","Odd M, even Q"
0.669369369369369,0.927325434366851,"Gaussian Bartlett refinement","Odd M, even Q"
0.671171171171171,0.927337804417286,"Gaussian Bartlett refinement","Odd M, even Q"
0.672972972972973,0.927350225622964,"Gaussian Bartlett refinement","Odd M, even Q"
0.674774774774775,0.927362697173248,"Gaussian Bartlett refinement","Odd M, even Q"
0.676576576576577,0.927375218192117,"Gaussian Bartlett refinement","Odd M, even Q"
0.678378378378378,0.927387787734846,"Gaussian Bartlett refinement","Odd M, even Q"
0.68018018018018,0.927400404784535,"Gaussian Bartlett refinement","Odd M, even Q"
0.681981981981982,0.92741306824847,"Gaussian Bartlett refinement","Odd M, even Q"
0.683783783783784,0.927425776954298,"Gaussian Bartlett refinement","Odd M, even Q"
0.685585585585586,0.927438529646031,"Gaussian Bartlett refinement","Odd M, even Q"
0.687387387387387,0.927451324979838,"Gaussian Bartlett refinement","Odd M, even Q"
0.689189189189189,0.92746416151965,"Gaussian Bartlett refinement","Odd M, even Q"
0.690990990990991,0.927477037732538,"Gaussian Bartlett refinement","Odd M, even Q"
0.692792792792793,0.927489951983871,"Gaussian Bartlett refinement","Odd M, even Q"
0.694594594594594,0.927502902532237,"Gaussian Bartlett refinement","Odd M, even Q"
0.696396396396396,0.927515887524119,"Gaussian Bartlett refinement","Odd M, even Q"
0.698198198198198,0.927528904988305,"Gaussian Bartlett refinement","Odd M, even Q"
0.7,0.927541952830027,"Gaussian Bartlett refinement","Odd M, even Q"
0.701801801801802,0.927555028824819,"Gaussian Bartlett refinement","Odd M, even Q"
0.703603603603604,0.92756813061206,"Gaussian Bartlett refinement","Odd M, even Q"
0.705405405405405,0.927581255688217,"Gaussian Bartlett refinement","Odd M, even Q"
0.707207207207207,0.927594401399743,"Gaussian Bartlett refinement","Odd M, even Q"
0.709009009009009,0.927607564935633,"Gaussian Bartlett refinement","Odd M, even Q"
0.710810810810811,0.927620743319609,"Gaussian Bartlett refinement","Odd M, even Q"
0.712612612612613,0.927633933401926,"Gaussian Bartlett refinement","Odd M, even Q"
0.714414414414414,0.927647131850767,"Gaussian Bartlett refinement","Odd M, even Q"
0.716216216216216,0.927660335143215,"Gaussian Bartlett refinement","Odd M, even Q"
0.718018018018018,0.927673539555784,"Gaussian Bartlett refinement","Odd M, even Q"
0.71981981981982,0.927686741154472,"Gaussian Bartlett refinement","Odd M, even Q"
0.721621621621622,0.927699935784333,"Gaussian Bartlett refinement","Odd M, even Q"
0.723423423423423,0.927713119058514,"Gaussian Bartlett refinement","Odd M, even Q"
0.725225225225225,0.927726286346768,"Gaussian Bartlett refinement","Odd M, even Q"
0.727027027027027,0.92773943276338,"Gaussian Bartlett refinement","Odd M, even Q"
0.728828828828829,0.927752553154499,"Gaussian Bartlett refinement","Odd M, even Q"
0.730630630630631,0.927765642084833,"Gaussian Bartlett refinement","Odd M, even Q"
0.732432432432432,0.927778693823689,"Gaussian Bartlett refinement","Odd M, even Q"
0.734234234234234,0.927791702330304,"Gaussian Bartlett refinement","Odd M, even Q"
0.736036036036036,0.927804661238447,"Gaussian Bartlett refinement","Odd M, even Q"
0.737837837837838,0.927817563840251,"Gaussian Bartlett refinement","Odd M, even Q"
0.73963963963964,0.927830403069228,"Gaussian Bartlett refinement","Odd M, even Q"
0.741441441441442,0.927843171482436,"Gaussian Bartlett refinement","Odd M, even Q"
0.743243243243243,0.927855861241741,"Gaussian Bartlett refinement","Odd M, even Q"
0.745045045045045,0.927868464094145,"Gaussian Bartlett refinement","Odd M, even Q"
0.746846846846847,0.927880971351108,"Gaussian Bartlett refinement","Odd M, even Q"
0.748648648648649,0.927893373866834,"Gaussian Bartlett refinement","Odd M, even Q"
0.75045045045045,0.927905662015457,"Gaussian Bartlett refinement","Odd M, even Q"
0.752252252252252,0.927917825667063,"Gaussian Bartlett refinement","Odd M, even Q"
0.754054054054054,0.927929854162503,"Gaussian Bartlett refinement","Odd M, even Q"
0.755855855855856,0.927941736286921,"Gaussian Bartlett refinement","Odd M, even Q"
0.757657657657658,0.927953460241932,"Gaussian Bartlett refinement","Odd M, even Q"
0.759459459459459,0.927965013616384,"Gaussian Bartlett refinement","Odd M, even Q"
0.761261261261261,0.927976383355624,"Gaussian Bartlett refinement","Odd M, even Q"
0.763063063063063,0.927987555729191,"Gaussian Bartlett refinement","Odd M, even Q"
0.764864864864865,0.927998516296855,"Gaussian Bartlett refinement","Odd M, even Q"
0.766666666666667,0.928009249872907,"Gaussian Bartlett refinement","Odd M, even Q"
0.768468468468469,0.928019740488617,"Gaussian Bartlett refinement","Odd M, even Q"
0.77027027027027,0.928029971352757,"Gaussian Bartlett refinement","Odd M, even Q"
0.772072072072072,0.928039924810084,"Gaussian Bartlett refinement","Odd M, even Q"
0.773873873873874,0.928049582297675,"Gaussian Bartlett refinement","Odd M, even Q"
0.775675675675676,0.928058924299007,"Gaussian Bartlett refinement","Odd M, even Q"
0.777477477477477,0.92806793029564,"Gaussian Bartlett refinement","Odd M, even Q"
0.779279279279279,0.928076578716406,"Gaussian Bartlett refinement","Odd M, even Q"
0.781081081081081,0.92808484688393,"Gaussian Bartlett refinement","Odd M, even Q"
0.782882882882883,0.928092710958371,"Gaussian Bartlett refinement","Odd M, even Q"
0.784684684684685,0.92810014587822,"Gaussian Bartlett refinement","Odd M, even Q"
0.786486486486487,0.928107125297986,"Gaussian Bartlett refinement","Odd M, even Q"
0.788288288288288,0.928113621522607,"Gaussian Bartlett refinement","Odd M, even Q"
0.79009009009009,0.928119605438419,"Gaussian Bartlett refinement","Odd M, even Q"
0.791891891891892,0.92812504644046,"Gaussian Bartlett refinement","Odd M, even Q"
0.793693693693694,0.928129912355943,"Gaussian Bartlett refinement","Odd M, even Q"
0.795495495495495,0.928134169363659,"Gaussian Bartlett refinement","Odd M, even Q"
0.797297297297297,0.928137781909095,"Gaussian Bartlett refinement","Odd M, even Q"
0.799099099099099,0.928140712615019,"Gaussian Bartlett refinement","Odd M, even Q"
0.800900900900901,0.928142922187288,"Gaussian Bartlett refinement","Odd M, even Q"
0.802702702702703,0.928144369315593,"Gaussian Bartlett refinement","Odd M, even Q"
0.804504504504505,0.928145010568869,"Gaussian Bartlett refinement","Odd M, even Q"
0.806306306306306,0.928144800285046,"Gaussian Bartlett refinement","Odd M, even Q"
0.808108108108108,0.92814369045484,"Gaussian Bartlett refinement","Odd M, even Q"
0.80990990990991,0.928141630599208,"Gaussian Bartlett refinement","Odd M, even Q"
0.811711711711712,0.928138567640128,"Gaussian Bartlett refinement","Odd M, even Q"
0.813513513513514,0.928134445764291,"Gaussian Bartlett refinement","Odd M, even Q"
0.815315315315315,0.928129206279295,"Gaussian Bartlett refinement","Odd M, even Q"
0.817117117117117,0.928122787461892,"Gaussian Bartlett refinement","Odd M, even Q"
0.818918918918919,0.928115124397811,"Gaussian Bartlett refinement","Odd M, even Q"
0.820720720720721,0.928106148812656,"Gaussian Bartlett refinement","Odd M, even Q"
0.822522522522522,0.928095788893315,"Gaussian Bartlett refinement","Odd M, even Q"
0.824324324324324,0.928083969099313,"Gaussian Bartlett refinement","Odd M, even Q"
0.826126126126126,0.928070609963478,"Gaussian Bartlett refinement","Odd M, even Q"
0.827927927927928,0.928055627881248,"Gaussian Bartlett refinement","Odd M, even Q"
0.82972972972973,0.928038934887896,"Gaussian Bartlett refinement","Odd M, even Q"
0.831531531531532,0.9280204384229,"Gaussian Bartlett refinement","Odd M, even Q"
0.833333333333333,0.92800004108063,"Gaussian Bartlett refinement","Odd M, even Q"
0.835135135135135,0.927977640346434,"Gaussian Bartlett refinement","Odd M, even Q"
0.836936936936937,0.927953128317177,"Gaussian Bartlett refinement","Odd M, even Q"
0.838738738738739,0.927926391405163,"Gaussian Bartlett refinement","Odd M, even Q"
0.840540540540541,0.927897310024317,"Gaussian Bartlett refinement","Odd M, even Q"
0.842342342342342,0.927865758257396,"Gaussian Bartlett refinement","Odd M, even Q"
0.844144144144144,0.927831603502892,"Gaussian Bartlett refinement","Odd M, even Q"
0.845945945945946,0.927794706100176,"Gaussian Bartlett refinement","Odd M, even Q"
0.847747747747748,0.92775491893132,"Gaussian Bartlett refinement","Odd M, even Q"
0.84954954954955,0.927712086997855,"Gaussian Bartlett refinement","Odd M, even Q"
0.851351351351351,0.92766604697061,"Gaussian Bartlett refinement","Odd M, even Q"
0.853153153153153,0.927616626710571,"Gaussian Bartlett refinement","Odd M, even Q"
0.854954954954955,0.927563644758515,"Gaussian Bartlett refinement","Odd M, even Q"
0.856756756756757,0.927506909790957,"Gaussian Bartlett refinement","Odd M, even Q"
0.858558558558559,0.927446220039703,"Gaussian Bartlett refinement","Odd M, even Q"
0.86036036036036,0.927381362672037,"Gaussian Bartlett refinement","Odd M, even Q"
0.862162162162162,0.927312113128249,"Gaussian Bartlett refinement","Odd M, even Q"
0.863963963963964,0.927238234412887,"Gaussian Bartlett refinement","Odd M, even Q"
0.865765765765766,0.927159476335729,"Gaussian Bartlett refinement","Odd M, even Q"
0.867567567567567,0.927075574698015,"Gaussian Bartlett refinement","Odd M, even Q"
0.869369369369369,0.926986250419035,"Gaussian Bartlett refinement","Odd M, even Q"
0.871171171171171,0.92689120859757,"Gaussian Bartlett refinement","Odd M, even Q"
0.872972972972973,0.926790137502094,"Gaussian Bartlett refinement","Odd M, even Q"
0.874774774774775,0.926682707482924,"Gaussian Bartlett refinement","Odd M, even Q"
0.876576576576577,0.926568569798695,"Gaussian Bartlett refinement","Odd M, even Q"
0.878378378378378,0.926447355348655,"Gaussian Bartlett refinement","Odd M, even Q"
0.88018018018018,0.9263186733012,"Gaussian Bartlett refinement","Odd M, even Q"
0.881981981981982,0.926182109607912,"Gaussian Bartlett refinement","Odd M, even Q"
0.883783783783784,0.926037225391004,"Gaussian Bartlett refinement","Odd M, even Q"
0.885585585585586,0.925883555190526,"Gaussian Bartlett refinement","Odd M, even Q"
0.887387387387387,0.925720605055915,"Gaussian Bartlett refinement","Odd M, even Q"
0.889189189189189,0.925547850464441,"Gaussian Bartlett refinement","Odd M, even Q"
0.890990990990991,0.92536473404675,"Gaussian Bartlett refinement","Odd M, even Q"
0.892792792792793,0.925170663097005,"Gaussian Bartlett refinement","Odd M, even Q"
0.894594594594595,0.924965006842017,"Gaussian Bartlett refinement","Odd M, even Q"
0.896396396396396,0.924747093440119,"Gaussian Bartlett refinement","Odd M, even Q"
0.898198198198198,0.924516206676382,"Gaussian Bartlett refinement","Odd M, even Q"
0.9,0.924271582315863,"Gaussian Bartlett refinement","Odd M, even Q"
-0.9,1.33655512402248,"Total correction","Odd M, even Q"
-0.898198198198198,1.327505073088,"Total correction","Odd M, even Q"
-0.896396396396396,1.31882020528979,"Total correction","Odd M, even Q"
-0.894594594594595,1.31048037292277,"Total correction","Odd M, even Q"
-0.892792792792793,1.30246678358925,"Total correction","Odd M, even Q"
-0.890990990990991,1.29476189314717,"Total correction","Odd M, even Q"
-0.889189189189189,1.28734930840794,"Total correction","Odd M, even Q"
-0.887387387387387,1.28021369857545,"Total correction","Odd M, even Q"
-0.885585585585586,1.27334071453457,"Total correction","Odd M, even Q"
-0.883783783783784,1.26671691519908,"Total correction","Odd M, even Q"
-0.881981981981982,1.26032970021834,"Total correction","Odd M, even Q"
-0.88018018018018,1.25416724841939,"Total correction","Odd M, even Q"
-0.878378378378378,1.24821846143005,"Total correction","Odd M, even Q"
-0.876576576576577,1.24247291198828,"Total correction","Odd M, even Q"
-0.874774774774775,1.23692079649604,"Total correction","Odd M, even Q"
-0.872972972972973,1.23155289142266,"Total correction","Odd M, even Q"
-0.871171171171171,1.22636051320351,"Total correction","Odd M, even Q"
-0.869369369369369,1.22133548131675,"Total correction","Odd M, even Q"
-0.867567567567568,1.2164700842528,"Total correction","Odd M, even Q"
-0.865765765765766,1.21175704811982,"Total correction","Odd M, even Q"
-0.863963963963964,1.20718950765441,"Total correction","Odd M, even Q"
-0.862162162162162,1.20276097942881,"Total correction","Odd M, even Q"
-0.86036036036036,1.19846533706646,"Total correction","Odd M, even Q"
-0.858558558558559,1.19429678829597,"Total correction","Odd M, even Q"
-0.856756756756757,1.190249853689,"Total correction","Odd M, even Q"
-0.854954954954955,1.18631934694294,"Total correction","Odd M, even Q"
-0.853153153153153,1.18250035658126,"Total correction","Odd M, even Q"
-0.851351351351351,1.17878822895695,"Total correction","Odd M, even Q"
-0.84954954954955,1.17517855245393,"Total correction","Odd M, even Q"
-0.847747747747748,1.17166714279159,"Total correction","Odd M, even Q"
-0.845945945945946,1.16825002934547,"Total correction","Odd M, even Q"
-0.844144144144144,1.16492344240509,"Total correction","Odd M, even Q"
-0.842342342342342,1.16168380129642,"Total correction","Odd M, even Q"
-0.840540540540541,1.1585277033032,"Total correction","Odd M, even Q"
-0.838738738738739,1.15545191332653,"Total correction","Odd M, even Q"
-0.836936936936937,1.15245335422746,"Total correction","Odd M, even Q"
-0.835135135135135,1.14952909780196,"Total correction","Odd M, even Q"
-0.833333333333333,1.14667635634155,"Total correction","Odd M, even Q"
-0.831531531531532,1.14389247473717,"Total correction","Odd M, even Q"
-0.82972972972973,1.14117492308691,"Total correction","Odd M, even Q"
-0.827927927927928,1.1385212897715,"Total correction","Odd M, even Q"
-0.826126126126126,1.13592927496454,"Total correction","Odd M, even Q"
-0.824324324324324,1.13339668454665,"Total correction","Odd M, even Q"
-0.822522522522523,1.13092142439564,"Total correction","Odd M, even Q"
-0.820720720720721,1.12850149502642,"Total correction","Odd M, even Q"
-0.818918918918919,1.12613498655694,"Total correction","Odd M, even Q"
-0.817117117117117,1.12382007397774,"Total correction","Odd M, even Q"
-0.815315315315315,1.12155501270478,"Total correction","Odd M, even Q"
-0.813513513513514,1.11933813439655,"Total correction","Odd M, even Q"
-0.811711711711712,1.11716784301789,"Total correction","Odd M, even Q"
-0.80990990990991,1.11504261113427,"Total correction","Odd M, even Q"
-0.808108108108108,1.1129609764215,"Total correction","Odd M, even Q"
-0.806306306306306,1.11092153837689,"Total correction","Odd M, even Q"
-0.804504504504505,1.10892295521884,"Total correction","Odd M, even Q"
-0.802702702702703,1.1069639409628,"Total correction","Odd M, even Q"
-0.800900900900901,1.1050432626626,"Total correction","Odd M, even Q"
-0.799099099099099,1.10315973780642,"Total correction","Odd M, even Q"
-0.797297297297297,1.10131223185805,"Total correction","Odd M, even Q"
-0.795495495495495,1.09949965593418,"Total correction","Odd M, even Q"
-0.793693693693694,1.09772096460948,"Total correction","Odd M, even Q"
-0.791891891891892,1.09597515384152,"Total correction","Odd M, even Q"
-0.79009009009009,1.09426125900843,"Total correction","Odd M, even Q"
-0.788288288288288,1.0925783530523,"Total correction","Odd M, even Q"
-0.786486486486486,1.09092554472199,"Total correction","Odd M, even Q"
-0.784684684684685,1.08930197690966,"Total correction","Odd M, even Q"
-0.782882882882883,1.08770682507514,"Total correction","Odd M, even Q"
-0.781081081081081,1.08613929575321,"Total correction","Odd M, even Q"
-0.779279279279279,1.08459862513882,"Total correction","Odd M, even Q"
-0.777477477477478,1.08308407774581,"Total correction","Odd M, even Q"
-0.775675675675676,1.08159494513485,"Total correction","Odd M, even Q"
-0.773873873873874,1.08013054470657,"Total correction","Odd M, even Q"
-0.772072072072072,1.07869021855625,"Total correction","Odd M, even Q"
-0.77027027027027,1.07727333238659,"Total correction","Odd M, even Q"
-0.768468468468469,1.07587927447518,"Total correction","Odd M, even Q"
-0.766666666666667,1.07450745469371,"Total correction","Odd M, even Q"
-0.764864864864865,1.07315730357603,"Total correction","Odd M, even Q"
-0.763063063063063,1.0718282714323,"Total correction","Odd M, even Q"
-0.761261261261261,1.07051982750671,"Total correction","Odd M, even Q"
-0.759459459459459,1.06923145917648,"Total correction","Odd M, even Q"
-0.757657657657658,1.06796267118973,"Total correction","Odd M, even Q"
-0.755855855855856,1.06671298494028,"Total correction","Odd M, even Q"
-0.754054054054054,1.06548193777726,"Total correction","Odd M, even Q"
-0.752252252252252,1.06426908234777,"Total correction","Odd M, even Q"
-0.75045045045045,1.06307398597081,"Total correction","Odd M, even Q"
-0.748648648648649,1.0618962300407,"Total correction","Odd M, even Q"
-0.746846846846847,1.06073540945868,"Total correction","Odd M, even Q"
-0.745045045045045,1.05959113209098,"Total correction","Odd M, even Q"
-0.743243243243243,1.05846301825214,"Total correction","Odd M, even Q"
-0.741441441441441,1.05735070021218,"Total correction","Odd M, even Q"
-0.73963963963964,1.05625382172641,"Total correction","Odd M, even Q"
-0.737837837837838,1.05517203758678,"Total correction","Odd M, even Q"
-0.736036036036036,1.0541050131936,"Total correction","Odd M, even Q"
-0.734234234234234,1.05305242414662,"Total correction","Odd M, even Q"
-0.732432432432433,1.05201395585446,"Total correction","Odd M, even Q"
-0.730630630630631,1.05098930316159,"Total correction","Odd M, even Q"
-0.728828828828829,1.0499781699918,"Total correction","Odd M, even Q"
-0.727027027027027,1.04898026900753,"Total correction","Odd M, even Q"
-0.725225225225225,1.04799532128406,"Total correction","Odd M, even Q"
-0.723423423423423,1.04702305599808,"Total correction","Odd M, even Q"
-0.721621621621622,1.0460632101297,"Total correction","Odd M, even Q"
-0.71981981981982,1.04511552817742,"Total correction","Odd M, even Q"
-0.718018018018018,1.04417976188535,"Total correction","Odd M, even Q"
-0.716216216216216,1.04325566998201,"Total correction","Odd M, even Q"
-0.714414414414414,1.04234301793042,"Total correction","Odd M, even Q"
-0.712612612612613,1.04144157768856,"Total correction","Odd M, even Q"
-0.710810810810811,1.04055112748009,"Total correction","Odd M, even Q"
-0.709009009009009,1.03967145157452,"Total correction","Odd M, even Q"
-0.707207207207207,1.03880234007665,"Total correction","Odd M, even Q"
-0.705405405405405,1.03794358872461,"Total correction","Odd M, even Q"
-0.703603603603604,1.03709499869629,"Total correction","Odd M, even Q"
-0.701801801801802,1.03625637642369,"Total correction","Odd M, even Q"
-0.7,1.03542753341477,"Total correction","Odd M, even Q"
-0.698198198198198,1.03460828608257,"Total correction","Odd M, even Q"
-0.696396396396396,1.03379845558116,"Total correction","Odd M, even Q"
-0.694594594594595,1.03299786764818,"Total correction","Odd M, even Q"
-0.692792792792793,1.03220635245367,"Total correction","Odd M, even Q"
-0.690990990990991,1.03142374445485,"Total correction","Odd M, even Q"
-0.689189189189189,1.03064988225657,"Total correction","Odd M, even Q"
-0.687387387387387,1.02988460847734,"Total correction","Odd M, even Q"
-0.685585585585586,1.02912776962047,"Total correction","Odd M, even Q"
-0.683783783783784,1.02837921595026,"Total correction","Odd M, even Q"
-0.681981981981982,1.02763880137286,"Total correction","Odd M, even Q"
-0.68018018018018,1.02690638332181,"Total correction","Odd M, even Q"
-0.678378378378378,1.02618182264787,"Total correction","Odd M, even Q"
-0.676576576576577,1.02546498351298,"Total correction","Odd M, even Q"
-0.674774774774775,1.0247557332883,"Total correction","Odd M, even Q"
-0.672972972972973,1.02405394245595,"Total correction","Odd M, even Q"
-0.671171171171171,1.02335948451452,"Total correction","Odd M, even Q"
-0.669369369369369,1.02267223588798,"Total correction","Odd M, even Q"
-0.667567567567568,1.02199207583796,"Total correction","Odd M, even Q"
-0.665765765765766,1.02131888637928,"Total correction","Odd M, even Q"
-0.663963963963964,1.02065255219849,"Total correction","Odd M, even Q"
-0.662162162162162,1.01999296057536,"Total correction","Odd M, even Q"
-0.66036036036036,1.01934000130723,"Total correction","Odd M, even Q"
-0.658558558558559,1.01869356663603,"Total correction","Odd M, even Q"
-0.656756756756757,1.01805355117784,"Total correction","Odd M, even Q"
-0.654954954954955,1.01741985185506,"Total correction","Odd M, even Q"
-0.653153153153153,1.01679236783082,"Total correction","Odd M, even Q"
-0.651351351351351,1.01617100044577,"Total correction","Odd M, even Q"
-0.64954954954955,1.01555565315703,"Total correction","Odd M, even Q"
-0.647747747747748,1.01494623147922,"Total correction","Odd M, even Q"
-0.645945945945946,1.01434264292755,"Total correction","Odd M, even Q"
-0.644144144144144,1.01374479696283,"Total correction","Odd M, even Q"
-0.642342342342342,1.01315260493831,"Total correction","Odd M, even Q"
-0.640540540540541,1.01256598004837,"Total correction","Odd M, even Q"
-0.638738738738739,1.01198483727888,"Total correction","Odd M, even Q"
-0.636936936936937,1.01140909335923,"Total correction","Odd M, even Q"
-0.635135135135135,1.0108386667159,"Total correction","Odd M, even Q"
-0.633333333333333,1.01027347742765,"Total correction","Odd M, even Q"
-0.631531531531532,1.00971344718207,"Total correction","Odd M, even Q"
-0.62972972972973,1.00915849923361,"Total correction","Odd M, even Q"
-0.627927927927928,1.00860855836291,"Total correction","Odd M, even Q"
-0.626126126126126,1.00806355083749,"Total correction","Odd M, even Q"
-0.624324324324324,1.00752340437366,"Total correction","Odd M, even Q"
-0.622522522522523,1.00698804809964,"Total correction","Odd M, even Q"
-0.620720720720721,1.00645741251982,"Total correction","Odd M, even Q"
-0.618918918918919,1.00593142948021,"Total correction","Odd M, even Q"
-0.617117117117117,1.00541003213487,"Total correction","Odd M, even Q"
-0.615315315315315,1.00489315491347,"Total correction","Odd M, even Q"
-0.613513513513513,1.00438073348975,"Total correction","Odd M, even Q"
-0.611711711711712,1.00387270475106,"Total correction","Odd M, even Q"
-0.60990990990991,1.0033690067687,"Total correction","Odd M, even Q"
-0.608108108108108,1.00286957876927,"Total correction","Odd M, even Q"
-0.606306306306306,1.0023743611068,"Total correction","Odd M, even Q"
-0.604504504504505,1.00188329523576,"Total correction","Odd M, even Q"
-0.602702702702703,1.00139632368482,"Total correction","Odd M, even Q"
-0.600900900900901,1.00091339003144,"Total correction","Odd M, even Q"
-0.599099099099099,1.00043443887719,"Total correction","Odd M, even Q"
-0.597297297297297,0.999959415823743,"Total correction","Odd M, even Q"
-0.595495495495496,0.999488267449643,"Total correction","Odd M, even Q"
-0.593693693693694,0.99902094128766,"Total correction","Odd M, even Q"
-0.591891891891892,0.998557385802861,"Total correction","Odd M, even Q"
-0.59009009009009,0.998097550371259,"Total correction","Odd M, even Q"
-0.588288288288288,0.9976413852591,"Total correction","Odd M, even Q"
-0.586486486486486,0.997188841602701,"Total correction","Odd M, even Q"
-0.584684684684685,0.996739871388883,"Total correction","Odd M, even Q"
-0.582882882882883,0.996294427435923,"Total correction","Odd M, even Q"
-0.581081081081081,0.99585246337505,"Total correction","Odd M, even Q"
-0.579279279279279,0.995413933632437,"Total correction","Odd M, even Q"
-0.577477477477478,0.994978793411702,"Total correction","Odd M, even Q"
-0.575675675675676,0.994546998676862,"Total correction","Odd M, even Q"
-0.573873873873874,0.994118506135768,"Total correction","Odd M, even Q"
-0.572072072072072,0.993693273223976,"Total correction","Odd M, even Q"
-0.57027027027027,0.99327125808905,"Total correction","Odd M, even Q"
-0.568468468468468,0.992852419575283,"Total correction","Odd M, even Q"
-0.566666666666667,0.99243671720882,"Total correction","Odd M, even Q"
-0.564864864864865,0.992024111183175,"Total correction","Odd M, even Q"
-0.563063063063063,0.99161456234513,"Total correction","Odd M, even Q"
-0.561261261261261,0.991208032180987,"Total correction","Odd M, even Q"
-0.55945945945946,0.990804482803191,"Total correction","Odd M, even Q"
-0.557657657657658,0.990403876937289,"Total correction","Odd M, even Q"
-0.555855855855856,0.990006177909219,"Total correction","Odd M, even Q"
-0.554054054054054,0.989611349632938,"Total correction","Odd M, even Q"
-0.552252252252252,0.989219356598343,"Total correction","Odd M, even Q"
-0.55045045045045,0.988830163859509,"Total correction","Odd M, even Q"
-0.548648648648649,0.988443737023215,"Total correction","Odd M, even Q"
-0.546846846846847,0.988060042237766,"Total correction","Odd M, even Q"
-0.545045045045045,0.987679046182074,"Total correction","Odd M, even Q"
-0.543243243243243,0.98730071605503,"Total correction","Odd M, even Q"
-0.541441441441441,0.986925019565113,"Total correction","Odd M, even Q"
-0.53963963963964,0.986551924920276,"Total correction","Odd M, even Q"
-0.537837837837838,0.98618140081806,"Total correction","Odd M, even Q"
-0.536036036036036,0.985813416435954,"Total correction","Odd M, even Q"
-0.534234234234234,0.985447941421983,"Total correction","Odd M, even Q"
-0.532432432432432,0.985084945885529,"Total correction","Odd M, even Q"
-0.530630630630631,0.984724400388363,"Total correction","Odd M, even Q"
-0.528828828828829,0.984366275935885,"Total correction","Odd M, even Q"
-0.527027027027027,0.984010543968583,"Total correction","Odd M, even Q"
-0.525225225225225,0.983657176353683,"Total correction","Odd M, even Q"
-0.523423423423423,0.983306145376996,"Total correction","Odd M, even Q"
-0.521621621621622,0.982957423734956,"Total correction","Odd M, even Q"
-0.51981981981982,0.982610984526834,"Total correction","Odd M, even Q"
-0.518018018018018,0.982266801247146,"Total correction","Odd M, even Q"
-0.516216216216216,0.981924847778223,"Total correction","Odd M, even Q"
-0.514414414414414,0.981585098382948,"Total correction","Odd M, even Q"
-0.512612612612613,0.981247527697668,"Total correction","Odd M, even Q"
-0.510810810810811,0.980912110725258,"Total correction","Odd M, even Q"
-0.509009009009009,0.980578822828347,"Total correction","Odd M, even Q"
-0.507207207207207,0.980247639722688,"Total correction","Odd M, even Q"
-0.505405405405405,0.97991853747068,"Total correction","Odd M, even Q"
-0.503603603603604,0.979591492475034,"Total correction","Odd M, even Q"
-0.501801801801802,0.979266481472576,"Total correction","Odd M, even Q"
-0.5,0.97894348152819,"Total correction","Odd M, even Q"
-0.498198198198198,0.978622470028887,"Total correction","Odd M, even Q"
-0.496396396396396,0.978303424678013,"Total correction","Odd M, even Q"
-0.494594594594595,0.977986323489568,"Total correction","Odd M, even Q"
-0.492792792792793,0.977671144782666,"Total correction","Odd M, even Q"
-0.490990990990991,0.977357867176095,"Total correction","Odd M, even Q"
-0.489189189189189,0.977046469583009,"Total correction","Odd M, even Q"
-0.487387387387387,0.976736931205722,"Total correction","Odd M, even Q"
-0.485585585585586,0.976429231530621,"Total correction","Odd M, even Q"
-0.483783783783784,0.976123350323178,"Total correction","Odd M, even Q"
-0.481981981981982,0.975819267623074,"Total correction","Odd M, even Q"
-0.48018018018018,0.975516963739423,"Total correction","Odd M, even Q"
-0.478378378378378,0.975216419246091,"Total correction","Odd M, even Q"
-0.476576576576577,0.974917614977121,"Total correction","Odd M, even Q"
-0.474774774774775,0.974620532022245,"Total correction","Odd M, even Q"
-0.472972972972973,0.974325151722492,"Total correction","Odd M, even Q"
-0.471171171171171,0.974031455665886,"Total correction","Odd M, even Q"
-0.469369369369369,0.973739425683229,"Total correction","Odd M, even Q"
-0.467567567567568,0.973449043843977,"Total correction","Odd M, even Q"
-0.465765765765766,0.973160292452191,"Total correction","Odd M, even Q"
-0.463963963963964,0.972873154042575,"Total correction","Odd M, even Q"
-0.462162162162162,0.97258761137659,"Total correction","Odd M, even Q"
-0.46036036036036,0.972303647438655,"Total correction","Odd M, even Q"
-0.458558558558559,0.972021245432409,"Total correction","Odd M, even Q"
-0.456756756756757,0.971740388777061,"Total correction","Odd M, even Q"
-0.454954954954955,0.971461061103806,"Total correction","Odd M, even Q"
-0.453153153153153,0.97118324625231,"Total correction","Odd M, even Q"
-0.451351351351351,0.970906928267271,"Total correction","Odd M, even Q"
-0.44954954954955,0.970632091395038,"Total correction","Odd M, even Q"
-0.447747747747748,0.970358720080306,"Total correction","Odd M, even Q"
-0.445945945945946,0.97008679896287,"Total correction","Odd M, even Q"
-0.444144144144144,0.969816312874436,"Total correction","Odd M, even Q"
-0.442342342342342,0.969547246835508,"Total correction","Odd M, even Q"
-0.440540540540541,0.969279586052323,"Total correction","Odd M, even Q"
-0.438738738738739,0.969013315913851,"Total correction","Odd M, even Q"
-0.436936936936937,0.968748421988843,"Total correction","Odd M, even Q"
-0.435135135135135,0.968484890022951,"Total correction","Odd M, even Q"
-0.433333333333333,0.968222705935887,"Total correction","Odd M, even Q"
-0.431531531531532,0.967961855818648,"Total correction","Odd M, even Q"
-0.42972972972973,0.96770232593078,"Total correction","Odd M, even Q"
-0.427927927927928,0.967444102697708,"Total correction","Odd M, even Q"
-0.426126126126126,0.967187172708105,"Total correction","Odd M, even Q"
-0.424324324324324,0.966931522711315,"Total correction","Odd M, even Q"
-0.422522522522523,0.966677139614823,"Total correction","Odd M, even Q"
-0.420720720720721,0.966424010481769,"Total correction","Odd M, even Q"
-0.418918918918919,0.966172122528515,"Total correction","Odd M, even Q"
-0.417117117117117,0.965921463122244,"Total correction","Odd M, even Q"
-0.415315315315315,0.965672019778623,"Total correction","Odd M, even Q"
-0.413513513513514,0.965423780159482,"Total correction","Odd M, even Q"
-0.411711711711712,0.965176732070565,"Total correction","Odd M, even Q"
-0.40990990990991,0.964930863459293,"Total correction","Odd M, even Q"
-0.408108108108108,0.964686162412588,"Total correction","Odd M, even Q"
-0.406306306306306,0.964442617154731,"Total correction","Odd M, even Q"
-0.404504504504505,0.96420021604525,"Total correction","Odd M, even Q"
-0.402702702702703,0.963958947576857,"Total correction","Odd M, even Q"
-0.400900900900901,0.963718800373418,"Total correction","Odd M, even Q"
-0.399099099099099,0.963479763187952,"Total correction","Odd M, even Q"
-0.397297297297297,0.963241824900678,"Total correction","Odd M, even Q"
-0.395495495495496,0.963004974517087,"Total correction","Odd M, even Q"
-0.393693693693694,0.962769201166054,"Total correction","Odd M, even Q"
-0.391891891891892,0.962534494097972,"Total correction","Odd M, even Q"
-0.39009009009009,0.962300842682937,"Total correction","Odd M, even Q"
-0.388288288288288,0.962068236408948,"Total correction","Odd M, even Q"
-0.386486486486487,0.961836664880143,"Total correction","Odd M, even Q"
-0.384684684684685,0.961606117815073,"Total correction","Odd M, even Q"
-0.382882882882883,0.961376585044995,"Total correction","Odd M, even Q"
-0.381081081081081,0.9611480565122,"Total correction","Odd M, even Q"
-0.379279279279279,0.960920522268369,"Total correction","Odd M, even Q"
-0.377477477477478,0.960693972472957,"Total correction","Odd M, even Q"
-0.375675675675676,0.960468397391604,"Total correction","Odd M, even Q"
-0.373873873873874,0.960243787394574,"Total correction","Odd M, even Q"
-0.372072072072072,0.960020132955216,"Total correction","Odd M, even Q"
-0.37027027027027,0.959797424648459,"Total correction","Odd M, even Q"
-0.368468468468468,0.959575653149326,"Total correction","Odd M, even Q"
-0.366666666666667,0.959354809231474,"Total correction","Odd M, even Q"
-0.364864864864865,0.95913488376576,"Total correction","Odd M, even Q"
-0.363063063063063,0.958915867718829,"Total correction","Odd M, even Q"
-0.361261261261261,0.958697752151726,"Total correction","Odd M, even Q"
-0.359459459459459,0.958480528218534,"Total correction","Odd M, even Q"
-0.357657657657658,0.958264187165027,"Total correction","Odd M, even Q"
-0.355855855855856,0.958048720327355,"Total correction","Odd M, even Q"
-0.354054054054054,0.957834119130739,"Total correction","Odd M, even Q"
-0.352252252252252,0.9576203750882,"Total correction","Odd M, even Q"
-0.35045045045045,0.957407479799298,"Total correction","Odd M, even Q"
-0.348648648648649,0.957195424948898,"Total correction","Odd M, even Q"
-0.346846846846847,0.956984202305951,"Total correction","Odd M, even Q"
-0.345045045045045,0.956773803722301,"Total correction","Odd M, even Q"
-0.343243243243243,0.956564221131501,"Total correction","Odd M, even Q"
-0.341441441441442,0.956355446547663,"Total correction","Odd M, even Q"
-0.33963963963964,0.956147472064311,"Total correction","Odd M, even Q"
-0.337837837837838,0.955940289853259,"Total correction","Odd M, even Q"
-0.336036036036036,0.955733892163513,"Total correction","Odd M, even Q"
-0.334234234234234,0.955528271320175,"Total correction","Odd M, even Q"
-0.332432432432432,0.955323419723381,"Total correction","Odd M, even Q"
-0.330630630630631,0.955119329847241,"Total correction","Odd M, even Q"
-0.328828828828829,0.954915994238809,"Total correction","Odd M, even Q"
-0.327027027027027,0.954713405517058,"Total correction","Odd M, even Q"
-0.325225225225225,0.954511556371877,"Total correction","Odd M, even Q"
-0.323423423423423,0.954310439563083,"Total correction","Odd M, even Q"
-0.321621621621622,0.954110047919444,"Total correction","Odd M, even Q"
-0.31981981981982,0.953910374337722,"Total correction","Odd M, even Q"
-0.318018018018018,0.953711411781729,"Total correction","Odd M, even Q"
-0.316216216216216,0.9535131532814,"Total correction","Odd M, even Q"
-0.314414414414414,0.953315591931871,"Total correction","Odd M, even Q"
-0.312612612612613,0.953118720892582,"Total correction","Odd M, even Q"
-0.310810810810811,0.952922533386388,"Total correction","Odd M, even Q"
-0.309009009009009,0.952727022698684,"Total correction","Odd M, even Q"
-0.307207207207207,0.952532182176543,"Total correction","Odd M, even Q"
-0.305405405405405,0.952338005227869,"Total correction","Odd M, even Q"
-0.303603603603604,0.952144485320557,"Total correction","Odd M, even Q"
-0.301801801801802,0.951951615981677,"Total correction","Odd M, even Q"
-0.3,0.951759390796652,"Total correction","Odd M, even Q"
-0.298198198198198,0.95156780340847,"Total correction","Odd M, even Q"
-0.296396396396396,0.951376847516885,"Total correction","Odd M, even Q"
-0.294594594594595,0.951186516877653,"Total correction","Odd M, even Q"
-0.292792792792793,0.950996805301754,"Total correction","Odd M, even Q"
-0.290990990990991,0.950807706654651,"Total correction","Odd M, even Q"
-0.289189189189189,0.950619214855538,"Total correction","Odd M, even Q"
-0.287387387387387,0.950431323876611,"Total correction","Odd M, even Q"
-0.285585585585586,0.950244027742349,"Total correction","Odd M, even Q"
-0.283783783783784,0.9500573205288,"Total correction","Odd M, even Q"
-0.281981981981982,0.94987119636288,"Total correction","Odd M, even Q"
-0.28018018018018,0.949685649421683,"Total correction","Odd M, even Q"
-0.278378378378378,0.949500673931801,"Total correction","Odd M, even Q"
-0.276576576576577,0.949316264168648,"Total correction","Odd M, even Q"
-0.274774774774775,0.949132414455804,"Total correction","Odd M, even Q"
-0.272972972972973,0.948949119164358,"Total correction","Odd M, even Q"
-0.271171171171171,0.948766372712266,"Total correction","Odd M, even Q"
-0.269369369369369,0.948584169563713,"Total correction","Odd M, even Q"
-0.267567567567568,0.948402504228493,"Total correction","Odd M, even Q"
-0.265765765765766,0.948221371261388,"Total correction","Odd M, even Q"
-0.263963963963964,0.948040765261559,"Total correction","Odd M, even Q"
-0.262162162162162,0.947860680871944,"Total correction","Odd M, even Q"
-0.26036036036036,0.947681112778672,"Total correction","Odd M, even Q"
-0.258558558558559,0.947502055710473,"Total correction","Odd M, even Q"
-0.256756756756757,0.947323504438102,"Total correction","Odd M, even Q"
-0.254954954954955,0.947145453773775,"Total correction","Odd M, even Q"
-0.253153153153153,0.946967898570603,"Total correction","Odd M, even Q"
-0.251351351351351,0.946790833722041,"Total correction","Odd M, even Q"
-0.24954954954955,0.946614254161343,"Total correction","Odd M, even Q"
-0.247747747747748,0.94643815486102,"Total correction","Odd M, even Q"
-0.245945945945946,0.946262530832312,"Total correction","Odd M, even Q"
-0.244144144144144,0.946087377124662,"Total correction","Odd M, even Q"
-0.242342342342342,0.945912688825196,"Total correction","Odd M, even Q"
-0.240540540540541,0.945738461058216,"Total correction","Odd M, even Q"
-0.238738738738739,0.945564688984692,"Total correction","Odd M, even Q"
-0.236936936936937,0.945391367801767,"Total correction","Odd M, even Q"
-0.235135135135135,0.945218492742264,"Total correction","Odd M, even Q"
-0.233333333333333,0.945046059074201,"Total correction","Odd M, even Q"
-0.231531531531531,0.944874062100311,"Total correction","Odd M, even Q"
-0.22972972972973,0.944702497157573,"Total correction","Odd M, even Q"
-0.227927927927928,0.94453135961674,"Total correction","Odd M, even Q"
-0.226126126126126,0.944360644881881,"Total correction","Odd M, even Q"
-0.224324324324324,0.944190348389926,"Total correction","Odd M, even Q"
-0.222522522522523,0.944020465610213,"Total correction","Odd M, even Q"
-0.220720720720721,0.943850992044051,"Total correction","Odd M, even Q"
-0.218918918918919,0.943681923224273,"Total correction","Odd M, even Q"
-0.217117117117117,0.943513254714809,"Total correction","Odd M, even Q"
-0.215315315315315,0.943344982110253,"Total correction","Odd M, even Q"
-0.213513513513514,0.943177101035448,"Total correction","Odd M, even Q"
-0.211711711711712,0.94300960714506,"Total correction","Odd M, even Q"
-0.20990990990991,0.94284249612317,"Total correction","Odd M, even Q"
-0.208108108108108,0.942675763682868,"Total correction","Odd M, even Q"
-0.206306306306306,0.942509405565844,"Total correction","Odd M, even Q"
-0.204504504504505,0.942343417541997,"Total correction","Odd M, even Q"
-0.202702702702703,0.942177795409039,"Total correction","Odd M, even Q"
-0.200900900900901,0.942012534992103,"Total correction","Odd M, even Q"
-0.199099099099099,0.941847632143363,"Total correction","Odd M, even Q"
-0.197297297297297,0.941683082741656,"Total correction","Odd M, even Q"
-0.195495495495495,0.9415188826921,"Total correction","Odd M, even Q"
-0.193693693693694,0.941355027925729,"Total correction","Odd M, even Q"
-0.191891891891892,0.941191514399122,"Total correction","Odd M, even Q"
-0.19009009009009,0.941028338094045,"Total correction","Odd M, even Q"
-0.188288288288288,0.940865495017087,"Total correction","Odd M, even Q"
-0.186486486486486,0.940702981199309,"Total correction","Odd M, even Q"
-0.184684684684685,0.940540792695894,"Total correction","Odd M, even Q"
-0.182882882882883,0.940378925585795,"Total correction","Odd M, even Q"
-0.181081081081081,0.940217375971401,"Total correction","Odd M, even Q"
-0.179279279279279,0.940056139978186,"Total correction","Odd M, even Q"
-0.177477477477477,0.939895213754385,"Total correction","Odd M, even Q"
-0.175675675675676,0.939734593470654,"Total correction","Odd M, even Q"
-0.173873873873874,0.939574275319745,"Total correction","Odd M, even Q"
-0.172072072072072,0.939414255516181,"Total correction","Odd M, even Q"
-0.17027027027027,0.939254530295933,"Total correction","Odd M, even Q"
-0.168468468468469,0.939095095916104,"Total correction","Odd M, even Q"
-0.166666666666667,0.938935948654611,"Total correction","Odd M, even Q"
-0.164864864864865,0.938777084809876,"Total correction","Odd M, even Q"
-0.163063063063063,0.938618500700518,"Total correction","Odd M, even Q"
-0.161261261261261,0.938460192665043,"Total correction","Odd M, even Q"
-0.159459459459459,0.938302157061548,"Total correction","Odd M, even Q"
-0.157657657657658,0.938144390267418,"Total correction","Odd M, even Q"
-0.155855855855856,0.93798688867903,"Total correction","Odd M, even Q"
-0.154054054054054,0.937829648711461,"Total correction","Odd M, even Q"
-0.152252252252252,0.937672666798195,"Total correction","Odd M, even Q"
-0.15045045045045,0.937515939390839,"Total correction","Odd M, even Q"
-0.148648648648649,0.937359462958836,"Total correction","Odd M, even Q"
-0.146846846846847,0.937203233989179,"Total correction","Odd M, even Q"
-0.145045045045045,0.937047248986139,"Total correction","Odd M, even Q"
-0.143243243243243,0.936891504470983,"Total correction","Odd M, even Q"
-0.141441441441441,0.9367359969817,"Total correction","Odd M, even Q"
-0.13963963963964,0.93658072307273,"Total correction","Odd M, even Q"
-0.137837837837838,0.936425679314693,"Total correction","Odd M, even Q"
-0.136036036036036,0.936270862294125,"Total correction","Odd M, even Q"
-0.134234234234234,0.936116268613211,"Total correction","Odd M, even Q"
-0.132432432432432,0.935961894889521,"Total correction","Odd M, even Q"
-0.130630630630631,0.935807737755755,"Total correction","Odd M, even Q"
-0.128828828828829,0.93565379385948,"Total correction","Odd M, even Q"
-0.127027027027027,0.935500059862877,"Total correction","Odd M, even Q"
-0.125225225225225,0.935346532442487,"Total correction","Odd M, even Q"
-0.123423423423423,0.93519320828896,"Total correction","Odd M, even Q"
-0.121621621621622,0.935040084106804,"Total correction","Odd M, even Q"
-0.11981981981982,0.934887156614141,"Total correction","Odd M, even Q"
-0.118018018018018,0.934734422542457,"Total correction","Odd M, even Q"
-0.116216216216216,0.934581878636362,"Total correction","Odd M, even Q"
-0.114414414414414,0.93442952165335,"Total correction","Odd M, even Q"
-0.112612612612613,0.934277348363555,"Total correction","Odd M, even Q"
-0.110810810810811,0.934125355549516,"Total correction","Odd M, even Q"
-0.109009009009009,0.933973540005942,"Total correction","Odd M, even Q"
-0.107207207207207,0.933821898539472,"Total correction","Odd M, even Q"
-0.105405405405405,0.933670427968452,"Total correction","Odd M, even Q"
-0.103603603603604,0.933519125122696,"Total correction","Odd M, even Q"
-0.101801801801802,0.93336798684326,"Total correction","Odd M, even Q"
-0.1,0.933217009982216,"Total correction","Odd M, even Q"
-0.0981981981981982,0.933066191402423,"Total correction","Odd M, even Q"
-0.0963963963963964,0.932915527977304,"Total correction","Odd M, even Q"
-0.0945945945945946,0.932765016590622,"Total correction","Odd M, even Q"
-0.0927927927927928,0.932614654136263,"Total correction","Odd M, even Q"
-0.0909909909909909,0.932464437518007,"Total correction","Odd M, even Q"
-0.0891891891891892,0.93231436364932,"Total correction","Odd M, even Q"
-0.0873873873873874,0.932164429453129,"Total correction","Odd M, even Q"
-0.0855855855855856,0.932014631861609,"Total correction","Odd M, even Q"
-0.0837837837837838,0.931864967815968,"Total correction","Odd M, even Q"
-0.081981981981982,0.931715434266234,"Total correction","Odd M, even Q"
-0.0801801801801801,0.931566028171042,"Total correction","Odd M, even Q"
-0.0783783783783784,0.931416746497424,"Total correction","Odd M, even Q"
-0.0765765765765766,0.931267586220601,"Total correction","Odd M, even Q"
-0.0747747747747748,0.931118544323768,"Total correction","Odd M, even Q"
-0.072972972972973,0.930969617797895,"Total correction","Odd M, even Q"
-0.0711711711711712,0.930820803641514,"Total correction","Odd M, even Q"
-0.0693693693693693,0.930672098860519,"Total correction","Odd M, even Q"
-0.0675675675675675,0.930523500467956,"Total correction","Odd M, even Q"
-0.0657657657657658,0.930375005483823,"Total correction","Odd M, even Q"
-0.063963963963964,0.93022661093487,"Total correction","Odd M, even Q"
-0.0621621621621622,0.930078313854392,"Total correction","Odd M, even Q"
-0.0603603603603604,0.929930111282033,"Total correction","Odd M, even Q"
-0.0585585585585585,0.929782000263584,"Total correction","Odd M, even Q"
-0.0567567567567567,0.929633977850786,"Total correction","Odd M, even Q"
-0.0549549549549549,0.929486041101129,"Total correction","Odd M, even Q"
-0.0531531531531532,0.929338187077659,"Total correction","Odd M, even Q"
-0.0513513513513514,0.92919041284878,"Total correction","Odd M, even Q"
-0.0495495495495496,0.929042715488055,"Total correction","Odd M, even Q"
-0.0477477477477477,0.928895092074017,"Total correction","Odd M, even Q"
-0.0459459459459459,0.928747539689969,"Total correction","Odd M, even Q"
-0.0441441441441441,0.928600055423796,"Total correction","Odd M, even Q"
-0.0423423423423424,0.928452636367766,"Total correction","Odd M, even Q"
-0.0405405405405406,0.928305279618343,"Total correction","Odd M, even Q"
-0.0387387387387388,0.928157982275992,"Total correction","Odd M, even Q"
-0.0369369369369369,0.928010741444989,"Total correction","Odd M, even Q"
-0.0351351351351351,0.927863554233228,"Total correction","Odd M, even Q"
-0.0333333333333333,0.927716417752035,"Total correction","Odd M, even Q"
-0.0315315315315315,0.927569329115975,"Total correction","Odd M, even Q"
-0.0297297297297298,0.927422285442664,"Total correction","Odd M, even Q"
-0.027927927927928,0.927275283852578,"Total correction","Odd M, even Q"
-0.0261261261261261,0.927128321468868,"Total correction","Odd M, even Q"
-0.0243243243243243,0.926981395417168,"Total correction","Odd M, even Q"
-0.0225225225225225,0.92683450282541,"Total correction","Odd M, even Q"
-0.0207207207207207,0.926687640823635,"Total correction","Odd M, even Q"
-0.0189189189189189,0.926540806543808,"Total correction","Odd M, even Q"
-0.0171171171171172,0.926393997119626,"Total correction","Odd M, even Q"
-0.0153153153153153,0.926247209686336,"Total correction","Odd M, even Q"
-0.0135135135135135,0.926100441380548,"Total correction","Odd M, even Q"
-0.0117117117117117,0.925953689340047,"Total correction","Odd M, even Q"
-0.00990990990990992,0.925806950703605,"Total correction","Odd M, even Q"
-0.00810810810810814,0.925660222610801,"Total correction","Odd M, even Q"
-0.00630630630630635,0.925513502201828,"Total correction","Odd M, even Q"
-0.00450450450450446,0.925366786617312,"Total correction","Odd M, even Q"
-0.00270270270270268,0.925220072998125,"Total correction","Odd M, even Q"
-0.000900900900900892,0.925073358485198,"Total correction","Odd M, even Q"
0.000900900900900892,0.924926640219334,"Total correction","Odd M, even Q"
0.00270270270270268,0.924779915341028,"Total correction","Odd M, even Q"
0.00450450450450446,0.924633180990274,"Total correction","Odd M, even Q"
0.00630630630630635,0.924486434306384,"Total correction","Odd M, even Q"
0.00810810810810814,0.924339672427799,"Total correction","Odd M, even Q"
0.00990990990990992,0.924192892491905,"Total correction","Odd M, even Q"
0.0117117117117117,0.924046091634845,"Total correction","Odd M, even Q"
0.0135135135135135,0.923899266991333,"Total correction","Odd M, even Q"
0.0153153153153153,0.923752415694469,"Total correction","Odd M, even Q"
0.0171171171171172,0.92360553487555,"Total correction","Odd M, even Q"
0.0189189189189189,0.923458621663883,"Total correction","Odd M, even Q"
0.0207207207207207,0.923311673186597,"Total correction","Odd M, even Q"
0.0225225225225225,0.923164686568459,"Total correction","Odd M, even Q"
0.0243243243243243,0.92301765893168,"Total correction","Odd M, even Q"
0.0261261261261261,0.922870587395733,"Total correction","Odd M, even Q"
0.0279279279279279,0.922723469077158,"Total correction","Odd M, even Q"
0.0297297297297298,0.922576301089378,"Total correction","Odd M, even Q"
0.0315315315315315,0.922429080542506,"Total correction","Odd M, even Q"
0.0333333333333333,0.922281804543157,"Total correction","Odd M, even Q"
0.0351351351351351,0.922134470194255,"Total correction","Odd M, even Q"
0.0369369369369369,0.921987074594843,"Total correction","Odd M, even Q"
0.0387387387387387,0.921839614839894,"Total correction","Odd M, even Q"
0.0405405405405406,0.921692088020115,"Total correction","Odd M, even Q"
0.0423423423423424,0.921544491221756,"Total correction","Odd M, even Q"
0.0441441441441441,0.921396821526416,"Total correction","Odd M, even Q"
0.0459459459459459,0.921249076010849,"Total correction","Odd M, even Q"
0.0477477477477477,0.921101251746771,"Total correction","Odd M, even Q"
0.0495495495495495,0.92095334580066,"Total correction","Odd M, even Q"
0.0513513513513514,0.920805355233567,"Total correction","Odd M, even Q"
0.0531531531531532,0.920657277100911,"Total correction","Odd M, even Q"
0.0549549549549549,0.920509108452289,"Total correction","Odd M, even Q"
0.0567567567567567,0.92036084633127,"Total correction","Odd M, even Q"
0.0585585585585585,0.920212487775203,"Total correction","Odd M, even Q"
0.0603603603603603,0.920064029815011,"Total correction","Odd M, even Q"
0.0621621621621622,0.919915469474993,"Total correction","Odd M, even Q"
0.063963963963964,0.91976680377262,"Total correction","Odd M, even Q"
0.0657657657657658,0.919618029718335,"Total correction","Odd M, even Q"
0.0675675675675675,0.919469144315345,"Total correction","Odd M, even Q"
0.0693693693693693,0.919320144559419,"Total correction","Odd M, even Q"
0.0711711711711711,0.919171027438681,"Total correction","Odd M, even Q"
0.072972972972973,0.919021789933402,"Total correction","Odd M, even Q"
0.0747747747747748,0.918872429015795,"Total correction","Odd M, even Q"
0.0765765765765766,0.918722941649801,"Total correction","Odd M, even Q"
0.0783783783783784,0.918573324790882,"Total correction","Odd M, even Q"
0.0801801801801801,0.918423575385806,"Total correction","Odd M, even Q"
0.0819819819819819,0.91827369037244,"Total correction","Odd M, even Q"
0.0837837837837838,0.918123666679527,"Total correction","Odd M, even Q"
0.0855855855855856,0.917973501226479,"Total correction","Odd M, even Q"
0.0873873873873874,0.917823190923155,"Total correction","Odd M, even Q"
0.0891891891891892,0.917672732669644,"Total correction","Odd M, even Q"
0.0909909909909909,0.917522123356047,"Total correction","Odd M, even Q"
0.0927927927927927,0.917371359862253,"Total correction","Odd M, even Q"
0.0945945945945946,0.917220439057718,"Total correction","Odd M, even Q"
0.0963963963963964,0.917069357801242,"Total correction","Odd M, even Q"
0.0981981981981982,0.916918112940743,"Total correction","Odd M, even Q"
0.1,0.916766701313029,"Total correction","Odd M, even Q"
0.101801801801802,0.91661511974357,"Total correction","Odd M, even Q"
0.103603603603604,0.916463365046267,"Total correction","Odd M, even Q"
0.105405405405405,0.91631143402322,"Total correction","Odd M, even Q"
0.107207207207207,0.916159323464497,"Total correction","Odd M, even Q"
0.109009009009009,0.916007030147894,"Total correction","Odd M, even Q"
0.110810810810811,0.915854550838702,"Total correction","Odd M, even Q"
0.112612612612613,0.915701882289466,"Total correction","Odd M, even Q"
0.114414414414414,0.915549021239742,"Total correction","Odd M, even Q"
0.116216216216216,0.915395964415858,"Total correction","Odd M, even Q"
0.118018018018018,0.915242708530669,"Total correction","Odd M, even Q"
0.11981981981982,0.915089250283306,"Total correction","Odd M, even Q"
0.121621621621622,0.914935586358933,"Total correction","Odd M, even Q"
0.123423423423423,0.914781713428491,"Total correction","Odd M, even Q"
0.125225225225225,0.914627628148449,"Total correction","Odd M, even Q"
0.127027027027027,0.914473327160548,"Total correction","Odd M, even Q"
0.128828828828829,0.91431880709154,"Total correction","Odd M, even Q"
0.130630630630631,0.914164064552936,"Total correction","Odd M, even Q"
0.132432432432433,0.914009096140736,"Total correction","Odd M, even Q"
0.134234234234234,0.913853898435173,"Total correction","Odd M, even Q"
0.136036036036036,0.91369846800044,"Total correction","Odd M, even Q"
0.137837837837838,0.913542801384424,"Total correction","Odd M, even Q"
0.13963963963964,0.913386895118435,"Total correction","Odd M, even Q"
0.141441441441441,0.913230745716932,"Total correction","Odd M, even Q"
0.143243243243243,0.913074349677246,"Total correction","Odd M, even Q"
0.145045045045045,0.912917703479301,"Total correction","Odd M, even Q"
0.146846846846847,0.912760803585335,"Total correction","Odd M, even Q"
0.148648648648649,0.912603646439611,"Total correction","Odd M, even Q"
0.15045045045045,0.912446228468135,"Total correction","Odd M, even Q"
0.152252252252252,0.912288546078363,"Total correction","Odd M, even Q"
0.154054054054054,0.912130595658911,"Total correction","Odd M, even Q"
0.155855855855856,0.911972373579255,"Total correction","Odd M, even Q"
0.157657657657658,0.911813876189437,"Total correction","Odd M, even Q"
0.159459459459459,0.911655099819763,"Total correction","Odd M, even Q"
0.161261261261261,0.911496040780497,"Total correction","Odd M, even Q"
0.163063063063063,0.911336695361551,"Total correction","Odd M, even Q"
0.164864864864865,0.911177059832181,"Total correction","Odd M, even Q"
0.166666666666667,0.911017130440667,"Total correction","Odd M, even Q"
0.168468468468468,0.910856903413996,"Total correction","Odd M, even Q"
0.17027027027027,0.910696374957548,"Total correction","Odd M, even Q"
0.172072072072072,0.91053554125476,"Total correction","Odd M, even Q"
0.173873873873874,0.91037439846681,"Total correction","Odd M, even Q"
0.175675675675676,0.910212942732281,"Total correction","Odd M, even Q"
0.177477477477478,0.910051170166824,"Total correction","Odd M, even Q"
0.179279279279279,0.909889076862823,"Total correction","Odd M, even Q"
0.181081081081081,0.909726658889055,"Total correction","Odd M, even Q"
0.182882882882883,0.909563912290337,"Total correction","Odd M, even Q"
0.184684684684685,0.909400833087182,"Total correction","Odd M, even Q"
0.186486486486486,0.909237417275447,"Total correction","Odd M, even Q"
0.188288288288288,0.909073660825967,"Total correction","Odd M, even Q"
0.19009009009009,0.908909559684203,"Total correction","Odd M, even Q"
0.191891891891892,0.908745109769869,"Total correction","Odd M, even Q"
0.193693693693694,0.908580306976567,"Total correction","Odd M, even Q"
0.195495495495495,0.908415147171408,"Total correction","Odd M, even Q"
0.197297297297297,0.908249626194639,"Total correction","Odd M, even Q"
0.199099099099099,0.908083739859253,"Total correction","Odd M, even Q"
0.200900900900901,0.907917483950608,"Total correction","Odd M, even Q"
0.202702702702703,0.90775085422603,"Total correction","Odd M, even Q"
0.204504504504505,0.907583846414419,"Total correction","Odd M, even Q"
0.206306306306306,0.907416456215847,"Total correction","Odd M, even Q"
0.208108108108108,0.907248679301148,"Total correction","Odd M, even Q"
0.20990990990991,0.907080511311513,"Total correction","Odd M, even Q"
0.211711711711712,0.906911947858068,"Total correction","Odd M, even Q"
0.213513513513513,0.906742984521455,"Total correction","Odd M, even Q"
0.215315315315315,0.906573616851404,"Total correction","Odd M, even Q"
0.217117117117117,0.906403840366303,"Total correction","Odd M, even Q"
0.218918918918919,0.906233650552759,"Total correction","Odd M, even Q"
0.220720720720721,0.906063042865157,"Total correction","Odd M, even Q"
0.222522522522523,0.905892012725207,"Total correction","Odd M, even Q"
0.224324324324324,0.905720555521497,"Total correction","Odd M, even Q"
0.226126126126126,0.905548666609027,"Total correction","Odd M, even Q"
0.227927927927928,0.905376341308747,"Total correction","Odd M, even Q"
0.22972972972973,0.905203574907084,"Total correction","Odd M, even Q"
0.231531531531531,0.905030362655464,"Total correction","Odd M, even Q"
0.233333333333333,0.90485669976983,"Total correction","Odd M, even Q"
0.235135135135135,0.904682581430148,"Total correction","Odd M, even Q"
0.236936936936937,0.904508002779915,"Total correction","Odd M, even Q"
0.238738738738739,0.904332958925654,"Total correction","Odd M, even Q"
0.240540540540541,0.904157444936404,"Total correction","Odd M, even Q"
0.242342342342342,0.903981455843203,"Total correction","Odd M, even Q"
0.244144144144144,0.903804986638565,"Total correction","Odd M, even Q"
0.245945945945946,0.903628032275952,"Total correction","Odd M, even Q"
0.247747747747748,0.903450587669235,"Total correction","Odd M, even Q"
0.24954954954955,0.903272647692147,"Total correction","Odd M, even Q"
0.251351351351351,0.903094207177736,"Total correction","Odd M, even Q"
0.253153153153153,0.902915260917802,"Total correction","Odd M, even Q"
0.254954954954955,0.90273580366233,"Total correction","Odd M, even Q"
0.256756756756757,0.902555830118917,"Total correction","Odd M, even Q"
0.258558558558558,0.902375334952187,"Total correction","Odd M, even Q"
0.26036036036036,0.902194312783205,"Total correction","Odd M, even Q"
0.262162162162162,0.902012758188869,"Total correction","Odd M, even Q"
0.263963963963964,0.901830665701313,"Total correction","Odd M, even Q"
0.265765765765766,0.901648029807285,"Total correction","Odd M, even Q"
0.267567567567568,0.901464844947523,"Total correction","Odd M, even Q"
0.269369369369369,0.901281105516125,"Total correction","Odd M, even Q"
0.271171171171171,0.901096805859902,"Total correction","Odd M, even Q"
0.272972972972973,0.900911940277733,"Total correction","Odd M, even Q"
0.274774774774775,0.900726503019898,"Total correction","Odd M, even Q"
0.276576576576577,0.900540488287412,"Total correction","Odd M, even Q"
0.278378378378378,0.900353890231345,"Total correction","Odd M, even Q"
0.28018018018018,0.900166702952132,"Total correction","Odd M, even Q"
0.281981981981982,0.899978920498873,"Total correction","Odd M, even Q"
0.283783783783784,0.899790536868624,"Total correction","Odd M, even Q"
0.285585585585586,0.899601546005679,"Total correction","Odd M, even Q"
0.287387387387387,0.899411941800837,"Total correction","Odd M, even Q"
0.289189189189189,0.899221718090661,"Total correction","Odd M, even Q"
0.290990990990991,0.89903086865673,"Total correction","Odd M, even Q"
0.292792792792793,0.898839387224869,"Total correction","Odd M, even Q"
0.294594594594595,0.898647267464383,"Total correction","Odd M, even Q"
0.296396396396396,0.898454502987262,"Total correction","Odd M, even Q"
0.298198198198198,0.898261087347391,"Total correction","Odd M, even Q"
0.3,0.898067014039736,"Total correction","Odd M, even Q"
0.301801801801802,0.897872276499524,"Total correction","Odd M, even Q"
0.303603603603604,0.897676868101406,"Total correction","Odd M, even Q"
0.305405405405406,0.897480782158617,"Total correction","Odd M, even Q"
0.307207207207207,0.897284011922107,"Total correction","Odd M, even Q"
0.309009009009009,0.897086550579673,"Total correction","Odd M, even Q"
0.310810810810811,0.896888391255074,"Total correction","Odd M, even Q"
0.312612612612613,0.89668952700713,"Total correction","Odd M, even Q"
0.314414414414414,0.896489950828806,"Total correction","Odd M, even Q"
0.316216216216216,0.896289655646285,"Total correction","Odd M, even Q"
0.318018018018018,0.896088634318029,"Total correction","Odd M, even Q"
0.31981981981982,0.895886879633818,"Total correction","Odd M, even Q"
0.321621621621622,0.89568438431378,"Total correction","Odd M, even Q"
0.323423423423423,0.895481141007404,"Total correction","Odd M, even Q"
0.325225225225225,0.895277142292534,"Total correction","Odd M, even Q"
0.327027027027027,0.895072380674356,"Total correction","Odd M, even Q"
0.328828828828829,0.89486684858436,"Total correction","Odd M, even Q"
0.330630630630631,0.894660538379288,"Total correction","Odd M, even Q"
0.332432432432432,0.894453442340068,"Total correction","Odd M, even Q"
0.334234234234234,0.894245552670728,"Total correction","Odd M, even Q"
0.336036036036036,0.894036861497295,"Total correction","Odd M, even Q"
0.337837837837838,0.893827360866672,"Total correction","Odd M, even Q"
0.33963963963964,0.893617042745504,"Total correction","Odd M, even Q"
0.341441441441441,0.893405899019015,"Total correction","Odd M, even Q"
0.343243243243243,0.893193921489839,"Total correction","Odd M, even Q"
0.345045045045045,0.892981101876822,"Total correction","Odd M, even Q"
0.346846846846847,0.892767431813806,"Total correction","Odd M, even Q"
0.348648648648649,0.8925529028484,"Total correction","Odd M, even Q"
0.350450450450451,0.892337506440718,"Total correction","Odd M, even Q"
0.352252252252252,0.89212123396211,"Total correction","Odd M, even Q"
0.354054054054054,0.891904076693864,"Total correction","Odd M, even Q"
0.355855855855856,0.891686025825884,"Total correction","Odd M, even Q"
0.357657657657658,0.891467072455356,"Total correction","Odd M, even Q"
0.359459459459459,0.891247207585379,"Total correction","Odd M, even Q"
0.361261261261261,0.891026422123584,"Total correction","Odd M, even Q"
0.363063063063063,0.890804706880726,"Total correction","Odd M, even Q"
0.364864864864865,0.890582052569245,"Total correction","Odd M, even Q"
0.366666666666667,0.890358449801814,"Total correction","Odd M, even Q"
0.368468468468468,0.890133889089858,"Total correction","Odd M, even Q"
0.37027027027027,0.889908360842043,"Total correction","Odd M, even Q"
0.372072072072072,0.889681855362745,"Total correction","Odd M, even Q"
0.373873873873874,0.889454362850491,"Total correction","Odd M, even Q"
0.375675675675676,0.889225873396371,"Total correction","Odd M, even Q"
0.377477477477478,0.888996376982427,"Total correction","Odd M, even Q"
0.379279279279279,0.888765863480008,"Total correction","Odd M, even Q"
0.381081081081081,0.888534322648102,"Total correction","Odd M, even Q"
0.382882882882883,0.888301744131635,"Total correction","Odd M, even Q"
0.384684684684685,0.888068117459743,"Total correction","Odd M, even Q"
0.386486486486486,0.887833432044012,"Total correction","Odd M, even Q"
0.388288288288288,0.887597677176684,"Total correction","Odd M, even Q"
0.39009009009009,0.887360842028841,"Total correction","Odd M, even Q"
0.391891891891892,0.887122915648543,"Total correction","Odd M, even Q"
0.393693693693694,0.886883886958945,"Total correction","Odd M, even Q"
0.395495495495496,0.886643744756374,"Total correction","Odd M, even Q"
0.397297297297297,0.886402477708371,"Total correction","Odd M, even Q"
0.399099099099099,0.886160074351702,"Total correction","Odd M, even Q"
0.400900900900901,0.885916523090331,"Total correction","Odd M, even Q"
0.402702702702703,0.885671812193354,"Total correction","Odd M, even Q"
0.404504504504504,0.885425929792898,"Total correction","Odd M, even Q"
0.406306306306306,0.885178863881985,"Total correction","Odd M, even Q"
0.408108108108108,0.884930602312345,"Total correction","Odd M, even Q"
0.40990990990991,0.884681132792207,"Total correction","Odd M, even Q"
0.411711711711712,0.884430442884033,"Total correction","Odd M, even Q"
0.413513513513514,0.884178520002219,"Total correction","Odd M, even Q"
0.415315315315315,0.883925351410749,"Total correction","Odd M, even Q"
0.417117117117117,0.883670924220812,"Total correction","Odd M, even Q"
0.418918918918919,0.883415225388366,"Total correction","Odd M, even Q"
0.420720720720721,0.883158241711663,"Total correction","Odd M, even Q"
0.422522522522523,0.882899959828722,"Total correction","Odd M, even Q"
0.424324324324324,0.882640366214762,"Total correction","Odd M, even Q"
0.426126126126126,0.882379447179582,"Total correction","Odd M, even Q"
0.427927927927928,0.882117188864888,"Total correction","Odd M, even Q"
0.42972972972973,0.881853577241574,"Total correction","Odd M, even Q"
0.431531531531531,0.881588598106954,"Total correction","Odd M, even Q"
0.433333333333333,0.881322237081933,"Total correction","Odd M, even Q"
0.435135135135135,0.881054479608128,"Total correction","Odd M, even Q"
0.436936936936937,0.88078531094494,"Total correction","Odd M, even Q"
0.438738738738739,0.880514716166552,"Total correction","Odd M, even Q"
0.440540540540541,0.880242680158891,"Total correction","Odd M, even Q"
0.442342342342342,0.879969187616513,"Total correction","Odd M, even Q"
0.444144144144144,0.879694223039439,"Total correction","Odd M, even Q"
0.445945945945946,0.879417770729918,"Total correction","Odd M, even Q"
0.447747747747748,0.879139814789143,"Total correction","Odd M, even Q"
0.44954954954955,0.878860339113883,"Total correction","Odd M, even Q"
0.451351351351351,0.878579327393065,"Total correction","Odd M, even Q"
0.453153153153153,0.878296763104275,"Total correction","Odd M, even Q"
0.454954954954955,0.878012629510203,"Total correction","Odd M, even Q"
0.456756756756757,0.877726909655005,"Total correction","Odd M, even Q"
0.458558558558559,0.8774395863606,"Total correction","Odd M, even Q"
0.46036036036036,0.877150642222889,"Total correction","Odd M, even Q"
0.462162162162162,0.876860059607901,"Total correction","Odd M, even Q"
0.463963963963964,0.876567820647859,"Total correction","Odd M, even Q"
0.465765765765766,0.876273907237164,"Total correction","Odd M, even Q"
0.467567567567568,0.875978301028307,"Total correction","Odd M, even Q"
0.469369369369369,0.875680983427684,"Total correction","Odd M, even Q"
0.471171171171171,0.87538193559134,"Total correction","Odd M, even Q"
0.472972972972973,0.87508113842061,"Total correction","Odd M, even Q"
0.474774774774775,0.87477857255769,"Total correction","Odd M, even Q"
0.476576576576576,0.874474218381095,"Total correction","Odd M, even Q"
0.478378378378378,0.874168056001042,"Total correction","Odd M, even Q"
0.48018018018018,0.873860065254727,"Total correction","Odd M, even Q"
0.481981981981982,0.873550225701501,"Total correction","Odd M, even Q"
0.483783783783784,0.873238516617958,"Total correction","Odd M, even Q"
0.485585585585586,0.872924916992907,"Total correction","Odd M, even Q"
0.487387387387387,0.872609405522245,"Total correction","Odd M, even Q"
0.489189189189189,0.872291960603723,"Total correction","Odd M, even Q"
0.490990990990991,0.871972560331598,"Total correction","Odd M, even Q"
0.492792792792793,0.871651182491171,"Total correction","Odd M, even Q"
0.494594594594595,0.871327804553213,"Total correction","Odd M, even Q"
0.496396396396396,0.871002403668269,"Total correction","Odd M, even Q"
0.498198198198198,0.870674956660845,"Total correction","Odd M, even Q"
0.5,0.870345440023459,"Total correction","Odd M, even Q"
0.501801801801802,0.870013829910579,"Total correction","Odd M, even Q"
0.503603603603604,0.869680102132418,"Total correction","Odd M, even Q"
0.505405405405405,0.869344232148602,"Total correction","Odd M, even Q"
0.507207207207207,0.869006195061697,"Total correction","Odd M, even Q"
0.509009009009009,0.868665965610595,"Total correction","Odd M, even Q"
0.510810810810811,0.868323518163759,"Total correction","Odd M, even Q"
0.512612612612613,0.867978826712315,"Total correction","Odd M, even Q"
0.514414414414414,0.867631864862998,"Total correction","Odd M, even Q"
0.516216216216216,0.867282605830937,"Total correction","Odd M, even Q"
0.518018018018018,0.866931022432283,"Total correction","Odd M, even Q"
0.51981981981982,0.866577087076675,"Total correction","Odd M, even Q"
0.521621621621622,0.866220771759536,"Total correction","Odd M, even Q"
0.523423423423424,0.8658620480542,"Total correction","Odd M, even Q"
0.525225225225225,0.865500887103862,"Total correction","Odd M, even Q"
0.527027027027027,0.865137259613342,"Total correction","Odd M, even Q"
0.528828828828829,0.864771135840675,"Total correction","Odd M, even Q"
0.530630630630631,0.864402485588503,"Total correction","Odd M, even Q"
0.532432432432432,0.864031278195274,"Total correction","Odd M, even Q"
0.534234234234234,0.863657482526242,"Total correction","Odd M, even Q"
0.536036036036036,0.863281066964263,"Total correction","Odd M, even Q"
0.537837837837838,0.862901999400381,"Total correction","Odd M, even Q"
0.53963963963964,0.862520247224196,"Total correction","Odd M, even Q"
0.541441441441441,0.862135777314017,"Total correction","Odd M, even Q"
0.543243243243243,0.861748556026781,"Total correction","Odd M, even Q"
0.545045045045045,0.861358549187747,"Total correction","Odd M, even Q"
0.546846846846847,0.860965722079947,"Total correction","Odd M, even Q"
0.548648648648649,0.860570039433392,"Total correction","Odd M, even Q"
0.55045045045045,0.860171465414033,"Total correction","Odd M, even Q"
0.552252252252252,0.859769963612457,"Total correction","Odd M, even Q"
0.554054054054054,0.859365497032323,"Total correction","Odd M, even Q"
0.555855855855856,0.858958028078528,"Total correction","Odd M, even Q"
0.557657657657658,0.858547518545094,"Total correction","Odd M, even Q"
0.559459459459459,0.858133929602766,"Total correction","Odd M, even Q"
0.561261261261261,0.857717221786323,"Total correction","Odd M, even Q"
0.563063063063063,0.857297354981588,"Total correction","Odd M, even Q"
0.564864864864865,0.856874288412122,"Total correction","Odd M, even Q"
0.566666666666667,0.856447980625612,"Total correction","Odd M, even Q"
0.568468468468469,0.856018389479927,"Total correction","Odd M, even Q"
0.57027027027027,0.855585472128844,"Total correction","Odd M, even Q"
0.572072072072072,0.855149185007431,"Total correction","Odd M, even Q"
0.573873873873874,0.854709483817074,"Total correction","Odd M, even Q"
0.575675675675676,0.854266323510156,"Total correction","Odd M, even Q"
0.577477477477477,0.853819658274347,"Total correction","Odd M, even Q"
0.579279279279279,0.853369441516536,"Total correction","Odd M, even Q"
0.581081081081081,0.852915625846349,"Total correction","Odd M, even Q"
0.582882882882883,0.852458163059289,"Total correction","Odd M, even Q"
0.584684684684685,0.851997004119445,"Total correction","Odd M, even Q"
0.586486486486486,0.851532099141795,"Total correction","Odd M, even Q"
0.588288288288288,0.851063397374064,"Total correction","Odd M, even Q"
0.59009009009009,0.85059084717814,"Total correction","Odd M, even Q"
0.591891891891892,0.850114396011037,"Total correction","Odd M, even Q"
0.593693693693694,0.849633990405379,"Total correction","Odd M, even Q"
0.595495495495496,0.849149575949413,"Total correction","Odd M, even Q"
0.597297297297297,0.848661097266515,"Total correction","Odd M, even Q"
0.599099099099099,0.848168497994198,"Total correction","Odd M, even Q"
0.600900900900901,0.84767172076259,"Total correction","Odd M, even Q"
0.602702702702703,0.847170707172377,"Total correction","Odd M, even Q"
0.604504504504504,0.846665397772199,"Total correction","Odd M, even Q"
0.606306306306306,0.84615573203547,"Total correction","Odd M, even Q"
0.608108108108108,0.84564164833663,"Total correction","Odd M, even Q"
0.60990990990991,0.845123083926788,"Total correction","Odd M, even Q"
0.611711711711712,0.844599974908754,"Total correction","Odd M, even Q"
0.613513513513514,0.844072256211447,"Total correction","Odd M, even Q"
0.615315315315315,0.843539861563644,"Total correction","Odd M, even Q"
0.617117117117117,0.843002723467073,"Total correction","Odd M, even Q"
0.618918918918919,0.84246077316882,"Total correction","Odd M, even Q"
0.620720720720721,0.841913940633028,"Total correction","Odd M, even Q"
0.622522522522522,0.841362154511882,"Total correction","Odd M, even Q"
0.624324324324324,0.84080534211585,"Total correction","Odd M, even Q"
0.626126126126126,0.840243429383157,"Total correction","Odd M, even Q"
0.627927927927928,0.839676340848483,"Total correction","Odd M, even Q"
0.62972972972973,0.839103999610851,"Total correction","Odd M, even Q"
0.631531531531532,0.838526327300698,"Total correction","Odd M, even Q"
0.633333333333333,0.837943244046078,"Total correction","Odd M, even Q"
0.635135135135135,0.837354668438012,"Total correction","Odd M, even Q"
0.636936936936937,0.83676051749493,"Total correction","Odd M, even Q"
0.638738738738739,0.836160706626192,"Total correction","Odd M, even Q"
0.640540540540541,0.835555149594662,"Total correction","Odd M, even Q"
0.642342342342342,0.834943758478312,"Total correction","Odd M, even Q"
0.644144144144144,0.834326443630817,"Total correction","Odd M, even Q"
0.645945945945946,0.833703113641131,"Total correction","Odd M, even Q"
0.647747747747748,0.833073675291999,"Total correction","Odd M, even Q"
0.649549549549549,0.832438033517382,"Total correction","Odd M, even Q"
0.651351351351351,0.831796091358771,"Total correction","Odd M, even Q"
0.653153153153153,0.831147749920348,"Total correction","Odd M, even Q"
0.654954954954955,0.830492908322968,"Total correction","Odd M, even Q"
0.656756756756757,0.829831463656927,"Total correction","Odd M, even Q"
0.658558558558559,0.829163310933486,"Total correction","Odd M, even Q"
0.66036036036036,0.828488343035111,"Total correction","Odd M, even Q"
0.662162162162162,0.827806450664398,"Total correction","Odd M, even Q"
0.663963963963964,0.827117522291637,"Total correction","Odd M, even Q"
0.665765765765766,0.826421444100994,"Total correction","Odd M, even Q"
0.667567567567568,0.825718099935249,"Total correction","Odd M, even Q"
0.669369369369369,0.825007371239079,"Total correction","Odd M, even Q"
0.671171171171171,0.824289137000808,"Total correction","Odd M, even Q"
0.672972972972973,0.823563273692619,"Total correction","Odd M, even Q"
0.674774774774775,0.822829655209161,"Total correction","Odd M, even Q"
0.676576576576577,0.822088152804509,"Total correction","Odd M, even Q"
0.678378378378378,0.821338635027434,"Total correction","Odd M, even Q"
0.68018018018018,0.820580967654947,"Total correction","Odd M, even Q"
0.681981981981982,0.819815013624038,"Total correction","Odd M, even Q"
0.683783783783784,0.819040632961593,"Total correction","Odd M, even Q"
0.685585585585586,0.818257682712418,"Total correction","Odd M, even Q"
0.687387387387387,0.817466016865316,"Total correction","Odd M, even Q"
0.689189189189189,0.816665486277178,"Total correction","Odd M, even Q"
0.690990990990991,0.815855938595011,"Total correction","Odd M, even Q"
0.692792792792793,0.815037218175862,"Total correction","Odd M, even Q"
0.694594594594594,0.81420916600457,"Total correction","Odd M, even Q"
0.696396396396396,0.813371619609284,"Total correction","Odd M, even Q"
0.698198198198198,0.812524412974691,"Total correction","Odd M, even Q"
0.7,0.811667376452882,"Total correction","Odd M, even Q"
0.701801801801802,0.810800336671792,"Total correction","Odd M, even Q"
0.703603603603604,0.809923116441145,"Total correction","Odd M, even Q"
0.705405405405405,0.809035534655838,"Total correction","Odd M, even Q"
0.707207207207207,0.808137406196684,"Total correction","Odd M, even Q"
0.709009009009009,0.807228541828441,"Total correction","Odd M, even Q"
0.710810810810811,0.806308748095058,"Total correction","Odd M, even Q"
0.712612612612613,0.805377827212052,"Total correction","Odd M, even Q"
0.714414414414414,0.804435576955929,"Total correction","Odd M, even Q"
0.716216216216216,0.803481790550587,"Total correction","Odd M, even Q"
0.718018018018018,0.802516256550588,"Total correction","Odd M, even Q"
0.71981981981982,0.801538758721233,"Total correction","Odd M, even Q"
0.721621621621622,0.800549075915336,"Total correction","Odd M, even Q"
0.723423423423423,0.799546981946609,"Total correction","Odd M, even Q"
0.725225225225225,0.798532245459567,"Total correction","Odd M, even Q"
0.727027027027027,0.797504629795841,"Total correction","Odd M, even Q"
0.728828828828829,0.796463892856815,"Total correction","Odd M, even Q"
0.730630630630631,0.795409786962465,"Total correction","Odd M, even Q"
0.732432432432432,0.79434205870631,"Total correction","Odd M, even Q"
0.734234234234234,0.793260448806354,"Total correction","Odd M, even Q"
0.736036036036036,0.792164691951913,"Total correction","Odd M, even Q"
0.737837837837838,0.791054516646201,"Total correction","Odd M, even Q"
0.73963963963964,0.78992964504457,"Total correction","Odd M, even Q"
0.741441441441442,0.78878979278827,"Total correction","Odd M, even Q"
0.743243243243243,0.787634668833607,"Total correction","Odd M, even Q"
0.745045045045045,0.786463975276379,"Total correction","Odd M, even Q"
0.746846846846847,0.785277407171433,"Total correction","Odd M, even Q"
0.748648648648649,0.784074652347238,"Total correction","Odd M, even Q"
0.75045045045045,0.782855391215309,"Total correction","Odd M, even Q"
0.752252252252252,0.781619296574356,"Total correction","Odd M, even Q"
0.754054054054054,0.780366033408996,"Total correction","Odd M, even Q"
0.755855855855856,0.779095258682889,"Total correction","Odd M, even Q"
0.757657657657658,0.777806621126134,"Total correction","Odd M, even Q"
0.759459459459459,0.776499761016776,"Total correction","Odd M, even Q"
0.761261261261261,0.775174309956247,"Total correction","Odd M, even Q"
0.763063063063063,0.773829890638587,"Total correction","Odd M, even Q"
0.764864864864865,0.772466116613265,"Total correction","Odd M, even Q"
0.766666666666667,0.771082592041428,"Total correction","Odd M, even Q"
0.768468468468469,0.769678911445398,"Total correction","Odd M, even Q"
0.77027027027027,0.768254659451225,"Total correction","Odd M, even Q"
0.772072072072072,0.766809410524123,"Total correction","Odd M, even Q"
0.773873873873874,0.765342728696577,"Total correction","Odd M, even Q"
0.775675675675676,0.763854167288935,"Total correction","Odd M, even Q"
0.777477477477477,0.762343268622278,"Total correction","Odd M, even Q"
0.779279279279279,0.76080956372336,"Total correction","Odd M, even Q"
0.781081081081081,0.759252572021408,"Total correction","Odd M, even Q"
0.782882882882883,0.757671801036567,"Total correction","Odd M, even Q"
0.784684684684685,0.756066746059755,"Total correction","Odd M, even Q"
0.786486486486487,0.75443688982373,"Total correction","Odd M, even Q"
0.788288288288288,0.752781702165102,"Total correction","Odd M, even Q"
0.79009009009009,0.751100639677085,"Total correction","Odd M, even Q"
0.791891891891892,0.749393145352732,"Total correction","Odd M, even Q"
0.793693693693694,0.747658648218416,"Total correction","Odd M, even Q"
0.795495495495495,0.7458965629573,"Total correction","Odd M, even Q"
0.797297297297297,0.744106289522544,"Total correction","Odd M, even Q"
0.799099099099099,0.742287212740005,"Total correction","Odd M, even Q"
0.800900900900901,0.740438701900143,"Total correction","Odd M, even Q"
0.802702702702703,0.738560110338883,"Total correction","Odd M, even Q"
0.804504504504505,0.736650775007157,"Total correction","Odd M, even Q"
0.806306306306306,0.734710016028855,"Total correction","Odd M, even Q"
0.808108108108108,0.732737136246898,"Total correction","Odd M, even Q"
0.80990990990991,0.73073142075716,"Total correction","Odd M, even Q"
0.811711711711712,0.728692136429953,"Total correction","Odd M, even Q"
0.813513513513514,0.726618531418779,"Total correction","Odd M, even Q"
0.815315315315315,0.724509834656069,"Total correction","Odd M, even Q"
0.817117117117117,0.722365255335607,"Total correction","Odd M, even Q"
0.818918918918919,0.720183982381351,"Total correction","Odd M, even Q"
0.820720720720721,0.717965183902351,"Total correction","Odd M, even Q"
0.822522522522522,0.715708006633466,"Total correction","Odd M, even Q"
0.824324324324324,0.713411575361583,"Total correction","Odd M, even Q"
0.826126126126126,0.711074992337036,"Total correction","Odd M, even Q"
0.827927927927928,0.708697336669936,"Total correction","Odd M, even Q"
0.82972972972973,0.706277663711101,"Total correction","Odd M, even Q"
0.831531531531532,0.703815004417301,"Total correction","Odd M, even Q"
0.833333333333333,0.701308364700523,"Total correction","Odd M, even Q"
0.835135135135135,0.698756724760952,"Total correction","Odd M, even Q"
0.836936936936937,0.696159038403407,"Total correction","Odd M, even Q"
0.838738738738739,0.693514232336916,"Total correction","Odd M, even Q"
0.840540540540541,0.690821205457183,"Total correction","Odd M, even Q"
0.842342342342342,0.688078828111654,"Total correction","Odd M, even Q"
0.844144144144144,0.685285941346923,"Total correction","Odd M, even Q"
0.845945945945946,0.682441356138222,"Total correction","Odd M, even Q"
0.847747747747748,0.679543852600743,"Total correction","Odd M, even Q"
0.84954954954955,0.676592179182561,"Total correction","Odd M, even Q"
0.851351351351351,0.673585051838907,"Total correction","Odd M, even Q"
0.853153153153153,0.670521153187597,"Total correction","Odd M, even Q"
0.854954954954955,0.667399131645402,"Total correction","Odd M, even Q"
0.856756756756757,0.664217600545155,"Total correction","Odd M, even Q"
0.858558558558559,0.660975137233441,"Total correction","Odd M, even Q"
0.86036036036036,0.657670282148677,"Total correction","Odd M, even Q"
0.862162162162162,0.65430153787946,"Total correction","Odd M, even Q"
0.863963963963964,0.650867368203036,"Total correction","Odd M, even Q"
0.865765765765766,0.647366197103782,"Total correction","Odd M, even Q"
0.867567567567567,0.643796407771607,"Total correction","Odd M, even Q"
0.869369369369369,0.640156341580185,"Total correction","Odd M, even Q"
0.871171171171171,0.636444297044987,"Total correction","Odd M, even Q"
0.872972972972973,0.632658528761037,"Total correction","Odd M, even Q"
0.874774774774775,0.628797246320411,"Total correction","Odd M, even Q"
0.876576576576577,0.624858613209457,"Total correction","Odd M, even Q"
0.878378378378378,0.620840745685775,"Total correction","Odd M, even Q"
0.88018018018018,0.616741711634982,"Total correction","Odd M, even Q"
0.881981981981982,0.61255952940735,"Total correction","Odd M, even Q"
0.883783783783784,0.608292166634372,"Total correction","Odd M, even Q"
0.885585585585586,0.603937539025388,"Total correction","Odd M, even Q"
0.887387387387387,0.599493509144363,"Total correction","Odd M, even Q"
0.889189189189189,0.594957885166988,"Total correction","Odd M, even Q"
0.890990990990991,0.590328419618228,"Total correction","Odd M, even Q"
0.892792792792793,0.585602808090531,"Total correction","Odd M, even Q"
0.894594594594595,0.580778687942846,"Total correction","Odd M, even Q"
0.896396396396396,0.575853636980696,"Total correction","Odd M, even Q"
0.898198198198198,0.570825172117509,"Total correction","Odd M, even Q"
0.9,0.565690748017455,"Total correction","Odd M, even Q"
-0.9,1.46893372811286,"Variance calibration","Odd M, odd Q"
-0.898198198198198,1.45837463554414,"Variance calibration","Odd M, odd Q"
-0.896396396396396,1.44825358519809,"Variance calibration","Odd M, odd Q"
-0.894594594594595,1.43854558415828,"Variance calibration","Odd M, odd Q"
-0.892792792792793,1.42922739252248,"Variance calibration","Odd M, odd Q"
-0.890990990990991,1.42027737782102,"Variance calibration","Odd M, odd Q"
-0.889189189189189,1.41167538347049,"Variance calibration","Odd M, odd Q"
-0.887387387387387,1.40340260971856,"Variance calibration","Odd M, odd Q"
-0.885585585585586,1.39544150572597,"Variance calibration","Odd M, odd Q"
-0.883783783783784,1.38777567159741,"Variance calibration","Odd M, odd Q"
-0.881981981981982,1.38038976931452,"Variance calibration","Odd M, odd Q"
-0.88018018018018,1.37326944164881,"Variance calibration","Odd M, odd Q"
-0.878378378378378,1.36640123823899,"Variance calibration","Odd M, odd Q"
-0.876576576576577,1.35977254811126,"Variance calibration","Odd M, odd Q"
-0.874774774774775,1.35337153800245,"Variance calibration","Odd M, odd Q"
-0.872972972972973,1.34718709591763,"Variance calibration","Odd M, odd Q"
-0.871171171171171,1.34120877941598,"Variance calibration","Odd M, odd Q"
-0.869369369369369,1.3354267681742,"Variance calibration","Odd M, odd Q"
-0.867567567567568,1.32983182042446,"Variance calibration","Odd M, odd Q"
-0.865765765765766,1.32441523290705,"Variance calibration","Odd M, odd Q"
-0.863963963963964,1.31916880401502,"Variance calibration","Odd M, odd Q"
-0.862162162162162,1.31408479984163,"Variance calibration","Odd M, odd Q"
-0.86036036036036,1.30915592287082,"Variance calibration","Odd M, odd Q"
-0.858558558558559,1.30437528307681,"Variance calibration","Odd M, odd Q"
-0.856756756756757,1.29973637122254,"Variance calibration","Odd M, odd Q"
-0.854954954954955,1.29523303416682,"Variance calibration","Odd M, odd Q"
-0.853153153153153,1.29085945200904,"Variance calibration","Odd M, odd Q"
-0.851351351351351,1.28661011691608,"Variance calibration","Odd M, odd Q"
-0.84954954954955,1.28247981349121,"Variance calibration","Odd M, odd Q"
-0.847747747747748,1.27846360055786,"Variance calibration","Odd M, odd Q"
-0.845945945945946,1.27455679424248,"Variance calibration","Odd M, odd Q"
-0.844144144144144,1.27075495225203,"Variance calibration","Odd M, odd Q"
-0.842342342342342,1.26705385925017,"Variance calibration","Odd M, odd Q"
-0.840540540540541,1.26344951324591,"Variance calibration","Odd M, odd Q"
-0.838738738738739,1.2599381129149,"Variance calibration","Odd M, odd Q"
-0.836936936936937,1.25651604578168,"Variance calibration","Odd M, odd Q"
-0.835135135135135,1.25317987719655,"Variance calibration","Odd M, odd Q"
-0.833333333333333,1.2499263400469,"Variance calibration","Odd M, odd Q"
-0.831531531531532,1.24675232514778,"Variance calibration","Odd M, odd Q"
-0.82972972972973,1.24365487226119,"Variance calibration","Odd M, odd Q"
-0.827927927927928,1.24063116169764,"Variance calibration","Odd M, odd Q"
-0.826126126126126,1.23767850645758,"Variance calibration","Odd M, odd Q"
-0.824324324324324,1.23479434487356,"Variance calibration","Odd M, odd Q"
-0.822522522522523,1.23197623371728,"Variance calibration","Odd M, odd Q"
-0.820720720720721,1.22922184173839,"Variance calibration","Odd M, odd Q"
-0.818918918918919,1.22652894360482,"Variance calibration","Odd M, odd Q"
-0.817117117117117,1.22389541421639,"Variance calibration","Odd M, odd Q"
-0.815315315315315,1.22131922336613,"Variance calibration","Odd M, odd Q"
-0.813513513513514,1.21879843072514,"Variance calibration","Odd M, odd Q"
-0.811711711711712,1.21633118112932,"Variance calibration","Odd M, odd Q"
-0.80990990990991,1.21391570014733,"Variance calibration","Odd M, odd Q"
-0.808108108108108,1.21155028991113,"Variance calibration","Odd M, odd Q"
-0.806306306306306,1.20923332519157,"Variance calibration","Odd M, odd Q"
-0.804504504504505,1.20696324970298,"Variance calibration","Odd M, odd Q"
-0.802702702702703,1.20473857262177,"Variance calibration","Odd M, odd Q"
-0.800900900900901,1.20255786530512,"Variance calibration","Odd M, odd Q"
-0.799099099099099,1.200419758197,"Variance calibration","Odd M, odd Q"
-0.797297297297297,1.19832293790942,"Variance calibration","Odd M, odd Q"
-0.795495495495495,1.19626614446802,"Variance calibration","Odd M, odd Q"
-0.793693693693694,1.19424816871141,"Variance calibration","Odd M, odd Q"
-0.791891891891892,1.19226784983488,"Variance calibration","Odd M, odd Q"
-0.79009009009009,1.1903240730694,"Variance calibration","Odd M, odd Q"
-0.788288288288288,1.1884157674877,"Variance calibration","Odd M, odd Q"
-0.786486486486486,1.18654190392955,"Variance calibration","Odd M, odd Q"
-0.784684684684685,1.18470149303908,"Variance calibration","Odd M, odd Q"
-0.782882882882883,1.1828935834074,"Variance calibration","Odd M, odd Q"
-0.781081081081081,1.18111725981416,"Variance calibration","Odd M, odd Q"
-0.779279279279279,1.17937164156223,"Variance calibration","Odd M, odd Q"
-0.777477477477478,1.17765588089998,"Variance calibration","Odd M, odd Q"
-0.775675675675676,1.17596916152603,"Variance calibration","Odd M, odd Q"
-0.773873873873874,1.17431069717161,"Variance calibration","Odd M, odd Q"
-0.772072072072072,1.17267973025615,"Variance calibration","Odd M, odd Q"
-0.77027027027027,1.17107553061181,"Variance calibration","Odd M, odd Q"
-0.768468468468469,1.16949739427295,"Variance calibration","Odd M, odd Q"
-0.766666666666667,1.16794464232707,"Variance calibration","Odd M, odd Q"
-0.764864864864865,1.16641661982342,"Variance calibration","Odd M, odd Q"
-0.763063063063063,1.16491269473642,"Variance calibration","Odd M, odd Q"
-0.761261261261261,1.16343225698047,"Variance calibration","Odd M, odd Q"
-0.759459459459459,1.16197471747361,"Variance calibration","Odd M, odd Q"
-0.757657657657658,1.16053950724714,"Variance calibration","Odd M, odd Q"
-0.755855855855856,1.15912607659871,"Variance calibration","Odd M, odd Q"
-0.754054054054054,1.15773389428664,"Variance calibration","Odd M, odd Q"
-0.752252252252252,1.15636244676302,"Variance calibration","Odd M, odd Q"
-0.75045045045045,1.15501123744378,"Variance calibration","Odd M, odd Q"
-0.748648648648649,1.15367978601346,"Variance calibration","Odd M, odd Q"
-0.746846846846847,1.15236762776302,"Variance calibration","Odd M, odd Q"
-0.745045045045045,1.15107431295892,"Variance calibration","Odd M, odd Q"
-0.743243243243243,1.14979940624174,"Variance calibration","Odd M, odd Q"
-0.741441441441441,1.14854248605287,"Variance calibration","Odd M, odd Q"
-0.73963963963964,1.1473031440878,"Variance calibration","Odd M, odd Q"
-0.737837837837838,1.14608098477462,"Variance calibration","Odd M, odd Q"
-0.736036036036036,1.14487562477634,"Variance calibration","Odd M, odd Q"
-0.734234234234234,1.14368669251602,"Variance calibration","Odd M, odd Q"
-0.732432432432433,1.14251382772339,"Variance calibration","Odd M, odd Q"
-0.730630630630631,1.14135668100182,"Variance calibration","Odd M, odd Q"
-0.728828828828829,1.1402149134148,"Variance calibration","Odd M, odd Q"
-0.727027027027027,1.13908819609078,"Variance calibration","Odd M, odd Q"
-0.725225225225225,1.1379762098456,"Variance calibration","Odd M, odd Q"
-0.723423423423423,1.13687864482144,"Variance calibration","Odd M, odd Q"
-0.721621621621622,1.13579520014169,"Variance calibration","Odd M, odd Q"
-0.71981981981982,1.13472558358081,"Variance calibration","Odd M, odd Q"
-0.718018018018018,1.13366951124853,"Variance calibration","Odd M, odd Q"
-0.716216216216216,1.13262670728758,"Variance calibration","Odd M, odd Q"
-0.714414414414414,1.13159690358447,"Variance calibration","Odd M, odd Q"
-0.712612612612613,1.1305798394925,"Variance calibration","Odd M, odd Q"
-0.710810810810811,1.12957526156657,"Variance calibration","Odd M, odd Q"
-0.709009009009009,1.12858292330914,"Variance calibration","Odd M, odd Q"
-0.707207207207207,1.12760258492677,"Variance calibration","Odd M, odd Q"
-0.705405405405405,1.12663401309693,"Variance calibration","Odd M, odd Q"
-0.703603603603604,1.12567698074433,"Variance calibration","Odd M, odd Q"
-0.701801801801802,1.12473126682656,"Variance calibration","Odd M, odd Q"
-0.7,1.12379665612844,"Variance calibration","Odd M, odd Q"
-0.698198198198198,1.1228729390648,"Variance calibration","Odd M, odd Q"
-0.696396396396396,1.12195991149122,"Variance calibration","Odd M, odd Q"
-0.694594594594595,1.12105737452235,"Variance calibration","Odd M, odd Q"
-0.692792792792793,1.12016513435757,"Variance calibration","Odd M, odd Q"
-0.690990990990991,1.11928300211358,"Variance calibration","Odd M, odd Q"
-0.689189189189189,1.11841079366354,"Variance calibration","Odd M, odd Q"
-0.687387387387387,1.11754832948262,"Variance calibration","Odd M, odd Q"
-0.685585585585586,1.11669543449956,"Variance calibration","Odd M, odd Q"
-0.683783783783784,1.11585193795404,"Variance calibration","Odd M, odd Q"
-0.681981981981982,1.11501767325948,"Variance calibration","Odd M, odd Q"
-0.68018018018018,1.11419247787122,"Variance calibration","Odd M, odd Q"
-0.678378378378378,1.11337619315964,"Variance calibration","Odd M, odd Q"
-0.676576576576577,1.1125686642882,"Variance calibration","Odd M, odd Q"
-0.674774774774775,1.11176974009603,"Variance calibration","Odd M, odd Q"
-0.672972972972973,1.11097927298492,"Variance calibration","Odd M, odd Q"
-0.671171171171171,1.11019711881057,"Variance calibration","Odd M, odd Q"
-0.669369369369369,1.10942313677787,"Variance calibration","Odd M, odd Q"
-0.667567567567568,1.10865718934001,"Variance calibration","Odd M, odd Q"
-0.665765765765766,1.10789914210135,"Variance calibration","Odd M, odd Q"
-0.663963963963964,1.10714886372379,"Variance calibration","Odd M, odd Q"
-0.662162162162162,1.10640622583655,"Variance calibration","Odd M, odd Q"
-0.66036036036036,1.10567110294919,"Variance calibration","Odd M, odd Q"
-0.658558558558559,1.10494337236779,"Variance calibration","Odd M, odd Q"
-0.656756756756757,1.10422291411407,"Variance calibration","Odd M, odd Q"
-0.654954954954955,1.10350961084739,"Variance calibration","Odd M, odd Q"
-0.653153153153153,1.10280334778949,"Variance calibration","Odd M, odd Q"
-0.651351351351351,1.10210401265191,"Variance calibration","Odd M, odd Q"
-0.64954954954955,1.10141149556585,"Variance calibration","Odd M, odd Q"
-0.647747747747748,1.10072568901455,"Variance calibration","Odd M, odd Q"
-0.645945945945946,1.10004648776791,"Variance calibration","Odd M, odd Q"
-0.644144144144144,1.0993737888194,"Variance calibration","Odd M, odd Q"
-0.642342342342342,1.09870749132512,"Variance calibration","Odd M, odd Q"
-0.640540540540541,1.09804749654486,"Variance calibration","Odd M, odd Q"
-0.638738738738739,1.09739370778517,"Variance calibration","Odd M, odd Q"
-0.636936936936937,1.09674603034437,"Variance calibration","Odd M, odd Q"
-0.635135135135135,1.09610437145932,"Variance calibration","Odd M, odd Q"
-0.633333333333333,1.09546864025399,"Variance calibration","Odd M, odd Q"
-0.631531531531532,1.09483874768964,"Variance calibration","Odd M, odd Q"
-0.62972972972973,1.09421460651677,"Variance calibration","Odd M, odd Q"
-0.627927927927928,1.09359613122846,"Variance calibration","Odd M, odd Q"
-0.626126126126126,1.09298323801532,"Variance calibration","Odd M, odd Q"
-0.624324324324324,1.09237584472184,"Variance calibration","Odd M, odd Q"
-0.622522522522523,1.09177387080414,"Variance calibration","Odd M, odd Q"
-0.620720720720721,1.09117723728903,"Variance calibration","Odd M, odd Q"
-0.618918918918919,1.09058586673441,"Variance calibration","Odd M, odd Q"
-0.617117117117117,1.08999968319085,"Variance calibration","Odd M, odd Q"
-0.615315315315315,1.08941861216439,"Variance calibration","Odd M, odd Q"
-0.613513513513513,1.08884258058049,"Variance calibration","Odd M, odd Q"
-0.611711711711712,1.08827151674905,"Variance calibration","Odd M, odd Q"
-0.60990990990991,1.08770535033059,"Variance calibration","Odd M, odd Q"
-0.608108108108108,1.08714401230331,"Variance calibration","Odd M, odd Q"
-0.606306306306306,1.08658743493128,"Variance calibration","Odd M, odd Q"
-0.604504504504505,1.08603555173351,"Variance calibration","Odd M, odd Q"
-0.602702702702703,1.08548829745393,"Variance calibration","Odd M, odd Q"
-0.600900900900901,1.08494560803234,"Variance calibration","Odd M, odd Q"
-0.599099099099099,1.08440742057609,"Variance calibration","Odd M, odd Q"
-0.597297297297297,1.08387367333271,"Variance calibration","Odd M, odd Q"
-0.595495495495496,1.08334430566325,"Variance calibration","Odd M, odd Q"
-0.593693693693694,1.08281925801644,"Variance calibration","Odd M, odd Q"
-0.591891891891892,1.08229847190357,"Variance calibration","Odd M, odd Q"
-0.59009009009009,1.08178188987408,"Variance calibration","Odd M, odd Q"
-0.588288288288288,1.08126945549189,"Variance calibration","Odd M, odd Q"
-0.586486486486486,1.0807611133123,"Variance calibration","Odd M, odd Q"
-0.584684684684685,1.08025680885968,"Variance calibration","Odd M, odd Q"
-0.582882882882883,1.07975648860563,"Variance calibration","Odd M, odd Q"
-0.581081081081081,1.07926009994787,"Variance calibration","Odd M, odd Q"
-0.579279279279279,1.07876759118965,"Variance calibration","Odd M, odd Q"
-0.577477477477478,1.07827891151973,"Variance calibration","Odd M, odd Q"
-0.575675675675676,1.0777940109929,"Variance calibration","Odd M, odd Q"
-0.573873873873874,1.07731284051106,"Variance calibration","Odd M, odd Q"
-0.572072072072072,1.07683535180481,"Variance calibration","Odd M, odd Q"
-0.57027027027027,1.07636149741547,"Variance calibration","Odd M, odd Q"
-0.568468468468468,1.07589123067765,"Variance calibration","Odd M, odd Q"
-0.566666666666667,1.07542450570224,"Variance calibration","Odd M, odd Q"
-0.564864864864865,1.0749612773599,"Variance calibration","Odd M, odd Q"
-0.563063063063063,1.0745015012649,"Variance calibration","Odd M, odd Q"
-0.561261261261261,1.07404513375945,"Variance calibration","Odd M, odd Q"
-0.55945945945946,1.07359213189845,"Variance calibration","Odd M, odd Q"
-0.557657657657658,1.07314245343453,"Variance calibration","Odd M, odd Q"
-0.555855855855856,1.07269605680358,"Variance calibration","Odd M, odd Q"
-0.554054054054054,1.07225290111062,"Variance calibration","Odd M, odd Q"
-0.552252252252252,1.07181294611601,"Variance calibration","Odd M, odd Q"
-0.55045045045045,1.07137615222201,"Variance calibration","Odd M, odd Q"
-0.548648648648649,1.07094248045968,"Variance calibration","Odd M, odd Q"
-0.546846846846847,1.07051189247614,"Variance calibration","Odd M, odd Q"
-0.545045045045045,1.07008435052211,"Variance calibration","Odd M, odd Q"
-0.543243243243243,1.06965981743974,"Variance calibration","Odd M, odd Q"
-0.541441441441441,1.06923825665079,"Variance calibration","Odd M, odd Q"
-0.53963963963964,1.06881963214509,"Variance calibration","Odd M, odd Q"
-0.537837837837838,1.06840390846923,"Variance calibration","Odd M, odd Q"
-0.536036036036036,1.06799105071558,"Variance calibration","Odd M, odd Q"
-0.534234234234234,1.06758102451157,"Variance calibration","Odd M, odd Q"
-0.532432432432432,1.06717379600919,"Variance calibration","Odd M, odd Q"
-0.530630630630631,1.06676933187475,"Variance calibration","Odd M, odd Q"
-0.528828828828829,1.06636759927893,"Variance calibration","Odd M, odd Q"
-0.527027027027027,1.06596856588701,"Variance calibration","Odd M, odd Q"
-0.525225225225225,1.06557219984937,"Variance calibration","Odd M, odd Q"
-0.523423423423423,1.06517846979214,"Variance calibration","Odd M, odd Q"
-0.521621621621622,1.06478734480818,"Variance calibration","Odd M, odd Q"
-0.51981981981982,1.06439879444818,"Variance calibration","Odd M, odd Q"
-0.518018018018018,1.064012788712,"Variance calibration","Odd M, odd Q"
-0.516216216216216,1.0636292980402,"Variance calibration","Odd M, odd Q"
-0.514414414414414,1.06324829330576,"Variance calibration","Odd M, odd Q"
-0.512612612612613,1.062869745806,"Variance calibration","Odd M, odd Q"
-0.510810810810811,1.0624936272547,"Variance calibration","Odd M, odd Q"
-0.509009009009009,1.06211990977431,"Variance calibration","Odd M, odd Q"
-0.507207207207207,1.06174856588848,"Variance calibration","Odd M, odd Q"
-0.505405405405405,1.06137956851463,"Variance calibration","Odd M, odd Q"
-0.503603603603604,1.06101289095672,"Variance calibration","Odd M, odd Q"
-0.501801801801802,1.06064850689823,"Variance calibration","Odd M, odd Q"
-0.5,1.06028639039522,"Variance calibration","Odd M, odd Q"
-0.498198198198198,1.05992651586959,"Variance calibration","Odd M, odd Q"
-0.496396396396396,1.0595688581025,"Variance calibration","Odd M, odd Q"
-0.494594594594595,1.05921339222786,"Variance calibration","Odd M, odd Q"
-0.492792792792793,1.05886009372603,"Variance calibration","Odd M, odd Q"
-0.490990990990991,1.05850893841767,"Variance calibration","Odd M, odd Q"
-0.489189189189189,1.05815990245761,"Variance calibration","Odd M, odd Q"
-0.487387387387387,1.05781296232901,"Variance calibration","Odd M, odd Q"
-0.485585585585586,1.05746809483748,"Variance calibration","Odd M, odd Q"
-0.483783783783784,1.05712527710549,"Variance calibration","Odd M, odd Q"
-0.481981981981982,1.05678448656674,"Variance calibration","Odd M, odd Q"
-0.48018018018018,1.05644570096076,"Variance calibration","Odd M, odd Q"
-0.478378378378378,1.05610889832759,"Variance calibration","Odd M, odd Q"
-0.476576576576577,1.05577405700255,"Variance calibration","Odd M, odd Q"
-0.474774774774775,1.05544115561111,"Variance calibration","Odd M, odd Q"
-0.472972972972973,1.05511017306397,"Variance calibration","Odd M, odd Q"
-0.471171171171171,1.05478108855206,"Variance calibration","Odd M, odd Q"
-0.469369369369369,1.05445388154183,"Variance calibration","Odd M, odd Q"
-0.467567567567568,1.05412853177049,"Variance calibration","Odd M, odd Q"
-0.465765765765766,1.05380501924145,"Variance calibration","Odd M, odd Q"
-0.463963963963964,1.05348332421979,"Variance calibration","Odd M, odd Q"
-0.462162162162162,1.05316342722782,"Variance calibration","Odd M, odd Q"
-0.46036036036036,1.0528453090408,"Variance calibration","Odd M, odd Q"
-0.458558558558559,1.05252895068265,"Variance calibration","Odd M, odd Q"
-0.456756756756757,1.05221433342182,"Variance calibration","Odd M, odd Q"
-0.454954954954955,1.0519014387672,"Variance calibration","Odd M, odd Q"
-0.453153153153153,1.05159024846413,"Variance calibration","Odd M, odd Q"
-0.451351351351351,1.05128074449048,"Variance calibration","Odd M, odd Q"
-0.44954954954955,1.05097290905282,"Variance calibration","Odd M, odd Q"
-0.447747747747748,1.05066672458262,"Variance calibration","Odd M, odd Q"
-0.445945945945946,1.05036217373262,"Variance calibration","Odd M, odd Q"
-0.444144144144144,1.05005923937316,"Variance calibration","Odd M, odd Q"
-0.442342342342342,1.04975790458865,"Variance calibration","Odd M, odd Q"
-0.440540540540541,1.04945815267408,"Variance calibration","Odd M, odd Q"
-0.438738738738739,1.04915996713164,"Variance calibration","Odd M, odd Q"
-0.436936936936937,1.0488633316673,"Variance calibration","Odd M, odd Q"
-0.435135135135135,1.04856823018762,"Variance calibration","Odd M, odd Q"
-0.433333333333333,1.04827464679643,"Variance calibration","Odd M, odd Q"
-0.431531531531532,1.04798256579176,"Variance calibration","Odd M, odd Q"
-0.42972972972973,1.04769197166266,"Variance calibration","Odd M, odd Q"
-0.427927927927928,1.04740284908622,"Variance calibration","Odd M, odd Q"
-0.426126126126126,1.04711518292455,"Variance calibration","Odd M, odd Q"
-0.424324324324324,1.04682895822184,"Variance calibration","Odd M, odd Q"
-0.422522522522523,1.04654416020151,"Variance calibration","Odd M, odd Q"
-0.420720720720721,1.0462607742634,"Variance calibration","Odd M, odd Q"
-0.418918918918919,1.04597878598095,"Variance calibration","Odd M, odd Q"
-0.417117117117117,1.04569818109852,"Variance calibration","Odd M, odd Q"
-0.415315315315315,1.04541894552872,"Variance calibration","Odd M, odd Q"
-0.413513513513514,1.04514106534977,"Variance calibration","Odd M, odd Q"
-0.411711711711712,1.04486452680293,"Variance calibration","Odd M, odd Q"
-0.40990990990991,1.04458931629002,"Variance calibration","Odd M, odd Q"
-0.408108108108108,1.04431542037085,"Variance calibration","Odd M, odd Q"
-0.406306306306306,1.04404282576088,"Variance calibration","Odd M, odd Q"
-0.404504504504505,1.04377151932877,"Variance calibration","Odd M, odd Q"
-0.402702702702703,1.04350148809404,"Variance calibration","Odd M, odd Q"
-0.400900900900901,1.04323271922479,"Variance calibration","Odd M, odd Q"
-0.399099099099099,1.04296520003541,"Variance calibration","Odd M, odd Q"
-0.397297297297297,1.04269891798435,"Variance calibration","Odd M, odd Q"
-0.395495495495496,1.04243386067196,"Variance calibration","Odd M, odd Q"
-0.393693693693694,1.04217001583832,"Variance calibration","Odd M, odd Q"
-0.391891891891892,1.04190737136114,"Variance calibration","Odd M, odd Q"
-0.39009009009009,1.04164591525369,"Variance calibration","Odd M, odd Q"
-0.388288288288288,1.04138563566276,"Variance calibration","Odd M, odd Q"
-0.386486486486487,1.04112652086665,"Variance calibration","Odd M, odd Q"
-0.384684684684685,1.04086855927323,"Variance calibration","Odd M, odd Q"
-0.382882882882883,1.04061173941797,"Variance calibration","Odd M, odd Q"
-0.381081081081081,1.04035604996207,"Variance calibration","Odd M, odd Q"
-0.379279279279279,1.04010147969061,"Variance calibration","Odd M, odd Q"
-0.377477477477478,1.03984801751066,"Variance calibration","Odd M, odd Q"
-0.375675675675676,1.03959565244951,"Variance calibration","Odd M, odd Q"
-0.373873873873874,1.03934437365293,"Variance calibration","Odd M, odd Q"
-0.372072072072072,1.03909417038335,"Variance calibration","Odd M, odd Q"
-0.37027027027027,1.03884503201822,"Variance calibration","Odd M, odd Q"
-0.368468468468468,1.03859694804829,"Variance calibration","Odd M, odd Q"
-0.366666666666667,1.03834990807597,"Variance calibration","Odd M, odd Q"
-0.364864864864865,1.03810390181367,"Variance calibration","Odd M, odd Q"
-0.363063063063063,1.03785891908226,"Variance calibration","Odd M, odd Q"
-0.361261261261261,1.03761494980943,"Variance calibration","Odd M, odd Q"
-0.359459459459459,1.03737198402818,"Variance calibration","Odd M, odd Q"
-0.357657657657658,1.0371300118753,"Variance calibration","Odd M, odd Q"
-0.355855855855856,1.03688902358984,"Variance calibration","Odd M, odd Q"
-0.354054054054054,1.03664900951167,"Variance calibration","Odd M, odd Q"
-0.352252252252252,1.03640996008003,"Variance calibration","Odd M, odd Q"
-0.35045045045045,1.03617186583207,"Variance calibration","Odd M, odd Q"
-0.348648648648649,1.0359347174015,"Variance calibration","Odd M, odd Q"
-0.346846846846847,1.03569850551717,"Variance calibration","Odd M, odd Q"
-0.345045045045045,1.03546322100173,"Variance calibration","Odd M, odd Q"
-0.343243243243243,1.03522885477029,"Variance calibration","Odd M, odd Q"
-0.341441441441442,1.03499539782911,"Variance calibration","Odd M, odd Q"
-0.33963963963964,1.03476284127429,"Variance calibration","Odd M, odd Q"
-0.337837837837838,1.03453117629055,"Variance calibration","Odd M, odd Q"
-0.336036036036036,1.03430039414991,"Variance calibration","Odd M, odd Q"
-0.334234234234234,1.03407048621049,"Variance calibration","Odd M, odd Q"
-0.332432432432432,1.03384144391533,"Variance calibration","Odd M, odd Q"
-0.330630630630631,1.03361325879112,"Variance calibration","Odd M, odd Q"
-0.328828828828829,1.0333859224471,"Variance calibration","Odd M, odd Q"
-0.327027027027027,1.03315942657385,"Variance calibration","Odd M, odd Q"
-0.325225225225225,1.03293376294221,"Variance calibration","Odd M, odd Q"
-0.323423423423423,1.03270892340208,"Variance calibration","Odd M, odd Q"
-0.321621621621622,1.0324848998814,"Variance calibration","Odd M, odd Q"
-0.31981981981982,1.03226168438498,"Variance calibration","Odd M, odd Q"
-0.318018018018018,1.03203926899352,"Variance calibration","Odd M, odd Q"
-0.316216216216216,1.03181764586249,"Variance calibration","Odd M, odd Q"
-0.314414414414414,1.0315968072211,"Variance calibration","Odd M, odd Q"
-0.312612612612613,1.03137674537133,"Variance calibration","Odd M, odd Q"
-0.310810810810811,1.03115745268685,"Variance calibration","Odd M, odd Q"
-0.309009009009009,1.03093892161208,"Variance calibration","Odd M, odd Q"
-0.307207207207207,1.0307211446612,"Variance calibration","Odd M, odd Q"
-0.305405405405405,1.03050411441721,"Variance calibration","Odd M, odd Q"
-0.303603603603604,1.03028782353092,"Variance calibration","Odd M, odd Q"
-0.301801801801802,1.03007226472011,"Variance calibration","Odd M, odd Q"
-0.3,1.02985743076851,"Variance calibration","Odd M, odd Q"
-0.298198198198198,1.02964331452499,"Variance calibration","Odd M, odd Q"
-0.296396396396396,1.0294299089026,"Variance calibration","Odd M, odd Q"
-0.294594594594595,1.02921720687772,"Variance calibration","Odd M, odd Q"
-0.292792792792793,1.0290052014892,"Variance calibration","Odd M, odd Q"
-0.290990990990991,1.0287938858375,"Variance calibration","Odd M, odd Q"
-0.289189189189189,1.02858325308382,"Variance calibration","Odd M, odd Q"
-0.287387387387387,1.02837329644932,"Variance calibration","Odd M, odd Q"
-0.285585585585586,1.02816400921428,"Variance calibration","Odd M, odd Q"
-0.283783783783784,1.02795538471729,"Variance calibration","Odd M, odd Q"
-0.281981981981982,1.02774741635447,"Variance calibration","Odd M, odd Q"
-0.28018018018018,1.02754009757868,"Variance calibration","Odd M, odd Q"
-0.278378378378378,1.02733342189876,"Variance calibration","Odd M, odd Q"
-0.276576576576577,1.02712738287873,"Variance calibration","Odd M, odd Q"
-0.274774774774775,1.0269219741371,"Variance calibration","Odd M, odd Q"
-0.272972972972973,1.0267171893461,"Variance calibration","Odd M, odd Q"
-0.271171171171171,1.02651302223095,"Variance calibration","Odd M, odd Q"
-0.269369369369369,1.02630946656916,"Variance calibration","Odd M, odd Q"
-0.267567567567568,1.02610651618977,"Variance calibration","Odd M, odd Q"
-0.265765765765766,1.02590416497275,"Variance calibration","Odd M, odd Q"
-0.263963963963964,1.0257024068482,"Variance calibration","Odd M, odd Q"
-0.262162162162162,1.02550123579576,"Variance calibration","Odd M, odd Q"
-0.26036036036036,1.02530064584388,"Variance calibration","Odd M, odd Q"
-0.258558558558559,1.02510063106919,"Variance calibration","Odd M, odd Q"
-0.256756756756757,1.02490118559585,"Variance calibration","Odd M, odd Q"
-0.254954954954955,1.0247023035949,"Variance calibration","Odd M, odd Q"
-0.253153153153153,1.0245039792836,"Variance calibration","Odd M, odd Q"
-0.251351351351351,1.02430620692486,"Variance calibration","Odd M, odd Q"
-0.24954954954955,1.02410898082658,"Variance calibration","Odd M, odd Q"
-0.247747747747748,1.02391229534104,"Variance calibration","Odd M, odd Q"
-0.245945945945946,1.02371614486433,"Variance calibration","Odd M, odd Q"
-0.244144144144144,1.02352052383574,"Variance calibration","Odd M, odd Q"
-0.242342342342342,1.02332542673715,"Variance calibration","Odd M, odd Q"
-0.240540540540541,1.02313084809251,"Variance calibration","Odd M, odd Q"
-0.238738738738739,1.02293678246721,"Variance calibration","Odd M, odd Q"
-0.236936936936937,1.02274322446755,"Variance calibration","Odd M, odd Q"
-0.235135135135135,1.0225501687402,"Variance calibration","Odd M, odd Q"
-0.233333333333333,1.0223576099716,"Variance calibration","Odd M, odd Q"
-0.231531531531531,1.02216554288746,"Variance calibration","Odd M, odd Q"
-0.22972972972973,1.02197396225222,"Variance calibration","Odd M, odd Q"
-0.227927927927928,1.02178286286853,"Variance calibration","Odd M, odd Q"
-0.226126126126126,1.02159223957668,"Variance calibration","Odd M, odd Q"
-0.224324324324324,1.02140208725417,"Variance calibration","Odd M, odd Q"
-0.222522522522523,1.02121240081511,"Variance calibration","Odd M, odd Q"
-0.220720720720721,1.0210231752098,"Variance calibration","Odd M, odd Q"
-0.218918918918919,1.02083440542418,"Variance calibration","Odd M, odd Q"
-0.217117117117117,1.02064608647936,"Variance calibration","Odd M, odd Q"
-0.215315315315315,1.02045821343115,"Variance calibration","Odd M, odd Q"
-0.213513513513514,1.02027078136955,"Variance calibration","Odd M, odd Q"
-0.211711711711712,1.02008378541831,"Variance calibration","Odd M, odd Q"
-0.20990990990991,1.01989722073445,"Variance calibration","Odd M, odd Q"
-0.208108108108108,1.01971108250781,"Variance calibration","Odd M, odd Q"
-0.206306306306306,1.01952536596057,"Variance calibration","Odd M, odd Q"
-0.204504504504505,1.01934006634684,"Variance calibration","Odd M, odd Q"
-0.202702702702703,1.01915517895218,"Variance calibration","Odd M, odd Q"
-0.200900900900901,1.01897069909318,"Variance calibration","Odd M, odd Q"
-0.199099099099099,1.01878662211702,"Variance calibration","Odd M, odd Q"
-0.197297297297297,1.01860294340106,"Variance calibration","Odd M, odd Q"
-0.195495495495495,1.01841965835237,"Variance calibration","Odd M, odd Q"
-0.193693693693694,1.01823676240738,"Variance calibration","Odd M, odd Q"
-0.191891891891892,1.0180542510314,"Variance calibration","Odd M, odd Q"
-0.19009009009009,1.01787211971826,"Variance calibration","Odd M, odd Q"
-0.188288288288288,1.01769036398986,"Variance calibration","Odd M, odd Q"
-0.186486486486486,1.01750897939583,"Variance calibration","Odd M, odd Q"
-0.184684684684685,1.01732796151306,"Variance calibration","Odd M, odd Q"
-0.182882882882883,1.01714730594539,"Variance calibration","Odd M, odd Q"
-0.181081081081081,1.01696700832316,"Variance calibration","Odd M, odd Q"
-0.179279279279279,1.01678706430284,"Variance calibration","Odd M, odd Q"
-0.177477477477477,1.01660746956668,"Variance calibration","Odd M, odd Q"
-0.175675675675676,1.01642821982232,"Variance calibration","Odd M, odd Q"
-0.173873873873874,1.0162493108024,"Variance calibration","Odd M, odd Q"
-0.172072072072072,1.01607073826422,"Variance calibration","Odd M, odd Q"
-0.17027027027027,1.01589249798938,"Variance calibration","Odd M, odd Q"
-0.168468468468469,1.01571458578338,"Variance calibration","Odd M, odd Q"
-0.166666666666667,1.01553699747534,"Variance calibration","Odd M, odd Q"
-0.164864864864865,1.01535972891756,"Variance calibration","Odd M, odd Q"
-0.163063063063063,1.01518277598524,"Variance calibration","Odd M, odd Q"
-0.161261261261261,1.01500613457611,"Variance calibration","Odd M, odd Q"
-0.159459459459459,1.0148298006101,"Variance calibration","Odd M, odd Q"
-0.157657657657658,1.01465377002898,"Variance calibration","Odd M, odd Q"
-0.155855855855856,1.01447803879605,"Variance calibration","Odd M, odd Q"
-0.154054054054054,1.01430260289581,"Variance calibration","Odd M, odd Q"
-0.152252252252252,1.0141274583336,"Variance calibration","Odd M, odd Q"
-0.15045045045045,1.01395260113533,"Variance calibration","Odd M, odd Q"
-0.148648648648649,1.01377802734711,"Variance calibration","Odd M, odd Q"
-0.146846846846847,1.01360373303497,"Variance calibration","Odd M, odd Q"
-0.145045045045045,1.01342971428451,"Variance calibration","Odd M, odd Q"
-0.143243243243243,1.01325596720061,"Variance calibration","Odd M, odd Q"
-0.141441441441441,1.01308248790712,"Variance calibration","Odd M, odd Q"
-0.13963963963964,1.01290927254655,"Variance calibration","Odd M, odd Q"
-0.137837837837838,1.01273631727978,"Variance calibration","Odd M, odd Q"
-0.136036036036036,1.01256361828574,"Variance calibration","Odd M, odd Q"
-0.134234234234234,1.0123911717611,"Variance calibration","Odd M, odd Q"
-0.132432432432432,1.01221897392002,"Variance calibration","Odd M, odd Q"
-0.130630630630631,1.01204702099383,"Variance calibration","Odd M, odd Q"
-0.128828828828829,1.01187530923073,"Variance calibration","Odd M, odd Q"
-0.127027027027027,1.01170383489553,"Variance calibration","Odd M, odd Q"
-0.125225225225225,1.01153259426935,"Variance calibration","Odd M, odd Q"
-0.123423423423423,1.01136158364931,"Variance calibration","Odd M, odd Q"
-0.121621621621622,1.01119079934831,"Variance calibration","Odd M, odd Q"
-0.11981981981982,1.01102023769471,"Variance calibration","Odd M, odd Q"
-0.118018018018018,1.01084989503207,"Variance calibration","Odd M, odd Q"
-0.116216216216216,1.01067976771884,"Variance calibration","Odd M, odd Q"
-0.114414414414414,1.01050985212817,"Variance calibration","Odd M, odd Q"
-0.112612612612613,1.01034014464755,"Variance calibration","Odd M, odd Q"
-0.110810810810811,1.01017064167859,"Variance calibration","Odd M, odd Q"
-0.109009009009009,1.01000133963676,"Variance calibration","Odd M, odd Q"
-0.107207207207207,1.00983223495112,"Variance calibration","Odd M, odd Q"
-0.105405405405405,1.00966332406404,"Variance calibration","Odd M, odd Q"
-0.103603603603604,1.00949460343096,"Variance calibration","Odd M, odd Q"
-0.101801801801802,1.00932606952013,"Variance calibration","Odd M, odd Q"
-0.1,1.00915771881234,"Variance calibration","Odd M, odd Q"
-0.0981981981981982,1.00898954780071,"Variance calibration","Odd M, odd Q"
-0.0963963963963964,1.00882155299039,"Variance calibration","Odd M, odd Q"
-0.0945945945945946,1.0086537308983,"Variance calibration","Odd M, odd Q"
-0.0927927927927928,1.00848607805297,"Variance calibration","Odd M, odd Q"
-0.0909909909909909,1.00831859099417,"Variance calibration","Odd M, odd Q"
-0.0891891891891892,1.00815126627278,"Variance calibration","Odd M, odd Q"
-0.0873873873873874,1.00798410045045,"Variance calibration","Odd M, odd Q"
-0.0855855855855856,1.00781709009943,"Variance calibration","Odd M, odd Q"
-0.0837837837837838,1.00765023180229,"Variance calibration","Odd M, odd Q"
-0.081981981981982,1.00748352215169,"Variance calibration","Odd M, odd Q"
-0.0801801801801801,1.00731695775016,"Variance calibration","Odd M, odd Q"
-0.0783783783783784,1.00715053520983,"Variance calibration","Odd M, odd Q"
-0.0765765765765766,1.00698425115222,"Variance calibration","Odd M, odd Q"
-0.0747747747747748,1.00681810220799,"Variance calibration","Odd M, odd Q"
-0.072972972972973,1.00665208501674,"Variance calibration","Odd M, odd Q"
-0.0711711711711712,1.00648619622674,"Variance calibration","Odd M, odd Q"
-0.0693693693693693,1.00632043249472,"Variance calibration","Odd M, odd Q"
-0.0675675675675675,1.00615479048563,"Variance calibration","Odd M, odd Q"
-0.0657657657657658,1.00598926687242,"Variance calibration","Odd M, odd Q"
-0.063963963963964,1.00582385833584,"Variance calibration","Odd M, odd Q"
-0.0621621621621622,1.00565856156416,"Variance calibration","Odd M, odd Q"
-0.0603603603603604,1.00549337325298,"Variance calibration","Odd M, odd Q"
-0.0585585585585585,1.005328290105,"Variance calibration","Odd M, odd Q"
-0.0567567567567567,1.00516330882981,"Variance calibration","Odd M, odd Q"
-0.0549549549549549,1.00499842614364,"Variance calibration","Odd M, odd Q"
-0.0531531531531532,1.00483363876918,"Variance calibration","Odd M, odd Q"
-0.0513513513513514,1.0046689434353,"Variance calibration","Odd M, odd Q"
-0.0495495495495496,1.00450433687691,"Variance calibration","Odd M, odd Q"
-0.0477477477477477,1.00433981583467,"Variance calibration","Odd M, odd Q"
-0.0459459459459459,1.00417537705482,"Variance calibration","Odd M, odd Q"
-0.0441441441441441,1.00401101728894,"Variance calibration","Odd M, odd Q"
-0.0423423423423424,1.00384673329374,"Variance calibration","Odd M, odd Q"
-0.0405405405405406,1.00368252183086,"Variance calibration","Odd M, odd Q"
-0.0387387387387388,1.00351837966663,"Variance calibration","Odd M, odd Q"
-0.0369369369369369,1.00335430357186,"Variance calibration","Odd M, odd Q"
-0.0351351351351351,1.00319029032166,"Variance calibration","Odd M, odd Q"
-0.0333333333333333,1.00302633669519,"Variance calibration","Odd M, odd Q"
-0.0315315315315315,1.00286243947546,"Variance calibration","Odd M, odd Q"
-0.0297297297297298,1.00269859544913,"Variance calibration","Odd M, odd Q"
-0.027927927927928,1.00253480140628,"Variance calibration","Odd M, odd Q"
-0.0261261261261261,1.00237105414022,"Variance calibration","Odd M, odd Q"
-0.0243243243243243,1.00220735044726,"Variance calibration","Odd M, odd Q"
-0.0225225225225225,1.00204368712651,"Variance calibration","Odd M, odd Q"
-0.0207207207207207,1.00188006097969,"Variance calibration","Odd M, odd Q"
-0.0189189189189189,1.00171646881088,"Variance calibration","Odd M, odd Q"
-0.0171171171171172,1.00155290742633,"Variance calibration","Odd M, odd Q"
-0.0153153153153153,1.0013893736343,"Variance calibration","Odd M, odd Q"
-0.0135135135135135,1.00122586424475,"Variance calibration","Odd M, odd Q"
-0.0117117117117117,1.00106237606922,"Variance calibration","Odd M, odd Q"
-0.00990990990990992,1.00089890592061,"Variance calibration","Odd M, odd Q"
-0.00810810810810814,1.00073545061293,"Variance calibration","Odd M, odd Q"
-0.00630630630630635,1.00057200696112,"Variance calibration","Odd M, odd Q"
-0.00450450450450446,1.00040857178085,"Variance calibration","Odd M, odd Q"
-0.00270270270270268,1.00024514188831,"Variance calibration","Odd M, odd Q"
-0.000900900900900892,1.00008171409999,"Variance calibration","Odd M, odd Q"
0.000900900900900892,0.999918285232486,"Variance calibration","Odd M, odd Q"
0.00270270270270268,0.999754852102291,"Variance calibration","Odd M, odd Q"
0.00450450450450446,0.99959141152558,"Variance calibration","Odd M, odd Q"
0.00630630630630635,0.999427960318016,"Variance calibration","Odd M, odd Q"
0.00810810810810814,0.999264495294535,"Variance calibration","Odd M, odd Q"
0.00990990990990992,0.999101013269139,"Variance calibration","Odd M, odd Q"
0.0117117117117117,0.998937511054693,"Variance calibration","Odd M, odd Q"
0.0135135135135135,0.998773985462715,"Variance calibration","Odd M, odd Q"
0.0153153153153153,0.998610433303171,"Variance calibration","Odd M, odd Q"
0.0171171171171172,0.998446851384263,"Variance calibration","Odd M, odd Q"
0.0189189189189189,0.998283236512226,"Variance calibration","Odd M, odd Q"
0.0207207207207207,0.998119585491115,"Variance calibration","Odd M, odd Q"
0.0225225225225225,0.997955895122603,"Variance calibration","Odd M, odd Q"
0.0243243243243243,0.997792162205766,"Variance calibration","Odd M, odd Q"
0.0261261261261261,0.997628383536876,"Variance calibration","Odd M, odd Q"
0.0279279279279279,0.997464555909193,"Variance calibration","Odd M, odd Q"
0.0297297297297298,0.997300676112753,"Variance calibration","Odd M, odd Q"
0.0315315315315315,0.997136740934161,"Variance calibration","Odd M, odd Q"
0.0333333333333333,0.996972747156374,"Variance calibration","Odd M, odd Q"
0.0351351351351351,0.996808691558497,"Variance calibration","Odd M, odd Q"
0.0369369369369369,0.996644570915565,"Variance calibration","Odd M, odd Q"
0.0387387387387387,0.996480381998333,"Variance calibration","Odd M, odd Q"
0.0405405405405406,0.996316121573066,"Variance calibration","Odd M, odd Q"
0.0423423423423424,0.99615178640132,"Variance calibration","Odd M, odd Q"
0.0441441441441441,0.995987373239729,"Variance calibration","Odd M, odd Q"
0.0459459459459459,0.995822878839795,"Variance calibration","Odd M, odd Q"
0.0477477477477477,0.995658299947666,"Variance calibration","Odd M, odd Q"
0.0495495495495495,0.995493633303922,"Variance calibration","Odd M, odd Q"
0.0513513513513514,0.995328875643358,"Variance calibration","Odd M, odd Q"
0.0531531531531532,0.995164023694767,"Variance calibration","Odd M, odd Q"
0.0549549549549549,0.994999074180719,"Variance calibration","Odd M, odd Q"
0.0567567567567567,0.994834023817345,"Variance calibration","Odd M, odd Q"
0.0585585585585585,0.994668869314109,"Variance calibration","Odd M, odd Q"
0.0603603603603603,0.994503607373596,"Variance calibration","Odd M, odd Q"
0.0621621621621622,0.994338234691283,"Variance calibration","Odd M, odd Q"
0.063963963963964,0.994172747955317,"Variance calibration","Odd M, odd Q"
0.0657657657657658,0.994007143846292,"Variance calibration","Odd M, odd Q"
0.0675675675675675,0.993841419037023,"Variance calibration","Odd M, odd Q"
0.0693693693693693,0.993675570192316,"Variance calibration","Odd M, odd Q"
0.0711711711711711,0.993509593968748,"Variance calibration","Odd M, odd Q"
0.072972972972973,0.993343487014428,"Variance calibration","Odd M, odd Q"
0.0747747747747748,0.993177245968775,"Variance calibration","Odd M, odd Q"
0.0765765765765766,0.993010867462285,"Variance calibration","Odd M, odd Q"
0.0783783783783784,0.992844348116296,"Variance calibration","Odd M, odd Q"
0.0801801801801801,0.992677684542754,"Variance calibration","Odd M, odd Q"
0.0819819819819819,0.992510873343982,"Variance calibration","Odd M, odd Q"
0.0837837837837838,0.992343911112441,"Variance calibration","Odd M, odd Q"
0.0855855855855856,0.99217679443049,"Variance calibration","Odd M, odd Q"
0.0873873873873874,0.992009519870149,"Variance calibration","Odd M, odd Q"
0.0891891891891892,0.991842083992861,"Variance calibration","Odd M, odd Q"
0.0909909909909909,0.991674483349242,"Variance calibration","Odd M, odd Q"
0.0927927927927927,0.991506714478846,"Variance calibration","Odd M, odd Q"
0.0945945945945946,0.991338773909912,"Variance calibration","Odd M, odd Q"
0.0963963963963964,0.991170658159123,"Variance calibration","Odd M, odd Q"
0.0981981981981982,0.991002363731353,"Variance calibration","Odd M, odd Q"
0.1,0.99083388711942,"Variance calibration","Odd M, odd Q"
0.101801801801802,0.99066522480383,"Variance calibration","Odd M, odd Q"
0.103603603603604,0.990496373252528,"Variance calibration","Odd M, odd Q"
0.105405405405405,0.990327328920637,"Variance calibration","Odd M, odd Q"
0.107207207207207,0.990158088250207,"Variance calibration","Odd M, odd Q"
0.109009009009009,0.989988647669948,"Variance calibration","Odd M, odd Q"
0.110810810810811,0.989819003594975,"Variance calibration","Odd M, odd Q"
0.112612612612613,0.989649152426541,"Variance calibration","Odd M, odd Q"
0.114414414414414,0.989479090551775,"Variance calibration","Odd M, odd Q"
0.116216216216216,0.989308814343411,"Variance calibration","Odd M, odd Q"
0.118018018018018,0.98913832015952,"Variance calibration","Odd M, odd Q"
0.11981981981982,0.988967604343239,"Variance calibration","Odd M, odd Q"
0.121621621621622,0.988796663222498,"Variance calibration","Odd M, odd Q"
0.123423423423423,0.988625493109741,"Variance calibration","Odd M, odd Q"
0.125225225225225,0.988454090301652,"Variance calibration","Odd M, odd Q"
0.127027027027027,0.98828245107887,"Variance calibration","Odd M, odd Q"
0.128828828828829,0.988110571705709,"Variance calibration","Odd M, odd Q"
0.130630630630631,0.987938448429871,"Variance calibration","Odd M, odd Q"
0.132432432432433,0.98776607748216,"Variance calibration","Odd M, odd Q"
0.134234234234234,0.987593455076191,"Variance calibration","Odd M, odd Q"
0.136036036036036,0.987420577408093,"Variance calibration","Odd M, odd Q"
0.137837837837838,0.987247440656222,"Variance calibration","Odd M, odd Q"
0.13963963963964,0.987074040980856,"Variance calibration","Odd M, odd Q"
0.141441441441441,0.986900374523895,"Variance calibration","Odd M, odd Q"
0.143243243243243,0.98672643740856,"Variance calibration","Odd M, odd Q"
0.145045045045045,0.986552225739085,"Variance calibration","Odd M, odd Q"
0.146846846846847,0.986377735600407,"Variance calibration","Odd M, odd Q"
0.148648648648649,0.986202963057856,"Variance calibration","Odd M, odd Q"
0.15045045045045,0.986027904156837,"Variance calibration","Odd M, odd Q"
0.152252252252252,0.985852554922513,"Variance calibration","Odd M, odd Q"
0.154054054054054,0.985676911359486,"Variance calibration","Odd M, odd Q"
0.155855855855856,0.985500969451468,"Variance calibration","Odd M, odd Q"
0.157657657657658,0.985324725160958,"Variance calibration","Odd M, odd Q"
0.159459459459459,0.985148174428906,"Variance calibration","Odd M, odd Q"
0.161261261261261,0.984971313174385,"Variance calibration","Odd M, odd Q"
0.163063063063063,0.984794137294248,"Variance calibration","Odd M, odd Q"
0.164864864864865,0.984616642662788,"Variance calibration","Odd M, odd Q"
0.166666666666667,0.984438825131397,"Variance calibration","Odd M, odd Q"
0.168468468468468,0.984260680528215,"Variance calibration","Odd M, odd Q"
0.17027027027027,0.984082204657776,"Variance calibration","Odd M, odd Q"
0.172072072072072,0.983903393300658,"Variance calibration","Odd M, odd Q"
0.173873873873874,0.983724242213119,"Variance calibration","Odd M, odd Q"
0.175675675675676,0.983544747126738,"Variance calibration","Odd M, odd Q"
0.177477477477478,0.983364903748044,"Variance calibration","Odd M, odd Q"
0.179279279279279,0.983184707758148,"Variance calibration","Odd M, odd Q"
0.181081081081081,0.983004154812367,"Variance calibration","Odd M, odd Q"
0.182882882882883,0.982823240539846,"Variance calibration","Odd M, odd Q"
0.184684684684685,0.982641960543171,"Variance calibration","Odd M, odd Q"
0.186486486486486,0.982460310397988,"Variance calibration","Odd M, odd Q"
0.188288288288288,0.982278285652605,"Variance calibration","Odd M, odd Q"
0.19009009009009,0.9820958818276,"Variance calibration","Odd M, odd Q"
0.191891891891892,0.981913094415417,"Variance calibration","Odd M, odd Q"
0.193693693693694,0.981729918879964,"Variance calibration","Odd M, odd Q"
0.195495495495495,0.9815463506562,"Variance calibration","Odd M, odd Q"
0.197297297297297,0.981362385149723,"Variance calibration","Odd M, odd Q"
0.199099099099099,0.981178017736348,"Variance calibration","Odd M, odd Q"
0.200900900900901,0.980993243761685,"Variance calibration","Odd M, odd Q"
0.202702702702703,0.980808058540709,"Variance calibration","Odd M, odd Q"
0.204504504504505,0.980622457357322,"Variance calibration","Odd M, odd Q"
0.206306306306306,0.98043643546392,"Variance calibration","Odd M, odd Q"
0.208108108108108,0.980249988080944,"Variance calibration","Odd M, odd Q"
0.20990990990991,0.980063110396429,"Variance calibration","Odd M, odd Q"
0.211711711711712,0.979875797565552,"Variance calibration","Odd M, odd Q"
0.213513513513513,0.979688044710167,"Variance calibration","Odd M, odd Q"
0.215315315315315,0.979499846918343,"Variance calibration","Odd M, odd Q"
0.217117117117117,0.979311199243884,"Variance calibration","Odd M, odd Q"
0.218918918918919,0.979122096705859,"Variance calibration","Odd M, odd Q"
0.220720720720721,0.978932534288113,"Variance calibration","Odd M, odd Q"
0.222522522522523,0.978742506938777,"Variance calibration","Odd M, odd Q"
0.224324324324324,0.978552009569774,"Variance calibration","Odd M, odd Q"
0.226126126126126,0.978361037056312,"Variance calibration","Odd M, odd Q"
0.227927927927928,0.978169584236381,"Variance calibration","Odd M, odd Q"
0.22972972972973,0.977977645910232,"Variance calibration","Odd M, odd Q"
0.231531531531531,0.977785216839858,"Variance calibration","Odd M, odd Q"
0.233333333333333,0.977592291748463,"Variance calibration","Odd M, odd Q"
0.235135135135135,0.977398865319929,"Variance calibration","Odd M, odd Q"
0.236936936936937,0.977204932198274,"Variance calibration","Odd M, odd Q"
0.238738738738739,0.977010486987097,"Variance calibration","Odd M, odd Q"
0.240540540540541,0.976815524249028,"Variance calibration","Odd M, odd Q"
0.242342342342342,0.976620038505159,"Variance calibration","Odd M, odd Q"
0.244144144144144,0.976424024234476,"Variance calibration","Odd M, odd Q"
0.245945945945946,0.976227475873278,"Variance calibration","Odd M, odd Q"
0.247747747747748,0.97603038781459,"Variance calibration","Odd M, odd Q"
0.24954954954955,0.97583275440757,"Variance calibration","Odd M, odd Q"
0.251351351351351,0.975634569956905,"Variance calibration","Odd M, odd Q"
0.253153153153153,0.9754358287222,"Variance calibration","Odd M, odd Q"
0.254954954954955,0.975236524917362,"Variance calibration","Odd M, odd Q"
0.256756756756757,0.97503665270997,"Variance calibration","Odd M, odd Q"
0.258558558558558,0.974836206220637,"Variance calibration","Odd M, odd Q"
0.26036036036036,0.974635179522371,"Variance calibration","Odd M, odd Q"
0.262162162162162,0.974433566639917,"Variance calibration","Odd M, odd Q"
0.263963963963964,0.974231361549098,"Variance calibration","Odd M, odd Q"
0.265765765765766,0.974028558176137,"Variance calibration","Odd M, odd Q"
0.267567567567568,0.973825150396985,"Variance calibration","Odd M, odd Q"
0.269369369369369,0.973621132036623,"Variance calibration","Odd M, odd Q"
0.271171171171171,0.973416496868365,"Variance calibration","Odd M, odd Q"
0.272972972972973,0.973211238613147,"Variance calibration","Odd M, odd Q"
0.274774774774775,0.973005350938807,"Variance calibration","Odd M, odd Q"
0.276576576576577,0.972798827459356,"Variance calibration","Odd M, odd Q"
0.278378378378378,0.972591661734233,"Variance calibration","Odd M, odd Q"
0.28018018018018,0.97238384726756,"Variance calibration","Odd M, odd Q"
0.281981981981982,0.972175377507373,"Variance calibration","Odd M, odd Q"
0.283783783783784,0.971966245844855,"Variance calibration","Odd M, odd Q"
0.285585585585586,0.971756445613546,"Variance calibration","Odd M, odd Q"
0.287387387387387,0.971545970088552,"Variance calibration","Odd M, odd Q"
0.289189189189189,0.971334812485734,"Variance calibration","Odd M, odd Q"
0.290990990990991,0.971122965960892,"Variance calibration","Odd M, odd Q"
0.292792792792793,0.970910423608932,"Variance calibration","Odd M, odd Q"
0.294594594594595,0.970697178463022,"Variance calibration","Odd M, odd Q"
0.296396396396396,0.970483223493737,"Variance calibration","Odd M, odd Q"
0.298198198198198,0.97026855160819,"Variance calibration","Odd M, odd Q"
0.3,0.970053155649152,"Variance calibration","Odd M, odd Q"
0.301801801801802,0.969837028394156,"Variance calibration","Odd M, odd Q"
0.303603603603604,0.969620162554587,"Variance calibration","Odd M, odd Q"
0.305405405405406,0.969402550774764,"Variance calibration","Odd M, odd Q"
0.307207207207207,0.969184185631,"Variance calibration","Odd M, odd Q"
0.309009009009009,0.968965059630658,"Variance calibration","Odd M, odd Q"
0.310810810810811,0.968745165211179,"Variance calibration","Odd M, odd Q"
0.312612612612613,0.96852449473911,"Variance calibration","Odd M, odd Q"
0.314414414414414,0.968303040509105,"Variance calibration","Odd M, odd Q"
0.316216216216216,0.968080794742918,"Variance calibration","Odd M, odd Q"
0.318018018018018,0.967857749588377,"Variance calibration","Odd M, odd Q"
0.31981981981982,0.967633897118344,"Variance calibration","Odd M, odd Q"
0.321621621621622,0.967409229329658,"Variance calibration","Odd M, odd Q"
0.323423423423423,0.967183738142061,"Variance calibration","Odd M, odd Q"
0.325225225225225,0.966957415397108,"Variance calibration","Odd M, odd Q"
0.327027027027027,0.966730252857059,"Variance calibration","Odd M, odd Q"
0.328828828828829,0.966502242203756,"Variance calibration","Odd M, odd Q"
0.330630630630631,0.966273375037478,"Variance calibration","Odd M, odd Q"
0.332432432432432,0.966043642875784,"Variance calibration","Odd M, odd Q"
0.334234234234234,0.96581303715233,"Variance calibration","Odd M, odd Q"
0.336036036036036,0.965581549215673,"Variance calibration","Odd M, odd Q"
0.337837837837838,0.965349170328055,"Variance calibration","Odd M, odd Q"
0.33963963963964,0.965115891664163,"Variance calibration","Odd M, odd Q"
0.341441441441441,0.964881704309877,"Variance calibration","Odd M, odd Q"
0.343243243243243,0.96464659926099,"Variance calibration","Odd M, odd Q"
0.345045045045045,0.964410567421911,"Variance calibration","Odd M, odd Q"
0.346846846846847,0.964173599604348,"Variance calibration","Odd M, odd Q"
0.348648648648649,0.963935686525964,"Variance calibration","Odd M, odd Q"
0.350450450450451,0.96369681880902,"Variance calibration","Odd M, odd Q"
0.352252252252252,0.963456986978988,"Variance calibration","Odd M, odd Q"
0.354054054054054,0.963216181463141,"Variance calibration","Odd M, odd Q"
0.355855855855856,0.962974392589129,"Variance calibration","Odd M, odd Q"
0.357657657657658,0.962731610583517,"Variance calibration","Odd M, odd Q"
0.359459459459459,0.962487825570313,"Variance calibration","Odd M, odd Q"
0.361261261261261,0.962243027569461,"Variance calibration","Odd M, odd Q"
0.363063063063063,0.961997206495314,"Variance calibration","Odd M, odd Q"
0.364864864864865,0.96175035215508,"Variance calibration","Odd M, odd Q"
0.366666666666667,0.961502454247241,"Variance calibration","Odd M, odd Q"
0.368468468468468,0.961253502359945,"Variance calibration","Odd M, odd Q"
0.37027027027027,0.961003485969376,"Variance calibration","Odd M, odd Q"
0.372072072072072,0.960752394438087,"Variance calibration","Odd M, odd Q"
0.373873873873874,0.960500217013312,"Variance calibration","Odd M, odd Q"
0.375675675675676,0.960246942825247,"Variance calibration","Odd M, odd Q"
0.377477477477478,0.959992560885298,"Variance calibration","Odd M, odd Q"
0.379279279279279,0.959737060084307,"Variance calibration","Odd M, odd Q"
0.381081081081081,0.959480429190736,"Variance calibration","Odd M, odd Q"
0.382882882882883,0.95922265684883,"Variance calibration","Odd M, odd Q"
0.384684684684685,0.958963731576744,"Variance calibration","Odd M, odd Q"
0.386486486486486,0.958703641764632,"Variance calibration","Odd M, odd Q"
0.388288288288288,0.958442375672713,"Variance calibration","Odd M, odd Q"
0.39009009009009,0.958179921429295,"Variance calibration","Odd M, odd Q"
0.391891891891892,0.957916267028766,"Variance calibration","Odd M, odd Q"
0.393693693693694,0.957651400329551,"Variance calibration","Odd M, odd Q"
0.395495495495496,0.95738530905203,"Variance calibration","Odd M, odd Q"
0.397297297297297,0.957117980776427,"Variance calibration","Odd M, odd Q"
0.399099099099099,0.956849402940645,"Variance calibration","Odd M, odd Q"
0.400900900900901,0.956579562838081,"Variance calibration","Odd M, odd Q"
0.402702702702703,0.956308447615388,"Variance calibration","Odd M, odd Q"
0.404504504504504,0.956036044270206,"Variance calibration","Odd M, odd Q"
0.406306306306306,0.955762339648841,"Variance calibration","Odd M, odd Q"
0.408108108108108,0.955487320443915,"Variance calibration","Odd M, odd Q"
0.40990990990991,0.955210973191964,"Variance calibration","Odd M, odd Q"
0.411711711711712,0.954933284270995,"Variance calibration","Odd M, odd Q"
0.413513513513514,0.954654239897997,"Variance calibration","Odd M, odd Q"
0.415315315315315,0.95437382612641,"Variance calibration","Odd M, odd Q"
0.417117117117117,0.954092028843543,"Variance calibration","Odd M, odd Q"
0.418918918918919,0.953808833767945,"Variance calibration","Odd M, odd Q"
0.420720720720721,0.953524226446731,"Variance calibration","Odd M, odd Q"
0.422522522522523,0.953238192252854,"Variance calibration","Odd M, odd Q"
0.424324324324324,0.952950716382326,"Variance calibration","Odd M, odd Q"
0.426126126126126,0.952661783851392,"Variance calibration","Odd M, odd Q"
0.427927927927928,0.952371379493644,"Variance calibration","Odd M, odd Q"
0.42972972972973,0.952079487957086,"Variance calibration","Odd M, odd Q"
0.431531531531531,0.951786093701141,"Variance calibration","Odd M, odd Q"
0.433333333333333,0.951491180993603,"Variance calibration","Odd M, odd Q"
0.435135135135135,0.951194733907525,"Variance calibration","Odd M, odd Q"
0.436936936936937,0.950896736318061,"Variance calibration","Odd M, odd Q"
0.438738738738739,0.95059717189923,"Variance calibration","Odd M, odd Q"
0.440540540540541,0.950296024120632,"Variance calibration","Odd M, odd Q"
0.442342342342342,0.949993276244097,"Variance calibration","Odd M, odd Q"
0.444144144144144,0.949688911320261,"Variance calibration","Odd M, odd Q"
0.445945945945946,0.949382912185089,"Variance calibration","Odd M, odd Q"
0.447747747747748,0.949075261456322,"Variance calibration","Odd M, odd Q"
0.44954954954955,0.948765941529855,"Variance calibration","Odd M, odd Q"
0.451351351351351,0.948454934576048,"Variance calibration","Odd M, odd Q"
0.453153153153153,0.948142222535958,"Variance calibration","Odd M, odd Q"
0.454954954954955,0.947827787117507,"Variance calibration","Odd M, odd Q"
0.456756756756757,0.947511609791565,"Variance calibration","Odd M, odd Q"
0.458558558558559,0.947193671787958,"Variance calibration","Odd M, odd Q"
0.46036036036036,0.9468739540914,"Variance calibration","Odd M, odd Q"
0.462162162162162,0.946552437437338,"Variance calibration","Odd M, odd Q"
0.463963963963964,0.946229102307722,"Variance calibration","Odd M, odd Q"
0.465765765765766,0.94590392892668,"Variance calibration","Odd M, odd Q"
0.467567567567568,0.945576897256116,"Variance calibration","Odd M, odd Q"
0.469369369369369,0.945247986991211,"Variance calibration","Odd M, odd Q"
0.471171171171171,0.94491717755584,"Variance calibration","Odd M, odd Q"
0.472972972972973,0.944584448097888,"Variance calibration","Odd M, odd Q"
0.474774774774775,0.944249777484481,"Variance calibration","Odd M, odd Q"
0.476576576576576,0.943913144297107,"Variance calibration","Odd M, odd Q"
0.478378378378378,0.943574526826647,"Variance calibration","Odd M, odd Q"
0.48018018018018,0.943233903068302,"Variance calibration","Odd M, odd Q"
0.481981981981982,0.94289125071641,"Variance calibration","Odd M, odd Q"
0.483783783783784,0.942546547159162,"Variance calibration","Odd M, odd Q"
0.485585585585586,0.942199769473206,"Variance calibration","Odd M, odd Q"
0.487387387387387,0.941850894418138,"Variance calibration","Odd M, odd Q"
0.489189189189189,0.941499898430879,"Variance calibration","Odd M, odd Q"
0.490990990990991,0.941146757619934,"Variance calibration","Odd M, odd Q"
0.492792792792793,0.940791447759531,"Variance calibration","Odd M, odd Q"
0.494594594594595,0.940433944283637,"Variance calibration","Odd M, odd Q"
0.496396396396396,0.940074222279844,"Variance calibration","Odd M, odd Q"
0.498198198198198,0.93971225648313,"Variance calibration","Odd M, odd Q"
0.5,0.939348021269487,"Variance calibration","Odd M, odd Q"
0.501801801801802,0.938981490649409,"Variance calibration","Odd M, odd Q"
0.503603603603604,0.938612638261245,"Variance calibration","Odd M, odd Q"
0.505405405405405,0.938241437364411,"Variance calibration","Odd M, odd Q"
0.507207207207207,0.937867860832448,"Variance calibration","Odd M, odd Q"
0.509009009009009,0.93749188114594,"Variance calibration","Odd M, odd Q"
0.510810810810811,0.937113470385273,"Variance calibration","Odd M, odd Q"
0.512612612612613,0.936732600223239,"Variance calibration","Odd M, odd Q"
0.514414414414414,0.936349241917478,"Variance calibration","Odd M, odd Q"
0.516216216216216,0.935963366302758,"Variance calibration","Odd M, odd Q"
0.518018018018018,0.935574943783079,"Variance calibration","Odd M, odd Q"
0.51981981981982,0.935183944323616,"Variance calibration","Odd M, odd Q"
0.521621621621622,0.934790337442472,"Variance calibration","Odd M, odd Q"
0.523423423423424,0.934394092202257,"Variance calibration","Odd M, odd Q"
0.525225225225225,0.93399517720148,"Variance calibration","Odd M, odd Q"
0.527027027027027,0.933593560565745,"Variance calibration","Odd M, odd Q"
0.528828828828829,0.933189209938758,"Variance calibration","Odd M, odd Q"
0.530630630630631,0.932782092473128,"Variance calibration","Odd M, odd Q"
0.532432432432432,0.932372174820966,"Variance calibration","Odd M, odd Q"
0.534234234234234,0.931959423124271,"Variance calibration","Odd M, odd Q"
0.536036036036036,0.931543803005101,"Variance calibration","Odd M, odd Q"
0.537837837837838,0.931125279555522,"Variance calibration","Odd M, odd Q"
0.53963963963964,0.930703817327327,"Variance calibration","Odd M, odd Q"
0.541441441441441,0.930279380321529,"Variance calibration","Odd M, odd Q"
0.543243243243243,0.929851931977608,"Variance calibration","Odd M, odd Q"
0.545045045045045,0.929421435162516,"Variance calibration","Odd M, odd Q"
0.546846846846847,0.928987852159432,"Variance calibration","Odd M, odd Q"
0.548648648648649,0.928551144656256,"Variance calibration","Odd M, odd Q"
0.55045045045045,0.928111273733843,"Variance calibration","Odd M, odd Q"
0.552252252252252,0.92766819985396,"Variance calibration","Odd M, odd Q"
0.554054054054054,0.927221882846974,"Variance calibration","Odd M, odd Q"
0.555855855855856,0.926772281899248,"Variance calibration","Odd M, odd Q"
0.557657657657658,0.926319355540245,"Variance calibration","Odd M, odd Q"
0.559459459459459,0.925863061629333,"Variance calibration","Odd M, odd Q"
0.561261261261261,0.925403357342286,"Variance calibration","Odd M, odd Q"
0.563063063063063,0.924940199157467,"Variance calibration","Odd M, odd Q"
0.564864864864865,0.924473542841681,"Variance calibration","Odd M, odd Q"
0.566666666666667,0.92400334343571,"Variance calibration","Odd M, odd Q"
0.568468468468469,0.923529555239489,"Variance calibration","Odd M, odd Q"
0.57027027027027,0.923052131796951,"Variance calibration","Odd M, odd Q"
0.572072072072072,0.922571025880502,"Variance calibration","Odd M, odd Q"
0.573873873873874,0.922086189475125,"Variance calibration","Odd M, odd Q"
0.575675675675676,0.921597573762122,"Variance calibration","Odd M, odd Q"
0.577477477477477,0.92110512910245,"Variance calibration","Odd M, odd Q"
0.579279279279279,0.920608805019671,"Variance calibration","Odd M, odd Q"
0.581081081081081,0.920108550182493,"Variance calibration","Odd M, odd Q"
0.582882882882883,0.919604312386887,"Variance calibration","Odd M, odd Q"
0.584684684684685,0.919096038537777,"Variance calibration","Odd M, odd Q"
0.586486486486486,0.918583674630293,"Variance calibration","Odd M, odd Q"
0.588288288288288,0.918067165730566,"Variance calibration","Odd M, odd Q"
0.59009009009009,0.917546455956061,"Variance calibration","Odd M, odd Q"
0.591891891891892,0.917021488455429,"Variance calibration","Odd M, odd Q"
0.593693693693694,0.91649220538788,"Variance calibration","Odd M, odd Q"
0.595495495495496,0.915958547902042,"Variance calibration","Odd M, odd Q"
0.597297297297297,0.915420456114313,"Variance calibration","Odd M, odd Q"
0.599099099099099,0.914877869086676,"Variance calibration","Odd M, odd Q"
0.600900900900901,0.914330724803981,"Variance calibration","Odd M, odd Q"
0.602702702702703,0.91377896015066,"Variance calibration","Odd M, odd Q"
0.604504504504504,0.913222510886872,"Variance calibration","Odd M, odd Q"
0.606306306306306,0.912661311624067,"Variance calibration","Odd M, odd Q"
0.608108108108108,0.912095295799938,"Variance calibration","Odd M, odd Q"
0.60990990990991,0.911524395652756,"Variance calibration","Odd M, odd Q"
0.611711711711712,0.910948542195073,"Variance calibration","Odd M, odd Q"
0.613513513513514,0.91036766518677,"Variance calibration","Odd M, odd Q"
0.615315315315315,0.909781693107433,"Variance calibration","Odd M, odd Q"
0.617117117117117,0.909190553128043,"Variance calibration","Odd M, odd Q"
0.618918918918919,0.908594171081962,"Variance calibration","Odd M, odd Q"
0.620720720720721,0.907992471435186,"Variance calibration","Odd M, odd Q"
0.622522522522522,0.907385377255863,"Variance calibration","Odd M, odd Q"
0.624324324324324,0.906772810183039,"Variance calibration","Odd M, odd Q"
0.626126126126126,0.906154690394625,"Variance calibration","Odd M, odd Q"
0.627927927927928,0.905530936574551,"Variance calibration","Odd M, odd Q"
0.62972972972973,0.904901465879095,"Variance calibration","Odd M, odd Q"
0.631531531531532,0.904266193902369,"Variance calibration","Odd M, odd Q"
0.633333333333333,0.90362503464092,"Variance calibration","Odd M, odd Q"
0.635135135135135,0.902977900457443,"Variance calibration","Odd M, odd Q"
0.636936936936937,0.902324702043573,"Variance calibration","Odd M, odd Q"
0.638738738738739,0.901665348381727,"Variance calibration","Odd M, odd Q"
0.640540540540541,0.900999746705983,"Variance calibration","Odd M, odd Q"
0.642342342342342,0.900327802461957,"Variance calibration","Odd M, odd Q"
0.644144144144144,0.899649419265656,"Variance calibration","Odd M, odd Q"
0.645945945945946,0.898964498861283,"Variance calibration","Odd M, odd Q"
0.647747747747748,0.898272941077965,"Variance calibration","Odd M, odd Q"
0.649549549549549,0.897574643785364,"Variance calibration","Odd M, odd Q"
0.651351351351351,0.89686950284816,"Variance calibration","Odd M, odd Q"
0.653153153153153,0.896157412079353,"Variance calibration","Odd M, odd Q"
0.654954954954955,0.895438263192381,"Variance calibration","Odd M, odd Q"
0.656756756756757,0.894711945751988,"Variance calibration","Odd M, odd Q"
0.658558558558559,0.893978347123833,"Variance calibration","Odd M, odd Q"
0.66036036036036,0.893237352422806,"Variance calibration","Odd M, odd Q"
0.662162162162162,0.892488844459994,"Variance calibration","Odd M, odd Q"
0.663963963963964,0.891732703688286,"Variance calibration","Odd M, odd Q"
0.665765765765766,0.890968808146566,"Variance calibration","Odd M, odd Q"
0.667567567567568,0.890197033402458,"Variance calibration","Odd M, odd Q"
0.669369369369369,0.889417252493588,"Variance calibration","Odd M, odd Q"
0.671171171171171,0.888629335867319,"Variance calibration","Odd M, odd Q"
0.672972972972973,0.887833151318917,"Variance calibration","Odd M, odd Q"
0.674774774774775,0.88702856392811,"Variance calibration","Odd M, odd Q"
0.676576576576577,0.886215435993993,"Variance calibration","Odd M, odd Q"
0.678378378378378,0.885393626968234,"Variance calibration","Odd M, odd Q"
0.68018018018018,0.884562993386539,"Variance calibration","Odd M, odd Q"
0.681981981981982,0.883723388798325,"Variance calibration","Odd M, odd Q"
0.683783783783784,0.882874663694553,"Variance calibration","Odd M, odd Q"
0.685585585585586,0.882016665433673,"Variance calibration","Odd M, odd Q"
0.687387387387387,0.881149238165632,"Variance calibration","Odd M, odd Q"
0.689189189189189,0.88027222275388,"Variance calibration","Odd M, odd Q"
0.690990990990991,0.879385456695345,"Variance calibration","Odd M, odd Q"
0.692792792792793,0.878488774038295,"Variance calibration","Odd M, odd Q"
0.694594594594594,0.877582005298042,"Variance calibration","Odd M, odd Q"
0.696396396396396,0.87666497737044,"Variance calibration","Odd M, odd Q"
0.698198198198198,0.875737513443093,"Variance calibration","Odd M, odd Q"
0.7,0.874799432904239,"Variance calibration","Odd M, odd Q"
0.701801801801802,0.873850551249219,"Variance calibration","Odd M, odd Q"
0.703603603603604,0.872890679984493,"Variance calibration","Odd M, odd Q"
0.705405405405405,0.87191962652912,"Variance calibration","Odd M, odd Q"
0.707207207207207,0.87093719411363,"Variance calibration","Odd M, odd Q"
0.709009009009009,0.86994318167624,"Variance calibration","Odd M, odd Q"
0.710810810810811,0.868937383756316,"Variance calibration","Odd M, odd Q"
0.712612612612613,0.867919590385021,"Variance calibration","Odd M, odd Q"
0.714414414414414,0.866889586973078,"Variance calibration","Odd M, odd Q"
0.716216216216216,0.865847154195553,"Variance calibration","Odd M, odd Q"
0.718018018018018,0.864792067873597,"Variance calibration","Odd M, odd Q"
0.71981981981982,0.863724098853047,"Variance calibration","Odd M, odd Q"
0.721621621621622,0.862643012879822,"Variance calibration","Odd M, odd Q"
0.723423423423423,0.861548570472008,"Variance calibration","Odd M, odd Q"
0.725225225225225,0.860440526788553,"Variance calibration","Odd M, odd Q"
0.727027027027027,0.859318631494485,"Variance calibration","Odd M, odd Q"
0.728828828828829,0.858182628622546,"Variance calibration","Odd M, odd Q"
0.730630630630631,0.857032256431164,"Variance calibration","Odd M, odd Q"
0.732432432432432,0.855867247258647,"Variance calibration","Odd M, odd Q"
0.734234234234234,0.854687327373511,"Variance calibration","Odd M, odd Q"
0.736036036036036,0.85349221682083,"Variance calibration","Odd M, odd Q"
0.737837837837838,0.852281629264506,"Variance calibration","Odd M, odd Q"
0.73963963963964,0.851055271825352,"Variance calibration","Odd M, odd Q"
0.741441441441442,0.849812844914867,"Variance calibration","Odd M, odd Q"
0.743243243243243,0.848554042064601,"Variance calibration","Odd M, odd Q"
0.745045045045045,0.847278549750976,"Variance calibration","Odd M, odd Q"
0.746846846846847,0.84598604721546,"Variance calibration","Odd M, odd Q"
0.748648648648649,0.844676206279957,"Variance calibration","Odd M, odd Q"
0.75045045045045,0.843348691157286,"Variance calibration","Odd M, odd Q"
0.752252252252252,0.842003158256631,"Variance calibration","Odd M, odd Q"
0.754054054054054,0.840639255983809,"Variance calibration","Odd M, odd Q"
0.755855855855856,0.839256624536236,"Variance calibration","Odd M, odd Q"
0.757657657657658,0.837854895692438,"Variance calibration","Odd M, odd Q"
0.759459459459459,0.836433692595969,"Variance calibration","Odd M, odd Q"
0.761261261261261,0.834992629533584,"Variance calibration","Odd M, odd Q"
0.763063063063063,0.833531311707519,"Variance calibration","Odd M, odd Q"
0.764864864864865,0.832049335001718,"Variance calibration","Odd M, odd Q"
0.766666666666667,0.830546285741844,"Variance calibration","Odd M, odd Q"
0.768468468468469,0.829021740448923,"Variance calibration","Odd M, odd Q"
0.77027027027027,0.827475265586436,"Variance calibration","Odd M, odd Q"
0.772072072072072,0.825906417300699,"Variance calibration","Odd M, odd Q"
0.773873873873874,0.824314741154344,"Variance calibration","Odd M, odd Q"
0.775675675675676,0.822699771852736,"Variance calibration","Odd M, odd Q"
0.777477477477477,0.821061032963113,"Variance calibration","Odd M, odd Q"
0.779279279279279,0.819398036626291,"Variance calibration","Odd M, odd Q"
0.781081081081081,0.817710283260708,"Variance calibration","Odd M, odd Q"
0.782882882882883,0.81599726125863,"Variance calibration","Odd M, odd Q"
0.784684684684685,0.814258446674298,"Variance calibration","Odd M, odd Q"
0.786486486486487,0.812493302903818,"Variance calibration","Odd M, odd Q"
0.788288288288288,0.810701280356564,"Variance calibration","Odd M, odd Q"
0.79009009009009,0.808881816117888,"Variance calibration","Odd M, odd Q"
0.791891891891892,0.807034333602897,"Variance calibration","Odd M, odd Q"
0.793693693693694,0.805158242201079,"Variance calibration","Odd M, odd Q"
0.795495495495495,0.803252936911523,"Variance calibration","Odd M, odd Q"
0.797297297297297,0.801317797968509,"Variance calibration","Odd M, odd Q"
0.799099099099099,0.799352190457196,"Variance calibration","Odd M, odd Q"
0.800900900900901,0.797355463919176,"Variance calibration","Odd M, odd Q"
0.802702702702703,0.795326951947613,"Variance calibration","Odd M, odd Q"
0.804504504504505,0.79326597177171,"Variance calibration","Odd M, odd Q"
0.806306306306306,0.791171823830223,"Variance calibration","Odd M, odd Q"
0.808108108108108,0.789043791333747,"Variance calibration","Odd M, odd Q"
0.80990990990991,0.786881139815477,"Variance calibration","Odd M, odd Q"
0.811711711711712,0.784683116670164,"Variance calibration","Odd M, odd Q"
0.813513513513514,0.782448950680944,"Variance calibration","Odd M, odd Q"
0.815315315315315,0.780177851533754,"Variance calibration","Odd M, odd Q"
0.817117117117117,0.777869009318998,"Variance calibration","Odd M, odd Q"
0.818918918918919,0.775521594020156,"Variance calibration","Odd M, odd Q"
0.820720720720721,0.773134754988998,"Variance calibration","Odd M, odd Q"
0.822522522522522,0.770707620407064,"Variance calibration","Odd M, odd Q"
0.824324324324324,0.768239296733069,"Variance calibration","Odd M, odd Q"
0.826126126126126,0.765728868135874,"Variance calibration","Odd M, odd Q"
0.827927927927928,0.76317539591267,"Variance calibration","Odd M, odd Q"
0.82972972972973,0.760577917891997,"Variance calibration","Odd M, odd Q"
0.831531531531532,0.757935447821225,"Variance calibration","Odd M, odd Q"
0.833333333333333,0.755246974738113,"Variance calibration","Odd M, odd Q"
0.835135135135135,0.752511462326052,"Variance calibration","Odd M, odd Q"
0.836936936936937,0.749727848252595,"Variance calibration","Odd M, odd Q"
0.838738738738739,0.74689504349085,"Variance calibration","Odd M, odd Q"
0.840540540540541,0.744011931623339,"Variance calibration","Odd M, odd Q"
0.842342342342342,0.741077368127887,"Variance calibration","Odd M, odd Q"
0.844144144144144,0.738090179645101,"Variance calibration","Odd M, odd Q"
0.845945945945946,0.735049163227014,"Variance calibration","Odd M, odd Q"
0.847747747747748,0.731953085566431,"Variance calibration","Odd M, odd Q"
0.84954954954955,0.72880068220653,"Variance calibration","Odd M, odd Q"
0.851351351351351,0.725590656730241,"Variance calibration","Odd M, odd Q"
0.853153153153153,0.722321679928948,"Variance calibration","Odd M, odd Q"
0.854954954954955,0.718992388950027,"Variance calibration","Odd M, odd Q"
0.856756756756757,0.715601386422731,"Variance calibration","Odd M, odd Q"
0.858558558558559,0.712147239561945,"Variance calibration","Odd M, odd Q"
0.86036036036036,0.708628479249305,"Variance calibration","Odd M, odd Q"
0.862162162162162,0.705043599091183,"Variance calibration","Odd M, odd Q"
0.863963963963964,0.701391054453032,"Variance calibration","Odd M, odd Q"
0.865765765765766,0.697669261469601,"Variance calibration","Odd M, odd Q"
0.867567567567567,0.693876596030481,"Variance calibration","Odd M, odd Q"
0.869369369369369,0.690011392740508,"Variance calibration","Odd M, odd Q"
0.871171171171171,0.686071943854489,"Variance calibration","Odd M, odd Q"
0.872972972972973,0.682056498185766,"Variance calibration","Odd M, odd Q"
0.874774774774775,0.677963259988112,"Variance calibration","Odd M, odd Q"
0.876576576576577,0.673790387810468,"Variance calibration","Odd M, odd Q"
0.878378378378378,0.669535993324053,"Variance calibration","Odd M, odd Q"
0.88018018018018,0.665198140121371,"Variance calibration","Odd M, odd Q"
0.881981981981982,0.660774842486677,"Variance calibration","Odd M, odd Q"
0.883783783783784,0.656264064137488,"Variance calibration","Odd M, odd Q"
0.885585585585586,0.651663716936735,"Variance calibration","Odd M, odd Q"
0.887387387387387,0.646971659575209,"Variance calibration","Odd M, odd Q"
0.889189189189189,0.642185696223994,"Variance calibration","Odd M, odd Q"
0.890990990990991,0.637303575156623,"Variance calibration","Odd M, odd Q"
0.892792792792793,0.632322987340771,"Variance calibration","Odd M, odd Q"
0.894594594594595,0.627241564999364,"Variance calibration","Odd M, odd Q"
0.896396396396396,0.622056880141089,"Variance calibration","Odd M, odd Q"
0.898198198198198,0.616766443060389,"Variance calibration","Odd M, odd Q"
0.9,0.611367700807164,"Variance calibration","Odd M, odd Q"
-0.9,0.915035353382557,"Gaussian Bartlett refinement","Odd M, odd Q"
-0.898198198198198,0.915384497556937,"Gaussian Bartlett refinement","Odd M, odd Q"
-0.896396396396396,0.915717238459621,"Gaussian Bartlett refinement","Odd M, odd Q"
-0.894594594594595,0.916034617174978,"Gaussian Bartlett refinement","Odd M, odd Q"
-0.892792792792793,0.91633759516008,"Gaussian Bartlett refinement","Odd M, odd Q"
-0.890990990990991,0.916627061280318,"Gaussian Bartlett refinement","Odd M, odd Q"
-0.889189189189189,0.916903838142798,"Gaussian Bartlett refinement","Odd M, odd Q"
-0.887387387387387,0.917168687805524,"Gaussian Bartlett refinement","Odd M, odd Q"
-0.885585585585586,0.917422316930829,"Gaussian Bartlett refinement","Odd M, odd Q"
-0.883783783783784,0.917665381443225,"Gaussian Bartlett refinement","Odd M, odd Q"
-0.881981981981982,0.917898490744694,"Gaussian Bartlett refinement","Odd M, odd Q"
-0.88018018018018,0.918122211534179,"Gaussian Bartlett refinement","Odd M, odd Q"
-0.878378378378378,0.91833707127261,"Gaussian Bartlett refinement","Odd M, odd Q"
-0.876576576576577,0.918543561330053,"Gaussian Bartlett refinement","Odd M, odd Q"
-0.874774774774775,0.918742139847406,"Gaussian Bartlett refinement","Odd M, odd Q"
-0.872972972972973,0.91893323434146,"Gaussian Bartlett refinement","Odd M, odd Q"
-0.871171171171171,0.919117244078896,"Gaussian Bartlett refinement","Odd M, odd Q"
-0.869369369369369,0.919294542242054,"Gaussian Bartlett refinement","Odd M, odd Q"
-0.867567567567568,0.919465477906769,"Gaussian Bartlett refinement","Odd M, odd Q"
-0.865765765765766,0.919630377850437,"Gaussian Bartlett refinement","Odd M, odd Q"
-0.863963963963964,0.919789548206528,"Gaussian Bartlett refinement","Odd M, odd Q"
-0.862162162162162,0.919943275980066,"Gaussian Bartlett refinement","Odd M, odd Q"
-0.86036036036036,0.920091830437088,"Gaussian Bartlett refinement","Odd M, odd Q"
-0.858558558558559,0.920235464379747,"Gaussian Bartlett refinement","Odd M, odd Q"
-0.856756756756757,0.920374415317554,"Gaussian Bartlett refinement","Odd M, odd Q"
-0.854954954954955,0.920508906544181,"Gaussian Bartlett refinement","Odd M, odd Q"
-0.853153153153153,0.920639148128317,"Gaussian Bartlett refinement","Odd M, odd Q"
-0.851351351351351,0.920765337826214,"Gaussian Bartlett refinement","Odd M, odd Q"
-0.84954954954955,0.920887661922842,"Gaussian Bartlett refinement","Odd M, odd Q"
-0.847747747747748,0.921006296007867,"Gaussian Bartlett refinement","Odd M, odd Q"
-0.845945945945946,0.921121405692094,"Gaussian Bartlett refinement","Odd M, odd Q"
-0.844144144144144,0.921233147269471,"Gaussian Bartlett refinement","Odd M, odd Q"
-0.842342342342342,0.921341668329267,"Gaussian Bartlett refinement","Odd M, odd Q"
-0.840540540540541,0.921447108322618,"Gaussian Bartlett refinement","Odd M, odd Q"
-0.838738738738739,0.921549599087226,"Gaussian Bartlett refinement","Odd M, odd Q"
-0.836936936936937,0.921649265333679,"Gaussian Bartlett refinement","Odd M, odd Q"
-0.835135135135135,0.921746225096512,"Gaussian Bartlett refinement","Odd M, odd Q"
-0.833333333333333,0.921840590152869,"Gaussian Bartlett refinement","Odd M, odd Q"
-0.831531531531532,0.921932466411372,"Gaussian Bartlett refinement","Odd M, odd Q"
-0.82972972972973,0.92202195427356,"Gaussian Bartlett refinement","Odd M, odd Q"
-0.827927927927928,0.922109148970054,"Gaussian Bartlett refinement","Odd M, odd Q"
-0.826126126126126,0.922194140873435,"Gaussian Bartlett refinement","Odd M, odd Q"
-0.824324324324324,0.922277015789628,"Gaussian Bartlett refinement","Odd M, odd Q"
-0.822522522522523,0.922357855229445,"Gaussian Bartlett refinement","Odd M, odd Q"
-0.820720720720721,0.922436736661799,"Gaussian Bartlett refinement","Odd M, odd Q"
-0.818918918918919,0.922513733749966,"Gaussian Bartlett refinement","Odd M, odd Q"
-0.817117117117117,0.922588916572167,"Gaussian Bartlett refinement","Odd M, odd Q"
-0.815315315315315,0.922662351827632,"Gaussian Bartlett refinement","Odd M, odd Q"
-0.813513513513514,0.922734103029211,"Gaussian Bartlett refinement","Odd M, odd Q"
-0.811711711711712,0.92280423068352,"Gaussian Bartlett refinement","Odd M, odd Q"
-0.80990990990991,0.922872792459514,"Gaussian Bartlett refinement","Odd M, odd Q"
-0.808108108108108,0.922939843346322,"Gaussian Bartlett refinement","Odd M, odd Q"
-0.806306306306306,0.92300543580111,"Gaussian Bartlett refinement","Odd M, odd Q"
-0.804504504504505,0.923069619887672,"Gaussian Bartlett refinement","Odd M, odd Q"
-0.802702702702703,0.923132443406398,"Gaussian Bartlett refinement","Odd M, odd Q"
-0.800900900900901,0.923193952016222,"Gaussian Bartlett refinement","Odd M, odd Q"
-0.799099099099099,0.923254189349097,"Gaussian Bartlett refinement","Odd M, odd Q"
-0.797297297297297,0.923313197117509,"Gaussian Bartlett refinement","Odd M, odd Q"
-0.795495495495495,0.923371015215514,"Gaussian Bartlett refinement","Odd M, odd Q"
-0.793693693693694,0.923427681813705,"Gaussian Bartlett refinement","Odd M, odd Q"
-0.791891891891892,0.923483233448556,"Gaussian Bartlett refinement","Odd M, odd Q"
-0.79009009009009,0.923537705106471,"Gaussian Bartlett refinement","Odd M, odd Q"
-0.788288288288288,0.923591130302927,"Gaussian Bartlett refinement","Odd M, odd Q"
-0.786486486486486,0.923643541157,"Gaussian Bartlett refinement","Odd M, odd Q"
-0.784684684684685,0.923694968461592,"Gaussian Bartlett refinement","Odd M, odd Q"
-0.782882882882883,0.923745441749632,"Gaussian Bartlett refinement","Odd M, odd Q"
-0.781081081081081,0.923794989356501,"Gaussian Bartlett refinement","Odd M, odd Q"
-0.779279279279279,0.923843638478928,"Gaussian Bartlett refinement","Odd M, odd Q"
-0.777477477477478,0.923891415230582,"Gaussian Bartlett refinement","Odd M, odd Q"
-0.775675675675676,0.923938344694555,"Gaussian Bartlett refinement","Odd M, odd Q"
-0.773873873873874,0.923984450972939,"Gaussian Bartlett refinement","Odd M, odd Q"
-0.772072072072072,0.92402975723368,"Gaussian Bartlett refinement","Odd M, odd Q"
-0.77027027027027,0.924074285754855,"Gaussian Bartlett refinement","Odd M, odd Q"
-0.768468468468469,0.92411805796656,"Gaussian Bartlett refinement","Odd M, odd Q"
-0.766666666666667,0.924161094490526,"Gaussian Bartlett refinement","Odd M, odd Q"
-0.764864864864865,0.924203415177614,"Gaussian Bartlett refinement","Odd M, odd Q"
-0.763063063063063,0.924245039143313,"Gaussian Bartlett refinement","Odd M, odd Q"
-0.761261261261261,0.924285984801357,"Gaussian Bartlett refinement","Odd M, odd Q"
-0.759459459459459,0.924326269895576,"Gaussian Bartlett refinement","Odd M, odd Q"
-0.757657657657658,0.924365911530077,"Gaussian Bartlett refinement","Odd M, odd Q"
-0.755855855855856,0.924404926197866,"Gaussian Bartlett refinement","Odd M, odd Q"
-0.754054054054054,0.924443329807977,"Gaussian Bartlett refinement","Odd M, odd Q"
-0.752252252252252,0.924481137711233,"Gaussian Bartlett refinement","Odd M, odd Q"
-0.75045045045045,0.924518364724663,"Gaussian Bartlett refinement","Odd M, odd Q"
-0.748648648648649,0.924555025154713,"Gaussian Bartlett refinement","Odd M, odd Q"
-0.746846846846847,0.924591132819263,"Gaussian Bartlett refinement","Odd M, odd Q"
-0.745045045045045,0.924626701068553,"Gaussian Bartlett refinement","Odd M, odd Q"
-0.743243243243243,0.924661742805072,"Gaussian Bartlett refinement","Odd M, odd Q"
-0.741441441441441,0.92469627050245,"Gaussian Bartlett refinement","Odd M, odd Q"
-0.73963963963964,0.924730296223432,"Gaussian Bartlett refinement","Odd M, odd Q"
-0.737837837837838,0.924763831636974,"Gaussian Bartlett refinement","Odd M, odd Q"
-0.736036036036036,0.924796888034498,"Gaussian Bartlett refinement","Odd M, odd Q"
-0.734234234234234,0.924829476345375,"Gaussian Bartlett refinement","Odd M, odd Q"
-0.732432432432433,0.924861607151656,"Gaussian Bartlett refinement","Odd M, odd Q"
-0.730630630630631,0.924893290702103,"Gaussian Bartlett refinement","Odd M, odd Q"
-0.728828828828829,0.924924536925556,"Gaussian Bartlett refinement","Odd M, odd Q"
-0.727027027027027,0.924955355443668,"Gaussian Bartlett refinement","Odd M, odd Q"
-0.725225225225225,0.924985755583041,"Gaussian Bartlett refinement","Odd M, odd Q"
-0.723423423423423,0.925015746386803,"Gaussian Bartlett refinement","Odd M, odd Q"
-0.721621621621622,0.925045336625642,"Gaussian Bartlett refinement","Odd M, odd Q"
-0.71981981981982,0.925074534808334,"Gaussian Bartlett refinement","Odd M, odd Q"
-0.718018018018018,0.925103349191793,"Gaussian Bartlett refinement","Odd M, odd Q"
-0.716216216216216,0.925131787790657,"Gaussian Bartlett refinement","Odd M, odd Q"
-0.714414414414414,0.925159858386447,"Gaussian Bartlett refinement","Odd M, odd Q"
-0.712612612612613,0.925187568536309,"Gaussian Bartlett refinement","Odd M, odd Q"
-0.710810810810811,0.925214925581366,"Gaussian Bartlett refinement","Odd M, odd Q"
-0.709009009009009,0.925241936654707,"Gaussian Bartlett refinement","Odd M, odd Q"
-0.707207207207207,0.925268608689008,"Gaussian Bartlett refinement","Odd M, odd Q"
-0.705405405405405,0.925294948423833,"Gaussian Bartlett refinement","Odd M, odd Q"
-0.703603603603604,0.925320962412608,"Gaussian Bartlett refinement","Odd M, odd Q"
-0.701801801801802,0.925346657029293,"Gaussian Bartlett refinement","Odd M, odd Q"
-0.7,0.925372038474774,"Gaussian Bartlett refinement","Odd M, odd Q"
-0.698198198198198,0.92539711278297,"Gaussian Bartlett refinement","Odd M, odd Q"
-0.696396396396396,0.925421885826684,"Gaussian Bartlett refinement","Odd M, odd Q"
-0.694594594594595,0.925446363323214,"Gaussian Bartlett refinement","Odd M, odd Q"
-0.692792792792793,0.925470550839715,"Gaussian Bartlett refinement","Odd M, odd Q"
-0.690990990990991,0.925494453798347,"Gaussian Bartlett refinement","Odd M, odd Q"
-0.689189189189189,0.925518077481201,"Gaussian Bartlett refinement","Odd M, odd Q"
-0.687387387387387,0.925541427035029,"Gaussian Bartlett refinement","Odd M, odd Q"
-0.685585585585586,0.925564507475776,"Gaussian Bartlett refinement","Odd M, odd Q"
-0.683783783783784,0.925587323692925,"Gaussian Bartlett refinement","Odd M, odd Q"
-0.681981981981982,0.92560988045367,"Gaussian Bartlett refinement","Odd M, odd Q"
-0.68018018018018,0.925632182406919,"Gaussian Bartlett refinement","Odd M, odd Q"
-0.678378378378378,0.925654234087134,"Gaussian Bartlett refinement","Odd M, odd Q"
-0.676576576576577,0.925676039918027,"Gaussian Bartlett refinement","Odd M, odd Q"
-0.674774774774775,0.925697604216096,"Gaussian Bartlett refinement","Odd M, odd Q"
-0.672972972972973,0.925718931194033,"Gaussian Bartlett refinement","Odd M, odd Q"
-0.671171171171171,0.925740024964001,"Gaussian Bartlett refinement","Odd M, odd Q"
-0.669369369369369,0.925760889540766,"Gaussian Bartlett refinement","Odd M, odd Q"
-0.667567567567568,0.925781528844733,"Gaussian Bartlett refinement","Odd M, odd Q"
-0.665765765765766,0.925801946704848,"Gaussian Bartlett refinement","Odd M, odd Q"
-0.663963963963964,0.925822146861392,"Gaussian Bartlett refinement","Odd M, odd Q"
-0.662162162162162,0.92584213296868,"Gaussian Bartlett refinement","Odd M, odd Q"
-0.66036036036036,0.925861908597643,"Gaussian Bartlett refinement","Odd M, odd Q"
-0.658558558558559,0.925881477238325,"Gaussian Bartlett refinement","Odd M, odd Q"
-0.656756756756757,0.925900842302286,"Gaussian Bartlett refinement","Odd M, odd Q"
-0.654954954954955,0.925920007124909,"Gaussian Bartlett refinement","Odd M, odd Q"
-0.653153153153153,0.925938974967632,"Gaussian Bartlett refinement","Odd M, odd Q"
-0.651351351351351,0.925957749020093,"Gaussian Bartlett refinement","Odd M, odd Q"
-0.64954954954955,0.9259763324022,"Gaussian Bartlett refinement","Odd M, odd Q"
-0.647747747747748,0.925994728166125,"Gaussian Bartlett refinement","Odd M, odd Q"
-0.645945945945946,0.926012939298228,"Gaussian Bartlett refinement","Odd M, odd Q"
-0.644144144144144,0.926030968720912,"Gaussian Bartlett refinement","Odd M, odd Q"
-0.642342342342342,0.926048819294415,"Gaussian Bartlett refinement","Odd M, odd Q"
-0.640540540540541,0.926066493818536,"Gaussian Bartlett refinement","Odd M, odd Q"
-0.638738738738739,0.926083995034303,"Gaussian Bartlett refinement","Odd M, odd Q"
-0.636936936936937,0.926101325625586,"Gaussian Bartlett refinement","Odd M, odd Q"
-0.635135135135135,0.926118488220646,"Gaussian Bartlett refinement","Odd M, odd Q"
-0.633333333333333,0.926135485393644,"Gaussian Bartlett refinement","Odd M, odd Q"
-0.631531531531532,0.926152319666087,"Gaussian Bartlett refinement","Odd M, odd Q"
-0.62972972972973,0.926168993508234,"Gaussian Bartlett refinement","Odd M, odd Q"
-0.627927927927928,0.926185509340451,"Gaussian Bartlett refinement","Odd M, odd Q"
-0.626126126126126,0.926201869534519,"Gaussian Bartlett refinement","Odd M, odd Q"
-0.624324324324324,0.926218076414907,"Gaussian Bartlett refinement","Odd M, odd Q"
-0.622522522522523,0.926234132259994,"Gaussian Bartlett refinement","Odd M, odd Q"
-0.620720720720721,0.926250039303257,"Gaussian Bartlett refinement","Odd M, odd Q"
-0.618918918918919,0.926265799734419,"Gaussian Bartlett refinement","Odd M, odd Q"
-0.617117117117117,0.926281415700562,"Gaussian Bartlett refinement","Odd M, odd Q"
-0.615315315315315,0.926296889307201,"Gaussian Bartlett refinement","Odd M, odd Q"
-0.613513513513513,0.926312222619325,"Gaussian Bartlett refinement","Odd M, odd Q"
-0.611711711711712,0.926327417662409,"Gaussian Bartlett refinement","Odd M, odd Q"
-0.60990990990991,0.926342476423393,"Gaussian Bartlett refinement","Odd M, odd Q"
-0.608108108108108,0.926357400851623,"Gaussian Bartlett refinement","Odd M, odd Q"
-0.606306306306306,0.926372192859776,"Gaussian Bartlett refinement","Odd M, odd Q"
-0.604504504504505,0.926386854324748,"Gaussian Bartlett refinement","Odd M, odd Q"
-0.602702702702703,0.926401387088515,"Gaussian Bartlett refinement","Odd M, odd Q"
-0.600900900900901,0.926415792958975,"Gaussian Bartlett refinement","Odd M, odd Q"
-0.599099099099099,0.926430073710754,"Gaussian Bartlett refinement","Odd M, odd Q"
-0.597297297297297,0.926444231085998,"Gaussian Bartlett refinement","Odd M, odd Q"
-0.595495495495496,0.926458266795137,"Gaussian Bartlett refinement","Odd M, odd Q"
-0.593693693693694,0.926472182517626,"Gaussian Bartlett refinement","Odd M, odd Q"
-0.591891891891892,0.926485979902665,"Gaussian Bartlett refinement","Odd M, odd Q"
-0.59009009009009,0.926499660569901,"Gaussian Bartlett refinement","Odd M, odd Q"
-0.588288288288288,0.926513226110104,"Gaussian Bartlett refinement","Odd M, odd Q"
-0.586486486486486,0.926526678085829,"Gaussian Bartlett refinement","Odd M, odd Q"
-0.584684684684685,0.926540018032055,"Gaussian Bartlett refinement","Odd M, odd Q"
-0.582882882882883,0.92655324745681,"Gaussian Bartlett refinement","Odd M, odd Q"
-0.581081081081081,0.926566367841777,"Gaussian Bartlett refinement","Odd M, odd Q"
-0.579279279279279,0.92657938064288,"Gaussian Bartlett refinement","Odd M, odd Q"
-0.577477477477478,0.926592287290855,"Gaussian Bartlett refinement","Odd M, odd Q"
-0.575675675675676,0.926605089191811,"Gaussian Bartlett refinement","Odd M, odd Q"
-0.573873873873874,0.926617787727767,"Gaussian Bartlett refinement","Odd M, odd Q"
-0.572072072072072,0.926630384257182,"Gaussian Bartlett refinement","Odd M, odd Q"
-0.57027027027027,0.926642880115463,"Gaussian Bartlett refinement","Odd M, odd Q"
-0.568468468468468,0.926655276615465,"Gaussian Bartlett refinement","Odd M, odd Q"
-0.566666666666667,0.926667575047976,"Gaussian Bartlett refinement","Odd M, odd Q"
-0.564864864864865,0.926679776682191,"Gaussian Bartlett refinement","Odd M, odd Q"
-0.563063063063063,0.926691882766168,"Gaussian Bartlett refinement","Odd M, odd Q"
-0.561261261261261,0.926703894527278,"Gaussian Bartlett refinement","Odd M, odd Q"
-0.55945945945946,0.926715813172639,"Gaussian Bartlett refinement","Odd M, odd Q"
-0.557657657657658,0.926727639889543,"Gaussian Bartlett refinement","Odd M, odd Q"
-0.555855855855856,0.926739375845866,"Gaussian Bartlett refinement","Odd M, odd Q"
-0.554054054054054,0.926751022190475,"Gaussian Bartlett refinement","Odd M, odd Q"
-0.552252252252252,0.926762580053616,"Gaussian Bartlett refinement","Odd M, odd Q"
-0.55045045045045,0.926774050547302,"Gaussian Bartlett refinement","Odd M, odd Q"
-0.548648648648649,0.92678543476568,"Gaussian Bartlett refinement","Odd M, odd Q"
-0.546846846846847,0.9267967337854,"Gaussian Bartlett refinement","Odd M, odd Q"
-0.545045045045045,0.926807948665966,"Gaussian Bartlett refinement","Odd M, odd Q"
-0.543243243243243,0.926819080450083,"Gaussian Bartlett refinement","Odd M, odd Q"
-0.541441441441441,0.926830130163995,"Gaussian Bartlett refinement","Odd M, odd Q"
-0.53963963963964,0.926841098817811,"Gaussian Bartlett refinement","Odd M, odd Q"
-0.537837837837838,0.926851987405831,"Gaussian Bartlett refinement","Odd M, odd Q"
-0.536036036036036,0.926862796906853,"Gaussian Bartlett refinement","Odd M, odd Q"
-0.534234234234234,0.926873528284482,"Gaussian Bartlett refinement","Odd M, odd Q"
-0.532432432432432,0.926884182487431,"Gaussian Bartlett refinement","Odd M, odd Q"
-0.530630630630631,0.926894760449803,"Gaussian Bartlett refinement","Odd M, odd Q"
-0.528828828828829,0.926905263091387,"Gaussian Bartlett refinement","Odd M, odd Q"
-0.527027027027027,0.926915691317924,"Gaussian Bartlett refinement","Odd M, odd Q"
-0.525225225225225,0.926926046021386,"Gaussian Bartlett refinement","Odd M, odd Q"
-0.523423423423423,0.926936328080238,"Gaussian Bartlett refinement","Odd M, odd Q"
-0.521621621621622,0.926946538359693,"Gaussian Bartlett refinement","Odd M, odd Q"
-0.51981981981982,0.92695667771197,"Gaussian Bartlett refinement","Odd M, odd Q"
-0.518018018018018,0.926966746976539,"Gaussian Bartlett refinement","Odd M, odd Q"
-0.516216216216216,0.926976746980356,"Gaussian Bartlett refinement","Odd M, odd Q"
-0.514414414414414,0.926986678538108,"Gaussian Bartlett refinement","Odd M, odd Q"
-0.512612612612613,0.926996542452435,"Gaussian Bartlett refinement","Odd M, odd Q"
-0.510810810810811,0.92700633951416,"Gaussian Bartlett refinement","Odd M, odd Q"
-0.509009009009009,0.927016070502504,"Gaussian Bartlett refinement","Odd M, odd Q"
-0.507207207207207,0.927025736185307,"Gaussian Bartlett refinement","Odd M, odd Q"
-0.505405405405405,0.927035337319232,"Gaussian Bartlett refinement","Odd M, odd Q"
-0.503603603603604,0.927044874649972,"Gaussian Bartlett refinement","Odd M, odd Q"
-0.501801801801802,0.927054348912455,"Gaussian Bartlett refinement","Odd M, odd Q"
-0.5,0.927063760831033,"Gaussian Bartlett refinement","Odd M, odd Q"
-0.498198198198198,0.927073111119681,"Gaussian Bartlett refinement","Odd M, odd Q"
-0.496396396396396,0.927082400482181,"Gaussian Bartlett refinement","Odd M, odd Q"
-0.494594594594595,0.927091629612306,"Gaussian Bartlett refinement","Odd M, odd Q"
-0.492792792792793,0.927100799194001,"Gaussian Bartlett refinement","Odd M, odd Q"
-0.490990990990991,0.92710990990156,"Gaussian Bartlett refinement","Odd M, odd Q"
-0.489189189189189,0.927118962399794,"Gaussian Bartlett refinement","Odd M, odd Q"
-0.487387387387387,0.927127957344203,"Gaussian Bartlett refinement","Odd M, odd Q"
-0.485585585585586,0.927136895381142,"Gaussian Bartlett refinement","Odd M, odd Q"
-0.483783783783784,0.927145777147977,"Gaussian Bartlett refinement","Odd M, odd Q"
-0.481981981981982,0.927154603273249,"Gaussian Bartlett refinement","Odd M, odd Q"
-0.48018018018018,0.927163374376827,"Gaussian Bartlett refinement","Odd M, odd Q"
-0.478378378378378,0.927172091070055,"Gaussian Bartlett refinement","Odd M, odd Q"
-0.476576576576577,0.927180753955907,"Gaussian Bartlett refinement","Odd M, odd Q"
-0.474774774774775,0.927189363629128,"Gaussian Bartlett refinement","Odd M, odd Q"
-0.472972972972973,0.927197920676376,"Gaussian Bartlett refinement","Odd M, odd Q"
-0.471171171171171,0.927206425676367,"Gaussian Bartlett refinement","Odd M, odd Q"
-0.469369369369369,0.927214879200002,"Gaussian Bartlett refinement","Odd M, odd Q"
-0.467567567567568,0.927223281810508,"Gaussian Bartlett refinement","Odd M, odd Q"
-0.465765765765766,0.927231634063567,"Gaussian Bartlett refinement","Odd M, odd Q"
-0.463963963963964,0.927239936507443,"Gaussian Bartlett refinement","Odd M, odd Q"
-0.462162162162162,0.927248189683109,"Gaussian Bartlett refinement","Odd M, odd Q"
-0.46036036036036,0.92725639412437,"Gaussian Bartlett refinement","Odd M, odd Q"
-0.458558558558559,0.927264550357982,"Gaussian Bartlett refinement","Odd M, odd Q"
-0.456756756756757,0.927272658903773,"Gaussian Bartlett refinement","Odd M, odd Q"
-0.454954954954955,0.927280720274758,"Gaussian Bartlett refinement","Odd M, odd Q"
-0.453153153153153,0.927288734977251,"Gaussian Bartlett refinement","Odd M, odd Q"
-0.451351351351351,0.927296703510979,"Gaussian Bartlett refinement","Odd M, odd Q"
-0.44954954954955,0.927304626369187,"Gaussian Bartlett refinement","Odd M, odd Q"
-0.447747747747748,0.927312504038751,"Gaussian Bartlett refinement","Odd M, odd Q"
-0.445945945945946,0.927320337000279,"Gaussian Bartlett refinement","Odd M, odd Q"
-0.444144144144144,0.927328125728213,"Gaussian Bartlett refinement","Odd M, odd Q"
-0.442342342342342,0.927335870690934,"Gaussian Bartlett refinement","Odd M, odd Q"
-0.440540540540541,0.927343572350856,"Gaussian Bartlett refinement","Odd M, odd Q"
-0.438738738738739,0.927351231164528,"Gaussian Bartlett refinement","Odd M, odd Q"
-0.436936936936937,0.927358847582727,"Gaussian Bartlett refinement","Odd M, odd Q"
-0.435135135135135,0.927366422050547,"Gaussian Bartlett refinement","Odd M, odd Q"
-0.433333333333333,0.927373955007501,"Gaussian Bartlett refinement","Odd M, odd Q"
-0.431531531531532,0.9273814468876,"Gaussian Bartlett refinement","Odd M, odd Q"
-0.42972972972973,0.927388898119447,"Gaussian Bartlett refinement","Odd M, odd Q"
-0.427927927927928,0.927396309126324,"Gaussian Bartlett refinement","Odd M, odd Q"
-0.426126126126126,0.927403680326273,"Gaussian Bartlett refinement","Odd M, odd Q"
-0.424324324324324,0.927411012132181,"Gaussian Bartlett refinement","Odd M, odd Q"
-0.422522522522523,0.927418304951866,"Gaussian Bartlett refinement","Odd M, odd Q"
-0.420720720720721,0.927425559188149,"Gaussian Bartlett refinement","Odd M, odd Q"
-0.418918918918919,0.927432775238939,"Gaussian Bartlett refinement","Odd M, odd Q"
-0.417117117117117,0.927439953497308,"Gaussian Bartlett refinement","Odd M, odd Q"
-0.415315315315315,0.927447094351568,"Gaussian Bartlett refinement","Odd M, odd Q"
-0.413513513513514,0.927454198185343,"Gaussian Bartlett refinement","Odd M, odd Q"
-0.411711711711712,0.927461265377645,"Gaussian Bartlett refinement","Odd M, odd Q"
-0.40990990990991,0.927468296302943,"Gaussian Bartlett refinement","Odd M, odd Q"
-0.408108108108108,0.927475291331236,"Gaussian Bartlett refinement","Odd M, odd Q"
-0.406306306306306,0.927482250828121,"Gaussian Bartlett refinement","Odd M, odd Q"
-0.404504504504505,0.92748917515486,"Gaussian Bartlett refinement","Odd M, odd Q"
-0.402702702702703,0.927496064668449,"Gaussian Bartlett refinement","Odd M, odd Q"
-0.400900900900901,0.927502919721679,"Gaussian Bartlett refinement","Odd M, odd Q"
-0.399099099099099,0.927509740663207,"Gaussian Bartlett refinement","Odd M, odd Q"
-0.397297297297297,0.927516527837614,"Gaussian Bartlett refinement","Odd M, odd Q"
-0.395495495495496,0.927523281585467,"Gaussian Bartlett refinement","Odd M, odd Q"
-0.393693693693694,0.927530002243384,"Gaussian Bartlett refinement","Odd M, odd Q"
-0.391891891891892,0.92753669014409,"Gaussian Bartlett refinement","Odd M, odd Q"
-0.39009009009009,0.927543345616478,"Gaussian Bartlett refinement","Odd M, odd Q"
-0.388288288288288,0.927549968985664,"Gaussian Bartlett refinement","Odd M, odd Q"
-0.386486486486487,0.927556560573047,"Gaussian Bartlett refinement","Odd M, odd Q"
-0.384684684684685,0.927563120696365,"Gaussian Bartlett refinement","Odd M, odd Q"
-0.382882882882883,0.927569649669744,"Gaussian Bartlett refinement","Odd M, odd Q"
-0.381081081081081,0.927576147803762,"Gaussian Bartlett refinement","Odd M, odd Q"
-0.379279279279279,0.927582615405489,"Gaussian Bartlett refinement","Odd M, odd Q"
-0.377477477477478,0.927589052778552,"Gaussian Bartlett refinement","Odd M, odd Q"
-0.375675675675676,0.927595460223178,"Gaussian Bartlett refinement","Odd M, odd Q"
-0.373873873873874,0.927601838036244,"Gaussian Bartlett refinement","Odd M, odd Q"
-0.372072072072072,0.927608186511332,"Gaussian Bartlett refinement","Odd M, odd Q"
-0.37027027027027,0.927614505938773,"Gaussian Bartlett refinement","Odd M, odd Q"
-0.368468468468468,0.927620796605696,"Gaussian Bartlett refinement","Odd M, odd Q"
-0.366666666666667,0.927627058796074,"Gaussian Bartlett refinement","Odd M, odd Q"
-0.364864864864865,0.927633292790772,"Gaussian Bartlett refinement","Odd M, odd Q"
-0.363063063063063,0.927639498867591,"Gaussian Bartlett refinement","Odd M, odd Q"
-0.361261261261261,0.927645677301312,"Gaussian Bartlett refinement","Odd M, odd Q"
-0.359459459459459,0.927651828363741,"Gaussian Bartlett refinement","Odd M, odd Q"
-0.357657657657658,0.927657952323753,"Gaussian Bartlett refinement","Odd M, odd Q"
-0.355855855855856,0.927664049447332,"Gaussian Bartlett refinement","Odd M, odd Q"
-0.354054054054054,0.927670119997612,"Gaussian Bartlett refinement","Odd M, odd Q"
-0.352252252252252,0.927676164234924,"Gaussian Bartlett refinement","Odd M, odd Q"
-0.35045045045045,0.927682182416828,"Gaussian Bartlett refinement","Odd M, odd Q"
-0.348648648648649,0.927688174798159,"Gaussian Bartlett refinement","Odd M, odd Q"
-0.346846846846847,0.927694141631063,"Gaussian Bartlett refinement","Odd M, odd Q"
-0.345045045045045,0.927700083165035,"Gaussian Bartlett refinement","Odd M, odd Q"
-0.343243243243243,0.927705999646959,"Gaussian Bartlett refinement","Odd M, odd Q"
-0.341441441441442,0.927711891321144,"Gaussian Bartlett refinement","Odd M, odd Q"
-0.33963963963964,0.92771775842936,"Gaussian Bartlett refinement","Odd M, odd Q"
-0.337837837837838,0.927723601210874,"Gaussian Bartlett refinement","Odd M, odd Q"
-0.336036036036036,0.927729419902486,"Gaussian Bartlett refinement","Odd M, odd Q"
-0.334234234234234,0.927735214738563,"Gaussian Bartlett refinement","Odd M, odd Q"
-0.332432432432432,0.927740985951075,"Gaussian Bartlett refinement","Odd M, odd Q"
-0.330630630630631,0.927746733769625,"Gaussian Bartlett refinement","Odd M, odd Q"
-0.328828828828829,0.927752458421487,"Gaussian Bartlett refinement","Odd M, odd Q"
-0.327027027027027,0.927758160131634,"Gaussian Bartlett refinement","Odd M, odd Q"
-0.325225225225225,0.927763839122774,"Gaussian Bartlett refinement","Odd M, odd Q"
-0.323423423423423,0.927769495615378,"Gaussian Bartlett refinement","Odd M, odd Q"
-0.321621621621622,0.927775129827715,"Gaussian Bartlett refinement","Odd M, odd Q"
-0.31981981981982,0.927780741975879,"Gaussian Bartlett refinement","Odd M, odd Q"
-0.318018018018018,0.92778633227382,"Gaussian Bartlett refinement","Odd M, odd Q"
-0.316216216216216,0.927791900933375,"Gaussian Bartlett refinement","Odd M, odd Q"
-0.314414414414414,0.927797448164299,"Gaussian Bartlett refinement","Odd M, odd Q"
-0.312612612612613,0.927802974174287,"Gaussian Bartlett refinement","Odd M, odd Q"
-0.310810810810811,0.927808479169009,"Gaussian Bartlett refinement","Odd M, odd Q"
-0.309009009009009,0.927813963352135,"Gaussian Bartlett refinement","Odd M, odd Q"
-0.307207207207207,0.927819426925362,"Gaussian Bartlett refinement","Odd M, odd Q"
-0.305405405405405,0.927824870088444,"Gaussian Bartlett refinement","Odd M, odd Q"
-0.303603603603604,0.927830293039215,"Gaussian Bartlett refinement","Odd M, odd Q"
-0.301801801801802,0.927835695973616,"Gaussian Bartlett refinement","Odd M, odd Q"
-0.3,0.927841079085723,"Gaussian Bartlett refinement","Odd M, odd Q"
-0.298198198198198,0.927846442567771,"Gaussian Bartlett refinement","Odd M, odd Q"
-0.296396396396396,0.927851786610177,"Gaussian Bartlett refinement","Odd M, odd Q"
-0.294594594594595,0.927857111401569,"Gaussian Bartlett refinement","Odd M, odd Q"
-0.292792792792793,0.927862417128806,"Gaussian Bartlett refinement","Odd M, odd Q"
-0.290990990990991,0.927867703977005,"Gaussian Bartlett refinement","Odd M, odd Q"
-0.289189189189189,0.927872972129563,"Gaussian Bartlett refinement","Odd M, odd Q"
-0.287387387387387,0.927878221768182,"Gaussian Bartlett refinement","Odd M, odd Q"
-0.285585585585586,0.927883453072888,"Gaussian Bartlett refinement","Odd M, odd Q"
-0.283783783783784,0.927888666222058,"Gaussian Bartlett refinement","Odd M, odd Q"
-0.281981981981982,0.927893861392439,"Gaussian Bartlett refinement","Odd M, odd Q"
-0.28018018018018,0.927899038759172,"Gaussian Bartlett refinement","Odd M, odd Q"
-0.278378378378378,0.927904198495813,"Gaussian Bartlett refinement","Odd M, odd Q"
-0.276576576576577,0.927909340774354,"Gaussian Bartlett refinement","Odd M, odd Q"
-0.274774774774775,0.927914465765242,"Gaussian Bartlett refinement","Odd M, odd Q"
-0.272972972972973,0.927919573637405,"Gaussian Bartlett refinement","Odd M, odd Q"
-0.271171171171171,0.927924664558265,"Gaussian Bartlett refinement","Odd M, odd Q"
-0.269369369369369,0.927929738693765,"Gaussian Bartlett refinement","Odd M, odd Q"
-0.267567567567568,0.927934796208385,"Gaussian Bartlett refinement","Odd M, odd Q"
-0.265765765765766,0.927939837265161,"Gaussian Bartlett refinement","Odd M, odd Q"
-0.263963963963964,0.927944862025706,"Gaussian Bartlett refinement","Odd M, odd Q"
-0.262162162162162,0.92794987065023,"Gaussian Bartlett refinement","Odd M, odd Q"
-0.26036036036036,0.927954863297555,"Gaussian Bartlett refinement","Odd M, odd Q"
-0.258558558558559,0.927959840125136,"Gaussian Bartlett refinement","Odd M, odd Q"
-0.256756756756757,0.927964801289079,"Gaussian Bartlett refinement","Odd M, odd Q"
-0.254954954954955,0.927969746944158,"Gaussian Bartlett refinement","Odd M, odd Q"
-0.253153153153153,0.927974677243833,"Gaussian Bartlett refinement","Odd M, odd Q"
-0.251351351351351,0.927979592340267,"Gaussian Bartlett refinement","Odd M, odd Q"
-0.24954954954955,0.927984492384346,"Gaussian Bartlett refinement","Odd M, odd Q"
-0.247747747747748,0.927989377525691,"Gaussian Bartlett refinement","Odd M, odd Q"
-0.245945945945946,0.927994247912678,"Gaussian Bartlett refinement","Odd M, odd Q"
-0.244144144144144,0.927999103692454,"Gaussian Bartlett refinement","Odd M, odd Q"
-0.242342342342342,0.928003945010952,"Gaussian Bartlett refinement","Odd M, odd Q"
-0.240540540540541,0.92800877201291,"Gaussian Bartlett refinement","Odd M, odd Q"
-0.238738738738739,0.928013584841883,"Gaussian Bartlett refinement","Odd M, odd Q"
-0.236936936936937,0.92801838364026,"Gaussian Bartlett refinement","Odd M, odd Q"
-0.235135135135135,0.928023168549282,"Gaussian Bartlett refinement","Odd M, odd Q"
-0.233333333333333,0.928027939709052,"Gaussian Bartlett refinement","Odd M, odd Q"
-0.231531531531531,0.928032697258555,"Gaussian Bartlett refinement","Odd M, odd Q"
-0.22972972972973,0.928037441335668,"Gaussian Bartlett refinement","Odd M, odd Q"
-0.227927927927928,0.928042172077181,"Gaussian Bartlett refinement","Odd M, odd Q"
-0.226126126126126,0.928046889618804,"Gaussian Bartlett refinement","Odd M, odd Q"
-0.224324324324324,0.928051594095186,"Gaussian Bartlett refinement","Odd M, odd Q"
-0.222522522522523,0.928056285639928,"Gaussian Bartlett refinement","Odd M, odd Q"
-0.220720720720721,0.928060964385596,"Gaussian Bartlett refinement","Odd M, odd Q"
-0.218918918918919,0.928065630463736,"Gaussian Bartlett refinement","Odd M, odd Q"
-0.217117117117117,0.928070284004884,"Gaussian Bartlett refinement","Odd M, odd Q"
-0.215315315315315,0.928074925138586,"Gaussian Bartlett refinement","Odd M, odd Q"
-0.213513513513514,0.928079553993404,"Gaussian Bartlett refinement","Odd M, odd Q"
-0.211711711711712,0.928084170696932,"Gaussian Bartlett refinement","Odd M, odd Q"
-0.20990990990991,0.92808877537581,"Gaussian Bartlett refinement","Odd M, odd Q"
-0.208108108108108,0.928093368155734,"Gaussian Bartlett refinement","Odd M, odd Q"
-0.206306306306306,0.928097949161471,"Gaussian Bartlett refinement","Odd M, odd Q"
-0.204504504504505,0.92810251851687,"Gaussian Bartlett refinement","Odd M, odd Q"
-0.202702702702703,0.928107076344873,"Gaussian Bartlett refinement","Odd M, odd Q"
-0.200900900900901,0.928111622767529,"Gaussian Bartlett refinement","Odd M, odd Q"
-0.199099099099099,0.928116157906006,"Gaussian Bartlett refinement","Odd M, odd Q"
-0.197297297297297,0.9281206818806,"Gaussian Bartlett refinement","Odd M, odd Q"
-0.195495495495495,0.928125194810749,"Gaussian Bartlett refinement","Odd M, odd Q"
-0.193693693693694,0.928129696815043,"Gaussian Bartlett refinement","Odd M, odd Q"
-0.191891891891892,0.928134188011239,"Gaussian Bartlett refinement","Odd M, odd Q"
-0.19009009009009,0.928138668516265,"Gaussian Bartlett refinement","Odd M, odd Q"
-0.188288288288288,0.928143138446237,"Gaussian Bartlett refinement","Odd M, odd Q"
-0.186486486486486,0.928147597916469,"Gaussian Bartlett refinement","Odd M, odd Q"
-0.184684684684685,0.928152047041481,"Gaussian Bartlett refinement","Odd M, odd Q"
-0.182882882882883,0.928156485935011,"Gaussian Bartlett refinement","Odd M, odd Q"
-0.181081081081081,0.928160914710028,"Gaussian Bartlett refinement","Odd M, odd Q"
-0.179279279279279,0.928165333478739,"Gaussian Bartlett refinement","Odd M, odd Q"
-0.177477477477477,0.9281697423526,"Gaussian Bartlett refinement","Odd M, odd Q"
-0.175675675675676,0.928174141442325,"Gaussian Bartlett refinement","Odd M, odd Q"
-0.173873873873874,0.928178530857901,"Gaussian Bartlett refinement","Odd M, odd Q"
-0.172072072072072,0.928182910708592,"Gaussian Bartlett refinement","Odd M, odd Q"
-0.17027027027027,0.928187281102951,"Gaussian Bartlett refinement","Odd M, odd Q"
-0.168468468468469,0.928191642148832,"Gaussian Bartlett refinement","Odd M, odd Q"
-0.166666666666667,0.928195993953393,"Gaussian Bartlett refinement","Odd M, odd Q"
-0.164864864864865,0.928200336623115,"Gaussian Bartlett refinement","Odd M, odd Q"
-0.163063063063063,0.928204670263801,"Gaussian Bartlett refinement","Odd M, odd Q"
-0.161261261261261,0.928208994980594,"Gaussian Bartlett refinement","Odd M, odd Q"
-0.159459459459459,0.928213310877981,"Gaussian Bartlett refinement","Odd M, odd Q"
-0.157657657657658,0.928217618059802,"Gaussian Bartlett refinement","Odd M, odd Q"
-0.155855855855856,0.928221916629264,"Gaussian Bartlett refinement","Odd M, odd Q"
-0.154054054054054,0.928226206688942,"Gaussian Bartlett refinement","Odd M, odd Q"
-0.152252252252252,0.928230488340794,"Gaussian Bartlett refinement","Odd M, odd Q"
-0.15045045045045,0.928234761686167,"Gaussian Bartlett refinement","Odd M, odd Q"
-0.148648648648649,0.928239026825806,"Gaussian Bartlett refinement","Odd M, odd Q"
-0.146846846846847,0.928243283859863,"Gaussian Bartlett refinement","Odd M, odd Q"
-0.145045045045045,0.928247532887904,"Gaussian Bartlett refinement","Odd M, odd Q"
-0.143243243243243,0.928251774008917,"Gaussian Bartlett refinement","Odd M, odd Q"
-0.141441441441441,0.928256007321324,"Gaussian Bartlett refinement","Odd M, odd Q"
-0.13963963963964,0.928260232922983,"Gaussian Bartlett refinement","Odd M, odd Q"
-0.137837837837838,0.928264450911203,"Gaussian Bartlett refinement","Odd M, odd Q"
-0.136036036036036,0.928268661382743,"Gaussian Bartlett refinement","Odd M, odd Q"
-0.134234234234234,0.928272864433831,"Gaussian Bartlett refinement","Odd M, odd Q"
-0.132432432432432,0.928277060160162,"Gaussian Bartlett refinement","Odd M, odd Q"
-0.130630630630631,0.928281248656909,"Gaussian Bartlett refinement","Odd M, odd Q"
-0.128828828828829,0.928285430018733,"Gaussian Bartlett refinement","Odd M, odd Q"
-0.127027027027027,0.928289604339789,"Gaussian Bartlett refinement","Odd M, odd Q"
-0.125225225225225,0.92829377171373,"Gaussian Bartlett refinement","Odd M, odd Q"
-0.123423423423423,0.928297932233719,"Gaussian Bartlett refinement","Odd M, odd Q"
-0.121621621621622,0.928302085992436,"Gaussian Bartlett refinement","Odd M, odd Q"
-0.11981981981982,0.928306233082083,"Gaussian Bartlett refinement","Odd M, odd Q"
-0.118018018018018,0.928310373594391,"Gaussian Bartlett refinement","Odd M, odd Q"
-0.116216216216216,0.928314507620629,"Gaussian Bartlett refinement","Odd M, odd Q"
-0.114414414414414,0.928318635251609,"Gaussian Bartlett refinement","Odd M, odd Q"
-0.112612612612613,0.928322756577696,"Gaussian Bartlett refinement","Odd M, odd Q"
-0.110810810810811,0.928326871688812,"Gaussian Bartlett refinement","Odd M, odd Q"
-0.109009009009009,0.928330980674444,"Gaussian Bartlett refinement","Odd M, odd Q"
-0.107207207207207,0.928335083623651,"Gaussian Bartlett refinement","Odd M, odd Q"
-0.105405405405405,0.928339180625068,"Gaussian Bartlett refinement","Odd M, odd Q"
-0.103603603603604,0.928343271766918,"Gaussian Bartlett refinement","Odd M, odd Q"
-0.101801801801802,0.928347357137014,"Gaussian Bartlett refinement","Odd M, odd Q"
-0.1,0.928351436822766,"Gaussian Bartlett refinement","Odd M, odd Q"
-0.0981981981981982,0.92835551091119,"Gaussian Bartlett refinement","Odd M, odd Q"
-0.0963963963963964,0.928359579488913,"Gaussian Bartlett refinement","Odd M, odd Q"
-0.0945945945945946,0.928363642642179,"Gaussian Bartlett refinement","Odd M, odd Q"
-0.0927927927927928,0.928367700456853,"Gaussian Bartlett refinement","Odd M, odd Q"
-0.0909909909909909,0.928371753018434,"Gaussian Bartlett refinement","Odd M, odd Q"
-0.0891891891891892,0.928375800412053,"Gaussian Bartlett refinement","Odd M, odd Q"
-0.0873873873873874,0.928379842722485,"Gaussian Bartlett refinement","Odd M, odd Q"
-0.0855855855855856,0.928383880034155,"Gaussian Bartlett refinement","Odd M, odd Q"
-0.0837837837837838,0.928387912431137,"Gaussian Bartlett refinement","Odd M, odd Q"
-0.081981981981982,0.928391939997171,"Gaussian Bartlett refinement","Odd M, odd Q"
-0.0801801801801801,0.928395962815658,"Gaussian Bartlett refinement","Odd M, odd Q"
-0.0783783783783784,0.928399980969675,"Gaussian Bartlett refinement","Odd M, odd Q"
-0.0765765765765766,0.928403994541975,"Gaussian Bartlett refinement","Odd M, odd Q"
-0.0747747747747748,0.928408003614994,"Gaussian Bartlett refinement","Odd M, odd Q"
-0.072972972972973,0.928412008270858,"Gaussian Bartlett refinement","Odd M, odd Q"
-0.0711711711711712,0.928416008591388,"Gaussian Bartlett refinement","Odd M, odd Q"
-0.0693693693693693,0.928420004658107,"Gaussian Bartlett refinement","Odd M, odd Q"
-0.0675675675675675,0.928423996552244,"Gaussian Bartlett refinement","Odd M, odd Q"
-0.0657657657657658,0.928427984354737,"Gaussian Bartlett refinement","Odd M, odd Q"
-0.063963963963964,0.928431968146244,"Gaussian Bartlett refinement","Odd M, odd Q"
-0.0621621621621622,0.928435948007147,"Gaussian Bartlett refinement","Odd M, odd Q"
-0.0603603603603604,0.928439924017555,"Gaussian Bartlett refinement","Odd M, odd Q"
-0.0585585585585585,0.928443896257311,"Gaussian Bartlett refinement","Odd M, odd Q"
-0.0567567567567567,0.928447864805997,"Gaussian Bartlett refinement","Odd M, odd Q"
-0.0549549549549549,0.928451829742939,"Gaussian Bartlett refinement","Odd M, odd Q"
-0.0531531531531532,0.928455791147216,"Gaussian Bartlett refinement","Odd M, odd Q"
-0.0513513513513514,0.928459749097658,"Gaussian Bartlett refinement","Odd M, odd Q"
-0.0495495495495496,0.928463703672859,"Gaussian Bartlett refinement","Odd M, odd Q"
-0.0477477477477477,0.928467654951176,"Gaussian Bartlett refinement","Odd M, odd Q"
-0.0459459459459459,0.928471603010739,"Gaussian Bartlett refinement","Odd M, odd Q"
-0.0441441441441441,0.928475547929453,"Gaussian Bartlett refinement","Odd M, odd Q"
-0.0423423423423424,0.928479489785004,"Gaussian Bartlett refinement","Odd M, odd Q"
-0.0405405405405406,0.928483428654865,"Gaussian Bartlett refinement","Odd M, odd Q"
-0.0387387387387388,0.928487364616298,"Gaussian Bartlett refinement","Odd M, odd Q"
-0.0369369369369369,0.928491297746364,"Gaussian Bartlett refinement","Odd M, odd Q"
-0.0351351351351351,0.928495228121925,"Gaussian Bartlett refinement","Odd M, odd Q"
-0.0333333333333333,0.928499155819647,"Gaussian Bartlett refinement","Odd M, odd Q"
-0.0315315315315315,0.928503080916009,"Gaussian Bartlett refinement","Odd M, odd Q"
-0.0297297297297298,0.928507003487307,"Gaussian Bartlett refinement","Odd M, odd Q"
-0.027927927927928,0.928510923609655,"Gaussian Bartlett refinement","Odd M, odd Q"
-0.0261261261261261,0.928514841358995,"Gaussian Bartlett refinement","Odd M, odd Q"
-0.0243243243243243,0.9285187568111,"Gaussian Bartlett refinement","Odd M, odd Q"
-0.0225225225225225,0.928522670041578,"Gaussian Bartlett refinement","Odd M, odd Q"
-0.0207207207207207,0.928526581125877,"Gaussian Bartlett refinement","Odd M, odd Q"
-0.0189189189189189,0.92853049013929,"Gaussian Bartlett refinement","Odd M, odd Q"
-0.0171171171171172,0.92853439715696,"Gaussian Bartlett refinement","Odd M, odd Q"
-0.0153153153153153,0.928538302253884,"Gaussian Bartlett refinement","Odd M, odd Q"
-0.0135135135135135,0.928542205504921,"Gaussian Bartlett refinement","Odd M, odd Q"
-0.0117117117117117,0.928546106984789,"Gaussian Bartlett refinement","Odd M, odd Q"
-0.00990990990990992,0.928550006768081,"Gaussian Bartlett refinement","Odd M, odd Q"
-0.00810810810810814,0.928553904929256,"Gaussian Bartlett refinement","Odd M, odd Q"
-0.00630630630630635,0.928557801542658,"Gaussian Bartlett refinement","Odd M, odd Q"
-0.00450450450450446,0.928561696682508,"Gaussian Bartlett refinement","Odd M, odd Q"
-0.00270270270270268,0.928565590422917,"Gaussian Bartlett refinement","Odd M, odd Q"
-0.000900900900900892,0.928569482837886,"Gaussian Bartlett refinement","Odd M, odd Q"
0.000900900900900892,0.928573374001315,"Gaussian Bartlett refinement","Odd M, odd Q"
0.00270270270270268,0.928577263987002,"Gaussian Bartlett refinement","Odd M, odd Q"
0.00450450450450446,0.92858115286865,"Gaussian Bartlett refinement","Odd M, odd Q"
0.00630630630630635,0.928585040719875,"Gaussian Bartlett refinement","Odd M, odd Q"
0.00810810810810814,0.928588927614205,"Gaussian Bartlett refinement","Odd M, odd Q"
0.00990990990990992,0.928592813625086,"Gaussian Bartlett refinement","Odd M, odd Q"
0.0117117117117117,0.92859669882589,"Gaussian Bartlett refinement","Odd M, odd Q"
0.0135135135135135,0.928600583289914,"Gaussian Bartlett refinement","Odd M, odd Q"
0.0153153153153153,0.928604467090389,"Gaussian Bartlett refinement","Odd M, odd Q"
0.0171171171171172,0.928608350300482,"Gaussian Bartlett refinement","Odd M, odd Q"
0.0189189189189189,0.928612232993302,"Gaussian Bartlett refinement","Odd M, odd Q"
0.0207207207207207,0.928616115241901,"Gaussian Bartlett refinement","Odd M, odd Q"
0.0225225225225225,0.928619997119284,"Gaussian Bartlett refinement","Odd M, odd Q"
0.0243243243243243,0.928623878698408,"Gaussian Bartlett refinement","Odd M, odd Q"
0.0261261261261261,0.92862776005219,"Gaussian Bartlett refinement","Odd M, odd Q"
0.0279279279279279,0.928631641253509,"Gaussian Bartlett refinement","Odd M, odd Q"
0.0297297297297298,0.928635522375213,"Gaussian Bartlett refinement","Odd M, odd Q"
0.0315315315315315,0.92863940349012,"Gaussian Bartlett refinement","Odd M, odd Q"
0.0333333333333333,0.928643284671026,"Gaussian Bartlett refinement","Odd M, odd Q"
0.0351351351351351,0.928647165990706,"Gaussian Bartlett refinement","Odd M, odd Q"
0.0369369369369369,0.92865104752192,"Gaussian Bartlett refinement","Odd M, odd Q"
0.0387387387387387,0.928654929337419,"Gaussian Bartlett refinement","Odd M, odd Q"
0.0405405405405406,0.928658811509946,"Gaussian Bartlett refinement","Odd M, odd Q"
0.0423423423423424,0.928662694112242,"Gaussian Bartlett refinement","Odd M, odd Q"
0.0441441441441441,0.928666577217051,"Gaussian Bartlett refinement","Odd M, odd Q"
0.0459459459459459,0.928670460897122,"Gaussian Bartlett refinement","Odd M, odd Q"
0.0477477477477477,0.928674345225218,"Gaussian Bartlett refinement","Odd M, odd Q"
0.0495495495495495,0.928678230274114,"Gaussian Bartlett refinement","Odd M, odd Q"
0.0513513513513514,0.928682116116606,"Gaussian Bartlett refinement","Odd M, odd Q"
0.0531531531531532,0.928686002825514,"Gaussian Bartlett refinement","Odd M, odd Q"
0.0549549549549549,0.928689890473687,"Gaussian Bartlett refinement","Odd M, odd Q"
0.0567567567567567,0.928693779134005,"Gaussian Bartlett refinement","Odd M, odd Q"
0.0585585585585585,0.928697668879385,"Gaussian Bartlett refinement","Odd M, odd Q"
0.0603603603603603,0.928701559782787,"Gaussian Bartlett refinement","Odd M, odd Q"
0.0621621621621622,0.928705451917215,"Gaussian Bartlett refinement","Odd M, odd Q"
0.063963963963964,0.928709345355722,"Gaussian Bartlett refinement","Odd M, odd Q"
0.0657657657657658,0.928713240171418,"Gaussian Bartlett refinement","Odd M, odd Q"
0.0675675675675675,0.928717136437469,"Gaussian Bartlett refinement","Odd M, odd Q"
0.0693693693693693,0.928721034227106,"Gaussian Bartlett refinement","Odd M, odd Q"
0.0711711711711711,0.928724933613626,"Gaussian Bartlett refinement","Odd M, odd Q"
0.072972972972973,0.928728834670397,"Gaussian Bartlett refinement","Odd M, odd Q"
0.0747747747747748,0.928732737470864,"Gaussian Bartlett refinement","Odd M, odd Q"
0.0765765765765766,0.928736642088552,"Gaussian Bartlett refinement","Odd M, odd Q"
0.0783783783783784,0.928740548597072,"Gaussian Bartlett refinement","Odd M, odd Q"
0.0801801801801801,0.928744457070121,"Gaussian Bartlett refinement","Odd M, odd Q"
0.0819819819819819,0.928748367581493,"Gaussian Bartlett refinement","Odd M, odd Q"
0.0837837837837838,0.928752280205076,"Gaussian Bartlett refinement","Odd M, odd Q"
0.0855855855855856,0.928756195014865,"Gaussian Bartlett refinement","Odd M, odd Q"
0.0873873873873874,0.928760112084957,"Gaussian Bartlett refinement","Odd M, odd Q"
0.0891891891891892,0.928764031489563,"Gaussian Bartlett refinement","Odd M, odd Q"
0.0909909909909909,0.928767953303007,"Gaussian Bartlett refinement","Odd M, odd Q"
0.0927927927927927,0.928771877599736,"Gaussian Bartlett refinement","Odd M, odd Q"
0.0945945945945946,0.92877580445432,"Gaussian Bartlett refinement","Odd M, odd Q"
0.0963963963963964,0.928779733941456,"Gaussian Bartlett refinement","Odd M, odd Q"
0.0981981981981982,0.928783666135978,"Gaussian Bartlett refinement","Odd M, odd Q"
0.1,0.928787601112853,"Gaussian Bartlett refinement","Odd M, odd Q"
0.101801801801802,0.928791538947195,"Gaussian Bartlett refinement","Odd M, odd Q"
0.103603603603604,0.928795479714261,"Gaussian Bartlett refinement","Odd M, odd Q"
0.105405405405405,0.928799423489463,"Gaussian Bartlett refinement","Odd M, odd Q"
0.107207207207207,0.928803370348364,"Gaussian Bartlett refinement","Odd M, odd Q"
0.109009009009009,0.928807320366692,"Gaussian Bartlett refinement","Odd M, odd Q"
0.110810810810811,0.928811273620338,"Gaussian Bartlett refinement","Odd M, odd Q"
0.112612612612613,0.928815230185362,"Gaussian Bartlett refinement","Odd M, odd Q"
0.114414414414414,0.928819190137998,"Gaussian Bartlett refinement","Odd M, odd Q"
0.116216216216216,0.92882315355466,"Gaussian Bartlett refinement","Odd M, odd Q"
0.118018018018018,0.928827120511944,"Gaussian Bartlett refinement","Odd M, odd Q"
0.11981981981982,0.928831091086635,"Gaussian Bartlett refinement","Odd M, odd Q"
0.121621621621622,0.928835065355711,"Gaussian Bartlett refinement","Odd M, odd Q"
0.123423423423423,0.928839043396344,"Gaussian Bartlett refinement","Odd M, odd Q"
0.125225225225225,0.928843025285913,"Gaussian Bartlett refinement","Odd M, odd Q"
0.127027027027027,0.928847011102,"Gaussian Bartlett refinement","Odd M, odd Q"
0.128828828828829,0.928851000922399,"Gaussian Bartlett refinement","Odd M, odd Q"
0.130630630630631,0.928854994825123,"Gaussian Bartlett refinement","Odd M, odd Q"
0.132432432432433,0.928858992888402,"Gaussian Bartlett refinement","Odd M, odd Q"
0.134234234234234,0.928862995190695,"Gaussian Bartlett refinement","Odd M, odd Q"
0.136036036036036,0.92886700181069,"Gaussian Bartlett refinement","Odd M, odd Q"
0.137837837837838,0.928871012827311,"Gaussian Bartlett refinement","Odd M, odd Q"
0.13963963963964,0.928875028319722,"Gaussian Bartlett refinement","Odd M, odd Q"
0.141441441441441,0.928879048367332,"Gaussian Bartlett refinement","Odd M, odd Q"
0.143243243243243,0.928883073049802,"Gaussian Bartlett refinement","Odd M, odd Q"
0.145045045045045,0.928887102447046,"Gaussian Bartlett refinement","Odd M, odd Q"
0.146846846846847,0.928891136639239,"Gaussian Bartlett refinement","Odd M, odd Q"
0.148648648648649,0.928895175706821,"Gaussian Bartlett refinement","Odd M, odd Q"
0.15045045045045,0.928899219730502,"Gaussian Bartlett refinement","Odd M, odd Q"
0.152252252252252,0.928903268791267,"Gaussian Bartlett refinement","Odd M, odd Q"
0.154054054054054,0.928907322970383,"Gaussian Bartlett refinement","Odd M, odd Q"
0.155855855855856,0.928911382349398,"Gaussian Bartlett refinement","Odd M, odd Q"
0.157657657657658,0.928915447010156,"Gaussian Bartlett refinement","Odd M, odd Q"
0.159459459459459,0.928919517034792,"Gaussian Bartlett refinement","Odd M, odd Q"
0.161261261261261,0.928923592505745,"Gaussian Bartlett refinement","Odd M, odd Q"
0.163063063063063,0.928927673505757,"Gaussian Bartlett refinement","Odd M, odd Q"
0.164864864864865,0.928931760117885,"Gaussian Bartlett refinement","Odd M, odd Q"
0.166666666666667,0.928935852425501,"Gaussian Bartlett refinement","Odd M, odd Q"
0.168468468468468,0.928939950512296,"Gaussian Bartlett refinement","Odd M, odd Q"
0.17027027027027,0.928944054462292,"Gaussian Bartlett refinement","Odd M, odd Q"
0.172072072072072,0.928948164359844,"Gaussian Bartlett refinement","Odd M, odd Q"
0.173873873873874,0.92895228028964,"Gaussian Bartlett refinement","Odd M, odd Q"
0.175675675675676,0.928956402336718,"Gaussian Bartlett refinement","Odd M, odd Q"
0.177477477477478,0.928960530586461,"Gaussian Bartlett refinement","Odd M, odd Q"
0.179279279279279,0.928964665124606,"Gaussian Bartlett refinement","Odd M, odd Q"
0.181081081081081,0.928968806037253,"Gaussian Bartlett refinement","Odd M, odd Q"
0.182882882882883,0.928972953410866,"Gaussian Bartlett refinement","Odd M, odd Q"
0.184684684684685,0.928977107332279,"Gaussian Bartlett refinement","Odd M, odd Q"
0.186486486486486,0.928981267888705,"Gaussian Bartlett refinement","Odd M, odd Q"
0.188288288288288,0.928985435167738,"Gaussian Bartlett refinement","Odd M, odd Q"
0.19009009009009,0.928989609257363,"Gaussian Bartlett refinement","Odd M, odd Q"
0.191891891891892,0.928993790245956,"Gaussian Bartlett refinement","Odd M, odd Q"
0.193693693693694,0.928997978222295,"Gaussian Bartlett refinement","Odd M, odd Q"
0.195495495495495,0.929002173275563,"Gaussian Bartlett refinement","Odd M, odd Q"
0.197297297297297,0.929006375495354,"Gaussian Bartlett refinement","Odd M, odd Q"
0.199099099099099,0.929010584971681,"Gaussian Bartlett refinement","Odd M, odd Q"
0.200900900900901,0.929014801794982,"Gaussian Bartlett refinement","Odd M, odd Q"
0.202702702702703,0.92901902605612,"Gaussian Bartlett refinement","Odd M, odd Q"
0.204504504504505,0.929023257846399,"Gaussian Bartlett refinement","Odd M, odd Q"
0.206306306306306,0.929027497257563,"Gaussian Bartlett refinement","Odd M, odd Q"
0.208108108108108,0.929031744381802,"Gaussian Bartlett refinement","Odd M, odd Q"
0.20990990990991,0.929035999311762,"Gaussian Bartlett refinement","Odd M, odd Q"
0.211711711711712,0.929040262140551,"Gaussian Bartlett refinement","Odd M, odd Q"
0.213513513513513,0.929044532961742,"Gaussian Bartlett refinement","Odd M, odd Q"
0.215315315315315,0.92904881186938,"Gaussian Bartlett refinement","Odd M, odd Q"
0.217117117117117,0.929053098957993,"Gaussian Bartlett refinement","Odd M, odd Q"
0.218918918918919,0.929057394322593,"Gaussian Bartlett refinement","Odd M, odd Q"
0.220720720720721,0.929061698058683,"Gaussian Bartlett refinement","Odd M, odd Q"
0.222522522522523,0.929066010262268,"Gaussian Bartlett refinement","Odd M, odd Q"
0.224324324324324,0.929070331029857,"Gaussian Bartlett refinement","Odd M, odd Q"
0.226126126126126,0.929074660458472,"Gaussian Bartlett refinement","Odd M, odd Q"
0.227927927927928,0.929078998645653,"Gaussian Bartlett refinement","Odd M, odd Q"
0.22972972972973,0.929083345689468,"Gaussian Bartlett refinement","Odd M, odd Q"
0.231531531531531,0.929087701688513,"Gaussian Bartlett refinement","Odd M, odd Q"
0.233333333333333,0.929092066741929,"Gaussian Bartlett refinement","Odd M, odd Q"
0.235135135135135,0.929096440949399,"Gaussian Bartlett refinement","Odd M, odd Q"
0.236936936936937,0.929100824411162,"Gaussian Bartlett refinement","Odd M, odd Q"
0.238738738738739,0.929105217228016,"Gaussian Bartlett refinement","Odd M, odd Q"
0.240540540540541,0.929109619501326,"Gaussian Bartlett refinement","Odd M, odd Q"
0.242342342342342,0.929114031333033,"Gaussian Bartlett refinement","Odd M, odd Q"
0.244144144144144,0.929118452825658,"Gaussian Bartlett refinement","Odd M, odd Q"
0.245945945945946,0.929122884082312,"Gaussian Bartlett refinement","Odd M, odd Q"
0.247747747747748,0.929127325206702,"Gaussian Bartlett refinement","Odd M, odd Q"
0.24954954954955,0.929131776303139,"Gaussian Bartlett refinement","Odd M, odd Q"
0.251351351351351,0.929136237476545,"Gaussian Bartlett refinement","Odd M, odd Q"
0.253153153153153,0.929140708832458,"Gaussian Bartlett refinement","Odd M, odd Q"
0.254954954954955,0.929145190477047,"Gaussian Bartlett refinement","Odd M, odd Q"
0.256756756756757,0.92914968251711,"Gaussian Bartlett refinement","Odd M, odd Q"
0.258558558558558,0.929154185060089,"Gaussian Bartlett refinement","Odd M, odd Q"
0.26036036036036,0.929158698214074,"Gaussian Bartlett refinement","Odd M, odd Q"
0.262162162162162,0.929163222087813,"Gaussian Bartlett refinement","Odd M, odd Q"
0.263963963963964,0.929167756790718,"Gaussian Bartlett refinement","Odd M, odd Q"
0.265765765765766,0.929172302432873,"Gaussian Bartlett refinement","Odd M, odd Q"
0.267567567567568,0.929176859125043,"Gaussian Bartlett refinement","Odd M, odd Q"
0.269369369369369,0.929181426978683,"Gaussian Bartlett refinement","Odd M, odd Q"
0.271171171171171,0.929186006105943,"Gaussian Bartlett refinement","Odd M, odd Q"
0.272972972972973,0.929190596619679,"Gaussian Bartlett refinement","Odd M, odd Q"
0.274774774774775,0.929195198633461,"Gaussian Bartlett refinement","Odd M, odd Q"
0.276576576576577,0.929199812261579,"Gaussian Bartlett refinement","Odd M, odd Q"
0.278378378378378,0.929204437619053,"Gaussian Bartlett refinement","Odd M, odd Q"
0.28018018018018,0.929209074821644,"Gaussian Bartlett refinement","Odd M, odd Q"
0.281981981981982,0.929213723985857,"Gaussian Bartlett refinement","Odd M, odd Q"
0.283783783783784,0.929218385228954,"Gaussian Bartlett refinement","Odd M, odd Q"
0.285585585585586,0.929223058668961,"Gaussian Bartlett refinement","Odd M, odd Q"
0.287387387387387,0.929227744424677,"Gaussian Bartlett refinement","Odd M, odd Q"
0.289189189189189,0.929232442615683,"Gaussian Bartlett refinement","Odd M, odd Q"
0.290990990990991,0.929237153362351,"Gaussian Bartlett refinement","Odd M, odd Q"
0.292792792792793,0.929241876785851,"Gaussian Bartlett refinement","Odd M, odd Q"
0.294594594594595,0.929246613008163,"Gaussian Bartlett refinement","Odd M, odd Q"
0.296396396396396,0.929251362152086,"Gaussian Bartlett refinement","Odd M, odd Q"
0.298198198198198,0.929256124341244,"Gaussian Bartlett refinement","Odd M, odd Q"
0.3,0.929260899700097,"Gaussian Bartlett refinement","Odd M, odd Q"
0.301801801801802,0.929265688353952,"Gaussian Bartlett refinement","Odd M, odd Q"
0.303603603603604,0.929270490428971,"Gaussian Bartlett refinement","Odd M, odd Q"
0.305405405405406,0.929275306052179,"Gaussian Bartlett refinement","Odd M, odd Q"
0.307207207207207,0.929280135351476,"Gaussian Bartlett refinement","Odd M, odd Q"
0.309009009009009,0.929284978455646,"Gaussian Bartlett refinement","Odd M, odd Q"
0.310810810810811,0.929289835494364,"Gaussian Bartlett refinement","Odd M, odd Q"
0.312612612612613,0.929294706598211,"Gaussian Bartlett refinement","Odd M, odd Q"
0.314414414414414,0.929299591898679,"Gaussian Bartlett refinement","Odd M, odd Q"
0.316216216216216,0.929304491528184,"Gaussian Bartlett refinement","Odd M, odd Q"
0.318018018018018,0.929309405620074,"Gaussian Bartlett refinement","Odd M, odd Q"
0.31981981981982,0.92931433430864,"Gaussian Bartlett refinement","Odd M, odd Q"
0.321621621621622,0.929319277729127,"Gaussian Bartlett refinement","Odd M, odd Q"
0.323423423423423,0.929324236017743,"Gaussian Bartlett refinement","Odd M, odd Q"
0.325225225225225,0.929329209311668,"Gaussian Bartlett refinement","Odd M, odd Q"
0.327027027027027,0.929334197749069,"Gaussian Bartlett refinement","Odd M, odd Q"
0.328828828828829,0.929339201469105,"Gaussian Bartlett refinement","Odd M, odd Q"
0.330630630630631,0.92934422061194,"Gaussian Bartlett refinement","Odd M, odd Q"
0.332432432432432,0.929349255318756,"Gaussian Bartlett refinement","Odd M, odd Q"
0.334234234234234,0.92935430573176,"Gaussian Bartlett refinement","Odd M, odd Q"
0.336036036036036,0.929359371994195,"Gaussian Bartlett refinement","Odd M, odd Q"
0.337837837837838,0.929364454250353,"Gaussian Bartlett refinement","Odd M, odd Q"
0.33963963963964,0.929369552645585,"Gaussian Bartlett refinement","Odd M, odd Q"
0.341441441441441,0.929374667326311,"Gaussian Bartlett refinement","Odd M, odd Q"
0.343243243243243,0.929379798440033,"Gaussian Bartlett refinement","Odd M, odd Q"
0.345045045045045,0.929384946135345,"Gaussian Bartlett refinement","Odd M, odd Q"
0.346846846846847,0.929390110561943,"Gaussian Bartlett refinement","Odd M, odd Q"
0.348648648648649,0.929395291870639,"Gaussian Bartlett refinement","Odd M, odd Q"
0.350450450450451,0.929400490213369,"Gaussian Bartlett refinement","Odd M, odd Q"
0.352252252252252,0.929405705743207,"Gaussian Bartlett refinement","Odd M, odd Q"
0.354054054054054,0.929410938614377,"Gaussian Bartlett refinement","Odd M, odd Q"
0.355855855855856,0.929416188982263,"Gaussian Bartlett refinement","Odd M, odd Q"
0.357657657657658,0.929421457003419,"Gaussian Bartlett refinement","Odd M, odd Q"
0.359459459459459,0.929426742835584,"Gaussian Bartlett refinement","Odd M, odd Q"
0.361261261261261,0.929432046637693,"Gaussian Bartlett refinement","Odd M, odd Q"
0.363063063063063,0.929437368569886,"Gaussian Bartlett refinement","Odd M, odd Q"
0.364864864864865,0.929442708793525,"Gaussian Bartlett refinement","Odd M, odd Q"
0.366666666666667,0.929448067471199,"Gaussian Bartlett refinement","Odd M, odd Q"
0.368468468468468,0.929453444766744,"Gaussian Bartlett refinement","Odd M, odd Q"
0.37027027027027,0.929458840845249,"Gaussian Bartlett refinement","Odd M, odd Q"
0.372072072072072,0.929464255873068,"Gaussian Bartlett refinement","Odd M, odd Q"
0.373873873873874,0.929469690017839,"Gaussian Bartlett refinement","Odd M, odd Q"
0.375675675675676,0.929475143448487,"Gaussian Bartlett refinement","Odd M, odd Q"
0.377477477477478,0.929480616335241,"Gaussian Bartlett refinement","Odd M, odd Q"
0.379279279279279,0.92948610884965,"Gaussian Bartlett refinement","Odd M, odd Q"
0.381081081081081,0.929491621164585,"Gaussian Bartlett refinement","Odd M, odd Q"
0.382882882882883,0.929497153454261,"Gaussian Bartlett refinement","Odd M, odd Q"
0.384684684684685,0.929502705894247,"Gaussian Bartlett refinement","Odd M, odd Q"
0.386486486486486,0.929508278661474,"Gaussian Bartlett refinement","Odd M, odd Q"
0.388288288288288,0.929513871934253,"Gaussian Bartlett refinement","Odd M, odd Q"
0.39009009009009,0.929519485892284,"Gaussian Bartlett refinement","Odd M, odd Q"
0.391891891891892,0.929525120716671,"Gaussian Bartlett refinement","Odd M, odd Q"
0.393693693693694,0.92953077658993,"Gaussian Bartlett refinement","Odd M, odd Q"
0.395495495495496,0.929536453696009,"Gaussian Bartlett refinement","Odd M, odd Q"
0.397297297297297,0.929542152220292,"Gaussian Bartlett refinement","Odd M, odd Q"
0.399099099099099,0.929547872349618,"Gaussian Bartlett refinement","Odd M, odd Q"
0.400900900900901,0.929553614272291,"Gaussian Bartlett refinement","Odd M, odd Q"
0.402702702702703,0.929559378178091,"Gaussian Bartlett refinement","Odd M, odd Q"
0.404504504504504,0.929565164258289,"Gaussian Bartlett refinement","Odd M, odd Q"
0.406306306306306,0.929570972705659,"Gaussian Bartlett refinement","Odd M, odd Q"
0.408108108108108,0.929576803714488,"Gaussian Bartlett refinement","Odd M, odd Q"
0.40990990990991,0.929582657480593,"Gaussian Bartlett refinement","Odd M, odd Q"
0.411711711711712,0.929588534201328,"Gaussian Bartlett refinement","Odd M, odd Q"
0.413513513513514,0.929594434075599,"Gaussian Bartlett refinement","Odd M, odd Q"
0.415315315315315,0.929600357303878,"Gaussian Bartlett refinement","Odd M, odd Q"
0.417117117117117,0.929606304088211,"Gaussian Bartlett refinement","Odd M, odd Q"
0.418918918918919,0.929612274632233,"Gaussian Bartlett refinement","Odd M, odd Q"
0.420720720720721,0.92961826914118,"Gaussian Bartlett refinement","Odd M, odd Q"
0.422522522522523,0.929624287821898,"Gaussian Bartlett refinement","Odd M, odd Q"
0.424324324324324,0.929630330882859,"Gaussian Bartlett refinement","Odd M, odd Q"
0.426126126126126,0.929636398534168,"Gaussian Bartlett refinement","Odd M, odd Q"
0.427927927927928,0.92964249098758,"Gaussian Bartlett refinement","Odd M, odd Q"
0.42972972972973,0.929648608456507,"Gaussian Bartlett refinement","Odd M, odd Q"
0.431531531531531,0.92965475115603,"Gaussian Bartlett refinement","Odd M, odd Q"
0.433333333333333,0.92966091930291,"Gaussian Bartlett refinement","Odd M, odd Q"
0.435135135135135,0.929667113115602,"Gaussian Bartlett refinement","Odd M, odd Q"
0.436936936936937,0.929673332814261,"Gaussian Bartlett refinement","Odd M, odd Q"
0.438738738738739,0.929679578620756,"Gaussian Bartlett refinement","Odd M, odd Q"
0.440540540540541,0.929685850758679,"Gaussian Bartlett refinement","Odd M, odd Q"
0.442342342342342,0.929692149453354,"Gaussian Bartlett refinement","Odd M, odd Q"
0.444144144144144,0.929698474931847,"Gaussian Bartlett refinement","Odd M, odd Q"
0.445945945945946,0.929704827422979,"Gaussian Bartlett refinement","Odd M, odd Q"
0.447747747747748,0.929711207157331,"Gaussian Bartlett refinement","Odd M, odd Q"
0.44954954954955,0.929717614367253,"Gaussian Bartlett refinement","Odd M, odd Q"
0.451351351351351,0.929724049286876,"Gaussian Bartlett refinement","Odd M, odd Q"
0.453153153153153,0.929730512152115,"Gaussian Bartlett refinement","Odd M, odd Q"
0.454954954954955,0.929737003200684,"Gaussian Bartlett refinement","Odd M, odd Q"
0.456756756756757,0.929743522672094,"Gaussian Bartlett refinement","Odd M, odd Q"
0.458558558558559,0.929750070807671,"Gaussian Bartlett refinement","Odd M, odd Q"
0.46036036036036,0.929756647850551,"Gaussian Bartlett refinement","Odd M, odd Q"
0.462162162162162,0.929763254045696,"Gaussian Bartlett refinement","Odd M, odd Q"
0.463963963963964,0.929769889639893,"Gaussian Bartlett refinement","Odd M, odd Q"
0.465765765765766,0.929776554881761,"Gaussian Bartlett refinement","Odd M, odd Q"
0.467567567567568,0.929783250021758,"Gaussian Bartlett refinement","Odd M, odd Q"
0.469369369369369,0.929789975312178,"Gaussian Bartlett refinement","Odd M, odd Q"
0.471171171171171,0.929796731007163,"Gaussian Bartlett refinement","Odd M, odd Q"
0.472972972972973,0.9298035173627,"Gaussian Bartlett refinement","Odd M, odd Q"
0.474774774774775,0.929810334636622,"Gaussian Bartlett refinement","Odd M, odd Q"
0.476576576576576,0.929817183088612,"Gaussian Bartlett refinement","Odd M, odd Q"
0.478378378378378,0.929824062980204,"Gaussian Bartlett refinement","Odd M, odd Q"
0.48018018018018,0.929830974574779,"Gaussian Bartlett refinement","Odd M, odd Q"
0.481981981981982,0.929837918137564,"Gaussian Bartlett refinement","Odd M, odd Q"
0.483783783783784,0.929844893935633,"Gaussian Bartlett refinement","Odd M, odd Q"
0.485585585585586,0.9298519022379,"Gaussian Bartlett refinement","Odd M, odd Q"
0.487387387387387,0.929858943315118,"Gaussian Bartlett refinement","Odd M, odd Q"
0.489189189189189,0.92986601743987,"Gaussian Bartlett refinement","Odd M, odd Q"
0.490990990990991,0.929873124886564,"Gaussian Bartlett refinement","Odd M, odd Q"
0.492792792792793,0.929880265931427,"Gaussian Bartlett refinement","Odd M, odd Q"
0.494594594594595,0.929887440852493,"Gaussian Bartlett refinement","Odd M, odd Q"
0.496396396396396,0.929894649929595,"Gaussian Bartlett refinement","Odd M, odd Q"
0.498198198198198,0.929901893444352,"Gaussian Bartlett refinement","Odd M, odd Q"
0.5,0.929909171680155,"Gaussian Bartlett refinement","Odd M, odd Q"
0.501801801801802,0.929916484922156,"Gaussian Bartlett refinement","Odd M, odd Q"
0.503603603603604,0.929923833457247,"Gaussian Bartlett refinement","Odd M, odd Q"
0.505405405405405,0.929931217574047,"Gaussian Bartlett refinement","Odd M, odd Q"
0.507207207207207,0.929938637562877,"Gaussian Bartlett refinement","Odd M, odd Q"
0.509009009009009,0.929946093715743,"Gaussian Bartlett refinement","Odd M, odd Q"
0.510810810810811,0.92995358632631,"Gaussian Bartlett refinement","Odd M, odd Q"
0.512612612612613,0.929961115689877,"Gaussian Bartlett refinement","Odd M, odd Q"
0.514414414414414,0.92996868210335,"Gaussian Bartlett refinement","Odd M, odd Q"
0.516216216216216,0.929976285865211,"Gaussian Bartlett refinement","Odd M, odd Q"
0.518018018018018,0.929983927275487,"Gaussian Bartlett refinement","Odd M, odd Q"
0.51981981981982,0.929991606635715,"Gaussian Bartlett refinement","Odd M, odd Q"
0.521621621621622,0.929999324248904,"Gaussian Bartlett refinement","Odd M, odd Q"
0.523423423423424,0.930007080419495,"Gaussian Bartlett refinement","Odd M, odd Q"
0.525225225225225,0.930014875453319,"Gaussian Bartlett refinement","Odd M, odd Q"
0.527027027027027,0.930022709657552,"Gaussian Bartlett refinement","Odd M, odd Q"
0.528828828828829,0.930030583340664,"Gaussian Bartlett refinement","Odd M, odd Q"
0.530630630630631,0.930038496812368,"Gaussian Bartlett refinement","Odd M, odd Q"
0.532432432432432,0.930046450383564,"Gaussian Bartlett refinement","Odd M, odd Q"
0.534234234234234,0.930054444366283,"Gaussian Bartlett refinement","Odd M, odd Q"
0.536036036036036,0.930062479073617,"Gaussian Bartlett refinement","Odd M, odd Q"
0.537837837837838,0.930070554819661,"Gaussian Bartlett refinement","Odd M, odd Q"
0.53963963963964,0.930078671919434,"Gaussian Bartlett refinement","Odd M, odd Q"
0.541441441441441,0.930086830688809,"Gaussian Bartlett refinement","Odd M, odd Q"
0.543243243243243,0.930095031444434,"Gaussian Bartlett refinement","Odd M, odd Q"
0.545045045045045,0.93010327450364,"Gaussian Bartlett refinement","Odd M, odd Q"
0.546846846846847,0.930111560184364,"Gaussian Bartlett refinement","Odd M, odd Q"
0.548648648648649,0.93011988880504,"Gaussian Bartlett refinement","Odd M, odd Q"
0.55045045045045,0.930128260684512,"Gaussian Bartlett refinement","Odd M, odd Q"
0.552252252252252,0.93013667614192,"Gaussian Bartlett refinement","Odd M, odd Q"
0.554054054054054,0.930145135496592,"Gaussian Bartlett refinement","Odd M, odd Q"
0.555855855855856,0.930153639067924,"Gaussian Bartlett refinement","Odd M, odd Q"
0.557657657657658,0.930162187175259,"Gaussian Bartlett refinement","Odd M, odd Q"
0.559459459459459,0.930170780137752,"Gaussian Bartlett refinement","Odd M, odd Q"
0.561261261261261,0.930179418274234,"Gaussian Bartlett refinement","Odd M, odd Q"
0.563063063063063,0.930188101903065,"Gaussian Bartlett refinement","Odd M, odd Q"
0.564864864864865,0.930196831341983,"Gaussian Bartlett refinement","Odd M, odd Q"
0.566666666666667,0.930205606907937,"Gaussian Bartlett refinement","Odd M, odd Q"
0.568468468468469,0.930214428916922,"Gaussian Bartlett refinement","Odd M, odd Q"
0.57027027027027,0.930223297683797,"Gaussian Bartlett refinement","Odd M, odd Q"
0.572072072072072,0.930232213522095,"Gaussian Bartlett refinement","Odd M, odd Q"
0.573873873873874,0.930241176743828,"Gaussian Bartlett refinement","Odd M, odd Q"
0.575675675675676,0.930250187659273,"Gaussian Bartlett refinement","Odd M, odd Q"
0.577477477477477,0.93025924657676,"Gaussian Bartlett refinement","Odd M, odd Q"
0.579279279279279,0.930268353802431,"Gaussian Bartlett refinement","Odd M, odd Q"
0.581081081081081,0.930277509640006,"Gaussian Bartlett refinement","Odd M, odd Q"
0.582882882882883,0.930286714390522,"Gaussian Bartlett refinement","Odd M, odd Q"
0.584684684684685,0.930295968352067,"Gaussian Bartlett refinement","Odd M, odd Q"
0.586486486486486,0.9303052718195,"Gaussian Bartlett refinement","Odd M, odd Q"
0.588288288288288,0.930314625084151,"Gaussian Bartlett refinement","Odd M, odd Q"
0.59009009009009,0.930324028433514,"Gaussian Bartlett refinement","Odd M, odd Q"
0.591891891891892,0.930333482150919,"Gaussian Bartlett refinement","Odd M, odd Q"
0.593693693693694,0.930342986515188,"Gaussian Bartlett refinement","Odd M, odd Q"
0.595495495495496,0.930352541800278,"Gaussian Bartlett refinement","Odd M, odd Q"
0.597297297297297,0.930362148274901,"Gaussian Bartlett refinement","Odd M, odd Q"
0.599099099099099,0.930371806202131,"Gaussian Bartlett refinement","Odd M, odd Q"
0.600900900900901,0.930381515838984,"Gaussian Bartlett refinement","Odd M, odd Q"
0.602702702702703,0.930391277435984,"Gaussian Bartlett refinement","Odd M, odd Q"
0.604504504504504,0.930401091236706,"Gaussian Bartlett refinement","Odd M, odd Q"
0.606306306306306,0.930410957477293,"Gaussian Bartlett refinement","Odd M, odd Q"
0.608108108108108,0.930420876385954,"Gaussian Bartlett refinement","Odd M, odd Q"
0.60990990990991,0.930430848182436,"Gaussian Bartlett refinement","Odd M, odd Q"
0.611711711711712,0.93044087307747,"Gaussian Bartlett refinement","Odd M, odd Q"
0.613513513513514,0.930450951272186,"Gaussian Bartlett refinement","Odd M, odd Q"
0.615315315315315,0.93046108295751,"Gaussian Bartlett refinement","Odd M, odd Q"
0.617117117117117,0.930471268313518,"Gaussian Bartlett refinement","Odd M, odd Q"
0.618918918918919,0.930481507508769,"Gaussian Bartlett refinement","Odd M, odd Q"
0.620720720720721,0.930491800699604,"Gaussian Bartlett refinement","Odd M, odd Q"
0.622522522522522,0.930502148029405,"Gaussian Bartlett refinement","Odd M, odd Q"
0.624324324324324,0.930512549627827,"Gaussian Bartlett refinement","Odd M, odd Q"
0.626126126126126,0.930523005609984,"Gaussian Bartlett refinement","Odd M, odd Q"
0.627927927927928,0.930533516075604,"Gaussian Bartlett refinement","Odd M, odd Q"
0.62972972972973,0.930544081108134,"Gaussian Bartlett refinement","Odd M, odd Q"
0.631531531531532,0.930554700773814,"Gaussian Bartlett refinement","Odd M, odd Q"
0.633333333333333,0.930565375120692,"Gaussian Bartlett refinement","Odd M, odd Q"
0.635135135135135,0.930576104177604,"Gaussian Bartlett refinement","Odd M, odd Q"
0.636936936936937,0.930586887953098,"Gaussian Bartlett refinement","Odd M, odd Q"
0.638738738738739,0.930597726434307,"Gaussian Bartlett refinement","Odd M, odd Q"
0.640540540540541,0.930608619585769,"Gaussian Bartlett refinement","Odd M, odd Q"
0.642342342342342,0.930619567348191,"Gaussian Bartlett refinement","Odd M, odd Q"
0.644144144144144,0.930630569637151,"Gaussian Bartlett refinement","Odd M, odd Q"
0.645945945945946,0.930641626341739,"Gaussian Bartlett refinement","Odd M, odd Q"
0.647747747747748,0.930652737323133,"Gaussian Bartlett refinement","Odd M, odd Q"
0.649549549549549,0.930663902413105,"Gaussian Bartlett refinement","Odd M, odd Q"
0.651351351351351,0.930675121412457,"Gaussian Bartlett refinement","Odd M, odd Q"
0.653153153153153,0.93068639408938,"Gaussian Bartlett refinement","Odd M, odd Q"
0.654954954954955,0.930697720177735,"Gaussian Bartlett refinement","Odd M, odd Q"
0.656756756756757,0.930709099375252,"Gaussian Bartlett refinement","Odd M, odd Q"
0.658558558558559,0.930720531341639,"Gaussian Bartlett refinement","Odd M, odd Q"
0.66036036036036,0.930732015696603,"Gaussian Bartlett refinement","Odd M, odd Q"
0.662162162162162,0.930743552017779,"Gaussian Bartlett refinement","Odd M, odd Q"
0.663963963963964,0.930755139838548,"Gaussian Bartlett refinement","Odd M, odd Q"
0.665765765765766,0.930766778645761,"Gaussian Bartlett refinement","Odd M, odd Q"
0.667567567567568,0.930778467877349,"Gaussian Bartlett refinement","Odd M, odd Q"
0.669369369369369,0.930790206919817,"Gaussian Bartlett refinement","Odd M, odd Q"
0.671171171171171,0.930801995105618,"Gaussian Bartlett refinement","Odd M, odd Q"
0.672972972972973,0.930813831710398,"Gaussian Bartlett refinement","Odd M, odd Q"
0.674774774774775,0.930825715950115,"Gaussian Bartlett refinement","Odd M, odd Q"
0.676576576576577,0.930837646978007,"Gaussian Bartlett refinement","Odd M, odd Q"
0.678378378378378,0.930849623881421,"Gaussian Bartlett refinement","Odd M, odd Q"
0.68018018018018,0.930861645678492,"Gaussian Bartlett refinement","Odd M, odd Q"
0.681981981981982,0.930873711314649,"Gaussian Bartlett refinement","Odd M, odd Q"
0.683783783783784,0.930885819658964,"Gaussian Bartlett refinement","Odd M, odd Q"
0.685585585585586,0.930897969500316,"Gaussian Bartlett refinement","Odd M, odd Q"
0.687387387387387,0.930910159543371,"Gaussian Bartlett refinement","Odd M, odd Q"
0.689189189189189,0.930922388404366,"Gaussian Bartlett refinement","Odd M, odd Q"
0.690990990990991,0.93093465460669,"Gaussian Bartlett refinement","Odd M, odd Q"
0.692792792792793,0.930946956576249,"Gaussian Bartlett refinement","Odd M, odd Q"
0.694594594594594,0.9309592926366,"Gaussian Bartlett refinement","Odd M, odd Q"
0.696396396396396,0.930971661003857,"Gaussian Bartlett refinement","Odd M, odd Q"
0.698198198198198,0.930984059781339,"Gaussian Bartlett refinement","Odd M, odd Q"
0.7,0.930996486953963,"Gaussian Bartlett refinement","Odd M, odd Q"
0.701801801801802,0.931008940382359,"Gaussian Bartlett refinement","Odd M, odd Q"
0.703603603603604,0.931021417796698,"Gaussian Bartlett refinement","Odd M, odd Q"
0.705405405405405,0.931033916790217,"Gaussian Bartlett refinement","Odd M, odd Q"
0.707207207207207,0.931046434812427,"Gaussian Bartlett refinement","Odd M, odd Q"
0.709009009009009,0.931058969161985,"Gaussian Bartlett refinement","Odd M, odd Q"
0.710810810810811,0.931071516979219,"Gaussian Bartlett refinement","Odd M, odd Q"
0.712612612612613,0.931084075238281,"Gaussian Bartlett refinement","Odd M, odd Q"
0.714414414414414,0.931096640738917,"Gaussian Bartlett refinement","Odd M, odd Q"
0.716216216216216,0.931109210097825,"Gaussian Bartlett refinement","Odd M, odd Q"
0.718018018018018,0.931121779739596,"Gaussian Bartlett refinement","Odd M, odd Q"
0.71981981981982,0.931134345887192,"Gaussian Bartlett refinement","Odd M, odd Q"
0.721621621621622,0.931146904551969,"Gaussian Bartlett refinement","Odd M, odd Q"
0.723423423423423,0.931159451523191,"Gaussian Bartlett refinement","Odd M, odd Q"
0.725225225225225,0.931171982357031,"Gaussian Bartlett refinement","Odd M, odd Q"
0.727027027027027,0.931184492365027,"Gaussian Bartlett refinement","Odd M, odd Q"
0.728828828828829,0.931196976601954,"Gaussian Bartlett refinement","Odd M, odd Q"
0.730630630630631,0.931209429853099,"Gaussian Bartlett refinement","Odd M, odd Q"
0.732432432432432,0.9312218466209,"Gaussian Bartlett refinement","Odd M, odd Q"
0.734234234234234,0.931234221110918,"Gaussian Bartlett refinement","Odd M, odd Q"
0.736036036036036,0.931246547217101,"Gaussian Bartlett refinement","Odd M, odd Q"
0.737837837837838,0.931258818506316,"Gaussian Bartlett refinement","Odd M, odd Q"
0.73963963963964,0.931271028202102,"Gaussian Bartlett refinement","Odd M, odd Q"
0.741441441441442,0.931283169167611,"Gaussian Bartlett refinement","Odd M, odd Q"
0.743243243243243,0.931295233887678,"Gaussian Bartlett refinement","Odd M, odd Q"
0.745045045045045,0.931307214450008,"Gaussian Bartlett refinement","Odd M, odd Q"
0.746846846846847,0.931319102525389,"Gaussian Bartlett refinement","Odd M, odd Q"
0.748648648648649,0.931330889346931,"Gaussian Bartlett refinement","Odd M, odd Q"
0.75045045045045,0.93134256568823,"Gaussian Bartlett refinement","Odd M, odd Q"
0.752252252252252,0.931354121840443,"Gaussian Bartlett refinement","Odd M, odd Q"
0.754054054054054,0.931365547588193,"Gaussian Bartlett refinement","Odd M, odd Q"
0.755855855855856,0.931376832184244,"Gaussian Bartlett refinement","Odd M, odd Q"
0.757657657657658,0.931387964322895,"Gaussian Bartlett refinement","Odd M, odd Q"
0.759459459459459,0.931398932112011,"Gaussian Bartlett refinement","Odd M, odd Q"
0.761261261261261,0.93140972304363,"Gaussian Bartlett refinement","Odd M, odd Q"
0.763063063063063,0.931420323963063,"Gaussian Bartlett refinement","Odd M, odd Q"
0.764864864864865,0.931430721036409,"Gaussian Bartlett refinement","Odd M, odd Q"
0.766666666666667,0.931440899716408,"Gaussian Bartlett refinement","Odd M, odd Q"
0.768468468468469,0.93145084470653,"Gaussian Bartlett refinement","Odd M, odd Q"
0.77027027027027,0.931460539923224,"Gaussian Bartlett refinement","Odd M, odd Q"
0.772072072072072,0.93146996845621,"Gaussian Bartlett refinement","Odd M, odd Q"
0.773873873873874,0.931479112526723,"Gaussian Bartlett refinement","Odd M, odd Q"
0.775675675675676,0.931487953443594,"Gaussian Bartlett refinement","Odd M, odd Q"
0.777477477477477,0.931496471557049,"Gaussian Bartlett refinement","Odd M, odd Q"
0.779279279279279,0.931504646210108,"Gaussian Bartlett refinement","Odd M, odd Q"
0.781081081081081,0.931512455687457,"Gaussian Bartlett refinement","Odd M, odd Q"
0.782882882882883,0.931519877161639,"Gaussian Bartlett refinement","Odd M, odd Q"
0.784684684684685,0.931526886636439,"Gaussian Bartlett refinement","Odd M, odd Q"
0.786486486486487,0.931533458887302,"Gaussian Bartlett refinement","Odd M, odd Q"
0.788288288288288,0.931539567398613,"Gaussian Bartlett refinement","Odd M, odd Q"
0.79009009009009,0.931545184297683,"Gaussian Bartlett refinement","Odd M, odd Q"
0.791891891891892,0.931550280285237,"Gaussian Bartlett refinement","Odd M, odd Q"
0.793693693693694,0.93155482456224,"Gaussian Bartlett refinement","Odd M, odd Q"
0.795495495495495,0.931558784752826,"Gaussian Bartlett refinement","Odd M, odd Q"
0.797297297297297,0.931562126823136,"Gaussian Bartlett refinement","Odd M, odd Q"
0.799099099099099,0.931564814995822,"Gaussian Bartlett refinement","Odd M, odd Q"
0.800900900900901,0.931566811659979,"Gaussian Bartlett refinement","Odd M, odd Q"
0.802702702702703,0.931568077276245,"Gaussian Bartlett refinement","Odd M, odd Q"
0.804504504504505,0.931568570276791,"Gaussian Bartlett refinement","Odd M, odd Q"
0.806306306306306,0.931568246959915,"Gaussian Bartlett refinement","Odd M, odd Q"
0.808108108108108,0.931567061378917,"Gaussian Bartlett refinement","Odd M, odd Q"
0.80990990990991,0.931564965224938,"Gaussian Bartlett refinement","Odd M, odd Q"
0.811711711711712,0.931561907703407,"Gaussian Bartlett refinement","Odd M, odd Q"
0.813513513513514,0.93155783540371,"Gaussian Bartlett refinement","Odd M, odd Q"
0.815315315315315,0.931552692161695,"Gaussian Bartlett refinement","Odd M, odd Q"
0.817117117117117,0.931546418914582,"Gaussian Bartlett refinement","Odd M, odd Q"
0.818918918918919,0.931538953547812,"Gaussian Bartlett refinement","Odd M, odd Q"
0.820720720720721,0.931530230733365,"Gaussian Bartlett refinement","Odd M, odd Q"
0.822522522522522,0.931520181759013,"Gaussian Bartlett refinement","Odd M, odd Q"
0.824324324324324,0.931508734347949,"Gaussian Bartlett refinement","Odd M, odd Q"
0.826126126126126,0.931495812468205,"Gaussian Bartlett refinement","Odd M, odd Q"
0.827927927927928,0.931481336131206,"Gaussian Bartlett refinement","Odd M, odd Q"
0.82972972972973,0.931465221178775,"Gaussian Bartlett refinement","Odd M, odd Q"
0.831531531531532,0.931447379057845,"Gaussian Bartlett refinement","Odd M, odd Q"
0.833333333333333,0.93142771658209,"Gaussian Bartlett refinement","Odd M, odd Q"
0.835135135135135,0.931406135679591,"Gaussian Bartlett refinement","Odd M, odd Q"
0.836936936936937,0.931382533125643,"Gaussian Bartlett refinement","Odd M, odd Q"
0.838738738738739,0.931356800259668,"Gaussian Bartlett refinement","Odd M, odd Q"
0.840540540540541,0.931328822685165,"Gaussian Bartlett refinement","Odd M, odd Q"
0.842342342342342,0.93129847995152,"Gaussian Bartlett refinement","Odd M, odd Q"
0.844144144144144,0.931265645216396,"Gaussian Bartlett refinement","Odd M, odd Q"
0.845945945945946,0.931230184887322,"Gaussian Bartlett refinement","Odd M, odd Q"
0.847747747747748,0.931191958240962,"Gaussian Bartlett refinement","Odd M, odd Q"
0.84954954954955,0.931150817018435,"Gaussian Bartlett refinement","Odd M, odd Q"
0.851351351351351,0.931106604994875,"Gaussian Bartlett refinement","Odd M, odd Q"
0.853153153153153,0.931059157521283,"Gaussian Bartlett refinement","Odd M, odd Q"
0.854954954954955,0.931008301036511,"Gaussian Bartlett refinement","Odd M, odd Q"
0.856756756756757,0.930953852547035,"Gaussian Bartlett refinement","Odd M, odd Q"
0.858558558558559,0.930895619071903,"Gaussian Bartlett refinement","Odd M, odd Q"
0.86036036036036,0.930833397050045,"Gaussian Bartlett refinement","Odd M, odd Q"
0.862162162162162,0.930766971706769,"Gaussian Bartlett refinement","Odd M, odd Q"
0.863963963963964,0.930696116375998,"Gaussian Bartlett refinement","Odd M, odd Q"
0.865765765765766,0.9306205917744,"Gaussian Bartlett refinement","Odd M, odd Q"
0.867567567567567,0.930540145223172,"Gaussian Bartlett refinement","Odd M, odd Q"
0.869369369369369,0.930454509812745,"Gaussian Bartlett refinement","Odd M, odd Q"
0.871171171171171,0.930363403505186,"Gaussian Bartlett refinement","Odd M, odd Q"
0.872972972972973,0.930266528168432,"Gaussian Bartlett refinement","Odd M, odd Q"
0.874774774774775,0.930163568535856,"Gaussian Bartlett refinement","Odd M, odd Q"
0.876576576576577,0.93005419108388,"Gaussian Bartlett refinement","Odd M, odd Q"
0.878378378378378,0.929938042819457,"Gaussian Bartlett refinement","Odd M, odd Q"
0.88018018018018,0.929814749968307,"Gaussian Bartlett refinement","Odd M, odd Q"
0.881981981981982,0.929683916553589,"Gaussian Bartlett refinement","Odd M, odd Q"
0.883783783783784,0.929545122853458,"Gaussian Bartlett refinement","Odd M, odd Q"
0.885585585585586,0.929397923724451,"Gaussian Bartlett refinement","Odd M, odd Q"
0.887387387387387,0.929241846775936,"Gaussian Bartlett refinement","Odd M, odd Q"
0.889189189189189,0.929076390378945,"Gaussian Bartlett refinement","Odd M, odd Q"
0.890990990990991,0.928901021490439,"Gaussian Bartlett refinement","Odd M, odd Q"
0.892792792792793,0.92871517327149,"Gaussian Bartlett refinement","Odd M, odd Q"
0.894594594594595,0.928518242474871,"Gaussian Bartlett refinement","Odd M, odd Q"
0.896396396396396,0.928309586574097,"Gaussian Bartlett refinement","Odd M, odd Q"
0.898198198198198,0.928088520601943,"Gaussian Bartlett refinement","Odd M, odd Q"
0.9,0.927854313661817,"Gaussian Bartlett refinement","Odd M, odd Q"
-0.9,1.34412629299931,"Total correction","Odd M, odd Q"
-0.898198198198198,1.33497353300735,"Total correction","Odd M, odd Q"
-0.896396396396396,1.32619077362684,"Total correction","Odd M, odd Q"
-0.894594594594595,1.31775755347318,"Total correction","Odd M, odd Q"
-0.892792792792793,1.30965479180096,"Total correction","Odd M, odd Q"
-0.890990990990991,1.301864679035,"Total correction","Odd M, odd Q"
-0.889189189189189,1.2943705773158,"Total correction","Odd M, odd Q"
-0.887387387387387,1.28715693001842,"Total correction","Odd M, odd Q"
-0.885585585585586,1.28020917932456,"Total correction","Odd M, odd Q"
-0.883783783783784,1.27351369103406,"Total correction","Odd M, odd Q"
-0.881981981981982,1.26705768589322,"Total correction","Odd M, odd Q"
-0.88018018018018,1.26082917679891,"Total correction","Odd M, odd Q"
-0.878378378378378,1.25481691130767,"Total correction","Odd M, odd Q"
-0.876576576576577,1.24901031894096,"Total correction","Odd M, odd Q"
-0.874774774774775,1.24339946283294,"Total correction","Odd M, odd Q"
-0.872972972972973,1.23797499531467,"Total correction","Odd M, odd Q"
-0.871171171171171,1.23272811707124,"Total correction","Odd M, odd Q"
-0.869369369369369,1.22765053954648,"Total correction","Odd M, odd Q"
-0.867567567567568,1.22273445030221,"Total correction","Odd M, odd Q"
-0.865765765765766,1.21797248106919,"Total correction","Odd M, odd Q"
-0.863963963963964,1.21335767825312,"Total correction","Odd M, odd Q"
-0.862162162162162,1.20888347568192,"Total correction","Odd M, odd Q"
-0.86036036036036,1.20454366940177,"Total correction","Odd M, odd Q"
-0.858558558558559,1.20033239434765,"Total correction","Odd M, odd Q"
-0.856756756756757,1.1962441027309,"Total correction","Odd M, odd Q"
-0.854954954954955,1.19227354400081,"Total correction","Odd M, odd Q"
-0.853153153153153,1.18841574625099,"Total correction","Odd M, odd Q"
-0.851351351351351,1.18466599895286,"Total correction","Odd M, odd Q"
-0.84954954954955,1.18101983690916,"Total correction","Odd M, odd Q"
-0.847747747747748,1.17747302533067,"Total correction","Odd M, odd Q"
-0.845945945945946,1.17402154594704,"Total correction","Odd M, odd Q"
-0.844144144144144,1.1706615840714,"Total correction","Odd M, odd Q"
-0.842342342342342,1.16738951654459,"Total correction","Odd M, odd Q"
-0.840540540540541,1.16420190049206,"Total correction","Odd M, odd Q"
-0.838738738738739,1.16109546283144,"Total correction","Odd M, odd Q"
-0.836936936936937,1.15806709047467,"Total correction","Odd M, odd Q"
-0.835135135135135,1.15511382117283,"Total correction","Odd M, odd Q"
-0.833333333333333,1.15223283495645,"Total correction","Odd M, odd Q"
-0.831531531531532,1.1494214461276,"Total correction","Odd M, odd Q"
-0.82972972972973,1.1466770957641,"Total correction","Odd M, odd Q"
-0.827927927927928,1.14399734469874,"Total correction","Odd M, odd Q"
-0.826126126126126,1.14137986694016,"Total correction","Odd M, odd Q"
-0.824324324324324,1.1388224435039,"Total correction","Odd M, odd Q"
-0.822522522522523,1.13632295662512,"Total correction","Odd M, odd Q"
-0.820720720720721,1.13387938432657,"Total correction","Odd M, odd Q"
-0.818918918918919,1.13148979531728,"Total correction","Odd M, odd Q"
-0.817117117117117,1.12915234419955,"Total correction","Odd M, odd Q"
-0.815315315315315,1.12686526696329,"Total correction","Odd M, odd Q"
-0.813513513513514,1.12462687674857,"Total correction","Odd M, odd Q"
-0.811711711711712,1.12243555985842,"Total correction","Odd M, odd Q"
-0.80990990990991,1.12028977200541,"Total correction","Odd M, odd Q"
-0.808108108108108,1.11818803477677,"Total correction","Odd M, odd Q"
-0.806306306306306,1.11612893230367,"Total correction","Odd M, odd Q"
-0.804504504504505,1.11411110812172,"Total correction","Odd M, odd Q"
-0.802702702702703,1.11213326221027,"Total correction","Odd M, odd Q"
-0.800900900900901,1.11019414819923,"Total correction","Odd M, odd Q"
-0.799099099099099,1.10829257073281,"Total correction","Odd M, odd Q"
-0.797297297297297,1.1064273829804,"Total correction","Odd M, odd Q"
-0.795495495495495,1.10459748428539,"Total correction","Odd M, odd Q"
-0.793693693693694,1.10280181794344,"Total correction","Odd M, odd Q"
-0.791891891891892,1.10103936910227,"Total correction","Odd M, odd Q"
-0.79009009009009,1.0993091627755,"Total correction","Odd M, odd Q"
-0.788288288288288,1.09761026196379,"Total correction","Odd M, odd Q"
-0.786486486486486,1.09594176587666,"Total correction","Odd M, odd Q"
-0.784684684684685,1.09430280824914,"Total correction","Odd M, odd Q"
-0.782882882882883,1.09269255574748,"Total correction","Odd M, odd Q"
-0.781081081081081,1.0911102064588,"Total correction","Odd M, odd Q"
-0.779279279279279,1.08955498845972,"Total correction","Odd M, odd Q"
-0.777477477477478,1.0880261584593,"Total correction","Odd M, odd Q"
-0.775675675675676,1.08652300051221,"Total correction","Odd M, odd Q"
-0.773873873873874,1.08504482479776,"Total correction","Odd M, odd Q"
-0.772072072072072,1.08359096646145,"Total correction","Odd M, odd Q"
-0.77027027027027,1.0821607845151,"Total correction","Odd M, odd Q"
-0.768468468468469,1.08075366079248,"Total correction","Odd M, odd Q"
-0.766666666666667,1.07936899895733,"Total correction","Odd M, odd Q"
-0.764864864864865,1.07800622356074,"Total correction","Odd M, odd Q"
-0.763063063063063,1.0766647791452,"Total correction","Odd M, odd Q"
-0.761261261261261,1.07534412939286,"Total correction","Odd M, odd Q"
-0.759459459459459,1.07404375631535,"Total correction","Odd M, odd Q"
-0.757657657657658,1.07276315948317,"Total correction","Odd M, odd Q"
-0.755855855855856,1.07150185529226,"Total correction","Odd M, odd Q"
-0.754054054054054,1.07025937626589,"Total correction","Odd M, odd Q"
-0.752252252252252,1.06903527039002,"Total correction","Odd M, odd Q"
-0.75045045045045,1.06782910048013,"Total correction","Odd M, odd Q"
-0.748648648648649,1.06664044357816,"Total correction","Odd M, odd Q"
-0.746846846846847,1.06546889037766,"Total correction","Odd M, odd Q"
-0.745045045045045,1.06431404467596,"Total correction","Odd M, odd Q"
-0.743243243243243,1.06317552285172,"Total correction","Odd M, odd Q"
-0.741441441441441,1.0620529533667,"Total correction","Odd M, odd Q"
-0.73963963963964,1.06094597629039,"Total correction","Odd M, odd Q"
-0.737837837837838,1.05985424284645,"Total correction","Odd M, odd Q"
-0.736036036036036,1.05877741497971,"Total correction","Odd M, odd Q"
-0.734234234234234,1.05771516494277,"Total correction","Odd M, odd Q"
-0.732432432432433,1.05666717490125,"Total correction","Odd M, odd Q"
-0.730630630630631,1.0556331365566,"Total correction","Odd M, odd Q"
-0.728828828828829,1.05461275078579,"Total correction","Odd M, odd Q"
-0.727027027027027,1.05360572729684,"Total correction","Odd M, odd Q"
-0.725225225225225,1.05261178429956,"Total correction","Odd M, odd Q"
-0.723423423423423,1.05163064819072,"Total correction","Odd M, odd Q"
-0.721621621621622,1.05066205325285,"Total correction","Odd M, odd Q"
-0.71981981981982,1.04970574136613,"Total correction","Odd M, odd Q"
-0.718018018018018,1.04876146173264,"Total correction","Odd M, odd Q"
-0.716216216216216,1.0478289706124,"Total correction","Odd M, odd Q"
-0.714414414414414,1.04690803107075,"Total correction","Odd M, odd Q"
-0.712612612612613,1.04599841273623,"Total correction","Odd M, odd Q"
-0.710810810810811,1.04509989156887,"Total correction","Odd M, odd Q"
-0.709009009009009,1.04421224963798,"Total correction","Odd M, odd Q"
-0.707207207207207,1.04333527490932,"Total correction","Odd M, odd Q"
-0.705405405405405,1.04246876104106,"Total correction","Odd M, odd Q"
-0.703603603603604,1.04161250718806,"Total correction","Odd M, odd Q"
-0.701801801801802,1.04076631781428,"Total correction","Odd M, odd Q"
-0.7,1.03993000251271,"Total correction","Odd M, odd Q"
-0.698198198198198,1.03910337583269,"Total correction","Odd M, odd Q"
-0.696396396396396,1.03828625711414,"Total correction","Odd M, odd Q"
-0.694594594594595,1.03747847032838,"Total correction","Odd M, odd Q"
-0.692792792792793,1.03667984392535,"Total correction","Odd M, odd Q"
-0.690990990990991,1.03589021068688,"Total correction","Odd M, odd Q"
-0.689189189189189,1.0351094075857,"Total correction","Odd M, odd Q"
-0.687387387387387,1.03433727564995,"Total correction","Odd M, odd Q"
-0.685585585585586,1.03357365983304,"Total correction","Odd M, odd Q"
-0.683783783783784,1.03281840888845,"Total correction","Odd M, odd Q"
-0.681981981981982,1.03207137524944,"Total correction","Odd M, odd Q"
-0.68018018018018,1.03133241491331,"Total correction","Odd M, odd Q"
-0.678378378378378,1.03060138733003,"Total correction","Odd M, odd Q"
-0.676576576576577,1.02987815529519,"Total correction","Odd M, odd Q"
-0.674774774774775,1.02916258484684,"Total correction","Odd M, odd Q"
-0.672972972972973,1.02845454516632,"Total correction","Odd M, odd Q"
-0.671171171171171,1.02775390848266,"Total correction","Odd M, odd Q"
-0.669369369369369,1.02706054998058,"Total correction","Odd M, odd Q"
-0.667567567567568,1.0263743477119,"Total correction","Odd M, odd Q"
-0.665765765765766,1.02569518251006,"Total correction","Odd M, odd Q"
-0.663963963963964,1.02502293790791,"Total correction","Odd M, odd Q"
-0.662162162162162,1.02435750005834,"Total correction","Odd M, odd Q"
-0.66036036036036,1.0236987576578,"Total correction","Odd M, odd Q"
-0.658558558558559,1.02304660187259,"Total correction","Odd M, odd Q"
-0.656756756756757,1.0224009262677,"Total correction","Odd M, odd Q"
-0.654954954954955,1.02176162673822,"Total correction","Odd M, odd Q"
-0.653153153153153,1.02112860144307,"Total correction","Odd M, odd Q"
-0.651351351351351,1.02050175074117,"Total correction","Odd M, odd Q"
-0.64954954954955,1.01988097712969,"Total correction","Odd M, odd Q"
-0.647747747747748,1.0192661851845,"Total correction","Odd M, odd Q"
-0.645945945945946,1.01865728150265,"Total correction","Odd M, odd Q"
-0.644144144144144,1.01805417464681,"Total correction","Odd M, odd Q"
-0.642342342342342,1.01745677509156,"Total correction","Odd M, odd Q"
-0.640540540540541,1.01686499517151,"Total correction","Odd M, odd Q"
-0.638738738738739,1.01627874903119,"Total correction","Odd M, odd Q"
-0.636936936936937,1.01569795257652,"Total correction","Odd M, odd Q"
-0.635135135135135,1.01512252342795,"Total correction","Odd M, odd Q"
-0.633333333333333,1.01455238087514,"Total correction","Odd M, odd Q"
-0.631531531531532,1.01398744583307,"Total correction","Odd M, odd Q"
-0.62972972972973,1.01342764079964,"Total correction","Odd M, odd Q"
-0.627927927927928,1.01287288981458,"Total correction","Odd M, odd Q"
-0.626126126126126,1.01232311841968,"Total correction","Odd M, odd Q"
-0.624324324324324,1.01177825362037,"Total correction","Odd M, odd Q"
-0.622522522522523,1.0112382238484,"Total correction","Odd M, odd Q"
-0.620720720720721,1.01070295892578,"Total correction","Odd M, odd Q"
-0.618918918918919,1.0101723900298,"Total correction","Odd M, odd Q"
-0.617117117117117,1.00964644965919,"Total correction","Odd M, odd Q"
-0.615315315315315,1.00912507160125,"Total correction","Odd M, odd Q"
-0.613513513513513,1.00860819090007,"Total correction","Odd M, odd Q"
-0.611711711711712,1.00809574382571,"Total correction","Odd M, odd Q"
-0.60990990990991,1.00758766784421,"Total correction","Odd M, odd Q"
-0.608108108108108,1.0070839015887,"Total correction","Odd M, odd Q"
-0.606306306306306,1.00658438483117,"Total correction","Odd M, odd Q"
-0.604504504504505,1.00608905845525,"Total correction","Odd M, odd Q"
-0.602702702702703,1.00559786442968,"Total correction","Odd M, odd Q"
-0.600900900900901,1.00511074578264,"Total correction","Odd M, odd Q"
-0.599099099099099,1.0046276465768,"Total correction","Odd M, odd Q"
-0.597297297297297,1.00414851188508,"Total correction","Odd M, odd Q"
-0.595495495495496,1.00367328776715,"Total correction","Odd M, odd Q"
-0.593693693693694,1.00320192124661,"Total correction","Odd M, odd Q"
-0.591891891891892,1.00273436028873,"Total correction","Odd M, odd Q"
-0.59009009009009,1.002270553779,"Total correction","Odd M, odd Q"
-0.588288288288288,1.0018104515021,"Total correction","Odd M, odd Q"
-0.586486486486486,1.00135400412159,"Total correction","Odd M, odd Q"
-0.584684684684685,1.0009011631601,"Total correction","Odd M, odd Q"
-0.582882882882883,1.00045188098011,"Total correction","Odd M, odd Q"
-0.581081081081081,1.00000611076525,"Total correction","Odd M, odd Q"
-0.579279279279279,0.99956380650212,"Total correction","Odd M, odd Q"
-0.577477477477478,0.999124922962558,"Total correction","Odd M, odd Q"
-0.575675675675676,0.998689415686471,"Total correction","Odd M, odd Q"
-0.573873873873874,0.998257240965079,"Total correction","Odd M, odd Q"
-0.572072072072072,0.997828355824613,"Total correction","Odd M, odd Q"
-0.57027027027027,0.997402718010467,"Total correction","Odd M, odd Q"
-0.568468468468468,0.99698028597175,"Total correction","Odd M, odd Q"
-0.566666666666667,0.996561018846265,"Total correction","Odd M, odd Q"
-0.564864864864865,0.996144876445873,"Total correction","Odd M, odd Q"
-0.563063063063063,0.995731819242241,"Total correction","Odd M, odd Q"
-0.561261261261261,0.995321808352957,"Total correction","Odd M, odd Q"
-0.55945945945946,0.994914805528019,"Total correction","Odd M, odd Q"
-0.557657657657658,0.994510773136651,"Total correction","Odd M, odd Q"
-0.555855855855856,0.994109674154469,"Total correction","Odd M, odd Q"
-0.554054054054054,0.993711472150969,"Total correction","Odd M, odd Q"
-0.552252252252252,0.993316131277341,"Total correction","Odd M, odd Q"
-0.55045045045045,0.99292361625457,"Total correction","Odd M, odd Q"
-0.548648648648649,0.99253389236186,"Total correction","Odd M, odd Q"
-0.546846846846847,0.992146925425318,"Total correction","Odd M, odd Q"
-0.545045045045045,0.991762681806951,"Total correction","Odd M, odd Q"
-0.543243243243243,0.991381128393902,"Total correction","Odd M, odd Q"
-0.541441441441441,0.991002232587977,"Total correction","Odd M, odd Q"
-0.53963963963964,0.990625962295402,"Total correction","Odd M, odd Q"
-0.537837837837838,0.99025228591686,"Total correction","Odd M, odd Q"
-0.536036036036036,0.989881172337732,"Total correction","Odd M, odd Q"
-0.534234234234234,0.989512590918604,"Total correction","Odd M, odd Q"
-0.532432432432432,0.989146511485982,"Total correction","Odd M, odd Q"
-0.530630630630631,0.988782904323239,"Total correction","Odd M, odd Q"
-0.528828828828829,0.988421740161764,"Total correction","Odd M, odd Q"
-0.527027027027027,0.988062990172337,"Total correction","Odd M, odd Q"
-0.525225225225225,0.987706625956682,"Total correction","Odd M, odd Q"
-0.523423423423423,0.987352619539248,"Total correction","Odd M, odd Q"
-0.521621621621622,0.987000943359148,"Total correction","Odd M, odd Q"
-0.51981981981982,0.986651570262313,"Total correction","Odd M, odd Q"
-0.518018018018018,0.986304473493801,"Total correction","Odd M, odd Q"
-0.516216216216216,0.985959626690305,"Total correction","Odd M, odd Q"
-0.514414414414414,0.985617003872818,"Total correction","Odd M, odd Q"
-0.512612612612613,0.985276579439465,"Total correction","Odd M, odd Q"
-0.510810810810811,0.984938328158498,"Total correction","Odd M, odd Q"
-0.509009009009009,0.984602225161456,"Total correction","Odd M, odd Q"
-0.507207207207207,0.984268245936466,"Total correction","Odd M, odd Q"
-0.505405405405405,0.983936366321702,"Total correction","Odd M, odd Q"
-0.503603603603604,0.983606562498979,"Total correction","Odd M, odd Q"
-0.501801801801802,0.983278810987505,"Total correction","Odd M, odd Q"
-0.5,0.982953088637751,"Total correction","Odd M, odd Q"
-0.498198198198198,0.982629372625468,"Total correction","Odd M, odd Q"
-0.496396396396396,0.982307640445829,"Total correction","Odd M, odd Q"
-0.494594594594595,0.981987869907703,"Total correction","Odd M, odd Q"
-0.492792792792793,0.981670039128042,"Total correction","Odd M, odd Q"
-0.490990990990991,0.981354126526402,"Total correction","Odd M, odd Q"
-0.489189189189189,0.98104011081957,"Total correction","Odd M, odd Q"
-0.487387387387387,0.980727971016313,"Total correction","Odd M, odd Q"
-0.485585585585586,0.980417686412235,"Total correction","Odd M, odd Q"
-0.483783783783784,0.98010923658474,"Total correction","Odd M, odd Q"
-0.481981981981982,0.979802601388109,"Total correction","Odd M, odd Q"
-0.48018018018018,0.979497760948673,"Total correction","Odd M, odd Q"
-0.478378378378378,0.979194695660086,"Total correction","Odd M, odd Q"
-0.476576576576577,0.978893386178706,"Total correction","Odd M, odd Q"
-0.474774774774775,0.978593813419058,"Total correction","Odd M, odd Q"
-0.472972972972973,0.978295958549402,"Total correction","Odd M, odd Q"
-0.471171171171171,0.977999802987383,"Total correction","Odd M, odd Q"
-0.469369369369369,0.977705328395779,"Total correction","Odd M, odd Q"
-0.467567567567568,0.977412516678327,"Total correction","Odd M, odd Q"
-0.465765765765766,0.977121349975641,"Total correction","Odd M, odd Q"
-0.463963963963964,0.976831810661205,"Total correction","Odd M, odd Q"
-0.462162162162162,0.976543881337454,"Total correction","Odd M, odd Q"
-0.46036036036036,0.976257544831926,"Total correction","Odd M, odd Q"
-0.458558558558559,0.975972784193504,"Total correction","Odd M, odd Q"
-0.456756756756757,0.975689582688712,"Total correction","Odd M, odd Q"
-0.454954954954955,0.975407923798106,"Total correction","Odd M, odd Q"
-0.453153153153153,0.97512779121272,"Total correction","Odd M, odd Q"
-0.451351351351351,0.974849168830594,"Total correction","Odd M, odd Q"
-0.44954954954955,0.97457204075336,"Total correction","Odd M, odd Q"
-0.447747747747748,0.974296391282903,"Total correction","Odd M, odd Q"
-0.445945945945946,0.974022204918079,"Total correction","Odd M, odd Q"
-0.444144144144144,0.973749466351506,"Total correction","Odd M, odd Q"
-0.442342342342342,0.973478160466404,"Total correction","Odd M, odd Q"
-0.440540540540541,0.973208272333516,"Total correction","Odd M, odd Q"
-0.438738738738739,0.97293978720806,"Total correction","Odd M, odd Q"
-0.436936936936937,0.97267269052677,"Total correction","Odd M, odd Q"
-0.435135135135135,0.972406967904965,"Total correction","Odd M, odd Q"
-0.433333333333333,0.972142605133698,"Total correction","Odd M, odd Q"
-0.431531531531532,0.97187958817694,"Total correction","Odd M, odd Q"
-0.42972972972973,0.971617903168828,"Total correction","Odd M, odd Q"
-0.427927927927928,0.97135753641096,"Total correction","Odd M, odd Q"
-0.426126126126126,0.971098474369744,"Total correction","Odd M, odd Q"
-0.424324324324324,0.970840703673789,"Total correction","Odd M, odd Q"
-0.422522522522523,0.97058421111136,"Total correction","Odd M, odd Q"
-0.420720720720721,0.970328983627858,"Total correction","Odd M, odd Q"
-0.418918918918919,0.970075008323367,"Total correction","Odd M, odd Q"
-0.417117117117117,0.969822272450231,"Total correction","Odd M, odd Q"
-0.415315315315315,0.96957076341069,"Total correction","Odd M, odd Q"
-0.413513513513514,0.969320468754542,"Total correction","Odd M, odd Q"
-0.411711711711712,0.969071376176862,"Total correction","Odd M, odd Q"
-0.40990990990991,0.968823473515756,"Total correction","Odd M, odd Q"
-0.408108108108108,0.968576748750156,"Total correction","Odd M, odd Q"
-0.406306306306306,0.968331189997652,"Total correction","Odd M, odd Q"
-0.404504504504505,0.968086785512373,"Total correction","Odd M, odd Q"
-0.402702702702703,0.967843523682893,"Total correction","Odd M, odd Q"
-0.400900900900901,0.967601393030183,"Total correction","Odd M, odd Q"
-0.399099099099099,0.967360382205595,"Total correction","Odd M, odd Q"
-0.397297297297297,0.967120479988884,"Total correction","Odd M, odd Q"
-0.395495495495496,0.966881675286266,"Total correction","Odd M, odd Q"
-0.393693693693694,0.966643957128507,"Total correction","Odd M, odd Q"
-0.391891891891892,0.966407314669044,"Total correction","Odd M, odd Q"
-0.39009009009009,0.966171737182149,"Total correction","Odd M, odd Q"
-0.388288288288288,0.965937214061109,"Total correction","Odd M, odd Q"
-0.386486486486487,0.965703734816454,"Total correction","Odd M, odd Q"
-0.384684684684685,0.965471289074202,"Total correction","Odd M, odd Q"
-0.382882882882883,0.965239866574146,"Total correction","Odd M, odd Q"
-0.381081081081081,0.965009457168159,"Total correction","Odd M, odd Q"
-0.379279279279279,0.964780050818537,"Total correction","Odd M, odd Q"
-0.377477477477478,0.964551637596366,"Total correction","Odd M, odd Q"
-0.375675675675676,0.964324207679921,"Total correction","Odd M, odd Q"
-0.373873873873874,0.964097751353084,"Total correction","Odd M, odd Q"
-0.372072072072072,0.963872259003794,"Total correction","Odd M, odd Q"
-0.37027027027027,0.963647721122529,"Total correction","Odd M, odd Q"
-0.368468468468468,0.9634241283008,"Total correction","Odd M, odd Q"
-0.366666666666667,0.963201471229683,"Total correction","Odd M, odd Q"
-0.364864864864865,0.962979740698367,"Total correction","Odd M, odd Q"
-0.363063063063063,0.96275892759273,"Total correction","Odd M, odd Q"
-0.361261261261261,0.962539022893938,"Total correction","Odd M, odd Q"
-0.359459459459459,0.962320017677067,"Total correction","Odd M, odd Q"
-0.357657657657658,0.96210190310975,"Total correction","Odd M, odd Q"
-0.355855855855856,0.961884670450839,"Total correction","Odd M, odd Q"
-0.354054054054054,0.961668311049097,"Total correction","Odd M, odd Q"
-0.352252252252252,0.961452816341909,"Total correction","Odd M, odd Q"
-0.35045045045045,0.961238177854012,"Total correction","Odd M, odd Q"
-0.348648648648649,0.961024387196247,"Total correction","Odd M, odd Q"
-0.346846846846847,0.960811436064329,"Total correction","Odd M, odd Q"
-0.345045045045045,0.960599316237643,"Total correction","Odd M, odd Q"
-0.343243243243243,0.960388019578049,"Total correction","Odd M, odd Q"
-0.341441441441442,0.96017753802872,"Total correction","Odd M, odd Q"
-0.33963963963964,0.959967863612982,"Total correction","Odd M, odd Q"
-0.337837837837838,0.95975898843319,"Total correction","Odd M, odd Q"
-0.336036036036036,0.959550904669605,"Total correction","Odd M, odd Q"
-0.334234234234234,0.959343604579302,"Total correction","Odd M, odd Q"
-0.332432432432432,0.959137080495088,"Total correction","Odd M, odd Q"
-0.330630630630631,0.958931324824437,"Total correction","Odd M, odd Q"
-0.328828828828829,0.958726330048449,"Total correction","Odd M, odd Q"
-0.327027027027027,0.958522088720813,"Total correction","Odd M, odd Q"
-0.325225225225225,0.958318593466798,"Total correction","Odd M, odd Q"
-0.323423423423423,0.958115836982251,"Total correction","Odd M, odd Q"
-0.321621621621622,0.957913812032617,"Total correction","Odd M, odd Q"
-0.31981981981982,0.957712511451969,"Total correction","Odd M, odd Q"
-0.318018018018018,0.957511928142055,"Total correction","Odd M, odd Q"
-0.316216216216216,0.957312055071358,"Total correction","Odd M, odd Q"
-0.314414414414414,0.957112885274179,"Total correction","Odd M, odd Q"
-0.312612612612613,0.956914411849715,"Total correction","Odd M, odd Q"
-0.310810810810811,0.956716627961172,"Total correction","Odd M, odd Q"
-0.309009009009009,0.956519526834876,"Total correction","Odd M, odd Q"
-0.307207207207207,0.956323101759412,"Total correction","Odd M, odd Q"
-0.305405405405405,0.956127346084754,"Total correction","Odd M, odd Q"
-0.303603603603604,0.955932253221433,"Total correction","Odd M, odd Q"
-0.301801801801802,0.955737816639699,"Total correction","Odd M, odd Q"
-0.3,0.955544029868705,"Total correction","Odd M, odd Q"
-0.298198198198198,0.955350886495699,"Total correction","Odd M, odd Q"
-0.296396396396396,0.955158380165227,"Total correction","Odd M, odd Q"
-0.294594594594595,0.954966504578354,"Total correction","Odd M, odd Q"
-0.292792792792793,0.954775253491887,"Total correction","Odd M, odd Q"
-0.290990990990991,0.954584620717619,"Total correction","Odd M, odd Q"
-0.289189189189189,0.954394600121575,"Total correction","Odd M, odd Q"
-0.287387387387387,0.954205185623275,"Total correction","Odd M, odd Q"
-0.285585585585586,0.954016371195007,"Total correction","Odd M, odd Q"
-0.283783783783784,0.953828150861107,"Total correction","Odd M, odd Q"
-0.281981981981982,0.953640518697254,"Total correction","Odd M, odd Q"
-0.28018018018018,0.953453468829767,"Total correction","Odd M, odd Q"
-0.278378378378378,0.953266995434926,"Total correction","Odd M, odd Q"
-0.276576576576577,0.953081092738286,"Total correction","Odd M, odd Q"
-0.274774774774775,0.952895755014015,"Total correction","Odd M, odd Q"
-0.272972972972973,0.952710976584229,"Total correction","Odd M, odd Q"
-0.271171171171171,0.952526751818349,"Total correction","Odd M, odd Q"
-0.269369369369369,0.952343075132454,"Total correction","Odd M, odd Q"
-0.267567567567568,0.952159940988654,"Total correction","Odd M, odd Q"
-0.265765765765766,0.951977343894463,"Total correction","Odd M, odd Q"
-0.263963963963964,0.95179527840219,"Total correction","Odd M, odd Q"
-0.262162162162162,0.951613739108325,"Total correction","Odd M, odd Q"
-0.26036036036036,0.951432720652951,"Total correction","Odd M, odd Q"
-0.258558558558559,0.951252217719143,"Total correction","Odd M, odd Q"
-0.256756756756757,0.951072225032399,"Total correction","Odd M, odd Q"
-0.254954954954955,0.950892737360055,"Total correction","Odd M, odd Q"
-0.253153153153153,0.950713749510725,"Total correction","Odd M, odd Q"
-0.251351351351351,0.950535256333741,"Total correction","Odd M, odd Q"
-0.24954954954955,0.950357252718603,"Total correction","Odd M, odd Q"
-0.247747747747748,0.950179733594434,"Total correction","Odd M, odd Q"
-0.245945945945946,0.950002693929441,"Total correction","Odd M, odd Q"
-0.244144144144144,0.949826128730394,"Total correction","Odd M, odd Q"
-0.242342342342342,0.949650033042091,"Total correction","Odd M, odd Q"
-0.240540540540541,0.949474401946855,"Total correction","Odd M, odd Q"
-0.238738738738739,0.949299230564014,"Total correction","Odd M, odd Q"
-0.236936936936937,0.949124514049406,"Total correction","Odd M, odd Q"
-0.235135135135135,0.948950247594881,"Total correction","Odd M, odd Q"
-0.233333333333333,0.94877642642781,"Total correction","Odd M, odd Q"
-0.231531531531531,0.948603045810602,"Total correction","Odd M, odd Q"
-0.22972972972973,0.948430101040227,"Total correction","Odd M, odd Q"
-0.227927927927928,0.948257587447747,"Total correction","Odd M, odd Q"
-0.226126126126126,0.948085500397848,"Total correction","Odd M, odd Q"
-0.224324324324324,0.947913835288379,"Total correction","Odd M, odd Q"
-0.222522522522523,0.947742587549904,"Total correction","Odd M, odd Q"
-0.220720720720721,0.94757175264525,"Total correction","Odd M, odd Q"
-0.218918918918919,0.947401326069063,"Total correction","Odd M, odd Q"
-0.217117117117117,0.947231303347374,"Total correction","Odd M, odd Q"
-0.215315315315315,0.947061680037167,"Total correction","Odd M, odd Q"
-0.213513513513514,0.94689245172595,"Total correction","Odd M, odd Q"
-0.211711711711712,0.946723614031337,"Total correction","Odd M, odd Q"
-0.20990990990991,0.946555162600629,"Total correction","Odd M, odd Q"
-0.208108108108108,0.946387093110403,"Total correction","Odd M, odd Q"
-0.206306306306306,0.946219401266107,"Total correction","Odd M, odd Q"
-0.204504504504505,0.946052082801659,"Total correction","Odd M, odd Q"
-0.202702702702703,0.945885133479046,"Total correction","Odd M, odd Q"
-0.200900900900901,0.945718549087936,"Total correction","Odd M, odd Q"
-0.199099099099099,0.94555232544529,"Total correction","Odd M, odd Q"
-0.197297297297297,0.945386458394976,"Total correction","Odd M, odd Q"
-0.195495495495495,0.945220943807393,"Total correction","Odd M, odd Q"
-0.193693693693694,0.945055777579094,"Total correction","Odd M, odd Q"
-0.191891891891892,0.944890955632421,"Total correction","Odd M, odd Q"
-0.19009009009009,0.944726473915132,"Total correction","Odd M, odd Q"
-0.188288288288288,0.944562328400044,"Total correction","Odd M, odd Q"
-0.186486486486486,0.944398515084675,"Total correction","Odd M, odd Q"
-0.184684684684685,0.944235029990887,"Total correction","Odd M, odd Q"
-0.182882882882883,0.94407186916454,"Total correction","Odd M, odd Q"
-0.181081081081081,0.943909028675142,"Total correction","Odd M, odd Q"
-0.179279279279279,0.943746504615512,"Total correction","Odd M, odd Q"
-0.177477477477477,0.943584293101435,"Total correction","Odd M, odd Q"
-0.175675675675676,0.943422390271331,"Total correction","Odd M, odd Q"
-0.173873873873874,0.943260792285924,"Total correction","Odd M, odd Q"
-0.172072072072072,0.943099495327913,"Total correction","Odd M, odd Q"
-0.17027027027027,0.942938495601645,"Total correction","Odd M, odd Q"
-0.168468468468469,0.9427777893328,"Total correction","Odd M, odd Q"
-0.166666666666667,0.942617372768066,"Total correction","Odd M, odd Q"
-0.164864864864865,0.942457242174831,"Total correction","Odd M, odd Q"
-0.163063063063063,0.94229739384087,"Total correction","Odd M, odd Q"
-0.161261261261261,0.942137824074032,"Total correction","Odd M, odd Q"
-0.159459459459459,0.941978529201944,"Total correction","Odd M, odd Q"
-0.157657657657658,0.9418195055717,"Total correction","Odd M, odd Q"
-0.155855855855856,0.941660749549569,"Total correction","Odd M, odd Q"
-0.154054054054054,0.941502257520695,"Total correction","Odd M, odd Q"
-0.152252252252252,0.941344025888807,"Total correction","Odd M, odd Q"
-0.15045045045045,0.941186051075923,"Total correction","Odd M, odd Q"
-0.148648648648649,0.941028329522071,"Total correction","Odd M, odd Q"
-0.146846846846847,0.940870857684997,"Total correction","Odd M, odd Q"
-0.145045045045045,0.940713632039886,"Total correction","Odd M, odd Q"
-0.143243243243243,0.940556649079083,"Total correction","Odd M, odd Q"
-0.141441441441441,0.940399905311814,"Total correction","Odd M, odd Q"
-0.13963963963964,0.940243397263914,"Total correction","Odd M, odd Q"
-0.137837837837838,0.940087121477553,"Total correction","Odd M, odd Q"
-0.136036036036036,0.939931074510968,"Total correction","Odd M, odd Q"
-0.134234234234234,0.939775252938197,"Total correction","Odd M, odd Q"
-0.132432432432432,0.939619653348813,"Total correction","Odd M, odd Q"
-0.130630630630631,0.939464272347658,"Total correction","Odd M, odd Q"
-0.128828828828829,0.939309106554591,"Total correction","Odd M, odd Q"
-0.127027027027027,0.939154152604223,"Total correction","Odd M, odd Q"
-0.125225225225225,0.938999407145664,"Total correction","Odd M, odd Q"
-0.123423423423423,0.938844866842273,"Total correction","Odd M, odd Q"
-0.121621621621622,0.938690528371397,"Total correction","Odd M, odd Q"
-0.11981981981982,0.938536388424132,"Total correction","Odd M, odd Q"
-0.118018018018018,0.938382443705068,"Total correction","Odd M, odd Q"
-0.116216216216216,0.93822869093205,"Total correction","Odd M, odd Q"
-0.114414414414414,0.938075126835927,"Total correction","Odd M, odd Q"
-0.112612612612613,0.937921748160317,"Total correction","Odd M, odd Q"
-0.110810810810811,0.937768551661364,"Total correction","Odd M, odd Q"
-0.109009009009009,0.9376155341075,"Total correction","Odd M, odd Q"
-0.107207207207207,0.93746269227921,"Total correction","Odd M, odd Q"
-0.105405405405405,0.937310022968795,"Total correction","Odd M, odd Q"
-0.103603603603604,0.937157522980145,"Total correction","Odd M, odd Q"
-0.101801801801802,0.937005189128499,"Total correction","Odd M, odd Q"
-0.1,0.936853018240224,"Total correction","Odd M, odd Q"
-0.0981981981981982,0.936701007152582,"Total correction","Odd M, odd Q"
-0.0963963963963964,0.936549152713506,"Total correction","Odd M, odd Q"
-0.0945945945945946,0.936397451781374,"Total correction","Odd M, odd Q"
-0.0927927927927928,0.936245901224785,"Total correction","Odd M, odd Q"
-0.0909909909909909,0.936094497922339,"Total correction","Odd M, odd Q"
-0.0891891891891892,0.935943238762415,"Total correction","Odd M, odd Q"
-0.0873873873873874,0.935792120642955,"Total correction","Odd M, odd Q"
-0.0855855855855856,0.93564114047124,"Total correction","Odd M, odd Q"
-0.0837837837837838,0.93549029516368,"Total correction","Odd M, odd Q"
-0.081981981981982,0.935339581645595,"Total correction","Odd M, odd Q"
-0.0801801801801801,0.935188996851002,"Total correction","Odd M, odd Q"
-0.0783783783783784,0.935038537722404,"Total correction","Odd M, odd Q"
-0.0765765765765766,0.934888201210577,"Total correction","Odd M, odd Q"
-0.0747747747747748,0.934737984274359,"Total correction","Odd M, odd Q"
-0.072972972972973,0.934587883880441,"Total correction","Odd M, odd Q"
-0.0711711711711712,0.93443789700316,"Total correction","Odd M, odd Q"
-0.0693693693693693,0.934288020624294,"Total correction","Odd M, odd Q"
-0.0675675675675675,0.93413825173285,"Total correction","Odd M, odd Q"
-0.0657657657657658,0.933988587324864,"Total correction","Odd M, odd Q"
-0.063963963963964,0.933839024403196,"Total correction","Odd M, odd Q"
-0.0621621621621622,0.933689559977326,"Total correction","Odd M, odd Q"
-0.0603603603603604,0.933540191063152,"Total correction","Odd M, odd Q"
-0.0585585585585585,0.933390914682789,"Total correction","Odd M, odd Q"
-0.0567567567567567,0.933241727864369,"Total correction","Odd M, odd Q"
-0.0549549549549549,0.933092627641841,"Total correction","Odd M, odd Q"
-0.0531531531531532,0.932943611054772,"Total correction","Odd M, odd Q"
-0.0513513513513514,0.93279467514815,"Total correction","Odd M, odd Q"
-0.0495495495495496,0.932645816972184,"Total correction","Odd M, odd Q"
-0.0477477477477477,0.932497033582112,"Total correction","Odd M, odd Q"
-0.0459459459459459,0.932348322038002,"Total correction","Odd M, odd Q"
-0.0441441441441441,0.932199679404556,"Total correction","Odd M, odd Q"
-0.0423423423423424,0.932051102750918,"Total correction","Odd M, odd Q"
-0.0405405405405406,0.931902589150479,"Total correction","Odd M, odd Q"
-0.0387387387387388,0.931754135680683,"Total correction","Odd M, odd Q"
-0.0369369369369369,0.931605739422835,"Total correction","Odd M, odd Q"
-0.0351351351351351,0.931457397461909,"Total correction","Odd M, odd Q"
-0.0333333333333333,0.931309106886356,"Total correction","Odd M, odd Q"
-0.0315315315315315,0.931160864787911,"Total correction","Odd M, odd Q"
-0.0297297297297298,0.931012668261403,"Total correction","Odd M, odd Q"
-0.027927927927928,0.930864514404569,"Total correction","Odd M, odd Q"
-0.0261261261261261,0.930716400317856,"Total correction","Odd M, odd Q"
-0.0243243243243243,0.930568323104237,"Total correction","Odd M, odd Q"
-0.0225225225225225,0.930420279869019,"Total correction","Odd M, odd Q"
-0.0207207207207207,0.930272267719657,"Total correction","Odd M, odd Q"
-0.0189189189189189,0.930124283765561,"Total correction","Odd M, odd Q"
-0.0171171171171172,0.929976325117912,"Total correction","Odd M, odd Q"
-0.0153153153153153,0.929828388889469,"Total correction","Odd M, odd Q"
-0.0135135135135135,0.929680472194387,"Total correction","Odd M, odd Q"
-0.0117117117117117,0.929532572148021,"Total correction","Odd M, odd Q"
-0.00990990990990992,0.929384685866749,"Total correction","Odd M, odd Q"
-0.00810810810810814,0.929236810467772,"Total correction","Odd M, odd Q"
-0.00630630630630635,0.929088943068938,"Total correction","Odd M, odd Q"
-0.00450450450450446,0.928941080788548,"Total correction","Odd M, odd Q"
-0.00270270270270268,0.92879322074517,"Total correction","Odd M, odd Q"
-0.000900900900900892,0.928645360057453,"Total correction","Odd M, odd Q"
0.000900900900900892,0.928497495843939,"Total correction","Odd M, odd Q"
0.00270270270270268,0.928349625222874,"Total correction","Odd M, odd Q"
0.00450450450450446,0.928201745312025,"Total correction","Odd M, odd Q"
0.00630630630630635,0.928053853228487,"Total correction","Odd M, odd Q"
0.00810810810810814,0.927905946088502,"Total correction","Odd M, odd Q"
0.00990990990990992,0.927758021007264,"Total correction","Odd M, odd Q"
0.0117117117117117,0.927610075098739,"Total correction","Odd M, odd Q"
0.0135135135135135,0.92746210547547,"Total correction","Odd M, odd Q"
0.0153153153153153,0.927314109248394,"Total correction","Odd M, odd Q"
0.0171171171171172,0.927166083526652,"Total correction","Odd M, odd Q"
0.0189189189189189,0.927018025417399,"Total correction","Odd M, odd Q"
0.0207207207207207,0.926869932025617,"Total correction","Odd M, odd Q"
0.0225225225225225,0.926721800453924,"Total correction","Odd M, odd Q"
0.0243243243243243,0.92657362780239,"Total correction","Odd M, odd Q"
0.0261261261261261,0.926425411168336,"Total correction","Odd M, odd Q"
0.0279279279279279,0.926277147646156,"Total correction","Odd M, odd Q"
0.0297297297297298,0.92612883432712,"Total correction","Odd M, odd Q"
0.0315315315315315,0.925980468299182,"Total correction","Odd M, odd Q"
0.0333333333333333,0.925832046646792,"Total correction","Odd M, odd Q"
0.0351351351351351,0.925683566450702,"Total correction","Odd M, odd Q"
0.0369369369369369,0.925535024787774,"Total correction","Odd M, odd Q"
0.0387387387387387,0.925386418730787,"Total correction","Odd M, odd Q"
0.0405405405405406,0.925237745348242,"Total correction","Odd M, odd Q"
0.0423423423423424,0.925089001704172,"Total correction","Odd M, odd Q"
0.0441441441441441,0.924940184857941,"Total correction","Odd M, odd Q"
0.0459459459459459,0.924791291864052,"Total correction","Odd M, odd Q"
0.0477477477477477,0.924642319771952,"Total correction","Odd M, odd Q"
0.0495495495495495,0.924493265625833,"Total correction","Odd M, odd Q"
0.0513513513513514,0.924344126464436,"Total correction","Odd M, odd Q"
0.0531531531531532,0.924194899320848,"Total correction","Odd M, odd Q"
0.0549549549549549,0.924045581222312,"Total correction","Odd M, odd Q"
0.0567567567567567,0.923896169190018,"Total correction","Odd M, odd Q"
0.0585585585585585,0.923746660238907,"Total correction","Odd M, odd Q"
0.0603603603603603,0.923597051377467,"Total correction","Odd M, odd Q"
0.0621621621621622,0.923447339607533,"Total correction","Odd M, odd Q"
0.063963963963964,0.923297521924082,"Total correction","Odd M, odd Q"
0.0657657657657658,0.923147595315027,"Total correction","Odd M, odd Q"
0.0675675675675675,0.922997556761015,"Total correction","Odd M, odd Q"
0.0693693693693693,0.922847403235218,"Total correction","Odd M, odd Q"
0.0711711711711711,0.922697131703125,"Total correction","Odd M, odd Q"
0.072972972972973,0.922546739122338,"Total correction","Odd M, odd Q"
0.0747747747747748,0.922396222442354,"Total correction","Odd M, odd Q"
0.0765765765765766,0.922245578604363,"Total correction","Odd M, odd Q"
0.0783783783783784,0.922094804541031,"Total correction","Odd M, odd Q"
0.0801801801801801,0.921943897176285,"Total correction","Odd M, odd Q"
0.0819819819819819,0.921792853425105,"Total correction","Odd M, odd Q"
0.0837837837837838,0.921641670193303,"Total correction","Odd M, odd Q"
0.0855855855855856,0.921490344377307,"Total correction","Odd M, odd Q"
0.0873873873873874,0.921338872863944,"Total correction","Odd M, odd Q"
0.0891891891891892,0.921187252530219,"Total correction","Odd M, odd Q"
0.0909909909909909,0.921035480243093,"Total correction","Odd M, odd Q"
0.0927927927927927,0.920883552859263,"Total correction","Odd M, odd Q"
0.0945945945945946,0.920731467224938,"Total correction","Odd M, odd Q"
0.0963963963963964,0.920579220175609,"Total correction","Odd M, odd Q"
0.0981981981981982,0.920426808535826,"Total correction","Odd M, odd Q"
0.1,0.92027422911897,"Total correction","Odd M, odd Q"
0.101801801801802,0.920121478727018,"Total correction","Odd M, odd Q"
0.103603603603604,0.919968554150318,"Total correction","Odd M, odd Q"
0.105405405405405,0.919815452167348,"Total correction","Odd M, odd Q"
0.107207207207207,0.919662169544485,"Total correction","Odd M, odd Q"
0.109009009009009,0.91950870303577,"Total correction","Odd M, odd Q"
0.110810810810811,0.919355049382663,"Total correction","Odd M, odd Q"
0.112612612612613,0.919201205313806,"Total correction","Odd M, odd Q"
0.114414414414414,0.919047167544783,"Total correction","Odd M, odd Q"
0.116216216216216,0.918892932777868,"Total correction","Odd M, odd Q"
0.118018018018018,0.918738497701788,"Total correction","Odd M, odd Q"
0.11981981981982,0.918583858991467,"Total correction","Odd M, odd Q"
0.121621621621622,0.918429013307777,"Total correction","Odd M, odd Q"
0.123423423423423,0.918273957297291,"Total correction","Odd M, odd Q"
0.125225225225225,0.918118687592021,"Total correction","Odd M, odd Q"
0.127027027027027,0.917963200809166,"Total correction","Odd M, odd Q"
0.128828828828829,0.917807493550852,"Total correction","Odd M, odd Q"
0.130630630630631,0.917651562403868,"Total correction","Odd M, odd Q"
0.132432432432433,0.917495403939407,"Total correction","Odd M, odd Q"
0.134234234234234,0.917339014712798,"Total correction","Odd M, odd Q"
0.136036036036036,0.917182391263236,"Total correction","Odd M, odd Q"
0.137837837837838,0.917025530113516,"Total correction","Odd M, odd Q"
0.13963963963964,0.916868427769755,"Total correction","Odd M, odd Q"
0.141441441441441,0.916711080721119,"Total correction","Odd M, odd Q"
0.143243243243243,0.916553485439547,"Total correction","Odd M, odd Q"
0.145045045045045,0.916395638379463,"Total correction","Odd M, odd Q"
0.146846846846847,0.916237535977501,"Total correction","Odd M, odd Q"
0.148648648648649,0.916079174652214,"Total correction","Odd M, odd Q"
0.15045045045045,0.915920550803788,"Total correction","Odd M, odd Q"
0.152252252252252,0.915761660813745,"Total correction","Odd M, odd Q"
0.154054054054054,0.915602501044655,"Total correction","Odd M, odd Q"
0.155855855855856,0.915443067839836,"Total correction","Odd M, odd Q"
0.157657657657658,0.91528335752305,"Total correction","Odd M, odd Q"
0.159459459459459,0.915123366398207,"Total correction","Odd M, odd Q"
0.161261261261261,0.914963090749051,"Total correction","Odd M, odd Q"
0.163063063063063,0.914802526838855,"Total correction","Odd M, odd Q"
0.164864864864865,0.914641670910107,"Total correction","Odd M, odd Q"
0.166666666666667,0.914480519184193,"Total correction","Odd M, odd Q"
0.168468468468468,0.914319067861079,"Total correction","Odd M, odd Q"
0.17027027027027,0.914157313118986,"Total correction","Odd M, odd Q"
0.172072072072072,0.913995251114068,"Total correction","Odd M, odd Q"
0.173873873873874,0.913832877980076,"Total correction","Odd M, odd Q"
0.175675675675676,0.913670189828032,"Total correction","Odd M, odd Q"
0.177477477477478,0.913507182745887,"Total correction","Odd M, odd Q"
0.179279279279279,0.913343852798182,"Total correction","Odd M, odd Q"
0.181081081081081,0.913180196025704,"Total correction","Odd M, odd Q"
0.182882882882883,0.913016208445138,"Total correction","Odd M, odd Q"
0.184684684684685,0.912851886048714,"Total correction","Odd M, odd Q"
0.186486486486486,0.912687224803853,"Total correction","Odd M, odd Q"
0.188288288288288,0.912522220652805,"Total correction","Odd M, odd Q"
0.19009009009009,0.912356869512287,"Total correction","Odd M, odd Q"
0.191891891891892,0.912191167273114,"Total correction","Odd M, odd Q"
0.193693693693694,0.912025109799824,"Total correction","Odd M, odd Q"
0.195495495495495,0.911858692930307,"Total correction","Odd M, odd Q"
0.197297297297297,0.91169191247542,"Total correction","Odd M, odd Q"
0.199099099099099,0.9115247642186,"Total correction","Odd M, odd Q"
0.200900900900901,0.911357243915478,"Total correction","Odd M, odd Q"
0.202702702702703,0.911189347293483,"Total correction","Odd M, odd Q"
0.204504504504505,0.911021070051441,"Total correction","Odd M, odd Q"
0.206306306306306,0.910852407859171,"Total correction","Odd M, odd Q"
0.208108108108108,0.910683356357079,"Total correction","Odd M, odd Q"
0.20990990990991,0.91051391115574,"Total correction","Odd M, odd Q"
0.211711711711712,0.910344067835482,"Total correction","Odd M, odd Q"
0.213513513513513,0.910173821945959,"Total correction","Odd M, odd Q"
0.215315315315315,0.910003169005726,"Total correction","Odd M, odd Q"
0.217117117117117,0.909832104501799,"Total correction","Odd M, odd Q"
0.218918918918919,0.909660623889219,"Total correction","Odd M, odd Q"
0.220720720720721,0.909488722590604,"Total correction","Odd M, odd Q"
0.222522522522523,0.9093163959957,"Total correction","Odd M, odd Q"
0.224324324324324,0.909143639460922,"Total correction","Odd M, odd Q"
0.226126126126126,0.908970448308892,"Total correction","Odd M, odd Q"
0.227927927927928,0.908796817827972,"Total correction","Odd M, odd Q"
0.22972972972973,0.908622743271788,"Total correction","Odd M, odd Q"
0.231531531531531,0.908448219858748,"Total correction","Odd M, odd Q"
0.233333333333333,0.908273242771558,"Total correction","Odd M, odd Q"
0.235135135135135,0.908097807156728,"Total correction","Odd M, odd Q"
0.236936936936937,0.90792190812407,"Total correction","Odd M, odd Q"
0.238738738738739,0.907745540746197,"Total correction","Odd M, odd Q"
0.240540540540541,0.907568700058002,"Total correction","Odd M, odd Q"
0.242342342342342,0.90739138105615,"Total correction","Odd M, odd Q"
0.244144144144144,0.907213578698539,"Total correction","Odd M, odd Q"
0.245945945945946,0.907035287903776,"Total correction","Odd M, odd Q"
0.247747747747748,0.906856503550631,"Total correction","Odd M, odd Q"
0.24954954954955,0.906677220477491,"Total correction","Odd M, odd Q"
0.251351351351351,0.906497433481805,"Total correction","Odd M, odd Q"
0.253153153153153,0.906317137319522,"Total correction","Odd M, odd Q"
0.254954954954955,0.906136326704516,"Total correction","Odd M, odd Q"
0.256756756756757,0.905954996308014,"Total correction","Odd M, odd Q"
0.258558558558558,0.905773140758005,"Total correction","Odd M, odd Q"
0.26036036036036,0.905590754638647,"Total correction","Odd M, odd Q"
0.262162162162162,0.905407832489665,"Total correction","Odd M, odd Q"
0.263963963963964,0.905224368805742,"Total correction","Odd M, odd Q"
0.265765765765766,0.905040358035893,"Total correction","Odd M, odd Q"
0.267567567567568,0.904855794582843,"Total correction","Odd M, odd Q"
0.269369369369369,0.90467067280239,"Total correction","Odd M, odd Q"
0.271171171171171,0.904484987002754,"Total correction","Odd M, odd Q"
0.272972972972973,0.904298731443927,"Total correction","Odd M, odd Q"
0.274774774774775,0.904111900337005,"Total correction","Odd M, odd Q"
0.276576576576577,0.903924487843517,"Total correction","Odd M, odd Q"
0.278378378378378,0.903736488074739,"Total correction","Odd M, odd Q"
0.28018018018018,0.903547895091,"Total correction","Odd M, odd Q"
0.281981981981982,0.903358702900983,"Total correction","Odd M, odd Q"
0.283783783783784,0.903168905461005,"Total correction","Odd M, odd Q"
0.285585585585586,0.902978496674297,"Total correction","Odd M, odd Q"
0.287387387387387,0.90278747039027,"Total correction","Odd M, odd Q"
0.289189189189189,0.902595820403765,"Total correction","Odd M, odd Q"
0.290990990990991,0.902403540454303,"Total correction","Odd M, odd Q"
0.292792792792793,0.90221062422531,"Total correction","Odd M, odd Q"
0.294594594594595,0.902017065343344,"Total correction","Odd M, odd Q"
0.296396396396396,0.901822857377303,"Total correction","Odd M, odd Q"
0.298198198198198,0.901627993837619,"Total correction","Odd M, odd Q"
0.3,0.90143246817545,"Total correction","Odd M, odd Q"
0.301801801801802,0.901236273781847,"Total correction","Odd M, odd Q"
0.303603603603604,0.90103940398692,"Total correction","Odd M, odd Q"
0.305405405405406,0.900841852058982,"Total correction","Odd M, odd Q"
0.307207207207207,0.900643611203686,"Total correction","Odd M, odd Q"
0.309009009009009,0.900444674563149,"Total correction","Odd M, odd Q"
0.310810810810811,0.900245035215057,"Total correction","Odd M, odd Q"
0.312612612612613,0.900044686171762,"Total correction","Odd M, odd Q"
0.314414414414414,0.899843620379361,"Total correction","Odd M, odd Q"
0.316216216216216,0.899641830716768,"Total correction","Odd M, odd Q"
0.318018018018018,0.899439309994757,"Total correction","Odd M, odd Q"
0.31981981981982,0.899236050955009,"Total correction","Odd M, odd Q"
0.321621621621622,0.89903204626913,"Total correction","Odd M, odd Q"
0.323423423423423,0.898827288537656,"Total correction","Odd M, odd Q"
0.325225225225225,0.898621770289049,"Total correction","Odd M, odd Q"
0.327027027027027,0.89841548397867,"Total correction","Odd M, odd Q"
0.328828828828829,0.898208421987738,"Total correction","Odd M, odd Q"
0.330630630630631,0.898000576622274,"Total correction","Odd M, odd Q"
0.332432432432432,0.897791940112028,"Total correction","Odd M, odd Q"
0.334234234234234,0.897582504609386,"Total correction","Odd M, odd Q"
0.336036036036036,0.897372262188259,"Total correction","Odd M, odd Q"
0.337837837837838,0.897161204842963,"Total correction","Odd M, odd Q"
0.33963963963964,0.896949324487068,"Total correction","Odd M, odd Q"
0.341441441441441,0.896736612952236,"Total correction","Odd M, odd Q"
0.343243243243243,0.896523061987043,"Total correction","Odd M, odd Q"
0.345045045045045,0.896308663255771,"Total correction","Odd M, odd Q"
0.346846846846847,0.896093408337191,"Total correction","Odd M, odd Q"
0.348648648648649,0.895877288723323,"Total correction","Odd M, odd Q"
0.350450450450451,0.895660295818167,"Total correction","Odd M, odd Q"
0.352252252252252,0.89544242093643,"Total correction","Odd M, odd Q"
0.354054054054054,0.895223655302214,"Total correction","Odd M, odd Q"
0.355855855855856,0.895003990047697,"Total correction","Odd M, odd Q"
0.357657657657658,0.89478341621178,"Total correction","Odd M, odd Q"
0.359459459459459,0.89456192473872,"Total correction","Odd M, odd Q"
0.361261261261261,0.894339506476734,"Total correction","Odd M, odd Q"
0.363063063063063,0.894116152176586,"Total correction","Odd M, odd Q"
0.364864864864865,0.893891852490144,"Total correction","Odd M, odd Q"
0.366666666666667,0.893666597968913,"Total correction","Odd M, odd Q"
0.368468468468468,0.893440379062549,"Total correction","Odd M, odd Q"
0.37027027027027,0.893213186117339,"Total correction","Odd M, odd Q"
0.372072072072072,0.892985009374665,"Total correction","Odd M, odd Q"
0.373873873873874,0.89275583896943,"Total correction","Odd M, odd Q"
0.375675675675676,0.892525664928467,"Total correction","Odd M, odd Q"
0.377477477477478,0.892294477168914,"Total correction","Odd M, odd Q"
0.379279279279279,0.892062265496564,"Total correction","Odd M, odd Q"
0.381081081081081,0.891829019604188,"Total correction","Odd M, odd Q"
0.382882882882883,0.891594729069821,"Total correction","Odd M, odd Q"
0.384684684684685,0.891359383355028,"Total correction","Odd M, odd Q"
0.386486486486486,0.891122971803129,"Total correction","Odd M, odd Q"
0.388288288288288,0.890885483637408,"Total correction","Odd M, odd Q"
0.39009009009009,0.890646907959268,"Total correction","Odd M, odd Q"
0.391891891891892,0.890407233746376,"Total correction","Odd M, odd Q"
0.393693693693694,0.890166449850761,"Total correction","Odd M, odd Q"
0.395495495495496,0.889924544996882,"Total correction","Odd M, odd Q"
0.397297297297297,0.88968150777966,"Total correction","Odd M, odd Q"
0.399099099099099,0.889437326662479,"Total correction","Odd M, odd Q"
0.400900900900901,0.889191989975146,"Total correction","Odd M, odd Q"
0.402702702702703,0.888945485911816,"Total correction","Odd M, odd Q"
0.404504504504504,0.888697802528879,"Total correction","Odd M, odd Q"
0.406306306306306,0.888448927742809,"Total correction","Odd M, odd Q"
0.408108108108108,0.888198849327976,"Total correction","Odd M, odd Q"
0.40990990990991,0.88794755491441,"Total correction","Odd M, odd Q"
0.411711711711712,0.887695031985534,"Total correction","Odd M, odd Q"
0.413513513513514,0.88744126787585,"Total correction","Odd M, odd Q"
0.415315315315315,0.88718624976858,"Total correction","Odd M, odd Q"
0.417117117117117,0.886929964693269,"Total correction","Odd M, odd Q"
0.418918918918919,0.886672399523337,"Total correction","Odd M, odd Q"
0.420720720720721,0.886413540973593,"Total correction","Odd M, odd Q"
0.422522522522523,0.886153375597693,"Total correction","Odd M, odd Q"
0.424324324324324,0.885891889785559,"Total correction","Odd M, odd Q"
0.426126126126126,0.885629069760744,"Total correction","Odd M, odd Q"
0.427927927927928,0.885364901577749,"Total correction","Odd M, odd Q"
0.42972972972973,0.885099371119289,"Total correction","Odd M, odd Q"
0.431531531531531,0.884832464093504,"Total correction","Odd M, odd Q"
0.433333333333333,0.884564166031124,"Total correction","Odd M, odd Q"
0.435135135135135,0.884294462282572,"Total correction","Odd M, odd Q"
0.436936936936937,0.884023338015015,"Total correction","Odd M, odd Q"
0.438738738738739,0.883750778209358,"Total correction","Odd M, odd Q"
0.440540540540541,0.88347676765718,"Total correction","Odd M, odd Q"
0.442342342342342,0.883201290957608,"Total correction","Odd M, odd Q"
0.444144144144144,0.882924332514132,"Total correction","Odd M, odd Q"
0.445945945945946,0.882645876531364,"Total correction","Odd M, odd Q"
0.447747747747748,0.882365907011717,"Total correction","Odd M, odd Q"
0.44954954954955,0.882084407752038,"Total correction","Odd M, odd Q"
0.451351351351351,0.881801362340162,"Total correction","Odd M, odd Q"
0.453153153153153,0.881516754151401,"Total correction","Odd M, odd Q"
0.454954954954955,0.881230566344967,"Total correction","Odd M, odd Q"
0.456756756756757,0.880942781860317,"Total correction","Odd M, odd Q"
0.458558558558559,0.880653383413432,"Total correction","Odd M, odd Q"
0.46036036036036,0.880362353493017,"Total correction","Odd M, odd Q"
0.462162162162162,0.880069674356625,"Total correction","Odd M, odd Q"
0.463963963963964,0.879775328026706,"Total correction","Odd M, odd Q"
0.465765765765766,0.879479296286571,"Total correction","Odd M, odd Q"
0.467567567567568,0.879181560676281,"Total correction","Odd M, odd Q"
0.469369369369369,0.878882102488444,"Total correction","Odd M, odd Q"
0.471171171171171,0.878580902763935,"Total correction","Odd M, odd Q"
0.472972972972973,0.878277942287521,"Total correction","Odd M, odd Q"
0.474774774774775,0.877973201583401,"Total correction","Odd M, odd Q"
0.476576576576576,0.877666660910651,"Total correction","Odd M, odd Q"
0.478378378378378,0.877358300258577,"Total correction","Odd M, odd Q"
0.48018018018018,0.877048099341972,"Total correction","Odd M, odd Q"
0.481981981981982,0.87673603759627,"Total correction","Odd M, odd Q"
0.483783783783784,0.876422094172608,"Total correction","Odd M, odd Q"
0.485585585585586,0.876106247932772,"Total correction","Odd M, odd Q"
0.487387387387387,0.875788477444049,"Total correction","Odd M, odd Q"
0.489189189189189,0.875468760973963,"Total correction","Odd M, odd Q"
0.490990990990991,0.875147076484906,"Total correction","Odd M, odd Q"
0.492792792792793,0.874823401628646,"Total correction","Odd M, odd Q"
0.494594594594595,0.874497713740728,"Total correction","Odd M, odd Q"
0.496396396396396,0.874169989834752,"Total correction","Odd M, odd Q"
0.498198198198198,0.873840206596527,"Total correction","Odd M, odd Q"
0.5,0.873508340378101,"Total correction","Odd M, odd Q"
0.501801801801802,0.873174367191664,"Total correction","Odd M, odd Q"
0.503603603603604,0.872838262703317,"Total correction","Odd M, odd Q"
0.505405405405405,0.87250000222671,"Total correction","Odd M, odd Q"
0.507207207207207,0.872159560716537,"Total correction","Odd M, odd Q"
0.509009009009009,0.87181691276189,"Total correction","Odd M, odd Q"
0.510810810810811,0.871472032579479,"Total correction","Odd M, odd Q"
0.512612612612613,0.871124894006683,"Total correction","Odd M, odd Q"
0.514414414414414,0.870775470494468,"Total correction","Odd M, odd Q"
0.516216216216216,0.870423735100139,"Total correction","Odd M, odd Q"
0.518018018018018,0.870069660479931,"Total correction","Odd M, odd Q"
0.51981981981982,0.869713218881445,"Total correction","Odd M, odd Q"
0.521621621621622,0.869354382135903,"Total correction","Odd M, odd Q"
0.523423423423424,0.868993121650245,"Total correction","Odd M, odd Q"
0.525225225225225,0.868629408399035,"Total correction","Odd M, odd Q"
0.527027027027027,0.868263212916196,"Total correction","Odd M, odd Q"
0.528828828828829,0.867894505286556,"Total correction","Odd M, odd Q"
0.530630630630631,0.867523255137203,"Total correction","Odd M, odd Q"
0.532432432432432,0.867149431628644,"Total correction","Odd M, odd Q"
0.534234234234234,0.866773003445766,"Total correction","Odd M, odd Q"
0.536036036036036,0.86639393878859,"Total correction","Odd M, odd Q"
0.537837837837838,0.866012205362816,"Total correction","Odd M, odd Q"
0.53963963963964,0.865627770370148,"Total correction","Odd M, odd Q"
0.541441441441441,0.8652406004984,"Total correction","Odd M, odd Q"
0.543243243243243,0.864850661911381,"Total correction","Odd M, odd Q"
0.545045045045045,0.86445792023853,"Total correction","Odd M, odd Q"
0.546846846846847,0.864062340564331,"Total correction","Odd M, odd Q"
0.548648648648649,0.86366388741747,"Total correction","Odd M, odd Q"
0.55045045045045,0.863262524759746,"Total correction","Odd M, odd Q"
0.552252252252252,0.86285821597472,"Total correction","Odd M, odd Q"
0.554054054054054,0.862450923856104,"Total correction","Odd M, odd Q"
0.555855855855856,0.862040610595869,"Total correction","Odd M, odd Q"
0.557657657657658,0.86162723777209,"Total correction","Odd M, odd Q"
0.559459459459459,0.861210766336484,"Total correction","Odd M, odd Q"
0.561261261261261,0.86079115660167,"Total correction","Odd M, odd Q"
0.563063063063063,0.860368368228127,"Total correction","Odd M, odd Q"
0.564864864864865,0.859942360210829,"Total correction","Odd M, odd Q"
0.566666666666667,0.859513090865577,"Total correction","Odd M, odd Q"
0.568468468468469,0.859080517815,"Total correction","Odd M, odd Q"
0.57027027027027,0.858644597974219,"Total correction","Odd M, odd Q"
0.572072072072072,0.858205287536169,"Total correction","Odd M, odd Q"
0.573873873873874,0.857762541956573,"Total correction","Odd M, odd Q"
0.575675675675676,0.857316315938545,"Total correction","Odd M, odd Q"
0.577477477477477,0.856866563416834,"Total correction","Odd M, odd Q"
0.579279279279279,0.856413237541673,"Total correction","Odd M, odd Q"
0.581081081081081,0.855956290662247,"Total correction","Odd M, odd Q"
0.582882882882883,0.855495674309752,"Total correction","Odd M, odd Q"
0.584684684684685,0.85503133918005,"Total correction","Odd M, odd Q"
0.586486486486486,0.85456323511589,"Total correction","Odd M, odd Q"
0.588288288288288,0.854091311088701,"Total correction","Odd M, odd Q"
0.59009009009009,0.853615515179936,"Total correction","Odd M, odd Q"
0.591891891891892,0.853135794561958,"Total correction","Odd M, odd Q"
0.593693693693694,0.852652095478451,"Total correction","Odd M, odd Q"
0.595495495495496,0.852164363224356,"Total correction","Odd M, odd Q"
0.597297297297297,0.851672542125302,"Total correction","Odd M, odd Q"
0.599099099099099,0.851176575516528,"Total correction","Odd M, odd Q"
0.600900900900901,0.850676405721285,"Total correction","Odd M, odd Q"
0.602702702702703,0.850171974028698,"Total correction","Odd M, odd Q"
0.604504504504504,0.84966322067107,"Total correction","Odd M, odd Q"
0.606306306306306,0.84915008480063,"Total correction","Odd M, odd Q"
0.608108108108108,0.848632504465684,"Total correction","Odd M, odd Q"
0.60990990990991,0.848110416586176,"Total correction","Odd M, odd Q"
0.611711711711712,0.847583756928632,"Total correction","Odd M, odd Q"
0.613513513513514,0.847052460080469,"Total correction","Odd M, odd Q"
0.615315315315315,0.846516459423659,"Total correction","Odd M, odd Q"
0.617117117117117,0.845975687107719,"Total correction","Odd M, odd Q"
0.618918918918919,0.845430074022024,"Total correction","Odd M, odd Q"
0.620720720720721,0.844879549767409,"Total correction","Odd M, odd Q"
0.622522522522522,0.844324042627052,"Total correction","Odd M, odd Q"
0.624324324324324,0.843763479536609,"Total correction","Odd M, odd Q"
0.626126126126126,0.843197786053591,"Total correction","Odd M, odd Q"
0.627927927927928,0.842626886325951,"Total correction","Odd M, odd Q"
0.62972972972973,0.842050703059866,"Total correction","Odd M, odd Q"
0.631531531531532,0.841469157486694,"Total correction","Odd M, odd Q"
0.633333333333333,0.840882169329076,"Total correction","Odd M, odd Q"
0.635135135135135,0.84028965676616,"Total correction","Odd M, odd Q"
0.636936936936937,0.839691536397935,"Total correction","Odd M, odd Q"
0.638738738738739,0.839087723208632,"Total correction","Odd M, odd Q"
0.640540540540541,0.838478130529183,"Total correction","Odd M, odd Q"
0.642342342342342,0.837862669998694,"Total correction","Odd M, odd Q"
0.644144144144144,0.837241251524929,"Total correction","Odd M, odd Q"
0.645945945945946,0.836613783243751,"Total correction","Odd M, odd Q"
0.647747747747748,0.83598017147751,"Total correction","Odd M, odd Q"
0.649549549549549,0.83534032069234,"Total correction","Odd M, odd Q"
0.651351351351351,0.834694133454341,"Total correction","Odd M, odd Q"
0.653153153153153,0.834041510384604,"Total correction","Odd M, odd Q"
0.654954954954955,0.83338235011306,"Total correction","Odd M, odd Q"
0.656756756756757,0.832716549231112,"Total correction","Odd M, odd Q"
0.658558558558559,0.832044002243014,"Total correction","Odd M, odd Q"
0.66036036036036,0.831364601515976,"Total correction","Odd M, odd Q"
0.662162162162162,0.830678237228939,"Total correction","Odd M, odd Q"
0.663963963963964,0.829984797319997,"Total correction","Odd M, odd Q"
0.665765765765766,0.829284167432432,"Total correction","Odd M, odd Q"
0.667567567567568,0.828576230859301,"Total correction","Odd M, odd Q"
0.669369369369369,0.827860868486562,"Total correction","Odd M, odd Q"
0.671171171171171,0.827137958734681,"Total correction","Odd M, odd Q"
0.672972972972973,0.826407377498679,"Total correction","Odd M, odd Q"
0.674774774774775,0.825668998086586,"Total correction","Odd M, odd Q"
0.676576576576577,0.824922691156237,"Total correction","Odd M, odd Q"
0.678378378378378,0.824168324650387,"Total correction","Odd M, odd Q"
0.68018018018018,0.823405763730086,"Total correction","Odd M, odd Q"
0.681981981981982,0.822634870706255,"Total correction","Odd M, odd Q"
0.683783783783784,0.821855504969436,"Total correction","Odd M, odd Q"
0.685585585585586,0.821067522917646,"Total correction","Odd M, odd Q"
0.687387387387387,0.820270777882288,"Total correction","Odd M, odd Q"
0.689189189189189,0.819465120052062,"Total correction","Odd M, odd Q"
0.690990990990991,0.818650396394828,"Total correction","Odd M, odd Q"
0.692792792792793,0.81782645057735,"Total correction","Odd M, odd Q"
0.694594594594594,0.816993122882874,"Total correction","Odd M, odd Q"
0.696396396396396,0.816150250126467,"Total correction","Odd M, odd Q"
0.698198198198198,0.815297665568066,"Total correction","Odd M, odd Q"
0.7,0.814435198823165,"Total correction","Odd M, odd Q"
0.701801801801802,0.813562675771075,"Total correction","Odd M, odd Q"
0.703603603603604,0.812679918460687,"Total correction","Odd M, odd Q"
0.705405405405405,0.81178674501367,"Total correction","Odd M, odd Q"
0.707207207207207,0.810882969525034,"Total correction","Odd M, odd Q"
0.709009009009009,0.809968401960978,"Total correction","Odd M, odd Q"
0.710810810810811,0.809042848053946,"Total correction","Odd M, odd Q"
0.712612612612613,0.808106109194825,"Total correction","Odd M, odd Q"
0.714414414414414,0.80715798232218,"Total correction","Odd M, odd Q"
0.716216216216216,0.806198259808472,"Total correction","Odd M, odd Q"
0.718018018018018,0.805226729343149,"Total correction","Odd M, odd Q"
0.71981981981982,0.804243173812536,"Total correction","Odd M, odd Q"
0.721621621621622,0.803247371176431,"Total correction","Odd M, odd Q"
0.723423423423423,0.802239094341304,"Total correction","Odd M, odd Q"
0.725225225225225,0.801218111030025,"Total correction","Odd M, odd Q"
0.727027027027027,0.800184183648002,"Total correction","Odd M, odd Q"
0.728828828828829,0.799137069145632,"Total correction","Odd M, odd Q"
0.730630630630631,0.798076518876978,"Total correction","Odd M, odd Q"
0.732432432432432,0.797002278454544,"Total correction","Odd M, odd Q"
0.734234234234234,0.795914087600044,"Total correction","Odd M, odd Q"
0.736036036036036,0.794811679991067,"Total correction","Odd M, odd Q"
0.737837837837838,0.793694783103501,"Total correction","Odd M, odd Q"
0.73963963963964,0.792563118049615,"Total correction","Odd M, odd Q"
0.741441441441442,0.791416399411661,"Total correction","Odd M, odd Q"
0.743243243243243,0.790254335070888,"Total correction","Odd M, odd Q"
0.745045045045045,0.789076626031824,"Total correction","Odd M, odd Q"
0.746846846846847,0.787882966241704,"Total correction","Odd M, odd Q"
0.748648648648649,0.786673042404904,"Total correction","Odd M, odd Q"
0.75045045045045,0.785446533792237,"Total correction","Odd M, odd Q"
0.752252252252252,0.784203112044985,"Total correction","Odd M, odd Q"
0.754054054054054,0.782942440973492,"Total correction","Odd M, odd Q"
0.755855855855856,0.781664176350201,"Total correction","Odd M, odd Q"
0.757657657657658,0.780367965696951,"Total correction","Odd M, odd Q"
0.759459459459459,0.779053448066391,"Total correction","Odd M, odd Q"
0.761261261261261,0.777720253817348,"Total correction","Odd M, odd Q"
0.763063063063063,0.776368004383974,"Total correction","Odd M, odd Q"
0.764864864864865,0.774996312038515,"Total correction","Odd M, odd Q"
0.766666666666667,0.773604779647504,"Total correction","Odd M, odd Q"
0.768468468468469,0.772193000421227,"Total correction","Odd M, odd Q"
0.77027027027027,0.770760557656255,"Total correction","Odd M, odd Q"
0.772072072072072,0.769307024470863,"Total correction","Odd M, odd Q"
0.773873873873874,0.767831963533144,"Total correction","Odd M, odd Q"
0.775675675675676,0.766334926781617,"Total correction","Odd M, odd Q"
0.777477477477477,0.764815455138125,"Total correction","Odd M, odd Q"
0.779279279279279,0.763273078212831,"Total correction","Odd M, odd Q"
0.781081081081081,0.761707314001069,"Total correction","Odd M, odd Q"
0.782882882882883,0.760117668571872,"Total correction","Odd M, odd Q"
0.784684684684685,0.758503635747931,"Total correction","Odd M, odd Q"
0.786486486486487,0.756864696776762,"Total correction","Odd M, odd Q"
0.788288288288288,0.755200319992856,"Total correction","Odd M, odd Q"
0.79009009009009,0.753509960470582,"Total correction","Odd M, odd Q"
0.791891891891892,0.751793059667588,"Total correction","Odd M, odd Q"
0.793693693693694,0.750049045058467,"Total correction","Odd M, odd Q"
0.795495495495495,0.748277329758437,"Total correction","Odd M, odd Q"
0.797297297297297,0.746477312136776,"Total correction","Odd M, odd Q"
0.799099099099099,0.744648375419763,"Total correction","Odd M, odd Q"
0.800900900900901,0.74278988728285,"Total correction","Odd M, odd Q"
0.802702702702703,0.740901199431814,"Total correction","Odd M, odd Q"
0.804504504504505,0.738981647172601,"Total correction","Odd M, odd Q"
0.806306306306306,0.7370305489696,"Total correction","Odd M, odd Q"
0.808108108108108,0.735047205992058,"Total correction","Odd M, odd Q"
0.80990990990991,0.733030901648365,"Total correction","Odd M, odd Q"
0.811711711711712,0.730980901107913,"Total correction","Odd M, odd Q"
0.813513513513514,0.728896450810245,"Total correction","Odd M, odd Q"
0.815315315315315,0.726776777961196,"Total correction","Odd M, odd Q"
0.817117117117117,0.724621090015746,"Total correction","Odd M, odd Q"
0.818918918918919,0.722428574147267,"Total correction","Odd M, odd Q"
0.820720720720721,0.720198396702885,"Total correction","Odd M, odd Q"
0.822522522522522,0.717929702644645,"Total correction","Odd M, odd Q"
0.824324324324324,0.715621614976179,"Total correction","Odd M, odd Q"
0.826126126126126,0.713273234154585,"Total correction","Odd M, odd Q"
0.827927927927928,0.710883637487196,"Total correction","Odd M, odd Q"
0.82972972972973,0.708451878512961,"Total correction","Odd M, odd Q"
0.831531531531532,0.705976986368114,"Total correction","Odd M, odd Q"
0.833333333333333,0.703457965135851,"Total correction","Odd M, odd Q"
0.835135135135135,0.700893793179706,"Total correction","Odd M, odd Q"
0.836936936936937,0.69828342246034,"Total correction","Odd M, odd Q"
0.838738738738739,0.695625777835444,"Total correction","Odd M, odd Q"
0.840540540540541,0.69291975634248,"Total correction","Odd M, odd Q"
0.842342342342342,0.690164226463974,"Total correction","Odd M, odd Q"
0.844144144144144,0.68735802737508,"Total correction","Odd M, odd Q"
0.845945945945946,0.684499968173163,"Total correction","Odd M, odd Q"
0.847747747747748,0.68158882708912,"Total correction","Odd M, odd Q"
0.84954954954955,0.678623350680204,"Total correction","Odd M, odd Q"
0.851351351351351,0.675602253004097,"Total correction","Odd M, odd Q"
0.853153153153153,0.672524214774004,"Total correction","Odd M, odd Q"
0.854954954954955,0.669387882494547,"Total correction","Odd M, odd Q"
0.856756756756757,0.66619186757824,"Total correction","Odd M, odd Q"
0.858558558558559,0.662934745442364,"Total correction","Odd M, odd Q"
0.86036036036036,0.659615054586039,"Total correction","Odd M, odd Q"
0.862162162162162,0.656231295647342,"Total correction","Odd M, odd Q"
0.863963963963964,0.652781930440303,"Total correction","Odd M, odd Q"
0.865765765765766,0.649265380971649,"Total correction","Odd M, odd Q"
0.867567567567567,0.645680028437164,"Total correction","Odd M, odd Q"
0.869369369369369,0.642024212197579,"Total correction","Odd M, odd Q"
0.871171171171171,0.638296228733881,"Total correction","Odd M, odd Q"
0.872972972972973,0.634494330581991,"Total correction","Odd M, odd Q"
0.874774774774775,0.630616725246745,"Total correction","Odd M, odd Q"
0.876576576576577,0.626661574095159,"Total correction","Odd M, odd Q"
0.878378378378378,0.622626991228951,"Total correction","Odd M, odd Q"
0.88018018018018,0.618511042336336,"Total correction","Odd M, odd Q"
0.881981981981982,0.614311743523095,"Total correction","Odd M, odd Q"
0.883783783783784,0.610027060122991,"Total correction","Odd M, odd Q"
0.885585585585586,0.60565490548756,"Total correction","Odd M, odd Q"
0.887387387387387,0.601193139755359,"Total correction","Odd M, odd Q"
0.889189189189189,0.596639568600778,"Total correction","Odd M, odd Q"
0.890990990990991,0.591991941962496,"Total correction","Odd M, odd Q"
0.892792792792793,0.58724795275173,"Total correction","Odd M, odd Q"
0.894594594594595,0.582405235540397,"Total correction","Odd M, odd Q"
0.896396396396396,0.577461365229347,"Total correction","Odd M, odd Q"
0.898198198198198,0.572413855696839,"Total correction","Odd M, odd Q"
0.9,0.567260158427434,"Total correction","Odd M, odd Q"
